/**
 * generated by fontconvert.py
 * name: jetbrainsmono_13_regular
 * size: 13
 * mode: 1-bit
 * Command used: fontconvert.py jetbrainsmono_13_regular 13 ../builtinFonts/source/JetBrainsMono/JetBrainsMono-Regular.ttf
 */
#pragma once
#include "EpdFontData.h"

static const uint8_t jetbrainsmono_13_regularBitmaps[20854] = {
    0xF7, 0xBD, 0xEF, 0x7B, 0xDE, 0xF3, 0x9C, 0xE7, 0x38, 0x00, 0x07, 0xBD, 0xE0, 0xF3, 0xDC, 0xF7,
    0x3D, 0xCF, 0x73, 0xDC, 0xF7, 0x3D, 0xCF, 0x07, 0x0C, 0x07, 0x1C, 0x07, 0x1C, 0x06, 0x1C, 0x06,
    0x1C, 0x3F, 0xFE, 0x3F, 0xFF, 0x3F, 0xFF, 0x0E, 0x38, 0x0E, 0x38, 0x0C, 0x38, 0x1C, 0x30, 0x1C,
    0x30, 0x7F, 0xFE, 0x7F, 0xFE, 0x7F, 0xFC, 0x18, 0x60, 0x38, 0x60, 0x38, 0xE0, 0x38, 0xE0, 0x03,
    0x00, 0x0C, 0x00, 0x30, 0x01, 0xF0, 0x1F, 0xF0, 0xFF, 0xC3, 0xB7, 0x9C, 0xCE, 0x73, 0x39, 0xCC,
    0x07, 0xB0, 0x0F, 0xC0, 0x1F, 0xC0, 0x3F, 0x80, 0x3F, 0x00, 0xDE, 0x03, 0x38, 0x0C, 0xF7, 0x33,
    0xDC, 0xCE, 0x7B, 0x78, 0xFF, 0xC1, 0xFE, 0x01, 0xF0, 0x03, 0x00, 0x0C, 0x00, 0x30, 0x00, 0x3E,
    0x07, 0x7F, 0x0E, 0xFF, 0x0E, 0xE7, 0x1C, 0xE3, 0x38, 0xE7, 0x38, 0xF7, 0x70, 0xFF, 0xE0, 0x7E,
    0xE0, 0x01, 0xC0, 0x03, 0x80, 0x03, 0xFE, 0x07, 0xFF, 0x0E, 0xFF, 0x0E, 0xE7, 0x1C, 0xE7, 0x38,
    0xE7, 0x30, 0xFF, 0x70, 0xFF, 0xE0, 0x7E, 0x07, 0xE0, 0x07, 0xF8, 0x07, 0xFC, 0x03, 0x8F, 0x01,
    0xC3, 0x80, 0xE1, 0xC0, 0x78, 0x00, 0x1C, 0x00, 0x0F, 0x00, 0x1F, 0xC0, 0x1F, 0xF1, 0xEF, 0xF9,
    0xEF, 0x1E, 0xE7, 0x07, 0xE3, 0x81, 0xF1, 0xC0, 0xF0, 0xF0, 0xFC, 0x3F, 0xF7, 0x1F, 0xF3, 0xC3,
    0xF0, 0xF0, 0xFF, 0xFF, 0xFF, 0x77, 0x03, 0x07, 0x87, 0xC7, 0xC7, 0x83, 0x83, 0xC1, 0xC0, 0xE0,
    0x70, 0x38, 0x1C, 0x0E, 0x07, 0x03, 0x81, 0xC0, 0xE0, 0x70, 0x38, 0x1E, 0x07, 0x03, 0xC0, 0xF0,
    0x7E, 0x0F, 0x03, 0x80, 0x00, 0xC0, 0x78, 0x3E, 0x0F, 0x81, 0xE0, 0x70, 0x3C, 0x0E, 0x07, 0x03,
    0x81, 0xE0, 0xF0, 0x78, 0x3C, 0x1E, 0x0F, 0x07, 0x83, 0x81, 0xC0, 0xE0, 0xF0, 0xF0, 0xF9, 0xF8,
    0xF8, 0x70, 0x00, 0x00, 0x01, 0xC0, 0x01, 0xC0, 0x01, 0xC0, 0x01, 0xC0, 0x79, 0xDE, 0x7F, 0xFE,
    0x3F, 0xFC, 0x0F, 0xF0, 0x07, 0xE0, 0x07, 0xF0, 0x0E, 0x70, 0x1E, 0x78, 0x1C, 0x38, 0x08, 0x18,
    0x03, 0x80, 0x0E, 0x00, 0x38, 0x00, 0xE0, 0x03, 0x81, 0xFF, 0xEF, 0xFF, 0xFF, 0xFF, 0x03, 0x80,
    0x0E, 0x00, 0x38, 0x00, 0xE0, 0x03, 0x80, 0x39, 0xE7, 0x9E, 0x71, 0xC7, 0x3C, 0x7F, 0xBF, 0xFF,
    0xFC, 0x79, 0xF7, 0xDE, 0x00, 0x70, 0x03, 0x80, 0x3C, 0x01, 0xC0, 0x0E, 0x00, 0xE0, 0x07, 0x00,
    0x78, 0x03, 0x80, 0x1C, 0x01, 0xE0, 0x0E, 0x00, 0xF0, 0x07, 0x00, 0x38, 0x03, 0xC0, 0x1C, 0x00,
    0xE0, 0x0E, 0x00, 0x70, 0x07, 0x80, 0x38, 0x01, 0xC0, 0x1E, 0x00, 0xE0, 0x00, 0x1F, 0xC3, 0xFF,
    0x1F, 0xFD, 0xE1, 0xEE, 0x07, 0x70, 0x3B, 0x81, 0xDC, 0x0E, 0xEF, 0x77, 0x7B, 0xBB, 0xDD, 0xC0,
    0xEE, 0x07, 0x70, 0x3B, 0x81, 0xDC, 0x0E, 0xF0, 0xF3, 0xFF, 0x9F, 0xF8, 0x3F, 0x80, 0x0F, 0x81,
    0xFC, 0x1F, 0xE1, 0xFF, 0x0E, 0x78, 0x63, 0xC0, 0x1E, 0x00, 0xF0, 0x07, 0x80, 0x3C, 0x01, 0xE0,
    0x0F, 0x00, 0x78, 0x03, 0xC0, 0x1E, 0x00, 0xF0, 0x07, 0x83, 0xFF, 0xBF, 0xFF, 0xFF, 0xF0, 0x1F,
    0xC3, 0xFF, 0x1F, 0xFD, 0xE1, 0xEE, 0x07, 0x70, 0x38, 0x01, 0xC0, 0x0E, 0x00, 0xF0, 0x0F, 0x00,
    0x78, 0x07, 0x80, 0x78, 0x07, 0x80, 0x78, 0x07, 0x80, 0x78, 0x07, 0xFF, 0xBF, 0xFF, 0xFF, 0xF0,
    0x7F, 0xFB, 0xFF, 0xCF, 0xFE, 0x01, 0xE0, 0x1E, 0x01, 0xE0, 0x1E, 0x01, 0xF8, 0x0F, 0xE0, 0x7F,
    0x80, 0x1E, 0x00, 0x70, 0x03, 0x80, 0x1D, 0xC0, 0xEE, 0x07, 0x70, 0x7B, 0xFF, 0x8F, 0xFC, 0x3F,
    0x80, 0x01, 0xE0, 0x0E, 0x00, 0xF0, 0x07, 0x00, 0x78, 0x07, 0x80, 0x38, 0x03, 0xC0, 0x1C, 0x01,
    0xE3, 0xDE, 0x1E, 0xE0, 0xF7, 0x07, 0xBF, 0xFD, 0xFF, 0xEF, 0xFF, 0x00, 0x78, 0x03, 0xC0, 0x1E,
    0x00, 0xF0, 0xFF, 0xFF, 0xFF, 0xFF, 0xEE, 0x00, 0xE0, 0x0E, 0x00, 0xE0, 0x0F, 0xE0, 0xFF, 0xCF,
    0xFE, 0x01, 0xF0, 0x07, 0x00, 0x70, 0x07, 0xE0, 0x7E, 0x07, 0xF0, 0xFF, 0xFF, 0x7F, 0xE3, 0xFC,
    0x03, 0xC0, 0x0E, 0x00, 0x78, 0x01, 0xC0, 0x0F, 0x00, 0x38, 0x01, 0xE0, 0x07, 0x00, 0x3F, 0xE1,
    0xFF, 0xC7, 0xC7, 0x9C, 0x0E, 0xF0, 0x3F, 0xC0, 0x7F, 0x01, 0xDC, 0x0F, 0x78, 0x39, 0xFF, 0xE3,
    0xFF, 0x03, 0xF8, 0xFF, 0xFF, 0xFF, 0xFF, 0xFF, 0xC0, 0xFE, 0x07, 0x70, 0x78, 0x03, 0x80, 0x1C,
    0x01, 0xE0, 0x0E, 0x00, 0xF0, 0x07, 0x00, 0x38, 0x03, 0xC0, 0x1C, 0x00, 0xE0, 0x0F, 0x00, 0x70,
    0x07, 0x80, 0x38, 0x00, 0x0F, 0xC0, 0xFF, 0xC3, 0xFF, 0x1E, 0x1E, 0x70, 0x39, 0xC0, 0xE7, 0x03,
    0x9E, 0x1E, 0x3F, 0xF0, 0x7F, 0x83, 0xFF, 0x1F, 0x3E, 0x70, 0x39, 0xC0, 0xFF, 0x01, 0xDC, 0x0F,
    0x70, 0x39, 0xFF, 0xE3, 0xFF, 0x07, 0xF8, 0x0F, 0xE0, 0xFF, 0xC3, 0xFF, 0x9E, 0x0E, 0x70, 0x3F,
    0xC0, 0x7F, 0x01, 0xFC, 0x07, 0x70, 0x39, 0xC0, 0xE7, 0xCF, 0x8F, 0xFC, 0x1F, 0xF0, 0x0B, 0x80,
    0x1E, 0x00, 0x70, 0x03, 0x80, 0x1E, 0x00, 0x70, 0x03, 0xC0, 0x79, 0xF7, 0xDE, 0x00, 0x00, 0x00,
    0x00, 0x00, 0x1E, 0x7D, 0xF7, 0x80, 0x79, 0xF7, 0xDE, 0x00, 0x00, 0x00, 0x00, 0x00, 0x0E, 0x79,
    0xE7, 0x1C, 0x73, 0xCF, 0x00, 0x00, 0x00, 0x03, 0x00, 0xF0, 0x3F, 0x0F, 0xC3, 0xF0, 0xFC, 0x0F,
    0x00, 0xF0, 0x0F, 0xC0, 0x3F, 0x00, 0xFC, 0x03, 0xF0, 0x0F, 0x00, 0x30, 0x00, 0xFF, 0xFF, 0xFF,
    0x7F, 0xF0, 0x00, 0x00, 0x00, 0x00, 0x7F, 0xFF, 0xFF, 0xFF, 0xF0, 0x00, 0x0C, 0x00, 0xF0, 0x0F,
    0xC0, 0x3F, 0x00, 0xFC, 0x03, 0xF0, 0x0F, 0x00, 0xF0, 0x3F, 0x0F, 0xE3, 0xF8, 0xFE, 0x0F, 0x80,
    0xE0, 0x00, 0x00, 0xFE, 0x1F, 0xF1, 0xFE, 0x01, 0xE0, 0x1C, 0x03, 0x80, 0x70, 0x0E, 0x03, 0xC3,
    0xF8, 0xFE, 0x1F, 0x83, 0x80, 0x70, 0x0E, 0x00, 0x00, 0x00, 0x07, 0x81, 0xF0, 0x1E, 0x00, 0x0F,
    0xE0, 0x7F, 0xE1, 0xFF, 0xE3, 0x81, 0xEF, 0x01, 0xDC, 0x03, 0xB8, 0x03, 0x70, 0xF7, 0xE3, 0xFF,
    0xCF, 0xFF, 0x9C, 0x7F, 0x38, 0x7E, 0x70, 0xFC, 0xE1, 0xF9, 0xC3, 0x73, 0x8E, 0xE7, 0xFD, 0xC7,
    0xFB, 0x87, 0xE7, 0x00, 0x0F, 0x00, 0x0F, 0x00, 0x0F, 0xF0, 0x1F, 0xF0, 0x0F, 0xE0, 0x07, 0x80,
    0x1F, 0x00, 0xFC, 0x03, 0xF0, 0x0F, 0xC0, 0x3F, 0x81, 0xEE, 0x07, 0x38, 0x1C, 0xE0, 0x73, 0xC3,
    0xC7, 0x0E, 0x1C, 0x38, 0x70, 0xFF, 0xE7, 0xFF, 0x9C, 0x0E, 0x70, 0x39, 0xC0, 0xFF, 0x01, 0xF8,
    0x07, 0xFF, 0xC7, 0xFF, 0x3F, 0xFD, 0xC1, 0xEE, 0x07, 0x70, 0x3B, 0x81, 0xDC, 0x1E, 0xFF, 0xE7,
    0xFE, 0x3F, 0xF9, 0xC3, 0xEE, 0x07, 0x70, 0x3F, 0x81, 0xFC, 0x0F, 0xE0, 0x77, 0xFF, 0xBF, 0xF9,
    0xFF, 0x80, 0x1F, 0xC1, 0xFF, 0x1F, 0xFD, 0xE0, 0xEE, 0x07, 0x70, 0x3B, 0x80, 0x1C, 0x00, 0xE0,
    0x07, 0x00, 0x38, 0x01, 0xC0, 0x0E, 0x00, 0x70, 0x03, 0x81, 0xDC, 0x0E, 0xF0, 0x73, 0xFF, 0x8F,
    0xF8, 0x3F, 0x80, 0xFF, 0x8F, 0xFC, 0xFF, 0xEE, 0x0F, 0xE0, 0x7E, 0x07, 0xE0, 0x7E, 0x07, 0xE0,
    0x7E, 0x07, 0xE0, 0x7E, 0x07, 0xE0, 0x7E, 0x07, 0xE0, 0x7E, 0x07, 0xE0, 0xFF, 0xFE, 0xFF, 0xCF,
    0xF8, 0xFF, 0xF7, 0xFF, 0xBF, 0xFD, 0xC0, 0x0E, 0x00, 0x70, 0x03, 0x80, 0x1C, 0x00, 0xFF, 0xE7,
    0xFF, 0x3F, 0xF9, 0xC0, 0x0E, 0x00, 0x70, 0x03, 0x80, 0x1C, 0x00, 0xE0, 0x07, 0xFF, 0xBF, 0xFD,
    0xFF, 0xE0, 0xFF, 0xFF, 0xFF, 0xFF, 0xFD, 0xC0, 0x0E, 0x00, 0x70, 0x03, 0x80, 0x1C, 0x00, 0xE0,
    0x07, 0xFF, 0xBF, 0xFD, 0xFF, 0xCE, 0x00, 0x70, 0x03, 0x80, 0x1C, 0x00, 0xE0, 0x07, 0x00, 0x38,
    0x01, 0xC0, 0x00, 0x1F, 0xC7, 0xFE, 0x7F, 0xFF, 0x0F, 0xE0, 0x7E, 0x07, 0xE0, 0x0E, 0x00, 0xE0,
    0x0E, 0x3F, 0xE7, 0xFE, 0x7F, 0xE0, 0x7E, 0x07, 0xE0, 0x7E, 0x07, 0xF0, 0x77, 0xFF, 0x7F, 0xE1,
    0xFC, 0xE0, 0x7E, 0x07, 0xE0, 0x7E, 0x07, 0xE0, 0x7E, 0x07, 0xE0, 0x7E, 0x07, 0xFF, 0xFF, 0xFF,
    0xFF, 0xFE, 0x07, 0xE0, 0x7E, 0x07, 0xE0, 0x7E, 0x07, 0xE0, 0x7E, 0x07, 0xE0, 0x7E, 0x07, 0xFF,
    0xFF, 0xFF, 0x7F, 0xE0, 0xF0, 0x0F, 0x00, 0xF0, 0x0F, 0x00, 0xF0, 0x0F, 0x00, 0xF0, 0x0F, 0x00,
    0xF0, 0x0F, 0x00, 0xF0, 0x0F, 0x00, 0xF0, 0x0F, 0x07, 0xFE, 0xFF, 0xFF, 0xFF, 0x00, 0x38, 0x01,
    0xC0, 0x0E, 0x00, 0x70, 0x03, 0x80, 0x1C, 0x00, 0xE0, 0x07, 0x00, 0x38, 0x01, 0xC0, 0x0E, 0x00,
    0x70, 0x03, 0x80, 0x1F, 0x81, 0xFC, 0x0F, 0xF0, 0x73, 0xFF, 0x9F, 0xF8, 0x3F, 0x80, 0xE0, 0x3B,
    0x81, 0xCE, 0x07, 0x38, 0x3C, 0xE0, 0xE3, 0x87, 0x8E, 0x1C, 0x38, 0xF0, 0xFF, 0x83, 0xFE, 0x0F,
    0xF8, 0x38, 0xE0, 0xE3, 0xC3, 0x87, 0x0E, 0x1E, 0x38, 0x38, 0xE0, 0xF3, 0x81, 0xCE, 0x07, 0xB8,
    0x0E, 0xE0, 0x0E, 0x00, 0xE0, 0x0E, 0x00, 0xE0, 0x0E, 0x00, 0xE0, 0x0E, 0x00, 0xE0, 0x0E, 0x00,
    0xE0, 0x0E, 0x00, 0xE0, 0x0E, 0x00, 0xE0, 0x0E, 0x00, 0xE0, 0x0F, 0xFF, 0xFF, 0xFF, 0xFF, 0x78,
    0x7D, 0xE1, 0xF7, 0xC7, 0xDF, 0x3F, 0x7C, 0xDD, 0xF3, 0x77, 0xFD, 0xDD, 0xF7, 0x77, 0x9D, 0xDE,
    0x77, 0x79, 0xDC, 0x07, 0x70, 0x1D, 0xC0, 0x77, 0x01, 0xDC, 0x07, 0x70, 0x1D, 0xC0, 0x77, 0x01,
    0xDC, 0x07, 0xF0, 0x7F, 0x87, 0xF8, 0x7F, 0x87, 0xFC, 0x7F, 0xC7, 0xFC, 0x7E, 0xE7, 0xEE, 0x7E,
    0xE7, 0xE7, 0x7E, 0x77, 0xE3, 0x7E, 0x3F, 0xE3, 0xFE, 0x1F, 0xE1, 0xFE, 0x1F, 0xE0, 0xFE, 0x0F,
    0x1F, 0x87, 0xFE, 0x7F, 0xEF, 0x0F, 0xE0, 0x7E, 0x07, 0xE0, 0x7E, 0x07, 0xE0, 0x7E, 0x07, 0xE0,
    0x7E, 0x07, 0xE0, 0x7E, 0x07, 0xE0, 0x7E, 0x07, 0xF0, 0xF7, 0xFE, 0x7F, 0xE1, 0xFC, 0xFF, 0xC7,
    0xFF, 0xBF, 0xFD, 0xC0, 0xFE, 0x03, 0xF0, 0x1F, 0x80, 0xFC, 0x07, 0xE0, 0x7F, 0xFF, 0xBF, 0xFD,
    0xFF, 0x8E, 0x00, 0x70, 0x03, 0x80, 0x1C, 0x00, 0xE0, 0x07, 0x00, 0x38, 0x01, 0xC0, 0x00, 0x1F,
    0xC3, 0xFF, 0x1F, 0xFD, 0xE1, 0xEE, 0x07, 0x70, 0x3B, 0x81, 0xDC, 0x0E, 0xE0, 0x77, 0x03, 0xB8,
    0x1D, 0xC0, 0xEE, 0x07, 0x70, 0x3B, 0x81, 0xDC, 0x0E, 0xF0, 0xF3, 0xFF, 0x9F, 0xF8, 0x3F, 0x80,
    0x3C, 0x00, 0xF0, 0x03, 0x80, 0x1E, 0x00, 0x70, 0xFF, 0xC7, 0xFF, 0x3F, 0xFD, 0xC0, 0xEE, 0x07,
    0xF0, 0x3F, 0x81, 0xFC, 0x0F, 0xE0, 0x77, 0xFF, 0xBF, 0xF9, 0xFF, 0x8E, 0x38, 0x70, 0xE3, 0x87,
    0x1C, 0x3C, 0xE0, 0xE7, 0x07, 0xB8, 0x1D, 0xC0, 0xF0, 0x0F, 0xC0, 0xFF, 0xC3, 0xFF, 0x1E, 0x1E,
    0x70, 0x39, 0xC0, 0x47, 0x80, 0x0F, 0x00, 0x3F, 0x80, 0x7F, 0x80, 0x7F, 0x00, 0x3E, 0x00, 0x38,
    0x00, 0xF7, 0x03, 0xDC, 0x0F, 0x78, 0x39, 0xFF, 0xE3, 0xFF, 0x07, 0xF8, 0xFF, 0xFF, 0xFF, 0xF7,
    0xFF, 0x80, 0xE0, 0x03, 0x80, 0x0E, 0x00, 0x38, 0x00, 0xE0, 0x03, 0x80, 0x0E, 0x00, 0x38, 0x00,
    0xE0, 0x03, 0x80, 0x0E, 0x00, 0x38, 0x00, 0xE0, 0x03, 0x80, 0x0E, 0x00, 0x38, 0x00, 0xE0, 0xE0,
    0x7E, 0x07, 0xE0, 0x7E, 0x07, 0xE0, 0x7E, 0x07, 0xE0, 0x7E, 0x07, 0xE0, 0x7E, 0x07, 0xE0, 0x7E,
    0x07, 0xE0, 0x7E, 0x07, 0xE0, 0x7E, 0x07, 0xF0, 0xF7, 0xFE, 0x7F, 0xE1, 0xFC, 0xE0, 0x1F, 0xC0,
    0x77, 0x03, 0xDC, 0x0E, 0x70, 0x39, 0xE0, 0xE3, 0x87, 0x8E, 0x1C, 0x38, 0x70, 0xF1, 0xC1, 0xCF,
    0x07, 0x38, 0x1C, 0xE0, 0x7B, 0x80, 0xEE, 0x03, 0xF0, 0x0F, 0xC0, 0x3F, 0x00, 0x7C, 0x01, 0xE0,
    0xE3, 0xC7, 0xE3, 0xC7, 0xE3, 0xC7, 0x73, 0xC7, 0x73, 0xC6, 0x73, 0xE6, 0x73, 0xEE, 0x77, 0xEE,
    0x77, 0xEE, 0x77, 0x6E, 0x77, 0x6E, 0x36, 0x6E, 0x36, 0x6E, 0x3E, 0x7C, 0x3E, 0x7C, 0x3E, 0x7C,
    0x3E, 0x7C, 0x3E, 0x3C, 0x3E, 0x3C, 0x3C, 0x3C, 0xF0, 0x3C, 0xE0, 0x71, 0xE1, 0xE1, 0xC3, 0x83,
    0xCF, 0x03, 0x9C, 0x07, 0xF8, 0x07, 0xE0, 0x07, 0xC0, 0x0F, 0x00, 0x1E, 0x00, 0x7E, 0x00, 0xFC,
    0x03, 0xFC, 0x07, 0x38, 0x1E, 0x38, 0x38, 0x78, 0xF0, 0x71, 0xC0, 0xF7, 0x00, 0xE0, 0x70, 0x0E,
    0x78, 0x0E, 0x38, 0x1C, 0x3C, 0x1C, 0x1C, 0x3C, 0x1C, 0x38, 0x0E, 0x78, 0x0E, 0x70, 0x07, 0xF0,
    0x07, 0xE0, 0x03, 0xE0, 0x03, 0xC0, 0x03, 0xC0, 0x01, 0xC0, 0x01, 0xC0, 0x01, 0xC0, 0x01, 0xC0,
    0x01, 0xC0, 0x01, 0xC0, 0x01, 0xC0, 0xFF, 0xFF, 0xFF, 0x7F, 0xF0, 0x0E, 0x01, 0xE0, 0x1C, 0x03,
    0xC0, 0x38, 0x07, 0x80, 0x70, 0x0E, 0x01, 0xE0, 0x1C, 0x03, 0xC0, 0x38, 0x07, 0x80, 0x70, 0x0F,
    0xFF, 0xFF, 0xFF, 0xFF, 0x7E, 0xFF, 0xFF, 0xE0, 0xE0, 0xE0, 0xE0, 0xE0, 0xE0, 0xE0, 0xE0, 0xE0,
    0xE0, 0xE0, 0xE0, 0xE0, 0xE0, 0xE0, 0xE0, 0xE0, 0xE0, 0xE0, 0xE0, 0xFE, 0xFF, 0xFF, 0xE0, 0x07,
    0x80, 0x1C, 0x00, 0xE0, 0x07, 0x80, 0x1C, 0x00, 0xE0, 0x03, 0x80, 0x1C, 0x00, 0xF0, 0x03, 0x80,
    0x1C, 0x00, 0xF0, 0x03, 0x80, 0x1E, 0x00, 0x70, 0x03, 0x80, 0x1E, 0x00, 0x70, 0x03, 0x80, 0x0E,
    0x00, 0x70, 0x03, 0xC0, 0x0E, 0x00, 0x70, 0xFD, 0xFF, 0xF8, 0x70, 0xE1, 0xC3, 0x87, 0x0E, 0x1C,
    0x38, 0x70, 0xE1, 0xC3, 0x87, 0x0E, 0x1C, 0x38, 0x70, 0xE1, 0xC3, 0xFF, 0xFF, 0xFC, 0x07, 0x00,
    0x78, 0x03, 0xE0, 0x3F, 0x01, 0xD8, 0x1C, 0xE0, 0xE7, 0x0E, 0x1C, 0x70, 0xE7, 0x03, 0xB8, 0x1C,
    0x7F, 0xFB, 0xFF, 0xFF, 0xFF, 0xC0, 0xF0, 0xF0, 0xE0, 0xE0, 0x1F, 0xE1, 0xFF, 0x8F, 0xFE, 0xE0,
    0x70, 0x03, 0x83, 0xFC, 0xFF, 0xEF, 0xFF, 0x78, 0x3B, 0x81, 0xFC, 0x0E, 0xE0, 0xF7, 0xFF, 0xBF,
    0xFC, 0x7E, 0xE0, 0xE0, 0x0E, 0x00, 0xE0, 0x0E, 0x00, 0xE0, 0x0E, 0xFC, 0xFF, 0xEF, 0xFF, 0xF0,
    0x7E, 0x07, 0xE0, 0x7E, 0x07, 0xE0, 0x7E, 0x07, 0xE0, 0x7E, 0x07, 0xF0, 0xFF, 0xFF, 0xFF, 0xEE,
    0xFC, 0x1F, 0xC1, 0xFF, 0x1F, 0xFD, 0xE0, 0xEE, 0x07, 0x70, 0x03, 0x80, 0x1C, 0x00, 0xE0, 0x07,
    0x00, 0x38, 0x1D, 0xE0, 0xE7, 0xFF, 0x3F, 0xF0, 0x7F, 0x00, 0x00, 0x70, 0x07, 0x00, 0x70, 0x07,
    0x00, 0x73, 0xF7, 0x7F, 0xF7, 0xFF, 0xF0, 0xFE, 0x07, 0xE0, 0x7E, 0x07, 0xE0, 0x7E, 0x07, 0xE0,
    0x7E, 0x07, 0xF0, 0xF7, 0xFF, 0x7F, 0xF3, 0xF7, 0x1F, 0x87, 0xFE, 0x7F, 0xFF, 0x07, 0xE0, 0x7E,
    0x07, 0xFF, 0xFF, 0xFF, 0xFF, 0xFE, 0x00, 0xE0, 0x0F, 0x07, 0x7F, 0xF7, 0xFE, 0x1F, 0xC0, 0x03,
    0xFC, 0x1F, 0xF0, 0x7F, 0x83, 0xC0, 0x0F, 0x00, 0x3C, 0x00, 0xF0, 0x3F, 0xFF, 0xFF, 0xFD, 0xFF,
    0xE0, 0xF0, 0x03, 0xC0, 0x0F, 0x00, 0x3C, 0x00, 0xF0, 0x03, 0xC0, 0x0F, 0x00, 0x3C, 0x00, 0xF0,
    0x03, 0xC0, 0x3F, 0x77, 0xFF, 0x7F, 0xFF, 0x0F, 0xE0, 0x7E, 0x07, 0xE0, 0x7E, 0x07, 0xE0, 0x7E,
    0x07, 0xF0, 0xF7, 0x9F, 0x7F, 0xF3, 0xF7, 0x00, 0x70, 0x07, 0x00, 0x71, 0xFF, 0x3F, 0xE3, 0xFC,
    0xE0, 0x0E, 0x00, 0xE0, 0x0E, 0x00, 0xE0, 0x0E, 0xFC, 0xFF, 0xEF, 0xFF, 0xF0, 0xFE, 0x07, 0xE0,
    0x7E, 0x07, 0xE0, 0x7E, 0x07, 0xE0, 0x7E, 0x07, 0xE0, 0x7E, 0x07, 0xE0, 0x7E, 0x07, 0x07, 0x00,
    0x7C, 0x01, 0xC0, 0x00, 0x00, 0x00, 0x7F, 0x83, 0xFC, 0x0F, 0xE0, 0x07, 0x00, 0x38, 0x01, 0xC0,
    0x0E, 0x00, 0x70, 0x03, 0x80, 0x1C, 0x00, 0xE0, 0x07, 0x03, 0xFF, 0xFF, 0xFF, 0xFF, 0xF0, 0x03,
    0xC0, 0x78, 0x0F, 0x00, 0x00, 0x01, 0xFF, 0xBF, 0xF3, 0xFE, 0x01, 0xC0, 0x38, 0x07, 0x00, 0xE0,
    0x1C, 0x03, 0x80, 0x70, 0x0E, 0x01, 0xC0, 0x38, 0x07, 0x00, 0xE0, 0x1C, 0x07, 0x9F, 0xE7, 0xFC,
    0xFE, 0x00, 0xE0, 0x03, 0x80, 0x0E, 0x00, 0x38, 0x00, 0xE0, 0x03, 0x81, 0xEE, 0x07, 0x38, 0x3C,
    0xE1, 0xE3, 0x87, 0x0E, 0x38, 0x3F, 0xE0, 0xFF, 0x83, 0xFE, 0x0E, 0x3C, 0x38, 0x78, 0xE0, 0xE3,
    0x83, 0xCE, 0x07, 0xB8, 0x0E, 0xFF, 0x81, 0xFF, 0x01, 0xFE, 0x00, 0x1C, 0x00, 0x38, 0x00, 0x70,
    0x00, 0xE0, 0x01, 0xC0, 0x03, 0x80, 0x07, 0x00, 0x0E, 0x00, 0x1C, 0x00, 0x38, 0x00, 0x70, 0x00,
    0xE0, 0x01, 0xC0, 0x03, 0x80, 0x07, 0xFC, 0x0F, 0xF8, 0x0F, 0xF0, 0xFE, 0xFB, 0xFF, 0xEF, 0xFF,
    0xF8, 0xE7, 0xE3, 0x1F, 0x8C, 0x7E, 0x31, 0xF8, 0xC7, 0xE3, 0x1F, 0x8C, 0x7E, 0x31, 0xF8, 0xC7,
    0xE3, 0x1F, 0x8C, 0x7E, 0x31, 0xC0, 0xEF, 0xCF, 0xFE, 0xFF, 0xFF, 0x0F, 0xE0, 0x7E, 0x07, 0xE0,
    0x7E, 0x07, 0xE0, 0x7E, 0x07, 0xE0, 0x7E, 0x07, 0xE0, 0x7E, 0x07, 0xE0, 0x70, 0x1F, 0xC7, 0xFE,
    0x7F, 0xFF, 0x0F, 0xE0, 0x7E, 0x07, 0xE0, 0x7E, 0x07, 0xE0, 0x7E, 0x07, 0xE0, 0x7F, 0x0F, 0x7F,
    0xE7, 0xFE, 0x1F, 0xC0, 0xEF, 0xCF, 0xFE, 0xFF, 0xFF, 0x07, 0xE0, 0x7E, 0x07, 0xE0, 0x7E, 0x07,
    0xE0, 0x7E, 0x07, 0xE0, 0x7F, 0x0F, 0xFF, 0xFF, 0xFE, 0xEF, 0xCE, 0x00, 0xE0, 0x0E, 0x00, 0xE0,
    0x0E, 0x00, 0x3F, 0x77, 0xFF, 0x7F, 0xFF, 0x0F, 0xE0, 0x7E, 0x07, 0xE0, 0x7E, 0x07, 0xE0, 0x7E,
    0x07, 0xE0, 0x7F, 0x0F, 0x7F, 0xF7, 0xFF, 0x3F, 0x70, 0x07, 0x00, 0x70, 0x07, 0x00, 0x70, 0x07,
    0xEF, 0xCF, 0xFE, 0xFF, 0xEE, 0x0E, 0xE0, 0xFE, 0x0F, 0xE0, 0x7E, 0x00, 0xE0, 0x0E, 0x00, 0xE0,
    0x0E, 0x00, 0xE0, 0x0E, 0x00, 0xE0, 0x00, 0x3F, 0xC7, 0xFE, 0xFF, 0xFE, 0x07, 0xE0, 0x0F, 0x00,
    0x7F, 0xC3, 0xFE, 0x07, 0xF0, 0x07, 0xE0, 0x7E, 0x07, 0xFF, 0xF7, 0xFE, 0x3F, 0xC0, 0x0E, 0x00,
    0x38, 0x00, 0xE0, 0x03, 0x80, 0xFF, 0xFB, 0xFF, 0xEF, 0xFF, 0x83, 0x80, 0x0E, 0x00, 0x38, 0x00,
    0xE0, 0x03, 0x80, 0x0E, 0x00, 0x38, 0x00, 0xE0, 0x03, 0x80, 0x0F, 0xF8, 0x1F, 0xE0, 0x3F, 0x80,
    0xE0, 0x7E, 0x07, 0xE0, 0x7E, 0x07, 0xE0, 0x7E, 0x07, 0xE0, 0x7E, 0x07, 0xE0, 0x7E, 0x07, 0xE0,
    0x7F, 0x0F, 0x7F, 0xE3, 0xFE, 0x1F, 0x80, 0xF0, 0x1D, 0xC0, 0xF7, 0x03, 0x9E, 0x0E, 0x38, 0x78,
    0xE1, 0xC3, 0xC7, 0x07, 0x3C, 0x1C, 0xE0, 0x7B, 0x80, 0xFE, 0x03, 0xF0, 0x0F, 0xC0, 0x1F, 0x00,
    0x78, 0x00, 0x63, 0xC7, 0x73, 0xC6, 0x73, 0xC6, 0x73, 0xCE, 0x73, 0xCE, 0x73, 0xEE, 0x37, 0xEE,
    0x37, 0x6C, 0x3E, 0x6C, 0x3E, 0x6C, 0x3E, 0x7C, 0x3E, 0x7C, 0x3E, 0x7C, 0x1E, 0x38, 0x1C, 0x38,
    0x70, 0x3D, 0xE1, 0xE3, 0xC7, 0x07, 0x3C, 0x1F, 0xE0, 0x3F, 0x00, 0x7C, 0x01, 0xE0, 0x0F, 0xC0,
    0x3F, 0x81, 0xEE, 0x0F, 0x3C, 0x38, 0x79, 0xE0, 0xEF, 0x03, 0xC0, 0xF0, 0x1D, 0xC0, 0xF7, 0x03,
    0x9E, 0x0E, 0x38, 0x70, 0xF1, 0xC1, 0xC7, 0x07, 0x38, 0x1E, 0xE0, 0x3F, 0x80, 0xFC, 0x01, 0xF0,
    0x07, 0x80, 0x1E, 0x00, 0x78, 0x01, 0xC0, 0x07, 0x00, 0x3C, 0x00, 0xE0, 0x03, 0x80, 0xFF, 0xFF,
    0xFF, 0x7F, 0xF0, 0x1E, 0x03, 0xC0, 0x38, 0x07, 0x80, 0xF0, 0x1E, 0x03, 0xC0, 0x38, 0x07, 0x80,
    0xFF, 0xEF, 0xFF, 0xFF, 0xF0, 0x00, 0x20, 0x1F, 0x03, 0xF0, 0x7C, 0x07, 0x00, 0x70, 0x07, 0x00,
    0x70, 0x07, 0x80, 0x78, 0x07, 0x80, 0xF0, 0xFE, 0x0F, 0xE0, 0xFF, 0x00, 0x70, 0x07, 0x80, 0x78,
    0x07, 0x00, 0x70, 0x07, 0x00, 0x70, 0x07, 0x00, 0x7E, 0x03, 0xF0, 0x1F, 0x77, 0x77, 0x77, 0x77,
    0x77, 0x77, 0x77, 0x77, 0x77, 0x77, 0x77, 0x77, 0x70, 0x40, 0x07, 0xE0, 0x3F, 0x80, 0x3C, 0x00,
    0xE0, 0x07, 0x00, 0x38, 0x01, 0xC0, 0x1E, 0x00, 0xE0, 0x07, 0x80, 0x1E, 0x00, 0xFF, 0x83, 0xFC,
    0x3F, 0xC3, 0xC0, 0x1C, 0x00, 0xF0, 0x03, 0x80, 0x1C, 0x00, 0xE0, 0x07, 0x00, 0x38, 0x0F, 0xC0,
    0xFC, 0x07, 0xC0, 0x00, 0x3E, 0x1D, 0xFC, 0x77, 0x71, 0xDC, 0xEE, 0x73, 0xF9, 0xC7, 0xC0, 0xF7,
    0xBC, 0x00, 0x01, 0xCE, 0x73, 0x9D, 0xEF, 0x7B, 0xDE, 0xF7, 0xBD, 0xE0, 0x06, 0x00, 0x30, 0x01,
    0x80, 0x1F, 0x03, 0xFE, 0x3F, 0xF9, 0xDB, 0xDE, 0xCE, 0xE6, 0x77, 0x30, 0x39, 0x81, 0xCC, 0x0E,
    0x60, 0x73, 0x3B, 0xD9, 0xDE, 0xDE, 0x7F, 0xF1, 0xFF, 0x03, 0xE0, 0x0C, 0x00, 0x60, 0x03, 0x00,
    0x1F, 0xC3, 0xFF, 0x1F, 0xFD, 0xE1, 0xEE, 0x07, 0x70, 0x3B, 0x80, 0x1E, 0x00, 0x70, 0x07, 0xFC,
    0x3F, 0xF1, 0xFF, 0x81, 0xC0, 0x0E, 0x00, 0xF0, 0x0F, 0x00, 0xF8, 0x07, 0xFF, 0xBF, 0xFF, 0xFF,
    0xF0, 0x40, 0x09, 0xC0, 0x3B, 0xFF, 0xF3, 0xFF, 0xC3, 0xFF, 0x87, 0x0F, 0x1C, 0x0E, 0x38, 0x1C,
    0x70, 0x38, 0x70, 0x70, 0xF3, 0xC3, 0xFF, 0xCF, 0xFF, 0xDC, 0x03, 0x98, 0x02, 0x00, 0x70, 0x0E,
    0x78, 0x0E, 0x38, 0x1C, 0x3C, 0x1C, 0x1C, 0x3C, 0x1C, 0x38, 0x0E, 0x78, 0x0E, 0x70, 0x0F, 0xF0,
    0x07, 0xE0, 0x3F, 0xFC, 0x7F, 0xFE, 0x7F, 0xFE, 0x01, 0xC0, 0x3F, 0xFC, 0x7F, 0xFE, 0x7F, 0xFE,
    0x01, 0xC0, 0x01, 0xC0, 0x01, 0xC0, 0x77, 0x77, 0x77, 0x77, 0x77, 0x00, 0x00, 0x07, 0x77, 0x77,
    0x77, 0x77, 0x70, 0x3F, 0xC3, 0xFF, 0x3F, 0xFD, 0xC0, 0xEE, 0x00, 0x78, 0x01, 0xF0, 0x0F, 0xF8,
    0x3F, 0xE3, 0x9F, 0xB8, 0x1D, 0xC0, 0xEE, 0x07, 0x78, 0x39, 0xF3, 0x87, 0xF8, 0x1F, 0xE0, 0x0F,
    0x80, 0x1D, 0x80, 0xEE, 0x07, 0x7F, 0xF9, 0xFF, 0x87, 0xF8, 0xF3, 0xFC, 0xFF, 0x3C, 0x00, 0x00,
    0x7F, 0x83, 0xFF, 0x1C, 0x0E, 0x60, 0x1F, 0x1F, 0x3C, 0xFE, 0xF3, 0x3B, 0xDC, 0x0F, 0x70, 0x3D,
    0xC0, 0xF3, 0x3B, 0xCE, 0xEF, 0x3F, 0x3E, 0x11, 0xDC, 0x0E, 0x3E, 0xF0, 0x7F, 0x80, 0x30, 0x00,
    0x3E, 0x7E, 0x03, 0x7F, 0x7F, 0xC7, 0x6F, 0x7F, 0x07, 0x8E, 0x0F, 0x1C, 0x0E, 0x3C, 0x1C, 0x78,
    0x3C, 0xF0, 0x78, 0xE0, 0x71, 0xC0, 0x78, 0xE0, 0x3C, 0xF0, 0x1C, 0x78, 0x0E, 0x3C, 0x0F, 0x1C,
    0x07, 0x8E, 0x7F, 0xEF, 0xFF, 0xFF, 0xF0, 0x07, 0x00, 0x70, 0x07, 0x00, 0x70, 0x1F, 0xE0, 0xFF,
    0xC7, 0x03, 0x98, 0x07, 0xCF, 0xCF, 0x3F, 0x3C, 0xCE, 0xF3, 0x3B, 0xCF, 0xCF, 0x3E, 0x3C, 0xDC,
    0xF3, 0x33, 0xCC, 0xEF, 0xB1, 0xF7, 0x01, 0x8F, 0x3C, 0x1F, 0xE0, 0x04, 0x00, 0x7F, 0xBF, 0xFF,
    0xFC, 0x7E, 0x7F, 0xB0, 0xD8, 0x7C, 0x37, 0x39, 0xF8, 0x00, 0x03, 0x80, 0x0E, 0x00, 0x38, 0x00,
    0xE0, 0x03, 0x80, 0x0E, 0x0F, 0xFF, 0xFF, 0xFF, 0x7F, 0xF8, 0x0E, 0x00, 0x38, 0x00, 0xE0, 0x03,
    0x80, 0x0E, 0x07, 0xFF, 0xDF, 0xFF, 0x3F, 0x1F, 0xE7, 0x39, 0x87, 0x01, 0xC0, 0xE0, 0x70, 0x38,
    0x3C, 0x1E, 0x07, 0xFD, 0xFF, 0x7F, 0x9F, 0xE0, 0x78, 0x3C, 0x0F, 0x03, 0xE0, 0x38, 0x07, 0xE1,
    0xDC, 0xF7, 0xF8, 0xFC, 0x3C, 0xE7, 0x3C, 0xE0, 0x7E, 0x07, 0xE0, 0x7E, 0x07, 0xE0, 0x7E, 0x07,
    0xE0, 0x7E, 0x07, 0xE0, 0x7E, 0x07, 0xE0, 0x7F, 0x0F, 0xFF, 0xFF, 0xFF, 0xEF, 0xFE, 0x00, 0xE0,
    0x0E, 0x00, 0xE0, 0x0E, 0x00, 0x1F, 0x3B, 0xF9, 0xDF, 0xCF, 0xFE, 0x7F, 0xF3, 0xFF, 0x9F, 0xFC,
    0xFF, 0xE7, 0x7F, 0x3B, 0xF9, 0xC7, 0xCE, 0x06, 0x70, 0x33, 0x81, 0x9C, 0x0C, 0xE0, 0x67, 0x03,
    0x38, 0x19, 0xC0, 0xCE, 0x06, 0x70, 0x33, 0x81, 0x9C, 0x0C, 0xE0, 0x67, 0x03, 0x38, 0x79, 0xF7,
    0xDE, 0x70, 0xE1, 0xF0, 0xE1, 0xDF, 0x98, 0x00, 0x3C, 0x7E, 0x3B, 0x11, 0x80, 0xC0, 0x60, 0x30,
    0x18, 0x0C, 0x06, 0x3F, 0xFF, 0xF0, 0x79, 0xDB, 0x3E, 0x7C, 0xF9, 0xFB, 0x3C, 0xF3, 0xC0, 0xE3,
    0xC0, 0xE3, 0xC1, 0xE3, 0x81, 0xE3, 0x81, 0xE7, 0x81, 0xC7, 0x87, 0x9E, 0x1E, 0x38, 0x78, 0xE0,
    0xE3, 0xC3, 0x8F, 0x0F, 0x3C, 0x00, 0x1C, 0x07, 0x1E, 0x03, 0x9F, 0x03, 0x8D, 0x83, 0x80, 0xC1,
    0xC0, 0x61, 0xC0, 0x31, 0xC0, 0x19, 0xE0, 0xFF, 0xE0, 0x3F, 0xE0, 0x00, 0xF0, 0x00, 0x73, 0x80,
    0x73, 0x80, 0x71, 0x80, 0x39, 0xD8, 0x39, 0xCC, 0x38, 0xC6, 0x3C, 0x7F, 0x1C, 0x3F, 0x9C, 0x00,
    0xC0, 0x1C, 0x03, 0x1E, 0x03, 0x9F, 0x03, 0x8D, 0x83, 0xC0, 0xC1, 0xC0, 0x61, 0xC0, 0x31, 0xC0,
    0x18, 0xE0, 0xFF, 0xE0, 0x3F, 0xE0, 0x00, 0xF0, 0x00, 0x7F, 0x80, 0x77, 0xE0, 0x7F, 0x30, 0x38,
    0x1C, 0x38, 0x0C, 0x38, 0x1E, 0x1C, 0x1C, 0x1C, 0x3C, 0x1C, 0x1F, 0xEC, 0x07, 0xE0, 0x00, 0x00,
    0x3F, 0x83, 0x9F, 0x83, 0x83, 0x83, 0xC1, 0xE1, 0xC0, 0x39, 0xC3, 0x8D, 0xE0, 0xFE, 0xE0, 0x7E,
    0xE0, 0x0C, 0xE0, 0x00, 0xF0, 0x00, 0x73, 0x80, 0x73, 0x80, 0x79, 0x80, 0x39, 0xD8, 0x39, 0xCC,
    0x38, 0xC6, 0x3C, 0x7F, 0x1C, 0x3F, 0x9C, 0x00, 0xC0, 0x0F, 0x03, 0xE0, 0xF0, 0x00, 0x00, 0x00,
    0x00, 0x70, 0x1C, 0x07, 0x0F, 0xC7, 0xF3, 0xE0, 0xF0, 0x38, 0x0E, 0x03, 0x80, 0xF0, 0x1F, 0xE7,
    0xFC, 0x7F, 0x1E, 0x00, 0x38, 0x00, 0x70, 0x01, 0xE0, 0x00, 0x00, 0x00, 0x00, 0x78, 0x01, 0xF0,
    0x0F, 0xC0, 0x3F, 0x00, 0xFC, 0x03, 0xF8, 0x1E, 0xE0, 0x73, 0x81, 0xCE, 0x07, 0x3C, 0x3C, 0x70,
    0xE1, 0xC3, 0x87, 0x0F, 0xFE, 0x7F, 0xF9, 0xC0, 0xE7, 0x03, 0x9C, 0x0F, 0xF0, 0x1F, 0x80, 0x70,
    0x00, 0xE0, 0x07, 0x00, 0x3C, 0x01, 0xE0, 0x00, 0x00, 0x00, 0x00, 0x78, 0x01, 0xF0, 0x0F, 0xC0,
    0x3F, 0x00, 0xFC, 0x03, 0xF8, 0x1E, 0xE0, 0x73, 0x81, 0xCE, 0x07, 0x3C, 0x3C, 0x70, 0xE1, 0xC3,
    0x87, 0x0F, 0xFE, 0x7F, 0xF9, 0xC0, 0xE7, 0x03, 0x9C, 0x0F, 0xF0, 0x1F, 0x80, 0x70, 0x07, 0x80,
    0x3F, 0x01, 0xFE, 0x0F, 0x3C, 0x00, 0x00, 0x00, 0x00, 0x78, 0x01, 0xF0, 0x0F, 0xC0, 0x3F, 0x00,
    0xFC, 0x03, 0xF8, 0x1E, 0xE0, 0x73, 0x81, 0xCE, 0x07, 0x3C, 0x3C, 0x70, 0xE1, 0xC3, 0x87, 0x0F,
    0xFE, 0x7F, 0xF9, 0xC0, 0xE7, 0x03, 0x9C, 0x0F, 0xF0, 0x1F, 0x80, 0x70, 0x0E, 0x70, 0x7D, 0xC3,
    0xBF, 0x0E, 0x78, 0x00, 0x00, 0x00, 0x00, 0x78, 0x01, 0xF0, 0x0F, 0xC0, 0x3F, 0x00, 0xFC, 0x03,
    0xF8, 0x1E, 0xE0, 0x73, 0x81, 0xCE, 0x07, 0x3C, 0x3C, 0x70, 0xE1, 0xC3, 0x87, 0x0F, 0xFE, 0x7F,
    0xF9, 0xC0, 0xE7, 0x03, 0x9C, 0x0F, 0xF0, 0x1F, 0x80, 0x70, 0x3C, 0xF0, 0xF3, 0xC3, 0xCF, 0x00,
    0x00, 0x00, 0x00, 0x1E, 0x00, 0x7C, 0x03, 0xF0, 0x0F, 0xC0, 0x3F, 0x00, 0xFE, 0x07, 0xB8, 0x1C,
    0xE0, 0x73, 0x81, 0xCF, 0x0F, 0x1C, 0x38, 0x70, 0xE1, 0xC3, 0xFF, 0x9F, 0xFE, 0x70, 0x39, 0xC0,
    0xE7, 0x03, 0xFC, 0x07, 0xE0, 0x1C, 0x07, 0xC0, 0x3F, 0x00, 0xCE, 0x03, 0x38, 0x0E, 0xC0, 0x3F,
    0x00, 0x00, 0x01, 0xE0, 0x07, 0xC0, 0x3F, 0x00, 0xFC, 0x03, 0xF0, 0x0F, 0xE0, 0x7B, 0x81, 0xCE,
    0x07, 0x38, 0x1C, 0xF0, 0xF1, 0xC3, 0x87, 0x0E, 0x1C, 0x3F, 0xF9, 0xFF, 0xE7, 0x03, 0x9C, 0x0E,
    0x70, 0x3F, 0xC0, 0x7E, 0x01, 0xC0, 0x0F, 0xFF, 0x0F, 0xFF, 0x0F, 0xFE, 0x0E, 0xE0, 0x1E, 0xE0,
    0x1C, 0xE0, 0x1C, 0xE0, 0x1C, 0xE0, 0x1C, 0xFC, 0x3C, 0xFE, 0x3C, 0xFE, 0x38, 0xE0, 0x3F, 0xE0,
    0x3F, 0xE0, 0x3F, 0xE0, 0x78, 0xE0, 0x70, 0xE0, 0x70, 0xFE, 0x70, 0xFF, 0x70, 0xFF, 0x1F, 0xC1,
    0xFF, 0x1F, 0xFD, 0xE0, 0xEE, 0x07, 0x70, 0x3B, 0x80, 0x1C, 0x00, 0xE0, 0x07, 0x00, 0x38, 0x01,
    0xC0, 0x0E, 0x00, 0x70, 0x03, 0x81, 0xDC, 0x0E, 0xF0, 0x73, 0xFF, 0x8F, 0xF8, 0x3F, 0x80, 0xE0,
    0x07, 0xC0, 0x0E, 0x00, 0x70, 0x1F, 0x80, 0x60, 0x00, 0x3C, 0x00, 0xF0, 0x03, 0x80, 0x0E, 0x00,
    0x00, 0x00, 0x03, 0xFF, 0xDF, 0xFE, 0xFF, 0xF7, 0x00, 0x38, 0x01, 0xC0, 0x0E, 0x00, 0x70, 0x03,
    0xFF, 0x9F, 0xFC, 0xFF, 0xE7, 0x00, 0x38, 0x01, 0xC0, 0x0E, 0x00, 0x70, 0x03, 0x80, 0x1F, 0xFE,
    0xFF, 0xF7, 0xFF, 0x80, 0x01, 0xC0, 0x1E, 0x01, 0xE0, 0x0E, 0x00, 0x00, 0x00, 0x03, 0xFF, 0xDF,
    0xFE, 0xFF, 0xF7, 0x00, 0x38, 0x01, 0xC0, 0x0E, 0x00, 0x70, 0x03, 0xFF, 0x9F, 0xFC, 0xFF, 0xE7,
    0x00, 0x38, 0x01, 0xC0, 0x0E, 0x00, 0x70, 0x03, 0x80, 0x1F, 0xFE, 0xFF, 0xF7, 0xFF, 0x80, 0x0F,
    0x00, 0xFC, 0x0F, 0x70, 0xF1, 0xC0, 0x00, 0x00, 0x03, 0xFF, 0xDF, 0xFE, 0xFF, 0xF7, 0x00, 0x38,
    0x01, 0xC0, 0x0E, 0x00, 0x70, 0x03, 0xFF, 0x9F, 0xFC, 0xFF, 0xE7, 0x00, 0x38, 0x01, 0xC0, 0x0E,
    0x00, 0x70, 0x03, 0x80, 0x1F, 0xFE, 0xFF, 0xF7, 0xFF, 0x80, 0x38, 0xE3, 0xCF, 0x0E, 0x38, 0x00,
    0x00, 0x00, 0x7F, 0xFB, 0xFF, 0xDF, 0xFE, 0xE0, 0x07, 0x00, 0x38, 0x01, 0xC0, 0x0E, 0x00, 0x7F,
    0xF3, 0xFF, 0x9F, 0xFC, 0xE0, 0x07, 0x00, 0x38, 0x01, 0xC0, 0x0E, 0x00, 0x70, 0x03, 0xFF, 0xDF,
    0xFE, 0xFF, 0xF0, 0x3C, 0x01, 0xC0, 0x0E, 0x00, 0xF0, 0x00, 0x00, 0x00, 0xFF, 0xFF, 0xFF, 0x7F,
    0xE0, 0xF0, 0x0F, 0x00, 0xF0, 0x0F, 0x00, 0xF0, 0x0F, 0x00, 0xF0, 0x0F, 0x00, 0xF0, 0x0F, 0x00,
    0xF0, 0x0F, 0x00, 0xF0, 0x0F, 0x07, 0xFE, 0xFF, 0xFF, 0xFF, 0x01, 0xC0, 0x38, 0x07, 0x80, 0xF0,
    0x00, 0x00, 0x00, 0xFF, 0xFF, 0xFF, 0x7F, 0xE0, 0xF0, 0x0F, 0x00, 0xF0, 0x0F, 0x00, 0xF0, 0x0F,
    0x00, 0xF0, 0x0F, 0x00, 0xF0, 0x0F, 0x00, 0xF0, 0x0F, 0x00, 0xF0, 0x0F, 0x07, 0xFE, 0xFF, 0xFF,
    0xFF, 0x0F, 0x01, 0xF8, 0x3F, 0xC7, 0x9E, 0x00, 0x00, 0x00, 0xFF, 0xFF, 0xFF, 0x7F, 0xE0, 0xF0,
    0x0F, 0x00, 0xF0, 0x0F, 0x00, 0xF0, 0x0F, 0x00, 0xF0, 0x0F, 0x00, 0xF0, 0x0F, 0x00, 0xF0, 0x0F,
    0x00, 0xF0, 0x0F, 0x07, 0xFE, 0xFF, 0xFF, 0xFF, 0x79, 0xE7, 0x9E, 0x79, 0xE0, 0x00, 0x00, 0x0F,
    0xFF, 0xFF, 0xF7, 0xFE, 0x0F, 0x00, 0xF0, 0x0F, 0x00, 0xF0, 0x0F, 0x00, 0xF0, 0x0F, 0x00, 0xF0,
    0x0F, 0x00, 0xF0, 0x0F, 0x00, 0xF0, 0x0F, 0x00, 0xF0, 0x7F, 0xEF, 0xFF, 0xFF, 0xF0, 0x3F, 0xE0,
    0xFF, 0xC3, 0xFF, 0x8E, 0x0F, 0x38, 0x1C, 0xE0, 0x73, 0x81, 0xCE, 0x07, 0x38, 0x1F, 0xFC, 0x7F,
    0xF1, 0xDF, 0xC7, 0x38, 0x1C, 0xE0, 0x73, 0x81, 0xCE, 0x07, 0x38, 0x3C, 0xFF, 0xE3, 0xFF, 0x0F,
    0xF8, 0x1C, 0xE3, 0xEE, 0x77, 0xE7, 0x3C, 0x00, 0x00, 0x00, 0xF0, 0x7F, 0x87, 0xF8, 0x7F, 0x87,
    0xFC, 0x7F, 0xC7, 0xFC, 0x7E, 0xE7, 0xEE, 0x7E, 0xE7, 0xE7, 0x7E, 0x77, 0xE3, 0x7E, 0x3F, 0xE3,
    0xFE, 0x1F, 0xE1, 0xFE, 0x1F, 0xE0, 0xFE, 0x0F, 0x3C, 0x01, 0xC0, 0x0E, 0x00, 0xF0, 0x00, 0x00,
    0x00, 0x1F, 0x87, 0xFE, 0x7F, 0xEF, 0x0F, 0xE0, 0x7E, 0x07, 0xE0, 0x7E, 0x07, 0xE0, 0x7E, 0x07,
    0xE0, 0x7E, 0x07, 0xE0, 0x7E, 0x07, 0xE0, 0x7E, 0x07, 0xF0, 0xF7, 0xFE, 0x7F, 0xE1, 0xFC, 0x01,
    0xC0, 0x38, 0x07, 0x80, 0xF0, 0x00, 0x00, 0x00, 0x1F, 0x87, 0xFE, 0x7F, 0xEF, 0x0F, 0xE0, 0x7E,
    0x07, 0xE0, 0x7E, 0x07, 0xE0, 0x7E, 0x07, 0xE0, 0x7E, 0x07, 0xE0, 0x7E, 0x07, 0xE0, 0x7E, 0x07,
    0xF0, 0xF7, 0xFE, 0x7F, 0xE1, 0xFC, 0x0F, 0x01, 0xF8, 0x3F, 0xC7, 0x9E, 0x00, 0x00, 0x00, 0x1F,
    0x87, 0xFE, 0x7F, 0xEF, 0x0F, 0xE0, 0x7E, 0x07, 0xE0, 0x7E, 0x07, 0xE0, 0x7E, 0x07, 0xE0, 0x7E,
    0x07, 0xE0, 0x7E, 0x07, 0xE0, 0x7E, 0x07, 0xF0, 0xF7, 0xFE, 0x7F, 0xE1, 0xFC, 0x1C, 0xE3, 0xEE,
    0x77, 0xE7, 0x3C, 0x00, 0x00, 0x00, 0x1F, 0x87, 0xFE, 0x7F, 0xEF, 0x0F, 0xE0, 0x7E, 0x07, 0xE0,
    0x7E, 0x07, 0xE0, 0x7E, 0x07, 0xE0, 0x7E, 0x07, 0xE0, 0x7E, 0x07, 0xE0, 0x7E, 0x07, 0xF0, 0xF7,
    0xFE, 0x7F, 0xE1, 0xFC, 0x79, 0xE7, 0x9E, 0x79, 0xE0, 0x00, 0x00, 0x01, 0xF8, 0x7F, 0xE7, 0xFE,
    0xF0, 0xFE, 0x07, 0xE0, 0x7E, 0x07, 0xE0, 0x7E, 0x07, 0xE0, 0x7E, 0x07, 0xE0, 0x7E, 0x07, 0xE0,
    0x7E, 0x07, 0xE0, 0x7F, 0x0F, 0x7F, 0xE7, 0xFE, 0x1F, 0xC0, 0x00, 0x06, 0x06, 0x70, 0xE3, 0x9E,
    0x1F, 0xC0, 0xF8, 0x0F, 0x01, 0xF8, 0x3D, 0xC7, 0x8E, 0x70, 0x60, 0x00, 0x00, 0x06, 0x07, 0xFE,
    0x1F, 0xFE, 0x1F, 0xFC, 0x3C, 0x3C, 0x38, 0x3C, 0x38, 0x7C, 0x38, 0x7C, 0x38, 0xFC, 0x38, 0xFC,
    0x39, 0xDC, 0x3B, 0xDC, 0x3B, 0x9C, 0x3F, 0x1C, 0x3F, 0x1C, 0x3E, 0x1C, 0x3E, 0x1C, 0x3C, 0x3C,
    0x3F, 0xF8, 0x3F, 0xF8, 0x7F, 0xF0, 0x70, 0x00, 0x3C, 0x01, 0xC0, 0x0E, 0x00, 0xF0, 0x00, 0x00,
    0x00, 0xE0, 0x7E, 0x07, 0xE0, 0x7E, 0x07, 0xE0, 0x7E, 0x07, 0xE0, 0x7E, 0x07, 0xE0, 0x7E, 0x07,
    0xE0, 0x7E, 0x07, 0xE0, 0x7E, 0x07, 0xE0, 0x7E, 0x07, 0xF0, 0xF7, 0xFE, 0x7F, 0xE1, 0xFC, 0x01,
    0xC0, 0x38, 0x07, 0x80, 0xF0, 0x00, 0x00, 0x00, 0xE0, 0x7E, 0x07, 0xE0, 0x7E, 0x07, 0xE0, 0x7E,
    0x07, 0xE0, 0x7E, 0x07, 0xE0, 0x7E, 0x07, 0xE0, 0x7E, 0x07, 0xE0, 0x7E, 0x07, 0xE0, 0x7E, 0x07,
    0xF0, 0xF7, 0xFE, 0x7F, 0xE1, 0xFC, 0x0F, 0x01, 0xF8, 0x3F, 0xC7, 0x9E, 0x00, 0x00, 0x00, 0xE0,
    0x7E, 0x07, 0xE0, 0x7E, 0x07, 0xE0, 0x7E, 0x07, 0xE0, 0x7E, 0x07, 0xE0, 0x7E, 0x07, 0xE0, 0x7E,
    0x07, 0xE0, 0x7E, 0x07, 0xE0, 0x7E, 0x07, 0xF0, 0xF7, 0xFE, 0x7F, 0xE1, 0xFC, 0x79, 0xE7, 0x9E,
    0x79, 0xE0, 0x00, 0x00, 0x0E, 0x07, 0xE0, 0x7E, 0x07, 0xE0, 0x7E, 0x07, 0xE0, 0x7E, 0x07, 0xE0,
    0x7E, 0x07, 0xE0, 0x7E, 0x07, 0xE0, 0x7E, 0x07, 0xE0, 0x7E, 0x07, 0xE0, 0x7F, 0x0F, 0x7F, 0xE7,
    0xFE, 0x1F, 0xC0, 0x00, 0x70, 0x00, 0xE0, 0x01, 0xE0, 0x03, 0xC0, 0x00, 0x00, 0x00, 0x00, 0x70,
    0x0E, 0x78, 0x0E, 0x38, 0x1C, 0x3C, 0x1C, 0x1C, 0x3C, 0x1C, 0x38, 0x0E, 0x78, 0x0E, 0x70, 0x07,
    0xF0, 0x07, 0xE0, 0x03, 0xE0, 0x03, 0xC0, 0x03, 0xC0, 0x01, 0xC0, 0x01, 0xC0, 0x01, 0xC0, 0x01,
    0xC0, 0x01, 0xC0, 0x01, 0xC0, 0x01, 0xC0, 0xE0, 0x07, 0x00, 0x38, 0x01, 0xC0, 0x0F, 0xE0, 0x7F,
    0xF3, 0xFF, 0xDC, 0x1F, 0xE0, 0x3F, 0x01, 0xF8, 0x0F, 0xC0, 0x7E, 0x0F, 0xFF, 0xFB, 0xFF, 0x9F,
    0xC0, 0xE0, 0x07, 0x00, 0x38, 0x01, 0xC0, 0x00, 0x1F, 0xC1, 0xFF, 0x1F, 0xFD, 0xE1, 0xEE, 0x07,
    0x70, 0x3B, 0x81, 0xDC, 0x1E, 0xE7, 0xE7, 0x3E, 0x39, 0xF9, 0xC3, 0xEE, 0x07, 0x70, 0x3F, 0x80,
    0xFC, 0x0F, 0xE0, 0x77, 0x3F, 0xB9, 0xF9, 0xCF, 0x80, 0x1E, 0x00, 0x70, 0x01, 0xC0, 0x07, 0x00,
    0x00, 0x00, 0x00, 0x7F, 0x87, 0xFE, 0x3F, 0xFB, 0x81, 0xC0, 0x0E, 0x0F, 0xF3, 0xFF, 0xBF, 0xFD,
    0xE0, 0xEE, 0x07, 0xF0, 0x3B, 0x83, 0xDF, 0xFE, 0xFF, 0xF1, 0xFB, 0x80, 0x00, 0xE0, 0x0E, 0x00,
    0xF0, 0x07, 0x00, 0x00, 0x00, 0x00, 0x7F, 0x87, 0xFE, 0x3F, 0xFB, 0x81, 0xC0, 0x0E, 0x0F, 0xF3,
    0xFF, 0xBF, 0xFD, 0xE0, 0xEE, 0x07, 0xF0, 0x3B, 0x83, 0xDF, 0xFE, 0xFF, 0xF1, 0xFB, 0x80, 0x07,
    0x80, 0x7E, 0x07, 0xF8, 0x79, 0xE0, 0x00, 0x00, 0x00, 0x7F, 0x87, 0xFE, 0x3F, 0xFB, 0x81, 0xC0,
    0x0E, 0x0F, 0xF3, 0xFF, 0xBF, 0xFD, 0xE0, 0xEE, 0x07, 0xF0, 0x3B, 0x83, 0xDF, 0xFE, 0xFF, 0xF1,
    0xFB, 0x80, 0x0E, 0x70, 0xFB, 0x86, 0xFC, 0x33, 0xC0, 0x00, 0x00, 0x00, 0x7F, 0x87, 0xFE, 0x3F,
    0xFB, 0x81, 0xC0, 0x0E, 0x0F, 0xF3, 0xFF, 0xBF, 0xFD, 0xE0, 0xEE, 0x07, 0xF0, 0x3B, 0x83, 0xDF,
    0xFE, 0xFF, 0xF1, 0xFB, 0x80, 0x3C, 0xF1, 0xE7, 0x8F, 0x3C, 0x00, 0x00, 0x00, 0x0F, 0xF0, 0xFF,
    0xC7, 0xFF, 0x70, 0x38, 0x01, 0xC1, 0xFE, 0x7F, 0xF7, 0xFF, 0xBC, 0x1D, 0xC0, 0xFE, 0x07, 0x70,
    0x7B, 0xFF, 0xDF, 0xFE, 0x3F, 0x70, 0x07, 0xC0, 0x7E, 0x03, 0x38, 0x19, 0xC0, 0xEE, 0x03, 0xE0,
    0x00, 0x00, 0x00, 0x1F, 0xE1, 0xFF, 0x8F, 0xFE, 0xE0, 0x70, 0x03, 0x83, 0xFC, 0xFF, 0xEF, 0xFF,
    0x78, 0x3B, 0x81, 0xFC, 0x0E, 0xE0, 0xF7, 0xFF, 0xBF, 0xFC, 0x7E, 0xE0, 0x3E, 0x7C, 0x7F, 0xFE,
    0x7B, 0xEE, 0x71, 0xC7, 0x01, 0xC7, 0x07, 0xFF, 0x3F, 0xFF, 0x7F, 0xFF, 0x71, 0xC0, 0x71, 0xC0,
    0xF1, 0xC0, 0x71, 0xC7, 0x7B, 0xEE, 0x7F, 0xFE, 0x3E, 0x7C, 0x1F, 0xC1, 0xFF, 0x1F, 0xFD, 0xE0,
    0xEE, 0x07, 0x70, 0x03, 0x80, 0x1C, 0x00, 0xE0, 0x07, 0x00, 0x38, 0x1D, 0xE0, 0xE7, 0xFF, 0x1F,
    0xF0, 0x7F, 0x01, 0xC0, 0x0F, 0x80, 0x1C, 0x00, 0xE0, 0x3F, 0x00, 0xC0, 0x00, 0x3C, 0x01, 0xC0,
    0x0E, 0x00, 0xF0, 0x00, 0x00, 0x00, 0x1F, 0x87, 0xFE, 0x7F, 0xFF, 0x07, 0xE0, 0x7E, 0x07, 0xFF,
    0xFF, 0xFF, 0xFF, 0xFE, 0x00, 0xE0, 0x0F, 0x07, 0x7F, 0xF7, 0xFE, 0x1F, 0xC0, 0x01, 0xC0, 0x38,
    0x07, 0x80, 0xF0, 0x00, 0x00, 0x00, 0x1F, 0x87, 0xFE, 0x7F, 0xFF, 0x07, 0xE0, 0x7E, 0x07, 0xFF,
    0xFF, 0xFF, 0xFF, 0xFE, 0x00, 0xE0, 0x0F, 0x07, 0x7F, 0xF7, 0xFE, 0x1F, 0xC0, 0x0F, 0x01, 0xF8,
    0x3F, 0xC7, 0x9E, 0x00, 0x00, 0x00, 0x1F, 0x87, 0xFE, 0x7F, 0xFF, 0x07, 0xE0, 0x7E, 0x07, 0xFF,
    0xFF, 0xFF, 0xFF, 0xFE, 0x00, 0xE0, 0x0F, 0x07, 0x7F, 0xF7, 0xFE, 0x1F, 0xC0, 0x79, 0xE7, 0x9E,
    0x79, 0xE0, 0x00, 0x00, 0x01, 0xF8, 0x7F, 0xE7, 0xFF, 0xF0, 0x7E, 0x07, 0xE0, 0x7F, 0xFF, 0xFF,
    0xFF, 0xFF, 0xE0, 0x0E, 0x00, 0xF0, 0x77, 0xFF, 0x7F, 0xE1, 0xFC, 0x3C, 0x00, 0xF0, 0x03, 0x80,
    0x0E, 0x00, 0x00, 0x00, 0x03, 0xFC, 0x1F, 0xE0, 0x7F, 0x00, 0x38, 0x01, 0xC0, 0x0E, 0x00, 0x70,
    0x03, 0x80, 0x1C, 0x00, 0xE0, 0x07, 0x00, 0x38, 0x1F, 0xFF, 0xFF, 0xFF, 0xFF, 0x80, 0x01, 0xC0,
    0x1E, 0x00, 0xE0, 0x0E, 0x00, 0x00, 0x00, 0x03, 0xFC, 0x1F, 0xE0, 0x7F, 0x00, 0x38, 0x01, 0xC0,
    0x0E, 0x00, 0x70, 0x03, 0x80, 0x1C, 0x00, 0xE0, 0x07, 0x00, 0x38, 0x1F, 0xFF, 0xFF, 0xFF, 0xFF,
    0x80, 0x0F, 0x80, 0xFE, 0x07, 0x70, 0x71, 0xC0, 0x00, 0x00, 0x03, 0xFC, 0x1F, 0xE0, 0x7F, 0x00,
    0x38, 0x01, 0xC0, 0x0E, 0x00, 0x70, 0x03, 0x80, 0x1C, 0x00, 0xE0, 0x07, 0x00, 0x38, 0x1F, 0xFF,
    0xFF, 0xFF, 0xFF, 0x80, 0x38, 0xE3, 0xEF, 0x8E, 0x38, 0x00, 0x00, 0x00, 0x7F, 0x83, 0xFC, 0x0F,
    0xE0, 0x07, 0x00, 0x38, 0x01, 0xC0, 0x0E, 0x00, 0x70, 0x03, 0x80, 0x1C, 0x00, 0xE0, 0x07, 0x03,
    0xFF, 0xFF, 0xFF, 0xFF, 0xF0, 0x00, 0x00, 0x79, 0xC0, 0xFF, 0x01, 0xF8, 0x1F, 0x80, 0xFF, 0x03,
    0x9C, 0x08, 0x38, 0x00, 0xF0, 0x7F, 0xC3, 0xFF, 0x9F, 0x3E, 0x78, 0x39, 0xC0, 0xF7, 0x03, 0xDC,
    0x0F, 0x70, 0x39, 0xE0, 0xE3, 0xFF, 0x8F, 0xFC, 0x0F, 0xE0, 0x1C, 0xE3, 0xEE, 0x37, 0xE3, 0x3C,
    0x00, 0x00, 0x00, 0xEF, 0xCF, 0xFE, 0xFF, 0xFF, 0x0F, 0xE0, 0x7E, 0x07, 0xE0, 0x7E, 0x07, 0xE0,
    0x7E, 0x07, 0xE0, 0x7E, 0x07, 0xE0, 0x7E, 0x07, 0xE0, 0x70, 0x3C, 0x01, 0xC0, 0x0E, 0x00, 0xF0,
    0x00, 0x00, 0x00, 0x1F, 0xC7, 0xFE, 0x7F, 0xFF, 0x0F, 0xE0, 0x7E, 0x07, 0xE0, 0x7E, 0x07, 0xE0,
    0x7E, 0x07, 0xE0, 0x7F, 0x0F, 0x7F, 0xE7, 0xFE, 0x1F, 0xC0, 0x01, 0xC0, 0x38, 0x07, 0x80, 0xF0,
    0x00, 0x00, 0x00, 0x1F, 0xC7, 0xFE, 0x7F, 0xFF, 0x0F, 0xE0, 0x7E, 0x07, 0xE0, 0x7E, 0x07, 0xE0,
    0x7E, 0x07, 0xE0, 0x7F, 0x0F, 0x7F, 0xE7, 0xFE, 0x1F, 0xC0, 0x0F, 0x01, 0xF8, 0x3F, 0xC7, 0x9E,
    0x00, 0x00, 0x00, 0x1F, 0xC7, 0xFE, 0x7F, 0xFF, 0x0F, 0xE0, 0x7E, 0x07, 0xE0, 0x7E, 0x07, 0xE0,
    0x7E, 0x07, 0xE0, 0x7F, 0x0F, 0x7F, 0xE7, 0xFE, 0x1F, 0xC0, 0x1C, 0xE3, 0xEE, 0x77, 0xE7, 0x3C,
    0x00, 0x00, 0x00, 0x1F, 0xC7, 0xFE, 0x7F, 0xFF, 0x0F, 0xE0, 0x7E, 0x07, 0xE0, 0x7E, 0x07, 0xE0,
    0x7E, 0x07, 0xE0, 0x7F, 0x0F, 0x7F, 0xE7, 0xFE, 0x1F, 0xC0, 0x79, 0xE7, 0x9E, 0x79, 0xE0, 0x00,
    0x00, 0x01, 0xFC, 0x7F, 0xE7, 0xFF, 0xF0, 0xFE, 0x07, 0xE0, 0x7E, 0x07, 0xE0, 0x7E, 0x07, 0xE0,
    0x7E, 0x07, 0xF0, 0xF7, 0xFE, 0x7F, 0xE1, 0xFC, 0x0F, 0x00, 0xF8, 0x0F, 0x80, 0xF0, 0x00, 0x00,
    0x00, 0x7F, 0xEF, 0xFF, 0xFF, 0xF0, 0x00, 0x00, 0x00, 0xF0, 0x0F, 0x80, 0xF8, 0x0F, 0x00, 0x00,
    0x0E, 0x07, 0xFE, 0x1F, 0xFC, 0x1F, 0xF8, 0x3C, 0x7C, 0x38, 0x7C, 0x38, 0xFC, 0x39, 0xDC, 0x3B,
    0xDC, 0x3B, 0x9C, 0x3F, 0x1C, 0x3E, 0x1C, 0x3E, 0x3C, 0x1F, 0xF8, 0x3F, 0xF8, 0x7F, 0xF0, 0x70,
    0x00, 0x3C, 0x01, 0xC0, 0x0E, 0x00, 0xF0, 0x00, 0x00, 0x00, 0xE0, 0x7E, 0x07, 0xE0, 0x7E, 0x07,
    0xE0, 0x7E, 0x07, 0xE0, 0x7E, 0x07, 0xE0, 0x7E, 0x07, 0xE0, 0x7F, 0x0F, 0x7F, 0xE3, 0xFE, 0x1F,
    0x80, 0x01, 0xC0, 0x38, 0x07, 0x80, 0xF0, 0x00, 0x00, 0x00, 0xE0, 0x7E, 0x07, 0xE0, 0x7E, 0x07,
    0xE0, 0x7E, 0x07, 0xE0, 0x7E, 0x07, 0xE0, 0x7E, 0x07, 0xE0, 0x7F, 0x0F, 0x7F, 0xE3, 0xFE, 0x1F,
    0x80, 0x0F, 0x01, 0xF8, 0x3F, 0xC7, 0x9E, 0x00, 0x00, 0x00, 0xE0, 0x7E, 0x07, 0xE0, 0x7E, 0x07,
    0xE0, 0x7E, 0x07, 0xE0, 0x7E, 0x07, 0xE0, 0x7E, 0x07, 0xE0, 0x7F, 0x0F, 0x7F, 0xE3, 0xFE, 0x1F,
    0x80, 0x79, 0xE7, 0x9E, 0x79, 0xE0, 0x00, 0x00, 0x0E, 0x07, 0xE0, 0x7E, 0x07, 0xE0, 0x7E, 0x07,
    0xE0, 0x7E, 0x07, 0xE0, 0x7E, 0x07, 0xE0, 0x7E, 0x07, 0xF0, 0xF7, 0xFE, 0x3F, 0xE1, 0xF8, 0x00,
    0xE0, 0x07, 0x00, 0x3C, 0x01, 0xE0, 0x00, 0x00, 0x00, 0x0F, 0x01, 0xDC, 0x0F, 0x70, 0x39, 0xE0,
    0xE3, 0x87, 0x0F, 0x1C, 0x1C, 0x70, 0x73, 0x81, 0xEE, 0x03, 0xF8, 0x0F, 0xC0, 0x1F, 0x00, 0x78,
    0x01, 0xE0, 0x07, 0x80, 0x1C, 0x00, 0x70, 0x03, 0xC0, 0x0E, 0x00, 0x38, 0x00, 0xE0, 0x0E, 0x00,
    0xE0, 0x0E, 0x00, 0xE0, 0x0E, 0xFC, 0xFF, 0xEF, 0xFE, 0xF0, 0xFE, 0x07, 0xE0, 0x7E, 0x07, 0xE0,
    0x7E, 0x07, 0xE0, 0x7E, 0x07, 0xF0, 0xFF, 0xFE, 0xFF, 0xEE, 0xFC, 0xE0, 0x0E, 0x00, 0xE0, 0x0E,
    0x00, 0xE0, 0x00, 0x3C, 0xF0, 0xF3, 0xC3, 0xCF, 0x00, 0x00, 0x00, 0x03, 0xC0, 0x77, 0x03, 0xDC,
    0x0E, 0x78, 0x38, 0xE1, 0xC3, 0xC7, 0x07, 0x1C, 0x1C, 0xE0, 0x7B, 0x80, 0xFE, 0x03, 0xF0, 0x07,
    0xC0, 0x1E, 0x00, 0x78, 0x01, 0xE0, 0x07, 0x00, 0x1C, 0x00, 0xF0, 0x03, 0x80, 0x0E, 0x00, 0x1F,
    0xE0, 0xFF, 0xC3, 0xFF, 0x00, 0x00, 0x00, 0x00, 0x00, 0x00, 0x78, 0x01, 0xF0, 0x0F, 0xC0, 0x3F,
    0x00, 0xFC, 0x03, 0xF8, 0x1E, 0xE0, 0x73, 0x81, 0xCE, 0x07, 0x3C, 0x3C, 0x70, 0xE1, 0xC3, 0x87,
    0x0F, 0xFE, 0x7F, 0xF9, 0xC0, 0xE7, 0x03, 0x9C, 0x0F, 0xF0, 0x1F, 0x80, 0x70, 0x1F, 0xE0, 0xFF,
    0x87, 0xFC, 0x00, 0x00, 0x00, 0x00, 0x00, 0x7F, 0x87, 0xFE, 0x3F, 0xFB, 0x81, 0xC0, 0x0E, 0x0F,
    0xF3, 0xFF, 0xBF, 0xFD, 0xE0, 0xEE, 0x07, 0xF0, 0x3B, 0x83, 0xDF, 0xFE, 0xFF, 0xF1, 0xFB, 0x80,
    0x38, 0x70, 0x7F, 0xC1, 0xFE, 0x03, 0xF0, 0x00, 0x00, 0x00, 0x00, 0x78, 0x01, 0xF0, 0x0F, 0xC0,
    0x3F, 0x00, 0xFC, 0x03, 0xF8, 0x1E, 0xE0, 0x73, 0x81, 0xCE, 0x07, 0x3C, 0x3C, 0x70, 0xE1, 0xC3,
    0x87, 0x0F, 0xFE, 0x7F, 0xF9, 0xC0, 0xE7, 0x03, 0x9C, 0x0F, 0xF0, 0x1F, 0x80, 0x70, 0x18, 0x70,
    0xFF, 0x87, 0xF8, 0x1F, 0x80, 0x00, 0x00, 0x00, 0x7F, 0x87, 0xFE, 0x3F, 0xFB, 0x81, 0xC0, 0x0E,
    0x0F, 0xF3, 0xFF, 0xBF, 0xFD, 0xE0, 0xEE, 0x07, 0xF0, 0x3B, 0x83, 0xDF, 0xFE, 0xFF, 0xF1, 0xFB,
    0x80, 0x07, 0x80, 0x0F, 0x80, 0x3F, 0x00, 0x7E, 0x00, 0xFC, 0x01, 0xFC, 0x07, 0xB8, 0x0E, 0x70,
    0x1C, 0xE0, 0x39, 0xE0, 0xF1, 0xC1, 0xC3, 0x83, 0x87, 0x07, 0xFF, 0x1F, 0xFE, 0x38, 0x1C, 0x70,
    0x38, 0xE0, 0x7B, 0xC0, 0x77, 0x00, 0xE0, 0x03, 0x80, 0x06, 0x00, 0x1C, 0x00, 0x3C, 0x00, 0x7E,
    0x00, 0x7C, 0x00, 0x10, 0x1F, 0xE0, 0x7F, 0xE0, 0xFF, 0xE3, 0x81, 0xC0, 0x03, 0x80, 0xFF, 0x0F,
    0xFE, 0x3F, 0xFC, 0x78, 0x38, 0xE0, 0x73, 0xC0, 0xE3, 0x83, 0xC7, 0xFF, 0x8F, 0xFF, 0x07, 0xEE,
    0x00, 0x1C, 0x00, 0x70, 0x01, 0xF8, 0x01, 0xF8, 0x03, 0xF0, 0x01, 0xC0, 0x1C, 0x01, 0xE0, 0x0E,
    0x00, 0x00, 0x00, 0x00, 0x7F, 0x07, 0xFC, 0x7F, 0xF7, 0x83, 0xB8, 0x1D, 0xC0, 0xEE, 0x00, 0x70,
    0x03, 0x80, 0x1C, 0x00, 0xE0, 0x07, 0x00, 0x38, 0x01, 0xC0, 0x0E, 0x07, 0x70, 0x3B, 0xC1, 0xCF,
    0xFE, 0x3F, 0xE0, 0xFE, 0x00, 0x01, 0xC0, 0x1E, 0x01, 0xE0, 0x0E, 0x00, 0x00, 0x00, 0x00, 0x7F,
    0x07, 0xFC, 0x7F, 0xF7, 0x83, 0xB8, 0x1D, 0xC0, 0x0E, 0x00, 0x70, 0x03, 0x80, 0x1C, 0x00, 0xE0,
    0x77, 0x83, 0x9F, 0xFC, 0xFF, 0xC1, 0xFC, 0x00, 0x0F, 0x00, 0xFC, 0x0F, 0xF0, 0xF3, 0xC0, 0x00,
    0x00, 0x00, 0x7F, 0x07, 0xFC, 0x7F, 0xF7, 0x83, 0xB8, 0x1D, 0xC0, 0xEE, 0x00, 0x70, 0x03, 0x80,
    0x1C, 0x00, 0xE0, 0x07, 0x00, 0x38, 0x01, 0xC0, 0x0E, 0x07, 0x70, 0x3B, 0xC1, 0xCF, 0xFE, 0x3F,
    0xE0, 0xFE, 0x00, 0x0F, 0x00, 0xFC, 0x0F, 0x70, 0xF1, 0xC0, 0x00, 0x00, 0x00, 0x7F, 0x07, 0xFC,
    0x7F, 0xF7, 0x83, 0xB8, 0x1D, 0xC0, 0x0E, 0x00, 0x70, 0x03, 0x80, 0x1C, 0x00, 0xE0, 0x77, 0x83,
    0x9F, 0xFC, 0xFF, 0xC1, 0xFC, 0x00, 0x0F, 0x00, 0x78, 0x03, 0xC0, 0x00, 0x00, 0x00, 0x0F, 0xE0,
    0xFF, 0x8F, 0xFE, 0xF0, 0x77, 0x03, 0xB8, 0x1D, 0xC0, 0x0E, 0x00, 0x70, 0x03, 0x80, 0x1C, 0x00,
    0xE0, 0x07, 0x00, 0x38, 0x01, 0xC0, 0xEE, 0x07, 0x78, 0x39, 0xFF, 0xC7, 0xFC, 0x1F, 0xC0, 0x0F,
    0x00, 0x7C, 0x03, 0xC0, 0x00, 0x00, 0x00, 0x0F, 0xE0, 0xFF, 0x8F, 0xFE, 0xF0, 0x77, 0x03, 0xB8,
    0x01, 0xC0, 0x0E, 0x00, 0x70, 0x03, 0x80, 0x1C, 0x0E, 0xF0, 0x73, 0xFF, 0x9F, 0xF8, 0x3F, 0x80,
    0x79, 0xE1, 0xFE, 0x07, 0xE0, 0x1E, 0x00, 0x00, 0x00, 0x00, 0x7F, 0x07, 0xFC, 0x7F, 0xF7, 0x83,
    0xB8, 0x1D, 0xC0, 0xEE, 0x00, 0x70, 0x03, 0x80, 0x1C, 0x00, 0xE0, 0x07, 0x00, 0x38, 0x01, 0xC0,
    0x0E, 0x07, 0x70, 0x3B, 0xC1, 0xCF, 0xFE, 0x3F, 0xE0, 0xFE, 0x00, 0x78, 0xE1, 0xEE, 0x07, 0xE0,
    0x1E, 0x00, 0x00, 0x00, 0x00, 0x7F, 0x07, 0xFC, 0x7F, 0xF7, 0x83, 0xB8, 0x1D, 0xC0, 0x0E, 0x00,
    0x70, 0x03, 0x80, 0x1C, 0x00, 0xE0, 0x77, 0x83, 0x9F, 0xFC, 0xFF, 0xC1, 0xFC, 0x00, 0x79, 0xE3,
    0xFC, 0x1F, 0x80, 0xF0, 0x00, 0x00, 0x00, 0xFF, 0x8F, 0xFC, 0xFF, 0xEE, 0x0F, 0xE0, 0x7E, 0x07,
    0xE0, 0x7E, 0x07, 0xE0, 0x7E, 0x07, 0xE0, 0x7E, 0x07, 0xE0, 0x7E, 0x07, 0xE0, 0x7E, 0x07, 0xE0,
    0xFF, 0xFE, 0xFF, 0xCF, 0xF8, 0x00, 0xF7, 0x00, 0xF6, 0x00, 0xFE, 0x00, 0xFE, 0x00, 0xFE, 0x3F,
    0xF0, 0x7F, 0xF0, 0x7F, 0xF0, 0x70, 0xF0, 0xF0, 0xF0, 0xF0, 0xF0, 0xF0, 0xF0, 0xF0, 0xF0, 0xF0,
    0xF0, 0xF0, 0xF0, 0xF0, 0xF0, 0x70, 0xF0, 0x7F, 0xF0, 0x7F, 0xF0, 0x3F, 0xF0, 0x3F, 0xE0, 0xFF,
    0xC3, 0xFF, 0x8E, 0x0F, 0x38, 0x1C, 0xE0, 0x73, 0x81, 0xCE, 0x07, 0x38, 0x1F, 0xFC, 0x7F, 0xF1,
    0xDF, 0xC7, 0x38, 0x1C, 0xE0, 0x73, 0x81, 0xCE, 0x07, 0x38, 0x3C, 0xFF, 0xE3, 0xFF, 0x0F, 0xF8,
    0x00, 0x70, 0x00, 0xE0, 0x3F, 0xF8, 0x7F, 0xF0, 0x7F, 0xC0, 0x0E, 0x0F, 0xDC, 0x3F, 0xF8, 0x7F,
    0xF1, 0xE1, 0xE3, 0x81, 0xC7, 0x03, 0x8E, 0x07, 0x1C, 0x0E, 0x38, 0x1C, 0x70, 0x38, 0xF0, 0xF0,
    0xFF, 0xE1, 0xFF, 0xC1, 0xFB, 0x80, 0x3F, 0xC1, 0xFF, 0x0F, 0xF8, 0x00, 0x00, 0x00, 0x00, 0x03,
    0xFF, 0xDF, 0xFE, 0xFF, 0xF7, 0x00, 0x38, 0x01, 0xC0, 0x0E, 0x00, 0x70, 0x03, 0xFF, 0x9F, 0xFC,
    0xFF, 0xE7, 0x00, 0x38, 0x01, 0xC0, 0x0E, 0x00, 0x70, 0x03, 0x80, 0x1F, 0xFE, 0xFF, 0xF7, 0xFF,
    0x80, 0x3F, 0xC7, 0xFE, 0x7F, 0xE0, 0x00, 0x00, 0x00, 0x00, 0x1F, 0x87, 0xFE, 0x7F, 0xFF, 0x07,
    0xE0, 0x7E, 0x07, 0xFF, 0xFF, 0xFF, 0xFF, 0xFE, 0x00, 0xE0, 0x0F, 0x07, 0x7F, 0xF7, 0xFE, 0x1F,
    0xC0, 0x30, 0xE1, 0xFF, 0x0F, 0xF0, 0x3F, 0x00, 0x00, 0x00, 0x03, 0xFF, 0xDF, 0xFE, 0xFF, 0xF7,
    0x00, 0x38, 0x01, 0xC0, 0x0E, 0x00, 0x70, 0x03, 0xFF, 0x9F, 0xFC, 0xFF, 0xE7, 0x00, 0x38, 0x01,
    0xC0, 0x0E, 0x00, 0x70, 0x03, 0x80, 0x1F, 0xFE, 0xFF, 0xF7, 0xFF, 0x80, 0x70, 0xE3, 0xFE, 0x3F,
    0xC1, 0xF8, 0x00, 0x00, 0x00, 0x1F, 0x87, 0xFE, 0x7F, 0xFF, 0x07, 0xE0, 0x7E, 0x07, 0xFF, 0xFF,
    0xFF, 0xFF, 0xFE, 0x00, 0xE0, 0x0F, 0x07, 0x7F, 0xF7, 0xFE, 0x1F, 0xC0, 0x0F, 0x00, 0x7C, 0x03,
    0xC0, 0x00, 0x00, 0x00, 0x7F, 0xFB, 0xFF, 0xDF, 0xFE, 0xE0, 0x07, 0x00, 0x38, 0x01, 0xC0, 0x0E,
    0x00, 0x7F, 0xF3, 0xFF, 0x9F, 0xFC, 0xE0, 0x07, 0x00, 0x38, 0x01, 0xC0, 0x0E, 0x00, 0x70, 0x03,
    0xFF, 0xDF, 0xFE, 0xFF, 0xF0, 0x0F, 0x00, 0xF0, 0x0F, 0x00, 0x00, 0x00, 0x01, 0xF8, 0x7F, 0xE7,
    0xFF, 0xF0, 0x7E, 0x07, 0xE0, 0x7F, 0xFF, 0xFF, 0xFF, 0xFF, 0xE0, 0x0E, 0x00, 0xF0, 0x77, 0xFF,
    0x7F, 0xE1, 0xFC, 0xFF, 0xF7, 0xFF, 0xBF, 0xFD, 0xC0, 0x0E, 0x00, 0x70, 0x03, 0x80, 0x1C, 0x00,
    0xFF, 0xE7, 0xFF, 0x3F, 0xF9, 0xC0, 0x0E, 0x00, 0x70, 0x03, 0x80, 0x1C, 0x00, 0xE0, 0x07, 0xFF,
    0xBF, 0xFD, 0xFF, 0xE0, 0x0E, 0x00, 0xE0, 0x06, 0x00, 0x78, 0x01, 0xF8, 0x0F, 0xC0, 0x0C, 0x1F,
    0x87, 0xFE, 0x7F, 0xEF, 0x07, 0xE0, 0x7E, 0x07, 0xFF, 0xFF, 0xFF, 0xFF, 0xFE, 0x00, 0xE0, 0x0F,
    0x07, 0x7F, 0xF7, 0xFE, 0x1F, 0xC0, 0x70, 0x07, 0x00, 0xF0, 0x07, 0xC0, 0x7E, 0x78, 0xE1, 0xEE,
    0x07, 0xE0, 0x1E, 0x00, 0x00, 0x00, 0x03, 0xFF, 0xDF, 0xFE, 0xFF, 0xF7, 0x00, 0x38, 0x01, 0xC0,
    0x0E, 0x00, 0x70, 0x03, 0xFF, 0x9F, 0xFC, 0xFF, 0xE7, 0x00, 0x38, 0x01, 0xC0, 0x0E, 0x00, 0x70,
    0x03, 0x80, 0x1F, 0xFE, 0xFF, 0xF7, 0xFF, 0x80, 0x79, 0xE3, 0xFC, 0x1F, 0x80, 0xF0, 0x00, 0x00,
    0x00, 0x1F, 0x87, 0xFE, 0x7F, 0xFF, 0x07, 0xE0, 0x7E, 0x07, 0xFF, 0xFF, 0xFF, 0xFF, 0xFE, 0x00,
    0xE0, 0x0F, 0x07, 0x7F, 0xF7, 0xFE, 0x1F, 0xC0, 0x0F, 0x01, 0xF8, 0x3F, 0xC7, 0x9E, 0x00, 0x00,
    0x00, 0x1F, 0xC7, 0xFE, 0x7F, 0xFF, 0x0F, 0xE0, 0x7E, 0x07, 0xE0, 0x0E, 0x00, 0xE0, 0x0E, 0x3F,
    0xE7, 0xFE, 0x7F, 0xE0, 0x7E, 0x07, 0xE0, 0x7E, 0x07, 0xF0, 0x77, 0xFF, 0x7F, 0xE1, 0xFC, 0x0F,
    0x01, 0xF8, 0x3F, 0xC7, 0x9E, 0x00, 0x00, 0x00, 0x3F, 0x77, 0xFF, 0x7F, 0xFF, 0x0F, 0xE0, 0x7E,
    0x07, 0xE0, 0x7E, 0x07, 0xE0, 0x7E, 0x07, 0xF0, 0xF7, 0x9F, 0x7F, 0xF3, 0xF7, 0x00, 0x70, 0x07,
    0x00, 0x71, 0xFF, 0x3F, 0xE3, 0xFC, 0x70, 0xE3, 0xFE, 0x3F, 0xC1, 0xF8, 0x00, 0x00, 0x00, 0x1F,
    0xC7, 0xFE, 0x7F, 0xFF, 0x0F, 0xE0, 0x7E, 0x07, 0xE0, 0x0E, 0x00, 0xE0, 0x0E, 0x3F, 0xE7, 0xFE,
    0x7F, 0xE0, 0x7E, 0x07, 0xE0, 0x7E, 0x07, 0xF0, 0x77, 0xFF, 0x7F, 0xE1, 0xFC, 0x70, 0xE3, 0xFC,
    0x3F, 0xC1, 0xF8, 0x00, 0x00, 0x00, 0x3F, 0x77, 0xFF, 0x7F, 0xFF, 0x0F, 0xE0, 0x7E, 0x07, 0xE0,
    0x7E, 0x07, 0xE0, 0x7E, 0x07, 0xF0, 0xF7, 0x9F, 0x7F, 0xF3, 0xF7, 0x00, 0x70, 0x07, 0x00, 0x71,
    0xFF, 0x3F, 0xE3, 0xFC, 0x0F, 0x00, 0xF0, 0x0F, 0x00, 0x00, 0x00, 0x01, 0xFC, 0x7F, 0xE7, 0xFF,
    0xF0, 0xFE, 0x07, 0xE0, 0x7E, 0x00, 0xE0, 0x0E, 0x00, 0xE3, 0xFE, 0x7F, 0xE7, 0xFE, 0x07, 0xE0,
    0x7E, 0x07, 0xE0, 0x7F, 0x07, 0x7F, 0xF7, 0xFE, 0x1F, 0xC0, 0x0F, 0x00, 0xF0, 0x0F, 0x00, 0x00,
    0x00, 0x03, 0xF7, 0x7F, 0xF7, 0xFF, 0xF0, 0xFE, 0x07, 0xE0, 0x7E, 0x07, 0xE0, 0x7E, 0x07, 0xE0,
    0x7F, 0x0F, 0x79, 0xF7, 0xFF, 0x3F, 0x70, 0x07, 0x00, 0x70, 0x07, 0x1F, 0xF3, 0xFE, 0x3F, 0xC0,
    0x1F, 0xC7, 0xFE, 0x7F, 0xFF, 0x0F, 0xE0, 0x7E, 0x07, 0xE0, 0x0E, 0x00, 0xE0, 0x0E, 0x3F, 0xE7,
    0xFE, 0x7F, 0xE0, 0x7E, 0x07, 0xE0, 0x7E, 0x07, 0xF0, 0x77, 0xFF, 0x7F, 0xE1, 0xFC, 0x00, 0x00,
    0x00, 0x07, 0x80, 0xF0, 0x0E, 0x01, 0xE0, 0x01, 0x80, 0x38, 0x03, 0x80, 0x78, 0x07, 0x00, 0xF0,
    0x1F, 0x00, 0x00, 0x00, 0x03, 0xF7, 0x7F, 0xF7, 0xFF, 0xF0, 0xFE, 0x07, 0xE0, 0x7E, 0x07, 0xE0,
    0x7E, 0x07, 0xE0, 0x7F, 0x0F, 0x79, 0xF7, 0xFF, 0x3F, 0x70, 0x07, 0x00, 0x70, 0x07, 0x1F, 0xF3,
    0xFE, 0x3F, 0xC0, 0x0F, 0x01, 0xF8, 0x3F, 0xC7, 0x9E, 0x00, 0x00, 0x00, 0xE0, 0x7E, 0x07, 0xE0,
    0x7E, 0x07, 0xE0, 0x7E, 0x07, 0xE0, 0x7E, 0x07, 0xFF, 0xFF, 0xFF, 0xFF, 0xFE, 0x07, 0xE0, 0x7E,
    0x07, 0xE0, 0x7E, 0x07, 0xE0, 0x7E, 0x07, 0xE0, 0x7E, 0x07, 0x0F, 0x00, 0x1F, 0x80, 0x3F, 0xC0,
    0x79, 0xE0, 0x00, 0x00, 0x00, 0x00, 0x0E, 0x00, 0x0E, 0x00, 0x0E, 0x00, 0x0E, 0x00, 0x0E, 0x00,
    0x0E, 0xFC, 0x0F, 0xFE, 0x0F, 0xFF, 0x0F, 0x0F, 0x0E, 0x07, 0x0E, 0x07, 0x0E, 0x07, 0x0E, 0x07,
    0x0E, 0x07, 0x0E, 0x07, 0x0E, 0x07, 0x0E, 0x07, 0x0E, 0x07, 0x0E, 0x07, 0x0E, 0x07, 0x38, 0x1C,
    0x38, 0x1C, 0x38, 0x1C, 0x7F, 0xFF, 0xFF, 0xFF, 0xFF, 0xFF, 0x38, 0x1C, 0x38, 0x1C, 0x3F, 0xFC,
    0x3F, 0xFC, 0x3F, 0xFC, 0x38, 0x1C, 0x38, 0x1C, 0x38, 0x1C, 0x38, 0x1C, 0x38, 0x1C, 0x38, 0x1C,
    0x38, 0x1C, 0x38, 0x1C, 0x38, 0x1C, 0x38, 0x00, 0xE0, 0x0F, 0xF8, 0x3F, 0xF0, 0xFF, 0xC0, 0xE0,
    0x03, 0x80, 0x0E, 0xFC, 0x3F, 0xF8, 0xF9, 0xF3, 0xC3, 0xCE, 0x07, 0x38, 0x1C, 0xE0, 0x73, 0x81,
    0xCE, 0x07, 0x38, 0x1C, 0xE0, 0x73, 0x81, 0xCE, 0x07, 0x1C, 0xE3, 0xEE, 0x77, 0xE7, 0x3C, 0x00,
    0x00, 0x00, 0xFF, 0xFF, 0xFF, 0x7F, 0xE0, 0xF0, 0x0F, 0x00, 0xF0, 0x0F, 0x00, 0xF0, 0x0F, 0x00,
    0xF0, 0x0F, 0x00, 0xF0, 0x0F, 0x00, 0xF0, 0x0F, 0x00, 0xF0, 0x0F, 0x07, 0xFE, 0xFF, 0xFF, 0xFF,
    0x1C, 0x61, 0xF3, 0x0D, 0xF8, 0x67, 0x80, 0x00, 0x00, 0x03, 0xFC, 0x1F, 0xE0, 0x7F, 0x00, 0x38,
    0x01, 0xC0, 0x0E, 0x00, 0x70, 0x03, 0x80, 0x1C, 0x00, 0xE0, 0x07, 0x00, 0x38, 0x1F, 0xFF, 0xFF,
    0xFF, 0xFF, 0x80, 0x3F, 0xC7, 0xFE, 0x7F, 0xE0, 0x00, 0x00, 0x00, 0x00, 0xFF, 0xFF, 0xFF, 0x7F,
    0xE0, 0xF0, 0x0F, 0x00, 0xF0, 0x0F, 0x00, 0xF0, 0x0F, 0x00, 0xF0, 0x0F, 0x00, 0xF0, 0x0F, 0x00,
    0xF0, 0x0F, 0x00, 0xF0, 0x0F, 0x07, 0xFE, 0xFF, 0xFF, 0xFF, 0x3F, 0xE1, 0xFF, 0x0F, 0xF8, 0x00,
    0x00, 0x00, 0x00, 0x03, 0xFC, 0x1F, 0xE0, 0x7F, 0x00, 0x38, 0x01, 0xC0, 0x0E, 0x00, 0x70, 0x03,
    0x80, 0x1C, 0x00, 0xE0, 0x07, 0x00, 0x38, 0x1F, 0xFF, 0xFF, 0xFF, 0xFF, 0x80, 0x70, 0xE3, 0xFE,
    0x3F, 0xC1, 0xF8, 0x00, 0x00, 0x00, 0xFF, 0xFF, 0xFF, 0x7F, 0xE0, 0xF0, 0x0F, 0x00, 0xF0, 0x0F,
    0x00, 0xF0, 0x0F, 0x00, 0xF0, 0x0F, 0x00, 0xF0, 0x0F, 0x00, 0xF0, 0x0F, 0x00, 0xF0, 0x0F, 0x07,
    0xFE, 0xFF, 0xFF, 0xFF, 0x38, 0xE1, 0xFF, 0x07, 0xF0, 0x1F, 0x00, 0x00, 0x00, 0x03, 0xFC, 0x1F,
    0xE0, 0x7F, 0x00, 0x38, 0x01, 0xC0, 0x0E, 0x00, 0x70, 0x03, 0x80, 0x1C, 0x00, 0xE0, 0x07, 0x00,
    0x38, 0x1F, 0xFF, 0xFF, 0xFF, 0xFF, 0x80, 0xFF, 0xFF, 0xFF, 0x7F, 0xE0, 0xF0, 0x0F, 0x00, 0xF0,
    0x0F, 0x00, 0xF0, 0x0F, 0x00, 0xF0, 0x0F, 0x00, 0xF0, 0x0F, 0x00, 0xF0, 0x0F, 0x00, 0xF0, 0x0F,
    0x07, 0xFE, 0xFF, 0xFF, 0xFF, 0x0E, 0x01, 0xC0, 0x1C, 0x01, 0xC0, 0x1F, 0x80, 0xF8, 0x03, 0x00,
    0x07, 0x00, 0x7C, 0x01, 0xC0, 0x00, 0x00, 0x00, 0x00, 0x03, 0xFC, 0x1F, 0xE0, 0x7F, 0x00, 0x38,
    0x01, 0xC0, 0x0E, 0x00, 0x70, 0x03, 0x80, 0x1C, 0x00, 0xE0, 0x07, 0x00, 0x38, 0x1F, 0xFF, 0xFF,
    0xFF, 0xFF, 0x87, 0x00, 0x30, 0x03, 0x80, 0x1E, 0x00, 0xFC, 0x03, 0xE0, 0x02, 0x00, 0x0F, 0x00,
    0xF0, 0x0F, 0x00, 0x00, 0x00, 0x0F, 0xFF, 0xFF, 0xF7, 0xFE, 0x0F, 0x00, 0xF0, 0x0F, 0x00, 0xF0,
    0x0F, 0x00, 0xF0, 0x0F, 0x00, 0xF0, 0x0F, 0x00, 0xF0, 0x0F, 0x00, 0xF0, 0x0F, 0x00, 0xF0, 0x7F,
    0xEF, 0xFF, 0xFF, 0xF0, 0xFF, 0x07, 0xF8, 0x1F, 0xC0, 0x0E, 0x00, 0x70, 0x03, 0x80, 0x1C, 0x00,
    0xE0, 0x07, 0x00, 0x38, 0x01, 0xC0, 0x0E, 0x07, 0xFF, 0xFF, 0xFF, 0xFF, 0xE0, 0xFF, 0x8F, 0xFF,
    0x8F, 0x7F, 0x0F, 0x1C, 0x0F, 0x1C, 0x0F, 0x1C, 0x0F, 0x1C, 0x0F, 0x1C, 0x0F, 0x1C, 0x0F, 0x1C,
    0x0F, 0x1C, 0x0F, 0xFF, 0x8F, 0xFF, 0x8F, 0x7F, 0x0F, 0x00, 0x0E, 0x1C, 0x0E, 0x1E, 0x1E, 0x0F,
    0xFE, 0x0F, 0xFC, 0x03, 0xF8, 0xF0, 0xF7, 0x87, 0xBC, 0x3C, 0x00, 0x00, 0x00, 0x38, 0x39, 0xC1,
    0xCE, 0x0E, 0x70, 0x73, 0x83, 0x9C, 0x1C, 0xE0, 0xE7, 0x07, 0x38, 0x39, 0xC1, 0xCE, 0x0E, 0x70,
    0x73, 0x83, 0x9C, 0x1C, 0xE0, 0xE0, 0x0F, 0x00, 0x71, 0xFF, 0x8F, 0xF8, 0x7F, 0x80, 0x00, 0x78,
    0x00, 0x7E, 0x00, 0x7F, 0x80, 0x79, 0xE0, 0x00, 0x00, 0x00, 0x00, 0x00, 0xE0, 0x00, 0x70, 0x00,
    0x38, 0x00, 0x1C, 0x00, 0x0E, 0x00, 0x07, 0x00, 0x03, 0x80, 0x01, 0xC0, 0x00, 0xE0, 0x00, 0x70,
    0x00, 0x38, 0x00, 0x1C, 0x00, 0x0E, 0x00, 0x07, 0x0E, 0x07, 0x87, 0x03, 0xC3, 0xC1, 0xC0, 0xFF,
    0xE0, 0x7F, 0xE0, 0x0F, 0xE0, 0x00, 0x03, 0xC0, 0x1F, 0x80, 0xFF, 0x07, 0x9E, 0x00, 0x00, 0x00,
    0x0F, 0xFC, 0x3F, 0xF0, 0x7F, 0xC0, 0x07, 0x00, 0x1C, 0x00, 0x70, 0x01, 0xC0, 0x07, 0x00, 0x1C,
    0x00, 0x70, 0x01, 0xC0, 0x07, 0x00, 0x1C, 0x00, 0x70, 0x01, 0xC0, 0x07, 0x00, 0x3C, 0x1F, 0xE0,
    0xFF, 0x83, 0xF8, 0x00, 0xE0, 0x3B, 0x81, 0xCE, 0x07, 0x38, 0x3C, 0xE0, 0xE3, 0x87, 0x8E, 0x1C,
    0x38, 0xF0, 0xFF, 0x83, 0xFE, 0x0F, 0xF8, 0x38, 0xE0, 0xE3, 0xC3, 0x87, 0x0E, 0x1E, 0x38, 0x38,
    0xE0, 0xF3, 0x81, 0xCE, 0x07, 0xB8, 0x0E, 0x00, 0x00, 0x00, 0x00, 0x78, 0x03, 0xC0, 0x0E, 0x00,
    0x70, 0x00, 0xE0, 0x03, 0x80, 0x0E, 0x00, 0x38, 0x00, 0xE0, 0x03, 0x81, 0xEE, 0x07, 0x38, 0x3C,
    0xE1, 0xE3, 0x87, 0x0E, 0x38, 0x3F, 0xE0, 0xFF, 0x83, 0xFE, 0x0E, 0x3C, 0x38, 0x78, 0xE0, 0xE3,
    0x83, 0xCE, 0x07, 0xB8, 0x0E, 0x00, 0x00, 0x00, 0x00, 0x78, 0x03, 0xC0, 0x0E, 0x00, 0x70, 0x00,
    0xF0, 0x7B, 0xC1, 0xCF, 0x0F, 0x3C, 0x78, 0xF1, 0xC3, 0xCF, 0x0F, 0xF8, 0x3F, 0xE0, 0xFF, 0xC3,
    0xC7, 0x0F, 0x1E, 0x3C, 0x38, 0xF0, 0xF3, 0xC1, 0xEF, 0x03, 0x80, 0x3C, 0x03, 0x80, 0x70, 0x0E,
    0x00, 0x00, 0x00, 0x00, 0xE0, 0x0E, 0x00, 0xE0, 0x0E, 0x00, 0xE0, 0x0E, 0x00, 0xE0, 0x0E, 0x00,
    0xE0, 0x0E, 0x00, 0xE0, 0x0E, 0x00, 0xE0, 0x0E, 0x00, 0xE0, 0x0E, 0x00, 0xE0, 0x0F, 0xFF, 0xFF,
    0xFF, 0xFF, 0x01, 0xC0, 0x07, 0x80, 0x0E, 0x00, 0x38, 0x00, 0x00, 0x00, 0x00, 0x3F, 0xE0, 0x7F,
    0xC0, 0x7F, 0x80, 0x07, 0x00, 0x0E, 0x00, 0x1C, 0x00, 0x38, 0x00, 0x70, 0x00, 0xE0, 0x01, 0xC0,
    0x03, 0x80, 0x07, 0x00, 0x0E, 0x00, 0x1C, 0x00, 0x38, 0x00, 0x70, 0x00, 0xE0, 0x01, 0xFF, 0x03,
    0xFE, 0x03, 0xFC, 0xE0, 0x0E, 0x00, 0xE0, 0x0E, 0x00, 0xE0, 0x0E, 0x00, 0xE0, 0x0E, 0x00, 0xE0,
    0x0E, 0x00, 0xE0, 0x0E, 0x00, 0xE0, 0x0E, 0x00, 0xE0, 0x0E, 0x00, 0xE0, 0x0F, 0xFF, 0xFF, 0xFF,
    0xFF, 0x00, 0x00, 0x00, 0x07, 0x80, 0xF0, 0x0E, 0x01, 0xE0, 0xFF, 0x81, 0xFF, 0x01, 0xFE, 0x00,
    0x1C, 0x00, 0x38, 0x00, 0x70, 0x00, 0xE0, 0x01, 0xC0, 0x03, 0x80, 0x07, 0x00, 0x0E, 0x00, 0x1C,
    0x00, 0x38, 0x00, 0x70, 0x00, 0xE0, 0x01, 0xC0, 0x03, 0x80, 0x07, 0xFC, 0x0F, 0xF8, 0x0F, 0xF0,
    0x00, 0x00, 0x00, 0x00, 0x78, 0x00, 0xE0, 0x03, 0xC0, 0x07, 0x00, 0xE3, 0x8E, 0x38, 0xE3, 0x8E,
    0x38, 0xE3, 0x8E, 0x00, 0xE0, 0x0E, 0x00, 0xE0, 0x0E, 0x00, 0xE0, 0x0E, 0x00, 0xE0, 0x0E, 0x00,
    0xE0, 0x0E, 0x00, 0xE0, 0x0F, 0xFF, 0xFF, 0xFF, 0xFF, 0xFF, 0x9D, 0xFF, 0x39, 0xFE, 0x70, 0x1C,
    0xE0, 0x39, 0xC0, 0x70, 0x00, 0xE0, 0x01, 0xC0, 0x03, 0x80, 0x07, 0x00, 0x0E, 0x00, 0x1C, 0x00,
    0x38, 0x00, 0x70, 0x00, 0xE0, 0x01, 0xC0, 0x03, 0x80, 0x07, 0xFC, 0x0F, 0xF8, 0x0F, 0xF0, 0xE0,
    0x0E, 0x00, 0xE0, 0x0E, 0x00, 0xE0, 0x0E, 0x00, 0xE0, 0x0E, 0x00, 0xE0, 0x0E, 0x0F, 0xE1, 0xFE,
    0x1F, 0xE0, 0xFE, 0x00, 0xE0, 0x0E, 0x00, 0xE0, 0x0F, 0xFF, 0xFF, 0xFF, 0xFF, 0xFF, 0x00, 0x7F,
    0x80, 0x1F, 0xC0, 0x00, 0xE0, 0x00, 0x70, 0x00, 0x38, 0x00, 0x1C, 0x00, 0x0E, 0x00, 0x07, 0x00,
    0x03, 0x83, 0xC1, 0xC3, 0xE0, 0xE1, 0xF0, 0x70, 0x78, 0x38, 0x00, 0x1C, 0x00, 0x0E, 0x00, 0x07,
    0x00, 0x03, 0xFE, 0x00, 0xFF, 0x80, 0x3F, 0xC0, 0x1C, 0x00, 0x38, 0x00, 0x70, 0x00, 0xE0, 0x01,
    0xC0, 0x03, 0x8C, 0x07, 0x78, 0x0F, 0xE0, 0x1F, 0x80, 0x3C, 0x00, 0xF0, 0x07, 0xE0, 0x0F, 0xC0,
    0x1B, 0x80, 0x07, 0x00, 0x0E, 0x00, 0x1C, 0x00, 0x3F, 0xFC, 0x7F, 0xF8, 0xFF, 0xF0, 0xFF, 0x81,
    0xFF, 0x01, 0xFE, 0x00, 0x1C, 0x00, 0x38, 0x00, 0x73, 0x00, 0xFE, 0x01, 0xF8, 0x03, 0xE0, 0x0F,
    0x00, 0x3E, 0x01, 0xFC, 0x03, 0xB8, 0x06, 0x70, 0x00, 0xE0, 0x01, 0xC0, 0x03, 0x80, 0x07, 0xFC,
    0x0F, 0xF8, 0x0F, 0xF0, 0x01, 0xC0, 0x38, 0x07, 0x80, 0xF0, 0x00, 0x00, 0x00, 0xF0, 0x7F, 0x87,
    0xF8, 0x7F, 0x87, 0xFC, 0x7F, 0xC7, 0xFC, 0x7E, 0xE7, 0xEE, 0x7E, 0xE7, 0xE7, 0x7E, 0x77, 0xE3,
    0x7E, 0x3F, 0xE3, 0xFE, 0x1F, 0xE1, 0xFE, 0x1F, 0xE0, 0xFE, 0x0F, 0x01, 0xC0, 0x38, 0x07, 0x80,
    0x70, 0x00, 0x00, 0x00, 0xEF, 0xCF, 0xFE, 0xFF, 0xFF, 0x0F, 0xE0, 0x7E, 0x07, 0xE0, 0x7E, 0x07,
    0xE0, 0x7E, 0x07, 0xE0, 0x7E, 0x07, 0xE0, 0x7E, 0x07, 0xE0, 0x70, 0xF0, 0x7F, 0x87, 0xF8, 0x7F,
    0x87, 0xFC, 0x7F, 0xC7, 0xFC, 0x7E, 0xE7, 0xEE, 0x7E, 0xE7, 0xE7, 0x7E, 0x77, 0xE3, 0x7E, 0x3F,
    0xE3, 0xFE, 0x1F, 0xE1, 0xFE, 0x1F, 0xE0, 0xFE, 0x0F, 0x00, 0x00, 0x00, 0x07, 0x80, 0xF0, 0x0E,
    0x01, 0xC0, 0xEF, 0xCF, 0xFE, 0xFF, 0xFF, 0x0F, 0xE0, 0x7E, 0x07, 0xE0, 0x7E, 0x07, 0xE0, 0x7E,
    0x07, 0xE0, 0x7E, 0x07, 0xE0, 0x7E, 0x07, 0xE0, 0x70, 0x00, 0x00, 0x00, 0x78, 0x0F, 0x00, 0xE0,
    0x1C, 0x00, 0x79, 0xE3, 0xFC, 0x1F, 0x80, 0xF0, 0x00, 0x00, 0x00, 0xF0, 0x7F, 0x87, 0xF8, 0x7F,
    0x87, 0xFC, 0x7F, 0xC7, 0xFC, 0x7E, 0xE7, 0xEE, 0x7E, 0xE7, 0xE7, 0x7E, 0x77, 0xE3, 0x7E, 0x3F,
    0xE3, 0xFE, 0x1F, 0xE1, 0xFE, 0x1F, 0xE0, 0xFE, 0x0F, 0x79, 0xE3, 0xFC, 0x1F, 0x80, 0xF0, 0x00,
    0x00, 0x00, 0xEF, 0xCF, 0xFE, 0xFF, 0xFF, 0x0F, 0xE0, 0x7E, 0x07, 0xE0, 0x7E, 0x07, 0xE0, 0x7E,
    0x07, 0xE0, 0x7E, 0x07, 0xE0, 0x7E, 0x07, 0xE0, 0x70, 0x1C, 0x00, 0x70, 0x01, 0xE0, 0x03, 0x80,
    0x00, 0x00, 0x00, 0x00, 0x00, 0x00, 0x0E, 0xFC, 0x1F, 0xFC, 0x3F, 0xFC, 0x78, 0x78, 0xE0, 0x71,
    0xC0, 0xE3, 0x81, 0xC7, 0x03, 0x8E, 0x07, 0x1C, 0x0E, 0x38, 0x1C, 0x70, 0x38, 0xE0, 0x71, 0xC0,
    0xE3, 0x81, 0xC0, 0xF0, 0x7F, 0x87, 0xF8, 0x7F, 0x87, 0xFC, 0x7F, 0xC7, 0xEE, 0x7E, 0xE7, 0xEE,
    0x7E, 0x77, 0xE7, 0x7E, 0x3F, 0xE3, 0xFE, 0x3F, 0xE1, 0xFE, 0x1F, 0xE0, 0xFE, 0x0F, 0xE0, 0x7E,
    0x07, 0x00, 0x70, 0x0F, 0x07, 0xE0, 0xFE, 0x0F, 0xC0, 0xEF, 0xCF, 0xFE, 0xFF, 0xFF, 0x0F, 0xF0,
    0x7E, 0x07, 0xE0, 0x7E, 0x07, 0xE0, 0x7E, 0x07, 0xE0, 0x7E, 0x07, 0xE0, 0x7E, 0x07, 0xE0, 0x70,
    0x07, 0x00, 0xF0, 0x7E, 0x0F, 0xE0, 0xFC, 0x3F, 0xC7, 0xFE, 0x7F, 0xE0, 0x00, 0x00, 0x00, 0x00,
    0x1F, 0x87, 0xFE, 0x7F, 0xEF, 0x0F, 0xE0, 0x7E, 0x07, 0xE0, 0x7E, 0x07, 0xE0, 0x7E, 0x07, 0xE0,
    0x7E, 0x07, 0xE0, 0x7E, 0x07, 0xE0, 0x7E, 0x07, 0xF0, 0xF7, 0xFE, 0x7F, 0xE1, 0xFC, 0x3F, 0xC7,
    0xFE, 0x7F, 0xE0, 0x00, 0x00, 0x00, 0x00, 0x1F, 0xC7, 0xFE, 0x7F, 0xFF, 0x0F, 0xE0, 0x7E, 0x07,
    0xE0, 0x7E, 0x07, 0xE0, 0x7E, 0x07, 0xE0, 0x7F, 0x0F, 0x7F, 0xE7, 0xFE, 0x1F, 0xC0, 0x70, 0xE3,
    0xFE, 0x3F, 0xC1, 0xF8, 0x00, 0x00, 0x00, 0x1F, 0x87, 0xFE, 0x7F, 0xEF, 0x0F, 0xE0, 0x7E, 0x07,
    0xE0, 0x7E, 0x07, 0xE0, 0x7E, 0x07, 0xE0, 0x7E, 0x07, 0xE0, 0x7E, 0x07, 0xE0, 0x7E, 0x07, 0xF0,
    0xF7, 0xFE, 0x7F, 0xE1, 0xFC, 0x70, 0xE3, 0xFE, 0x3F, 0xC1, 0xF8, 0x00, 0x00, 0x00, 0x1F, 0xC7,
    0xFE, 0x7F, 0xFF, 0x0F, 0xE0, 0x7E, 0x07, 0xE0, 0x7E, 0x07, 0xE0, 0x7E, 0x07, 0xE0, 0x7F, 0x0F,
    0x7F, 0xE7, 0xFE, 0x1F, 0xC0, 0x0E, 0x70, 0xF7, 0x87, 0x78, 0x73, 0x80, 0x00, 0x00, 0x00, 0x7E,
    0x0F, 0xFC, 0x7F, 0xE7, 0x87, 0xB8, 0x1D, 0xC0, 0xEE, 0x07, 0x70, 0x3B, 0x81, 0xDC, 0x0E, 0xE0,
    0x77, 0x03, 0xB8, 0x1D, 0xC0, 0xEE, 0x07, 0x70, 0x3B, 0xC3, 0xCF, 0xFC, 0x7F, 0xE0, 0xFE, 0x00,
    0x0E, 0x70, 0xF7, 0x87, 0x78, 0x73, 0x80, 0x00, 0x00, 0x00, 0x7F, 0x0F, 0xFC, 0x7F, 0xF7, 0x87,
    0xB8, 0x1D, 0xC0, 0xEE, 0x07, 0x70, 0x3B, 0x81, 0xDC, 0x0E, 0xE0, 0x77, 0x87, 0x9F, 0xF8, 0xFF,
    0xC1, 0xFC, 0x00, 0x3F, 0xFE, 0xFF, 0xFF, 0xFF, 0xF7, 0x0E, 0x0E, 0x1C, 0x1C, 0x38, 0x38, 0x70,
    0x70, 0xE0, 0xE1, 0xFD, 0xC3, 0xFB, 0x87, 0xF7, 0x0E, 0x0E, 0x1C, 0x1C, 0x38, 0x38, 0x70, 0x70,
    0xE0, 0xE1, 0xC1, 0xFF, 0xF9, 0xFF, 0xF9, 0xFF, 0xF0, 0x3E, 0x7C, 0x7F, 0xFE, 0x7F, 0xFE, 0x73,
    0xCF, 0x71, 0xC7, 0x71, 0xC7, 0x71, 0xFF, 0x71, 0xFF, 0x71, 0xFE, 0x71, 0xC0, 0x71, 0xC0, 0x73,
    0xCE, 0x7F, 0xFE, 0x7F, 0xFE, 0x3E, 0x7C, 0x01, 0xC0, 0x1C, 0x01, 0xE0, 0x1E, 0x00, 0x00, 0x00,
    0x03, 0xFF, 0x1F, 0xFC, 0xFF, 0xF7, 0x03, 0xB8, 0x1F, 0xC0, 0xFE, 0x07, 0xF0, 0x3F, 0x81, 0xDF,
    0xFE, 0xFF, 0xE7, 0xFE, 0x38, 0xE1, 0xC3, 0x8E, 0x1C, 0x70, 0xF3, 0x83, 0x9C, 0x1E, 0xE0, 0x77,
    0x03, 0xC0, 0x03, 0xC0, 0x78, 0x07, 0x00, 0xE0, 0x00, 0x00, 0x00, 0xEF, 0xCF, 0xFE, 0xFF, 0xEE,
    0x0E, 0xE0, 0xFE, 0x0F, 0xE0, 0x7E, 0x00, 0xE0, 0x0E, 0x00, 0xE0, 0x0E, 0x00, 0xE0, 0x0E, 0x00,
    0xE0, 0x00, 0xFF, 0xC7, 0xFF, 0x3F, 0xFD, 0xC0, 0xEE, 0x07, 0xF0, 0x3F, 0x81, 0xFC, 0x0F, 0xE0,
    0x77, 0xFF, 0xBF, 0xF9, 0xFF, 0x8E, 0x38, 0x70, 0xE3, 0x87, 0x1C, 0x3C, 0xE0, 0xE7, 0x07, 0xB8,
    0x1D, 0xC0, 0xF0, 0x00, 0x00, 0x00, 0x1E, 0x01, 0xE0, 0x0E, 0x00, 0xE0, 0x00, 0x1D, 0xF8, 0x3F,
    0xF8, 0x7F, 0xF0, 0xE0, 0xE1, 0xC1, 0xE3, 0x83, 0xC7, 0x03, 0x8E, 0x00, 0x1C, 0x00, 0x38, 0x00,
    0x70, 0x00, 0xE0, 0x01, 0xC0, 0x03, 0x80, 0x07, 0x00, 0x00, 0x00, 0x00, 0x00, 0x38, 0x00, 0xF0,
    0x03, 0xC0, 0x07, 0x00, 0x00, 0x79, 0xE1, 0xFE, 0x07, 0xE0, 0x1E, 0x00, 0x00, 0x00, 0x03, 0xFF,
    0x1F, 0xFC, 0xFF, 0xF7, 0x03, 0xB8, 0x1F, 0xC0, 0xFE, 0x07, 0xF0, 0x3F, 0x81, 0xDF, 0xFE, 0xFF,
    0xE7, 0xFE, 0x38, 0xE1, 0xC3, 0x8E, 0x1C, 0x70, 0xF3, 0x83, 0x9C, 0x1E, 0xE0, 0x77, 0x03, 0xC0,
    0x71, 0xE3, 0xBC, 0x1F, 0x80, 0xF0, 0x00, 0x00, 0x00, 0xEF, 0xCF, 0xFE, 0xFF, 0xEE, 0x0E, 0xE0,
    0xFE, 0x0F, 0xE0, 0x7E, 0x00, 0xE0, 0x0E, 0x00, 0xE0, 0x0E, 0x00, 0xE0, 0x0E, 0x00, 0xE0, 0x00,
    0x00, 0xE0, 0x07, 0x00, 0x3C, 0x01, 0xE0, 0x00, 0x00, 0x00, 0x00, 0xFC, 0x0F, 0xFC, 0x3F, 0xF1,
    0xE1, 0xE7, 0x03, 0x9C, 0x04, 0x78, 0x00, 0xF0, 0x03, 0xF8, 0x07, 0xF8, 0x07, 0xF0, 0x03, 0xE0,
    0x03, 0x80, 0x0F, 0x70, 0x3D, 0xC0, 0xF7, 0x83, 0x9F, 0xFE, 0x3F, 0xF0, 0x7F, 0x80, 0x01, 0xC0,
    0x38, 0x07, 0x80, 0xF0, 0x00, 0x00, 0x00, 0x3F, 0xC7, 0xFE, 0xFF, 0xFE, 0x07, 0xE0, 0x0F, 0x00,
    0x7F, 0xC3, 0xFE, 0x07, 0xF0, 0x07, 0xE0, 0x7E, 0x07, 0xFF, 0xF7, 0xFE, 0x3F, 0xC0, 0x07, 0x80,
    0x3F, 0x01, 0xFE, 0x0F, 0x3C, 0x00, 0x00, 0x00, 0x00, 0xFC, 0x0F, 0xFC, 0x3F, 0xF1, 0xE1, 0xE7,
    0x03, 0x9C, 0x04, 0x78, 0x00, 0xF0, 0x03, 0xF8, 0x07, 0xF8, 0x07, 0xF0, 0x03, 0xE0, 0x03, 0x80,
    0x0F, 0x70, 0x3D, 0xC0, 0xF7, 0x83, 0x9F, 0xFE, 0x3F, 0xF0, 0x7F, 0x80, 0x0F, 0x01, 0xF8, 0x3F,
    0xC7, 0x9E, 0x00, 0x00, 0x00, 0x3F, 0xC7, 0xFE, 0xFF, 0xFE, 0x07, 0xE0, 0x0F, 0x00, 0x7F, 0xC3,
    0xFE, 0x07, 0xF0, 0x07, 0xE0, 0x7E, 0x07, 0xFF, 0xF7, 0xFE, 0x3F, 0xC0, 0x0F, 0xC0, 0xFF, 0xC3,
    0xFF, 0x1E, 0x1E, 0x70, 0x39, 0xC0, 0x47, 0x80, 0x0F, 0x00, 0x3F, 0x80, 0x7F, 0x80, 0x7F, 0x00,
    0x3E, 0x00, 0x38, 0x00, 0xF7, 0x03, 0xDC, 0x0F, 0x78, 0x39, 0xFF, 0xE3, 0xFF, 0x07, 0xF8, 0x06,
    0x00, 0x1F, 0x00, 0x1C, 0x00, 0x70, 0x0F, 0xC0, 0x18, 0x00, 0x3F, 0xC7, 0xFE, 0xFF, 0xFE, 0x07,
    0xE0, 0x0F, 0x00, 0x7F, 0xC3, 0xFE, 0x07, 0xF0, 0x07, 0xE0, 0x7E, 0x07, 0xFF, 0xF7, 0xFE, 0x3F,
    0xC0, 0xE0, 0x0F, 0x80, 0x3C, 0x03, 0xC1, 0xF8, 0x0C, 0x00, 0x3C, 0xF0, 0x7F, 0x80, 0xFC, 0x01,
    0xE0, 0x00, 0x00, 0x00, 0x00, 0xFC, 0x0F, 0xFC, 0x3F, 0xF1, 0xE1, 0xE7, 0x03, 0x9C, 0x04, 0x78,
    0x00, 0xF0, 0x03, 0xF8, 0x07, 0xF8, 0x07, 0xF0, 0x03, 0xE0, 0x03, 0x80, 0x0F, 0x70, 0x3D, 0xC0,
    0xF7, 0x83, 0x9F, 0xFE, 0x3F, 0xF0, 0x7F, 0x80, 0x79, 0xE3, 0xFC, 0x1F, 0x80, 0xF0, 0x00, 0x00,
    0x00, 0x3F, 0xC7, 0xFE, 0xFF, 0xFE, 0x07, 0xE0, 0x0F, 0x00, 0x7F, 0xC3, 0xFE, 0x07, 0xF0, 0x07,
    0xE0, 0x7E, 0x07, 0xFF, 0xF7, 0xFE, 0x3F, 0xC0, 0xFF, 0xFF, 0xFF, 0xF7, 0xFF, 0x80, 0xE0, 0x03,
    0x80, 0x0E, 0x00, 0x38, 0x00, 0xE0, 0x03, 0x80, 0x0E, 0x00, 0x38, 0x00, 0xE0, 0x03, 0x80, 0x0E,
    0x00, 0x38, 0x00, 0xE0, 0x03, 0x80, 0x0E, 0x00, 0x38, 0x00, 0xE0, 0x03, 0x80, 0x0F, 0x80, 0x0E,
    0x00, 0x38, 0x07, 0xE0, 0x0C, 0x00, 0x0E, 0x00, 0x38, 0x00, 0xE0, 0x03, 0x80, 0xFF, 0xFB, 0xFF,
    0xE7, 0xFF, 0x83, 0x80, 0x0E, 0x00, 0x38, 0x00, 0xE0, 0x03, 0x80, 0x0E, 0x00, 0x38, 0x00, 0xE0,
    0x03, 0x80, 0x0F, 0xF8, 0x1F, 0xE0, 0x3F, 0x80, 0x60, 0x03, 0xE0, 0x03, 0xC0, 0x07, 0x00, 0xF8,
    0x03, 0x80, 0x3C, 0xF0, 0x7F, 0x80, 0xFC, 0x01, 0xE0, 0x00, 0x00, 0x00, 0x0F, 0xFF, 0xFF, 0xFF,
    0x7F, 0xF8, 0x0E, 0x00, 0x38, 0x00, 0xE0, 0x03, 0x80, 0x0E, 0x00, 0x38, 0x00, 0xE0, 0x03, 0x80,
    0x0E, 0x00, 0x38, 0x00, 0xE0, 0x03, 0x80, 0x0E, 0x00, 0x38, 0x00, 0xE0, 0x03, 0x80, 0x0E, 0x00,
    0x00, 0x70, 0x01, 0xC0, 0x07, 0x03, 0x9C, 0x0E, 0x60, 0x38, 0x00, 0xE0, 0x3F, 0xFE, 0xFF, 0xFB,
    0xFF, 0xE0, 0xE0, 0x03, 0x80, 0x0E, 0x00, 0x38, 0x00, 0xE0, 0x03, 0x80, 0x0E, 0x00, 0x38, 0x00,
    0xE0, 0x03, 0xFE, 0x07, 0xF8, 0x0F, 0xE0, 0xFF, 0xFF, 0xFF, 0xF7, 0xFF, 0x80, 0xE0, 0x03, 0x80,
    0x0E, 0x00, 0x38, 0x00, 0xE0, 0x03, 0x80, 0x0E, 0x03, 0xFF, 0x8F, 0xFE, 0x3F, 0xF0, 0x0E, 0x00,
    0x38, 0x00, 0xE0, 0x03, 0x80, 0x0E, 0x00, 0x38, 0x00, 0xE0, 0x0E, 0x00, 0x38, 0x00, 0xE0, 0x03,
    0x80, 0xFF, 0xFB, 0xFF, 0xEF, 0xFF, 0x83, 0x80, 0x0E, 0x00, 0x38, 0x03, 0xFF, 0x1F, 0xFC, 0x7F,
    0xF0, 0x38, 0x00, 0xE0, 0x03, 0x80, 0x0F, 0xF8, 0x1F, 0xE0, 0x3F, 0x80, 0x1C, 0xE3, 0xEE, 0x77,
    0xE7, 0x3C, 0x00, 0x00, 0x00, 0xE0, 0x7E, 0x07, 0xE0, 0x7E, 0x07, 0xE0, 0x7E, 0x07, 0xE0, 0x7E,
    0x07, 0xE0, 0x7E, 0x07, 0xE0, 0x7E, 0x07, 0xE0, 0x7E, 0x07, 0xE0, 0x7E, 0x07, 0xF0, 0xF7, 0xFE,
    0x7F, 0xE1, 0xFC, 0x1C, 0xE3, 0xEE, 0x77, 0xE7, 0x3C, 0x00, 0x00, 0x00, 0xE0, 0x7E, 0x07, 0xE0,
    0x7E, 0x07, 0xE0, 0x7E, 0x07, 0xE0, 0x7E, 0x07, 0xE0, 0x7E, 0x07, 0xE0, 0x7F, 0x0F, 0x7F, 0xE3,
    0xFE, 0x1F, 0x80, 0x3F, 0xC7, 0xFE, 0x7F, 0xE0, 0x00, 0x00, 0x00, 0x00, 0xE0, 0x7E, 0x07, 0xE0,
    0x7E, 0x07, 0xE0, 0x7E, 0x07, 0xE0, 0x7E, 0x07, 0xE0, 0x7E, 0x07, 0xE0, 0x7E, 0x07, 0xE0, 0x7E,
    0x07, 0xE0, 0x7E, 0x07, 0xF0, 0xF7, 0xFE, 0x7F, 0xE1, 0xFC, 0x3F, 0xC7, 0xFE, 0x7F, 0xE0, 0x00,
    0x00, 0x00, 0x00, 0xE0, 0x7E, 0x07, 0xE0, 0x7E, 0x07, 0xE0, 0x7E, 0x07, 0xE0, 0x7E, 0x07, 0xE0,
    0x7E, 0x07, 0xE0, 0x7F, 0x0F, 0x7F, 0xE3, 0xFE, 0x1F, 0x80, 0x70, 0xE3, 0xFE, 0x3F, 0xC1, 0xF8,
    0x00, 0x00, 0x00, 0xE0, 0x7E, 0x07, 0xE0, 0x7E, 0x07, 0xE0, 0x7E, 0x07, 0xE0, 0x7E, 0x07, 0xE0,
    0x7E, 0x07, 0xE0, 0x7E, 0x07, 0xE0, 0x7E, 0x07, 0xE0, 0x7E, 0x07, 0xF0, 0xF7, 0xFE, 0x7F, 0xE1,
    0xFC, 0x70, 0xE3, 0xFE, 0x3F, 0xC1, 0xF8, 0x00, 0x00, 0x00, 0xE0, 0x7E, 0x07, 0xE0, 0x7E, 0x07,
    0xE0, 0x7E, 0x07, 0xE0, 0x7E, 0x07, 0xE0, 0x7E, 0x07, 0xE0, 0x7F, 0x0F, 0x7F, 0xE3, 0xFE, 0x1F,
    0x80, 0x0F, 0x81, 0xF8, 0x19, 0xC1, 0x9C, 0x1D, 0x81, 0xF8, 0x00, 0x0E, 0x07, 0xE0, 0x7E, 0x07,
    0xE0, 0x7E, 0x07, 0xE0, 0x7E, 0x07, 0xE0, 0x7E, 0x07, 0xE0, 0x7E, 0x07, 0xE0, 0x7E, 0x07, 0xE0,
    0x7E, 0x07, 0xE0, 0x7F, 0x0F, 0x7F, 0xE7, 0xFE, 0x1F, 0xC0, 0x0F, 0x81, 0xF8, 0x19, 0xC1, 0x9C,
    0x1D, 0x81, 0xF8, 0x00, 0x00, 0x00, 0xE0, 0x7E, 0x07, 0xE0, 0x7E, 0x07, 0xE0, 0x7E, 0x07, 0xE0,
    0x7E, 0x07, 0xE0, 0x7E, 0x07, 0xE0, 0x7F, 0x0F, 0x7F, 0xE3, 0xFE, 0x1F, 0x80, 0x0E, 0x70, 0xF7,
    0x87, 0x78, 0x73, 0x80, 0x00, 0x00, 0x03, 0x81, 0xDC, 0x0E, 0xE0, 0x77, 0x03, 0xB8, 0x1D, 0xC0,
    0xEE, 0x07, 0x70, 0x3B, 0x81, 0xDC, 0x0E, 0xE0, 0x77, 0x03, 0xB8, 0x1D, 0xC0, 0xEE, 0x07, 0x70,
    0x3B, 0xC3, 0xCF, 0xFC, 0x7F, 0xE0, 0xFE, 0x00, 0x0E, 0x70, 0xF7, 0x87, 0x78, 0x73, 0x80, 0x00,
    0x00, 0x03, 0x81, 0xDC, 0x0E, 0xE0, 0x77, 0x03, 0xB8, 0x1D, 0xC0, 0xEE, 0x07, 0x70, 0x3B, 0x81,
    0xDC, 0x0E, 0xE0, 0x77, 0x87, 0x9F, 0xF8, 0x7F, 0xC1, 0xF8, 0x00, 0xE0, 0x7E, 0x07, 0xE0, 0x7E,
    0x07, 0xE0, 0x7E, 0x07, 0xE0, 0x7E, 0x07, 0xE0, 0x7E, 0x07, 0xE0, 0x7E, 0x07, 0xE0, 0x7E, 0x07,
    0xE0, 0x7E, 0x07, 0xF0, 0xF7, 0xFE, 0x7F, 0xC1, 0xF8, 0x03, 0x00, 0x70, 0x07, 0xC0, 0x7E, 0x03,
    0xE0, 0xE0, 0x7E, 0x07, 0xE0, 0x7E, 0x07, 0xE0, 0x7E, 0x07, 0xE0, 0x7E, 0x07, 0xE0, 0x7E, 0x07,
    0xE0, 0x7F, 0x0F, 0x7F, 0xE7, 0xFE, 0x1F, 0x80, 0x70, 0x07, 0x00, 0xF0, 0x07, 0xC0, 0x7E, 0x03,
    0xC0, 0x07, 0xE0, 0x0F, 0xF0, 0x1E, 0x78, 0x00, 0x00, 0x00, 0x00, 0xE3, 0xC7, 0xE3, 0xC7, 0xE3,
    0xC7, 0x73, 0xC7, 0x73, 0xC6, 0x73, 0xE6, 0x73, 0xEE, 0x77, 0xEE, 0x77, 0xEE, 0x77, 0x6E, 0x77,
    0x6E, 0x36, 0x6E, 0x36, 0x6E, 0x3E, 0x7C, 0x3E, 0x7C, 0x3E, 0x7C, 0x3E, 0x7C, 0x3E, 0x3C, 0x3E,
    0x3C, 0x3C, 0x3C, 0x03, 0xC0, 0x07, 0xE0, 0x0F, 0xF0, 0x1E, 0x78, 0x00, 0x00, 0x00, 0x00, 0x63,
    0xC7, 0x73, 0xC6, 0x73, 0xC6, 0x73, 0xCE, 0x73, 0xCE, 0x73, 0xEE, 0x37, 0xEE, 0x37, 0x6C, 0x3E,
    0x6C, 0x3E, 0x6C, 0x3E, 0x7C, 0x3E, 0x7C, 0x3E, 0x7C, 0x1E, 0x38, 0x1C, 0x38, 0x03, 0xC0, 0x07,
    0xE0, 0x0F, 0xF0, 0x1E, 0x78, 0x00, 0x00, 0x00, 0x00, 0x70, 0x0E, 0x78, 0x0E, 0x38, 0x1C, 0x3C,
    0x1C, 0x1C, 0x3C, 0x1C, 0x38, 0x0E, 0x78, 0x0E, 0x70, 0x07, 0xF0, 0x07, 0xE0, 0x03, 0xE0, 0x03,
    0xC0, 0x03, 0xC0, 0x01, 0xC0, 0x01, 0xC0, 0x01, 0xC0, 0x01, 0xC0, 0x01, 0xC0, 0x01, 0xC0, 0x01,
    0xC0, 0x07, 0x80, 0x3F, 0x01, 0xFE, 0x0F, 0x3C, 0x00, 0x00, 0x00, 0x0F, 0x01, 0xDC, 0x0F, 0x70,
    0x39, 0xE0, 0xE3, 0x87, 0x0F, 0x1C, 0x1C, 0x70, 0x73, 0x81, 0xEE, 0x03, 0xF8, 0x0F, 0xC0, 0x1F,
    0x00, 0x78, 0x01, 0xE0, 0x07, 0x80, 0x1C, 0x00, 0x70, 0x03, 0xC0, 0x0E, 0x00, 0x38, 0x00, 0x1E,
    0x78, 0x1E, 0x78, 0x1E, 0x78, 0x00, 0x00, 0x00, 0x00, 0x70, 0x0E, 0x78, 0x0E, 0x38, 0x1C, 0x3C,
    0x1C, 0x1C, 0x3C, 0x1C, 0x38, 0x0E, 0x78, 0x0E, 0x70, 0x07, 0xF0, 0x07, 0xE0, 0x03, 0xE0, 0x03,
    0xC0, 0x03, 0xC0, 0x01, 0xC0, 0x01, 0xC0, 0x01, 0xC0, 0x01, 0xC0, 0x01, 0xC0, 0x01, 0xC0, 0x01,
    0xC0, 0x01, 0xC0, 0x38, 0x07, 0x80, 0xF0, 0x00, 0x00, 0x00, 0xFF, 0xFF, 0xFF, 0x7F, 0xF0, 0x0E,
    0x01, 0xE0, 0x1C, 0x03, 0xC0, 0x38, 0x07, 0x80, 0x70, 0x0E, 0x01, 0xE0, 0x1C, 0x03, 0xC0, 0x38,
    0x07, 0x80, 0x70, 0x0F, 0xFF, 0xFF, 0xFF, 0xFF, 0x01, 0xC0, 0x38, 0x07, 0x80, 0xF0, 0x00, 0x00,
    0x00, 0xFF, 0xFF, 0xFF, 0x7F, 0xF0, 0x1E, 0x03, 0xC0, 0x38, 0x07, 0x80, 0xF0, 0x1E, 0x03, 0xC0,
    0x38, 0x07, 0x80, 0xFF, 0xEF, 0xFF, 0xFF, 0xF0, 0x0F, 0x00, 0xF0, 0x0F, 0x00, 0x00, 0x00, 0x0F,
    0xFF, 0xFF, 0xF7, 0xFF, 0x00, 0xE0, 0x1E, 0x01, 0xC0, 0x3C, 0x03, 0x80, 0x78, 0x07, 0x00, 0xE0,
    0x1E, 0x01, 0xC0, 0x3C, 0x03, 0x80, 0x78, 0x07, 0x00, 0xFF, 0xFF, 0xFF, 0xFF, 0xF0, 0x0F, 0x00,
    0xF0, 0x0F, 0x00, 0x00, 0x00, 0x0F, 0xFF, 0xFF, 0xF7, 0xFF, 0x01, 0xE0, 0x3C, 0x03, 0x80, 0x78,
    0x0F, 0x01, 0xE0, 0x3C, 0x03, 0x80, 0x78, 0x0F, 0xFE, 0xFF, 0xFF, 0xFF, 0x79, 0xE3, 0xFC, 0x1F,
    0x80, 0xF0, 0x00, 0x00, 0x00, 0xFF, 0xFF, 0xFF, 0x7F, 0xF0, 0x0E, 0x01, 0xE0, 0x1C, 0x03, 0xC0,
    0x38, 0x07, 0x80, 0x70, 0x0E, 0x01, 0xE0, 0x1C, 0x03, 0xC0, 0x38, 0x07, 0x80, 0x70, 0x0F, 0xFF,
    0xFF, 0xFF, 0xFF, 0x79, 0xE3, 0xFC, 0x1F, 0x80, 0xF0, 0x00, 0x00, 0x00, 0xFF, 0xFF, 0xFF, 0x7F,
    0xF0, 0x1E, 0x03, 0xC0, 0x38, 0x07, 0x80, 0xF0, 0x1E, 0x03, 0xC0, 0x38, 0x07, 0x80, 0xFF, 0xEF,
    0xFF, 0xFF, 0xF0, 0x3F, 0xDF, 0xFF, 0xFB, 0x80, 0xE0, 0x38, 0x0E, 0x03, 0x80, 0xE0, 0x38, 0x0E,
    0x03, 0x80, 0xE0, 0x38, 0x0E, 0x03, 0x80, 0xE0, 0x38, 0x0E, 0x03, 0x80, 0xF1, 0xC3, 0x8F, 0x3D,
    0xE7, 0x38, 0x1E, 0x0F, 0xC7, 0xFB, 0xCF, 0x39, 0xDF, 0x7E, 0xFB, 0x9E, 0x7F, 0xBF, 0xFF, 0xFC,
    0xE1, 0xFF, 0xE7, 0xF8, 0xFC, 0x7B, 0xDE, 0xF3, 0xFC, 0xFF, 0x3C, 0x63, 0xEF, 0xC7, 0x1C, 0xE0,
    0x7C, 0x7E, 0xE6, 0xE6, 0x6E, 0x7E, 0x00, 0x1C, 0xE3, 0xDC, 0x7B, 0xC7, 0x38, 0xF3, 0xDF, 0xE3,
    0xF0, 0x78, 0x73, 0x87, 0xBC, 0x3D, 0xC1, 0xCE, 0x0C, 0x73, 0xCE, 0x79, 0xEF, 0x00, 0x39, 0xCF,
    0xFF, 0x00, 0x7B, 0xDE, 0x7C, 0x7E, 0xE6, 0xE6, 0x7E, 0x00, 0x1C, 0x79, 0xE3, 0x80, 0x61, 0xC7,
    0xC7, 0x1F, 0xE6, 0x00, 0x18, 0xE1, 0xC7, 0x87, 0xCF, 0xC0, 0x7F, 0xFF, 0xEF, 0xFF, 0xFD, 0xFF,
    0xFF, 0x80, 0x00, 0x0E, 0x00, 0x1E, 0x00, 0x1C, 0x00, 0x38, 0x00, 0x78, 0x00, 0x70, 0x00, 0xE0,
    0x01, 0xC0, 0x03, 0xC0, 0x03, 0x80, 0x07, 0x00, 0x0F, 0x00, 0x0E, 0x00, 0x1C, 0x00, 0x38, 0x00,
    0x78, 0x00, 0x70, 0x00, 0x00, 0x60, 0x06, 0x00, 0xE0, 0x0C, 0x01, 0xC0, 0x18, 0x03, 0x80, 0x30,
    0x03, 0x00, 0x70, 0x06, 0x00, 0xE0, 0x0C, 0x00, 0xC0, 0x1C, 0x01, 0x80, 0x38, 0x03, 0x00, 0x70,
    0x06, 0x00, 0x60, 0x00, 0x38, 0xE3, 0xCF, 0x0E, 0x38, 0x00, 0x00, 0x00, 0x7F, 0xFB, 0xFF, 0xDF,
    0xFE, 0xE0, 0x07, 0x00, 0x38, 0x01, 0xC0, 0x0E, 0x00, 0x7F, 0xF3, 0xFF, 0x9F, 0xFC, 0xE0, 0x07,
    0x00, 0x38, 0x01, 0xC0, 0x0E, 0x00, 0x70, 0x03, 0xFF, 0xDF, 0xFE, 0xFF, 0xF0, 0xFF, 0x81, 0xFF,
    0x03, 0xFC, 0x00, 0xE0, 0x01, 0xC0, 0x03, 0x80, 0x07, 0x08, 0x0E, 0xFC, 0x1F, 0xFC, 0x3F, 0x78,
    0x78, 0x78, 0xE0, 0x71, 0xC0, 0xE3, 0x81, 0xC7, 0x03, 0x8E, 0x07, 0x1C, 0x0E, 0x38, 0x1C, 0x70,
    0x38, 0xE0, 0x70, 0x00, 0xE0, 0x03, 0xC0, 0x7F, 0x00, 0xFC, 0x01, 0xF0, 0x03, 0xC0, 0x78, 0x07,
    0x00, 0xE0, 0x00, 0x00, 0x00, 0xFF, 0xFF, 0xFF, 0xFF, 0xFE, 0x00, 0xE0, 0x0E, 0x00, 0xE0, 0x0E,
    0x00, 0xE0, 0x0E, 0x00, 0xE0, 0x0E, 0x00, 0xE0, 0x0E, 0x00, 0xE0, 0x0E, 0x00, 0xE0, 0x0E, 0x00,
    0xE0, 0x0E, 0x00, 0x1F, 0xC1, 0xFF, 0x1F, 0xFD, 0xE0, 0xEE, 0x07, 0x70, 0x3B, 0x80, 0x1C, 0x00,
    0xFF, 0x87, 0xFC, 0x3F, 0xE1, 0xC0, 0x0E, 0x00, 0x70, 0x03, 0x81, 0xDC, 0x0E, 0xF0, 0x73, 0xFF,
    0x8F, 0xF8, 0x3F, 0x80, 0x0F, 0xC0, 0xFF, 0xC3, 0xFF, 0x1E, 0x1E, 0x70, 0x39, 0xC0, 0x47, 0x80,
    0x0F, 0x00, 0x3F, 0x80, 0x7F, 0x80, 0x7F, 0x00, 0x3E, 0x00, 0x38, 0x00, 0xF7, 0x03, 0xDC, 0x0F,
    0x78, 0x39, 0xFF, 0xE3, 0xFF, 0x07, 0xF8, 0xFF, 0xFF, 0xFF, 0x7F, 0xE0, 0xF0, 0x0F, 0x00, 0xF0,
    0x0F, 0x00, 0xF0, 0x0F, 0x00, 0xF0, 0x0F, 0x00, 0xF0, 0x0F, 0x00, 0xF0, 0x0F, 0x00, 0xF0, 0x0F,
    0x07, 0xFE, 0xFF, 0xFF, 0xFF, 0x79, 0xE7, 0x9E, 0x79, 0xE0, 0x00, 0x00, 0x0F, 0xFF, 0xFF, 0xF7,
    0xFE, 0x0F, 0x00, 0xF0, 0x0F, 0x00, 0xF0, 0x0F, 0x00, 0xF0, 0x0F, 0x00, 0xF0, 0x0F, 0x00, 0xF0,
    0x0F, 0x00, 0xF0, 0x0F, 0x00, 0xF0, 0x7F, 0xEF, 0xFF, 0xFF, 0xF0, 0x00, 0x38, 0x01, 0xC0, 0x0E,
    0x00, 0x70, 0x03, 0x80, 0x1C, 0x00, 0xE0, 0x07, 0x00, 0x38, 0x01, 0xC0, 0x0E, 0x00, 0x70, 0x03,
    0x80, 0x1F, 0x81, 0xFC, 0x0F, 0xF0, 0x73, 0xFF, 0x9F, 0xF8, 0x3F, 0x80, 0x1F, 0xE0, 0x0F, 0xF0,
    0x07, 0xF8, 0x03, 0x9C, 0x01, 0xCE, 0x00, 0xE7, 0x00, 0x73, 0x80, 0x39, 0xC0, 0x1C, 0xFE, 0x0E,
    0x7F, 0x87, 0x3F, 0xE3, 0x9C, 0x71, 0xCE, 0x39, 0xE7, 0x1C, 0xE3, 0x8E, 0x71, 0xC7, 0x38, 0xE3,
    0xBC, 0x7F, 0xFE, 0x3F, 0xDE, 0x1F, 0xC0, 0xE3, 0x81, 0xC7, 0x03, 0x8E, 0x07, 0x1C, 0x0E, 0x38,
    0x1C, 0x70, 0x38, 0xE0, 0x71, 0xC0, 0xFF, 0xF9, 0xFF, 0xFB, 0x8E, 0x7F, 0x1C, 0x7E, 0x38, 0xFC,
    0x71, 0xF8, 0xE3, 0xF1, 0xC7, 0xE3, 0x8F, 0xC7, 0x3F, 0x8F, 0xF7, 0x1F, 0xC0, 0xFF, 0x81, 0xFF,
    0x03, 0xFC, 0x00, 0xE0, 0x01, 0xC0, 0x03, 0x80, 0x07, 0x08, 0x0E, 0xFC, 0x1F, 0xFC, 0x3F, 0x78,
    0x78, 0x78, 0xE0, 0x71, 0xC0, 0xE3, 0x81, 0xC7, 0x03, 0x8E, 0x07, 0x1C, 0x0E, 0x38, 0x1C, 0x70,
    0x38, 0xE0, 0x70, 0x01, 0xC0, 0x0E, 0x00, 0x78, 0x03, 0xC0, 0x00, 0x00, 0x00, 0x0E, 0x03, 0xB8,
    0x1C, 0xE0, 0x73, 0x83, 0xCE, 0x0E, 0x38, 0x78, 0xE1, 0xC3, 0x8F, 0x0F, 0xF8, 0x3F, 0xE0, 0xFF,
    0x83, 0x8E, 0x0E, 0x3C, 0x38, 0x70, 0xE1, 0xE3, 0x83, 0x8E, 0x0F, 0x38, 0x1C, 0xE0, 0x7B, 0x80,
    0xE0, 0x38, 0x70, 0x7F, 0xC1, 0xFE, 0x03, 0xF0, 0x00, 0x00, 0x00, 0x0F, 0x01, 0xDC, 0x0F, 0x70,
    0x39, 0xE0, 0xE3, 0x87, 0x8E, 0x1C, 0x1C, 0x70, 0x73, 0xC1, 0xCE, 0x03, 0xB8, 0x0E, 0xC0, 0x3F,
    0x00, 0x7C, 0x01, 0xE0, 0x03, 0x80, 0x0E, 0x00, 0x70, 0x01, 0xC0, 0x0F, 0x00, 0x38, 0x00, 0xE0,
    0x7E, 0x07, 0xE0, 0x7E, 0x07, 0xE0, 0x7E, 0x07, 0xE0, 0x7E, 0x07, 0xE0, 0x7E, 0x07, 0xE0, 0x7E,
    0x07, 0xE0, 0x7E, 0x07, 0xE0, 0x7E, 0x07, 0xE0, 0x7F, 0xFF, 0xFF, 0xFF, 0xFF, 0x07, 0x00, 0x70,
    0x07, 0x00, 0x70, 0x07, 0x80, 0x1F, 0x00, 0xFC, 0x03, 0xF0, 0x0F, 0xC0, 0x3F, 0x81, 0xEE, 0x07,
    0x38, 0x1C, 0xE0, 0x73, 0xC3, 0xC7, 0x0E, 0x1C, 0x38, 0x70, 0xFF, 0xE7, 0xFF, 0x9C, 0x0E, 0x70,
    0x39, 0xC0, 0xFF, 0x01, 0xF8, 0x07, 0xFF, 0xF7, 0xFF, 0xBF, 0xF9, 0xC0, 0x0E, 0x00, 0x70, 0x03,
    0x80, 0x1C, 0x00, 0xFE, 0x07, 0xFE, 0x3F, 0xF9, 0xC3, 0xEE, 0x07, 0x70, 0x3F, 0x81, 0xFC, 0x0F,
    0xE0, 0x77, 0xFF, 0xBF, 0xF9, 0xFF, 0x80, 0xFF, 0xC7, 0xFF, 0x3F, 0xFD, 0xC1, 0xEE, 0x07, 0x70,
    0x3B, 0x81, 0xDC, 0x1E, 0xFF, 0xE7, 0xFE, 0x3F, 0xF9, 0xC3, 0xEE, 0x07, 0x70, 0x3F, 0x81, 0xFC,
    0x0F, 0xE0, 0x77, 0xFF, 0xBF, 0xF9, 0xFF, 0x80, 0xFF, 0xFF, 0xFF, 0xFF, 0xFE, 0x00, 0xE0, 0x0E,
    0x00, 0xE0, 0x0E, 0x00, 0xE0, 0x0E, 0x00, 0xE0, 0x0E, 0x00, 0xE0, 0x0E, 0x00, 0xE0, 0x0E, 0x00,
    0xE0, 0x0E, 0x00, 0xE0, 0x0E, 0x00, 0x1F, 0xFC, 0x1F, 0xFC, 0x1F, 0xFC, 0x1C, 0x1C, 0x1C, 0x1C,
    0x1C, 0x1C, 0x1C, 0x1C, 0x1C, 0x1C, 0x1C, 0x1C, 0x1C, 0x1C, 0x1C, 0x1C, 0x1C, 0x1C, 0x1C, 0x1C,
    0x1C, 0x1C, 0x1C, 0x1C, 0x3C, 0x1C, 0x38, 0x1C, 0x7F, 0xFE, 0xFF, 0xFF, 0xFF, 0xFF, 0xE0, 0x07,
    0xE0, 0x07, 0xE0, 0x07, 0xE0, 0x07, 0xFF, 0xF7, 0xFF, 0xBF, 0xFD, 0xC0, 0x0E, 0x00, 0x70, 0x03,
    0x80, 0x1C, 0x00, 0xFF, 0xE7, 0xFF, 0x3F, 0xF9, 0xC0, 0x0E, 0x00, 0x70, 0x03, 0x80, 0x1C, 0x00,
    0xE0, 0x07, 0xFF, 0xBF, 0xFD, 0xFF, 0xE0, 0xF1, 0xC7, 0x38, 0xE7, 0x9C, 0x73, 0x8E, 0x39, 0xC3,
    0x9D, 0xE1, 0xCE, 0xE0, 0xE7, 0x70, 0x3B, 0xF8, 0x1F, 0xF8, 0x0F, 0xFC, 0x07, 0xFE, 0x03, 0xBF,
    0x03, 0xDD, 0xC1, 0xCE, 0xE0, 0xE7, 0x70, 0xF3, 0x9C, 0x71, 0xCE, 0x38, 0xE7, 0xBC, 0x71, 0xDC,
    0x38, 0xE0, 0x0F, 0xC0, 0xFF, 0xC7, 0xFF, 0x1E, 0x1E, 0x70, 0x39, 0xC0, 0xE0, 0x03, 0x80, 0x1E,
    0x07, 0xF0, 0x3F, 0x80, 0xFF, 0x00, 0x3E, 0x00, 0x38, 0x00, 0xFE, 0x01, 0xF8, 0x0F, 0xF0, 0x39,
    0xFF, 0xE3, 0xFF, 0x07, 0xF8, 0xE0, 0xFE, 0x0F, 0xE1, 0xFE, 0x1F, 0xE1, 0xFE, 0x3F, 0xE3, 0xFE,
    0x37, 0xE7, 0x7E, 0x77, 0xEE, 0x7E, 0xE7, 0xEE, 0x7F, 0xC7, 0xFC, 0x7F, 0xC7, 0xF8, 0x7F, 0x87,
    0xF8, 0x7F, 0x07, 0x70, 0xE3, 0xFE, 0x3F, 0xC1, 0xF8, 0x00, 0x00, 0x00, 0xE0, 0xFE, 0x0F, 0xE1,
    0xFE, 0x1F, 0xE1, 0xFE, 0x3F, 0xE3, 0xFE, 0x37, 0xE7, 0x7E, 0x77, 0xEE, 0x7E, 0xE7, 0xEE, 0x7F,
    0xC7, 0xFC, 0x7F, 0xC7, 0xF8, 0x7F, 0x87, 0xF8, 0x7F, 0x07, 0xE0, 0x3B, 0x81, 0xCE, 0x07, 0x38,
    0x3C, 0xE0, 0xE3, 0x87, 0x8E, 0x1C, 0x38, 0xF0, 0xFF, 0x83, 0xFE, 0x0F, 0xF8, 0x38, 0xE0, 0xE3,
    0xC3, 0x87, 0x0E, 0x1E, 0x38, 0x38, 0xE0, 0xF3, 0x81, 0xCE, 0x07, 0xB8, 0x0E, 0x1F, 0xFC, 0x7F,
    0xF1, 0xFF, 0xC7, 0x07, 0x1C, 0x1C, 0x70, 0x71, 0xC1, 0xC7, 0x07, 0x1C, 0x1C, 0x70, 0x71, 0xC1,
    0xC7, 0x07, 0x1C, 0x1C, 0x70, 0x71, 0xC1, 0xC7, 0x07, 0x3C, 0x1D, 0xE0, 0x7F, 0x81, 0xFC, 0x07,
    0x78, 0x7D, 0xE1, 0xF7, 0xC7, 0xDF, 0x3F, 0x7C, 0xDD, 0xF3, 0x77, 0xFD, 0xDD, 0xF7, 0x77, 0x9D,
    0xDE, 0x77, 0x79, 0xDC, 0x07, 0x70, 0x1D, 0xC0, 0x77, 0x01, 0xDC, 0x07, 0x70, 0x1D, 0xC0, 0x77,
    0x01, 0xDC, 0x07, 0xE0, 0x7E, 0x07, 0xE0, 0x7E, 0x07, 0xE0, 0x7E, 0x07, 0xE0, 0x7E, 0x07, 0xFF,
    0xFF, 0xFF, 0xFF, 0xFE, 0x07, 0xE0, 0x7E, 0x07, 0xE0, 0x7E, 0x07, 0xE0, 0x7E, 0x07, 0xE0, 0x7E,
    0x07, 0x1F, 0x87, 0xFE, 0x7F, 0xEF, 0x0F, 0xE0, 0x7E, 0x07, 0xE0, 0x7E, 0x07, 0xE0, 0x7E, 0x07,
    0xE0, 0x7E, 0x07, 0xE0, 0x7E, 0x07, 0xE0, 0x7E, 0x07, 0xF0, 0xF7, 0xFE, 0x7F, 0xE1, 0xFC, 0xFF,
    0xFF, 0xFF, 0xFF, 0xFE, 0x07, 0xE0, 0x7E, 0x07, 0xE0, 0x7E, 0x07, 0xE0, 0x7E, 0x07, 0xE0, 0x7E,
    0x07, 0xE0, 0x7E, 0x07, 0xE0, 0x7E, 0x07, 0xE0, 0x7E, 0x07, 0xE0, 0x7E, 0x07, 0xFF, 0xC7, 0xFF,
    0xBF, 0xFD, 0xC0, 0xFE, 0x03, 0xF0, 0x1F, 0x80, 0xFC, 0x07, 0xE0, 0x7F, 0xFF, 0xBF, 0xFD, 0xFF,
    0x8E, 0x00, 0x70, 0x03, 0x80, 0x1C, 0x00, 0xE0, 0x07, 0x00, 0x38, 0x01, 0xC0, 0x00, 0x1F, 0xC1,
    0xFF, 0x1F, 0xFD, 0xE0, 0xEE, 0x07, 0x70, 0x3B, 0x80, 0x1C, 0x00, 0xE0, 0x07, 0x00, 0x38, 0x01,
    0xC0, 0x0E, 0x00, 0x70, 0x03, 0x81, 0xDC, 0x0E, 0xF0, 0x73, 0xFF, 0x8F, 0xF8, 0x3F, 0x80, 0xFF,
    0xFF, 0xFF, 0xF7, 0xFF, 0x80, 0xE0, 0x03, 0x80, 0x0E, 0x00, 0x38, 0x00, 0xE0, 0x03, 0x80, 0x0E,
    0x00, 0x38, 0x00, 0xE0, 0x03, 0x80, 0x0E, 0x00, 0x38, 0x00, 0xE0, 0x03, 0x80, 0x0E, 0x00, 0x38,
    0x00, 0xE0, 0xF0, 0x1D, 0xC0, 0xF7, 0x03, 0x9E, 0x0E, 0x38, 0x78, 0xE1, 0xC1, 0xC7, 0x07, 0x3C,
    0x1C, 0xE0, 0x3B, 0x80, 0xEC, 0x03, 0xF0, 0x07, 0xC0, 0x1E, 0x00, 0x38, 0x00, 0xE0, 0x07, 0x00,
    0x1C, 0x00, 0xF0, 0x03, 0x80, 0x03, 0x80, 0x1E, 0x03, 0xFF, 0x1F, 0xFE, 0x7B, 0xFF, 0xCE, 0x7E,
    0x39, 0xF8, 0xE7, 0xE3, 0x9F, 0x8E, 0x7E, 0x39, 0xF8, 0xE7, 0xE3, 0x9F, 0x8E, 0x7E, 0x39, 0xFC,
    0xE7, 0x7F, 0xFD, 0xFF, 0xE1, 0xFF, 0x00, 0xE0, 0x03, 0x80, 0xF0, 0x3C, 0xE0, 0x71, 0xE1, 0xE1,
    0xC3, 0x83, 0xCF, 0x03, 0x9C, 0x07, 0xF8, 0x07, 0xE0, 0x07, 0xC0, 0x0F, 0x00, 0x1E, 0x00, 0x7E,
    0x00, 0xFC, 0x03, 0xFC, 0x07, 0x38, 0x1E, 0x38, 0x38, 0x78, 0xF0, 0x71, 0xC0, 0xF7, 0x00, 0xE0,
    0xE0, 0xF3, 0x83, 0xCE, 0x0F, 0x38, 0x3C, 0xE0, 0xF3, 0x83, 0xCE, 0x0F, 0x38, 0x3C, 0xE0, 0xF3,
    0x83, 0xCE, 0x0F, 0x38, 0x3C, 0xE0, 0xF3, 0x83, 0xCE, 0x0F, 0x38, 0x3C, 0xE0, 0xF3, 0xFF, 0xEF,
    0xFF, 0xFF, 0xFF, 0x00, 0x1C, 0x00, 0x70, 0x01, 0xC0, 0x07, 0xE0, 0x7E, 0x07, 0xE0, 0x7E, 0x07,
    0xE0, 0x7E, 0x07, 0xE0, 0x7E, 0x07, 0xE0, 0x7E, 0x07, 0xFF, 0xF7, 0xFF, 0x3F, 0xF0, 0x07, 0x00,
    0x70, 0x07, 0x00, 0x70, 0x07, 0x00, 0x70, 0x07, 0xE3, 0x9F, 0x8E, 0x7E, 0x39, 0xF8, 0xE7, 0xE3,
    0x9F, 0x8E, 0x7E, 0x39, 0xF8, 0xE7, 0xE3, 0x9F, 0x8E, 0x7E, 0x39, 0xF8, 0xE7, 0xE3, 0x9F, 0x8E,
    0x7E, 0x39, 0xF8, 0xE7, 0xE3, 0x9F, 0x8E, 0x7F, 0xFF, 0xFF, 0xFF, 0xE3, 0x1C, 0xE3, 0x1C, 0xE3,
    0x1C, 0xE3, 0x1C, 0xE3, 0x1C, 0xE3, 0x1C, 0xE3, 0x1C, 0xE3, 0x1C, 0xE3, 0x1C, 0xE3, 0x1C, 0xE3,
    0x1C, 0xE3, 0x1C, 0xE3, 0x1C, 0xE3, 0x1C, 0xE3, 0x1C, 0xE3, 0x1C, 0xE3, 0x1C, 0xE3, 0x1C, 0xFF,
    0xFE, 0xFF, 0xFE, 0x00, 0x06, 0x00, 0x06, 0x00, 0x06, 0x00, 0x06, 0xFE, 0x00, 0xFE, 0x00, 0x7E,
    0x00, 0x0E, 0x00, 0x0E, 0x00, 0x0E, 0x00, 0x0E, 0x00, 0x0E, 0x00, 0x0F, 0xC0, 0x0F, 0xFC, 0x0F,
    0xFE, 0x0E, 0x1E, 0x0E, 0x0F, 0x0E, 0x07, 0x0E, 0x07, 0x0E, 0x07, 0x0E, 0x0F, 0x0F, 0xFE, 0x0F,
    0xFE, 0x0F, 0xF8, 0xE0, 0x1F, 0x80, 0x7E, 0x01, 0xF8, 0x07, 0xE0, 0x1F, 0x80, 0x7E, 0x01, 0xF8,
    0x07, 0xF0, 0x1F, 0xFC, 0x7F, 0xF9, 0xF9, 0xE7, 0xE3, 0xDF, 0x87, 0x7E, 0x1D, 0xF8, 0x77, 0xE3,
    0xDF, 0xFE, 0x7F, 0xF9, 0xFF, 0x87, 0xE0, 0x07, 0x00, 0x38, 0x01, 0xC0, 0x0E, 0x00, 0x70, 0x03,
    0x80, 0x1C, 0x00, 0xFF, 0x07, 0xFF, 0x3F, 0xFD, 0xC1, 0xEE, 0x07, 0xF0, 0x1F, 0x80, 0xFC, 0x07,
    0xE0, 0x7F, 0xFF, 0xBF, 0xFD, 0xFF, 0x80, 0x3F, 0x87, 0xFE, 0x7F, 0xEF, 0x0F, 0xE0, 0x7E, 0x07,
    0x00, 0x70, 0x07, 0x0F, 0xF1, 0xFF, 0x1F, 0xF0, 0x07, 0x00, 0x70, 0x07, 0xE0, 0x7E, 0x07, 0xF0,
    0xFF, 0xFE, 0x7F, 0xE3, 0xF8, 0xE1, 0xF9, 0xC7, 0xFB, 0x8F, 0xF7, 0x38, 0xFE, 0x70, 0xFC, 0xE1,
    0xF9, 0xC3, 0xF3, 0x87, 0xFF, 0x0F, 0xFE, 0x1F, 0xFC, 0x3F, 0x38, 0x7E, 0x70, 0xFC, 0xE1, 0xF9,
    0xC3, 0xF3, 0x87, 0xE7, 0x1F, 0xCF, 0xFB, 0x8F, 0xF7, 0x0F, 0xC0, 0x1F, 0xF9, 0xFF, 0xDF, 0xFE,
    0xE0, 0x77, 0x03, 0xF8, 0x1F, 0xC0, 0xEE, 0x07, 0x70, 0x3B, 0xFF, 0xCF, 0xFE, 0x3F, 0xF0, 0xE3,
    0x8F, 0x1C, 0x70, 0xE7, 0x87, 0x38, 0x3B, 0xC1, 0xDC, 0x0F, 0xE0, 0x70, 0x1F, 0xE1, 0xFF, 0x8F,
    0xFE, 0xE0, 0x70, 0x03, 0x83, 0xFC, 0xFF, 0xEF, 0xFF, 0x78, 0x3B, 0x81, 0xFC, 0x0E, 0xE0, 0xF7,
    0xFF, 0xBF, 0xFC, 0x7E, 0xE0, 0x00, 0x00, 0xFE, 0x3F, 0xE7, 0xFE, 0x78, 0x0F, 0x00, 0xE2, 0x0F,
    0xFC, 0xFF, 0xEF, 0x9F, 0xF0, 0xFE, 0x07, 0xE0, 0x7E, 0x07, 0xE0, 0x7E, 0x07, 0xE0, 0x7F, 0x0F,
    0x7F, 0xE7, 0xFE, 0x1F, 0x80, 0xFF, 0xC7, 0xFF, 0xBF, 0xFD, 0xC0, 0xEE, 0x07, 0x70, 0x7B, 0xFF,
    0x1F, 0xFC, 0xFF, 0xF7, 0x03, 0xB8, 0x1F, 0xC0, 0xEF, 0xFF, 0x7F, 0xFB, 0xFF, 0x00, 0xFF, 0xFF,
    0xFF, 0xFF, 0xEE, 0x00, 0xE0, 0x0E, 0x00, 0xE0, 0x0E, 0x00, 0xE0, 0x0E, 0x00, 0xE0, 0x0E, 0x00,
    0xE0, 0x0E, 0x00, 0xE0, 0x00, 0x1F, 0xFC, 0x1F, 0xFC, 0x1F, 0xFC, 0x1C, 0x1C, 0x1C, 0x1C, 0x1C,
    0x1C, 0x1C, 0x1C, 0x1C, 0x1C, 0x1C, 0x1C, 0x1C, 0x1C, 0x1C, 0x1C, 0x38, 0x1C, 0x7F, 0xFE, 0xFF,
    0xFF, 0xFF, 0xFF, 0xE0, 0x07, 0xE0, 0x07, 0xE0, 0x07, 0xE0, 0x07, 0x1F, 0x87, 0xFE, 0x7F, 0xFF,
    0x07, 0xE0, 0x7E, 0x07, 0xFF, 0xFF, 0xFF, 0xFF, 0xFE, 0x00, 0xE0, 0x0F, 0x07, 0x7F, 0xF7, 0xFE,
    0x1F, 0xC0, 0xF1, 0x87, 0x71, 0x8E, 0x71, 0x8E, 0x39, 0x9C, 0x39, 0x9C, 0x1F, 0xF8, 0x1F, 0xF8,
    0x1F, 0xF8, 0x1D, 0xBC, 0x39, 0x9C, 0x39, 0x9C, 0x79, 0x8E, 0x71, 0x8E, 0x71, 0x8F, 0xE1, 0x87,
    0x1F, 0xE0, 0xFF, 0xC7, 0xFF, 0x9C, 0x0E, 0x00, 0x38, 0x03, 0xE0, 0xFE, 0x03, 0xFC, 0x07, 0xF8,
    0x00, 0xE6, 0x03, 0xDC, 0x0E, 0x7F, 0xF9, 0xFF, 0xC1, 0xFE, 0x00, 0xE0, 0xFE, 0x0F, 0xE1, 0xFE,
    0x1F, 0xE3, 0xFE, 0x3F, 0xE7, 0x7E, 0x77, 0xEE, 0x7E, 0xE7, 0xFC, 0x7F, 0xC7, 0xF8, 0x7F, 0x87,
    0xF0, 0x70, 0x70, 0xE3, 0xFE, 0x3F, 0xC1, 0xF8, 0x00, 0x00, 0x00, 0xE0, 0xFE, 0x0F, 0xE1, 0xFE,
    0x1F, 0xE3, 0xFE, 0x3F, 0xE7, 0x7E, 0x77, 0xEE, 0x7E, 0xE7, 0xFC, 0x7F, 0xC7, 0xF8, 0x7F, 0x87,
    0xF0, 0x70, 0xF0, 0x7B, 0xC1, 0xCF, 0x0F, 0x3C, 0x78, 0xF1, 0xC3, 0xCF, 0x0F, 0xF8, 0x3F, 0xE0,
    0xFF, 0xC3, 0xC7, 0x0F, 0x1E, 0x3C, 0x38, 0xF0, 0xF3, 0xC1, 0xEF, 0x03, 0x80, 0x1F, 0xFC, 0x7F,
    0xF1, 0xFF, 0xC7, 0x07, 0x1C, 0x1C, 0x70, 0x71, 0xC1, 0xC7, 0x07, 0x1C, 0x1C, 0x70, 0x71, 0xC1,
    0xC7, 0x07, 0x78, 0x1F, 0xE0, 0x7F, 0x01, 0xC0, 0x78, 0x7D, 0xE1, 0xF7, 0xC7, 0xDF, 0x3F, 0x7C,
    0xDD, 0xFF, 0x77, 0xFD, 0xDD, 0xE7, 0x77, 0x9D, 0xCC, 0x77, 0x01, 0xDC, 0x07, 0x70, 0x1D, 0xC0,
    0x77, 0x01, 0xC0, 0xE0, 0x7E, 0x07, 0xE0, 0x7E, 0x07, 0xE0, 0x7E, 0x07, 0xFF, 0xFF, 0xFF, 0xFF,
    0xFE, 0x07, 0xE0, 0x7E, 0x07, 0xE0, 0x7E, 0x07, 0xE0, 0x70, 0x1F, 0xC7, 0xFE, 0x7F, 0xFF, 0x0F,
    0xE0, 0x7E, 0x07, 0xE0, 0x7E, 0x07, 0xE0, 0x7E, 0x07, 0xE0, 0x7F, 0x0F, 0x7F, 0xE7, 0xFE, 0x1F,
    0xC0, 0xFF, 0xFF, 0xFF, 0xFF, 0xFE, 0x07, 0xE0, 0x7E, 0x07, 0xE0, 0x7E, 0x07, 0xE0, 0x7E, 0x07,
    0xE0, 0x7E, 0x07, 0xE0, 0x7E, 0x07, 0xE0, 0x70, 0xEF, 0xCF, 0xFE, 0xFF, 0xFF, 0x07, 0xE0, 0x7E,
    0x07, 0xE0, 0x7E, 0x07, 0xE0, 0x7E, 0x07, 0xE0, 0x7F, 0x0F, 0xFF, 0xFF, 0xFE, 0xEF, 0xCE, 0x00,
    0xE0, 0x0E, 0x00, 0xE0, 0x0E, 0x00, 0x1F, 0xC1, 0xFF, 0x1F, 0xFD, 0xE0, 0xEE, 0x07, 0x70, 0x03,
    0x80, 0x1C, 0x00, 0xE0, 0x07, 0x00, 0x38, 0x1D, 0xE0, 0xE7, 0xFF, 0x3F, 0xF0, 0x7F, 0x00, 0xFF,
    0xFF, 0xFF, 0xF7, 0xFF, 0x80, 0xE0, 0x03, 0x80, 0x0E, 0x00, 0x38, 0x00, 0xE0, 0x03, 0x80, 0x0E,
    0x00, 0x38, 0x00, 0xE0, 0x03, 0x80, 0x0E, 0x00, 0x38, 0x00, 0xF0, 0x1D, 0xC0, 0xF7, 0x03, 0x9E,
    0x0E, 0x38, 0x70, 0xF1, 0xC1, 0xC7, 0x07, 0x38, 0x1E, 0xE0, 0x3F, 0x80, 0xFC, 0x01, 0xF0, 0x07,
    0x80, 0x1E, 0x00, 0x78, 0x01, 0xC0, 0x07, 0x00, 0x3C, 0x00, 0xE0, 0x03, 0x80, 0x03, 0x80, 0x0E,
    0x00, 0x38, 0x00, 0xE0, 0x03, 0x80, 0x7F, 0x83, 0xFF, 0x9F, 0xFE, 0xF3, 0x9F, 0x8E, 0x7E, 0x39,
    0xF8, 0xE7, 0xE3, 0x9F, 0x8E, 0x7E, 0x39, 0xF8, 0xE7, 0xF3, 0x9D, 0xFF, 0xE3, 0xFF, 0x87, 0xF8,
    0x03, 0x80, 0x0E, 0x00, 0x38, 0x00, 0xE0, 0x03, 0x80, 0x70, 0x3D, 0xE1, 0xE3, 0xC7, 0x07, 0x3C,
    0x1F, 0xE0, 0x3F, 0x00, 0x7C, 0x01, 0xE0, 0x0F, 0xC0, 0x3F, 0x81, 0xEE, 0x0F, 0x3C, 0x38, 0x79,
    0xE0, 0xEF, 0x03, 0xC0, 0xE0, 0x73, 0x81, 0xCE, 0x07, 0x38, 0x1C, 0xE0, 0x73, 0x81, 0xCE, 0x07,
    0x38, 0x1C, 0xE0, 0x73, 0x81, 0xCE, 0x07, 0x38, 0x1C, 0xFF, 0xFB, 0xFF, 0xFF, 0xFF, 0xC0, 0x07,
    0x00, 0x1C, 0x00, 0x70, 0x01, 0xC0, 0xE0, 0x7E, 0x07, 0xE0, 0x7E, 0x07, 0xE0, 0x7E, 0x07, 0xE0,
    0x7F, 0xFF, 0x7F, 0xF3, 0xFF, 0x00, 0x70, 0x07, 0x00, 0x70, 0x07, 0x00, 0x70, 0xE3, 0x9F, 0x8E,
    0x7E, 0x39, 0xF8, 0xE7, 0xE3, 0x9F, 0x8E, 0x7E, 0x39, 0xF8, 0xE7, 0xE3, 0x9F, 0x8E, 0x7E, 0x39,
    0xF8, 0xE7, 0xE3, 0x9F, 0xFF, 0xFF, 0xFF, 0xC0, 0xE3, 0x1C, 0xE3, 0x1C, 0xE3, 0x1C, 0xE3, 0x1C,
    0xE3, 0x1C, 0xE3, 0x1C, 0xE3, 0x1C, 0xE3, 0x1C, 0xE3, 0x1C, 0xE3, 0x1C, 0xE3, 0x1C, 0xE3, 0x1C,
    0xE3, 0x1C, 0xFF, 0xFE, 0xFF, 0xFE, 0x00, 0x06, 0x00, 0x06, 0x00, 0x06, 0x00, 0x06, 0xFE, 0x00,
    0xFE, 0x00, 0x7E, 0x00, 0x0E, 0x00, 0x0E, 0x00, 0x0F, 0xC0, 0x0F, 0xFC, 0x0F, 0xFE, 0x0E, 0x1E,
    0x0E, 0x0F, 0x0E, 0x0F, 0x0E, 0x0F, 0x0F, 0xFE, 0x0F, 0xFE, 0x0F, 0xF8, 0xE0, 0x1F, 0x80, 0x7E,
    0x01, 0xF8, 0x07, 0xE0, 0x1F, 0x80, 0x7F, 0xF1, 0xFF, 0xE7, 0xE3, 0xDF, 0x87, 0x7E, 0x1D, 0xF8,
    0x77, 0xE3, 0xDF, 0xFE, 0x7F, 0xF1, 0xC0, 0xF0, 0x07, 0x80, 0x3C, 0x01, 0xE0, 0x0F, 0x00, 0x7F,
    0xC3, 0xFF, 0x9F, 0xFE, 0xF0, 0xFF, 0x81, 0xFC, 0x0F, 0xE0, 0x7F, 0xFF, 0xFF, 0xFB, 0xFF, 0x80,
    0x3F, 0x87, 0xFE, 0xFF, 0xEE, 0x0F, 0xE0, 0x70, 0x07, 0x0F, 0xF0, 0xFF, 0x07, 0xF0, 0x07, 0xE0,
    0x7F, 0x0F, 0xFF, 0xE7, 0xFE, 0x3F, 0x80, 0xE1, 0xF9, 0xC7, 0xFB, 0x9F, 0xF7, 0x38, 0xEE, 0x71,
    0xDC, 0xE3, 0xFF, 0xC7, 0xFF, 0x8F, 0xFF, 0x1F, 0xCE, 0x3F, 0x9C, 0x77, 0x38, 0xEE, 0x7F, 0xDC,
    0x7F, 0xB8, 0x7E, 0x00, 0x1F, 0xF9, 0xFF, 0xDF, 0xFE, 0xE0, 0x77, 0x03, 0xB8, 0x1D, 0xF0, 0xE7,
    0xFF, 0x1F, 0xF8, 0x7F, 0xC7, 0x8E, 0x38, 0x73, 0xC3, 0xBC, 0x1D, 0xC0, 0xE0, 0x79, 0xE7, 0x9E,
    0x79, 0xE0, 0x00, 0x00, 0x01, 0xF8, 0x7F, 0xE7, 0xFF, 0xF0, 0x7E, 0x07, 0xE0, 0x7F, 0xFF, 0xFF,
    0xFF, 0xFF, 0xE0, 0x0E, 0x00, 0xF0, 0x77, 0xFF, 0x7F, 0xE1, 0xFC, 0x38, 0x00, 0xE0, 0x0F, 0xF8,
    0x3F, 0xF0, 0xFF, 0xC0, 0xE0, 0x03, 0x80, 0x0E, 0xFC, 0x3F, 0xF8, 0xF9, 0xF3, 0xC3, 0xCE, 0x07,
    0x38, 0x1C, 0xE0, 0x73, 0x81, 0xCE, 0x07, 0x38, 0x1C, 0xE0, 0x73, 0x81, 0xCE, 0x07, 0x00, 0x1C,
    0x00, 0xF0, 0x1F, 0x80, 0xFE, 0x03, 0xE0, 0x03, 0xC0, 0x38, 0x07, 0x00, 0xF0, 0x00, 0x00, 0x00,
    0xFF, 0xFF, 0xFF, 0xFF, 0xEE, 0x00, 0xE0, 0x0E, 0x00, 0xE0, 0x0E, 0x00, 0xE0, 0x0E, 0x00, 0xE0,
    0x0E, 0x00, 0xE0, 0x0E, 0x00, 0xE0, 0x00, 0x1F, 0xC3, 0xFF, 0x1F, 0xFD, 0xE0, 0xEE, 0x07, 0x70,
    0x03, 0xFC, 0x1F, 0xE0, 0xFE, 0x07, 0x00, 0x38, 0x1D, 0xE0, 0xE7, 0xFF, 0x3F, 0xF0, 0x7F, 0x00,
    0x3F, 0xC7, 0xFE, 0xFF, 0xFE, 0x07, 0xE0, 0x0F, 0x00, 0x7F, 0xC3, 0xFE, 0x07, 0xF0, 0x07, 0xE0,
    0x7E, 0x07, 0xFF, 0xF7, 0xFE, 0x3F, 0xC0, 0x07, 0x00, 0x7C, 0x01, 0xC0, 0x00, 0x00, 0x00, 0x7F,
    0x83, 0xFC, 0x0F, 0xE0, 0x07, 0x00, 0x38, 0x01, 0xC0, 0x0E, 0x00, 0x70, 0x03, 0x80, 0x1C, 0x00,
    0xE0, 0x07, 0x03, 0xFF, 0xFF, 0xFF, 0xFF, 0xF0, 0x38, 0xE3, 0xEF, 0x8E, 0x38, 0x00, 0x00, 0x00,
    0x7F, 0x83, 0xFC, 0x0F, 0xE0, 0x07, 0x00, 0x38, 0x01, 0xC0, 0x0E, 0x00, 0x70, 0x03, 0x80, 0x1C,
    0x00, 0xE0, 0x07, 0x03, 0xFF, 0xFF, 0xFF, 0xFF, 0xF0, 0x03, 0xC0, 0x78, 0x0F, 0x00, 0x00, 0x01,
    0xFF, 0xBF, 0xF3, 0xFE, 0x01, 0xC0, 0x38, 0x07, 0x00, 0xE0, 0x1C, 0x03, 0x80, 0x70, 0x0E, 0x01,
    0xC0, 0x38, 0x07, 0x00, 0xE0, 0x1C, 0x07, 0x9F, 0xE7, 0xFC, 0xFE, 0x00, 0x3F, 0xC0, 0x3F, 0xC0,
    0x3F, 0xC0, 0x39, 0xC0, 0x39, 0xC0, 0x39, 0xF0, 0x39, 0xFC, 0x39, 0xFE, 0x39, 0xCF, 0x39, 0xC7,
    0x39, 0xC7, 0x79, 0xC7, 0xF1, 0xFF, 0xF1, 0xFE, 0xE1, 0xFC, 0xE3, 0x81, 0xC7, 0x03, 0x8E, 0x07,
    0x1C, 0x0E, 0x38, 0x1C, 0x70, 0x3F, 0xFE, 0x7F, 0xFE, 0xE3, 0x9F, 0xC7, 0x1F, 0x8E, 0x3F, 0x1C,
    0x7E, 0x39, 0xFC, 0x7F, 0xB8, 0xFE, 0x00, 0x38, 0x00, 0xE0, 0x0F, 0xF8, 0x3F, 0xF0, 0xFF, 0xC0,
    0xE0, 0x03, 0x80, 0x0E, 0xFC, 0x3F, 0xF8, 0xF9, 0xF3, 0xC3, 0xCE, 0x07, 0x38, 0x1C, 0xE0, 0x73,
    0x81, 0xCE, 0x07, 0x38, 0x1C, 0xE0, 0x73, 0x81, 0xCE, 0x07, 0x01, 0xC0, 0x0E, 0x00, 0x78, 0x01,
    0xC0, 0x00, 0x00, 0x00, 0x0F, 0x07, 0xBC, 0x1C, 0xF0, 0xF3, 0xC7, 0x8F, 0x1C, 0x3C, 0xF0, 0xFF,
    0x83, 0xFE, 0x0F, 0xFC, 0x3C, 0x70, 0xF1, 0xE3, 0xC3, 0x8F, 0x0F, 0x3C, 0x1E, 0xF0, 0x38, 0x38,
    0x70, 0x7F, 0xC1, 0xFE, 0x03, 0xF0, 0x00, 0x00, 0x00, 0x0F, 0x01, 0xDC, 0x0F, 0x70, 0x39, 0xE0,
    0xE3, 0x87, 0x0F, 0x1C, 0x1C, 0x70, 0x73, 0x81, 0xEE, 0x03, 0xF8, 0x0F, 0xC0, 0x1F, 0x00, 0x78,
    0x01, 0xE0, 0x07, 0x80, 0x1C, 0x00, 0x70, 0x03, 0xC0, 0x0E, 0x00, 0x38, 0x00, 0xE0, 0x7E, 0x07,
    0xE0, 0x7E, 0x07, 0xE0, 0x7E, 0x07, 0xE0, 0x7E, 0x07, 0xE0, 0x7E, 0x07, 0xE0, 0x7E, 0x07, 0xFF,
    0xFF, 0xFF, 0xFF, 0xF0, 0x70, 0x07, 0x00, 0x70, 0x07, 0x00, 0x00, 0x70, 0x07, 0xFF, 0xFF, 0xFF,
    0xFF, 0xFE, 0x00, 0xE0, 0x0E, 0x00, 0xE0, 0x0E, 0x00, 0xE0, 0x0E, 0x00, 0xE0, 0x0E, 0x00, 0xE0,
    0x0E, 0x00, 0xE0, 0x0E, 0x00, 0xE0, 0x0E, 0x00, 0xE0, 0x0E, 0x00, 0x00, 0x60, 0x0F, 0x00, 0xFF,
    0xFF, 0xFF, 0xFF, 0xFE, 0xE0, 0x0E, 0x00, 0xE0, 0x0E, 0x00, 0xE0, 0x0E, 0x00, 0xE0, 0x0E, 0x00,
    0xE0, 0x0E, 0x00, 0xE0, 0x0E, 0x00, 0x1F, 0xFE, 0x3F, 0xFC, 0x7F, 0xF8, 0xE0, 0x01, 0xC0, 0x03,
    0x80, 0x07, 0x00, 0x0E, 0x00, 0x1C, 0x01, 0xFF, 0xC3, 0xFF, 0x83, 0xFE, 0x01, 0xC0, 0x03, 0x80,
    0x07, 0x00, 0x0E, 0x00, 0x1C, 0x00, 0x38, 0x00, 0x70, 0x00, 0xE0, 0x00, 0x1F, 0xFC, 0x7F, 0xF1,
    0xFF, 0x87, 0x00, 0x1C, 0x00, 0x70, 0x07, 0xFC, 0x3F, 0xF8, 0xFF, 0xE0, 0x70, 0x01, 0xC0, 0x07,
    0x00, 0x1C, 0x00, 0x70, 0x01, 0xC0, 0x00, 0xE0, 0x7B, 0x81, 0xCE, 0x0F, 0x38, 0x38, 0xE1, 0xE3,
    0x87, 0x0E, 0x3C, 0x38, 0xE0, 0xFF, 0x83, 0xFC, 0x0F, 0xF0, 0x39, 0xE0, 0xE3, 0x83, 0x8F, 0x0E,
    0x1C, 0x38, 0x78, 0xE0, 0xE3, 0x83, 0xCE, 0x07, 0xF8, 0x1F, 0x00, 0x1C, 0x00, 0x70, 0x01, 0xC0,
    0x07, 0xE0, 0x7B, 0x83, 0xCE, 0x0E, 0x38, 0x78, 0xE3, 0xC3, 0x9E, 0x0F, 0xF0, 0x3F, 0xC0, 0xFF,
    0x83, 0x8F, 0x0E, 0x1C, 0x38, 0x78, 0xE0, 0xE3, 0x81, 0xFE, 0x07, 0xC0, 0x07, 0x00, 0x1C, 0x00,
    0x70, 0x01, 0xC0, 0xE0, 0x77, 0x03, 0xB8, 0x1D, 0xC0, 0xEE, 0x07, 0x70, 0x3B, 0x81, 0xDC, 0x0E,
    0xFF, 0xF7, 0xFF, 0xBF, 0xFD, 0xC0, 0xEE, 0x07, 0x70, 0x3B, 0x81, 0xDC, 0x0E, 0xE0, 0x77, 0x03,
    0xB8, 0x1F, 0xC0, 0xF0, 0x03, 0x80, 0x1C, 0x00, 0xE0, 0x07, 0xE0, 0x77, 0x03, 0xB8, 0x1D, 0xC0,
    0xEE, 0x07, 0x70, 0x3B, 0xFF, 0xDF, 0xFE, 0xFF, 0xF7, 0x03, 0xB8, 0x1D, 0xC0, 0xEE, 0x07, 0x70,
    0x3F, 0x81, 0xE0, 0x07, 0x00, 0x38, 0x01, 0xC0, 0x0E, 0x70, 0x0E, 0x78, 0x0E, 0x38, 0x1C, 0x3C,
    0x1C, 0x1C, 0x3C, 0x1C, 0x38, 0x0E, 0x78, 0x0E, 0x70, 0x07, 0xF0, 0x07, 0xE0, 0x03, 0xE0, 0x03,
    0xC0, 0x03, 0xC0, 0x01, 0xC0, 0x01, 0xC0, 0x01, 0xC0, 0x01, 0xC0, 0x01, 0xC0, 0x01, 0xC0, 0x01,
    0xC0, 0xF0, 0x1D, 0xC0, 0xE7, 0x03, 0x9E, 0x0E, 0x38, 0x70, 0xE1, 0xC1, 0xC7, 0x07, 0x38, 0x1C,
    0xE0, 0x3B, 0x80, 0xFC, 0x03, 0xF0, 0x07, 0xC0, 0x1E, 0x00, 0x78, 0x00, 0xE0, 0x03, 0x80, 0x0E,
    0x00, 0x38, 0x00, 0xE0, 0x70, 0x0E, 0x78, 0x0E, 0x38, 0x1C, 0x38, 0x1C, 0x1C, 0x3C, 0x1C, 0x38,
    0x0E, 0x78, 0x0E, 0x70, 0x0F, 0x70, 0x07, 0xE0, 0x07, 0xE0, 0x03, 0xC0, 0x03, 0xC0, 0x1F, 0xF8,
    0x1F, 0xF8, 0x01, 0xC0, 0x01, 0xC0, 0x01, 0xC0, 0x01, 0xC0, 0x01, 0xC0, 0xF0, 0x1D, 0xC0, 0xE7,
    0x03, 0x9E, 0x0E, 0x38, 0x70, 0xE1, 0xC1, 0xC7, 0x07, 0x38, 0x1C, 0xE0, 0x3B, 0x80, 0xFC, 0x03,
    0xF0, 0x07, 0xC0, 0x1E, 0x00, 0x78, 0x0F, 0xFC, 0x3F, 0xF0, 0x0E, 0x00, 0x38, 0x00, 0xE0, 0xF0,
    0x3B, 0xC0, 0xEF, 0x03, 0xBC, 0x0E, 0xF0, 0x3B, 0xC0, 0xEF, 0x03, 0xBC, 0x0E, 0xF0, 0x39, 0xC0,
    0xE7, 0xFF, 0x8F, 0xFE, 0x1F, 0xF8, 0x00, 0xE0, 0x03, 0x80, 0x0E, 0x00, 0x38, 0x00, 0xE0, 0x03,
    0xC0, 0x0F, 0x00, 0x1C, 0x00, 0x70, 0x01, 0xC0, 0x07, 0x70, 0x39, 0xC0, 0xE7, 0x03, 0x9C, 0x0E,
    0x70, 0x39, 0xC0, 0xE7, 0x03, 0x9F, 0xFE, 0x3F, 0xF8, 0x7F, 0xE0, 0x03, 0x80, 0x0E, 0x00, 0x38,
    0x00, 0xF0, 0x03, 0xC0, 0x07, 0x00, 0x1C, 0x00, 0x70, 0x01, 0xC0, 0xE0, 0x07, 0x00, 0x38, 0x01,
    0xC0, 0x0E, 0x00, 0x70, 0x03, 0x80, 0x1F, 0xC0, 0xFF, 0xC7, 0xFF, 0xB8, 0x7D, 0xC0, 0xEE, 0x07,
    0xF0, 0x3F, 0x81, 0xFC, 0x0F, 0xE0, 0x7F, 0x03, 0xF8, 0x1F, 0xC0, 0xF0, 0xF0, 0x07, 0x80, 0x3C,
    0x01, 0xE0, 0x0F, 0x00, 0x7F, 0xE3, 0xFF, 0x9F, 0xFE, 0xF0, 0x77, 0x83, 0xBC, 0x1D, 0xE0, 0xEF,
    0x07, 0x78, 0x3B, 0xC1, 0xC0, 0x1F, 0x87, 0xFE, 0x7F, 0xEF, 0x0F, 0xE0, 0x7E, 0x07, 0x00, 0x70,
    0x07, 0x7F, 0xFF, 0xFF, 0xFF, 0xFE, 0x07, 0xE0, 0x7E, 0x07, 0xE0, 0x7E, 0x07, 0xF0, 0xF7, 0xFE,
    0x7F, 0xE1, 0xF8, 0x3F, 0xC7, 0xFE, 0xFF, 0xEE, 0x0F, 0x00, 0x70, 0x07, 0x7F, 0xFF, 0xFF, 0xFF,
    0xFE, 0x07, 0xE0, 0x7F, 0x07, 0x7F, 0xE7, 0xFE, 0x1F, 0xC0, 0x1E, 0x78, 0x0F, 0x3C, 0x07, 0x9E,
    0x00, 0x00, 0x00, 0x00, 0x07, 0x8E, 0x39, 0xC7, 0x3C, 0xE3, 0x9C, 0x71, 0xCE, 0x1C, 0xEF, 0x0E,
    0x77, 0x07, 0x3B, 0x81, 0xDF, 0xC0, 0xFF, 0xC0, 0x7F, 0xE0, 0x3F, 0xF0, 0x1D, 0xF8, 0x1E, 0xEE,
    0x0E, 0x77, 0x07, 0x3B, 0x87, 0x9C, 0xE3, 0x8E, 0x71, 0xC7, 0x3D, 0xE3, 0x8E, 0xE1, 0xC7, 0x00,
    0x1E, 0x78, 0x1E, 0x78, 0x1E, 0x78, 0x00, 0x00, 0x00, 0x00, 0xF1, 0x87, 0x71, 0x8E, 0x71, 0x8E,
    0x39, 0x9C, 0x39, 0x9C, 0x1F, 0xF8, 0x1F, 0xF8, 0x1F, 0xF8, 0x1D, 0xBC, 0x39, 0x9C, 0x39, 0x9C,
    0x79, 0x8E, 0x71, 0x8E, 0x71, 0x8F, 0xE1, 0x87, 0x3C, 0xF0, 0xF3, 0xC3, 0xCF, 0x00, 0x00, 0x00,
    0x00, 0x3F, 0x03, 0xFF, 0x1F, 0xFC, 0x78, 0x79, 0xC0, 0xE7, 0x03, 0x80, 0x0E, 0x00, 0x78, 0x1F,
    0xC0, 0xFE, 0x03, 0xFC, 0x00, 0xF8, 0x00, 0xE0, 0x03, 0xF8, 0x07, 0xE0, 0x3F, 0xC0, 0xE7, 0xFF,
    0x8F, 0xFC, 0x1F, 0xE0, 0x3C, 0xF0, 0xF3, 0xC3, 0xCF, 0x00, 0x00, 0x00, 0x00, 0x7F, 0x83, 0xFF,
    0x1F, 0xFE, 0x70, 0x38, 0x00, 0xE0, 0x0F, 0x83, 0xF8, 0x0F, 0xF0, 0x1F, 0xE0, 0x03, 0x98, 0x0F,
    0x70, 0x39, 0xFF, 0xE7, 0xFF, 0x07, 0xF8, 0x79, 0xE7, 0x9E, 0x79, 0xE0, 0x00, 0x00, 0x0E, 0x0F,
    0xE0, 0xFE, 0x1F, 0xE1, 0xFE, 0x1F, 0xE3, 0xFE, 0x3F, 0xE3, 0x7E, 0x77, 0xE7, 0x7E, 0xE7, 0xEE,
    0x7E, 0xE7, 0xFC, 0x7F, 0xC7, 0xFC, 0x7F, 0x87, 0xF8, 0x7F, 0x87, 0xF0, 0x70, 0x79, 0xE7, 0x9E,
    0x79, 0xE0, 0x00, 0x00, 0x0E, 0x0F, 0xE0, 0xFE, 0x1F, 0xE1, 0xFE, 0x3F, 0xE3, 0xFE, 0x77, 0xE7,
    0x7E, 0xE7, 0xEE, 0x7F, 0xC7, 0xFC, 0x7F, 0x87, 0xF8, 0x7F, 0x07, 0x79, 0xE7, 0x9E, 0x79, 0xE0,
    0x00, 0x00, 0x01, 0xF8, 0x7F, 0xE7, 0xFE, 0xF0, 0xFE, 0x07, 0xE0, 0x7E, 0x07, 0xE0, 0x7E, 0x07,
    0xE0, 0x7E, 0x07, 0xE0, 0x7E, 0x07, 0xE0, 0x7E, 0x07, 0xE0, 0x7F, 0x0F, 0x7F, 0xE7, 0xFE, 0x1F,
    0xC0, 0x79, 0xE7, 0x9E, 0x79, 0xE0, 0x00, 0x00, 0x01, 0xFC, 0x7F, 0xE7, 0xFF, 0xF0, 0xFE, 0x07,
    0xE0, 0x7E, 0x07, 0xE0, 0x7E, 0x07, 0xE0, 0x7E, 0x07, 0xF0, 0xF7, 0xFE, 0x7F, 0xE1, 0xFC, 0x1F,
    0xC7, 0xFE, 0x7F, 0xEF, 0x0F, 0xE0, 0x7E, 0x07, 0xE0, 0x7E, 0x07, 0xFF, 0xFF, 0xFF, 0xFF, 0xFE,
    0x07, 0xE0, 0x7E, 0x07, 0xE0, 0x7E, 0x07, 0xF0, 0xF7, 0xFE, 0x7F, 0xE1, 0xF8, 0x1F, 0x87, 0xFE,
    0x7F, 0xEF, 0x0F, 0xE0, 0x7E, 0x07, 0xFF, 0xFF, 0xFF, 0xFF, 0xFE, 0x07, 0xE0, 0x7F, 0x0F, 0x7F,
    0xE7, 0xFE, 0x1F, 0x80, 0x79, 0xE7, 0x9E, 0x79, 0xE0, 0x00, 0x00, 0x0E, 0x07, 0xE0, 0x7E, 0x07,
    0xE0, 0x7E, 0x07, 0xE0, 0x7E, 0x07, 0xE0, 0x7E, 0x07, 0xE0, 0x7F, 0xFF, 0x7F, 0xF3, 0xFF, 0x00,
    0x70, 0x07, 0x00, 0x70, 0x07, 0x00, 0x70, 0x07, 0x00, 0x70, 0x79, 0xE7, 0x9E, 0x79, 0xE0, 0x00,
    0x00, 0x0E, 0x07, 0xE0, 0x7E, 0x07, 0xE0, 0x7E, 0x07, 0xE0, 0x7E, 0x07, 0xFF, 0xF7, 0xFF, 0x3F,
    0xF0, 0x07, 0x00, 0x70, 0x07, 0x00, 0x70, 0x07, 0x7F, 0xBF, 0xFF, 0xFC, 0xFF, 0xF7, 0xFF, 0xBF,
    0xFC, 0xFF, 0xFF, 0x7F, 0xFF, 0xFF, 0xFF, 0xE0, 0xE1, 0xF8, 0x7E, 0x1F, 0x87, 0xE1, 0xF8, 0x7E,
    0x1F, 0x87, 0xE1, 0xF8, 0x7E, 0x1F, 0x87, 0xE1, 0xF8, 0x7E, 0x1F, 0x87, 0xE1, 0xF8, 0x7E, 0x1F,
    0x87, 0xE1, 0xF8, 0x7E, 0x1F, 0x87, 0xE1, 0xC0, 0x39, 0xE7, 0x1C, 0xF3, 0xC7, 0x1E, 0x38, 0xF1,
    0xCF, 0x3C, 0xE7, 0x9C, 0x38, 0xF1, 0xCF, 0x3C, 0xE7, 0x9C, 0x79, 0xCF, 0x3C, 0x71, 0xC7, 0x8E,
    0x3C, 0xE3, 0x8E, 0x79, 0xE7, 0x1C, 0x73, 0xCF, 0x3C, 0x71, 0xC7, 0x9E, 0x79, 0xE3, 0xCE, 0x3C,
    0xF3, 0xCF, 0x38, 0xE3, 0x8E, 0x79, 0xE7, 0x1C, 0x78, 0xF3, 0xC7, 0x3C, 0x73, 0xC7, 0x38, 0x73,
    0x8F, 0x78, 0xE7, 0x1E, 0x79, 0xE7, 0x1C, 0xF3, 0xC7, 0x1C, 0x71, 0xC7, 0x9E, 0x38, 0xE3, 0xCF,
    0x07, 0x00, 0x38, 0x01, 0xC0, 0x0E, 0x00, 0x70, 0x03, 0x83, 0xFF, 0xDF, 0xFE, 0xFF, 0xF0, 0x38,
    0x01, 0xC0, 0x0E, 0x00, 0x70, 0x03, 0x80, 0x1C, 0x00, 0xE0, 0x07, 0x00, 0x38, 0x01, 0xC0, 0x0E,
    0x00, 0x70, 0x03, 0x80, 0x1C, 0x00, 0xE0, 0x07, 0x00, 0x38, 0x00, 0x07, 0x00, 0x38, 0x01, 0xC0,
    0x0E, 0x00, 0x70, 0x03, 0x80, 0x1C, 0x1F, 0xFE, 0xFF, 0xF7, 0xFF, 0x81, 0xC0, 0x0E, 0x00, 0x70,
    0x03, 0x80, 0x1C, 0x00, 0xE0, 0xFF, 0xF7, 0xFF, 0xBF, 0xFC, 0x0E, 0x00, 0x70, 0x03, 0x80, 0x1C,
    0x00, 0xE0, 0x07, 0x00, 0x38, 0x00, 0x3E, 0x7E, 0x7F, 0x7F, 0x7E, 0x3E, 0x79, 0xF7, 0xDE, 0x63,
    0x9F, 0xDE, 0x7F, 0x7B, 0xFD, 0xE7, 0x63, 0x9C, 0x3E, 0x0E, 0x1F, 0xC7, 0x07, 0xF1, 0x81, 0x8C,
    0xE0, 0x63, 0x30, 0x1F, 0xDC, 0x07, 0xFE, 0x00, 0xFB, 0x00, 0x01, 0xC0, 0x00, 0x60, 0x00, 0x38,
    0x00, 0x1C, 0x00, 0x07, 0xF7, 0x83, 0xFF, 0xF0, 0xDD, 0xCC, 0x76, 0x73, 0x19, 0x9C, 0xCE, 0x77,
    0x37, 0x1F, 0xFD, 0x83, 0xFE, 0x39, 0xE7, 0x9E, 0x71, 0xC7, 0x3C, 0x3C, 0xF3, 0x8E, 0x78, 0xE7,
    0x9E, 0x79, 0xE7, 0x1C, 0x71, 0xC7, 0x1C, 0x39, 0xEF, 0x79, 0xCF, 0x79, 0xCE, 0x73, 0xCE, 0x73,
    0xCE, 0x73, 0x9E, 0xF3, 0x9E, 0xF3, 0x9C, 0x03, 0x81, 0xC0, 0xF0, 0x78, 0x3C, 0x1E, 0x07, 0x01,
    0xE0, 0x3C, 0x07, 0x80, 0xF0, 0x1C, 0x03, 0x80, 0x78, 0x0F, 0x01, 0xC0, 0x78, 0x0F, 0x01, 0xE0,
    0x38, 0x1E, 0x0F, 0x03, 0x81, 0xC0, 0xF0, 0x78, 0x00, 0x78, 0xE7, 0x8E, 0x78, 0xE7, 0x8E, 0x78,
    0xE7, 0x8E, 0x78, 0xE7, 0x0E, 0x70, 0xE7, 0x0E, 0x70, 0xE7, 0x0E, 0x70, 0xE7, 0x0E, 0x00, 0x00,
    0x00, 0x00, 0x07, 0x9E, 0x79, 0xF7, 0x9E, 0xFF, 0x1F, 0xF1, 0xFF, 0x00, 0xE0, 0x1C, 0x73, 0xCE,
    0x79, 0xCE, 0x3B, 0xC7, 0xF0, 0xFC, 0x0E, 0x01, 0x80, 0x30, 0x00, 0x00, 0x00, 0x00, 0x07, 0x80,
    0xF0, 0x1E, 0x00, 0x7F, 0xFF, 0xBF, 0xFF, 0xFF, 0xFF, 0xFC, 0xE0, 0x07, 0xE0, 0x07, 0xFF, 0xFF,
    0x7F, 0xFE, 0x3F, 0xFC, 0x00, 0x07, 0x00, 0x07, 0x00, 0x03, 0x80, 0x03, 0x80, 0x03, 0x80, 0x01,
    0xC0, 0x01, 0xC0, 0x01, 0xC0, 0x00, 0xE0, 0x00, 0xE0, 0x00, 0xE0, 0x00, 0x70, 0x00, 0x70, 0x00,
    0x70, 0x00, 0x78, 0x00, 0x38, 0x00, 0x38, 0x00, 0x3C, 0x00, 0x1C, 0x00, 0x1C, 0x00, 0x00, 0x7E,
    0xFF, 0xFF, 0xE0, 0xE0, 0xE0, 0xE0, 0xE0, 0xE0, 0xE0, 0xE0, 0xE0, 0xFF, 0xFF, 0xFE, 0xE0, 0xE0,
    0xE0, 0xE0, 0xE0, 0xE0, 0xE0, 0xE0, 0xFE, 0xFE, 0xFE, 0xFD, 0xFF, 0xF8, 0x70, 0xE1, 0xC3, 0x87,
    0x0E, 0x1C, 0x38, 0x7F, 0xFF, 0xFF, 0x87, 0x0E, 0x1C, 0x38, 0x70, 0xE1, 0xC3, 0xFF, 0xFF, 0xFC,
    0x3F, 0x1F, 0xE7, 0x3F, 0x87, 0xE1, 0xF8, 0x7E, 0x1F, 0x87, 0xE1, 0xDC, 0xF7, 0xF8, 0xFC, 0x07,
    0x03, 0x81, 0xC0, 0x70, 0x39, 0x9C, 0x66, 0x1B, 0xFE, 0xFF, 0x80, 0x60, 0x18, 0x06, 0x7F, 0x9F,
    0xE7, 0x01, 0xC0, 0x7F, 0x1F, 0xE0, 0x3C, 0x07, 0xE1, 0xDC, 0xF7, 0xF8, 0xFC, 0x0E, 0x03, 0x01,
    0xC0, 0xE0, 0x3F, 0x9F, 0xE6, 0x1F, 0x87, 0xE1, 0xDC, 0xF7, 0xF8, 0xFC, 0xFF, 0xFF, 0xF0, 0xF8,
    0xE0, 0x70, 0x70, 0x38, 0x18, 0x1C, 0x0C, 0x0E, 0x07, 0x00, 0x3F, 0x1F, 0xE7, 0x1D, 0x87, 0x73,
    0x8F, 0xC7, 0xF9, 0xC7, 0xE1, 0xFC, 0x77, 0xF8, 0xFC, 0x3F, 0x1F, 0xE7, 0x3F, 0x87, 0xE1, 0xDC,
    0xF7, 0xF8, 0xFE, 0x07, 0x03, 0x80, 0xE0, 0x70, 0x1C, 0x1C, 0x1C, 0xFF, 0xFF, 0x1C, 0x1C, 0x1C,
    0xFF, 0xFF, 0xC0, 0x00, 0x0F, 0xFF, 0xFC, 0x3F, 0x1F, 0xE7, 0x3F, 0x87, 0xE1, 0xF8, 0x7E, 0x1F,
    0x87, 0xE1, 0xDC, 0xF7, 0xF8, 0xFC, 0x3C, 0x7E, 0x3B, 0x11, 0x80, 0xC0, 0x60, 0x30, 0x18, 0x0C,
    0x06, 0x3F, 0xFF, 0xF0, 0x3F, 0x1F, 0xE7, 0x39, 0x87, 0x01, 0xC0, 0xE0, 0x70, 0x38, 0x3C, 0x1E,
    0x07, 0xFD, 0xFF, 0x7F, 0x9F, 0xE0, 0x78, 0x3C, 0x0F, 0x03, 0xE0, 0x38, 0x07, 0xE1, 0xDC, 0xF7,
    0xF8, 0xFC, 0x07, 0x03, 0x81, 0xC0, 0x70, 0x39, 0x9C, 0x66, 0x1B, 0xFE, 0xFF, 0x80, 0x60, 0x18,
    0x06, 0x7F, 0x9F, 0xE7, 0x01, 0xC0, 0x7F, 0x1F, 0xE0, 0x3C, 0x07, 0xE1, 0xDC, 0xF7, 0xF8, 0xFC,
    0x0E, 0x03, 0x01, 0xC0, 0xE0, 0x3F, 0x9F, 0xE6, 0x1F, 0x87, 0xE1, 0xDC, 0xF7, 0xF8, 0xFC, 0xFF,
    0xFF, 0xF0, 0xF8, 0xE0, 0x70, 0x70, 0x38, 0x18, 0x1C, 0x0C, 0x0E, 0x07, 0x00, 0x3F, 0x1F, 0xE7,
    0x1D, 0x87, 0x73, 0x8F, 0xC7, 0xF9, 0xC7, 0xE1, 0xFC, 0x77, 0xF8, 0xFC, 0x3F, 0x1F, 0xE7, 0x3F,
    0x87, 0xE1, 0xDC, 0xF7, 0xF8, 0xFE, 0x07, 0x03, 0x80, 0xE0, 0x70, 0x00, 0x70, 0x00, 0xE0, 0x0F,
    0xF8, 0x1F, 0xF0, 0x3F, 0xC0, 0x0E, 0x0F, 0xDC, 0x3F, 0xF8, 0x7F, 0xF1, 0xE1, 0xE3, 0x81, 0xC7,
    0x03, 0x8E, 0x07, 0x1C, 0x0E, 0x3C, 0x3C, 0x3C, 0xF8, 0x7F, 0xF0, 0x7E, 0xE0, 0x00, 0x03, 0xFF,
    0x0F, 0xFF, 0x1F, 0xFE, 0x00, 0x07, 0xF0, 0x1F, 0xF0, 0x7F, 0xF1, 0xE0, 0xE3, 0x81, 0xC7, 0x03,
    0x9F, 0xE0, 0x7F, 0xE0, 0xFF, 0xC0, 0x70, 0x00, 0xE0, 0x07, 0xFE, 0x0F, 0xFC, 0x0F, 0xF0, 0x0E,
    0x07, 0x1C, 0x0E, 0x3C, 0x1C, 0x3F, 0xF8, 0x3F, 0xE0, 0x3F, 0x80, 0xFF, 0xFF, 0xFF, 0xF7, 0xFF,
    0xC0, 0xE0, 0x03, 0x80, 0x0E, 0x00, 0x39, 0x80, 0xFE, 0x1F, 0xF9, 0xFF, 0x07, 0xF8, 0x18, 0xEE,
    0x03, 0xF8, 0x7F, 0xE7, 0xF8, 0x1F, 0xE0, 0x43, 0x80, 0x0E, 0x00, 0x38, 0x00, 0xE0, 0x0F, 0xE0,
    0xFF, 0xC3, 0xFF, 0x9E, 0x0E, 0x70, 0x38, 0x01, 0xC0, 0x0F, 0x3F, 0xFF, 0xFF, 0xFD, 0xFF, 0xF0,
    0x00, 0x3F, 0xFF, 0xFF, 0xFD, 0xFF, 0xF7, 0x80, 0x1C, 0x0E, 0x78, 0x78, 0xFF, 0xC3, 0xFF, 0x07,
    0xF0, 0x1F, 0xF0, 0x3F, 0xF8, 0x7F, 0xF0, 0xE0, 0xF1, 0xC0, 0xE3, 0x81, 0xC7, 0x03, 0x8E, 0x0F,
    0x1C, 0x3D, 0xFF, 0xFB, 0xFF, 0xE3, 0xFC, 0x01, 0xC0, 0x0F, 0xFC, 0x3F, 0xFC, 0x7F, 0xF8, 0x1C,
    0x00, 0x38, 0x00, 0x70, 0x00, 0xE0, 0x00, 0x1B, 0x01, 0xD8, 0x0E, 0xC0, 0x76, 0x0F, 0xFC, 0x7F,
    0xF3, 0xFF, 0xDC, 0x1E, 0xE0, 0x77, 0x03, 0xB8, 0x1D, 0xC1, 0xEF, 0xFE, 0x7F, 0xE3, 0xFF, 0x9C,
    0x3E, 0xE0, 0x77, 0x03, 0xF8, 0x1F, 0xC0, 0xFE, 0x07, 0x7F, 0xFB, 0xFF, 0x9F, 0xF8, 0x3B, 0x01,
    0xD8, 0x0E, 0xC0, 0x36, 0x00, 0x03, 0x80, 0x07, 0x80, 0x0F, 0x00, 0x1E, 0x00, 0x1C, 0x00, 0x38,
    0x00, 0x7F, 0xFE, 0xFF, 0xFF, 0xFF, 0xFF, 0x78, 0x00, 0x3C, 0x00, 0x1C, 0x00, 0x1E, 0x00, 0x0F,
    0x00, 0x07, 0x80, 0x03, 0x80, 0x03, 0x00, 0x0F, 0x00, 0x3F, 0x00, 0xFF, 0x87, 0xFF, 0x9F, 0x77,
    0xB8, 0xE7, 0x61, 0xC7, 0x83, 0x84, 0x07, 0x00, 0x0E, 0x00, 0x1C, 0x00, 0x38, 0x00, 0x70, 0x00,
    0xE0, 0x01, 0xC0, 0x03, 0x80, 0x07, 0x00, 0x0E, 0x00, 0x1C, 0x00, 0x01, 0xC0, 0x00, 0xE0, 0x00,
    0xF0, 0x00, 0x78, 0x00, 0x3C, 0x00, 0x1C, 0x7F, 0xFE, 0xFF, 0xFF, 0xFF, 0xFF, 0x00, 0x1E, 0x00,
    0x1C, 0x00, 0x3C, 0x00, 0x78, 0x00, 0xF0, 0x00, 0xE0, 0x01, 0xC0, 0x03, 0x80, 0x07, 0x00, 0x0E,
    0x00, 0x1C, 0x00, 0x38, 0x00, 0x70, 0x00, 0xE0, 0x01, 0xC0, 0x03, 0x80, 0x07, 0x00, 0x0E, 0x04,
    0x1C, 0x2C, 0x38, 0xFC, 0x73, 0xBE, 0xEF, 0x3F, 0xFC, 0x1F, 0xF0, 0x1F, 0x80, 0x1E, 0x00, 0x18,
    0x00, 0x03, 0xC7, 0x00, 0x1E, 0x1E, 0x00, 0x70, 0x3C, 0x03, 0xC0, 0x70, 0x1E, 0x01, 0xE0, 0xF0,
    0x03, 0xC3, 0xFF, 0xFF, 0x9F, 0xFF, 0xFE, 0x7F, 0xFF, 0xF8, 0xE0, 0x01, 0xE3, 0xC0, 0x0F, 0x07,
    0x80, 0x78, 0x0F, 0x03, 0xC0, 0x1C, 0x0E, 0x00, 0x38, 0x78, 0x00, 0xF1, 0xC0, 0x00, 0x00, 0x07,
    0x00, 0x3F, 0x00, 0xFF, 0x03, 0xFF, 0x0F, 0x7F, 0x3C, 0xEF, 0x71, 0xCF, 0xC3, 0x8F, 0x07, 0x08,
    0x0E, 0x00, 0x1C, 0x00, 0x38, 0x00, 0x70, 0x00, 0xE0, 0x01, 0xC0, 0x03, 0x80, 0x07, 0x00, 0x0E,
    0x00, 0x1C, 0x00, 0x38, 0x18, 0x70, 0xF8, 0xE3, 0xF9, 0xDE, 0x7B, 0xFC, 0x7F, 0xE0, 0x7F, 0x80,
    0x7E, 0x00, 0x78, 0x00, 0x60, 0x00, 0x00, 0x03, 0xFF, 0xCF, 0xFF, 0xBE, 0x00, 0xFC, 0x03, 0xF8,
    0x0E, 0xF0, 0x39, 0xE0, 0xE3, 0xC3, 0x87, 0x8E, 0x0F, 0x38, 0x1E, 0x60, 0x3C, 0x80, 0x70, 0x00,
    0x00, 0x00, 0x00, 0xFF, 0xF7, 0xFF, 0xC0, 0x1F, 0x00, 0xFC, 0x07, 0xF0, 0x3D, 0xC1, 0xE7, 0x0F,
    0x1C, 0x78, 0x73, 0xC1, 0xDE, 0x07, 0xF0, 0x19, 0x80, 0x40, 0x00, 0x00, 0x00, 0x01, 0x80, 0x4F,
    0x01, 0x9E, 0x07, 0x3C, 0x1C, 0x78, 0x70, 0xF1, 0xC1, 0xE7, 0x03, 0xDC, 0x07, 0xF0, 0x0F, 0xC0,
    0x1F, 0x7F, 0xFC, 0xFF, 0xF0, 0x00, 0x00, 0x80, 0x76, 0x03, 0xF8, 0x1E, 0xE0, 0xF3, 0x87, 0x8E,
    0x3C, 0x39, 0xE0, 0xEF, 0x03, 0xF8, 0x0F, 0xC0, 0x3F, 0xFE, 0xFF, 0xFB, 0xFF, 0xC0, 0x00, 0xFE,
    0x00, 0xFF, 0x00, 0x1F, 0x7C, 0x1F, 0xFE, 0x3F, 0xEF, 0xFF, 0xE7, 0xF7, 0xE3, 0xE7, 0x1C, 0x70,
    0x38, 0xE0, 0x79, 0xE0, 0xFF, 0xFF, 0xFF, 0xFF, 0xFF, 0xFF, 0xF3, 0xC0, 0x79, 0xE0, 0x3C, 0xF0,
    0x1C, 0x70, 0x0E, 0x38, 0x07, 0x1C, 0x03, 0x8E, 0x7F, 0xFF, 0xFF, 0xFF, 0xFF, 0xFF, 0x01, 0xCF,
    0x03, 0x8E, 0x07, 0x1C, 0x0E, 0x38, 0x1C, 0x0F, 0x38, 0x1E, 0x78, 0x3C, 0xFF, 0xF8, 0xFF, 0xF8,
    0xFF, 0xF8, 0xF0, 0x3C, 0x78, 0x1C, 0x3C, 0x1E, 0x1C, 0x0F, 0xF0, 0x38, 0x78, 0x1C, 0x3C, 0x0E,
    0x1F, 0xFF, 0x0F, 0xFF, 0x0F, 0xFF, 0x1C, 0x0F, 0x3C, 0x0E, 0x78, 0x1C, 0xF0, 0x38, 0x0F, 0x01,
    0xF8, 0x3F, 0xC7, 0xFE, 0x77, 0xF6, 0x77, 0x47, 0x00, 0x70, 0x07, 0x00, 0x70, 0x07, 0x00, 0x70,
    0x7F, 0xE7, 0xFF, 0x7F, 0xF0, 0xE0, 0x38, 0xE0, 0x1C, 0xE0, 0x0E, 0xFF, 0xFF, 0xFF, 0xFF, 0xFF,
    0xFF, 0xE0, 0x0F, 0xE0, 0x0E, 0xE0, 0x1C, 0xE0, 0x38, 0x7F, 0xE7, 0xFF, 0x7F, 0xF0, 0x70, 0x07,
    0x00, 0x70, 0x07, 0x00, 0x70, 0x07, 0x04, 0x73, 0x67, 0x77, 0x7F, 0x7F, 0xE3, 0xFC, 0x0F, 0x80,
    0x70, 0x00, 0x80, 0x00, 0xF8, 0x00, 0xFC, 0x00, 0x3E, 0x00, 0x0F, 0x00, 0x07, 0x0E, 0x07, 0x1E,
    0x07, 0x1C, 0x07, 0x38, 0x0F, 0x7F, 0xFE, 0xFF, 0xFC, 0xFF, 0xF8, 0x78, 0x00, 0x38, 0x00, 0x1C,
    0x00, 0x1E, 0x00, 0x0E, 0x00, 0x01, 0x00, 0x1F, 0x00, 0x3F, 0x00, 0x7C, 0x00, 0xF0, 0x00, 0xE0,
    0x00, 0xE0, 0x70, 0xE0, 0x78, 0xE0, 0x3C, 0xF0, 0x1C, 0x7F, 0xFE, 0x3F, 0xFF, 0x1F, 0xFF, 0x00,
    0x0E, 0x00, 0x1C, 0x00, 0x3C, 0x00, 0x78, 0x00, 0x70, 0x1C, 0x38, 0x3C, 0x3C, 0x3B, 0xDE, 0x77,
    0xEE, 0xFF, 0xFF, 0xFE, 0x7F, 0xFC, 0x3F, 0x70, 0x0E, 0x38, 0x1C, 0x1C, 0x3C, 0x00, 0x40, 0x60,
    0x70, 0x7C, 0x6E, 0x67, 0x63, 0x61, 0x60, 0x60, 0x60, 0x60, 0x60, 0x60, 0x60, 0x60, 0x60, 0x60,
    0x60, 0x60, 0x60, 0x60, 0x60, 0x60, 0x60, 0x60, 0x60, 0x00, 0x1C, 0x00, 0x0E, 0x00, 0x0F, 0xFF,
    0xFF, 0xFF, 0xFF, 0x7F, 0xFF, 0x00, 0x0E, 0x00, 0x1C, 0x00, 0x3C, 0x00, 0x1E, 0x00, 0x0E, 0x7F,
    0xFF, 0xFF, 0xFF, 0xFF, 0xFF, 0x00, 0x0F, 0x00, 0x0E, 0x00, 0x1C, 0x03, 0x80, 0x03, 0xC0, 0x03,
    0xC0, 0x03, 0xC0, 0x01, 0xFF, 0xF9, 0xFF, 0xFD, 0xFF, 0xFD, 0xE0, 0x00, 0xE0, 0x00, 0x78, 0x00,
    0x1F, 0xFF, 0xC7, 0xFF, 0xF1, 0xFF, 0xF8, 0xF0, 0x00, 0x3C, 0x00, 0x0F, 0x00, 0x03, 0x80, 0x00,
    0x00, 0x00, 0x00, 0xCC, 0x00, 0x73, 0x80, 0x3C, 0xF0, 0x1F, 0x3E, 0x0E, 0xCE, 0xE6, 0x33, 0x9F,
    0x0C, 0xE3, 0x83, 0x38, 0x40, 0xCE, 0x00, 0x33, 0x80, 0x0C, 0xE0, 0x03, 0x38, 0x00, 0xCE, 0x00,
    0x33, 0x80, 0x0C, 0xE0, 0x03, 0x38, 0x00, 0xCE, 0x00, 0x33, 0x80, 0x0C, 0xE0, 0x03, 0x38, 0x00,
    0xCE, 0x00, 0x33, 0x80, 0x0C, 0xE0, 0x03, 0x38, 0x00, 0xCE, 0x00, 0x33, 0x80, 0x0C, 0xE0, 0x01,
    0xC0, 0x00, 0xF0, 0x00, 0x3C, 0x00, 0x0F, 0x0F, 0xFF, 0xC7, 0xFF, 0xE3, 0xFF, 0xF8, 0x00, 0x1E,
    0x00, 0x07, 0x00, 0x07, 0xBF, 0xFF, 0x9F, 0xFF, 0x8F, 0xFF, 0xC0, 0x03, 0xC0, 0x03, 0xC0, 0x03,
    0xC0, 0x01, 0xC0, 0x00, 0x03, 0x38, 0x00, 0xCE, 0x00, 0x33, 0x80, 0x0C, 0xE0, 0x03, 0x38, 0x00,
    0xCE, 0x00, 0x33, 0x80, 0x0C, 0xE0, 0x03, 0x38, 0x00, 0xCE, 0x00, 0x33, 0x80, 0x0C, 0xE0, 0x03,
    0x38, 0x00, 0xCE, 0x00, 0x33, 0x80, 0x0C, 0xE0, 0x03, 0x38, 0x00, 0xCE, 0x00, 0x33, 0x82, 0x0C,
    0xE1, 0xC3, 0x38, 0xD8, 0xCE, 0x73, 0xB3, 0xB8, 0x7C, 0xF8, 0x0F, 0x3C, 0x01, 0xCE, 0x00, 0x33,
    0x00, 0x00, 0x00, 0x01, 0xCF, 0x00, 0x0F, 0x1C, 0x00, 0x78, 0x78, 0x03, 0xC0, 0xF0, 0x0F, 0xFF,
    0xE0, 0x7F, 0xFF, 0x83, 0xFF, 0xFF, 0x1E, 0x00, 0x1E, 0x70, 0x00, 0x3D, 0xE0, 0x01, 0xE3, 0xFF,
    0xFF, 0x07, 0xFF, 0xF8, 0x0F, 0xFF, 0xE0, 0x3C, 0x0F, 0x00, 0x78, 0x78, 0x00, 0xF1, 0xC0, 0x01,
    0xCF, 0x00, 0x01, 0xC0, 0x00, 0xF0, 0x00, 0x3C, 0x1F, 0xFF, 0x0F, 0xFF, 0xC0, 0x00, 0xF0, 0x00,
    0x39, 0xFF, 0xFE, 0xFF, 0xFF, 0x00, 0x07, 0x80, 0x07, 0x80, 0x07, 0x8F, 0xFF, 0x87, 0xFF, 0xC0,
    0x03, 0xC0, 0x03, 0xC0, 0x01, 0xC0, 0x00, 0x00, 0x00, 0x60, 0x0F, 0x01, 0xF8, 0x3F, 0xC3, 0xFE,
    0x7F, 0xF0, 0x70, 0x07, 0x00, 0x70, 0x7F, 0xF7, 0xFF, 0x7F, 0xE0, 0x70, 0x7F, 0xE7, 0xFF, 0x7F,
    0xF0, 0x70, 0x07, 0x00, 0x70, 0x07, 0x00, 0x07, 0x00, 0x70, 0x07, 0x00, 0x70, 0x7F, 0xF7, 0xFF,
    0x7F, 0xE0, 0x70, 0x7F, 0xE7, 0xFF, 0x7F, 0xF0, 0x70, 0x07, 0x00, 0x70, 0x7F, 0xF7, 0xFE, 0x3F,
    0xC1, 0xF8, 0x0F, 0x80, 0x70, 0x02, 0x00, 0x07, 0x87, 0x03, 0x87, 0x01, 0xC7, 0x01, 0xE7, 0xFF,
    0xF7, 0xFF, 0xFF, 0xFF, 0xF7, 0x00, 0xF7, 0x01, 0xE7, 0x01, 0xC7, 0x03, 0x87, 0x07, 0x87, 0x00,
    0x00, 0x01, 0x80, 0x03, 0xC0, 0x07, 0x60, 0x0E, 0x30, 0x1C, 0x38, 0x38, 0x1C, 0x70, 0x0E, 0x7C,
    0x3F, 0x0C, 0x30, 0x0C, 0x30, 0x0C, 0x30, 0x0C, 0x30, 0x0C, 0x30, 0x0C, 0x30, 0x0C, 0x30, 0x0C,
    0x30, 0x0C, 0x30, 0x0C, 0x30, 0x0C, 0x30, 0x0C, 0x30, 0x07, 0xF0, 0x03, 0xC0, 0x00, 0x00, 0x00,
    0x40, 0x00, 0x38, 0x00, 0x1E, 0x00, 0x0F, 0x87, 0xFE, 0xE3, 0xFE, 0x39, 0x80, 0x0E, 0xC0, 0x03,
    0x60, 0x07, 0x3F, 0xF7, 0x0F, 0xFF, 0x00, 0x0F, 0x00, 0x07, 0x00, 0x03, 0x00, 0x01, 0x00, 0x00,
    0x00, 0x01, 0x80, 0x03, 0xC0, 0x07, 0x60, 0x0E, 0x70, 0x1C, 0x38, 0x38, 0x1C, 0x30, 0x0E, 0x7C,
    0x3F, 0x7C, 0x3E, 0x0C, 0x30, 0x0C, 0x30, 0x0C, 0x30, 0x0C, 0x30, 0x0F, 0xF0, 0x07, 0xE0, 0x00,
    0x00, 0x0F, 0xF0, 0x0F, 0xF0, 0x0C, 0x30, 0x0C, 0x30, 0x07, 0xF0, 0x01, 0x80, 0xE0, 0x1F, 0x80,
    0x7F, 0x03, 0xDC, 0x0E, 0x70, 0x39, 0xC0, 0xE3, 0xFF, 0x8F, 0xFC, 0x38, 0x70, 0xE1, 0xC1, 0xC7,
    0x07, 0x38, 0x1C, 0xE0, 0x73, 0x80, 0xEE, 0x03, 0xF0, 0x0F, 0xC0, 0x3F, 0x00, 0x78, 0x01, 0xE0,
    0x00, 0x3F, 0x3F, 0xDE, 0xEE, 0x7F, 0x3F, 0x81, 0xC0, 0xE0, 0x70, 0x38, 0x1C, 0xFE, 0x7F, 0xF9,
    0xFC, 0xFC, 0x1E, 0x00, 0xF8, 0x03, 0xC0, 0x1C, 0x00, 0xE0, 0x0E, 0x1F, 0x77, 0xFF, 0x79, 0xFF,
    0x0F, 0xE0, 0x7E, 0x07, 0xE0, 0x7E, 0x07, 0xE0, 0x7E, 0x07, 0xF0, 0xF7, 0x9E, 0x3F, 0xE1, 0xF8,
    0xFF, 0xFF, 0xFF, 0xFF, 0xF0, 0x07, 0x00, 0x70, 0x07, 0x00, 0x70, 0x07, 0x7F, 0xF7, 0xFF, 0x7F,
    0xF0, 0x07, 0x00, 0x70, 0x07, 0x00, 0x70, 0x07, 0x00, 0x7F, 0xFF, 0xFF, 0xFF, 0xFF, 0x00, 0x30,
    0x03, 0x80, 0x1C, 0xFF, 0xF7, 0xFF, 0xBF, 0xFC, 0x07, 0xE0, 0x3F, 0x01, 0xB8, 0x1D, 0xC0, 0xEE,
    0x7F, 0xF3, 0xFF, 0x9F, 0xFC, 0x18, 0xE1, 0xC7, 0x0E, 0x38, 0x61, 0xC7, 0x0E, 0x30, 0x77, 0xFF,
    0xBF, 0xFD, 0xFF, 0xEE, 0x00, 0x70, 0x03, 0x00, 0x00, 0x00, 0x03, 0x80, 0x00, 0xC0, 0x7F, 0xF0,
    0x3F, 0xF8, 0x1F, 0xFF, 0x0F, 0x07, 0xC7, 0x83, 0xF9, 0xC0, 0xCE, 0x70, 0x73, 0xFC, 0x38, 0x7F,
    0x0C, 0x1F, 0xC7, 0x07, 0x73, 0x83, 0xDC, 0xC0, 0xE7, 0xF0, 0x78, 0xF8, 0x3C, 0x1F, 0xFF, 0x07,
    0xFF, 0x03, 0xFF, 0x80, 0xC0, 0x00, 0x70, 0x00, 0x00, 0x07, 0x80, 0x1F, 0x00, 0xFC, 0x03, 0xF0,
    0x0F, 0xC0, 0x3F, 0x81, 0xCE, 0x07, 0x38, 0x1C, 0xE0, 0x73, 0xC3, 0xC7, 0x0E, 0x1C, 0x38, 0x70,
    0xE1, 0xE7, 0x83, 0x9C, 0x0E, 0x70, 0x39, 0xFF, 0xFF, 0xFF, 0xFF, 0xFF, 0x7F, 0xFF, 0xFF, 0xFF,
    0xFF, 0xDC, 0x0F, 0x70, 0x39, 0xC0, 0xE7, 0x83, 0x8E, 0x1C, 0x38, 0x70, 0xE1, 0xC3, 0xC7, 0x07,
    0x38, 0x1C, 0xE0, 0x73, 0x81, 0xEE, 0x03, 0xF0, 0x0F, 0xC0, 0x3F, 0x00, 0x7C, 0x01, 0xE0, 0x07,
    0x80, 0x0F, 0xFF, 0x1F, 0xFF, 0x3C, 0x00, 0x78, 0x00, 0x70, 0x00, 0x70, 0x00, 0x70, 0x00, 0x7F,
    0xFF, 0x7F, 0xFF, 0x70, 0x00, 0x70, 0x00, 0x70, 0x00, 0x78, 0x00, 0x3C, 0x00, 0x1F, 0xFF, 0x0F,
    0xFF, 0x00, 0x18, 0x00, 0x38, 0x00, 0x30, 0x0F, 0xFF, 0x1F, 0xFF, 0x3F, 0xFE, 0x78, 0xE0, 0x70,
    0xE0, 0x70, 0xC0, 0x71, 0xC0, 0x7F, 0xFF, 0x7F, 0xFF, 0x7F, 0xFE, 0x73, 0x00, 0x73, 0x00, 0x7F,
    0x00, 0x3F, 0xFE, 0x1F, 0xFF, 0x0F, 0xFF, 0x0C, 0x00, 0x0C, 0x00, 0x1C, 0x00, 0x18, 0x00, 0x7F,
    0x7F, 0xB0, 0x18, 0x0F, 0xF7, 0xFB, 0x80, 0xFE, 0x1F, 0x00, 0x7F, 0xF0, 0x7F, 0xFC, 0x00, 0x3E,
    0x00, 0x0E, 0x00, 0x0F, 0x00, 0x0F, 0x00, 0x07, 0x7F, 0xFF, 0x7F, 0xFF, 0x00, 0x07, 0x00, 0x07,
    0x00, 0x0F, 0x00, 0x0E, 0x00, 0x3E, 0x7F, 0xFC, 0x7F, 0xF0, 0x00, 0x18, 0x00, 0x38, 0x00, 0x30,
    0x7F, 0xF0, 0x7F, 0xFC, 0x00, 0x7E, 0x00, 0xEE, 0x00, 0xEF, 0x00, 0xCF, 0x01, 0xC7, 0x7F, 0xFF,
    0x7F, 0xFF, 0x03, 0x87, 0x03, 0x07, 0x03, 0x0F, 0x07, 0x0E, 0x07, 0x3E, 0x7F, 0xFC, 0x7F, 0xF0,
    0x0C, 0x00, 0x0C, 0x00, 0x1C, 0x00, 0x18, 0x00, 0xFF, 0xFF, 0xFF, 0xFF, 0xFF, 0xFF, 0xFF, 0xFF,
    0xFF, 0xFF, 0xFF, 0xFF, 0xFF, 0xFF, 0xFF, 0xFF, 0xFF, 0xF0, 0xFF, 0xFD, 0xFF, 0xFF, 0xFF, 0xF9,
    0xC3, 0xC3, 0x87, 0x87, 0x0F, 0x0E, 0x1E, 0x1C, 0x3C, 0x38, 0x78, 0x70, 0xF0, 0xE1, 0xE1, 0xC3,
    0xC3, 0x87, 0x87, 0x0F, 0x0E, 0x1E, 0x1C, 0x3C, 0x38, 0x78, 0x70, 0xF0, 0xE1, 0xE1, 0xC3, 0xC3,
    0x87, 0x87, 0x0F, 0x0E, 0x1E, 0x1C, 0x3C, 0x38, 0x78, 0x70, 0x60, 0x38, 0x38, 0xF0, 0x71, 0xE0,
    0xE3, 0xC1, 0xC7, 0x83, 0x8F, 0x07, 0x1E, 0x0E, 0x3C, 0x1C, 0x78, 0x38, 0xF0, 0x71, 0xE0, 0xE3,
    0xC1, 0xC7, 0x83, 0x8F, 0x07, 0x1E, 0x0E, 0x3C, 0x1C, 0x78, 0x38, 0xF0, 0x71, 0xE0, 0xE3, 0xC1,
    0xC7, 0x83, 0x8F, 0x07, 0x3F, 0xFF, 0x7F, 0xFF, 0xFF, 0xFE, 0x7F, 0xFF, 0xFF, 0xFF, 0xFF, 0xFC,
    0x00, 0x78, 0x00, 0xF0, 0x01, 0xC0, 0x07, 0x80, 0x0F, 0x00, 0x1E, 0x00, 0x38, 0x00, 0xF0, 0x01,
    0xE0, 0x07, 0x80, 0x3C, 0x00, 0xE0, 0x07, 0x80, 0x3C, 0x01, 0xE0, 0x07, 0x00, 0x3C, 0x01, 0xE0,
    0x0F, 0xFF, 0xFF, 0xFF, 0xFF, 0xFC, 0x7F, 0xBF, 0xFF, 0xFC, 0x7F, 0xFD, 0xFF, 0xF0, 0x38, 0x00,
    0xE0, 0x03, 0x80, 0x0E, 0x00, 0x38, 0x1F, 0xFE, 0xFF, 0xFF, 0xFF, 0xF0, 0x38, 0x00, 0xE0, 0x03,
    0x80, 0x0E, 0x00, 0x38, 0x00, 0x00, 0x07, 0x00, 0x07, 0x00, 0x03, 0x80, 0x03, 0x80, 0x03, 0x80,
    0x01, 0xC0, 0x01, 0xC0, 0x01, 0xC0, 0x00, 0xE0, 0x00, 0xE0, 0x00, 0xE0, 0x00, 0x70, 0x00, 0x70,
    0x00, 0x70, 0x00, 0x78, 0x00, 0x38, 0x00, 0x38, 0x00, 0x3C, 0x00, 0x1C, 0x00, 0x1C, 0x00, 0x00,
    0x3E, 0x66, 0x43, 0x43, 0x66, 0x3E, 0x79, 0xF7, 0xDE, 0x00, 0x07, 0x00, 0x07, 0x00, 0x07, 0x00,
    0x0E, 0x00, 0x0E, 0xFC, 0x0E, 0xFC, 0x1C, 0x7E, 0x1C, 0x0E, 0x1C, 0x0E, 0x1C, 0x0E, 0x38, 0x07,
    0x38, 0x07, 0x38, 0x07, 0x70, 0x07, 0x70, 0x03, 0xF0, 0x03, 0xE0, 0x03, 0xE0, 0x03, 0xE0, 0x01,
    0xE0, 0x3E, 0x3C, 0x7F, 0x7E, 0x77, 0xEE, 0x63, 0xC7, 0x61, 0x87, 0x61, 0xC7, 0x61, 0xC7, 0x73,
    0xEE, 0x7F, 0xFE, 0x3E, 0x7C, 0x77, 0x77, 0x77, 0x77, 0x77, 0x77, 0x77, 0x77, 0x77, 0x77, 0x0E,
    0x03, 0x80, 0xE0, 0x38, 0x0F, 0xC3, 0xE0, 0xF8, 0x3C, 0x0E, 0x03, 0x81, 0xE0, 0x78, 0x3E, 0x0F,
    0x87, 0xE3, 0xB8, 0x0E, 0x03, 0x80, 0xE0, 0x38, 0xE7, 0x73, 0xB9, 0xDC, 0xEE, 0x77, 0x3B, 0x9D,
    0xCE, 0xE7, 0x73, 0xB9, 0xDC, 0xEE, 0x77, 0x3B, 0x9D, 0xCE, 0xE7, 0x73, 0xB9, 0xDC, 0xE0, 0x07,
    0x80, 0x1E, 0x00, 0xFC, 0x03, 0xF0, 0x0F, 0xE0, 0x73, 0x81, 0xCE, 0x07, 0x3C, 0x38, 0x70, 0xE1,
    0xC7, 0x87, 0x9C, 0x0E, 0x70, 0x3B, 0xC0, 0x70, 0xE0, 0x1D, 0xC0, 0xF7, 0x03, 0x9E, 0x0E, 0x38,
    0x78, 0xE1, 0xC3, 0xC7, 0x07, 0x38, 0x1C, 0xE0, 0x7B, 0x80, 0xFC, 0x03, 0xF0, 0x07, 0xC0, 0x1E,
    0x00, 0x03, 0x00, 0x7F, 0xE1, 0xFF, 0xE3, 0xE3, 0xEF, 0x01, 0xDC, 0x03, 0xB8, 0x07, 0x70, 0x0E,
    0xE0, 0x1D, 0xC0, 0x3B, 0x80, 0x77, 0x00, 0xEE, 0x01, 0xDC, 0x03, 0xB8, 0x07, 0x70, 0x0E, 0xE0,
    0x1D, 0xC0, 0x3B, 0x80, 0x77, 0x00, 0xEE, 0x01, 0xC0, 0xE0, 0x1D, 0xC0, 0x3B, 0x80, 0x77, 0x00,
    0xEE, 0x01, 0xDC, 0x03, 0xB8, 0x07, 0x70, 0x0E, 0xE0, 0x1D, 0xC0, 0x3B, 0x80, 0x77, 0x00, 0xEE,
    0x01, 0xDC, 0x03, 0xB8, 0x07, 0x70, 0x0E, 0xF0, 0x3C, 0xFF, 0xF9, 0xFF, 0xE0, 0xFF, 0x80, 0x00,
    0x3C, 0x03, 0xFC, 0x0F, 0xF8, 0x1C, 0x00, 0x38, 0x00, 0x70, 0x00, 0xE0, 0x01, 0xC0, 0x03, 0x80,
    0x07, 0x00, 0x0E, 0x00, 0x1C, 0x00, 0x38, 0x00, 0x70, 0x00, 0xE0, 0x01, 0xC0, 0x03, 0x80, 0x07,
    0x00, 0x0E, 0x00, 0x1C, 0x00, 0x78, 0x00, 0xE0, 0x3F, 0xC0, 0x7F, 0x00, 0xFC, 0x00, 0x01, 0x80,
    0x03, 0xC0, 0x03, 0xC0, 0x03, 0xC0, 0x00, 0x00, 0x00, 0x00, 0x00, 0x00, 0x00, 0x00, 0x00, 0x00,
    0x00, 0x00, 0x00, 0x00, 0x00, 0x00, 0x70, 0x0E, 0x78, 0x1F, 0xF8, 0x1F, 0x78, 0x0E, 0x30, 0x0E,
    0x78, 0x1F, 0xF8, 0x1F, 0x78, 0x0E, 0x00, 0x00, 0x00, 0x00, 0x00, 0x00, 0x00, 0x00, 0x00, 0x00,
    0x00, 0x00, 0x00, 0x00, 0x00, 0x00, 0x01, 0x80, 0x03, 0xC0, 0x03, 0xC0, 0x03, 0xC0, 0x79, 0xF7,
    0xDE, 0x00, 0x00, 0x00, 0x00, 0x00, 0x1E, 0x7D, 0xF7, 0x80, 0x78, 0x3B, 0xE1, 0xFF, 0x87, 0xDE,
    0x1F, 0x30, 0x30, 0x00, 0x00, 0x00, 0x00, 0x00, 0x00, 0x00, 0xC0, 0xC7, 0x87, 0xFE, 0x1F, 0xF8,
    0x7D, 0xE0, 0xE0, 0x1E, 0x07, 0xC1, 0xF0, 0x78, 0x0E, 0x00, 0x07, 0xFB, 0xFF, 0xFF, 0xC0, 0x00,
    0x0F, 0x00, 0x07, 0x80, 0x03, 0xC0, 0x01, 0xEF, 0xF8, 0x07, 0xFE, 0x03, 0xFF, 0x00, 0x00, 0x00,
    0x00, 0x0F, 0x00, 0x07, 0x80, 0x03, 0xC0, 0x01, 0xE0, 0x3E, 0x1D, 0xFC, 0x77, 0x71, 0xDC, 0xEE,
    0x73, 0xF9, 0xC7, 0xC0, 0x3E, 0x1C, 0x7F, 0x1E, 0x73, 0x8E, 0x63, 0x87, 0x61, 0xC7, 0x71, 0xCE,
    0x78, 0xFE, 0x38, 0x7C, 0x3E, 0x1D, 0xFC, 0x77, 0x71, 0xDC, 0xEE, 0x73, 0xF9, 0xC7, 0xC0, 0x00,
    0x00, 0x00, 0x7F, 0xF9, 0xFF, 0xF7, 0xFF, 0xC0, 0x00, 0x00, 0xF8, 0x77, 0xF1, 0xDD, 0xEF, 0x73,
    0xF9, 0xC7, 0xC0, 0x00, 0x00, 0x00, 0x00, 0x01, 0xFF, 0xF7, 0xFF, 0xC0, 0x00, 0x00, 0x00, 0x00,
    0x00, 0x00, 0x1F, 0xFF, 0x7F, 0xFC, 0x00, 0x30, 0x01, 0xC0, 0x06, 0x0F, 0x9F, 0x7F, 0xFD, 0xDF,
    0xF7, 0x3F, 0x9C, 0x7C, 0x01, 0x80, 0x06, 0x00, 0x38, 0x1F, 0xFF, 0x7F, 0xFC, 0x1C, 0x00, 0x60,
    0x01, 0x80, 0x0E, 0x01, 0xFF, 0xF7, 0xFF, 0xC7, 0x00, 0x18, 0x00, 0x60, 0x03, 0x80, 0x0C, 0x00,
    0x3E, 0x1D, 0xFC, 0x77, 0x71, 0xDC, 0xEE, 0x73, 0xF9, 0xC7, 0xC0, 0x00, 0x0F, 0x87, 0x7F, 0x1D,
    0xDC, 0x77, 0x3B, 0x9C, 0xFE, 0x71, 0xF0, 0x00, 0x30, 0x01, 0xC0, 0x06, 0x00, 0x18, 0x00, 0xE0,
    0x03, 0x03, 0xED, 0xDF, 0xF7, 0x77, 0xBD, 0xCF, 0xE7, 0x3F, 0x00, 0xC0, 0x3F, 0x1D, 0xFC, 0x77,
    0xF9, 0xDF, 0xEE, 0x7F, 0xF9, 0xF7, 0xC1, 0xC0, 0x06, 0x00, 0x18, 0x00, 0xE0, 0x03, 0x00, 0x00,
    0x3E, 0x1D, 0xFE, 0xF7, 0x7F, 0xB8, 0x7C, 0x00, 0x00, 0x00, 0x03, 0xE1, 0xDF, 0xEF, 0x77, 0xFB,
    0x87, 0xC0, 0x00, 0x00, 0x00, 0x3E, 0x1D, 0xFE, 0xF7, 0x7F, 0xB8, 0x7C, 0xE0, 0x1F, 0xE0, 0xF7,
    0xFF, 0xCF, 0xFC, 0x07, 0x80, 0x00, 0x00, 0x78, 0x0F, 0xFC, 0x7F, 0xFB, 0xE1, 0xFE, 0x01, 0xF8,
    0x07, 0x70, 0x00, 0x78, 0x00, 0x3E, 0x7F, 0xDF, 0x7F, 0xFF, 0x3F, 0xF8, 0x00, 0x00, 0x00, 0x00,
    0x00, 0x00, 0x70, 0x00, 0x79, 0xFF, 0xFE, 0xFF, 0xFF, 0x3F, 0xEF, 0x00, 0x00, 0x0F, 0x81, 0xF8,
    0x19, 0xC1, 0x9C, 0x1F, 0x80, 0x00, 0x00, 0x00, 0x00, 0x00, 0x0F, 0xFF, 0xFF, 0xF0, 0x00, 0x00,
    0x00, 0x00, 0x00, 0x0F, 0xFF, 0xFF, 0xF0, 0x00, 0x01, 0xF8, 0x1F, 0xC0, 0x1C, 0x00, 0xC0, 0x1C,
    0x07, 0x80, 0x60, 0x00, 0x00, 0xE0, 0x0E, 0x00, 0x00, 0x00, 0x0F, 0xFF, 0xFF, 0xF0, 0x00, 0x00,
    0x00, 0x00, 0x00, 0x0F, 0xFF, 0xFF, 0xF0, 0x00, 0x60, 0x06, 0x00, 0xE0, 0x0C, 0x01, 0xC0, 0x18,
    0x01, 0x80, 0x38, 0xFF, 0xFF, 0xFF, 0x7F, 0xF0, 0x60, 0x06, 0x00, 0xE0, 0x7F, 0xFF, 0xFF, 0xFF,
    0xF1, 0x80, 0x38, 0x03, 0x80, 0x30, 0x07, 0x00, 0x60, 0x00, 0xFF, 0xFF, 0xFF, 0x00, 0x00, 0x00,
    0x00, 0x00, 0x00, 0xFF, 0xFF, 0xFF, 0x00, 0x00, 0x00, 0x00, 0x00, 0x00, 0xFF, 0xFF, 0xFF, 0x00,
    0xE0, 0x0C, 0x00, 0xC0, 0x1C, 0xFF, 0xFF, 0xFF, 0x03, 0x80, 0x30, 0x03, 0x00, 0x70, 0xFF, 0xFF,
    0xFF, 0x0E, 0x00, 0xE0, 0x0C, 0x01, 0xC0, 0xFF, 0xFF, 0xFF, 0x38, 0x03, 0x80, 0x30, 0x03, 0x00,
    0xFF, 0xFF, 0xFF, 0x00, 0x0F, 0xFF, 0xFF, 0xF0, 0x00, 0x00, 0x0F, 0xFF, 0xFF, 0xF0, 0x00, 0x00,
    0x0F, 0xFF, 0xFF, 0xF0, 0x00, 0x10, 0x07, 0x01, 0xF0, 0x7F, 0x1F, 0x87, 0xE0, 0xF8, 0x0E, 0x00,
    0xF8, 0x0F, 0xE0, 0x3F, 0x80, 0xFE, 0x03, 0xF0, 0x0F, 0x00, 0x30, 0x00, 0x00, 0x07, 0xFF, 0xFF,
    0xFF, 0xFF, 0x80, 0x0E, 0x00, 0xF8, 0x07, 0xE0, 0x1F, 0x80, 0x7E, 0x01, 0xF0, 0x07, 0x00, 0xF0,
    0x3F, 0x0F, 0xC3, 0xF0, 0xFC, 0x0F, 0x00, 0xC0, 0x00, 0x00, 0x00, 0x07, 0xFF, 0xFF, 0xFF, 0xFF,
    0x00, 0x00, 0x00, 0xC0, 0xC0, 0xE1, 0xE0, 0xF1, 0xE1, 0xF3, 0xE1, 0xE3, 0xE3, 0xE7, 0xC1, 0xC3,
    0xC0, 0xE1, 0xC0, 0x7C, 0xF8, 0x1F, 0x1E, 0x03, 0xC7, 0xC0, 0xF8, 0xF0, 0x1C, 0x3C, 0x06, 0x0E,
    0x00, 0x00, 0x00, 0x00, 0x40, 0xC0, 0x38, 0x70, 0x1E, 0x3E, 0x07, 0xCF, 0x80, 0xF1, 0xF0, 0x3E,
    0x7C, 0x07, 0x0F, 0x03, 0x87, 0x87, 0xC7, 0x87, 0x8F, 0x8F, 0x8F, 0x0F, 0x9F, 0x07, 0x0E, 0x03,
    0x06, 0x00, 0x00, 0x00, 0x81, 0x7F, 0x9F, 0x87, 0xC7, 0x63, 0x1B, 0x0D, 0x86, 0xC3, 0xE0, 0xF0,
    0xF8, 0x6C, 0x33, 0x19, 0x9C, 0x7C, 0x3E, 0x7F, 0xB0, 0x40, 0x00, 0x70, 0x01, 0x80, 0x0E, 0x00,
    0x38, 0xE0, 0xDF, 0xE7, 0xF7, 0xFF, 0xCF, 0xFC, 0x07, 0x80, 0x0C, 0x00, 0x78, 0x0F, 0xFC, 0x7F,
    0xFB, 0xF9, 0xFE, 0xE1, 0xFB, 0x07, 0x1C, 0x00, 0x70, 0x01, 0x80, 0x00, 0x00, 0xE0, 0x0C, 0x00,
    0xC0, 0x1C, 0x01, 0x90, 0x1F, 0x03, 0xF0, 0x7E, 0x1F, 0x87, 0xF0, 0xFE, 0x0E, 0x60, 0xFE, 0x07,
    0xE0, 0x1F, 0xC1, 0xFF, 0x19, 0xF3, 0x87, 0x38, 0x13, 0x00, 0x70, 0x06, 0x00, 0x00, 0xE0, 0x0C,
    0x00, 0xC0, 0x1C, 0x81, 0x8E, 0x18, 0xFB, 0x87, 0xF0, 0x1F, 0xC0, 0x7F, 0x07, 0xF0, 0x67, 0x0F,
    0xF0, 0xFE, 0x1F, 0x87, 0xE0, 0xF8, 0x0F, 0x80, 0xB8, 0x03, 0x00, 0x70, 0x06, 0x00, 0x00, 0x60,
    0x0E, 0x00, 0xF0, 0x1F, 0x03, 0xF0, 0xFC, 0x3F, 0x8F, 0xF8, 0xF3, 0x8F, 0x30, 0xFF, 0x03, 0xF8,
    0x0F, 0xE0, 0xFF, 0x0E, 0xF0, 0xC3, 0x1C, 0x01, 0x80, 0xFF, 0xFF, 0xFF, 0xFF, 0xF3, 0x00, 0x70,
    0x06, 0x00, 0x00, 0x60, 0x0E, 0xE0, 0xEF, 0x8C, 0xFF, 0xC3, 0xFC, 0x0F, 0xE0, 0x3F, 0x03, 0xF0,
    0x3F, 0x07, 0xF0, 0xFC, 0x3F, 0x0F, 0xE0, 0xFC, 0x0C, 0xC0, 0x1C, 0x01, 0x80, 0xFF, 0xFF, 0xFF,
    0xFF, 0xF3, 0x00, 0x70, 0x06, 0x00, 0x00, 0x08, 0x00, 0xE0, 0x0F, 0x80, 0xFC, 0x0F, 0xC0, 0xFC,
    0x07, 0xC0, 0x1C, 0x00, 0x7C, 0x00, 0xFC, 0x00, 0xFC, 0x00, 0xFC, 0x00, 0xF8, 0x00, 0xE0, 0x00,
    0x80, 0x00, 0x3E, 0x1D, 0xFE, 0xF7, 0x7F, 0xB8, 0x7C, 0x80, 0x07, 0x00, 0x3E, 0x01, 0xFC, 0x03,
    0xF8, 0x03, 0xF0, 0x07, 0xC0, 0x0E, 0x00, 0xF0, 0x1F, 0x83, 0xF0, 0x7E, 0x0F, 0xC0, 0x78, 0x03,
    0x00, 0x00, 0x00, 0x7C, 0x77, 0xFB, 0xBB, 0xFD, 0xC7, 0xC0, 0x00, 0x38, 0x00, 0xE0, 0x07, 0x80,
    0x3C, 0x01, 0xF0, 0x3F, 0x8F, 0xF8, 0x3F, 0x80, 0xFF, 0x80, 0xFF, 0x80, 0x3E, 0x00, 0x3C, 0x00,
    0x78, 0x00, 0xE0, 0x03, 0x80, 0xE0, 0x07, 0x00, 0x3C, 0x00, 0xF0, 0x03, 0xC0, 0x0F, 0xE0, 0x3F,
    0xE0, 0x7F, 0x0F, 0xF8, 0xFF, 0x0F, 0x80, 0xF0, 0x0F, 0x00, 0x70, 0x03, 0x80, 0x00, 0x00, 0x38,
    0x00, 0xE0, 0x07, 0x80, 0x1C, 0x01, 0xF0, 0x3F, 0x8F, 0xF8, 0x3F, 0x80, 0xFF, 0x80, 0xFF, 0x00,
    0x3E, 0x00, 0x3C, 0x00, 0x78, 0x00, 0xE0, 0x03, 0x80, 0x06, 0x00, 0x01, 0xFF, 0xEF, 0xFF, 0xBF,
    0xFE, 0x0F, 0xFF, 0x3F, 0xFF, 0x3F, 0xFE, 0x78, 0x00, 0x70, 0x00, 0x70, 0x00, 0x70, 0x00, 0x70,
    0x00, 0x70, 0x00, 0x78, 0x00, 0x3F, 0xFE, 0x3F, 0xFF, 0x0F, 0xFF, 0xFF, 0xF8, 0xFF, 0xFC, 0x7F,
    0xFE, 0x00, 0x0E, 0x00, 0x0E, 0x00, 0x0F, 0x00, 0x0F, 0x00, 0x0F, 0x00, 0x0E, 0x00, 0x0E, 0x7F,
    0xFE, 0xFF, 0xFC, 0xFF, 0xF8, 0x00, 0x18, 0x00, 0x38, 0x00, 0x30, 0x00, 0x30, 0x00, 0x70, 0x0F,
    0xFF, 0x3F, 0xFF, 0x3F, 0xFE, 0x78, 0xC0, 0x70, 0xC0, 0x71, 0xC0, 0x71, 0x80, 0x71, 0x80, 0x73,
    0x80, 0x7B, 0x00, 0x3F, 0xFE, 0x3F, 0xFF, 0x0F, 0xFF, 0x0E, 0x00, 0x0E, 0x00, 0x0C, 0x00, 0x1C,
    0x00, 0x18, 0x00, 0x00, 0x18, 0x00, 0x38, 0x00, 0x30, 0x00, 0x30, 0x00, 0x70, 0xFF, 0xF8, 0xFF,
    0xFC, 0x7F, 0xFE, 0x00, 0xCE, 0x00, 0xCE, 0x01, 0xCF, 0x01, 0x8F, 0x01, 0x8F, 0x03, 0x8E, 0x03,
    0x0E, 0x7F, 0xFE, 0xFF, 0xFC, 0xFF, 0xF8, 0x0E, 0x00, 0x0E, 0x00, 0x0C, 0x00, 0x1C, 0x00, 0x18,
    0x00, 0x03, 0xFE, 0x1F, 0xFF, 0x3F, 0xFF, 0x7C, 0x00, 0x70, 0x00, 0x70, 0x00, 0x70, 0x00, 0x70,
    0x00, 0x70, 0x00, 0x70, 0x00, 0x7C, 0x00, 0x3F, 0xFF, 0x1F, 0xFF, 0x03, 0xFE, 0x00, 0x00, 0x00,
    0x00, 0x7F, 0xFE, 0x7F, 0xFF, 0x7F, 0xFF, 0x7F, 0xC0, 0xFF, 0xF8, 0xFF, 0xFC, 0x00, 0x3E, 0x00,
    0x0E, 0x00, 0x0F, 0x00, 0x0F, 0x00, 0x0F, 0x00, 0x0F, 0x00, 0x0E, 0x00, 0x3E, 0xFF, 0xFC, 0xFF,
    0xF8, 0x7F, 0xC0, 0x00, 0x00, 0x00, 0x00, 0x7F, 0xFE, 0xFF, 0xFE, 0xFF, 0xFE, 0x00, 0x0C, 0x00,
    0x1C, 0x00, 0x1C, 0x00, 0x18, 0x03, 0xFE, 0x1F, 0xFF, 0x3F, 0xFF, 0x7C, 0x70, 0x70, 0x60, 0x70,
    0xE0, 0x70, 0xE0, 0x70, 0xC0, 0x71, 0xC0, 0x71, 0x80, 0x7F, 0x80, 0x3F, 0xFF, 0x1F, 0xFF, 0x07,
    0xFE, 0x07, 0x00, 0x06, 0x00, 0x7F, 0xFE, 0x7F, 0xFF, 0x7F, 0xFF, 0x1C, 0x00, 0x1C, 0x00, 0x18,
    0x00, 0x00, 0x0C, 0x00, 0x1C, 0x00, 0x1C, 0x00, 0x18, 0x7F, 0xF8, 0xFF, 0xF8, 0xFF, 0xFC, 0x00,
    0x7E, 0x00, 0x6E, 0x00, 0xEF, 0x00, 0xEF, 0x00, 0xCF, 0x01, 0xCF, 0x01, 0xCE, 0x03, 0xBE, 0xFF,
    0xFC, 0xFF, 0xF8, 0x7F, 0xC0, 0x07, 0x00, 0x06, 0x00, 0x7F, 0xFE, 0xFF, 0xFE, 0xFF, 0xFE, 0x1C,
    0x00, 0x1C, 0x00, 0x18, 0x00, 0x40, 0x0D, 0x80, 0x36, 0x00, 0xD8, 0x03, 0x60, 0x0D, 0x80, 0x36,
    0x00, 0xD8, 0x03, 0x60, 0x0D, 0x80, 0x36, 0x30, 0xD8, 0xC3, 0x63, 0x0D, 0xFF, 0xB6, 0x30, 0xD8,
    0xC3, 0x63, 0x19, 0x8C, 0x63, 0x87, 0x07, 0xF8, 0x7F, 0xFF, 0x7F, 0xFF, 0x7F, 0xFF, 0x70, 0x00,
    0x70, 0x00, 0x70, 0x00, 0x70, 0x00, 0x70, 0x00, 0x70, 0x00, 0x70, 0x00, 0x7F, 0xFF, 0x7F, 0xFF,
    0x7F, 0xFF, 0xFF, 0xFF, 0xFF, 0xFF, 0x7F, 0xFF, 0x00, 0x0F, 0x00, 0x0F, 0x00, 0x0F, 0x00, 0x0F,
    0x00, 0x0F, 0x00, 0x0F, 0x00, 0x0F, 0x7F, 0xFF, 0xFF, 0xFF, 0xFF, 0xFF, 0x7F, 0xFE, 0x7F, 0xFF,
    0x7F, 0xFF, 0x70, 0x00, 0x70, 0x00, 0x70, 0x00, 0x70, 0x00, 0x70, 0x00, 0x70, 0x00, 0x70, 0x00,
    0x70, 0x00, 0x7F, 0xFF, 0x7F, 0xFF, 0x7F, 0xFE, 0x00, 0x00, 0x00, 0x00, 0x7F, 0xFE, 0x7F, 0xFF,
    0x7F, 0xFF, 0x7F, 0xFE, 0xFF, 0xFF, 0xFF, 0xFF, 0x00, 0x0F, 0x00, 0x0F, 0x00, 0x0F, 0x00, 0x0F,
    0x00, 0x0F, 0x00, 0x0F, 0x00, 0x0F, 0x00, 0x0F, 0xFF, 0xFF, 0xFF, 0xFF, 0x7F, 0xFE, 0x00, 0x00,
    0x00, 0x00, 0x7F, 0xFE, 0xFF, 0xFF, 0xFF, 0xFF, 0x7F, 0xFB, 0xFF, 0xFF, 0xFF, 0xF8, 0x07, 0xE0,
    0x1F, 0x80, 0x7E, 0x01, 0xF8, 0x07, 0xE0, 0x1F, 0x80, 0x7E, 0x01, 0xF8, 0x07, 0xE0, 0x1F, 0x80,
    0x7E, 0x01, 0xC0, 0xE0, 0x1F, 0x80, 0x7E, 0x01, 0xF8, 0x07, 0xE0, 0x1F, 0x80, 0x7E, 0x01, 0xF8,
    0x07, 0xE0, 0x1F, 0x80, 0x7E, 0x01, 0xF8, 0x07, 0xFF, 0xFF, 0xFF, 0xFF, 0xFF, 0xC0, 0x01, 0xF0,
    0x03, 0xFF, 0x01, 0xFF, 0xE0, 0xE3, 0x9C, 0x30, 0xE3, 0x98, 0x38, 0x66, 0x0E, 0x1F, 0xFF, 0xFF,
    0xFF, 0xFF, 0xFF, 0xFF, 0xFE, 0x0E, 0x0D, 0x83, 0x86, 0x60, 0xE1, 0x8C, 0x38, 0xE3, 0x8E, 0x70,
    0x7F, 0xF8, 0x0F, 0xFC, 0x00, 0x7C, 0x00, 0x07, 0xF8, 0x03, 0xFF, 0x81, 0xC0, 0x70, 0xC0, 0x0C,
    0x60, 0x01, 0x98, 0x00, 0x66, 0x7F, 0x8F, 0xBF, 0xF3, 0xEF, 0xFC, 0xF8, 0x00, 0x36, 0x00, 0x19,
    0x80, 0x06, 0x30, 0x03, 0x8E, 0x01, 0xC1, 0xF3, 0xE0, 0x1F, 0xE0, 0x00, 0xC0, 0x00, 0x07, 0xF8,
    0x03, 0xFF, 0x01, 0xE1, 0xF0, 0xF0, 0x1C, 0x7E, 0x1F, 0x9B, 0xCF, 0x66, 0x7F, 0x9F, 0x8F, 0xC3,
    0xC1, 0xE0, 0xF8, 0xFC, 0x36, 0x7F, 0x9D, 0xBC, 0xF6, 0x7E, 0x1F, 0x8F, 0x03, 0xC1, 0xE1, 0xF0,
    0x3F, 0xF0, 0x07, 0xF8, 0x00, 0x07, 0xF8, 0x03, 0xFF, 0x01, 0xE1, 0xF0, 0xE0, 0x7C, 0x70, 0x3B,
    0x98, 0x0E, 0x66, 0x07, 0x1F, 0x83, 0x83, 0xC0, 0xC0, 0xF8, 0x70, 0x36, 0x38, 0x1D, 0x9C, 0x06,
    0x77, 0x03, 0x8F, 0x81, 0xC1, 0xE1, 0xF0, 0x3F, 0xF0, 0x07, 0xF8, 0x00, 0x07, 0xF8, 0x03, 0xFF,
    0x81, 0xC0, 0x70, 0xC0, 0x0C, 0x60, 0x01, 0x98, 0x00, 0x66, 0x0E, 0x0F, 0x87, 0x83, 0xE0, 0xE0,
    0xF8, 0x00, 0x36, 0x00, 0x19, 0x80, 0x06, 0x30, 0x03, 0x8E, 0x01, 0xC1, 0xF3, 0xE0, 0x1F, 0xE0,
    0x00, 0xC0, 0x00, 0x01, 0xF0, 0x03, 0xFF, 0x01, 0xFF, 0xE0, 0xE3, 0x9C, 0x70, 0xE3, 0x9E, 0x39,
    0xE7, 0xFF, 0xFF, 0xFF, 0xFF, 0xC7, 0xF8, 0xF8, 0x7C, 0x36, 0x3F, 0x9D, 0x9C, 0xE6, 0x7F, 0x3F,
    0x8F, 0x87, 0xC1, 0xE1, 0xF0, 0x3F, 0xF8, 0x07, 0xF8, 0x00, 0x07, 0xF8, 0x03, 0xFF, 0x01, 0xE1,
    0xF0, 0xE0, 0x1C, 0x70, 0x03, 0x9F, 0xFF, 0xE7, 0xFF, 0xFF, 0x80, 0x03, 0xC0, 0x00, 0xF8, 0x00,
    0x37, 0xFF, 0xFD, 0xFF, 0xFE, 0x70, 0x03, 0x8E, 0x01, 0xC1, 0xE1, 0xF0, 0x3F, 0xF0, 0x07, 0xF8,
    0x00, 0x07, 0xF8, 0x03, 0xFF, 0x01, 0xE1, 0xF0, 0xE0, 0x1C, 0x70, 0x03, 0x98, 0x00, 0x66, 0x00,
    0x1F, 0x80, 0x03, 0xFF, 0xFF, 0xFF, 0xFF, 0xF6, 0x00, 0x1D, 0x80, 0x06, 0x70, 0x03, 0x8E, 0x01,
    0xC1, 0xE1, 0xF0, 0x3F, 0xF0, 0x07, 0xF8, 0x00, 0xFF, 0xFF, 0xF8, 0x07, 0xFE, 0x07, 0xFF, 0x87,
    0xFD, 0xE7, 0xBE, 0x7F, 0x9F, 0x1F, 0x8F, 0x87, 0x87, 0xC3, 0xC3, 0xE3, 0xF1, 0xF3, 0xFC, 0xFB,
    0xCF, 0x7F, 0xC3, 0xFF, 0xC0, 0xFF, 0xC0, 0x3F, 0xFF, 0xFF, 0xFF, 0xFF, 0xFF, 0xFF, 0xF0, 0x00,
    0xF8, 0x00, 0x7C, 0x00, 0x3E, 0x00, 0x1F, 0x00, 0x0F, 0xBF, 0xF7, 0xDF, 0xFB, 0xE7, 0xF9, 0xF0,
    0x00, 0xF8, 0x00, 0x7C, 0x00, 0x3E, 0x00, 0x1F, 0x00, 0x0F, 0xFF, 0xFF, 0xFF, 0xFF, 0x00, 0xFF,
    0xFF, 0xFF, 0xFF, 0xF0, 0x70, 0xF8, 0x38, 0x7C, 0x1C, 0x3E, 0x0E, 0x1F, 0x07, 0x0F, 0xFF, 0xFF,
    0xFF, 0xFF, 0xFF, 0xFF, 0xF0, 0x70, 0xF8, 0x38, 0x7C, 0x1C, 0x3E, 0x0E, 0x1F, 0x07, 0x0F, 0xFF,
    0xFF, 0xFF, 0xFF, 0x00, 0xFF, 0xFF, 0xFF, 0xFF, 0xF0, 0x00, 0xF8, 0x00, 0x7C, 0x00, 0x3E, 0x00,
    0x1F, 0x00, 0x0F, 0x83, 0x87, 0xC3, 0xC3, 0xE0, 0xE1, 0xF0, 0x00, 0xF8, 0x00, 0x7C, 0x00, 0x3E,
    0x00, 0x1F, 0x00, 0x0F, 0xFF, 0xFF, 0xFF, 0xFF, 0x00, 0xE0, 0x00, 0x70, 0x00, 0x38, 0x00, 0x1C,
    0x00, 0x0E, 0x00, 0x07, 0x00, 0x03, 0xFF, 0xFD, 0xFF, 0xFF, 0xFF, 0xFF, 0xF0, 0x00, 0x38, 0x00,
    0x1C, 0x00, 0x0E, 0x00, 0x07, 0x00, 0x03, 0x80, 0x01, 0xC0, 0x00, 0x00, 0x07, 0x80, 0x03, 0xC0,
    0x01, 0xE0, 0x00, 0xF0, 0x00, 0x78, 0x00, 0x3F, 0xFF, 0xFF, 0xFF, 0xFF, 0xFF, 0xFF, 0x80, 0x03,
    0xC0, 0x01, 0xE0, 0x00, 0xF0, 0x00, 0x78, 0x00, 0x3C, 0x00, 0x1E, 0x00, 0x0F, 0xFF, 0xFF, 0x7F,
    0xFF, 0xFF, 0xFF, 0xE0, 0x38, 0x00, 0x1C, 0x00, 0x0E, 0x00, 0x07, 0x00, 0x03, 0x80, 0x01, 0xC0,
    0x00, 0xE0, 0x00, 0x70, 0x00, 0x38, 0x00, 0x1C, 0x00, 0x0E, 0x00, 0x07, 0x00, 0x03, 0x80, 0x01,
    0xC0, 0x00, 0x01, 0xC0, 0x00, 0xE0, 0x00, 0x70, 0x00, 0x38, 0x00, 0x1C, 0x00, 0x0E, 0x00, 0x07,
    0x00, 0x03, 0x80, 0x01, 0xC0, 0x00, 0xE0, 0x00, 0x70, 0x00, 0x38, 0x00, 0x1C, 0x07, 0xFF, 0xFB,
    0xFF, 0xFF, 0xFF, 0xFF, 0x00, 0x10, 0x07, 0x01, 0xF0, 0x7F, 0x1F, 0xF7, 0xF7, 0xF8, 0x7E, 0x07,
    0xF8, 0x7F, 0xE7, 0x3F, 0xF0, 0xFF, 0x03, 0xF0, 0x0F, 0x00, 0x30, 0x00, 0x00, 0x07, 0xFF, 0xFF,
    0xFF, 0xFF, 0x00, 0x1E, 0x00, 0x1B, 0xFF, 0xF3, 0x7F, 0xFB, 0x00, 0x1E, 0xF0, 0x1D, 0xC0, 0xE7,
    0x03, 0x9E, 0x1E, 0x38, 0x70, 0xE1, 0xC1, 0xCF, 0x07, 0x38, 0x1E, 0xE0, 0x3F, 0x80, 0xFC, 0x03,
    0xF0, 0x07, 0x80, 0x1E, 0x00, 0x00, 0x00, 0x00, 0x3F, 0xF9, 0xFF, 0xE7, 0xFF, 0x80, 0x7F, 0xFF,
    0xFF, 0xFF, 0xFF, 0xC0, 0x00, 0x00, 0x00, 0x1E, 0x00, 0x78, 0x03, 0xF0, 0x0F, 0xC0, 0x3F, 0x81,
    0xEE, 0x07, 0x38, 0x1C, 0xF0, 0xE1, 0xC3, 0x87, 0x0E, 0x1E, 0x70, 0x39, 0xC0, 0xEF, 0x01, 0xC0,
    0x7F, 0xFF, 0xFF, 0xFF, 0xFF, 0xC0, 0x00, 0x00, 0x01, 0x80, 0x77, 0x03, 0xDC, 0x0E, 0x78, 0x38,
    0xE1, 0xE3, 0x87, 0x0F, 0x1C, 0x1C, 0xE0, 0x73, 0x81, 0xEE, 0x03, 0xF0, 0x0F, 0xC0, 0x1F, 0x00,
    0x78, 0x00, 0x03, 0x00, 0x7F, 0xE1, 0xFF, 0xE3, 0xE3, 0xEF, 0x01, 0xDC, 0x03, 0xB8, 0x07, 0x70,
    0x0E, 0xE0, 0x1D, 0xC0, 0x3B, 0x80, 0x77, 0x00, 0xEE, 0x01, 0xDC, 0x03, 0xB8, 0x07, 0x70, 0x0E,
    0xE0, 0x1D, 0xC0, 0x3B, 0x80, 0x77, 0x00, 0xEE, 0x01, 0xC0, 0xE0, 0x1D, 0xC0, 0x3B, 0x80, 0x77,
    0x00, 0xEE, 0x01, 0xDC, 0x03, 0xB8, 0x07, 0x70, 0x0E, 0xE0, 0x1D, 0xC0, 0x3B, 0x80, 0x77, 0x00,
    0xEE, 0x01, 0xDC, 0x03, 0xB8, 0x07, 0x70, 0x0E, 0xF0, 0x3C, 0xFF, 0xF9, 0xFF, 0xE0, 0xFF, 0x80,
    0x18, 0x3C, 0x7E, 0xE7, 0xE7, 0x7E, 0x3C, 0x18, 0x00, 0x18, 0x18, 0x7E, 0x3C, 0x3C, 0x24, 0x00,
    0x00, 0x00, 0x40, 0x00, 0xF0, 0x00, 0xFC, 0x00, 0xFF, 0x00, 0xFF, 0xC0, 0xFF, 0x78, 0xEF, 0x8E,
    0xE7, 0xC3, 0xC3, 0xE1, 0xE1, 0xF1, 0xF8, 0xF9, 0xCE, 0x7D, 0xC3, 0xBF, 0xC0, 0xFF, 0xC0, 0x3F,
    0xC0, 0x0F, 0xC0, 0x03, 0xC0, 0x00, 0x00, 0x00, 0x00, 0x40, 0x00, 0x30, 0x00, 0xDC, 0x00, 0xEF,
    0x00, 0xE7, 0xC0, 0xE3, 0x78, 0xE1, 0x8E, 0xE0, 0xC3, 0xC0, 0x61, 0xE0, 0x31, 0xF8, 0x19, 0xCE,
    0x0D, 0xC3, 0x87, 0xC0, 0xE3, 0xC0, 0x39, 0xC0, 0x0E, 0xC0, 0x03, 0x40, 0x00, 0x00, 0x00, 0x00,
    0x00, 0x00, 0xF0, 0x00, 0xFC, 0x00, 0xF7, 0x00, 0xF9, 0xC0, 0xFC, 0x38, 0xEE, 0x0E, 0xE7, 0x03,
    0xC3, 0x81, 0xE1, 0xC1, 0xF8, 0xE1, 0xCE, 0x71, 0xC3, 0xB9, 0xC0, 0xFD, 0xC0, 0x3F, 0xC0, 0x0F,
    0xC0, 0x03, 0x80, 0x00, 0x00, 0xE0, 0x07, 0xF8, 0x1F, 0xFC, 0x3F, 0x1E, 0x7C, 0x0E, 0x70, 0x07,
    0xF0, 0x07, 0xE0, 0x03, 0xE0, 0x03, 0xC0, 0x03, 0xC0, 0x03, 0xC0, 0x03, 0xC0, 0x03, 0xC0, 0x03,
    0xC0, 0x03, 0xC0, 0x0F, 0xFF, 0x1F, 0xFF, 0x3E, 0x00, 0x78, 0x00, 0x73, 0xFF, 0x73, 0xFF, 0x77,
    0x00, 0x67, 0x00, 0x67, 0x00, 0x67, 0x00, 0x73, 0xFF, 0x73, 0xFF, 0x78, 0x00, 0x3C, 0x00, 0x1F,
    0xFF, 0x0F, 0xFF, 0x00, 0x0C, 0x00, 0x1C, 0x00, 0x1C, 0x00, 0x18, 0x7F, 0xFE, 0x7F, 0xFF, 0x7F,
    0xFF, 0x70, 0x70, 0x70, 0x60, 0x70, 0xE0, 0x70, 0xE0, 0x70, 0xC0, 0x71, 0xC0, 0x71, 0x80, 0x73,
    0x80, 0x7F, 0xFF, 0x7F, 0xFF, 0x7F, 0xFE, 0x07, 0x00, 0x06, 0x00, 0x7F, 0xFE, 0x7F, 0xFF, 0x7F,
    0xFF, 0x1C, 0x00, 0x1C, 0x00, 0x18, 0x00, 0xF7, 0xBD, 0xE0, 0x00, 0x1E, 0xF7, 0xBC, 0x00, 0x7B,
    0xDE, 0xF0, 0x71, 0xE3, 0xBE, 0x79, 0xFF, 0x9E, 0x7D, 0xC7, 0x8E, 0x00, 0x03, 0x80, 0x01, 0xF0,
    0x00, 0x7C, 0x00, 0x0E, 0x00, 0x00, 0x00, 0x00, 0x00, 0x00, 0x00, 0x07, 0x80, 0x01, 0xE0, 0x00,
    0x78, 0x00, 0x1E, 0x00, 0x00, 0x00, 0x00, 0x00, 0x1C, 0x00, 0x0F, 0x80, 0x03, 0xE0, 0x00, 0x70,
    0x00, 0x00, 0x70, 0x00, 0x3E, 0x00, 0x0F, 0x80, 0x01, 0xC0, 0x00, 0x00, 0x00, 0x00, 0x00, 0x00,
    0x00, 0x00, 0x07, 0x80, 0x01, 0xE0, 0x00, 0x78, 0x00, 0x1E, 0x00, 0x00, 0x00, 0x00, 0x00, 0x00,
    0x00, 0xE0, 0x00, 0x7C, 0x00, 0x1F, 0x00, 0x03, 0x80, 0x01, 0xE0, 0x00, 0xFC, 0x00, 0x3F, 0x80,
    0x1F, 0xE0, 0x0F, 0xFC, 0x07, 0xCF, 0x83, 0xF1, 0xF0, 0xFF, 0xBE, 0x7F, 0xEF, 0xBF, 0xFF, 0xFF,
    0xFB, 0xFD, 0xFF, 0xFE, 0x7F, 0xFF, 0x8F, 0xDF, 0xC1, 0xF7, 0xE0, 0x3F, 0xF0, 0x07, 0xF8, 0x00,
    0xFE, 0x00, 0x3F, 0x00, 0x07, 0x80,
};

static const EpdGlyph jetbrainsmono_13_regularGlyphs[] = {
    { 0, 0, 16, 0, 0, 0, 0 }, // 
    { 0, 0, 16, 0, 0, 0, 0 }, //  
    { 5, 20, 16, 6, 20, 13, 0 }, // !
    { 10, 8, 16, 3, 20, 10, 13 }, // "
    { 16, 20, 16, 0, 20, 40, 23 }, // #
    { 14, 27, 16, 1, 23, 48, 63 }, // $
    { 16, 20, 16, 0, 20, 40, 111 }, // %
    { 17, 20, 16, 0, 20, 43, 151 }, // &
    { 4, 8, 16, 6, 20, 4, 194 }, // '
    { 9, 27, 16, 5, 23, 31, 198 }, // (
    { 9, 27, 16, 3, 23, 31, 229 }, // )
    { 16, 14, 16, 0, 17, 28, 260 }, // *
    { 14, 13, 16, 1, 15, 23, 288 }, // +
    { 6, 8, 16, 5, 4, 6, 311 }, // ,
    { 10, 3, 16, 3, 11, 4, 317 }, // -
    { 6, 4, 16, 5, 4, 3, 321 }, // .
    { 13, 25, 16, 2, 22, 41, 324 }, // /
    { 13, 20, 16, 2, 20, 33, 365 }, // 0
    { 13, 20, 16, 2, 20, 33, 398 }, // 1
    { 13, 20, 16, 2, 20, 33, 431 }, // 2
    { 13, 20, 16, 1, 20, 33, 464 }, // 3
    { 13, 20, 16, 1, 20, 33, 497 }, // 4
    { 12, 20, 16, 2, 20, 30, 530 }, // 5
    { 14, 20, 16, 1, 20, 35, 560 }, // 6
    { 13, 20, 16, 2, 20, 33, 595 }, // 7
    { 14, 20, 16, 1, 20, 35, 628 }, // 8
    { 14, 20, 16, 1, 20, 35, 663 }, // 9
    { 6, 15, 16, 5, 15, 12, 698 }, // :
    { 6, 19, 16, 5, 15, 15, 710 }, // ;
    { 12, 16, 16, 2, 17, 24, 725 }, // <
    { 12, 9, 16, 2, 14, 14, 749 }, // =
    { 12, 16, 16, 2, 17, 24, 763 }, // >
    { 11, 20, 16, 3, 20, 28, 787 }, // ?
    { 15, 25, 16, 1, 20, 47, 815 }, // @
    { 14, 20, 16, 1, 20, 35, 862 }, // A
    { 13, 20, 16, 2, 20, 33, 897 }, // B
    { 13, 20, 16, 2, 20, 33, 930 }, // C
    { 12, 20, 16, 2, 20, 30, 963 }, // D
    { 13, 20, 16, 2, 20, 33, 993 }, // E
    { 13, 20, 16, 2, 20, 33, 1026 }, // F
    { 12, 20, 16, 2, 20, 30, 1059 }, // G
    { 12, 20, 16, 2, 20, 30, 1089 }, // H
    { 12, 20, 16, 2, 20, 30, 1119 }, // I
    { 13, 20, 16, 1, 20, 33, 1149 }, // J
    { 14, 20, 16, 2, 20, 35, 1182 }, // K
    { 12, 20, 16, 3, 20, 30, 1217 }, // L
    { 14, 20, 16, 1, 20, 35, 1247 }, // M
    { 12, 20, 16, 2, 20, 30, 1282 }, // N
    { 12, 20, 16, 2, 20, 30, 1312 }, // O
    { 13, 20, 16, 2, 20, 33, 1342 }, // P
    { 13, 25, 16, 2, 20, 41, 1375 }, // Q
    { 13, 20, 16, 2, 20, 33, 1416 }, // R
    { 14, 20, 16, 1, 20, 35, 1449 }, // S
    { 14, 20, 16, 1, 20, 35, 1484 }, // T
    { 12, 20, 16, 2, 20, 30, 1519 }, // U
    { 14, 20, 16, 1, 20, 35, 1549 }, // V
    { 16, 20, 16, 0, 20, 40, 1584 }, // W
    { 15, 20, 16, 1, 20, 38, 1624 }, // X
    { 16, 20, 16, 0, 20, 40, 1662 }, // Y
    { 12, 20, 16, 2, 20, 30, 1702 }, // Z
    { 8, 26, 16, 5, 23, 26, 1732 }, // [
    { 13, 25, 16, 2, 22, 41, 1758 }, // <backslash>
    { 7, 26, 16, 4, 23, 23, 1799 }, // ]
    { 13, 11, 16, 2, 20, 18, 1822 }, // ^
    { 14, 3, 16, 1, 0, 6, 1840 }, // _
    { 7, 4, 16, 4, 21, 4, 1846 }, // `
    { 13, 15, 16, 1, 15, 25, 1850 }, // a
    { 12, 20, 16, 2, 20, 30, 1875 }, // b
    { 13, 15, 16, 2, 15, 25, 1905 }, // c
    { 12, 20, 16, 2, 20, 30, 1930 }, // d
    { 12, 15, 16, 2, 15, 23, 1960 }, // e
    { 14, 20, 16, 1, 20, 35, 1983 }, // f
    { 12, 20, 16, 2, 15, 30, 2018 }, // g
    { 12, 20, 16, 2, 20, 30, 2048 }, // h
    { 13, 20, 16, 2, 20, 33, 2078 }, // i
    { 11, 25, 16, 2, 20, 35, 2111 }, // j
    { 14, 20, 16, 2, 20, 35, 2146 }, // k
    { 15, 20, 16, 0, 20, 38, 2181 }, // l
    { 14, 15, 16, 1, 15, 27, 2219 }, // m
    { 12, 15, 16, 2, 15, 23, 2246 }, // n
    { 12, 15, 16, 2, 15, 23, 2269 }, // o
    { 12, 20, 16, 2, 15, 30, 2292 }, // p
    { 12, 20, 16, 2, 15, 30, 2322 }, // q
    { 12, 15, 16, 3, 15, 23, 2352 }, // r
    { 12, 15, 16, 2, 15, 23, 2375 }, // s
    { 14, 19, 16, 1, 19, 34, 2398 }, // t
    { 12, 15, 16, 2, 15, 23, 2432 }, // u
    { 14, 15, 16, 1, 15, 27, 2455 }, // v
    { 16, 15, 16, 0, 15, 30, 2482 }, // w
    { 14, 15, 16, 1, 15, 27, 2512 }, // x
    { 14, 20, 16, 1, 15, 35, 2539 }, // y
    { 12, 15, 16, 2, 15, 23, 2574 }, // z
    { 12, 26, 16, 2, 23, 39, 2597 }, // {
    { 4, 25, 16, 6, 22, 13, 2636 }, // |
    { 13, 26, 16, 2, 23, 43, 2649 }, // }
    { 14, 6, 16, 1, 13, 11, 2692 }, // ~
    { 0, 0, 16, 0, 0, 0, 2703 }, //  
    { 5, 20, 16, 6, 15, 13, 2703 }, // ¡
    { 13, 22, 16, 2, 18, 36, 2716 }, // ¢
    { 13, 20, 16, 2, 20, 33, 2752 }, // £
    { 15, 15, 16, 1, 17, 29, 2785 }, // ¤
    { 16, 20, 16, 0, 20, 40, 2814 }, // ¥
    { 4, 25, 16, 6, 22, 13, 2854 }, // ¦
    { 13, 24, 16, 2, 20, 39, 2867 }, // §
    { 10, 3, 16, 3, 20, 4, 2906 }, // ¨
    { 14, 19, 16, 1, 21, 34, 2910 }, // ©
    { 8, 8, 16, 4, 20, 8, 2944 }, // ª
    { 16, 13, 16, 0, 14, 26, 2952 }, // «
    { 12, 7, 16, 2, 11, 11, 2978 }, // ¬
    { 14, 18, 16, 1, 20, 32, 2989 }, // ®
    { 10, 3, 16, 3, 21, 4, 3021 }, // ¯
    { 9, 8, 16, 4, 19, 9, 3025 }, // °
    { 14, 16, 16, 1, 16, 28, 3034 }, // ±
    { 10, 12, 16, 3, 22, 15, 3062 }, // ²
    { 10, 12, 16, 3, 22, 15, 3077 }, // ³
    { 6, 4, 16, 6, 21, 3, 3092 }, // ´
    { 12, 20, 16, 2, 15, 30, 3095 }, // µ
    { 13, 25, 16, 1, 20, 41, 3125 }, // ¶
    { 6, 4, 16, 5, 11, 3, 3166 }, // ·
    { 7, 7, 16, 5, 1, 7, 3169 }, // ¸
    { 9, 12, 16, 4, 22, 14, 3176 }, // ¹
    { 7, 8, 16, 5, 20, 7, 3190 }, // º
    { 15, 13, 16, 1, 14, 25, 3197 }, // »
    { 17, 20, 16, 0, 20, 43, 3222 }, // ¼
    { 17, 21, 16, 0, 20, 45, 3265 }, // ½
    { 17, 20, 16, 0, 20, 43, 3310 }, // ¾
    { 10, 20, 16, 3, 15, 25, 3353 }, // ¿
    { 14, 26, 16, 1, 26, 46, 3378 }, // À
    { 14, 26, 16, 1, 26, 46, 3424 }, // Á
    { 14, 26, 16, 1, 26, 46, 3470 }, // Â
    { 14, 26, 16, 1, 26, 46, 3516 }, // Ã
    { 14, 25, 16, 1, 25, 44, 3562 }, // Ä
    { 14, 27, 16, 1, 27, 48, 3606 }, // Å
    { 16, 20, 16, 0, 20, 40, 3654 }, // Æ
    { 13, 26, 16, 2, 20, 43, 3694 }, // Ç
    { 13, 26, 16, 2, 26, 43, 3737 }, // È
    { 13, 26, 16, 2, 26, 43, 3780 }, // É
    { 13, 26, 16, 2, 26, 43, 3823 }, // Ê
    { 13, 25, 16, 2, 25, 41, 3866 }, // Ë
    { 12, 26, 16, 2, 26, 39, 3907 }, // Ì
    { 12, 26, 16, 2, 26, 39, 3946 }, // Í
    { 12, 26, 16, 2, 26, 39, 3985 }, // Î
    { 12, 25, 16, 2, 25, 38, 4024 }, // Ï
    { 14, 20, 16, 0, 20, 35, 4062 }, // Ð
    { 12, 26, 16, 2, 26, 39, 4097 }, // Ñ
    { 12, 26, 16, 2, 26, 39, 4136 }, // Ò
    { 12, 26, 16, 2, 26, 39, 4175 }, // Ó
    { 12, 26, 16, 2, 26, 39, 4214 }, // Ô
    { 12, 26, 16, 2, 26, 39, 4253 }, // Õ
    { 12, 25, 16, 2, 25, 38, 4292 }, // Ö
    { 12, 12, 16, 2, 15, 18, 4330 }, // ×
    { 16, 22, 16, 0, 21, 44, 4348 }, // Ø
    { 12, 26, 16, 2, 26, 39, 4392 }, // Ù
    { 12, 26, 16, 2, 26, 39, 4431 }, // Ú
    { 12, 26, 16, 2, 26, 39, 4470 }, // Û
    { 12, 25, 16, 2, 25, 38, 4509 }, // Ü
    { 16, 26, 16, 0, 26, 52, 4547 }, // Ý
    { 13, 20, 16, 2, 20, 33, 4599 }, // Þ
    { 13, 20, 16, 2, 20, 33, 4632 }, // ß
    { 13, 21, 16, 1, 21, 35, 4665 }, // à
    { 13, 21, 16, 1, 21, 35, 4700 }, // á
    { 13, 21, 16, 1, 21, 35, 4735 }, // â
    { 13, 21, 16, 1, 21, 35, 4770 }, // ã
    { 13, 20, 16, 1, 20, 33, 4805 }, // ä
    { 13, 23, 16, 1, 23, 38, 4838 }, // å
    { 16, 15, 16, 0, 15, 30, 4876 }, // æ
    { 13, 21, 16, 2, 15, 35, 4906 }, // ç
    { 12, 21, 16, 2, 21, 32, 4941 }, // è
    { 12, 21, 16, 2, 21, 32, 4973 }, // é
    { 12, 21, 16, 2, 21, 32, 5005 }, // ê
    { 12, 20, 16, 2, 20, 30, 5037 }, // ë
    { 13, 21, 16, 2, 21, 35, 5067 }, // ì
    { 13, 21, 16, 2, 21, 35, 5102 }, // í
    { 13, 21, 16, 2, 21, 35, 5137 }, // î
    { 13, 20, 16, 2, 20, 33, 5172 }, // ï
    { 14, 21, 16, 1, 21, 37, 5205 }, // ð
    { 12, 21, 16, 2, 21, 32, 5242 }, // ñ
    { 12, 21, 16, 2, 21, 32, 5274 }, // ò
    { 12, 21, 16, 2, 21, 32, 5306 }, // ó
    { 12, 21, 16, 2, 21, 32, 5338 }, // ô
    { 12, 21, 16, 2, 21, 32, 5370 }, // õ
    { 12, 20, 16, 2, 20, 30, 5402 }, // ö
    { 12, 15, 16, 2, 16, 23, 5432 }, // ÷
    { 16, 17, 16, 0, 16, 34, 5455 }, // ø
    { 12, 21, 16, 2, 21, 32, 5489 }, // ù
    { 12, 21, 16, 2, 21, 32, 5521 }, // ú
    { 12, 21, 16, 2, 21, 32, 5553 }, // û
    { 12, 20, 16, 2, 20, 30, 5585 }, // ü
    { 14, 26, 16, 1, 21, 46, 5615 }, // ý
    { 12, 25, 16, 2, 20, 38, 5661 }, // þ
    { 14, 25, 16, 1, 20, 44, 5699 }, // ÿ
    { 14, 26, 16, 1, 26, 46, 5743 }, // Ā
    { 13, 21, 16, 1, 21, 35, 5789 }, // ā
    { 14, 26, 16, 1, 26, 46, 5824 }, // Ă
    { 13, 21, 16, 1, 21, 35, 5870 }, // ă
    { 15, 27, 16, 1, 20, 51, 5905 }, // Ą
    { 15, 20, 16, 1, 15, 38, 5956 }, // ą
    { 13, 26, 16, 2, 26, 43, 5994 }, // Ć
    { 13, 21, 16, 2, 21, 35, 6037 }, // ć
    { 13, 26, 16, 2, 26, 43, 6072 }, // Ĉ
    { 13, 21, 16, 2, 21, 35, 6115 }, // ĉ
    { 13, 25, 16, 2, 25, 41, 6150 }, // Ċ
    { 13, 20, 16, 2, 20, 33, 6191 }, // ċ
    { 13, 26, 16, 2, 26, 43, 6224 }, // Č
    { 13, 21, 16, 2, 21, 35, 6267 }, // č
    { 12, 26, 16, 2, 26, 39, 6302 }, // Ď
    { 16, 20, 16, 1, 20, 40, 6341 }, // ď
    { 14, 20, 16, 0, 20, 35, 6381 }, // Đ
    { 15, 20, 16, 2, 20, 38, 6416 }, // đ
    { 13, 26, 16, 2, 26, 43, 6454 }, // Ē
    { 12, 21, 16, 2, 21, 32, 6497 }, // ē
    { 13, 26, 16, 2, 26, 43, 6529 }, // Ĕ
    { 12, 21, 16, 2, 21, 32, 6572 }, // ĕ
    { 13, 25, 16, 2, 25, 41, 6604 }, // Ė
    { 12, 20, 16, 2, 20, 30, 6645 }, // ė
    { 13, 27, 16, 2, 20, 44, 6675 }, // Ę
    { 12, 20, 16, 2, 15, 30, 6719 }, // ę
    { 13, 26, 16, 2, 26, 43, 6749 }, // Ě
    { 12, 21, 16, 2, 21, 32, 6792 }, // ě
    { 12, 26, 16, 2, 26, 39, 6824 }, // Ĝ
    { 12, 26, 16, 2, 21, 39, 6863 }, // ĝ
    { 12, 26, 16, 2, 26, 39, 6902 }, // Ğ
    { 12, 26, 16, 2, 21, 39, 6941 }, // ğ
    { 12, 25, 16, 2, 25, 38, 6980 }, // Ġ
    { 12, 25, 16, 2, 20, 38, 7018 }, // ġ
    { 12, 26, 16, 2, 20, 39, 7056 }, // Ģ
    { 12, 29, 16, 2, 24, 44, 7095 }, // ģ
    { 12, 26, 16, 2, 26, 39, 7139 }, // Ĥ
    { 16, 26, 16, -2, 26, 52, 7178 }, // ĥ
    { 16, 20, 16, 0, 20, 40, 7230 }, // Ħ
    { 14, 20, 16, 0, 20, 35, 7270 }, // ħ
    { 12, 26, 16, 2, 26, 39, 7305 }, // Ĩ
    { 13, 21, 16, 2, 21, 35, 7344 }, // ĩ
    { 12, 26, 16, 2, 26, 39, 7379 }, // Ī
    { 13, 21, 16, 2, 21, 35, 7418 }, // ī
    { 12, 26, 16, 2, 26, 39, 7453 }, // Ĭ
    { 13, 21, 16, 2, 21, 35, 7492 }, // ĭ
    { 12, 27, 16, 2, 20, 41, 7527 }, // Į
    { 13, 28, 16, 2, 21, 46, 7568 }, // į
    { 12, 25, 16, 2, 25, 38, 7614 }, // İ
    { 13, 15, 16, 2, 15, 25, 7652 }, // ı
    { 16, 20, 16, 0, 20, 40, 7677 }, // Ĳ
    { 13, 25, 16, 2, 20, 41, 7717 }, // ĳ
    { 17, 26, 16, 1, 26, 56, 7758 }, // Ĵ
    { 14, 26, 16, 2, 21, 46, 7814 }, // ĵ
    { 14, 26, 16, 2, 20, 46, 7860 }, // Ķ
    { 14, 26, 16, 2, 20, 46, 7906 }, // ķ
    { 14, 15, 16, 2, 15, 27, 7952 }, // ĸ
    { 12, 26, 16, 3, 26, 39, 7979 }, // Ĺ
    { 15, 26, 16, 0, 26, 49, 8018 }, // ĺ
    { 12, 26, 16, 3, 20, 39, 8067 }, // Ļ
    { 15, 26, 16, 0, 20, 49, 8106 }, // ļ
    { 12, 20, 16, 3, 20, 30, 8155 }, // Ľ
    { 15, 20, 16, 0, 20, 38, 8185 }, // ľ
    { 12, 20, 16, 3, 20, 30, 8223 }, // Ŀ
    { 17, 20, 16, 0, 20, 43, 8253 }, // ŀ
    { 15, 20, 16, 0, 20, 38, 8296 }, // Ł
    { 15, 20, 16, 0, 20, 38, 8334 }, // ł
    { 12, 26, 16, 2, 26, 39, 8372 }, // Ń
    { 12, 21, 16, 2, 21, 32, 8411 }, // ń
    { 12, 26, 16, 2, 20, 39, 8443 }, // Ņ
    { 12, 21, 16, 2, 15, 32, 8482 }, // ņ
    { 12, 26, 16, 2, 26, 39, 8514 }, // Ň
    { 12, 21, 16, 2, 21, 32, 8553 }, // ň
    { 15, 22, 16, -1, 22, 42, 8585 }, // ŉ
    { 12, 25, 16, 2, 20, 38, 8627 }, // Ŋ
    { 12, 20, 16, 2, 15, 30, 8665 }, // ŋ
    { 12, 26, 16, 2, 26, 39, 8695 }, // Ō
    { 12, 21, 16, 2, 21, 32, 8734 }, // ō
    { 12, 26, 16, 2, 26, 39, 8766 }, // Ŏ
    { 12, 21, 16, 2, 21, 32, 8805 }, // ŏ
    { 13, 26, 16, 2, 26, 43, 8837 }, // Ő
    { 13, 21, 16, 2, 21, 35, 8880 }, // ő
    { 15, 20, 16, 1, 20, 38, 8915 }, // Œ
    { 16, 15, 16, 0, 15, 30, 8953 }, // œ
    { 13, 26, 16, 2, 26, 43, 8983 }, // Ŕ
    { 12, 21, 16, 3, 21, 32, 9026 }, // ŕ
    { 13, 26, 16, 2, 20, 43, 9058 }, // Ŗ
    { 15, 21, 16, 0, 15, 40, 9101 }, // ŗ
    { 13, 26, 16, 2, 26, 43, 9141 }, // Ř
    { 12, 21, 16, 3, 21, 32, 9184 }, // ř
    { 14, 26, 16, 1, 26, 46, 9216 }, // Ś
    { 12, 21, 16, 2, 21, 32, 9262 }, // ś
    { 14, 26, 16, 1, 26, 46, 9294 }, // Ŝ
    { 12, 21, 16, 2, 21, 32, 9340 }, // ŝ
    { 14, 26, 16, 1, 20, 46, 9372 }, // Ş
    { 12, 21, 16, 2, 15, 32, 9418 }, // ş
    { 14, 26, 16, 1, 26, 46, 9450 }, // Š
    { 12, 21, 16, 2, 21, 32, 9496 }, // š
    { 14, 26, 16, 1, 20, 46, 9528 }, // Ţ
    { 14, 25, 16, 1, 19, 44, 9574 }, // ţ
    { 14, 26, 16, 1, 26, 46, 9618 }, // Ť
    { 14, 22, 16, 1, 22, 39, 9664 }, // ť
    { 14, 20, 16, 1, 20, 35, 9703 }, // Ŧ
    { 14, 19, 16, 1, 19, 34, 9738 }, // ŧ
    { 12, 26, 16, 2, 26, 39, 9772 }, // Ũ
    { 12, 21, 16, 2, 21, 32, 9811 }, // ũ
    { 12, 26, 16, 2, 26, 39, 9843 }, // Ū
    { 12, 21, 16, 2, 21, 32, 9882 }, // ū
    { 12, 26, 16, 2, 26, 39, 9914 }, // Ŭ
    { 12, 21, 16, 2, 21, 32, 9953 }, // ŭ
    { 12, 27, 16, 2, 27, 41, 9985 }, // Ů
    { 12, 23, 16, 2, 23, 35, 10026 }, // ů
    { 13, 26, 16, 2, 26, 43, 10061 }, // Ű
    { 13, 21, 16, 2, 21, 35, 10104 }, // ű
    { 12, 25, 16, 2, 20, 38, 10139 }, // Ų
    { 12, 20, 16, 2, 15, 30, 10177 }, // ų
    { 16, 26, 16, 0, 26, 52, 10207 }, // Ŵ
    { 16, 21, 16, 0, 21, 42, 10259 }, // ŵ
    { 16, 26, 16, 0, 26, 52, 10301 }, // Ŷ
    { 14, 26, 16, 1, 21, 46, 10353 }, // ŷ
    { 16, 25, 16, 0, 25, 50, 10399 }, // Ÿ
    { 12, 26, 16, 2, 26, 39, 10449 }, // Ź
    { 12, 21, 16, 2, 21, 32, 10488 }, // ź
    { 12, 25, 16, 2, 25, 38, 10520 }, // Ż
    { 12, 20, 16, 2, 20, 30, 10558 }, // ż
    { 12, 26, 16, 2, 26, 39, 10588 }, // Ž
    { 12, 21, 16, 2, 21, 32, 10627 }, // ž
    { 10, 20, 16, 4, 20, 25, 10659 }, // ſ
    { 6, 4, 0, -12, 21, 3, 10684 }, // ̀
    { 6, 4, 0, -10, 21, 3, 10687 }, // ́
    { 10, 4, 0, -13, 21, 5, 10690 }, // ̂
    { 10, 4, 0, -13, 21, 5, 10695 }, // ̃
    { 10, 3, 0, -13, 21, 4, 10700 }, // ̄
    { 10, 4, 0, -13, 21, 5, 10704 }, // ̆
    { 5, 3, 0, -11, 20, 2, 10709 }, // ̇
    { 10, 3, 0, -13, 20, 4, 10711 }, // ̈
    { 6, 6, 0, -11, 23, 5, 10715 }, // ̉
    { 8, 7, 0, -12, 23, 7, 10720 }, // ̊
    { 12, 4, 0, -13, 21, 6, 10727 }, // ̋
    { 10, 4, 0, -13, 21, 5, 10733 }, // ̌
    { 12, 4, 0, -15, 21, 6, 10738 }, // ̏
    { 6, 7, 0, -11, 24, 6, 10744 }, // ̒
    { 5, 5, 0, -7, 18, 4, 10750 }, // ̛
    { 5, 3, 0, -11, -3, 2, 10754 }, // ̣
    { 8, 6, 0, -12, -1, 6, 10756 }, // ̥
    { 7, 4, 0, -12, -2, 4, 10762 }, // ̦
    { 6, 7, 0, -11, 1, 6, 10766 }, // ̧
    { 7, 6, 0, -12, 1, 6, 10772 }, // ̨
    { 19, 3, 0, -18, 11, 8, 10778 }, // ̶
    { 16, 17, 0, -16, 16, 34, 10786 }, // ̷
    { 12, 21, 0, -14, 18, 32, 10820 }, // ̸
    { 13, 25, 16, 2, 25, 41, 10852 }, // Ё
    { 15, 25, 16, 0, 20, 47, 10893 }, // Ђ
    { 12, 26, 16, 3, 26, 39, 10940 }, // Ѓ
    { 13, 20, 16, 2, 20, 33, 10979 }, // Є
    { 14, 20, 16, 1, 20, 35, 11012 }, // Ѕ
    { 12, 20, 16, 2, 20, 30, 11047 }, // І
    { 12, 25, 16, 2, 25, 38, 11077 }, // Ї
    { 13, 20, 16, 1, 20, 33, 11115 }, // Ј
    { 17, 20, 16, -1, 20, 43, 11148 }, // Љ
    { 15, 20, 16, 1, 20, 38, 11191 }, // Њ
    { 15, 20, 16, 0, 20, 38, 11229 }, // Ћ
    { 14, 26, 16, 2, 26, 46, 11267 }, // Ќ
    { 14, 26, 16, 1, 26, 46, 11313 }, // Ў
    { 12, 24, 16, 2, 20, 36, 11359 }, // Џ
    { 14, 20, 16, 1, 20, 35, 11395 }, // А
    { 13, 20, 16, 2, 20, 33, 11430 }, // Б
    { 13, 20, 16, 2, 20, 33, 11463 }, // В
    { 12, 20, 16, 3, 20, 30, 11496 }, // Г
    { 16, 24, 16, 0, 20, 48, 11526 }, // Д
    { 13, 20, 16, 2, 20, 33, 11574 }, // Е
    { 17, 20, 16, 0, 20, 43, 11607 }, // Ж
    { 14, 20, 16, 1, 20, 35, 11650 }, // З
    { 12, 20, 16, 2, 20, 30, 11685 }, // И
    { 12, 26, 16, 2, 26, 39, 11715 }, // Й
    { 14, 20, 16, 2, 20, 35, 11754 }, // К
    { 14, 20, 16, 0, 20, 35, 11789 }, // Л
    { 14, 20, 16, 1, 20, 35, 11824 }, // М
    { 12, 20, 16, 2, 20, 30, 11859 }, // Н
    { 12, 20, 16, 2, 20, 30, 11889 }, // О
    { 12, 20, 16, 2, 20, 30, 11919 }, // П
    { 13, 20, 16, 2, 20, 33, 11949 }, // Р
    { 13, 20, 16, 2, 20, 33, 11982 }, // С
    { 14, 20, 16, 1, 20, 35, 12015 }, // Т
    { 14, 20, 16, 1, 20, 35, 12050 }, // У
    { 14, 21, 16, 1, 20, 37, 12085 }, // Ф
    { 15, 20, 16, 1, 20, 38, 12122 }, // Х
    { 14, 24, 16, 2, 20, 42, 12160 }, // Ц
    { 12, 20, 16, 2, 20, 30, 12202 }, // Ч
    { 14, 20, 16, 1, 20, 35, 12232 }, // Ш
    { 16, 24, 16, 1, 20, 48, 12267 }, // Щ
    { 16, 20, 16, -1, 20, 40, 12315 }, // Ъ
    { 14, 20, 16, 1, 20, 35, 12355 }, // Ы
    { 13, 20, 16, 2, 20, 33, 12390 }, // Ь
    { 12, 20, 16, 2, 20, 30, 12423 }, // Э
    { 15, 20, 16, 1, 20, 38, 12453 }, // Ю
    { 13, 20, 16, 1, 20, 33, 12491 }, // Я
    { 13, 15, 16, 1, 15, 25, 12524 }, // а
    { 12, 21, 16, 2, 21, 32, 12549 }, // б
    { 13, 15, 16, 2, 15, 25, 12581 }, // в
    { 12, 15, 16, 3, 15, 23, 12606 }, // г
    { 16, 19, 16, 0, 15, 38, 12629 }, // д
    { 12, 15, 16, 2, 15, 23, 12667 }, // е
    { 16, 15, 16, 0, 15, 30, 12690 }, // ж
    { 14, 15, 16, 1, 15, 27, 12720 }, // з
    { 12, 15, 16, 2, 15, 23, 12747 }, // и
    { 12, 21, 16, 2, 21, 32, 12770 }, // й
    { 14, 15, 16, 2, 15, 27, 12802 }, // к
    { 14, 15, 16, 0, 15, 27, 12829 }, // л
    { 14, 15, 16, 1, 15, 27, 12856 }, // м
    { 12, 15, 16, 2, 15, 23, 12883 }, // н
    { 12, 15, 16, 2, 15, 23, 12906 }, // о
    { 12, 15, 16, 2, 15, 23, 12929 }, // п
    { 12, 20, 16, 2, 15, 30, 12952 }, // р
    { 13, 15, 16, 2, 15, 25, 12982 }, // с
    { 14, 15, 16, 1, 15, 27, 13007 }, // т
    { 14, 20, 16, 1, 15, 35, 13034 }, // у
    { 14, 25, 16, 1, 20, 44, 13069 }, // ф
    { 14, 15, 16, 1, 15, 27, 13113 }, // х
    { 14, 19, 16, 2, 15, 34, 13140 }, // ц
    { 12, 15, 16, 2, 15, 23, 13174 }, // ч
    { 14, 15, 16, 1, 15, 27, 13197 }, // ш
    { 16, 19, 16, 1, 15, 38, 13224 }, // щ
    { 16, 15, 16, 0, 15, 30, 13262 }, // ъ
    { 14, 15, 16, 1, 15, 27, 13292 }, // ы
    { 13, 15, 16, 2, 15, 25, 13319 }, // ь
    { 12, 15, 16, 2, 15, 23, 13344 }, // э
    { 15, 15, 16, 1, 15, 29, 13367 }, // ю
    { 13, 15, 16, 1, 15, 25, 13396 }, // я
    { 12, 20, 16, 2, 20, 30, 13421 }, // ё
    { 14, 25, 16, 0, 20, 44, 13451 }, // ђ
    { 12, 21, 16, 3, 21, 32, 13495 }, // ѓ
    { 13, 15, 16, 2, 15, 25, 13527 }, // є
    { 12, 15, 16, 2, 15, 23, 13552 }, // ѕ
    { 13, 20, 16, 2, 20, 33, 13575 }, // і
    { 13, 20, 16, 2, 20, 33, 13608 }, // ї
    { 11, 25, 16, 2, 20, 35, 13641 }, // ј
    { 16, 15, 16, 0, 15, 30, 13676 }, // љ
    { 15, 15, 16, 1, 15, 29, 13706 }, // њ
    { 14, 20, 16, 0, 20, 35, 13735 }, // ћ
    { 14, 21, 16, 2, 21, 37, 13770 }, // ќ
    { 14, 26, 16, 1, 21, 46, 13807 }, // ў
    { 12, 19, 16, 2, 15, 29, 13853 }, // џ
    { 12, 22, 16, 3, 22, 33, 13882 }, // Ґ
    { 12, 18, 16, 3, 18, 27, 13915 }, // ґ
    { 15, 20, 16, 0, 20, 38, 13942 }, // Ғ
    { 14, 15, 16, 1, 15, 27, 13980 }, // ғ
    { 14, 24, 16, 2, 20, 42, 14007 }, // Қ
    { 14, 19, 16, 2, 15, 34, 14049 }, // қ
    { 13, 24, 16, 2, 20, 39, 14083 }, // Ң
    { 13, 19, 16, 2, 15, 31, 14122 }, // ң
    { 16, 20, 16, 0, 20, 40, 14153 }, // Ү
    { 14, 20, 16, 1, 15, 35, 14193 }, // ү
    { 16, 20, 16, 0, 20, 40, 14228 }, // Ұ
    { 14, 20, 16, 1, 15, 35, 14268 }, // ұ
    { 14, 24, 16, 1, 20, 42, 14303 }, // Ҷ
    { 14, 19, 16, 1, 15, 34, 14345 }, // ҷ
    { 13, 20, 16, 2, 20, 33, 14379 }, // Һ
    { 13, 15, 16, 2, 15, 25, 14412 }, // һ
    { 12, 20, 16, 2, 20, 30, 14437 }, // Ә
    { 12, 15, 16, 2, 15, 23, 14467 }, // ә
    { 17, 25, 16, 0, 25, 54, 14490 }, // Ӝ
    { 16, 20, 16, 0, 20, 40, 14544 }, // ӝ
    { 14, 25, 16, 1, 25, 44, 14584 }, // Ӟ
    { 14, 20, 16, 1, 20, 35, 14628 }, // ӟ
    { 12, 25, 16, 2, 25, 38, 14663 }, // Ӥ
    { 12, 20, 16, 2, 20, 30, 14701 }, // ӥ
    { 12, 25, 16, 2, 25, 38, 14731 }, // Ӧ
    { 12, 20, 16, 2, 20, 30, 14769 }, // ӧ
    { 12, 20, 16, 2, 20, 30, 14799 }, // Ө
    { 12, 15, 16, 2, 15, 23, 14829 }, // ө
    { 12, 25, 16, 2, 25, 38, 14852 }, // Ӵ
    { 12, 20, 16, 2, 20, 30, 14890 }, // ӵ
    { 0, 0, 16, 0, 0, 0, 14920 }, //  
    { 0, 0, 16, 0, 0, 0, 14920 }, // ​
    { 10, 3, 16, 3, 11, 4, 14920 }, // ‐
    { 13, 3, 16, 2, 11, 5, 14924 }, // –
    { 17, 3, 16, 0, 11, 7, 14929 }, // —
    { 10, 25, 16, 3, 22, 32, 14936 }, // ‖
    { 6, 8, 16, 5, 20, 6, 14968 }, // ‘
    { 6, 8, 16, 5, 20, 6, 14974 }, // ’
    { 6, 8, 16, 5, 4, 6, 14980 }, // ‚
    { 6, 8, 16, 5, 20, 6, 14986 }, // ‛
    { 12, 8, 16, 2, 20, 12, 14992 }, // “
    { 12, 8, 16, 2, 20, 12, 15004 }, // ”
    { 12, 8, 16, 2, 4, 12, 15016 }, // „
    { 12, 8, 16, 2, 20, 12, 15028 }, // ‟
    { 13, 26, 16, 2, 23, 43, 15040 }, // †
    { 13, 26, 16, 2, 23, 43, 15083 }, // ‡
    { 8, 6, 16, 4, 13, 6, 15126 }, // •
    { 6, 4, 16, 5, 4, 3, 15132 }, // ․
    { 14, 5, 16, 1, 5, 9, 15135 }, // …
    { 18, 20, 16, -1, 20, 45, 15144 }, // ‰
    { 6, 8, 16, 5, 20, 6, 15189 }, // ′
    { 12, 8, 16, 2, 20, 12, 15195 }, // ″
    { 16, 8, 16, 0, 20, 16, 15207 }, // ‴
    { 10, 13, 16, 3, 14, 17, 15223 }, // ‹
    { 10, 13, 16, 3, 14, 17, 15240 }, // ›
    { 12, 20, 16, 2, 20, 30, 15257 }, // ‼
    { 11, 20, 16, 3, 20, 28, 15287 }, // ‽
    { 18, 3, 16, -1, 23, 7, 15315 }, // ‾
    { 16, 5, 16, 0, 0, 10, 15322 }, // ‿
    { 17, 20, 16, 0, 20, 43, 15332 }, // ⁄
    { 8, 26, 16, 5, 23, 26, 15375 }, // ⁅
    { 7, 26, 16, 4, 23, 23, 15401 }, // ⁆
    { 10, 12, 16, 3, 22, 15, 15424 }, // ⁰
    { 10, 12, 16, 3, 22, 15, 15439 }, // ⁴
    { 10, 12, 16, 3, 22, 15, 15454 }, // ⁵
    { 10, 12, 16, 3, 22, 15, 15469 }, // ⁶
    { 9, 12, 16, 4, 22, 14, 15484 }, // ⁷
    { 10, 12, 16, 3, 22, 15, 15498 }, // ⁸
    { 10, 12, 16, 3, 22, 15, 15513 }, // ⁹
    { 8, 8, 16, 4, 16, 8, 15528 }, // ⁺
    { 9, 6, 16, 4, 19, 7, 15536 }, // ⁼
    { 10, 12, 16, 3, 8, 15, 15543 }, // ₀
    { 9, 12, 16, 4, 8, 14, 15558 }, // ₁
    { 10, 12, 16, 3, 8, 15, 15572 }, // ₂
    { 10, 12, 16, 3, 8, 15, 15587 }, // ₃
    { 10, 12, 16, 3, 8, 15, 15602 }, // ₄
    { 10, 12, 16, 3, 8, 15, 15617 }, // ₅
    { 10, 12, 16, 3, 8, 15, 15632 }, // ₆
    { 9, 12, 16, 4, 8, 14, 15647 }, // ₇
    { 10, 12, 16, 3, 8, 15, 15661 }, // ₈
    { 10, 12, 16, 3, 8, 15, 15676 }, // ₉
    { 15, 22, 16, 2, 20, 42, 15691 }, // ₫
    { 15, 20, 16, 0, 20, 38, 15733 }, // €
    { 14, 20, 16, 1, 20, 35, 15771 }, // ₮
    { 14, 20, 16, 1, 20, 35, 15806 }, // ₴
    { 15, 20, 16, 0, 20, 38, 15841 }, // ₽
    { 13, 28, 16, 2, 24, 46, 15879 }, // ₿
    { 16, 16, 16, 0, 17, 32, 15925 }, // ←
    { 15, 20, 16, 1, 20, 38, 15957 }, // ↑
    { 16, 16, 16, 0, 17, 32, 15995 }, // →
    { 15, 20, 16, 1, 20, 38, 16027 }, // ↓
    { 22, 16, 16, -3, 17, 44, 16065 }, // ↔
    { 15, 30, 16, 1, 25, 57, 16109 }, // ↕
    { 14, 15, 16, 1, 21, 27, 16166 }, // ↖
    { 14, 15, 16, 1, 21, 27, 16193 }, // ↗
    { 14, 14, 16, 1, 14, 25, 16220 }, // ↘
    { 14, 14, 16, 1, 14, 25, 16245 }, // ↙
    { 16, 8, 16, 0, 12, 16, 16270 }, // ↝
    { 16, 10, 16, 0, 12, 20, 16286 }, // ↞
    { 16, 10, 16, 0, 12, 20, 16306 }, // ↠
    { 16, 10, 16, 0, 12, 20, 16326 }, // ↢
    { 16, 10, 16, 0, 12, 20, 16346 }, // ↣
    { 12, 15, 16, 2, 15, 23, 16366 }, // ↥
    { 16, 10, 16, 0, 12, 20, 16389 }, // ↦
    { 12, 16, 16, 2, 16, 24, 16409 }, // ↧
    { 16, 18, 16, 0, 20, 36, 16433 }, // ↩
    { 16, 18, 16, 0, 20, 36, 16469 }, // ↪
    { 16, 10, 16, 0, 13, 20, 16505 }, // ↭
    { 8, 28, 16, 6, 23, 28, 16525 }, // ↾
    { 16, 17, 16, 0, 16, 34, 16553 }, // ⇉
    { 17, 17, 16, 0, 18, 37, 16587 }, // ⇐
    { 18, 28, 16, -1, 23, 63, 16624 }, // ⇑
    { 17, 17, 16, 0, 18, 37, 16687 }, // ⇒
    { 18, 28, 16, -1, 22, 63, 16724 }, // ⇓
    { 22, 17, 16, -3, 18, 47, 16787 }, // ⇔
    { 17, 17, 16, 0, 17, 37, 16834 }, // ⇛
    { 12, 21, 16, 2, 21, 32, 16871 }, // ⇞
    { 12, 21, 16, 2, 20, 32, 16903 }, // ⇟
    { 16, 12, 16, 0, 15, 24, 16935 }, // ⇥
    { 16, 23, 16, 0, 22, 46, 16959 }, // ⇧
    { 17, 16, 16, 0, 17, 34, 17005 }, // ⇨
    { 16, 23, 16, 0, 22, 46, 17039 }, // ⇪
    { 14, 20, 16, 1, 20, 35, 17085 }, // ∀
    { 9, 16, 16, 4, 16, 18, 17120 }, // ∁
    { 12, 20, 16, 2, 20, 30, 17138 }, // ∂
    { 12, 20, 16, 2, 20, 30, 17168 }, // ∃
    { 13, 26, 16, 1, 23, 43, 17198 }, // ∄
    { 18, 21, 16, -1, 20, 48, 17241 }, // ∅
    { 14, 20, 16, 1, 20, 35, 17289 }, // ∆
    { 14, 21, 16, 1, 21, 37, 17324 }, // ∇
    { 16, 16, 16, 0, 18, 32, 17361 }, // ∈
    { 16, 23, 16, 0, 21, 46, 17393 }, // ∉
    { 9, 9, 16, 4, 13, 11, 17439 }, // ∊
    { 16, 16, 16, 0, 18, 32, 17450 }, // ∋
    { 16, 23, 16, 0, 21, 46, 17482 }, // ∌
    { 10, 14, 16, 3, 14, 18, 17528 }, // ∎
    { 15, 26, 16, 1, 21, 49, 17546 }, // ∏
    { 15, 25, 16, 1, 20, 47, 17595 }, // ∐
    { 14, 25, 16, 1, 20, 44, 17642 }, // ∑
    { 10, 3, 16, 3, 11, 4, 17686 }, // −
    { 14, 15, 16, 1, 15, 27, 17690 }, // ∓
    { 17, 20, 16, 0, 20, 43, 17717 }, // ∕
    { 8, 6, 16, 4, 12, 6, 17760 }, // ∘
    { 6, 4, 16, 5, 11, 3, 17766 }, // ∙
    { 16, 20, 16, 0, 20, 40, 17769 }, // √
    { 16, 10, 16, 0, 14, 20, 17809 }, // ∞
    { 4, 20, 16, 6, 20, 10, 17829 }, // ∣
    { 10, 20, 16, 3, 20, 25, 17839 }, // ∤
    { 9, 20, 16, 4, 20, 23, 17864 }, // ∥
    { 14, 14, 16, 1, 15, 25, 17887 }, // ∧
    { 14, 14, 16, 1, 15, 25, 17912 }, // ∨
    { 15, 21, 16, 1, 21, 40, 17937 }, // ∩
    { 15, 20, 16, 1, 20, 38, 17977 }, // ∪
    { 15, 25, 16, 0, 20, 47, 18015 }, // ∫
    { 16, 16, 16, 0, 16, 32, 18062 }, // ∴
    { 16, 16, 16, 0, 16, 32, 18094 }, // ∵
    { 6, 15, 16, 5, 15, 12, 18126 }, // ∶
    { 14, 14, 16, 1, 14, 25, 18138 }, // ∷
    { 10, 9, 16, 3, 14, 12, 18163 }, // ∸
    { 17, 12, 16, 0, 15, 26, 18175 }, // ∹
    { 14, 6, 16, 1, 13, 11, 18201 }, // ∼
    { 16, 8, 16, 0, 13, 16, 18212 }, // ∾
    { 14, 11, 16, 1, 16, 20, 18228 }, // ≃
    { 14, 17, 16, 1, 19, 30, 18248 }, // ≅
    { 14, 24, 16, 1, 21, 42, 18278 }, // ≇
    { 14, 13, 16, 1, 16, 23, 18320 }, // ≈
    { 14, 23, 16, 1, 21, 41, 18343 }, // ≉
    { 14, 16, 16, 1, 17, 28, 18384 }, // ≋
    { 14, 12, 16, 1, 15, 21, 18412 }, // ≍
    { 17, 13, 16, 0, 16, 28, 18433 }, // ≔
    { 12, 17, 16, 2, 19, 26, 18461 }, // ≗
    { 12, 21, 16, 2, 23, 32, 18487 }, // ≟
    { 12, 23, 16, 2, 22, 35, 18519 }, // ≠
    { 12, 14, 16, 2, 16, 21, 18554 }, // ≡
    { 12, 22, 16, 2, 20, 33, 18575 }, // ≢
    { 12, 13, 16, 2, 15, 20, 18608 }, // ≣
    { 12, 20, 16, 2, 20, 30, 18628 }, // ≤
    { 12, 20, 16, 2, 20, 30, 18658 }, // ≥
    { 17, 16, 16, 0, 17, 34, 18688 }, // ≪
    { 17, 16, 16, 0, 17, 34, 18722 }, // ≫
    { 9, 19, 16, 4, 17, 22, 18756 }, // ≬
    { 14, 19, 16, 1, 19, 34, 18778 }, // ≭
    { 12, 22, 16, 2, 20, 33, 18812 }, // ≮
    { 12, 22, 16, 2, 20, 33, 18845 }, // ≯
    { 12, 24, 16, 2, 21, 36, 18878 }, // ≰
    { 12, 24, 16, 2, 21, 36, 18914 }, // ≱
    { 14, 20, 16, 1, 20, 35, 18950 }, // ≲
    { 13, 20, 16, 2, 20, 33, 18985 }, // ≳
    { 14, 15, 16, 1, 17, 27, 19018 }, // ≺
    { 13, 15, 16, 2, 17, 25, 19045 }, // ≻
    { 14, 20, 16, 1, 20, 35, 19070 }, // ≼
    { 16, 13, 16, 0, 16, 26, 19105 }, // ⊂
    { 16, 13, 16, 0, 16, 26, 19131 }, // ⊃
    { 16, 23, 16, 0, 21, 46, 19157 }, // ⊄
    { 16, 23, 16, 0, 21, 46, 19203 }, // ⊅
    { 16, 19, 16, 0, 19, 38, 19249 }, // ⊆
    { 16, 19, 16, 0, 19, 38, 19287 }, // ⊇
    { 16, 26, 16, 0, 23, 52, 19325 }, // ⊈
    { 16, 26, 16, 0, 23, 52, 19377 }, // ⊉
    { 14, 20, 16, 1, 20, 35, 19429 }, // ⊎
    { 16, 13, 16, 0, 15, 26, 19464 }, // ⊏
    { 16, 13, 16, 0, 15, 26, 19490 }, // ⊐
    { 16, 19, 16, 0, 19, 38, 19516 }, // ⊑
    { 16, 19, 16, 0, 19, 38, 19554 }, // ⊒
    { 14, 15, 16, 1, 15, 27, 19592 }, // ⊓
    { 14, 15, 16, 1, 15, 27, 19619 }, // ⊔
    { 18, 18, 16, -1, 18, 41, 19646 }, // ⊕
    { 18, 17, 16, -1, 17, 39, 19687 }, // ⊖
    { 18, 17, 16, -1, 18, 39, 19726 }, // ⊗
    { 18, 17, 16, -1, 18, 39, 19765 }, // ⊘
    { 18, 17, 16, -1, 16, 39, 19804 }, // ⊙
    { 18, 17, 16, -1, 18, 39, 19843 }, // ⊛
    { 18, 17, 16, -1, 18, 39, 19882 }, // ⊜
    { 18, 17, 16, -1, 18, 39, 19921 }, // ⊝
    { 17, 16, 16, 0, 17, 34, 19960 }, // ⊞
    { 17, 17, 16, 0, 17, 37, 19994 }, // ⊟
    { 17, 17, 16, 0, 17, 37, 20031 }, // ⊠
    { 17, 17, 16, 0, 17, 37, 20068 }, // ⊡
    { 17, 16, 16, 0, 16, 34, 20105 }, // ⊢
    { 17, 16, 16, 0, 16, 34, 20139 }, // ⊣
    { 17, 17, 16, 0, 17, 37, 20173 }, // ⊤
    { 17, 16, 16, 0, 16, 34, 20210 }, // ⊥
    { 12, 20, 16, 2, 20, 30, 20244 }, // ⊴
    { 16, 5, 16, 0, 11, 10, 20274 }, // ⊸
    { 14, 19, 16, 1, 19, 34, 20284 }, // ⊻
    { 14, 19, 16, 1, 21, 34, 20318 }, // ⊼
    { 14, 19, 16, 1, 21, 34, 20352 }, // ⊽
    { 15, 21, 16, 1, 21, 40, 20386 }, // ⋂
    { 15, 20, 16, 1, 20, 38, 20426 }, // ⋃
    { 8, 8, 16, 4, 13, 8, 20464 }, // ⋄
    { 8, 8, 16, 4, 13, 8, 20472 }, // ⋆
    { 17, 18, 16, 0, 19, 39, 20480 }, // ⋈
    { 17, 18, 16, 0, 19, 39, 20519 }, // ⋉
    { 17, 18, 16, 0, 19, 39, 20558 }, // ⋊
    { 16, 15, 16, 0, 15, 30, 20597 }, // ⋎
    { 16, 16, 16, 0, 18, 32, 20627 }, // ⋐
    { 16, 26, 16, 0, 23, 52, 20659 }, // ⋢
    { 5, 17, 16, 6, 18, 11, 20711 }, // ⋮
    { 18, 4, 16, -1, 11, 9, 20722 }, // ⋯
    { 18, 17, 16, -1, 18, 39, 20731 }, // ⋰
    { 18, 17, 16, -1, 18, 39, 20770 }, // ⋱
    { 18, 20, 16, -1, 20, 45, 20809 }, // �
};

static const EpdUnicodeInterval jetbrainsmono_13_regularIntervals[] = {
    { 0xD, 0xD, 0x0 },
    { 0x20, 0x7E, 0x1 },
    { 0xA0, 0xAC, 0x60 },
    { 0xAE, 0xFF, 0x6D },
    { 0x100, 0x17F, 0xBF },
    { 0x300, 0x304, 0x13F },
    { 0x306, 0x30C, 0x144 },
    { 0x30F, 0x30F, 0x14B },
    { 0x312, 0x312, 0x14C },
    { 0x31B, 0x31B, 0x14D },
    { 0x323, 0x323, 0x14E },
    { 0x325, 0x328, 0x14F },
    { 0x336, 0x338, 0x153 },
    { 0x401, 0x40C, 0x156 },
    { 0x40E, 0x44F, 0x162 },
    { 0x451, 0x45C, 0x1A4 },
    { 0x45E, 0x45F, 0x1B0 },
    { 0x490, 0x493, 0x1B2 },
    { 0x49A, 0x49B, 0x1B6 },
    { 0x4A2, 0x4A3, 0x1B8 },
    { 0x4AE, 0x4B1, 0x1BA },
    { 0x4B6, 0x4B7, 0x1BE },
    { 0x4BA, 0x4BB, 0x1C0 },
    { 0x4D8, 0x4D9, 0x1C2 },
    { 0x4DC, 0x4DF, 0x1C4 },
    { 0x4E4, 0x4E9, 0x1C8 },
    { 0x4F4, 0x4F5, 0x1CE },
    { 0x2001, 0x2001, 0x1D0 },
    { 0x200B, 0x200B, 0x1D1 },
    { 0x2010, 0x2010, 0x1D2 },
    { 0x2013, 0x2014, 0x1D3 },
    { 0x2016, 0x2016, 0x1D5 },
    { 0x2018, 0x2022, 0x1D6 },
    { 0x2024, 0x2024, 0x1E1 },
    { 0x2026, 0x2026, 0x1E2 },
    { 0x2030, 0x2030, 0x1E3 },
    { 0x2032, 0x2034, 0x1E4 },
    { 0x2039, 0x203A, 0x1E7 },
    { 0x203C, 0x203F, 0x1E9 },
    { 0x2044, 0x2046, 0x1ED },
    { 0x2070, 0x2070, 0x1F0 },
    { 0x2074, 0x207A, 0x1F1 },
    { 0x207C, 0x207C, 0x1F8 },
    { 0x2080, 0x2089, 0x1F9 },
    { 0x20AB, 0x20AC, 0x203 },
    { 0x20AE, 0x20AE, 0x205 },
    { 0x20B4, 0x20B4, 0x206 },
    { 0x20BD, 0x20BD, 0x207 },
    { 0x20BF, 0x20BF, 0x208 },
    { 0x2190, 0x2199, 0x209 },
    { 0x219D, 0x219E, 0x213 },
    { 0x21A0, 0x21A0, 0x215 },
    { 0x21A2, 0x21A3, 0x216 },
    { 0x21A5, 0x21A7, 0x218 },
    { 0x21A9, 0x21AA, 0x21B },
    { 0x21AD, 0x21AD, 0x21D },
    { 0x21BE, 0x21BE, 0x21E },
    { 0x21C9, 0x21C9, 0x21F },
    { 0x21D0, 0x21D4, 0x220 },
    { 0x21DB, 0x21DB, 0x225 },
    { 0x21DE, 0x21DF, 0x226 },
    { 0x21E5, 0x21E5, 0x228 },
    { 0x21E7, 0x21E8, 0x229 },
    { 0x21EA, 0x21EA, 0x22B },
    { 0x2200, 0x220C, 0x22C },
    { 0x220E, 0x2213, 0x239 },
    { 0x2215, 0x2215, 0x23F },
    { 0x2218, 0x221A, 0x240 },
    { 0x221E, 0x221E, 0x243 },
    { 0x2223, 0x2225, 0x244 },
    { 0x2227, 0x222B, 0x247 },
    { 0x2234, 0x2239, 0x24C },
    { 0x223C, 0x223C, 0x252 },
    { 0x223E, 0x223E, 0x253 },
    { 0x2243, 0x2243, 0x254 },
    { 0x2245, 0x2245, 0x255 },
    { 0x2247, 0x2249, 0x256 },
    { 0x224B, 0x224B, 0x259 },
    { 0x224D, 0x224D, 0x25A },
    { 0x2254, 0x2254, 0x25B },
    { 0x2257, 0x2257, 0x25C },
    { 0x225F, 0x2265, 0x25D },
    { 0x226A, 0x2273, 0x264 },
    { 0x227A, 0x227C, 0x26E },
    { 0x2282, 0x2289, 0x271 },
    { 0x228E, 0x2299, 0x279 },
    { 0x229B, 0x22A5, 0x285 },
    { 0x22B4, 0x22B4, 0x290 },
    { 0x22B8, 0x22B8, 0x291 },
    { 0x22BB, 0x22BD, 0x292 },
    { 0x22C2, 0x22C4, 0x295 },
    { 0x22C6, 0x22C6, 0x298 },
    { 0x22C8, 0x22CA, 0x299 },
    { 0x22CE, 0x22CE, 0x29C },
    { 0x22D0, 0x22D0, 0x29D },
    { 0x22E2, 0x22E2, 0x29E },
    { 0x22EE, 0x22F1, 0x29F },
    { 0xFFFD, 0xFFFD, 0x2A3 },
};

static const EpdFontData jetbrainsmono_13_regular = {
    jetbrainsmono_13_regularBitmaps,
    jetbrainsmono_13_regularGlyphs,
    jetbrainsmono_13_regularIntervals,
    98,
    36,
    28,
    -9,
    false,
};
