/**
 * generated by fontconvert.py
 * name: jetbrainsmono_14_regular
 * size: 14
 * mode: 1-bit
 * Command used: fontconvert.py jetbrainsmono_14_regular 14 ../builtinFonts/source/JetBrainsMono/JetBrainsMono-Regular.ttf
 */
#pragma once
#include "EpdFontData.h"

static const uint8_t jetbrainsmono_14_regularBitmaps[23616] = {
    0x7B, 0xDE, 0xF7, 0xB9, 0xCE, 0x73, 0x9C, 0xE7, 0x39, 0xC0, 0x00, 0x1F, 0xF7, 0x80, 0xE3, 0xF8,
    0xFE, 0x3F, 0x8F, 0xE3, 0xF8, 0xFE, 0x3B, 0x8E, 0xE3, 0x80, 0x07, 0x1C, 0x06, 0x1C, 0x0E, 0x1C,
    0x0E, 0x1C, 0x0E, 0x1C, 0x0E, 0x18, 0x7F, 0xFF, 0x7F, 0xFF, 0x7F, 0xFE, 0x1C, 0x38, 0x1C, 0x30,
    0x1C, 0x70, 0x18, 0x70, 0xFF, 0xFE, 0xFF, 0xFE, 0xFF, 0xFC, 0x38, 0x60, 0x38, 0xE0, 0x30, 0xE0,
    0x70, 0xE0, 0x70, 0xE0, 0x03, 0x00, 0x0C, 0x00, 0x30, 0x00, 0xC0, 0x1F, 0xE0, 0xFF, 0xC7, 0xFF,
    0x9C, 0xDE, 0xF3, 0x3B, 0xCC, 0xEF, 0x30, 0x1E, 0xC0, 0x7F, 0x00, 0xFE, 0x01, 0xFE, 0x01, 0xFC,
    0x03, 0xF8, 0x0C, 0xE0, 0x33, 0xF8, 0xCF, 0xE3, 0x3F, 0xCC, 0xE7, 0xFF, 0x9F, 0xFC, 0x3F, 0xE0,
    0x1E, 0x00, 0x30, 0x00, 0xC0, 0x03, 0x00, 0x3E, 0x03, 0xBF, 0x83, 0xBF, 0xE1, 0xDC, 0x71, 0xCE,
    0x39, 0xC7, 0x1C, 0xE3, 0x8E, 0xE1, 0xFF, 0xE0, 0x7F, 0x70, 0x1F, 0x70, 0x00, 0x70, 0x00, 0x39,
    0x80, 0x3B, 0xF0, 0x3B, 0xFC, 0x39, 0xCE, 0x1C, 0xC7, 0x1C, 0x63, 0x9C, 0x31, 0xCE, 0x1F, 0xEE,
    0x0F, 0xFE, 0x03, 0xF0, 0x07, 0xE0, 0x03, 0xFE, 0x01, 0xFF, 0x80, 0x70, 0xF0, 0x1C, 0x3C, 0x07,
    0x06, 0x01, 0xE0, 0x00, 0x3C, 0x00, 0x0F, 0x00, 0x0F, 0xE0, 0x07, 0xFC, 0x01, 0xF7, 0x8F, 0xF0,
    0xF7, 0xBC, 0x1F, 0xCF, 0x07, 0xE3, 0xC0, 0xF0, 0xF0, 0x7E, 0x1C, 0x1F, 0xC7, 0xFF, 0x70, 0xFF,
    0x9E, 0x1F, 0x83, 0xC0, 0xFF, 0xEE, 0xEE, 0xEE, 0xE0, 0x00, 0x80, 0xE0, 0xF8, 0x7E, 0x3E, 0x0F,
    0x07, 0x81, 0xC0, 0xF0, 0x3C, 0x0E, 0x03, 0x80, 0xE0, 0x38, 0x0E, 0x03, 0x80, 0xE0, 0x38, 0x0E,
    0x03, 0xC0, 0xF0, 0x1C, 0x07, 0x80, 0xF0, 0x3E, 0x07, 0xE0, 0xF8, 0x0E, 0x00, 0x80, 0x80, 0x3C,
    0x0F, 0x83, 0xF0, 0x3E, 0x03, 0xC0, 0x70, 0x1E, 0x07, 0x80, 0xE0, 0x38, 0x0E, 0x03, 0x80, 0xE0,
    0x38, 0x0E, 0x03, 0x80, 0xE0, 0x38, 0x0E, 0x03, 0x81, 0xE0, 0x70, 0x3C, 0x1E, 0x1F, 0x0F, 0x83,
    0xC0, 0xC0, 0x00, 0x03, 0x80, 0x03, 0x80, 0x03, 0x80, 0x03, 0x80, 0xE3, 0x8E, 0xFF, 0xBE, 0xFF,
    0xFE, 0x3F, 0xF8, 0x07, 0xC0, 0x07, 0xE0, 0x0E, 0xF0, 0x1E, 0x70, 0x3C, 0x78, 0x38, 0x38, 0x18,
    0x10, 0x03, 0x80, 0x07, 0x00, 0x0E, 0x00, 0x1C, 0x00, 0x38, 0x0F, 0xFF, 0xDF, 0xFF, 0xBF, 0xFF,
    0x03, 0x80, 0x07, 0x00, 0x0E, 0x00, 0x1C, 0x00, 0x38, 0x00, 0x7B, 0xDE, 0xE7, 0x7B, 0xDC, 0xE0,
    0xFF, 0xBF, 0xFF, 0xFC, 0x7B, 0xEF, 0xBE, 0x78, 0x00, 0x38, 0x00, 0xE0, 0x07, 0x80, 0x1C, 0x00,
    0xF0, 0x03, 0xC0, 0x0E, 0x00, 0x78, 0x01, 0xC0, 0x0F, 0x00, 0x3C, 0x00, 0xE0, 0x07, 0x80, 0x1C,
    0x00, 0x70, 0x03, 0xC0, 0x0E, 0x00, 0x78, 0x01, 0xE0, 0x07, 0x00, 0x3C, 0x00, 0xE0, 0x03, 0x80,
    0x1E, 0x00, 0x70, 0x03, 0xC0, 0x0F, 0x00, 0x00, 0x1F, 0xC0, 0xFF, 0xC7, 0xFF, 0x3C, 0x1E, 0xF0,
    0x3B, 0x80, 0xEE, 0x03, 0xB8, 0x0E, 0xE0, 0x3B, 0x9C, 0xEE, 0x7B, 0xB9, 0xCE, 0xE0, 0x3B, 0x80,
    0xEE, 0x03, 0xB8, 0x0E, 0xF0, 0x3B, 0xC1, 0xE7, 0xFF, 0x0F, 0xFC, 0x1F, 0xC0, 0x0F, 0x80, 0x7E,
    0x03, 0xF8, 0x3E, 0xE0, 0xF3, 0x83, 0x8E, 0x08, 0x38, 0x00, 0xE0, 0x03, 0x80, 0x0E, 0x00, 0x38,
    0x00, 0xE0, 0x03, 0x80, 0x0E, 0x00, 0x38, 0x00, 0xE0, 0x03, 0x80, 0x0E, 0x0F, 0xFF, 0xFF, 0xFF,
    0xFF, 0xFC, 0x1F, 0xC0, 0xFF, 0xC7, 0xFF, 0x3C, 0x1E, 0xE0, 0x3B, 0x80, 0xE4, 0x03, 0x80, 0x0E,
    0x00, 0x78, 0x01, 0xC0, 0x0F, 0x00, 0x78, 0x03, 0xC0, 0x1E, 0x00, 0xF0, 0x07, 0x80, 0x3C, 0x01,
    0xE0, 0x0F, 0xFF, 0xBF, 0xFF, 0xFF, 0xFC, 0xFF, 0xFF, 0xFF, 0xDF, 0xFE, 0x01, 0xE0, 0x1E, 0x01,
    0xE0, 0x1E, 0x01, 0xE0, 0x0F, 0xE0, 0x7F, 0x80, 0x3C, 0x00, 0xF0, 0x03, 0x80, 0x1C, 0x00, 0xFC,
    0x07, 0xE0, 0x3F, 0x83, 0xDF, 0xFC, 0xFF, 0xC1, 0xFC, 0x00, 0x01, 0xE0, 0x1E, 0x00, 0xF0, 0x0F,
    0x00, 0x70, 0x07, 0x80, 0x78, 0x03, 0x80, 0x3C, 0x03, 0xC3, 0xDE, 0x1F, 0xE0, 0xFE, 0x07, 0xF0,
    0x3F, 0xFF, 0xFF, 0xFF, 0xFF, 0xF8, 0x03, 0xC0, 0x1E, 0x00, 0xF0, 0x07, 0x80, 0x7F, 0xFB, 0xFF,
    0xDF, 0xFC, 0xE0, 0x07, 0x00, 0x38, 0x01, 0xC0, 0x0F, 0xE0, 0x7F, 0xE3, 0xFF, 0x80, 0x7E, 0x00,
    0xF0, 0x03, 0x80, 0x1C, 0x00, 0xFC, 0x07, 0xE0, 0x3F, 0x83, 0xDF, 0xFC, 0x7F, 0xE1, 0xFC, 0x00,
    0x01, 0xE0, 0x07, 0x80, 0x0F, 0x00, 0x3C, 0x00, 0x70, 0x01, 0xE0, 0x03, 0x80, 0x0F, 0x00, 0x3F,
    0xF0, 0x7F, 0xF1, 0xF9, 0xF3, 0xC0, 0xE7, 0x01, 0xEE, 0x03, 0xDC, 0x03, 0xB8, 0x0F, 0x70, 0x1E,
    0xF0, 0x78, 0xFF, 0xF0, 0xFF, 0xC0, 0xFE, 0x00, 0xFF, 0xFF, 0xFF, 0xFF, 0xFF, 0xF8, 0x0F, 0xE0,
    0x3B, 0x81, 0xE0, 0x07, 0x80, 0x1C, 0x00, 0xF0, 0x03, 0x80, 0x1E, 0x00, 0x78, 0x01, 0xC0, 0x0F,
    0x00, 0x38, 0x01, 0xE0, 0x07, 0x80, 0x1C, 0x00, 0xF0, 0x03, 0x80, 0x1E, 0x00, 0x0F, 0xE0, 0x3F,
    0xF0, 0xFF, 0xE3, 0xC1, 0xE7, 0x81, 0xCF, 0x03, 0x9E, 0x07, 0x1C, 0x1E, 0x3F, 0xF8, 0x1F, 0xE0,
    0x7F, 0xE1, 0xF3, 0xE7, 0x81, 0xCE, 0x03, 0xDC, 0x07, 0xB8, 0x0F, 0x70, 0x1E, 0xF0, 0x78, 0xFF,
    0xF0, 0xFF, 0xC0, 0xFE, 0x00, 0x0F, 0xE0, 0x3F, 0xF0, 0xFF, 0xF3, 0xC1, 0xE7, 0x01, 0xEE, 0x03,
    0xDC, 0x03, 0xB8, 0x0F, 0x70, 0x1E, 0xF0, 0x78, 0xFF, 0xF1, 0xFF, 0xC0, 0xFF, 0x80, 0x0E, 0x00,
    0x3C, 0x00, 0xF0, 0x01, 0xE0, 0x07, 0x80, 0x0F, 0x00, 0x3C, 0x00, 0x70, 0x00, 0x7B, 0xEF, 0xBE,
    0x00, 0x00, 0x00, 0x00, 0x00, 0x00, 0x7B, 0xEF, 0xBE, 0x7C, 0xF9, 0xF3, 0xE0, 0x00, 0x00, 0x00,
    0x00, 0x00, 0x01, 0xE3, 0xC7, 0x0E, 0x3C, 0x78, 0xF1, 0xC3, 0x80, 0x00, 0x00, 0x00, 0xC0, 0x1E,
    0x03, 0xF0, 0x7E, 0x0F, 0xC1, 0xF8, 0x1F, 0x00, 0xF0, 0x07, 0xE0, 0x1F, 0xC0, 0x3F, 0x80, 0x7F,
    0x00, 0xFC, 0x01, 0xE0, 0x03, 0x00, 0x00, 0xFF, 0xFF, 0xFF, 0xFF, 0xFE, 0x00, 0x00, 0x00, 0x00,
    0x03, 0xFF, 0xFF, 0xFF, 0xFF, 0xF8, 0x00, 0x07, 0x00, 0x3E, 0x01, 0xFC, 0x03, 0xF8, 0x07, 0xF0,
    0x0F, 0xE0, 0x1F, 0x00, 0x38, 0x07, 0xC0, 0xFC, 0x1F, 0x83, 0xF0, 0x7E, 0x03, 0xC0, 0x18, 0x00,
    0x00, 0x00, 0xFF, 0x0F, 0xFC, 0x7F, 0xC0, 0x1E, 0x00, 0xE0, 0x0E, 0x00, 0xE0, 0x0E, 0x01, 0xE1,
    0xFE, 0x1F, 0xC1, 0xF8, 0x1C, 0x01, 0xC0, 0x1C, 0x00, 0x00, 0x00, 0x00, 0x00, 0x3C, 0x03, 0xE0,
    0x3C, 0x00, 0x0F, 0xF0, 0x1F, 0xF8, 0x3F, 0xFC, 0x78, 0x1E, 0x70, 0x0E, 0xF0, 0x0E, 0xE0, 0x67,
    0xE1, 0xFF, 0xE3, 0xFF, 0xE3, 0xDF, 0xE3, 0x8F, 0xE3, 0x87, 0xE3, 0x87, 0xE3, 0x87, 0xE3, 0x87,
    0xE3, 0x8F, 0xE3, 0xDE, 0xE3, 0xFE, 0xE1, 0xFC, 0xE0, 0x70, 0xF0, 0x00, 0x70, 0x00, 0x78, 0x00,
    0x3F, 0xF0, 0x1F, 0xF0, 0x0F, 0xF0, 0x07, 0xC0, 0x0F, 0x80, 0x1F, 0x00, 0x3F, 0x00, 0xFE, 0x01,
    0xDC, 0x03, 0xBC, 0x07, 0x38, 0x1E, 0x70, 0x38, 0xE0, 0x71, 0xE0, 0xE1, 0xC3, 0xC3, 0x87, 0xFF,
    0x0F, 0xFF, 0x1F, 0xFE, 0x78, 0x1C, 0xE0, 0x39, 0xC0, 0x7F, 0x80, 0x7F, 0x00, 0xE0, 0xFF, 0xC3,
    0xFF, 0xCF, 0xFF, 0x3C, 0x1E, 0xF0, 0x3B, 0xC0, 0xEF, 0x03, 0xBC, 0x1E, 0xF0, 0xF3, 0xFF, 0x8F,
    0xFE, 0x3F, 0xFC, 0xF0, 0x7B, 0xC0, 0xEF, 0x03, 0xFC, 0x0F, 0xF0, 0x3F, 0xC1, 0xEF, 0xFF, 0xBF,
    0xFC, 0xFF, 0xE0, 0x1F, 0xE0, 0xFF, 0xC7, 0xFF, 0x9E, 0x1E, 0xF0, 0x3B, 0xC0, 0xEF, 0x00, 0x3C,
    0x00, 0xF0, 0x03, 0xC0, 0x0F, 0x00, 0x3C, 0x00, 0xF0, 0x03, 0xC0, 0x0F, 0x00, 0x3C, 0x0E, 0xF0,
    0x39, 0xE1, 0xE7, 0xFF, 0x8F, 0xFC, 0x1F, 0xE0, 0xFF, 0xC7, 0xFF, 0x3F, 0xFD, 0xE0, 0xFF, 0x07,
    0xF8, 0x1F, 0xC0, 0xFE, 0x07, 0xF0, 0x3F, 0x81, 0xFC, 0x0F, 0xE0, 0x7F, 0x03, 0xF8, 0x1F, 0xC0,
    0xFE, 0x07, 0xF0, 0x7F, 0x83, 0xFF, 0xFD, 0xFF, 0xCF, 0xFC, 0x00, 0x7F, 0xF9, 0xFF, 0xE7, 0xFF,
    0x9C, 0x00, 0x70, 0x01, 0xC0, 0x07, 0x00, 0x1C, 0x00, 0x70, 0x01, 0xFF, 0xC7, 0xFF, 0x1F, 0xFC,
    0x70, 0x01, 0xC0, 0x07, 0x00, 0x1C, 0x00, 0x70, 0x01, 0xC0, 0x07, 0xFF, 0x9F, 0xFE, 0x7F, 0xF8,
    0xFF, 0xFF, 0xFF, 0xFF, 0xFF, 0xBC, 0x00, 0xF0, 0x03, 0xC0, 0x0F, 0x00, 0x3C, 0x00, 0xF0, 0x03,
    0xFF, 0xEF, 0xFF, 0xBF, 0xFE, 0xF0, 0x03, 0xC0, 0x0F, 0x00, 0x3C, 0x00, 0xF0, 0x03, 0xC0, 0x0F,
    0x00, 0x3C, 0x00, 0xF0, 0x00, 0x1F, 0xC0, 0xFF, 0xC7, 0xFF, 0x9C, 0x1E, 0xF0, 0x3B, 0xC0, 0xEF,
    0x00, 0x3C, 0x00, 0xF0, 0x03, 0xCF, 0xEF, 0x3F, 0xBC, 0xFE, 0xF0, 0x3B, 0xC0, 0xEF, 0x03, 0xBC,
    0x0E, 0xF0, 0x39, 0xC1, 0xE7, 0xFF, 0x0F, 0xFC, 0x1F, 0xC0, 0xF0, 0x3F, 0x81, 0xFC, 0x0F, 0xE0,
    0x7F, 0x03, 0xF8, 0x1F, 0xC0, 0xFE, 0x07, 0xF0, 0x3F, 0xFF, 0xFF, 0xFF, 0xFF, 0xFF, 0x03, 0xF8,
    0x1F, 0xC0, 0xFE, 0x07, 0xF0, 0x3F, 0x81, 0xFC, 0x0F, 0xE0, 0x7F, 0x03, 0x80, 0xFF, 0xFF, 0xFF,
    0xFF, 0xE0, 0xE0, 0x0E, 0x00, 0xE0, 0x0E, 0x00, 0xE0, 0x0E, 0x00, 0xE0, 0x0E, 0x00, 0xE0, 0x0E,
    0x00, 0xE0, 0x0E, 0x00, 0xE0, 0x0E, 0x00, 0xE0, 0xFF, 0xEF, 0xFF, 0xFF, 0xF0, 0x00, 0x3C, 0x00,
    0xF0, 0x03, 0xC0, 0x0F, 0x00, 0x3C, 0x00, 0xF0, 0x03, 0xC0, 0x0F, 0x00, 0x3C, 0x00, 0xF0, 0x03,
    0xC0, 0x0F, 0x00, 0x3C, 0x00, 0xFE, 0x03, 0xF8, 0x0F, 0xF0, 0x3F, 0xC1, 0xE7, 0xFF, 0x8F, 0xFC,
    0x1F, 0xE0, 0xF0, 0x3D, 0xE0, 0x7B, 0xC1, 0xE7, 0x83, 0xCF, 0x0F, 0x1E, 0x1C, 0x3C, 0x78, 0x78,
    0xE0, 0xF3, 0xC1, 0xFF, 0x03, 0xFE, 0x07, 0xFE, 0x0F, 0x1C, 0x1E, 0x3C, 0x3C, 0x38, 0x78, 0x78,
    0xF0, 0x71, 0xE0, 0xF3, 0xC0, 0xE7, 0x81, 0xEF, 0x01, 0xC0, 0xF0, 0x07, 0x80, 0x3C, 0x01, 0xE0,
    0x0F, 0x00, 0x78, 0x03, 0xC0, 0x1E, 0x00, 0xF0, 0x07, 0x80, 0x3C, 0x01, 0xE0, 0x0F, 0x00, 0x78,
    0x03, 0xC0, 0x1E, 0x00, 0xF0, 0x07, 0x80, 0x3F, 0xFF, 0xFF, 0xFF, 0xFF, 0x80, 0xF0, 0x7F, 0xE1,
    0xFF, 0x8F, 0xFE, 0x3F, 0xFC, 0xDF, 0xF7, 0x7E, 0xDF, 0xFB, 0xEF, 0xEF, 0xBF, 0xBE, 0xFE, 0x73,
    0xF9, 0xCF, 0xE0, 0x3F, 0x80, 0xFE, 0x03, 0xF8, 0x0F, 0xE0, 0x3F, 0x80, 0xFE, 0x03, 0xF8, 0x0F,
    0xE0, 0x3C, 0xF8, 0x3F, 0xC1, 0xFE, 0x0F, 0xF8, 0x7F, 0xC3, 0xFE, 0x1F, 0xB8, 0xFD, 0xC7, 0xEF,
    0x3F, 0xB9, 0xFD, 0xCF, 0xE7, 0x7F, 0x3B, 0xF9, 0xDF, 0xC7, 0xFE, 0x3F, 0xF1, 0xFF, 0x87, 0xFC,
    0x3F, 0xE1, 0xFF, 0x07, 0x80, 0x1F, 0xC1, 0xFF, 0x9F, 0xFC, 0xE0, 0xFF, 0x03, 0xF8, 0x1F, 0xC0,
    0xFE, 0x07, 0xF0, 0x3F, 0x81, 0xFC, 0x0F, 0xE0, 0x7F, 0x03, 0xF8, 0x1F, 0xC0, 0xFE, 0x07, 0xF0,
    0x3B, 0x83, 0xDF, 0xFC, 0x7F, 0xE1, 0xFC, 0x00, 0xFF, 0xE3, 0xFF, 0xCF, 0xFF, 0xBC, 0x0F, 0xF0,
    0x1F, 0xC0, 0x7F, 0x01, 0xFC, 0x07, 0xF0, 0x3F, 0xC3, 0xEF, 0xFF, 0xBF, 0xFC, 0xFF, 0x83, 0xC0,
    0x0F, 0x00, 0x3C, 0x00, 0xF0, 0x03, 0xC0, 0x0F, 0x00, 0x3C, 0x00, 0xF0, 0x00, 0x1F, 0xC0, 0xFF,
    0xC7, 0xFF, 0x3C, 0x1E, 0xF0, 0x3B, 0x80, 0xEE, 0x03, 0xB8, 0x0E, 0xE0, 0x3B, 0x80, 0xEE, 0x03,
    0xB8, 0x0E, 0xE0, 0x3B, 0x80, 0xEE, 0x03, 0xB8, 0x0E, 0xF0, 0x3B, 0xC1, 0xE7, 0xFF, 0x0F, 0xFC,
    0x1F, 0xC0, 0x07, 0x80, 0x0F, 0x00, 0x3C, 0x00, 0x78, 0x00, 0xE0, 0xFF, 0xE3, 0xFF, 0xCF, 0xFF,
    0xBC, 0x1E, 0xF0, 0x3F, 0xC0, 0xFF, 0x03, 0xFC, 0x0F, 0xF0, 0x7B, 0xFF, 0xEF, 0xFF, 0x3F, 0xF8,
    0xF1, 0xC3, 0xC7, 0x8F, 0x0E, 0x3C, 0x3C, 0xF0, 0xF3, 0xC1, 0xEF, 0x07, 0xBC, 0x0F, 0xF0, 0x3C,
    0x1F, 0xC0, 0xFF, 0x87, 0xFF, 0x1C, 0x1E, 0xF0, 0x3B, 0xC0, 0xEF, 0x00, 0x1C, 0x00, 0x7E, 0x00,
    0xFF, 0x01, 0xFF, 0x00, 0xFE, 0x00, 0x78, 0x00, 0xE0, 0x03, 0xF8, 0x0F, 0xE0, 0x3F, 0xC1, 0xE7,
    0xFF, 0x9F, 0xFC, 0x1F, 0xE0, 0xFF, 0xFF, 0xFF, 0xFD, 0xFF, 0xF8, 0x1C, 0x00, 0x38, 0x00, 0x70,
    0x00, 0xE0, 0x01, 0xC0, 0x03, 0x80, 0x07, 0x00, 0x0E, 0x00, 0x1C, 0x00, 0x38, 0x00, 0x70, 0x00,
    0xE0, 0x01, 0xC0, 0x03, 0x80, 0x07, 0x00, 0x0E, 0x00, 0x1C, 0x00, 0x38, 0x00, 0xF0, 0x3F, 0x81,
    0xFC, 0x0F, 0xE0, 0x7F, 0x03, 0xF8, 0x1F, 0xC0, 0xFE, 0x07, 0xF0, 0x3F, 0x81, 0xFC, 0x0F, 0xE0,
    0x7F, 0x03, 0xF8, 0x1F, 0xC0, 0xFE, 0x07, 0xF0, 0x3B, 0x83, 0xDF, 0xFC, 0x7F, 0xE1, 0xFC, 0x00,
    0xF0, 0x0F, 0xE0, 0x1D, 0xC0, 0x7B, 0x80, 0xE7, 0x81, 0xC7, 0x03, 0x8E, 0x0F, 0x1C, 0x1C, 0x3C,
    0x38, 0x38, 0x70, 0x71, 0xE0, 0xE3, 0x81, 0xE7, 0x01, 0xCE, 0x03, 0xBC, 0x07, 0x70, 0x0F, 0xE0,
    0x0F, 0xC0, 0x1F, 0x00, 0x3E, 0x00, 0x7C, 0x00, 0xE1, 0xE3, 0xF8, 0xF1, 0xDC, 0x78, 0xEE, 0x3C,
    0x77, 0x3E, 0x3B, 0x9F, 0x1D, 0xCF, 0x9C, 0xE7, 0xCE, 0x73, 0x77, 0x39, 0xBB, 0x9C, 0xDD, 0xC7,
    0xEE, 0xE3, 0xF3, 0x71, 0xF9, 0xB8, 0xFC, 0xD8, 0x7C, 0x7C, 0x3E, 0x3E, 0x1F, 0x1F, 0x0F, 0x8F,
    0x83, 0xC7, 0xC1, 0xE1, 0xE0, 0xF0, 0x1E, 0x78, 0x1C, 0x78, 0x3C, 0x3C, 0x38, 0x1C, 0x78, 0x1E,
    0x70, 0x0E, 0xF0, 0x0F, 0xE0, 0x07, 0xE0, 0x07, 0xC0, 0x03, 0xC0, 0x07, 0xC0, 0x07, 0xE0, 0x0F,
    0xE0, 0x1E, 0xF0, 0x1C, 0x78, 0x3C, 0x78, 0x38, 0x3C, 0x78, 0x3C, 0x70, 0x1E, 0xF0, 0x0E, 0xE0,
    0x0F, 0xF0, 0x0E, 0x70, 0x1E, 0x78, 0x1C, 0x38, 0x3C, 0x3C, 0x38, 0x1C, 0x78, 0x1E, 0x70, 0x0E,
    0xF0, 0x0F, 0xE0, 0x07, 0xE0, 0x07, 0xC0, 0x03, 0xC0, 0x03, 0x80, 0x03, 0x80, 0x03, 0x80, 0x03,
    0x80, 0x03, 0x80, 0x03, 0x80, 0x03, 0x80, 0x03, 0x80, 0xFF, 0xFF, 0xFF, 0xDF, 0xFE, 0x00, 0xF0,
    0x0F, 0x00, 0x70, 0x07, 0x80, 0x38, 0x03, 0xC0, 0x3C, 0x01, 0xC0, 0x1E, 0x00, 0xE0, 0x0F, 0x00,
    0xF0, 0x07, 0x00, 0x78, 0x03, 0x80, 0x3F, 0xFF, 0xFF, 0xFF, 0xFF, 0x80, 0x7F, 0x3F, 0x9F, 0xCE,
    0x07, 0x03, 0x81, 0xC0, 0xE0, 0x70, 0x38, 0x1C, 0x0E, 0x07, 0x03, 0x81, 0xC0, 0xE0, 0x70, 0x38,
    0x1C, 0x0E, 0x07, 0x03, 0x81, 0xC0, 0xE0, 0x7F, 0x3F, 0x9F, 0xC0, 0xF0, 0x03, 0xC0, 0x07, 0x00,
    0x1E, 0x00, 0x38, 0x00, 0xE0, 0x03, 0xC0, 0x07, 0x00, 0x1E, 0x00, 0x78, 0x00, 0xE0, 0x03, 0xC0,
    0x07, 0x00, 0x1C, 0x00, 0x78, 0x00, 0xE0, 0x03, 0xC0, 0x0F, 0x00, 0x1C, 0x00, 0x78, 0x00, 0xE0,
    0x03, 0xC0, 0x0F, 0x00, 0x1C, 0x00, 0x78, 0x00, 0xE0, 0x03, 0x80, 0xFF, 0xFF, 0xFF, 0x0F, 0x0F,
    0x0F, 0x0F, 0x0F, 0x0F, 0x0F, 0x0F, 0x0F, 0x0F, 0x0F, 0x0F, 0x0F, 0x0F, 0x0F, 0x0F, 0x0F, 0x0F,
    0x0F, 0x0F, 0x0F, 0xFF, 0xFF, 0xFF, 0x07, 0x80, 0x3E, 0x00, 0xFC, 0x07, 0x70, 0x1D, 0xC0, 0x73,
    0x83, 0x8E, 0x0E, 0x1C, 0x70, 0x71, 0xC0, 0xEE, 0x03, 0x80, 0x7F, 0xFF, 0xFF, 0xFF, 0xFF, 0xF8,
    0x70, 0xF0, 0xF0, 0xF0, 0x0F, 0xF0, 0x7F, 0xE3, 0xFF, 0x9E, 0x0F, 0x00, 0x1C, 0x00, 0x71, 0xFF,
    0xCF, 0xFF, 0x7F, 0xFD, 0xC0, 0x77, 0x01, 0xDC, 0x07, 0x78, 0x3D, 0xFF, 0xF3, 0xFF, 0xC7, 0xF7,
    0xF0, 0x07, 0x80, 0x3C, 0x01, 0xE0, 0x0F, 0x00, 0x7B, 0xF3, 0xFF, 0xDF, 0xFF, 0xF8, 0x7F, 0x81,
    0xFC, 0x0F, 0xE0, 0x7F, 0x03, 0xF8, 0x1F, 0xC0, 0xFE, 0x07, 0xF0, 0x3F, 0xC3, 0xFF, 0xFF, 0xFF,
    0xEF, 0x7E, 0x00, 0x1F, 0xE0, 0xFF, 0xC7, 0xFF, 0x9C, 0x1E, 0xF0, 0x3B, 0xC0, 0xEF, 0x00, 0x3C,
    0x00, 0xF0, 0x03, 0xC0, 0x0F, 0x03, 0xBC, 0x0E, 0x70, 0x79, 0xFF, 0xE3, 0xFF, 0x07, 0xF8, 0x00,
    0x38, 0x01, 0xC0, 0x0E, 0x00, 0x70, 0x03, 0x8F, 0xDC, 0xFF, 0xEF, 0xFF, 0xF0, 0x7F, 0x83, 0xFC,
    0x0F, 0xE0, 0x7F, 0x03, 0xF8, 0x1F, 0xC0, 0xFE, 0x07, 0xF0, 0x7F, 0x83, 0xDF, 0xFE, 0x7F, 0xF1,
    0xFB, 0x80, 0x1F, 0xC1, 0xFF, 0x9F, 0xFC, 0xE0, 0xFF, 0x03, 0xF0, 0x1F, 0xFF, 0xFF, 0xFF, 0xFF,
    0xFF, 0x00, 0x38, 0x01, 0xE0, 0x77, 0x07, 0xBF, 0xFC, 0xFF, 0xC3, 0xF8, 0x01, 0xFE, 0x07, 0xFC,
    0x1F, 0xF0, 0x38, 0x00, 0x70, 0x00, 0xE0, 0x01, 0xC0, 0x3F, 0xFE, 0xFF, 0xFF, 0xFF, 0xFC, 0x1C,
    0x00, 0x38, 0x00, 0x70, 0x00, 0xE0, 0x01, 0xC0, 0x03, 0x80, 0x07, 0x00, 0x0E, 0x00, 0x1C, 0x00,
    0x38, 0x00, 0x70, 0x00, 0x1F, 0xB9, 0xFF, 0xDF, 0xFE, 0xE0, 0xFF, 0x07, 0xF8, 0x1F, 0xC0, 0xFE,
    0x07, 0xF0, 0x3F, 0x81, 0xFC, 0x1E, 0xE0, 0xF7, 0xFF, 0x9F, 0xFC, 0x7E, 0xE0, 0x07, 0x00, 0x38,
    0x03, 0xC7, 0xFC, 0x7F, 0xE3, 0xFE, 0x00, 0xF0, 0x07, 0x80, 0x3C, 0x01, 0xE0, 0x0F, 0x00, 0x7B,
    0xF3, 0xFF, 0xDF, 0xFF, 0xF8, 0x7F, 0x81, 0xFC, 0x0F, 0xE0, 0x7F, 0x03, 0xF8, 0x1F, 0xC0, 0xFE,
    0x07, 0xF0, 0x3F, 0x81, 0xFC, 0x0F, 0xE0, 0x7F, 0x03, 0x80, 0x07, 0x80, 0x0F, 0x00, 0x1E, 0x00,
    0x3C, 0x00, 0x00, 0x00, 0x00, 0x00, 0x00, 0x3F, 0xC0, 0x7F, 0x80, 0xFF, 0x00, 0x0E, 0x00, 0x1C,
    0x00, 0x38, 0x00, 0x70, 0x00, 0xE0, 0x01, 0xC0, 0x03, 0x80, 0x07, 0x00, 0x0E, 0x00, 0x1C, 0x0F,
    0xFF, 0xDF, 0xFF, 0xBF, 0xFF, 0x00, 0x01, 0xE0, 0x1E, 0x01, 0xE0, 0x1E, 0x00, 0x00, 0x00, 0x00,
    0x0F, 0xFE, 0xFF, 0xEF, 0xFE, 0x00, 0xE0, 0x0E, 0x00, 0xE0, 0x0E, 0x00, 0xE0, 0x0E, 0x00, 0xE0,
    0x0E, 0x00, 0xE0, 0x0E, 0x00, 0xE0, 0x0E, 0x00, 0xE0, 0x1E, 0x01, 0xE7, 0xFC, 0xFF, 0x8F, 0xF0,
    0xF0, 0x01, 0xE0, 0x03, 0xC0, 0x07, 0x80, 0x0F, 0x00, 0x1E, 0x07, 0xBC, 0x0E, 0x78, 0x3C, 0xF0,
    0xF1, 0xE1, 0xC3, 0xC7, 0x87, 0xFE, 0x0F, 0xF8, 0x1F, 0xF8, 0x3C, 0xF0, 0x78, 0xF0, 0xF0, 0xF1,
    0xE1, 0xE3, 0xC1, 0xE7, 0x81, 0xEF, 0x03, 0xC0, 0xFF, 0x80, 0xFF, 0x80, 0x7F, 0x80, 0x03, 0x80,
    0x03, 0x80, 0x03, 0x80, 0x03, 0x80, 0x03, 0x80, 0x03, 0x80, 0x03, 0x80, 0x03, 0x80, 0x03, 0x80,
    0x03, 0x80, 0x03, 0x80, 0x03, 0x80, 0x03, 0x80, 0x03, 0x80, 0x03, 0xC0, 0x03, 0xFF, 0x01, 0xFF,
    0x00, 0xFF, 0xEF, 0x7D, 0xFF, 0xFB, 0xFF, 0xFF, 0x9C, 0x7F, 0x38, 0xFE, 0x71, 0xFC, 0xE3, 0xF9,
    0xC7, 0xF3, 0x8F, 0xE7, 0x1F, 0xCE, 0x3F, 0x9C, 0x7F, 0x38, 0xFE, 0x71, 0xFC, 0xE3, 0xF9, 0xC7,
    0xF7, 0xE7, 0xFF, 0xBF, 0xFF, 0xF0, 0xFF, 0x03, 0xF8, 0x1F, 0xC0, 0xFE, 0x07, 0xF0, 0x3F, 0x81,
    0xFC, 0x0F, 0xE0, 0x7F, 0x03, 0xF8, 0x1F, 0xC0, 0xFE, 0x07, 0x1F, 0xC1, 0xFF, 0x9F, 0xFC, 0xE0,
    0xFF, 0x03, 0xF0, 0x1F, 0x80, 0xFC, 0x07, 0xE0, 0x3F, 0x01, 0xF8, 0x0F, 0xE0, 0x77, 0x07, 0xBF,
    0xF8, 0xFF, 0xC3, 0xF8, 0xF7, 0xE7, 0xFF, 0xBF, 0xFF, 0xF0, 0xFF, 0x03, 0xF8, 0x1F, 0xC0, 0xFE,
    0x07, 0xF0, 0x3F, 0x81, 0xFC, 0x0F, 0xE0, 0x7F, 0x87, 0xFF, 0xFF, 0xFF, 0xDE, 0xFC, 0xF0, 0x07,
    0x80, 0x3C, 0x01, 0xE0, 0x0F, 0x00, 0x00, 0x1F, 0xB9, 0xFF, 0xDF, 0xFF, 0xE0, 0xFF, 0x07, 0xF8,
    0x1F, 0xC0, 0xFE, 0x07, 0xF0, 0x3F, 0x81, 0xFC, 0x0F, 0xE0, 0xFF, 0x07, 0xBF, 0xFC, 0xFF, 0xE3,
    0xF7, 0x00, 0x38, 0x01, 0xC0, 0x0E, 0x00, 0x70, 0x03, 0x80, 0xEF, 0xC7, 0xFF, 0x3F, 0xFD, 0xE0,
    0xEE, 0x07, 0xF0, 0x3F, 0x81, 0xFC, 0x00, 0xE0, 0x07, 0x00, 0x38, 0x01, 0xC0, 0x0E, 0x00, 0x70,
    0x03, 0x80, 0x1C, 0x00, 0x3F, 0xE3, 0xFF, 0x9F, 0xFF, 0xE0, 0xFF, 0x03, 0x78, 0x01, 0xFE, 0x0F,
    0xFE, 0x1F, 0xF0, 0x07, 0xC0, 0x0F, 0xC0, 0x7F, 0x03, 0xBF, 0xFD, 0xFF, 0xC7, 0xFC, 0x07, 0x00,
    0x0E, 0x00, 0x1C, 0x00, 0x38, 0x0F, 0xFF, 0xDF, 0xFF, 0xBF, 0xFF, 0x03, 0x80, 0x07, 0x00, 0x0E,
    0x00, 0x1C, 0x00, 0x38, 0x00, 0x70, 0x00, 0xE0, 0x01, 0xC0, 0x03, 0x80, 0x07, 0x00, 0x0F, 0xF8,
    0x1F, 0xF0, 0x1F, 0xE0, 0xF0, 0x3F, 0x81, 0xFC, 0x0F, 0xE0, 0x7F, 0x03, 0xF8, 0x1F, 0xC0, 0xFE,
    0x07, 0xF0, 0x3F, 0x81, 0xFC, 0x0F, 0xE0, 0x77, 0x07, 0xBF, 0xF8, 0xFF, 0x83, 0xF8, 0xF0, 0x0E,
    0xE0, 0x3D, 0xE0, 0x73, 0xC0, 0xE3, 0x83, 0xC7, 0x87, 0x0F, 0x0E, 0x0E, 0x3C, 0x1E, 0x70, 0x3C,
    0xE0, 0x3B, 0xC0, 0x77, 0x00, 0xFE, 0x00, 0xFC, 0x01, 0xF0, 0x03, 0xE0, 0x71, 0xC3, 0xB8, 0xF1,
    0xDC, 0x78, 0xCE, 0x7C, 0xE7, 0x3E, 0x73, 0x9F, 0x38, 0xCD, 0xDC, 0x76, 0xEE, 0x3B, 0x76, 0x1F,
    0xBB, 0x0F, 0xCF, 0x87, 0xE7, 0xC1, 0xE3, 0xE0, 0xF1, 0xF0, 0x78, 0xF0, 0x3C, 0x78, 0x78, 0x1E,
    0xF0, 0x78, 0xF0, 0xE0, 0xF3, 0xC1, 0xEF, 0x01, 0xFC, 0x01, 0xF8, 0x03, 0xE0, 0x07, 0xC0, 0x1F,
    0xC0, 0x3F, 0xC0, 0xF3, 0x83, 0xC7, 0x87, 0x87, 0x9E, 0x0F, 0x78, 0x0F, 0xF0, 0x0E, 0xE0, 0x3D,
    0xE0, 0x71, 0xC1, 0xE3, 0x83, 0xC7, 0x87, 0x07, 0x1E, 0x0F, 0x38, 0x0E, 0x70, 0x1D, 0xE0, 0x3F,
    0x80, 0x3F, 0x00, 0x7C, 0x00, 0x78, 0x00, 0xF0, 0x01, 0xC0, 0x03, 0x80, 0x0F, 0x00, 0x1C, 0x00,
    0x78, 0x00, 0xE0, 0x00, 0xFF, 0xFF, 0xFF, 0xDF, 0xFE, 0x01, 0xE0, 0x1E, 0x00, 0xF0, 0x0F, 0x00,
    0xF0, 0x0F, 0x00, 0xF0, 0x07, 0x00, 0x78, 0x07, 0x80, 0x7F, 0xFF, 0xFF, 0xFF, 0xFF, 0x00, 0xF8,
    0x0F, 0xC0, 0xFE, 0x07, 0x00, 0x38, 0x01, 0xC0, 0x0E, 0x00, 0x70, 0x03, 0x80, 0x1C, 0x00, 0xE0,
    0x07, 0x0F, 0xF8, 0x7F, 0x03, 0xFC, 0x00, 0xF0, 0x03, 0x80, 0x1C, 0x00, 0xE0, 0x07, 0x00, 0x38,
    0x01, 0xC0, 0x0E, 0x00, 0x70, 0x03, 0xF8, 0x1F, 0xC0, 0x3E, 0xFF, 0xFF, 0xFF, 0xFF, 0xFF, 0xFF,
    0xFF, 0xFF, 0xFF, 0xFF, 0x80, 0xFC, 0x03, 0xF8, 0x07, 0xE0, 0x03, 0xC0, 0x0F, 0x00, 0x3C, 0x00,
    0xF0, 0x03, 0x80, 0x0E, 0x00, 0x38, 0x00, 0xE0, 0x03, 0x80, 0x0F, 0xF8, 0x1F, 0xF0, 0x7F, 0xC3,
    0xC0, 0x0E, 0x00, 0x38, 0x00, 0xE0, 0x03, 0x80, 0x0F, 0x00, 0x3C, 0x00, 0xF0, 0x03, 0xC0, 0x7F,
    0x03, 0xF8, 0x0F, 0xC0, 0x00, 0x7C, 0x1F, 0xF8, 0x7F, 0xF3, 0xF9, 0xFF, 0xE3, 0xFB, 0x87, 0xC0,
    0x7F, 0xDE, 0x00, 0x01, 0xCE, 0x73, 0x9C, 0xE7, 0x39, 0xCE, 0x7B, 0xDE, 0xF7, 0x80, 0x03, 0x00,
    0x0C, 0x00, 0x30, 0x00, 0xC0, 0x1F, 0xE0, 0xFF, 0xC7, 0xFF, 0x9C, 0xCE, 0xF3, 0x3B, 0xCC, 0x6F,
    0x30, 0x3C, 0xC0, 0xF3, 0x03, 0xCC, 0x0F, 0x31, 0xBC, 0xCE, 0x73, 0x39, 0xFF, 0xE3, 0xFF, 0x07,
    0xF8, 0x07, 0x80, 0x0C, 0x00, 0x30, 0x00, 0xC0, 0x1F, 0xC0, 0xFF, 0xC7, 0xFF, 0xBC, 0x1E, 0xF0,
    0x3B, 0xC0, 0xEF, 0x00, 0x1C, 0x00, 0x78, 0x00, 0xE0, 0x0F, 0xFE, 0x3F, 0xF8, 0xFF, 0xE0, 0x70,
    0x01, 0xC0, 0x0F, 0x00, 0x78, 0x03, 0xE0, 0x0F, 0xFF, 0xFF, 0xFF, 0xFF, 0xFC, 0x60, 0x04, 0xF0,
    0x0E, 0xFF, 0xFE, 0x7F, 0xFE, 0x3F, 0xFC, 0x38, 0x38, 0x38, 0x1C, 0x70, 0x1C, 0x70, 0x1C, 0x38,
    0x1C, 0x38, 0x38, 0x3F, 0xFC, 0x7F, 0xFC, 0xFF, 0xFE, 0x70, 0x0E, 0x20, 0x04, 0xE0, 0x0F, 0xF0,
    0x0E, 0x70, 0x1E, 0x78, 0x1C, 0x38, 0x3C, 0x3C, 0x38, 0x1C, 0x78, 0x1E, 0x70, 0x0E, 0xF0, 0x0F,
    0xE0, 0x07, 0xE0, 0xFF, 0xFE, 0xFF, 0xFE, 0x7F, 0xFE, 0x03, 0x80, 0xFF, 0xFE, 0xFF, 0xFE, 0x7F,
    0xFE, 0x03, 0x80, 0x03, 0x80, 0x03, 0x80, 0xFF, 0xFF, 0xFF, 0xFF, 0x80, 0x00, 0xFF, 0xFF, 0xFF,
    0xFF, 0x80, 0x1F, 0xE1, 0xFF, 0xC7, 0xFF, 0xBC, 0x0E, 0xF0, 0x03, 0xC0, 0x07, 0x80, 0x1F, 0xE0,
    0x3F, 0xE1, 0xFF, 0xC7, 0x07, 0xBC, 0x0E, 0xF0, 0x3B, 0xC0, 0xE7, 0x87, 0x9F, 0xFC, 0x3F, 0xE0,
    0x3F, 0xE0, 0x0F, 0x80, 0x0E, 0x00, 0x3F, 0xC0, 0xEF, 0x8F, 0x9F, 0xFE, 0x3F, 0xE0, 0x3E, 0x00,
    0x71, 0xFF, 0x3F, 0xE7, 0xB8, 0xF0, 0x00, 0x00, 0x0F, 0xF0, 0x3F, 0xF8, 0x78, 0x1C, 0x60, 0x0E,
    0xE7, 0xC6, 0xCF, 0xE6, 0xCE, 0x76, 0xCE, 0x76, 0xCC, 0x06, 0xCC, 0x06, 0xCC, 0x06, 0xCE, 0x76,
    0xCE, 0xF6, 0xE7, 0xE6, 0x63, 0xCE, 0x70, 0x1C, 0x3F, 0xF8, 0x1F, 0xF0, 0x03, 0x80, 0x7E, 0xE6,
    0x07, 0x7F, 0xFF, 0xC7, 0xEF, 0x7F, 0x03, 0xCF, 0x03, 0xC7, 0x83, 0xC7, 0x83, 0xC7, 0x83, 0xC7,
    0x81, 0xC3, 0x81, 0xE3, 0x80, 0xF1, 0xE0, 0x38, 0xF0, 0x1E, 0x3C, 0x07, 0x8F, 0x01, 0xE3, 0xC0,
    0x78, 0xF0, 0x1E, 0x78, 0x7F, 0xFB, 0xFF, 0xDF, 0xFE, 0x00, 0x70, 0x03, 0x80, 0x1C, 0x00, 0xE0,
    0x0F, 0xF0, 0x3F, 0xF8, 0x70, 0x1C, 0x60, 0x0E, 0xEF, 0xC6, 0xCF, 0xE6, 0xCE, 0x66, 0xCE, 0x76,
    0xCE, 0xE6, 0xCF, 0xE6, 0xCF, 0xC6, 0xCE, 0xE6, 0xCE, 0xE6, 0xEE, 0x66, 0x6C, 0x6E, 0x70, 0x1C,
    0x3C, 0x78, 0x1F, 0xF0, 0x01, 0x00, 0xFF, 0xBF, 0xFF, 0xFC, 0x3F, 0x1F, 0xEF, 0x3B, 0x86, 0xE1,
    0xBC, 0xE7, 0xF8, 0xFC, 0x03, 0x80, 0x07, 0x00, 0x0E, 0x00, 0x1C, 0x00, 0x38, 0x00, 0x70, 0x1F,
    0xFF, 0xBF, 0xFF, 0x7F, 0xFE, 0x07, 0x00, 0x0E, 0x00, 0x1C, 0x00, 0x38, 0x00, 0x70, 0x00, 0xE0,
    0x3F, 0xFF, 0x7F, 0xFE, 0x3F, 0x1F, 0xEF, 0x3B, 0x86, 0x41, 0x80, 0xE0, 0x78, 0x3C, 0x1E, 0x0E,
    0x0F, 0x03, 0xFF, 0xFF, 0xC0, 0xFF, 0xBF, 0xE0, 0x78, 0x3C, 0x1E, 0x07, 0xC1, 0xF8, 0x0F, 0xC1,
    0xF8, 0x7F, 0x39, 0xFE, 0x3F, 0x00, 0x1E, 0x79, 0xE3, 0x80, 0xF0, 0x3F, 0x81, 0xFC, 0x0F, 0xE0,
    0x7F, 0x03, 0xF8, 0x1F, 0xC0, 0xFE, 0x07, 0xF0, 0x3F, 0x81, 0xFC, 0x0F, 0xE0, 0xFF, 0x87, 0xFF,
    0xFF, 0xFF, 0xFF, 0xF7, 0xF0, 0x07, 0x80, 0x3C, 0x01, 0xE0, 0x0F, 0x00, 0x00, 0x1F, 0x9C, 0xFE,
    0x77, 0xF9, 0xDF, 0xE7, 0x7F, 0x9D, 0xFE, 0x77, 0xF9, 0xDF, 0xE7, 0x7F, 0x9D, 0xFE, 0x73, 0xF9,
    0xC7, 0xE7, 0x03, 0x9C, 0x0E, 0x70, 0x39, 0xC0, 0xE7, 0x03, 0x9C, 0x0E, 0x70, 0x39, 0xC0, 0xE7,
    0x03, 0x9C, 0x0E, 0x70, 0x39, 0xC0, 0xE7, 0x03, 0x9C, 0x0E, 0x70, 0x7B, 0xEF, 0xBE, 0x78, 0x30,
    0x61, 0xF0, 0xF0, 0xEF, 0xDF, 0x00, 0x3E, 0x1F, 0x8F, 0xE3, 0x38, 0x0E, 0x03, 0x80, 0xE0, 0x38,
    0x0E, 0x03, 0x80, 0xE3, 0xFF, 0xFF, 0xC0, 0x7C, 0xEE, 0xC6, 0xC6, 0xC6, 0xC6, 0xEE, 0x7C, 0xF1,
    0xE0, 0x78, 0xF0, 0x38, 0xF0, 0x3C, 0x78, 0x1E, 0x3C, 0x0F, 0x1E, 0x07, 0x8F, 0x07, 0x8F, 0x0F,
    0x1E, 0x1E, 0x3C, 0x3C, 0x78, 0x3C, 0xF0, 0x78, 0xF0, 0xF1, 0xE0, 0x3C, 0x03, 0x9F, 0x01, 0xE7,
    0xC0, 0x71, 0x30, 0x38, 0x0C, 0x1E, 0x03, 0x0F, 0x00, 0xC3, 0x81, 0xFD, 0xC0, 0xFF, 0xF0, 0x1F,
    0xF8, 0x00, 0x1C, 0x00, 0x0F, 0x38, 0x03, 0x9C, 0x01, 0xC7, 0x00, 0xF3, 0x80, 0x39, 0xCC, 0x1C,
    0x73, 0x0E, 0x3F, 0xC7, 0x8F, 0xF1, 0xC1, 0xFC, 0xE0, 0x03, 0x00, 0x1C, 0x03, 0x8F, 0x01, 0xE7,
    0xC0, 0x71, 0xB0, 0x38, 0x0C, 0x1E, 0x03, 0x07, 0x00, 0xC3, 0x80, 0x31, 0xE0, 0x7F, 0xF0, 0x1F,
    0xF8, 0x00, 0x1C, 0x00, 0x0F, 0x00, 0x03, 0xBE, 0x01, 0xDF, 0xC0, 0xF6, 0x38, 0x38, 0x0E, 0x1C,
    0x07, 0x0F, 0x03, 0xC3, 0x83, 0xC1, 0xC1, 0xE0, 0xF0, 0x7F, 0xB0, 0x1F, 0xC0, 0x3E, 0x01, 0x9F,
    0xC0, 0xE7, 0xF0, 0x78, 0x38, 0x1C, 0x1C, 0x0E, 0x07, 0xC7, 0x00, 0xF3, 0xC0, 0x0C, 0xE0, 0xFF,
    0x70, 0x1F, 0xFC, 0x01, 0xCE, 0x00, 0x07, 0x00, 0x03, 0xCE, 0x00, 0xE7, 0x00, 0x71, 0xC0, 0x3C,
    0xE0, 0x0E, 0x73, 0x07, 0x1C, 0xC3, 0x8F, 0xF1, 0xE3, 0xFC, 0x70, 0x7F, 0x38, 0x00, 0xC0, 0x07,
    0x80, 0xF8, 0x1E, 0x00, 0x00, 0x00, 0x00, 0x01, 0xE0, 0x3C, 0x07, 0x83, 0xF0, 0xFE, 0x3F, 0x0F,
    0x01, 0xE0, 0x38, 0x07, 0x00, 0xF0, 0x0E, 0x01, 0xFF, 0x9F, 0xF1, 0xFE, 0x1E, 0x00, 0x1E, 0x00,
    0x1E, 0x00, 0x1E, 0x00, 0x00, 0x00, 0x00, 0x01, 0xF0, 0x03, 0xE0, 0x07, 0xC0, 0x0F, 0xC0, 0x3F,
    0x80, 0x77, 0x00, 0xEF, 0x01, 0xCE, 0x07, 0x9C, 0x0E, 0x38, 0x1C, 0x78, 0x38, 0x70, 0xF0, 0xE1,
    0xFF, 0xC3, 0xFF, 0xC7, 0xFF, 0x9E, 0x07, 0x38, 0x0E, 0x70, 0x1F, 0xE0, 0x1F, 0xC0, 0x38, 0x00,
    0xF0, 0x03, 0xC0, 0x07, 0x00, 0x1E, 0x00, 0x00, 0x00, 0x00, 0x01, 0xF0, 0x03, 0xE0, 0x07, 0xC0,
    0x0F, 0xC0, 0x3F, 0x80, 0x77, 0x00, 0xEF, 0x01, 0xCE, 0x07, 0x9C, 0x0E, 0x38, 0x1C, 0x78, 0x38,
    0x70, 0xF0, 0xE1, 0xFF, 0xC3, 0xFF, 0xC7, 0xFF, 0x9E, 0x07, 0x38, 0x0E, 0x70, 0x1F, 0xE0, 0x1F,
    0xC0, 0x38, 0x07, 0xC0, 0x1F, 0xC0, 0x7B, 0xC1, 0xE3, 0xC0, 0x00, 0x00, 0x00, 0x01, 0xF0, 0x03,
    0xE0, 0x07, 0xC0, 0x0F, 0xC0, 0x3F, 0x80, 0x77, 0x00, 0xEF, 0x01, 0xCE, 0x07, 0x9C, 0x0E, 0x38,
    0x1C, 0x78, 0x38, 0x70, 0xF0, 0xE1, 0xFF, 0xC3, 0xFF, 0xC7, 0xFF, 0x9E, 0x07, 0x38, 0x0E, 0x70,
    0x1F, 0xE0, 0x1F, 0xC0, 0x38, 0x0F, 0x38, 0x3F, 0x70, 0x7F, 0xC0, 0xCF, 0x80, 0x00, 0x00, 0x00,
    0x01, 0xF0, 0x03, 0xE0, 0x07, 0xC0, 0x0F, 0xC0, 0x3F, 0x80, 0x77, 0x00, 0xEF, 0x01, 0xCE, 0x07,
    0x9C, 0x0E, 0x38, 0x1C, 0x78, 0x38, 0x70, 0xF0, 0xE1, 0xFF, 0xC3, 0xFF, 0xC7, 0xFF, 0x9E, 0x07,
    0x38, 0x0E, 0x70, 0x1F, 0xE0, 0x1F, 0xC0, 0x38, 0x1C, 0x78, 0x7C, 0xF0, 0xF9, 0xE0, 0xE3, 0xC0,
    0x00, 0x00, 0x00, 0x01, 0xF0, 0x03, 0xE0, 0x07, 0xC0, 0x0F, 0xC0, 0x3F, 0x80, 0x77, 0x00, 0xEF,
    0x01, 0xCE, 0x07, 0x9C, 0x0E, 0x38, 0x1C, 0x78, 0x38, 0x70, 0xF0, 0xE1, 0xFF, 0xC3, 0xFF, 0xC7,
    0xFF, 0x9E, 0x07, 0x38, 0x0E, 0x70, 0x1F, 0xE0, 0x1F, 0xC0, 0x38, 0x07, 0xC0, 0x1F, 0xC0, 0x3B,
    0x80, 0x63, 0x80, 0xE6, 0x01, 0xFC, 0x01, 0xF0, 0x00, 0x00, 0x07, 0xC0, 0x0F, 0x80, 0x1F, 0x00,
    0x3F, 0x00, 0xFE, 0x01, 0xDC, 0x03, 0xBC, 0x07, 0x38, 0x1E, 0x70, 0x38, 0xE0, 0x71, 0xE0, 0xE1,
    0xC3, 0xC3, 0x87, 0xFF, 0x0F, 0xFF, 0x1F, 0xFE, 0x78, 0x1C, 0xE0, 0x39, 0xC0, 0x7F, 0x80, 0x7F,
    0x00, 0xE0, 0x07, 0xFF, 0x87, 0xFF, 0xC3, 0xFF, 0xE1, 0xDE, 0x00, 0xEF, 0x00, 0x77, 0x80, 0x7B,
    0xC0, 0x3D, 0xE0, 0x1C, 0xF0, 0x0E, 0x7F, 0x87, 0x3F, 0xC7, 0x9F, 0xE3, 0xCF, 0x01, 0xFF, 0x80,
    0xFF, 0xC0, 0x7F, 0xE0, 0x78, 0xF0, 0x3C, 0x78, 0x1C, 0x3F, 0xEE, 0x1F, 0xF7, 0x0F, 0xF8, 0x1F,
    0xE0, 0xFF, 0xC7, 0xFF, 0x9E, 0x1E, 0xF0, 0x3B, 0xC0, 0xEF, 0x00, 0x3C, 0x00, 0xF0, 0x03, 0xC0,
    0x0F, 0x00, 0x3C, 0x00, 0xF0, 0x03, 0xC0, 0x0F, 0x00, 0x3C, 0x0E, 0xF0, 0x39, 0xE1, 0xE7, 0xFF,
    0x8F, 0xFC, 0x1F, 0xE0, 0x18, 0x00, 0xF8, 0x00, 0x70, 0x01, 0xC0, 0x3F, 0x00, 0xF8, 0x00, 0x1C,
    0x00, 0x78, 0x00, 0xF0, 0x01, 0xE0, 0x00, 0x00, 0x00, 0x07, 0xFF, 0x9F, 0xFE, 0x7F, 0xF9, 0xC0,
    0x07, 0x00, 0x1C, 0x00, 0x70, 0x01, 0xC0, 0x07, 0x00, 0x1F, 0xFC, 0x7F, 0xF1, 0xFF, 0xC7, 0x00,
    0x1C, 0x00, 0x70, 0x01, 0xC0, 0x07, 0x00, 0x1C, 0x00, 0x7F, 0xF9, 0xFF, 0xE7, 0xFF, 0x80, 0x00,
    0xE0, 0x07, 0x00, 0x3C, 0x01, 0xE0, 0x00, 0x00, 0x00, 0x07, 0xFF, 0x9F, 0xFE, 0x7F, 0xF9, 0xC0,
    0x07, 0x00, 0x1C, 0x00, 0x70, 0x01, 0xC0, 0x07, 0x00, 0x1F, 0xFC, 0x7F, 0xF1, 0xFF, 0xC7, 0x00,
    0x1C, 0x00, 0x70, 0x01, 0xC0, 0x07, 0x00, 0x1C, 0x00, 0x7F, 0xF9, 0xFF, 0xE7, 0xFF, 0x80, 0x07,
    0x80, 0x3F, 0x01, 0xFE, 0x0F, 0x3C, 0x00, 0x00, 0x00, 0x07, 0xFF, 0x9F, 0xFE, 0x7F, 0xF9, 0xC0,
    0x07, 0x00, 0x1C, 0x00, 0x70, 0x01, 0xC0, 0x07, 0x00, 0x1F, 0xFC, 0x7F, 0xF1, 0xFF, 0xC7, 0x00,
    0x1C, 0x00, 0x70, 0x01, 0xC0, 0x07, 0x00, 0x1C, 0x00, 0x7F, 0xF9, 0xFF, 0xE7, 0xFF, 0x80, 0x38,
    0xF0, 0xF3, 0xC3, 0xCF, 0x0E, 0x3C, 0x00, 0x00, 0x00, 0x07, 0xFF, 0x9F, 0xFE, 0x7F, 0xF9, 0xC0,
    0x07, 0x00, 0x1C, 0x00, 0x70, 0x01, 0xC0, 0x07, 0x00, 0x1F, 0xFC, 0x7F, 0xF1, 0xFF, 0xC7, 0x00,
    0x1C, 0x00, 0x70, 0x01, 0xC0, 0x07, 0x00, 0x1C, 0x00, 0x7F, 0xF9, 0xFF, 0xE7, 0xFF, 0x80, 0x78,
    0x03, 0xC0, 0x1E, 0x00, 0xF0, 0x00, 0x00, 0x00, 0xFF, 0xFF, 0xFF, 0xFF, 0xE0, 0xE0, 0x0E, 0x00,
    0xE0, 0x0E, 0x00, 0xE0, 0x0E, 0x00, 0xE0, 0x0E, 0x00, 0xE0, 0x0E, 0x00, 0xE0, 0x0E, 0x00, 0xE0,
    0x0E, 0x00, 0xE0, 0xFF, 0xEF, 0xFF, 0xFF, 0xF0, 0x03, 0xC0, 0x78, 0x07, 0x00, 0xF0, 0x00, 0x00,
    0x00, 0xFF, 0xFF, 0xFF, 0xFF, 0xE0, 0xE0, 0x0E, 0x00, 0xE0, 0x0E, 0x00, 0xE0, 0x0E, 0x00, 0xE0,
    0x0E, 0x00, 0xE0, 0x0E, 0x00, 0xE0, 0x0E, 0x00, 0xE0, 0x0E, 0x00, 0xE0, 0xFF, 0xEF, 0xFF, 0xFF,
    0xF0, 0x1F, 0x03, 0xF8, 0x7B, 0xCF, 0x1E, 0x00, 0x00, 0x00, 0xFF, 0xFF, 0xFF, 0xFF, 0xE0, 0xE0,
    0x0E, 0x00, 0xE0, 0x0E, 0x00, 0xE0, 0x0E, 0x00, 0xE0, 0x0E, 0x00, 0xE0, 0x0E, 0x00, 0xE0, 0x0E,
    0x00, 0xE0, 0x0E, 0x00, 0xE0, 0xFF, 0xEF, 0xFF, 0xFF, 0xF0, 0x71, 0xEF, 0x9E, 0xF9, 0xE7, 0x1E,
    0x00, 0x00, 0x00, 0xFF, 0xFF, 0xFF, 0xFF, 0xE0, 0xE0, 0x0E, 0x00, 0xE0, 0x0E, 0x00, 0xE0, 0x0E,
    0x00, 0xE0, 0x0E, 0x00, 0xE0, 0x0E, 0x00, 0xE0, 0x0E, 0x00, 0xE0, 0x0E, 0x00, 0xE0, 0xFF, 0xEF,
    0xFF, 0xFF, 0xF0, 0x3F, 0xF0, 0x7F, 0xF0, 0xFF, 0xF1, 0xE0, 0xF3, 0xC1, 0xE7, 0x81, 0xCF, 0x03,
    0x9E, 0x07, 0x3C, 0x0F, 0xFF, 0x1F, 0xFE, 0x3F, 0xF8, 0x73, 0xC0, 0xE7, 0x81, 0xCF, 0x03, 0x9E,
    0x07, 0x3C, 0x1E, 0x78, 0x3C, 0xFF, 0xF1, 0xFF, 0xC3, 0xFF, 0x00, 0x1E, 0x71, 0xFB, 0x8F, 0xF8,
    0x67, 0xC0, 0x00, 0x00, 0x03, 0xE0, 0xFF, 0x07, 0xF8, 0x3F, 0xE1, 0xFF, 0x0F, 0xF8, 0x7E, 0xE3,
    0xF7, 0x1F, 0xBC, 0xFE, 0xE7, 0xF7, 0x3F, 0x9D, 0xFC, 0xEF, 0xE7, 0x7F, 0x1F, 0xF8, 0xFF, 0xC7,
    0xFE, 0x1F, 0xF0, 0xFF, 0x87, 0xFC, 0x1E, 0x3C, 0x00, 0xF0, 0x03, 0xC0, 0x0F, 0x00, 0x00, 0x00,
    0x00, 0x7F, 0x07, 0xFE, 0x7F, 0xF3, 0x83, 0xFC, 0x0F, 0xE0, 0x7F, 0x03, 0xF8, 0x1F, 0xC0, 0xFE,
    0x07, 0xF0, 0x3F, 0x81, 0xFC, 0x0F, 0xE0, 0x7F, 0x03, 0xF8, 0x1F, 0xC0, 0xEE, 0x0F, 0x7F, 0xF1,
    0xFF, 0x87, 0xF0, 0x01, 0xE0, 0x1E, 0x00, 0xE0, 0x0F, 0x00, 0x00, 0x00, 0x00, 0x7F, 0x07, 0xFE,
    0x7F, 0xF3, 0x83, 0xFC, 0x0F, 0xE0, 0x7F, 0x03, 0xF8, 0x1F, 0xC0, 0xFE, 0x07, 0xF0, 0x3F, 0x81,
    0xFC, 0x0F, 0xE0, 0x7F, 0x03, 0xF8, 0x1F, 0xC0, 0xEE, 0x0F, 0x7F, 0xF1, 0xFF, 0x87, 0xF0, 0x0F,
    0x80, 0xFE, 0x0F, 0x78, 0xF1, 0xE0, 0x00, 0x00, 0x00, 0x7F, 0x07, 0xFE, 0x7F, 0xF3, 0x83, 0xFC,
    0x0F, 0xE0, 0x7F, 0x03, 0xF8, 0x1F, 0xC0, 0xFE, 0x07, 0xF0, 0x3F, 0x81, 0xFC, 0x0F, 0xE0, 0x7F,
    0x03, 0xF8, 0x1F, 0xC0, 0xEE, 0x0F, 0x7F, 0xF1, 0xFF, 0x87, 0xF0, 0x1E, 0x71, 0xFB, 0x8F, 0xF8,
    0x67, 0xC0, 0x00, 0x00, 0x00, 0x7F, 0x07, 0xFE, 0x7F, 0xF3, 0x83, 0xFC, 0x0F, 0xE0, 0x7F, 0x03,
    0xF8, 0x1F, 0xC0, 0xFE, 0x07, 0xF0, 0x3F, 0x81, 0xFC, 0x0F, 0xE0, 0x7F, 0x03, 0xF8, 0x1F, 0xC0,
    0xEE, 0x0F, 0x7F, 0xF1, 0xFF, 0x87, 0xF0, 0x38, 0xF3, 0xE7, 0x9F, 0x3C, 0x71, 0xE0, 0x00, 0x00,
    0x00, 0x7F, 0x07, 0xFE, 0x7F, 0xF3, 0x83, 0xFC, 0x0F, 0xE0, 0x7F, 0x03, 0xF8, 0x1F, 0xC0, 0xFE,
    0x07, 0xF0, 0x3F, 0x81, 0xFC, 0x0F, 0xE0, 0x7F, 0x03, 0xF8, 0x1F, 0xC0, 0xEE, 0x0F, 0x7F, 0xF1,
    0xFF, 0x87, 0xF0, 0x00, 0x0E, 0x06, 0xF0, 0xE7, 0x9E, 0x3F, 0xC1, 0xF8, 0x1F, 0x01, 0xF8, 0x3F,
    0xC7, 0x9E, 0xF0, 0xEE, 0x06, 0x00, 0x00, 0x00, 0x07, 0x0F, 0xEE, 0x1F, 0xFE, 0x3F, 0xFC, 0x38,
    0x3C, 0x78, 0x3C, 0x78, 0x7C, 0x78, 0x7C, 0x78, 0xFC, 0x79, 0xFC, 0x79, 0xDC, 0x7B, 0xDC, 0x7B,
    0x9C, 0x7F, 0x1C, 0x7F, 0x1C, 0x7E, 0x1C, 0x7E, 0x1C, 0x7C, 0x1C, 0x38, 0x3C, 0x3F, 0xF8, 0x7F,
    0xF8, 0xFF, 0xE0, 0xE0, 0x00, 0x3C, 0x00, 0xF0, 0x03, 0xC0, 0x0F, 0x00, 0x00, 0x00, 0x03, 0xC0,
    0xFE, 0x07, 0xF0, 0x3F, 0x81, 0xFC, 0x0F, 0xE0, 0x7F, 0x03, 0xF8, 0x1F, 0xC0, 0xFE, 0x07, 0xF0,
    0x3F, 0x81, 0xFC, 0x0F, 0xE0, 0x7F, 0x03, 0xF8, 0x1F, 0xC0, 0xEE, 0x0F, 0x7F, 0xF1, 0xFF, 0x87,
    0xF0, 0x01, 0xE0, 0x1E, 0x00, 0xE0, 0x0F, 0x00, 0x00, 0x00, 0x03, 0xC0, 0xFE, 0x07, 0xF0, 0x3F,
    0x81, 0xFC, 0x0F, 0xE0, 0x7F, 0x03, 0xF8, 0x1F, 0xC0, 0xFE, 0x07, 0xF0, 0x3F, 0x81, 0xFC, 0x0F,
    0xE0, 0x7F, 0x03, 0xF8, 0x1F, 0xC0, 0xEE, 0x0F, 0x7F, 0xF1, 0xFF, 0x87, 0xF0, 0x0F, 0x80, 0xFE,
    0x0F, 0x78, 0xF1, 0xE0, 0x00, 0x00, 0x03, 0xC0, 0xFE, 0x07, 0xF0, 0x3F, 0x81, 0xFC, 0x0F, 0xE0,
    0x7F, 0x03, 0xF8, 0x1F, 0xC0, 0xFE, 0x07, 0xF0, 0x3F, 0x81, 0xFC, 0x0F, 0xE0, 0x7F, 0x03, 0xF8,
    0x1F, 0xC0, 0xEE, 0x0F, 0x7F, 0xF1, 0xFF, 0x87, 0xF0, 0x38, 0xF3, 0xE7, 0x9F, 0x3C, 0x71, 0xE0,
    0x00, 0x00, 0x03, 0xC0, 0xFE, 0x07, 0xF0, 0x3F, 0x81, 0xFC, 0x0F, 0xE0, 0x7F, 0x03, 0xF8, 0x1F,
    0xC0, 0xFE, 0x07, 0xF0, 0x3F, 0x81, 0xFC, 0x0F, 0xE0, 0x7F, 0x03, 0xF8, 0x1F, 0xC0, 0xEE, 0x0F,
    0x7F, 0xF1, 0xFF, 0x87, 0xF0, 0x00, 0xF0, 0x01, 0xE0, 0x01, 0xC0, 0x03, 0xC0, 0x00, 0x00, 0x00,
    0x00, 0xE0, 0x0F, 0xF0, 0x0E, 0x70, 0x1E, 0x78, 0x1C, 0x38, 0x3C, 0x3C, 0x38, 0x1C, 0x78, 0x1E,
    0x70, 0x0E, 0xF0, 0x0F, 0xE0, 0x07, 0xE0, 0x07, 0xC0, 0x03, 0xC0, 0x03, 0x80, 0x03, 0x80, 0x03,
    0x80, 0x03, 0x80, 0x03, 0x80, 0x03, 0x80, 0x03, 0x80, 0x03, 0x80, 0xF0, 0x03, 0xC0, 0x0F, 0x00,
    0x3C, 0x00, 0xFF, 0x83, 0xFF, 0xCF, 0xFF, 0xBC, 0x3F, 0xF0, 0x3F, 0xC0, 0x7F, 0x01, 0xFC, 0x07,
    0xF0, 0x3F, 0xFF, 0xEF, 0xFF, 0xBF, 0xF8, 0xF0, 0x03, 0xC0, 0x0F, 0x00, 0x3C, 0x00, 0xF0, 0x00,
    0x1F, 0xC0, 0xFF, 0xC7, 0xFF, 0x1E, 0x1E, 0xF0, 0x3B, 0xC0, 0xEF, 0x03, 0xBC, 0x1E, 0xF0, 0xF3,
    0xDF, 0x8F, 0x7F, 0x3D, 0xFE, 0xF0, 0x7B, 0xC0, 0xFF, 0x03, 0xFC, 0x0F, 0xF0, 0x3F, 0xC1, 0xEF,
    0x7F, 0xBD, 0xFC, 0xF7, 0xE0, 0x0E, 0x00, 0x3C, 0x00, 0x78, 0x00, 0xF0, 0x00, 0x00, 0x00, 0x00,
    0xFF, 0x07, 0xFE, 0x3F, 0xF9, 0xE0, 0xF0, 0x01, 0xC0, 0x07, 0x1F, 0xFC, 0xFF, 0xF7, 0xFF, 0xDC,
    0x07, 0x70, 0x1D, 0xC0, 0x77, 0x83, 0xDF, 0xFF, 0x3F, 0xFC, 0x7F, 0x70, 0x00, 0xF0, 0x03, 0x80,
    0x1C, 0x00, 0xF0, 0x00, 0x00, 0x00, 0x00, 0xFF, 0x07, 0xFE, 0x3F, 0xF9, 0xE0, 0xF0, 0x01, 0xC0,
    0x07, 0x1F, 0xFC, 0xFF, 0xF7, 0xFF, 0xDC, 0x07, 0x70, 0x1D, 0xC0, 0x77, 0x83, 0xDF, 0xFF, 0x3F,
    0xFC, 0x7F, 0x70, 0x03, 0xC0, 0x1F, 0x80, 0xFF, 0x07, 0x9E, 0x00, 0x00, 0x00, 0x00, 0xFF, 0x07,
    0xFE, 0x3F, 0xF9, 0xE0, 0xF0, 0x01, 0xC0, 0x07, 0x1F, 0xFC, 0xFF, 0xF7, 0xFF, 0xDC, 0x07, 0x70,
    0x1D, 0xC0, 0x77, 0x83, 0xDF, 0xFF, 0x3F, 0xFC, 0x7F, 0x70, 0x0F, 0x38, 0x7E, 0xE1, 0xFF, 0x86,
    0x3C, 0x00, 0x00, 0x00, 0x00, 0x00, 0x03, 0xFC, 0x1F, 0xF8, 0xFF, 0xE7, 0x83, 0xC0, 0x07, 0x00,
    0x1C, 0x7F, 0xF3, 0xFF, 0xDF, 0xFF, 0x70, 0x1D, 0xC0, 0x77, 0x01, 0xDE, 0x0F, 0x7F, 0xFC, 0xFF,
    0xF1, 0xFD, 0xC0, 0x1C, 0x78, 0xF9, 0xE3, 0xE7, 0x87, 0x1E, 0x00, 0x00, 0x00, 0x00, 0x00, 0x03,
    0xFC, 0x1F, 0xF8, 0xFF, 0xE7, 0x83, 0xC0, 0x07, 0x00, 0x1C, 0x7F, 0xF3, 0xFF, 0xDF, 0xFF, 0x70,
    0x1D, 0xC0, 0x77, 0x01, 0xDE, 0x0F, 0x7F, 0xFC, 0xFF, 0xF1, 0xFD, 0xC0, 0x03, 0xC0, 0x1F, 0x80,
    0xEF, 0x03, 0x9C, 0x0E, 0x70, 0x1F, 0x80, 0x7C, 0x00, 0x00, 0x0F, 0xF0, 0x7F, 0xE3, 0xFF, 0x9E,
    0x0F, 0x00, 0x1C, 0x00, 0x71, 0xFF, 0xCF, 0xFF, 0x7F, 0xFD, 0xC0, 0x77, 0x01, 0xDC, 0x07, 0x78,
    0x3D, 0xFF, 0xF3, 0xFF, 0xC7, 0xF7, 0x1F, 0x3E, 0x1F, 0xFF, 0x9F, 0xFF, 0xCE, 0x38, 0xF0, 0x1C,
    0x38, 0x0E, 0x1C, 0x7F, 0xFE, 0x7F, 0xFF, 0x7F, 0xFF, 0x38, 0xE0, 0x1C, 0x70, 0x0E, 0x38, 0x67,
    0x1E, 0x7B, 0xFF, 0xF8, 0xFF, 0xFC, 0x3E, 0x7C, 0x1F, 0xE0, 0xFF, 0xC7, 0xFF, 0x9C, 0x1E, 0xF0,
    0x3B, 0xC0, 0xEF, 0x00, 0x3C, 0x00, 0xF0, 0x03, 0xC0, 0x0F, 0x03, 0xBC, 0x0E, 0x70, 0x79, 0xFF,
    0xE3, 0xFF, 0x07, 0xF8, 0x06, 0x00, 0x3E, 0x00, 0x1C, 0x00, 0x70, 0x0F, 0xC0, 0x3E, 0x00, 0x3C,
    0x00, 0xF0, 0x03, 0xC0, 0x0F, 0x00, 0x00, 0x00, 0x00, 0x7F, 0x07, 0xFE, 0x7F, 0xF3, 0x83, 0xFC,
    0x0F, 0xC0, 0x7F, 0xFF, 0xFF, 0xFF, 0xFF, 0xFC, 0x00, 0xE0, 0x07, 0x81, 0xDC, 0x1E, 0xFF, 0xF3,
    0xFF, 0x0F, 0xE0, 0x01, 0xE0, 0x1E, 0x00, 0xE0, 0x0F, 0x00, 0x00, 0x00, 0x00, 0x7F, 0x07, 0xFE,
    0x7F, 0xF3, 0x83, 0xFC, 0x0F, 0xC0, 0x7F, 0xFF, 0xFF, 0xFF, 0xFF, 0xFC, 0x00, 0xE0, 0x07, 0x81,
    0xDC, 0x1E, 0xFF, 0xF3, 0xFF, 0x0F, 0xE0, 0x0F, 0x80, 0xFE, 0x0F, 0x78, 0xF1, 0xE0, 0x00, 0x00,
    0x00, 0x7F, 0x07, 0xFE, 0x7F, 0xF3, 0x83, 0xFC, 0x0F, 0xC0, 0x7F, 0xFF, 0xFF, 0xFF, 0xFF, 0xFC,
    0x00, 0xE0, 0x07, 0x81, 0xDC, 0x1E, 0xFF, 0xF3, 0xFF, 0x0F, 0xE0, 0x38, 0xF3, 0xE7, 0x9F, 0x3C,
    0x71, 0xE0, 0x00, 0x00, 0x00, 0x00, 0x03, 0xF8, 0x3F, 0xF3, 0xFF, 0x9C, 0x1F, 0xE0, 0x7E, 0x03,
    0xFF, 0xFF, 0xFF, 0xFF, 0xFF, 0xE0, 0x07, 0x00, 0x3C, 0x0E, 0xE0, 0xF7, 0xFF, 0x9F, 0xF8, 0x7F,
    0x00, 0x1E, 0x00, 0x1C, 0x00, 0x3C, 0x00, 0x3C, 0x00, 0x00, 0x00, 0x00, 0x1F, 0xE0, 0x3F, 0xC0,
    0x7F, 0x80, 0x07, 0x00, 0x0E, 0x00, 0x1C, 0x00, 0x38, 0x00, 0x70, 0x00, 0xE0, 0x01, 0xC0, 0x03,
    0x80, 0x07, 0x00, 0x0E, 0x07, 0xFF, 0xEF, 0xFF, 0xDF, 0xFF, 0x80, 0x00, 0xE0, 0x03, 0xC0, 0x0F,
    0x00, 0x3C, 0x00, 0x00, 0x00, 0x00, 0x1F, 0xE0, 0x3F, 0xC0, 0x7F, 0x80, 0x07, 0x00, 0x0E, 0x00,
    0x1C, 0x00, 0x38, 0x00, 0x70, 0x00, 0xE0, 0x01, 0xC0, 0x03, 0x80, 0x07, 0x00, 0x0E, 0x07, 0xFF,
    0xEF, 0xFF, 0xDF, 0xFF, 0x80, 0x07, 0x80, 0x1F, 0x80, 0x7F, 0x81, 0xE7, 0x80, 0x00, 0x00, 0x00,
    0x1F, 0xE0, 0x3F, 0xC0, 0x7F, 0x80, 0x07, 0x00, 0x0E, 0x00, 0x1C, 0x00, 0x38, 0x00, 0x70, 0x00,
    0xE0, 0x01, 0xC0, 0x03, 0x80, 0x07, 0x00, 0x0E, 0x07, 0xFF, 0xEF, 0xFF, 0xDF, 0xFF, 0x80, 0x3C,
    0x70, 0x79, 0xE0, 0xF3, 0xC1, 0xE3, 0x80, 0x00, 0x00, 0x00, 0x00, 0x00, 0x3F, 0xC0, 0x7F, 0x80,
    0xFF, 0x00, 0x0E, 0x00, 0x1C, 0x00, 0x38, 0x00, 0x70, 0x00, 0xE0, 0x01, 0xC0, 0x03, 0x80, 0x07,
    0x00, 0x0E, 0x00, 0x1C, 0x0F, 0xFF, 0xDF, 0xFF, 0xBF, 0xFF, 0x00, 0x00, 0x00, 0x79, 0xC1, 0xFF,
    0x03, 0xF8, 0x3F, 0x81, 0xFE, 0x07, 0x1C, 0x10, 0x78, 0x00, 0xE0, 0x7F, 0xC3, 0xFF, 0x9F, 0xFE,
    0xF0, 0x7B, 0x80, 0xFE, 0x03, 0xF8, 0x0F, 0xE0, 0x3F, 0x80, 0xEF, 0x07, 0x9F, 0xFC, 0x3F, 0xF0,
    0x7F, 0x00, 0x1E, 0x71, 0xFB, 0x8F, 0xFC, 0x63, 0xC0, 0x00, 0x00, 0x00, 0x00, 0x1E, 0xFC, 0xFF,
    0xF7, 0xFF, 0xFE, 0x1F, 0xE0, 0x7F, 0x03, 0xF8, 0x1F, 0xC0, 0xFE, 0x07, 0xF0, 0x3F, 0x81, 0xFC,
    0x0F, 0xE0, 0x7F, 0x03, 0xF8, 0x1F, 0xC0, 0xE0, 0x3C, 0x00, 0xF0, 0x03, 0xC0, 0x0F, 0x00, 0x00,
    0x00, 0x00, 0x7F, 0x07, 0xFE, 0x7F, 0xF3, 0x83, 0xFC, 0x0F, 0xC0, 0x7E, 0x03, 0xF0, 0x1F, 0x80,
    0xFC, 0x07, 0xE0, 0x3F, 0x81, 0xDC, 0x1E, 0xFF, 0xE3, 0xFF, 0x0F, 0xE0, 0x01, 0xE0, 0x1E, 0x00,
    0xE0, 0x0F, 0x00, 0x00, 0x00, 0x00, 0x7F, 0x07, 0xFE, 0x7F, 0xF3, 0x83, 0xFC, 0x0F, 0xC0, 0x7E,
    0x03, 0xF0, 0x1F, 0x80, 0xFC, 0x07, 0xE0, 0x3F, 0x81, 0xDC, 0x1E, 0xFF, 0xE3, 0xFF, 0x0F, 0xE0,
    0x0F, 0x80, 0xFE, 0x0F, 0x78, 0xF1, 0xE0, 0x00, 0x00, 0x00, 0x7F, 0x07, 0xFE, 0x7F, 0xF3, 0x83,
    0xFC, 0x0F, 0xC0, 0x7E, 0x03, 0xF0, 0x1F, 0x80, 0xFC, 0x07, 0xE0, 0x3F, 0x81, 0xDC, 0x1E, 0xFF,
    0xE3, 0xFF, 0x0F, 0xE0, 0x1E, 0x71, 0xFB, 0x8F, 0xF8, 0x67, 0xC0, 0x00, 0x00, 0x00, 0x00, 0x03,
    0xF8, 0x3F, 0xF3, 0xFF, 0x9C, 0x1F, 0xE0, 0x7E, 0x03, 0xF0, 0x1F, 0x80, 0xFC, 0x07, 0xE0, 0x3F,
    0x01, 0xFC, 0x0E, 0xE0, 0xF7, 0xFF, 0x1F, 0xF8, 0x7F, 0x00, 0x38, 0xF3, 0xE7, 0x9F, 0x3C, 0x71,
    0xE0, 0x00, 0x00, 0x00, 0x00, 0x03, 0xF8, 0x3F, 0xF3, 0xFF, 0x9C, 0x1F, 0xE0, 0x7E, 0x03, 0xF0,
    0x1F, 0x80, 0xFC, 0x07, 0xE0, 0x3F, 0x01, 0xFC, 0x0E, 0xE0, 0xF7, 0xFF, 0x1F, 0xF8, 0x7F, 0x00,
    0x07, 0x80, 0x7C, 0x03, 0xE0, 0x0F, 0x00, 0x00, 0x00, 0x00, 0x00, 0x0F, 0xFF, 0x7F, 0xFB, 0xFF,
    0xC0, 0x00, 0x00, 0x00, 0x78, 0x07, 0xC0, 0x3E, 0x00, 0xF0, 0x00, 0x0E, 0x0F, 0xFE, 0x1F, 0xFC,
    0x3F, 0xF8, 0x38, 0x7C, 0x78, 0x7C, 0x70, 0xFC, 0x71, 0xDC, 0x73, 0xDC, 0x73, 0x9C, 0x77, 0x1C,
    0x7F, 0x1C, 0x7E, 0x1C, 0x3C, 0x3C, 0x3F, 0xF8, 0x7F, 0xF8, 0xFF, 0xE0, 0xE0, 0x00, 0x3C, 0x00,
    0xF0, 0x03, 0xC0, 0x0F, 0x00, 0x00, 0x00, 0x03, 0xC0, 0xFE, 0x07, 0xF0, 0x3F, 0x81, 0xFC, 0x0F,
    0xE0, 0x7F, 0x03, 0xF8, 0x1F, 0xC0, 0xFE, 0x07, 0xF0, 0x3F, 0x81, 0xDC, 0x1E, 0xFF, 0xE3, 0xFE,
    0x0F, 0xE0, 0x01, 0xE0, 0x1E, 0x00, 0xE0, 0x0F, 0x00, 0x00, 0x00, 0x03, 0xC0, 0xFE, 0x07, 0xF0,
    0x3F, 0x81, 0xFC, 0x0F, 0xE0, 0x7F, 0x03, 0xF8, 0x1F, 0xC0, 0xFE, 0x07, 0xF0, 0x3F, 0x81, 0xDC,
    0x1E, 0xFF, 0xE3, 0xFE, 0x0F, 0xE0, 0x0F, 0x80, 0xFE, 0x0F, 0x78, 0xF1, 0xE0, 0x00, 0x00, 0x03,
    0xC0, 0xFE, 0x07, 0xF0, 0x3F, 0x81, 0xFC, 0x0F, 0xE0, 0x7F, 0x03, 0xF8, 0x1F, 0xC0, 0xFE, 0x07,
    0xF0, 0x3F, 0x81, 0xDC, 0x1E, 0xFF, 0xE3, 0xFE, 0x0F, 0xE0, 0x38, 0xF3, 0xE7, 0x9F, 0x3C, 0x71,
    0xE0, 0x00, 0x00, 0x00, 0x00, 0x1E, 0x07, 0xF0, 0x3F, 0x81, 0xFC, 0x0F, 0xE0, 0x7F, 0x03, 0xF8,
    0x1F, 0xC0, 0xFE, 0x07, 0xF0, 0x3F, 0x81, 0xFC, 0x0E, 0xE0, 0xF7, 0xFF, 0x1F, 0xF0, 0x7F, 0x00,
    0x00, 0xF0, 0x03, 0xC0, 0x07, 0x00, 0x1E, 0x00, 0x00, 0x00, 0x00, 0x3C, 0x03, 0xB8, 0x0F, 0x78,
    0x1C, 0x70, 0x78, 0xE0, 0xF1, 0xE1, 0xC1, 0xC7, 0x83, 0xCE, 0x03, 0x9C, 0x07, 0x78, 0x0F, 0xE0,
    0x0F, 0xC0, 0x1F, 0x00, 0x1E, 0x00, 0x3C, 0x00, 0x70, 0x00, 0xE0, 0x03, 0xC0, 0x07, 0x00, 0x1E,
    0x00, 0x38, 0x00, 0xF0, 0x07, 0x80, 0x3C, 0x01, 0xE0, 0x0F, 0x00, 0x7B, 0xF3, 0xFF, 0xDF, 0xFE,
    0xF0, 0x7F, 0x81, 0xFC, 0x0F, 0xE0, 0x7F, 0x03, 0xF8, 0x1F, 0xC0, 0xFE, 0x07, 0xF0, 0x3F, 0x83,
    0xFF, 0xFD, 0xFF, 0xEF, 0xFE, 0x78, 0x03, 0xC0, 0x1E, 0x00, 0xF0, 0x07, 0x80, 0x00, 0x1C, 0x78,
    0x7C, 0xF0, 0xF9, 0xE0, 0xE3, 0xC0, 0x00, 0x00, 0x00, 0x00, 0x00, 0x78, 0x07, 0x70, 0x1E, 0xF0,
    0x38, 0xE0, 0xF1, 0xC1, 0xE3, 0xC3, 0x83, 0x8F, 0x07, 0x9C, 0x07, 0x38, 0x0E, 0xF0, 0x1F, 0xC0,
    0x1F, 0x80, 0x3E, 0x00, 0x3C, 0x00, 0x78, 0x00, 0xE0, 0x01, 0xC0, 0x07, 0x80, 0x0E, 0x00, 0x3C,
    0x00, 0x70, 0x00, 0x1F, 0xF0, 0x3F, 0xF0, 0x7F, 0xE0, 0x00, 0x00, 0x00, 0x00, 0x00, 0x01, 0xF0,
    0x03, 0xE0, 0x07, 0xC0, 0x0F, 0xC0, 0x3F, 0x80, 0x77, 0x00, 0xEF, 0x01, 0xCE, 0x07, 0x9C, 0x0E,
    0x38, 0x1C, 0x78, 0x38, 0x70, 0xF0, 0xE1, 0xFF, 0xC3, 0xFF, 0xC7, 0xFF, 0x9E, 0x07, 0x38, 0x0E,
    0x70, 0x1F, 0xE0, 0x1F, 0xC0, 0x38, 0x1F, 0xF8, 0x7F, 0xE1, 0xFF, 0x80, 0x00, 0x00, 0x00, 0x00,
    0x00, 0xFF, 0x07, 0xFE, 0x3F, 0xF9, 0xE0, 0xF0, 0x01, 0xC0, 0x07, 0x1F, 0xFC, 0xFF, 0xF7, 0xFF,
    0xDC, 0x07, 0x70, 0x1D, 0xC0, 0x77, 0x83, 0xDF, 0xFF, 0x3F, 0xFC, 0x7F, 0x70, 0x1C, 0x38, 0x38,
    0xE0, 0x3F, 0xC0, 0x3F, 0x00, 0x00, 0x00, 0x00, 0x01, 0xF0, 0x03, 0xE0, 0x07, 0xC0, 0x0F, 0xC0,
    0x3F, 0x80, 0x77, 0x00, 0xEF, 0x01, 0xCE, 0x07, 0x9C, 0x0E, 0x38, 0x1C, 0x78, 0x38, 0x70, 0xF0,
    0xE1, 0xFF, 0xC3, 0xFF, 0xC7, 0xFF, 0x9E, 0x07, 0x38, 0x0E, 0x70, 0x1F, 0xE0, 0x1F, 0xC0, 0x38,
    0x1C, 0x38, 0x79, 0xE0, 0xFF, 0x01, 0xF8, 0x00, 0x00, 0x00, 0x00, 0xFF, 0x07, 0xFE, 0x3F, 0xF9,
    0xE0, 0xF0, 0x01, 0xC0, 0x07, 0x1F, 0xFC, 0xFF, 0xF7, 0xFF, 0xDC, 0x07, 0x70, 0x1D, 0xC0, 0x77,
    0x83, 0xDF, 0xFF, 0x3F, 0xFC, 0x7F, 0x70, 0x07, 0xC0, 0x07, 0xC0, 0x07, 0xC0, 0x07, 0xE0, 0x0F,
    0xE0, 0x0E, 0xE0, 0x0E, 0xF0, 0x0E, 0x70, 0x1E, 0x70, 0x1C, 0x70, 0x1C, 0x78, 0x1C, 0x38, 0x3C,
    0x38, 0x3F, 0xF8, 0x3F, 0xFC, 0x3F, 0xFC, 0x78, 0x1C, 0x70, 0x1C, 0x70, 0x1E, 0xF0, 0x0E, 0xF0,
    0x0E, 0x00, 0x1C, 0x00, 0x38, 0x00, 0x38, 0x00, 0x3F, 0x00, 0x3F, 0x00, 0x1F, 0x0F, 0xF0, 0x1F,
    0xF8, 0x3F, 0xF8, 0x78, 0x3C, 0x00, 0x1C, 0x00, 0x1C, 0x1F, 0xFC, 0x3F, 0xFC, 0x7F, 0xFC, 0x70,
    0x1C, 0x70, 0x1C, 0x70, 0x1C, 0x78, 0x3C, 0x7F, 0xFC, 0x3F, 0xFC, 0x1F, 0xDC, 0x00, 0x3C, 0x00,
    0x38, 0x00, 0x70, 0x00, 0x7E, 0x00, 0x7F, 0x00, 0x3F, 0x01, 0xE0, 0x07, 0x00, 0x38, 0x01, 0xE0,
    0x00, 0x00, 0x00, 0x01, 0xFE, 0x0F, 0xFC, 0x7F, 0xF9, 0xE1, 0xEF, 0x03, 0xBC, 0x0E, 0xF0, 0x03,
    0xC0, 0x0F, 0x00, 0x3C, 0x00, 0xF0, 0x03, 0xC0, 0x0F, 0x00, 0x3C, 0x00, 0xF0, 0x03, 0xC0, 0xEF,
    0x03, 0x9E, 0x1E, 0x7F, 0xF8, 0xFF, 0xC1, 0xFE, 0x00, 0x01, 0xE0, 0x07, 0x00, 0x3C, 0x01, 0xE0,
    0x00, 0x00, 0x00, 0x01, 0xFE, 0x0F, 0xFC, 0x7F, 0xF9, 0xC1, 0xEF, 0x03, 0xBC, 0x0E, 0xF0, 0x03,
    0xC0, 0x0F, 0x00, 0x3C, 0x00, 0xF0, 0x3B, 0xC0, 0xE7, 0x07, 0x9F, 0xFE, 0x3F, 0xF0, 0x7F, 0x80,
    0x07, 0x80, 0x3F, 0x01, 0xFE, 0x0F, 0x3C, 0x00, 0x00, 0x00, 0x01, 0xFE, 0x0F, 0xFC, 0x7F, 0xF9,
    0xE1, 0xEF, 0x03, 0xBC, 0x0E, 0xF0, 0x03, 0xC0, 0x0F, 0x00, 0x3C, 0x00, 0xF0, 0x03, 0xC0, 0x0F,
    0x00, 0x3C, 0x00, 0xF0, 0x03, 0xC0, 0xEF, 0x03, 0x9E, 0x1E, 0x7F, 0xF8, 0xFF, 0xC1, 0xFE, 0x00,
    0x07, 0x80, 0x3F, 0x01, 0xFE, 0x0F, 0x3C, 0x00, 0x00, 0x00, 0x01, 0xFE, 0x0F, 0xFC, 0x7F, 0xF9,
    0xC1, 0xEF, 0x03, 0xBC, 0x0E, 0xF0, 0x03, 0xC0, 0x0F, 0x00, 0x3C, 0x00, 0xF0, 0x3B, 0xC0, 0xE7,
    0x07, 0x9F, 0xFE, 0x3F, 0xF0, 0x7F, 0x80, 0x07, 0x80, 0x3E, 0x00, 0xF8, 0x01, 0xE0, 0x00, 0x00,
    0x00, 0x01, 0xFE, 0x0F, 0xFC, 0x7F, 0xF9, 0xE1, 0xEF, 0x03, 0xBC, 0x0E, 0xF0, 0x03, 0xC0, 0x0F,
    0x00, 0x3C, 0x00, 0xF0, 0x03, 0xC0, 0x0F, 0x00, 0x3C, 0x00, 0xF0, 0x03, 0xC0, 0xEF, 0x03, 0x9E,
    0x1E, 0x7F, 0xF8, 0xFF, 0xC1, 0xFE, 0x00, 0x07, 0x80, 0x1E, 0x00, 0x78, 0x01, 0xE0, 0x00, 0x00,
    0x00, 0x00, 0x00, 0x07, 0xF8, 0x3F, 0xF1, 0xFF, 0xE7, 0x07, 0xBC, 0x0E, 0xF0, 0x3B, 0xC0, 0x0F,
    0x00, 0x3C, 0x00, 0xF0, 0x03, 0xC0, 0xEF, 0x03, 0x9C, 0x1E, 0x7F, 0xF8, 0xFF, 0xC1, 0xFE, 0x00,
    0x3C, 0xF0, 0x7F, 0x80, 0xFC, 0x01, 0xE0, 0x00, 0x00, 0x00, 0x01, 0xFE, 0x0F, 0xFC, 0x7F, 0xF9,
    0xE1, 0xEF, 0x03, 0xBC, 0x0E, 0xF0, 0x03, 0xC0, 0x0F, 0x00, 0x3C, 0x00, 0xF0, 0x03, 0xC0, 0x0F,
    0x00, 0x3C, 0x00, 0xF0, 0x03, 0xC0, 0xEF, 0x03, 0x9E, 0x1E, 0x7F, 0xF8, 0xFF, 0xC1, 0xFE, 0x00,
    0x3C, 0xF0, 0x7F, 0x80, 0xFC, 0x01, 0xE0, 0x00, 0x00, 0x00, 0x01, 0xFE, 0x0F, 0xFC, 0x7F, 0xF9,
    0xC1, 0xEF, 0x03, 0xBC, 0x0E, 0xF0, 0x03, 0xC0, 0x0F, 0x00, 0x3C, 0x00, 0xF0, 0x3B, 0xC0, 0xE7,
    0x07, 0x9F, 0xFE, 0x3F, 0xF0, 0x7F, 0x80, 0x78, 0xF1, 0xEF, 0x07, 0xF0, 0x0F, 0x00, 0x00, 0x00,
    0x03, 0xFF, 0x1F, 0xFC, 0xFF, 0xF7, 0x83, 0xFC, 0x1F, 0xE0, 0x7F, 0x03, 0xF8, 0x1F, 0xC0, 0xFE,
    0x07, 0xF0, 0x3F, 0x81, 0xFC, 0x0F, 0xE0, 0x7F, 0x03, 0xF8, 0x1F, 0xC1, 0xFE, 0x0F, 0xFF, 0xF7,
    0xFF, 0x3F, 0xF0, 0x00, 0x7B, 0x80, 0x3D, 0xC0, 0x1F, 0xE0, 0x0F, 0xE0, 0x07, 0xF0, 0xFB, 0xC0,
    0xFF, 0xE0, 0xFF, 0xF0, 0x78, 0xF8, 0x38, 0x3C, 0x3C, 0x1E, 0x1E, 0x0F, 0x0F, 0x07, 0x87, 0x83,
    0xC3, 0xC1, 0xE1, 0xE0, 0xF0, 0x70, 0x78, 0x3C, 0x7C, 0x1F, 0xFE, 0x07, 0xFF, 0x01, 0xF7, 0x80,
    0x3F, 0xF0, 0x7F, 0xF0, 0xFF, 0xF1, 0xE0, 0xF3, 0xC1, 0xE7, 0x81, 0xCF, 0x03, 0x9E, 0x07, 0x3C,
    0x0F, 0xFF, 0x1F, 0xFE, 0x3F, 0xF8, 0x73, 0xC0, 0xE7, 0x81, 0xCF, 0x03, 0x9E, 0x07, 0x3C, 0x1E,
    0x78, 0x3C, 0xFF, 0xF1, 0xFF, 0xC3, 0xFF, 0x00, 0x00, 0x38, 0x00, 0x38, 0x07, 0xFF, 0x07, 0xFF,
    0x07, 0xFE, 0x00, 0x38, 0x0E, 0x38, 0x3F, 0xB8, 0x7F, 0xF8, 0x7D, 0xF8, 0xF0, 0x78, 0xF0, 0x38,
    0xF0, 0x38, 0xF0, 0x38, 0xF0, 0x38, 0xF0, 0x38, 0xF0, 0x78, 0x70, 0x78, 0x7F, 0xF8, 0x3F, 0xF8,
    0x1F, 0xB8, 0x3F, 0xF0, 0xFF, 0xC3, 0xFF, 0x00, 0x00, 0x00, 0x00, 0x00, 0x07, 0xFF, 0x9F, 0xFE,
    0x7F, 0xF9, 0xC0, 0x07, 0x00, 0x1C, 0x00, 0x70, 0x01, 0xC0, 0x07, 0x00, 0x1F, 0xFC, 0x7F, 0xF1,
    0xFF, 0xC7, 0x00, 0x1C, 0x00, 0x70, 0x01, 0xC0, 0x07, 0x00, 0x1C, 0x00, 0x7F, 0xF9, 0xFF, 0xE7,
    0xFF, 0x80, 0x3F, 0xE1, 0xFF, 0x8F, 0xFC, 0x00, 0x00, 0x00, 0x00, 0x00, 0x7F, 0x07, 0xFE, 0x7F,
    0xF3, 0x83, 0xFC, 0x0F, 0xC0, 0x7F, 0xFF, 0xFF, 0xFF, 0xFF, 0xFC, 0x00, 0xE0, 0x07, 0x81, 0xDC,
    0x1E, 0xFF, 0xF3, 0xFF, 0x0F, 0xE0, 0x38, 0x70, 0xF3, 0xC1, 0xFE, 0x03, 0xF0, 0x00, 0x00, 0x00,
    0x07, 0xFF, 0x9F, 0xFE, 0x7F, 0xF9, 0xC0, 0x07, 0x00, 0x1C, 0x00, 0x70, 0x01, 0xC0, 0x07, 0x00,
    0x1F, 0xFC, 0x7F, 0xF1, 0xFF, 0xC7, 0x00, 0x1C, 0x00, 0x70, 0x01, 0xC0, 0x07, 0x00, 0x1C, 0x00,
    0x7F, 0xF9, 0xFF, 0xE7, 0xFF, 0x80, 0x38, 0x71, 0xC7, 0x07, 0xF8, 0x1F, 0x80, 0x00, 0x00, 0x00,
    0x7F, 0x07, 0xFE, 0x7F, 0xF3, 0x83, 0xFC, 0x0F, 0xC0, 0x7F, 0xFF, 0xFF, 0xFF, 0xFF, 0xFC, 0x00,
    0xE0, 0x07, 0x81, 0xDC, 0x1E, 0xFF, 0xF3, 0xFF, 0x0F, 0xE0, 0x07, 0x80, 0x1E, 0x00, 0x78, 0x01,
    0xE0, 0x00, 0x00, 0x00, 0x07, 0xFF, 0x9F, 0xFE, 0x7F, 0xF9, 0xC0, 0x07, 0x00, 0x1C, 0x00, 0x70,
    0x01, 0xC0, 0x07, 0x00, 0x1F, 0xFC, 0x7F, 0xF1, 0xFF, 0xC7, 0x00, 0x1C, 0x00, 0x70, 0x01, 0xC0,
    0x07, 0x00, 0x1C, 0x00, 0x7F, 0xF9, 0xFF, 0xE7, 0xFF, 0x80, 0x07, 0x80, 0x7C, 0x03, 0xE0, 0x0F,
    0x00, 0x00, 0x00, 0x00, 0x00, 0x03, 0xF8, 0x3F, 0xF3, 0xFF, 0x9C, 0x1F, 0xE0, 0x7E, 0x03, 0xFF,
    0xFF, 0xFF, 0xFF, 0xFF, 0xE0, 0x07, 0x00, 0x3C, 0x0E, 0xE0, 0xF7, 0xFF, 0x9F, 0xF8, 0x7F, 0x00,
    0x7F, 0xF9, 0xFF, 0xE7, 0xFF, 0x9C, 0x00, 0x70, 0x01, 0xC0, 0x07, 0x00, 0x1C, 0x00, 0x70, 0x01,
    0xFF, 0xC7, 0xFF, 0x1F, 0xFC, 0x70, 0x01, 0xC0, 0x07, 0x00, 0x1C, 0x00, 0x70, 0x01, 0xC0, 0x07,
    0xFF, 0x9F, 0xFE, 0x7F, 0xF8, 0x03, 0xC0, 0x0E, 0x00, 0x70, 0x01, 0xF8, 0x07, 0xF0, 0x0F, 0xC0,
    0x1F, 0xC1, 0xFF, 0x1F, 0xFC, 0xE0, 0xFF, 0x03, 0xF8, 0x1F, 0x80, 0xFF, 0xFF, 0xFF, 0xFF, 0xFF,
    0xFC, 0x01, 0xE0, 0x07, 0x07, 0xBF, 0xFC, 0xFF, 0xC3, 0xFC, 0x03, 0x80, 0x3C, 0x01, 0xC0, 0x0F,
    0x00, 0x7E, 0x00, 0xF0, 0x3C, 0xF0, 0x7F, 0x80, 0xFC, 0x01, 0xE0, 0x00, 0x00, 0x00, 0x07, 0xFF,
    0x9F, 0xFE, 0x7F, 0xF9, 0xC0, 0x07, 0x00, 0x1C, 0x00, 0x70, 0x01, 0xC0, 0x07, 0x00, 0x1F, 0xFC,
    0x7F, 0xF1, 0xFF, 0xC7, 0x00, 0x1C, 0x00, 0x70, 0x01, 0xC0, 0x07, 0x00, 0x1C, 0x00, 0x7F, 0xF9,
    0xFF, 0xE7, 0xFF, 0x80, 0x78, 0xF1, 0xEF, 0x07, 0xF0, 0x0F, 0x00, 0x00, 0x00, 0x00, 0x7F, 0x07,
    0xFE, 0x7F, 0xF3, 0x83, 0xFC, 0x0F, 0xC0, 0x7F, 0xFF, 0xFF, 0xFF, 0xFF, 0xFC, 0x00, 0xE0, 0x07,
    0x81, 0xDC, 0x1E, 0xFF, 0xF3, 0xFF, 0x0F, 0xE0, 0x0F, 0x80, 0x7F, 0x03, 0xDE, 0x1E, 0x3C, 0x00,
    0x00, 0x00, 0x01, 0xFC, 0x0F, 0xFC, 0x7F, 0xF9, 0xC1, 0xEF, 0x03, 0xBC, 0x0E, 0xF0, 0x03, 0xC0,
    0x0F, 0x00, 0x3C, 0xFE, 0xF3, 0xFB, 0xCF, 0xEF, 0x03, 0xBC, 0x0E, 0xF0, 0x3B, 0xC0, 0xEF, 0x03,
    0x9C, 0x1E, 0x7F, 0xF0, 0xFF, 0xC1, 0xFC, 0x00, 0x0F, 0x80, 0xFE, 0x0F, 0x78, 0xF1, 0xE0, 0x00,
    0x00, 0x00, 0x7E, 0xE7, 0xFF, 0x7F, 0xFB, 0x83, 0xFC, 0x1F, 0xE0, 0x7F, 0x03, 0xF8, 0x1F, 0xC0,
    0xFE, 0x07, 0xF0, 0x7B, 0x83, 0xDF, 0xFE, 0x7F, 0xF1, 0xFB, 0x80, 0x1C, 0x00, 0xE0, 0x0F, 0x1F,
    0xF1, 0xFF, 0x8F, 0xF8, 0x38, 0x70, 0xE3, 0x81, 0xFE, 0x03, 0xF0, 0x00, 0x00, 0x00, 0x01, 0xFC,
    0x0F, 0xFC, 0x7F, 0xF9, 0xC1, 0xEF, 0x03, 0xBC, 0x0E, 0xF0, 0x03, 0xC0, 0x0F, 0x00, 0x3C, 0xFE,
    0xF3, 0xFB, 0xCF, 0xEF, 0x03, 0xBC, 0x0E, 0xF0, 0x3B, 0xC0, 0xEF, 0x03, 0x9C, 0x1E, 0x7F, 0xF0,
    0xFF, 0xC1, 0xFC, 0x00, 0x38, 0x71, 0xC7, 0x0F, 0xF8, 0x3F, 0x80, 0x00, 0x00, 0x00, 0x7E, 0xE7,
    0xFF, 0x7F, 0xFB, 0x83, 0xFC, 0x1F, 0xE0, 0x7F, 0x03, 0xF8, 0x1F, 0xC0, 0xFE, 0x07, 0xF0, 0x7B,
    0x83, 0xDF, 0xFE, 0x7F, 0xF1, 0xFB, 0x80, 0x1C, 0x00, 0xE0, 0x0F, 0x1F, 0xF1, 0xFF, 0x8F, 0xF8,
    0x07, 0x80, 0x3E, 0x00, 0xF8, 0x01, 0xE0, 0x00, 0x00, 0x00, 0x01, 0xFC, 0x0F, 0xFC, 0x7F, 0xF9,
    0xC1, 0xEF, 0x03, 0xBC, 0x0E, 0xF0, 0x03, 0xC0, 0x0F, 0x00, 0x3C, 0xFE, 0xF3, 0xFB, 0xCF, 0xEF,
    0x03, 0xBC, 0x0E, 0xF0, 0x3B, 0xC0, 0xEF, 0x03, 0x9C, 0x1E, 0x7F, 0xF0, 0xFF, 0xC1, 0xFC, 0x00,
    0x07, 0x00, 0x7C, 0x03, 0xE0, 0x0F, 0x00, 0x00, 0x00, 0x00, 0x00, 0x03, 0xF7, 0x3F, 0xFB, 0xFF,
    0xDC, 0x1F, 0xE0, 0xFF, 0x03, 0xF8, 0x1F, 0xC0, 0xFE, 0x07, 0xF0, 0x3F, 0x83, 0xDC, 0x1E, 0xFF,
    0xF3, 0xFF, 0x8F, 0xDC, 0x00, 0xE0, 0x07, 0x00, 0x78, 0xFF, 0x8F, 0xFC, 0x7F, 0xC0, 0x1F, 0xC0,
    0xFF, 0xC7, 0xFF, 0x9C, 0x1E, 0xF0, 0x3B, 0xC0, 0xEF, 0x00, 0x3C, 0x00, 0xF0, 0x03, 0xCF, 0xEF,
    0x3F, 0xBC, 0xFE, 0xF0, 0x3B, 0xC0, 0xEF, 0x03, 0xBC, 0x0E, 0xF0, 0x39, 0xC1, 0xE7, 0xFF, 0x0F,
    0xFC, 0x1F, 0xC0, 0x00, 0x00, 0x00, 0x00, 0x00, 0x03, 0x80, 0x1E, 0x00, 0xF0, 0x03, 0x80, 0x01,
    0xC0, 0x0E, 0x00, 0xF0, 0x07, 0x00, 0x78, 0x07, 0xC0, 0x3C, 0x00, 0x00, 0x00, 0x00, 0xFD, 0xCF,
    0xFE, 0xFF, 0xF7, 0x07, 0xF8, 0x3F, 0xC0, 0xFE, 0x07, 0xF0, 0x3F, 0x81, 0xFC, 0x0F, 0xE0, 0xF7,
    0x07, 0xBF, 0xFC, 0xFF, 0xE3, 0xF7, 0x00, 0x38, 0x01, 0xC0, 0x1E, 0x3F, 0xE3, 0xFF, 0x1F, 0xF0,
    0x0F, 0x80, 0xFE, 0x0F, 0x78, 0xF1, 0xE0, 0x00, 0x00, 0x03, 0xC0, 0xFE, 0x07, 0xF0, 0x3F, 0x81,
    0xFC, 0x0F, 0xE0, 0x7F, 0x03, 0xF8, 0x1F, 0xC0, 0xFF, 0xFF, 0xFF, 0xFF, 0xFF, 0xFC, 0x0F, 0xE0,
    0x7F, 0x03, 0xF8, 0x1F, 0xC0, 0xFE, 0x07, 0xF0, 0x3F, 0x81, 0xFC, 0x0E, 0x0F, 0x00, 0x0F, 0xC0,
    0x0F, 0xF0, 0x0F, 0x3C, 0x00, 0x00, 0x00, 0x00, 0x00, 0x3C, 0x00, 0x1E, 0x00, 0x0F, 0x00, 0x07,
    0x80, 0x03, 0xC0, 0x01, 0xEF, 0xC0, 0xFF, 0xF0, 0x7F, 0xFC, 0x3E, 0x1E, 0x1E, 0x07, 0x0F, 0x03,
    0x87, 0x81, 0xC3, 0xC0, 0xE1, 0xE0, 0x70, 0xF0, 0x38, 0x78, 0x1C, 0x3C, 0x0E, 0x1E, 0x07, 0x0F,
    0x03, 0x87, 0x81, 0xC3, 0xC0, 0xE0, 0x3C, 0x0E, 0x0F, 0x03, 0x83, 0xC0, 0xE3, 0xFF, 0xFE, 0xFF,
    0xFF, 0xBF, 0xFF, 0xE3, 0xC0, 0xE0, 0xF0, 0x38, 0x3C, 0x0E, 0x0F, 0xFF, 0x83, 0xFF, 0xE0, 0xFF,
    0xF8, 0x3C, 0x0E, 0x0F, 0x03, 0x83, 0xC0, 0xE0, 0xF0, 0x38, 0x3C, 0x0E, 0x0F, 0x03, 0x83, 0xC0,
    0xE0, 0xF0, 0x38, 0x3C, 0x0E, 0x00, 0x3C, 0x00, 0x78, 0x03, 0xFF, 0x07, 0xFF, 0x0F, 0xFE, 0x07,
    0x80, 0x0F, 0x38, 0x1F, 0xFC, 0x3F, 0xFC, 0x7E, 0x7C, 0xF0, 0x79, 0xE0, 0x73, 0xC0, 0xE7, 0x81,
    0xCF, 0x03, 0x9E, 0x07, 0x3C, 0x0E, 0x78, 0x1C, 0xF0, 0x39, 0xE0, 0x73, 0xC0, 0xE0, 0x3C, 0xE7,
    0xEE, 0x7F, 0xC6, 0x7C, 0x00, 0x00, 0x00, 0xFF, 0xFF, 0xFF, 0xFF, 0xE0, 0xE0, 0x0E, 0x00, 0xE0,
    0x0E, 0x00, 0xE0, 0x0E, 0x00, 0xE0, 0x0E, 0x00, 0xE0, 0x0E, 0x00, 0xE0, 0x0E, 0x00, 0xE0, 0x0E,
    0x00, 0xE0, 0xFF, 0xEF, 0xFF, 0xFF, 0xF0, 0x1E, 0x30, 0x3E, 0xE0, 0xEF, 0xC1, 0xCF, 0x00, 0x00,
    0x00, 0x00, 0x00, 0x00, 0x3F, 0xC0, 0x7F, 0x80, 0xFF, 0x00, 0x0E, 0x00, 0x1C, 0x00, 0x38, 0x00,
    0x70, 0x00, 0xE0, 0x01, 0xC0, 0x03, 0x80, 0x07, 0x00, 0x0E, 0x00, 0x1C, 0x0F, 0xFF, 0xDF, 0xFF,
    0xBF, 0xFF, 0x00, 0x7F, 0xC7, 0xFE, 0x7F, 0xE0, 0x00, 0x00, 0x00, 0x00, 0xFF, 0xFF, 0xFF, 0xFF,
    0xE0, 0xE0, 0x0E, 0x00, 0xE0, 0x0E, 0x00, 0xE0, 0x0E, 0x00, 0xE0, 0x0E, 0x00, 0xE0, 0x0E, 0x00,
    0xE0, 0x0E, 0x00, 0xE0, 0x0E, 0x00, 0xE0, 0xFF, 0xEF, 0xFF, 0xFF, 0xF0, 0x3F, 0xF0, 0x7F, 0xE0,
    0xFF, 0xC0, 0x00, 0x00, 0x00, 0x00, 0x00, 0x1F, 0xE0, 0x3F, 0xC0, 0x7F, 0x80, 0x07, 0x00, 0x0E,
    0x00, 0x1C, 0x00, 0x38, 0x00, 0x70, 0x00, 0xE0, 0x01, 0xC0, 0x03, 0x80, 0x07, 0x00, 0x0E, 0x07,
    0xFF, 0xEF, 0xFF, 0xDF, 0xFF, 0x80, 0x70, 0xE7, 0x1C, 0x3F, 0xC1, 0xF8, 0x00, 0x00, 0x00, 0xFF,
    0xFF, 0xFF, 0xFF, 0xE0, 0xE0, 0x0E, 0x00, 0xE0, 0x0E, 0x00, 0xE0, 0x0E, 0x00, 0xE0, 0x0E, 0x00,
    0xE0, 0x0E, 0x00, 0xE0, 0x0E, 0x00, 0xE0, 0x0E, 0x00, 0xE0, 0xFF, 0xEF, 0xFF, 0xFF, 0xF0, 0x38,
    0x70, 0x79, 0xE0, 0x7F, 0x80, 0x7E, 0x00, 0x00, 0x00, 0x00, 0x1F, 0xE0, 0x3F, 0xC0, 0x7F, 0x80,
    0x07, 0x00, 0x0E, 0x00, 0x1C, 0x00, 0x38, 0x00, 0x70, 0x00, 0xE0, 0x01, 0xC0, 0x03, 0x80, 0x07,
    0x00, 0x0E, 0x07, 0xFF, 0xEF, 0xFF, 0xDF, 0xFF, 0x80, 0xFF, 0xFF, 0xFF, 0xFF, 0xE0, 0xE0, 0x0E,
    0x00, 0xE0, 0x0E, 0x00, 0xE0, 0x0E, 0x00, 0xE0, 0x0E, 0x00, 0xE0, 0x0E, 0x00, 0xE0, 0x0E, 0x00,
    0xE0, 0x0E, 0x00, 0xE0, 0xFF, 0xEF, 0xFF, 0xFF, 0xF1, 0xE0, 0x1C, 0x03, 0x80, 0x3F, 0x03, 0xF8,
    0x1F, 0x80, 0x07, 0x80, 0x0F, 0x00, 0x1E, 0x00, 0x3C, 0x00, 0x00, 0x00, 0x00, 0x1F, 0xE0, 0x3F,
    0xC0, 0x7F, 0x80, 0x07, 0x00, 0x0E, 0x00, 0x1C, 0x00, 0x38, 0x00, 0x70, 0x00, 0xE0, 0x01, 0xC0,
    0x03, 0x80, 0x07, 0x00, 0x0E, 0x07, 0xFF, 0xEF, 0xFF, 0xDF, 0xFF, 0x81, 0xC0, 0x07, 0x00, 0x0E,
    0x00, 0x3F, 0x80, 0x3F, 0x00, 0x3E, 0x00, 0x0F, 0x01, 0xF0, 0x1F, 0x00, 0xF0, 0x00, 0x00, 0x00,
    0xFF, 0xFF, 0xFF, 0xFF, 0xE0, 0xE0, 0x0E, 0x00, 0xE0, 0x0E, 0x00, 0xE0, 0x0E, 0x00, 0xE0, 0x0E,
    0x00, 0xE0, 0x0E, 0x00, 0xE0, 0x0E, 0x00, 0xE0, 0x0E, 0x00, 0xE0, 0xFF, 0xEF, 0xFF, 0xFF, 0xF0,
    0x7F, 0x80, 0xFF, 0x01, 0xFE, 0x00, 0x1C, 0x00, 0x38, 0x00, 0x70, 0x00, 0xE0, 0x01, 0xC0, 0x03,
    0x80, 0x07, 0x00, 0x0E, 0x00, 0x1C, 0x00, 0x38, 0x1F, 0xFF, 0xBF, 0xFF, 0x7F, 0xFE, 0xFF, 0x87,
    0xFF, 0xC3, 0xDF, 0xE1, 0xE3, 0xC0, 0xF1, 0xE0, 0x78, 0xF0, 0x3C, 0x78, 0x1E, 0x3C, 0x0F, 0x1E,
    0x07, 0x8F, 0x03, 0xC7, 0x81, 0xEF, 0xF0, 0xFF, 0xF8, 0x7F, 0xFC, 0x3C, 0x00, 0x1E, 0x18, 0x0F,
    0x1E, 0x07, 0x07, 0x07, 0x83, 0xFF, 0xC0, 0xFF, 0xC0, 0x3F, 0x80, 0xF0, 0x7B, 0xE1, 0xEF, 0x87,
    0xBC, 0x1E, 0x00, 0x00, 0x00, 0x00, 0x00, 0x1C, 0x1E, 0x70, 0x79, 0xC1, 0xE7, 0x07, 0x9C, 0x1E,
    0x70, 0x79, 0xC1, 0xE7, 0x07, 0x9C, 0x1E, 0x70, 0x79, 0xC1, 0xE7, 0x07, 0x9C, 0x1E, 0x70, 0x79,
    0xC1, 0xE7, 0x07, 0x80, 0x1E, 0x00, 0xF1, 0xFF, 0xC7, 0xFE, 0x1F, 0xF0, 0x00, 0x3C, 0x00, 0x1F,
    0x80, 0x0F, 0xF0, 0x07, 0x9E, 0x00, 0x00, 0x00, 0x00, 0x00, 0x03, 0xC0, 0x00, 0xF0, 0x00, 0x3C,
    0x00, 0x0F, 0x00, 0x03, 0xC0, 0x00, 0xF0, 0x00, 0x3C, 0x00, 0x0F, 0x00, 0x03, 0xC0, 0x00, 0xF0,
    0x00, 0x3C, 0x00, 0x0F, 0x00, 0x03, 0xC0, 0x00, 0xF0, 0xE0, 0x3C, 0x38, 0x0F, 0x0F, 0x03, 0xC3,
    0xC1, 0xE0, 0x7F, 0xF8, 0x0F, 0xFC, 0x01, 0xFE, 0x00, 0x01, 0xE0, 0x07, 0xE0, 0x1F, 0xE0, 0x79,
    0xE0, 0x00, 0x00, 0x00, 0x3F, 0xF8, 0x7F, 0xF0, 0xFF, 0xE0, 0x01, 0xC0, 0x03, 0x80, 0x07, 0x00,
    0x0E, 0x00, 0x1C, 0x00, 0x38, 0x00, 0x70, 0x00, 0xE0, 0x01, 0xC0, 0x03, 0x80, 0x07, 0x00, 0x0E,
    0x00, 0x1C, 0x00, 0x78, 0x00, 0xF0, 0x7F, 0xC1, 0xFF, 0x03, 0xFC, 0x00, 0xF0, 0x3D, 0xE0, 0x7B,
    0xC1, 0xE7, 0x83, 0xCF, 0x0F, 0x1E, 0x1C, 0x3C, 0x78, 0x78, 0xE0, 0xF3, 0xC1, 0xFF, 0x03, 0xFE,
    0x07, 0xFE, 0x0F, 0x1C, 0x1E, 0x3C, 0x3C, 0x38, 0x78, 0x78, 0xF0, 0x71, 0xE0, 0xF3, 0xC0, 0xE7,
    0x81, 0xEF, 0x01, 0xC0, 0x00, 0x00, 0x00, 0x00, 0x00, 0x07, 0x80, 0x0F, 0x00, 0x3C, 0x00, 0xF0,
    0x00, 0xF0, 0x01, 0xE0, 0x03, 0xC0, 0x07, 0x80, 0x0F, 0x00, 0x1E, 0x07, 0xBC, 0x0E, 0x78, 0x3C,
    0xF0, 0xF1, 0xE1, 0xC3, 0xC7, 0x87, 0xFE, 0x0F, 0xF8, 0x1F, 0xF8, 0x3C, 0xF0, 0x78, 0xF0, 0xF0,
    0xF1, 0xE1, 0xE3, 0xC1, 0xE7, 0x81, 0xEF, 0x03, 0xC0, 0x00, 0x00, 0x00, 0x00, 0x00, 0x07, 0x80,
    0x0F, 0x00, 0x3C, 0x00, 0xF0, 0x00, 0x70, 0x3C, 0xE0, 0x79, 0xC1, 0xE3, 0x87, 0x87, 0x0F, 0x0E,
    0x3C, 0x1F, 0xF0, 0x3F, 0xE0, 0x7F, 0xC0, 0xE3, 0xC1, 0xC7, 0x83, 0x87, 0x87, 0x07, 0x0E, 0x0F,
    0x1C, 0x0F, 0x38, 0x0E, 0x1C, 0x01, 0xE0, 0x1E, 0x01, 0xE0, 0x00, 0x00, 0x00, 0x03, 0xC0, 0x1E,
    0x00, 0xF0, 0x07, 0x80, 0x3C, 0x01, 0xE0, 0x0F, 0x00, 0x78, 0x03, 0xC0, 0x1E, 0x00, 0xF0, 0x07,
    0x80, 0x3C, 0x01, 0xE0, 0x0F, 0x00, 0x78, 0x03, 0xC0, 0x1E, 0x00, 0xFF, 0xFF, 0xFF, 0xFF, 0xFE,
    0x00, 0xE0, 0x01, 0xC0, 0x03, 0xC0, 0x07, 0x80, 0x00, 0x00, 0x00, 0x00, 0xFF, 0x80, 0xFF, 0x80,
    0x7F, 0x80, 0x03, 0x80, 0x03, 0x80, 0x03, 0x80, 0x03, 0x80, 0x03, 0x80, 0x03, 0x80, 0x03, 0x80,
    0x03, 0x80, 0x03, 0x80, 0x03, 0x80, 0x03, 0x80, 0x03, 0x80, 0x03, 0x80, 0x03, 0x80, 0x03, 0xC0,
    0x03, 0xFF, 0x01, 0xFF, 0x00, 0xFF, 0xF0, 0x07, 0x80, 0x3C, 0x01, 0xE0, 0x0F, 0x00, 0x78, 0x03,
    0xC0, 0x1E, 0x00, 0xF0, 0x07, 0x80, 0x3C, 0x01, 0xE0, 0x0F, 0x00, 0x78, 0x03, 0xC0, 0x1E, 0x00,
    0xF0, 0x07, 0x80, 0x3F, 0xFF, 0xFF, 0xFF, 0xFF, 0x80, 0x00, 0x00, 0x00, 0x00, 0x03, 0xC0, 0x3C,
    0x03, 0xC0, 0x1C, 0x00, 0xFF, 0x80, 0xFF, 0x80, 0x7F, 0x80, 0x03, 0x80, 0x03, 0x80, 0x03, 0x80,
    0x03, 0x80, 0x03, 0x80, 0x03, 0x80, 0x03, 0x80, 0x03, 0x80, 0x03, 0x80, 0x03, 0x80, 0x03, 0x80,
    0x03, 0x80, 0x03, 0x80, 0x03, 0x80, 0x03, 0xC0, 0x03, 0xFF, 0x01, 0xFF, 0x00, 0xFF, 0x00, 0x00,
    0x00, 0x00, 0x00, 0x00, 0x00, 0xF0, 0x01, 0xE0, 0x01, 0xC0, 0x03, 0xC0, 0xF1, 0xC7, 0x8E, 0x3C,
    0x71, 0xE3, 0x8F, 0x1C, 0x78, 0x03, 0xC0, 0x1E, 0x00, 0xF0, 0x07, 0x80, 0x3C, 0x01, 0xE0, 0x0F,
    0x00, 0x78, 0x03, 0xC0, 0x1E, 0x00, 0xF0, 0x07, 0x80, 0x3F, 0xFF, 0xFF, 0xFF, 0xFF, 0x80, 0xFF,
    0x8E, 0xFF, 0x8E, 0x7F, 0x8E, 0x03, 0x8E, 0x03, 0x8E, 0x03, 0x80, 0x03, 0x80, 0x03, 0x80, 0x03,
    0x80, 0x03, 0x80, 0x03, 0x80, 0x03, 0x80, 0x03, 0x80, 0x03, 0x80, 0x03, 0x80, 0x03, 0x80, 0x03,
    0x80, 0x03, 0xC0, 0x03, 0xFF, 0x01, 0xFF, 0x00, 0xFF, 0xF0, 0x07, 0x80, 0x3C, 0x01, 0xE0, 0x0F,
    0x00, 0x78, 0x03, 0xC0, 0x1E, 0x00, 0xF0, 0x77, 0x87, 0xFC, 0x3F, 0xE1, 0xFF, 0x0F, 0x78, 0x03,
    0xC0, 0x1E, 0x00, 0xF0, 0x07, 0x80, 0x3F, 0xFF, 0xFF, 0xFF, 0xFF, 0x80, 0xFF, 0x80, 0x1F, 0xF0,
    0x03, 0xFE, 0x00, 0x03, 0xC0, 0x00, 0x78, 0x00, 0x0F, 0x00, 0x01, 0xE0, 0x00, 0x3C, 0x00, 0x07,
    0x83, 0xC0, 0xF0, 0xF8, 0x1E, 0x1F, 0x83, 0xC3, 0xE0, 0x78, 0x3C, 0x0F, 0x00, 0x01, 0xE0, 0x00,
    0x3C, 0x00, 0x07, 0x80, 0x00, 0x70, 0x00, 0x0F, 0xF8, 0x01, 0xFF, 0x80, 0x1F, 0xF0, 0x1E, 0x00,
    0x1E, 0x00, 0x1E, 0x00, 0x1E, 0x00, 0x1E, 0x00, 0x1E, 0x30, 0x1E, 0xF0, 0x1F, 0xE0, 0x1F, 0xC0,
    0x1F, 0x80, 0x3E, 0x00, 0x7E, 0x00, 0xFE, 0x00, 0xFE, 0x00, 0x1E, 0x00, 0x1E, 0x00, 0x1E, 0x00,
    0x1E, 0x00, 0x1F, 0xFF, 0x1F, 0xFF, 0x1F, 0xFF, 0xFF, 0x80, 0xFF, 0x80, 0x7F, 0x80, 0x03, 0x80,
    0x03, 0x80, 0x03, 0x8C, 0x03, 0x9C, 0x03, 0xFC, 0x03, 0xF8, 0x03, 0xE0, 0x07, 0xC0, 0x1F, 0x80,
    0x1F, 0x80, 0x1B, 0x80, 0x13, 0x80, 0x03, 0x80, 0x03, 0x80, 0x03, 0xC0, 0x03, 0xFF, 0x01, 0xFF,
    0x00, 0xFF, 0x01, 0xE0, 0x1E, 0x00, 0xE0, 0x0F, 0x00, 0x00, 0x00, 0x03, 0xE0, 0xFF, 0x07, 0xF8,
    0x3F, 0xE1, 0xFF, 0x0F, 0xF8, 0x7E, 0xE3, 0xF7, 0x1F, 0xBC, 0xFE, 0xE7, 0xF7, 0x3F, 0x9D, 0xFC,
    0xEF, 0xE7, 0x7F, 0x1F, 0xF8, 0xFF, 0xC7, 0xFE, 0x1F, 0xF0, 0xFF, 0x87, 0xFC, 0x1E, 0x01, 0xE0,
    0x0E, 0x00, 0xE0, 0x0F, 0x00, 0x00, 0x00, 0x03, 0xDF, 0x9F, 0xFE, 0xFF, 0xFF, 0xC3, 0xFC, 0x0F,
    0xE0, 0x7F, 0x03, 0xF8, 0x1F, 0xC0, 0xFE, 0x07, 0xF0, 0x3F, 0x81, 0xFC, 0x0F, 0xE0, 0x7F, 0x03,
    0xF8, 0x1C, 0xF8, 0x3F, 0xC1, 0xFE, 0x0F, 0xF8, 0x7F, 0xC3, 0xFE, 0x1F, 0xB8, 0xFD, 0xC7, 0xEF,
    0x3F, 0xB9, 0xFD, 0xCF, 0xE7, 0x7F, 0x3B, 0xF9, 0xDF, 0xC7, 0xFE, 0x3F, 0xF1, 0xFF, 0x87, 0xFC,
    0x3F, 0xE1, 0xFF, 0x07, 0x80, 0x00, 0x00, 0x00, 0x00, 0x07, 0x80, 0x3C, 0x03, 0xC0, 0x3C, 0x00,
    0xF7, 0xE7, 0xFF, 0xBF, 0xFF, 0xF0, 0xFF, 0x03, 0xF8, 0x1F, 0xC0, 0xFE, 0x07, 0xF0, 0x3F, 0x81,
    0xFC, 0x0F, 0xE0, 0x7F, 0x03, 0xF8, 0x1F, 0xC0, 0xFE, 0x07, 0x00, 0x00, 0x00, 0x00, 0x00, 0x0F,
    0x00, 0x78, 0x07, 0x80, 0x78, 0x00, 0x78, 0xF1, 0xEF, 0x07, 0xF0, 0x0F, 0x00, 0x00, 0x00, 0x03,
    0xE0, 0xFF, 0x07, 0xF8, 0x3F, 0xE1, 0xFF, 0x0F, 0xF8, 0x7E, 0xE3, 0xF7, 0x1F, 0xBC, 0xFE, 0xE7,
    0xF7, 0x3F, 0x9D, 0xFC, 0xEF, 0xE7, 0x7F, 0x1F, 0xF8, 0xFF, 0xC7, 0xFE, 0x1F, 0xF0, 0xFF, 0x87,
    0xFC, 0x1E, 0x3C, 0xF0, 0xFF, 0x03, 0xF0, 0x0F, 0x00, 0x00, 0x00, 0x03, 0xDF, 0x9F, 0xFE, 0xFF,
    0xFF, 0xC3, 0xFC, 0x0F, 0xE0, 0x7F, 0x03, 0xF8, 0x1F, 0xC0, 0xFE, 0x07, 0xF0, 0x3F, 0x81, 0xFC,
    0x0F, 0xE0, 0x7F, 0x03, 0xF8, 0x1C, 0x1E, 0x00, 0x3C, 0x00, 0x78, 0x00, 0x70, 0x00, 0x00, 0x00,
    0x00, 0x00, 0x00, 0x00, 0x1E, 0xFC, 0x1F, 0xFE, 0x1F, 0xFF, 0x1F, 0x0F, 0x1E, 0x07, 0x1E, 0x07,
    0x1E, 0x07, 0x1E, 0x07, 0x1E, 0x07, 0x1E, 0x07, 0x1E, 0x07, 0x1E, 0x07, 0x1E, 0x07, 0x1E, 0x07,
    0x1E, 0x07, 0x1E, 0x07, 0xF8, 0x3F, 0xC1, 0xFF, 0x0F, 0xF8, 0x7F, 0xC3, 0xFF, 0x1F, 0xB8, 0xFD,
    0xE7, 0xE7, 0x3F, 0xB9, 0xFC, 0xEF, 0xE7, 0x7F, 0x3F, 0xF8, 0xFF, 0xC7, 0xFE, 0x1F, 0xF0, 0xFF,
    0x83, 0xFC, 0x1F, 0xE0, 0xFF, 0x03, 0x80, 0x1C, 0x01, 0xE0, 0xFE, 0x07, 0xF0, 0x3E, 0x00, 0xF7,
    0xE7, 0xFF, 0xBF, 0xFD, 0xF0, 0xFF, 0x03, 0xF8, 0x1F, 0xC0, 0xFE, 0x07, 0xF0, 0x3F, 0x81, 0xFC,
    0x0F, 0xE0, 0x7F, 0x03, 0xF8, 0x1F, 0xC0, 0xFE, 0x07, 0x00, 0x38, 0x03, 0xC1, 0xFC, 0x0F, 0xE0,
    0x7C, 0x00, 0x3F, 0xE1, 0xFF, 0x8F, 0xFC, 0x00, 0x00, 0x00, 0x00, 0x00, 0x7F, 0x07, 0xFE, 0x7F,
    0xF3, 0x83, 0xFC, 0x0F, 0xE0, 0x7F, 0x03, 0xF8, 0x1F, 0xC0, 0xFE, 0x07, 0xF0, 0x3F, 0x81, 0xFC,
    0x0F, 0xE0, 0x7F, 0x03, 0xF8, 0x1F, 0xC0, 0xEE, 0x0F, 0x7F, 0xF1, 0xFF, 0x87, 0xF0, 0x3F, 0xE1,
    0xFF, 0x8F, 0xFC, 0x00, 0x00, 0x00, 0x00, 0x00, 0x7F, 0x07, 0xFE, 0x7F, 0xF3, 0x83, 0xFC, 0x0F,
    0xC0, 0x7E, 0x03, 0xF0, 0x1F, 0x80, 0xFC, 0x07, 0xE0, 0x3F, 0x81, 0xDC, 0x1E, 0xFF, 0xE3, 0xFF,
    0x0F, 0xE0, 0x38, 0x71, 0xC7, 0x07, 0xF8, 0x1F, 0x80, 0x00, 0x00, 0x00, 0x7F, 0x07, 0xFE, 0x7F,
    0xF3, 0x83, 0xFC, 0x0F, 0xE0, 0x7F, 0x03, 0xF8, 0x1F, 0xC0, 0xFE, 0x07, 0xF0, 0x3F, 0x81, 0xFC,
    0x0F, 0xE0, 0x7F, 0x03, 0xF8, 0x1F, 0xC0, 0xEE, 0x0F, 0x7F, 0xF1, 0xFF, 0x87, 0xF0, 0x38, 0x71,
    0xC7, 0x07, 0xF8, 0x1F, 0x80, 0x00, 0x00, 0x00, 0x7F, 0x07, 0xFE, 0x7F, 0xF3, 0x83, 0xFC, 0x0F,
    0xC0, 0x7E, 0x03, 0xF0, 0x1F, 0x80, 0xFC, 0x07, 0xE0, 0x3F, 0x81, 0xDC, 0x1E, 0xFF, 0xE3, 0xFF,
    0x0F, 0xE0, 0x07, 0x38, 0x39, 0xE1, 0xEF, 0x0F, 0x78, 0x00, 0x00, 0x00, 0x01, 0xFC, 0x0F, 0xFC,
    0x7F, 0xF1, 0xC1, 0xEF, 0x03, 0xBC, 0x0E, 0xF0, 0x3B, 0xC0, 0xEF, 0x03, 0xBC, 0x0E, 0xF0, 0x3B,
    0xC0, 0xEF, 0x03, 0xBC, 0x0E, 0xF0, 0x3B, 0xC0, 0xEF, 0x03, 0x9C, 0x1E, 0x7F, 0xF0, 0xFF, 0xC1,
    0xFC, 0x00, 0x07, 0x38, 0x39, 0xE1, 0xEF, 0x0F, 0x78, 0x00, 0x00, 0x00, 0x01, 0xFC, 0x0F, 0xFC,
    0x7F, 0xF1, 0xC1, 0xEF, 0x03, 0xB8, 0x0E, 0xE0, 0x3B, 0x80, 0xEE, 0x03, 0xB8, 0x0E, 0xE0, 0x3B,
    0xC0, 0xE7, 0x07, 0x9F, 0xFC, 0x3F, 0xF0, 0x7F, 0x00, 0x3E, 0xFF, 0x7F, 0xFF, 0xFF, 0xFF, 0xF1,
    0xE0, 0xE1, 0xE0, 0xE0, 0xE0, 0xE0, 0xE0, 0xE0, 0xE0, 0xE0, 0xFE, 0xE0, 0xFE, 0xE0, 0xFE, 0xE0,
    0xE0, 0xE0, 0xE0, 0xE0, 0xE0, 0xE0, 0xE0, 0xE0, 0xE0, 0xE1, 0xE0, 0xF1, 0xE0, 0xFF, 0xFF, 0x7F,
    0xFF, 0x3E, 0xFF, 0x7E, 0xFC, 0xFF, 0xFE, 0xFF, 0xFE, 0xE3, 0xCF, 0xE3, 0x87, 0xE3, 0x87, 0xE3,
    0xFF, 0xE3, 0xFF, 0xE3, 0xFF, 0xE3, 0x80, 0xE3, 0x80, 0xE3, 0x80, 0xE3, 0xCF, 0xFF, 0xFE, 0xFF,
    0xFE, 0x7E, 0xFC, 0x01, 0xE0, 0x0F, 0x00, 0x38, 0x01, 0xE0, 0x00, 0x00, 0x00, 0x0F, 0xFE, 0x3F,
    0xFC, 0xFF, 0xFB, 0xC1, 0xEF, 0x03, 0xFC, 0x0F, 0xF0, 0x3F, 0xC0, 0xFF, 0x07, 0xBF, 0xFE, 0xFF,
    0xF3, 0xFF, 0x8F, 0x1C, 0x3C, 0x78, 0xF0, 0xE3, 0xC3, 0xCF, 0x0F, 0x3C, 0x1E, 0xF0, 0x7B, 0xC0,
    0xFF, 0x03, 0xC0, 0x01, 0xE0, 0x1E, 0x01, 0xE0, 0x0E, 0x00, 0x00, 0x00, 0x03, 0xBF, 0x1F, 0xFC,
    0xFF, 0xF7, 0x83, 0xB8, 0x1F, 0xC0, 0xFE, 0x07, 0xF0, 0x03, 0x80, 0x1C, 0x00, 0xE0, 0x07, 0x00,
    0x38, 0x01, 0xC0, 0x0E, 0x00, 0x70, 0x00, 0xFF, 0xE3, 0xFF, 0xCF, 0xFF, 0xBC, 0x1E, 0xF0, 0x3F,
    0xC0, 0xFF, 0x03, 0xFC, 0x0F, 0xF0, 0x7B, 0xFF, 0xEF, 0xFF, 0x3F, 0xF8, 0xF1, 0xC3, 0xC7, 0x8F,
    0x0E, 0x3C, 0x3C, 0xF0, 0xF3, 0xC1, 0xEF, 0x07, 0xBC, 0x0F, 0xF0, 0x3C, 0x00, 0x00, 0x00, 0x00,
    0x00, 0x07, 0x80, 0x1E, 0x00, 0xF0, 0x07, 0x80, 0x3B, 0xF0, 0x7F, 0xF0, 0xFF, 0xF1, 0xE0, 0xE3,
    0x81, 0xE7, 0x03, 0xCE, 0x07, 0x9C, 0x00, 0x38, 0x00, 0x70, 0x00, 0xE0, 0x01, 0xC0, 0x03, 0x80,
    0x07, 0x00, 0x0E, 0x00, 0x1C, 0x00, 0x00, 0x00, 0x00, 0x00, 0x00, 0x01, 0xE0, 0x07, 0x80, 0x0E,
    0x00, 0x3C, 0x00, 0x00, 0x78, 0xF0, 0xF7, 0x81, 0xFC, 0x01, 0xE0, 0x00, 0x00, 0x00, 0x0F, 0xFE,
    0x3F, 0xFC, 0xFF, 0xFB, 0xC1, 0xEF, 0x03, 0xFC, 0x0F, 0xF0, 0x3F, 0xC0, 0xFF, 0x07, 0xBF, 0xFE,
    0xFF, 0xF3, 0xFF, 0x8F, 0x1C, 0x3C, 0x78, 0xF0, 0xE3, 0xC3, 0xCF, 0x0F, 0x3C, 0x1E, 0xF0, 0x7B,
    0xC0, 0xFF, 0x03, 0xC0, 0x78, 0xF1, 0xEF, 0x07, 0xF0, 0x1F, 0x00, 0x00, 0x00, 0x03, 0xBF, 0x1F,
    0xFC, 0xFF, 0xF7, 0x83, 0xB8, 0x1F, 0xC0, 0xFE, 0x07, 0xF0, 0x03, 0x80, 0x1C, 0x00, 0xE0, 0x07,
    0x00, 0x38, 0x01, 0xC0, 0x0E, 0x00, 0x70, 0x00, 0x01, 0xE0, 0x0F, 0x00, 0x38, 0x01, 0xE0, 0x00,
    0x00, 0x00, 0x01, 0xFC, 0x0F, 0xF8, 0x7F, 0xF1, 0xC1, 0xEF, 0x03, 0xBC, 0x0E, 0xF0, 0x01, 0xC0,
    0x07, 0xE0, 0x0F, 0xF0, 0x1F, 0xF0, 0x0F, 0xE0, 0x07, 0x80, 0x0E, 0x00, 0x3F, 0x80, 0xFE, 0x03,
    0xFC, 0x1E, 0x7F, 0xF9, 0xFF, 0xC1, 0xFE, 0x00, 0x01, 0xE0, 0x1E, 0x00, 0xE0, 0x0F, 0x00, 0x00,
    0x00, 0x00, 0xFF, 0x8F, 0xFE, 0x7F, 0xFF, 0x83, 0xFC, 0x0D, 0xE0, 0x07, 0xF8, 0x3F, 0xF8, 0x7F,
    0xC0, 0x1F, 0x00, 0x3F, 0x01, 0xFC, 0x0E, 0xFF, 0xF7, 0xFF, 0x1F, 0xF0, 0x0F, 0x80, 0x7F, 0x03,
    0xDE, 0x1E, 0x3C, 0x00, 0x00, 0x00, 0x01, 0xFC, 0x0F, 0xF8, 0x7F, 0xF1, 0xC1, 0xEF, 0x03, 0xBC,
    0x0E, 0xF0, 0x01, 0xC0, 0x07, 0xE0, 0x0F, 0xF0, 0x1F, 0xF0, 0x0F, 0xE0, 0x07, 0x80, 0x0E, 0x00,
    0x3F, 0x80, 0xFE, 0x03, 0xFC, 0x1E, 0x7F, 0xF9, 0xFF, 0xC1, 0xFE, 0x00, 0x0F, 0x80, 0xFE, 0x0F,
    0x78, 0xF1, 0xE0, 0x00, 0x00, 0x00, 0xFF, 0x8F, 0xFE, 0x7F, 0xFF, 0x83, 0xFC, 0x0D, 0xE0, 0x07,
    0xF8, 0x3F, 0xF8, 0x7F, 0xC0, 0x1F, 0x00, 0x3F, 0x01, 0xFC, 0x0E, 0xFF, 0xF7, 0xFF, 0x1F, 0xF0,
    0x1F, 0xC0, 0xFF, 0x87, 0xFF, 0x1C, 0x1E, 0xF0, 0x3B, 0xC0, 0xEF, 0x00, 0x1C, 0x00, 0x7E, 0x00,
    0xFF, 0x01, 0xFF, 0x00, 0xFE, 0x00, 0x78, 0x00, 0xE0, 0x03, 0xF8, 0x0F, 0xE0, 0x3F, 0xC1, 0xE7,
    0xFF, 0x9F, 0xFC, 0x1F, 0xE0, 0x38, 0x00, 0xF8, 0x00, 0x70, 0x01, 0xC0, 0x3F, 0x00, 0xF8, 0x00,
    0x3F, 0xE3, 0xFF, 0x9F, 0xFF, 0xE0, 0xFF, 0x03, 0x78, 0x01, 0xFE, 0x0F, 0xFE, 0x1F, 0xF0, 0x07,
    0xC0, 0x0F, 0xC0, 0x7F, 0x03, 0xBF, 0xFD, 0xFF, 0xC7, 0xFC, 0x06, 0x00, 0x7E, 0x00, 0x70, 0x03,
    0x80, 0xFC, 0x07, 0xC0, 0x78, 0xF0, 0xF7, 0x81, 0xFC, 0x01, 0xE0, 0x00, 0x00, 0x00, 0x01, 0xFC,
    0x0F, 0xF8, 0x7F, 0xF1, 0xC1, 0xEF, 0x03, 0xBC, 0x0E, 0xF0, 0x01, 0xC0, 0x07, 0xE0, 0x0F, 0xF0,
    0x1F, 0xF0, 0x0F, 0xE0, 0x07, 0x80, 0x0E, 0x00, 0x3F, 0x80, 0xFE, 0x03, 0xFC, 0x1E, 0x7F, 0xF9,
    0xFF, 0xC1, 0xFE, 0x00, 0x78, 0xF1, 0xEF, 0x07, 0xF0, 0x0F, 0x00, 0x00, 0x00, 0x00, 0xFF, 0x8F,
    0xFE, 0x7F, 0xFF, 0x83, 0xFC, 0x0D, 0xE0, 0x07, 0xF8, 0x3F, 0xF8, 0x7F, 0xC0, 0x1F, 0x00, 0x3F,
    0x01, 0xFC, 0x0E, 0xFF, 0xF7, 0xFF, 0x1F, 0xF0, 0xFF, 0xFF, 0xFF, 0xFD, 0xFF, 0xF8, 0x1C, 0x00,
    0x38, 0x00, 0x70, 0x00, 0xE0, 0x01, 0xC0, 0x03, 0x80, 0x07, 0x00, 0x0E, 0x00, 0x1C, 0x00, 0x38,
    0x00, 0x70, 0x00, 0xE0, 0x01, 0xC0, 0x03, 0x80, 0x07, 0x00, 0x0E, 0x00, 0x1C, 0x00, 0x38, 0x00,
    0x30, 0x00, 0xF8, 0x00, 0x78, 0x00, 0x70, 0x07, 0xE0, 0x0F, 0x80, 0x07, 0x00, 0x0E, 0x00, 0x1C,
    0x00, 0x38, 0x0F, 0xFF, 0xDF, 0xFF, 0xBF, 0xFF, 0x03, 0x80, 0x07, 0x00, 0x0E, 0x00, 0x1C, 0x00,
    0x38, 0x00, 0x70, 0x00, 0xE0, 0x01, 0xC0, 0x03, 0x80, 0x07, 0x00, 0x0F, 0xF8, 0x1F, 0xF0, 0x1F,
    0xE0, 0x1C, 0x00, 0x3E, 0x00, 0x1E, 0x00, 0x1C, 0x03, 0xF8, 0x07, 0xE0, 0x3C, 0x78, 0x3D, 0xE0,
    0x3F, 0x80, 0x1E, 0x00, 0x00, 0x00, 0x00, 0x3F, 0xFF, 0xFF, 0xFF, 0x7F, 0xFE, 0x07, 0x00, 0x0E,
    0x00, 0x1C, 0x00, 0x38, 0x00, 0x70, 0x00, 0xE0, 0x01, 0xC0, 0x03, 0x80, 0x07, 0x00, 0x0E, 0x00,
    0x1C, 0x00, 0x38, 0x00, 0x70, 0x00, 0xE0, 0x01, 0xC0, 0x03, 0x80, 0x07, 0x00, 0x0E, 0x00, 0x00,
    0x38, 0x00, 0x70, 0x00, 0xE0, 0x3B, 0x80, 0x77, 0x00, 0xE0, 0x01, 0xC0, 0x7F, 0xFE, 0xFF, 0xFD,
    0xFF, 0xF8, 0x1C, 0x00, 0x38, 0x00, 0x70, 0x00, 0xE0, 0x01, 0xC0, 0x03, 0x80, 0x07, 0x00, 0x0E,
    0x00, 0x1C, 0x00, 0x38, 0x00, 0x7F, 0xC0, 0xFF, 0x80, 0xFF, 0x00, 0xFF, 0xFF, 0xFF, 0xFD, 0xFF,
    0xF8, 0x1C, 0x00, 0x38, 0x00, 0x70, 0x00, 0xE0, 0x01, 0xC0, 0x03, 0x80, 0x07, 0x00, 0xFF, 0xF1,
    0xFF, 0xE3, 0xFF, 0x80, 0x70, 0x00, 0xE0, 0x01, 0xC0, 0x03, 0x80, 0x07, 0x00, 0x0E, 0x00, 0x1C,
    0x00, 0x38, 0x00, 0x07, 0x00, 0x0E, 0x00, 0x1C, 0x00, 0x38, 0x0F, 0xFF, 0xDF, 0xFF, 0xBF, 0xFF,
    0x03, 0x80, 0x07, 0x00, 0x0E, 0x00, 0x1C, 0x03, 0xFF, 0xC7, 0xFF, 0x8F, 0xFF, 0x01, 0xC0, 0x03,
    0x80, 0x07, 0x00, 0x0F, 0xF8, 0x1F, 0xF0, 0x1F, 0xE0, 0x1E, 0x71, 0xFB, 0x8F, 0xF8, 0x67, 0xC0,
    0x00, 0x00, 0x03, 0xC0, 0xFE, 0x07, 0xF0, 0x3F, 0x81, 0xFC, 0x0F, 0xE0, 0x7F, 0x03, 0xF8, 0x1F,
    0xC0, 0xFE, 0x07, 0xF0, 0x3F, 0x81, 0xFC, 0x0F, 0xE0, 0x7F, 0x03, 0xF8, 0x1F, 0xC0, 0xEE, 0x0F,
    0x7F, 0xF1, 0xFF, 0x87, 0xF0, 0x1E, 0x71, 0xFB, 0x8F, 0xF8, 0x67, 0xC0, 0x00, 0x00, 0x00, 0x00,
    0x1E, 0x07, 0xF0, 0x3F, 0x81, 0xFC, 0x0F, 0xE0, 0x7F, 0x03, 0xF8, 0x1F, 0xC0, 0xFE, 0x07, 0xF0,
    0x3F, 0x81, 0xFC, 0x0E, 0xE0, 0xF7, 0xFF, 0x1F, 0xF0, 0x7F, 0x00, 0x3F, 0xE1, 0xFF, 0x8F, 0xFC,
    0x00, 0x00, 0x00, 0x00, 0x03, 0xC0, 0xFE, 0x07, 0xF0, 0x3F, 0x81, 0xFC, 0x0F, 0xE0, 0x7F, 0x03,
    0xF8, 0x1F, 0xC0, 0xFE, 0x07, 0xF0, 0x3F, 0x81, 0xFC, 0x0F, 0xE0, 0x7F, 0x03, 0xF8, 0x1F, 0xC0,
    0xEE, 0x0F, 0x7F, 0xF1, 0xFF, 0x87, 0xF0, 0x3F, 0xE1, 0xFF, 0x8F, 0xFC, 0x00, 0x00, 0x00, 0x00,
    0x03, 0xC0, 0xFE, 0x07, 0xF0, 0x3F, 0x81, 0xFC, 0x0F, 0xE0, 0x7F, 0x03, 0xF8, 0x1F, 0xC0, 0xFE,
    0x07, 0xF0, 0x3F, 0x81, 0xDC, 0x1E, 0xFF, 0xE3, 0xFE, 0x0F, 0xE0, 0x38, 0x71, 0xC7, 0x07, 0xF8,
    0x1F, 0x80, 0x00, 0x00, 0x03, 0xC0, 0xFE, 0x07, 0xF0, 0x3F, 0x81, 0xFC, 0x0F, 0xE0, 0x7F, 0x03,
    0xF8, 0x1F, 0xC0, 0xFE, 0x07, 0xF0, 0x3F, 0x81, 0xFC, 0x0F, 0xE0, 0x7F, 0x03, 0xF8, 0x1F, 0xC0,
    0xEE, 0x0F, 0x7F, 0xF1, 0xFF, 0x87, 0xF0, 0x38, 0x71, 0xC7, 0x07, 0xF8, 0x1F, 0x80, 0x00, 0x00,
    0x03, 0xC0, 0xFE, 0x07, 0xF0, 0x3F, 0x81, 0xFC, 0x0F, 0xE0, 0x7F, 0x03, 0xF8, 0x1F, 0xC0, 0xFE,
    0x07, 0xF0, 0x3F, 0x81, 0xDC, 0x1E, 0xFF, 0xE3, 0xFE, 0x0F, 0xE0, 0x0F, 0x80, 0xFE, 0x07, 0x70,
    0x31, 0xC1, 0xCC, 0x0F, 0xE0, 0x3E, 0x00, 0x00, 0xF0, 0x3F, 0x81, 0xFC, 0x0F, 0xE0, 0x7F, 0x03,
    0xF8, 0x1F, 0xC0, 0xFE, 0x07, 0xF0, 0x3F, 0x81, 0xFC, 0x0F, 0xE0, 0x7F, 0x03, 0xF8, 0x1F, 0xC0,
    0xFE, 0x07, 0xF0, 0x3B, 0x83, 0xDF, 0xFC, 0x7F, 0xE1, 0xFC, 0x00, 0x0F, 0x80, 0xFE, 0x07, 0x70,
    0x31, 0xC1, 0xCC, 0x0F, 0xE0, 0x3E, 0x00, 0x00, 0xF0, 0x3F, 0x81, 0xFC, 0x0F, 0xE0, 0x7F, 0x03,
    0xF8, 0x1F, 0xC0, 0xFE, 0x07, 0xF0, 0x3F, 0x81, 0xFC, 0x0F, 0xE0, 0x77, 0x07, 0xBF, 0xF8, 0xFF,
    0x83, 0xF8, 0x07, 0x38, 0x39, 0xE1, 0xEF, 0x0F, 0x78, 0x00, 0x00, 0x00, 0x0F, 0x03, 0xBC, 0x0E,
    0xF0, 0x3B, 0xC0, 0xEF, 0x03, 0xBC, 0x0E, 0xF0, 0x3B, 0xC0, 0xEF, 0x03, 0xBC, 0x0E, 0xF0, 0x3B,
    0xC0, 0xEF, 0x03, 0xBC, 0x0E, 0xF0, 0x3B, 0xC0, 0xEF, 0x03, 0x9C, 0x1E, 0x7F, 0xF0, 0xFF, 0xC1,
    0xFC, 0x00, 0x07, 0x38, 0x39, 0xE1, 0xEF, 0x0F, 0x78, 0x00, 0x00, 0x00, 0x0F, 0x03, 0xBC, 0x0E,
    0xF0, 0x3B, 0xC0, 0xEF, 0x03, 0xBC, 0x0E, 0xF0, 0x3B, 0xC0, 0xEF, 0x03, 0xBC, 0x0E, 0xF0, 0x3B,
    0xC0, 0xE7, 0x07, 0x9F, 0xFC, 0x3F, 0xE0, 0x7F, 0x00, 0xF0, 0x3F, 0x81, 0xFC, 0x0F, 0xE0, 0x7F,
    0x03, 0xF8, 0x1F, 0xC0, 0xFE, 0x07, 0xF0, 0x3F, 0x81, 0xFC, 0x0F, 0xE0, 0x7F, 0x03, 0xF8, 0x1F,
    0xC0, 0xFE, 0x07, 0xF0, 0x3B, 0x83, 0xDF, 0xFC, 0x7F, 0xE1, 0xFC, 0x01, 0xC0, 0x0C, 0x00, 0xE0,
    0x07, 0xE0, 0x3F, 0x80, 0xFC, 0xF0, 0x3F, 0x81, 0xFC, 0x0F, 0xE0, 0x7F, 0x03, 0xF8, 0x1F, 0xC0,
    0xFE, 0x07, 0xF0, 0x3F, 0x81, 0xFC, 0x0F, 0xE0, 0x77, 0x07, 0xBF, 0xF8, 0xFF, 0xC3, 0xFC, 0x03,
    0x80, 0x38, 0x01, 0xC0, 0x0F, 0x00, 0x7E, 0x00, 0xF0, 0x03, 0xE0, 0x03, 0xF8, 0x03, 0xDE, 0x03,
    0xC7, 0x80, 0x00, 0x00, 0x00, 0x03, 0x87, 0x8F, 0xE3, 0xC7, 0x71, 0xE3, 0xB8, 0xF1, 0xDC, 0xF8,
    0xEE, 0x7C, 0x77, 0x3E, 0x73, 0x9F, 0x39, 0xCD, 0xDC, 0xE6, 0xEE, 0x73, 0x77, 0x1F, 0xBB, 0x8F,
    0xCD, 0xC7, 0xE6, 0xE3, 0xF3, 0x61, 0xF1, 0xF0, 0xF8, 0xF8, 0x7C, 0x7C, 0x3E, 0x3E, 0x0F, 0x1F,
    0x07, 0x87, 0x80, 0x03, 0xE0, 0x03, 0xF8, 0x03, 0xDE, 0x03, 0xC7, 0x80, 0x00, 0x00, 0x00, 0x01,
    0xC7, 0x0E, 0xE3, 0xC7, 0x71, 0xE3, 0x39, 0xF3, 0x9C, 0xF9, 0xCE, 0x7C, 0xE3, 0x37, 0x71, 0xDB,
    0xB8, 0xED, 0xD8, 0x7E, 0xEC, 0x3F, 0x3E, 0x1F, 0x9F, 0x07, 0x8F, 0x83, 0xC7, 0xC1, 0xE3, 0xC0,
    0xF1, 0xE0, 0x07, 0xC0, 0x0F, 0xE0, 0x1E, 0xF0, 0x3C, 0x78, 0x00, 0x00, 0x00, 0x00, 0xE0, 0x0F,
    0xF0, 0x0E, 0x70, 0x1E, 0x78, 0x1C, 0x38, 0x3C, 0x3C, 0x38, 0x1C, 0x78, 0x1E, 0x70, 0x0E, 0xF0,
    0x0F, 0xE0, 0x07, 0xE0, 0x07, 0xC0, 0x03, 0xC0, 0x03, 0x80, 0x03, 0x80, 0x03, 0x80, 0x03, 0x80,
    0x03, 0x80, 0x03, 0x80, 0x03, 0x80, 0x03, 0x80, 0x07, 0xC0, 0x1F, 0xC0, 0x7B, 0xC1, 0xE3, 0xC0,
    0x00, 0x00, 0x00, 0x3C, 0x03, 0xB8, 0x0F, 0x78, 0x1C, 0x70, 0x78, 0xE0, 0xF1, 0xE1, 0xC1, 0xC7,
    0x83, 0xCE, 0x03, 0x9C, 0x07, 0x78, 0x0F, 0xE0, 0x0F, 0xC0, 0x1F, 0x00, 0x1E, 0x00, 0x3C, 0x00,
    0x70, 0x00, 0xE0, 0x03, 0xC0, 0x07, 0x00, 0x1E, 0x00, 0x38, 0x00, 0x1C, 0x78, 0x3E, 0x78, 0x3E,
    0x78, 0x1C, 0x78, 0x00, 0x00, 0x00, 0x00, 0xE0, 0x0F, 0xF0, 0x0E, 0x70, 0x1E, 0x78, 0x1C, 0x38,
    0x3C, 0x3C, 0x38, 0x1C, 0x78, 0x1E, 0x70, 0x0E, 0xF0, 0x0F, 0xE0, 0x07, 0xE0, 0x07, 0xC0, 0x03,
    0xC0, 0x03, 0x80, 0x03, 0x80, 0x03, 0x80, 0x03, 0x80, 0x03, 0x80, 0x03, 0x80, 0x03, 0x80, 0x03,
    0x80, 0x01, 0xE0, 0x1E, 0x00, 0xE0, 0x0F, 0x00, 0x00, 0x00, 0x03, 0xFF, 0xFF, 0xFF, 0x7F, 0xF8,
    0x03, 0xC0, 0x3C, 0x01, 0xC0, 0x1E, 0x00, 0xE0, 0x0F, 0x00, 0xF0, 0x07, 0x00, 0x78, 0x03, 0x80,
    0x3C, 0x03, 0xC0, 0x1C, 0x01, 0xE0, 0x0E, 0x00, 0xFF, 0xFF, 0xFF, 0xFF, 0xFE, 0x01, 0xE0, 0x1E,
    0x00, 0xE0, 0x0F, 0x00, 0x00, 0x00, 0x03, 0xFF, 0xFF, 0xFF, 0x7F, 0xF8, 0x07, 0x80, 0x78, 0x03,
    0xC0, 0x3C, 0x03, 0xC0, 0x3C, 0x03, 0xC0, 0x1C, 0x01, 0xE0, 0x1E, 0x01, 0xFF, 0xFF, 0xFF, 0xFF,
    0xFC, 0x07, 0x80, 0x7C, 0x03, 0xE0, 0x0F, 0x00, 0x00, 0x00, 0x03, 0xFF, 0xFF, 0xFF, 0x7F, 0xF8,
    0x03, 0xC0, 0x3C, 0x01, 0xC0, 0x1E, 0x00, 0xE0, 0x0F, 0x00, 0xF0, 0x07, 0x00, 0x78, 0x03, 0x80,
    0x3C, 0x03, 0xC0, 0x1C, 0x01, 0xE0, 0x0E, 0x00, 0xFF, 0xFF, 0xFF, 0xFF, 0xFE, 0x07, 0x80, 0x7C,
    0x03, 0xE0, 0x0F, 0x00, 0x00, 0x00, 0x00, 0x00, 0x1F, 0xFF, 0xFF, 0xFB, 0xFF, 0xC0, 0x3C, 0x03,
    0xC0, 0x1E, 0x01, 0xE0, 0x1E, 0x01, 0xE0, 0x1E, 0x00, 0xE0, 0x0F, 0x00, 0xF0, 0x0F, 0xFF, 0xFF,
    0xFF, 0xFF, 0xE0, 0x78, 0xF1, 0xEF, 0x07, 0xF0, 0x0F, 0x00, 0x00, 0x00, 0x03, 0xFF, 0xFF, 0xFF,
    0x7F, 0xF8, 0x03, 0xC0, 0x3C, 0x01, 0xC0, 0x1E, 0x00, 0xE0, 0x0F, 0x00, 0xF0, 0x07, 0x00, 0x78,
    0x03, 0x80, 0x3C, 0x03, 0xC0, 0x1C, 0x01, 0xE0, 0x0E, 0x00, 0xFF, 0xFF, 0xFF, 0xFF, 0xFE, 0x78,
    0xF1, 0xEF, 0x07, 0xF0, 0x0F, 0x00, 0x00, 0x00, 0x03, 0xFF, 0xFF, 0xFF, 0x7F, 0xF8, 0x07, 0x80,
    0x78, 0x03, 0xC0, 0x3C, 0x03, 0xC0, 0x3C, 0x03, 0xC0, 0x1C, 0x01, 0xE0, 0x1E, 0x01, 0xFF, 0xFF,
    0xFF, 0xFF, 0xFC, 0x1F, 0xEF, 0xFD, 0xFF, 0xB8, 0x0F, 0x01, 0xE0, 0x3C, 0x07, 0x80, 0xF0, 0x1E,
    0x03, 0xC0, 0x78, 0x0F, 0x01, 0xE0, 0x3C, 0x07, 0x80, 0xF0, 0x1E, 0x03, 0xC0, 0x78, 0x0F, 0x00,
    0xF0, 0xF0, 0xF0, 0xE0, 0x1C, 0x71, 0xE7, 0x80, 0x1E, 0x07, 0xF1, 0xEF, 0x78, 0xF0, 0x38, 0xDF,
    0x3E, 0xFF, 0x9E, 0x7F, 0xFF, 0xFF, 0xFC, 0xE1, 0xDC, 0x77, 0xF8, 0xFC, 0xF7, 0xFF, 0xE0, 0xF1,
    0xDE, 0x7F, 0xCF, 0xF8, 0xE0, 0x79, 0xFB, 0xF0, 0xF1, 0xC7, 0x8E, 0x00, 0x3E, 0x7E, 0x77, 0xE3,
    0x67, 0x7F, 0x3E, 0x1E, 0xF3, 0xCE, 0x39, 0xC7, 0x38, 0xF1, 0xEF, 0x78, 0xFE, 0x0F, 0x80, 0x73,
    0x87, 0x9C, 0x3C, 0xE1, 0xEF, 0x0E, 0x3C, 0x71, 0xE3, 0xCF, 0x1E, 0x00, 0x39, 0xCF, 0xEF, 0x00,
    0xF7, 0xFF, 0xE0, 0x3E, 0x7F, 0xE3, 0x77, 0x7E, 0x08, 0x3D, 0xE7, 0x3C, 0x30, 0xE1, 0xE1, 0xE1,
    0xFF, 0xFF, 0x00, 0x3C, 0xE1, 0xC3, 0x87, 0xE7, 0xC0, 0x7F, 0xFF, 0xFF, 0xFF, 0xFF, 0xFF, 0xFF,
    0xF0, 0x00, 0x07, 0x00, 0x0F, 0x00, 0x1E, 0x00, 0x1C, 0x00, 0x3C, 0x00, 0x78, 0x00, 0x70, 0x00,
    0xE0, 0x01, 0xE0, 0x03, 0xC0, 0x03, 0x80, 0x07, 0x00, 0x0F, 0x00, 0x1E, 0x00, 0x1C, 0x00, 0x38,
    0x00, 0x78, 0x00, 0x70, 0x00, 0x00, 0x70, 0x07, 0x00, 0x60, 0x0E, 0x00, 0xC0, 0x1C, 0x01, 0x80,
    0x38, 0x03, 0x80, 0x30, 0x07, 0x00, 0x60, 0x0E, 0x00, 0xE0, 0x0C, 0x01, 0xC0, 0x18, 0x03, 0x80,
    0x30, 0x07, 0x00, 0x70, 0x06, 0x00, 0x38, 0xF0, 0xF3, 0xC3, 0xCF, 0x0E, 0x3C, 0x00, 0x00, 0x00,
    0x07, 0xFF, 0x9F, 0xFE, 0x7F, 0xF9, 0xC0, 0x07, 0x00, 0x1C, 0x00, 0x70, 0x01, 0xC0, 0x07, 0x00,
    0x1F, 0xFC, 0x7F, 0xF1, 0xFF, 0xC7, 0x00, 0x1C, 0x00, 0x70, 0x01, 0xC0, 0x07, 0x00, 0x1C, 0x00,
    0x7F, 0xF9, 0xFF, 0xE7, 0xFF, 0x80, 0xFF, 0xC0, 0xFF, 0xC0, 0xFF, 0x80, 0x1C, 0x00, 0x1C, 0x00,
    0x1C, 0x00, 0x1C, 0x30, 0x1C, 0xFC, 0x1F, 0xFE, 0x1F, 0xDE, 0x1F, 0x0F, 0x1E, 0x0F, 0x1C, 0x07,
    0x1C, 0x07, 0x1C, 0x07, 0x1C, 0x07, 0x1C, 0x07, 0x1C, 0x07, 0x1C, 0x07, 0x1C, 0x07, 0x1C, 0x07,
    0x00, 0x0F, 0x00, 0x0F, 0x01, 0xFE, 0x01, 0xFC, 0x01, 0xF8, 0x01, 0xE0, 0x0F, 0x00, 0x78, 0x01,
    0xC0, 0x00, 0x00, 0x00, 0x0F, 0xFF, 0xBF, 0xFE, 0xFF, 0xFB, 0xC0, 0x0F, 0x00, 0x3C, 0x00, 0xF0,
    0x03, 0xC0, 0x0F, 0x00, 0x3C, 0x00, 0xF0, 0x03, 0xC0, 0x0F, 0x00, 0x3C, 0x00, 0xF0, 0x03, 0xC0,
    0x0F, 0x00, 0x3C, 0x00, 0xF0, 0x03, 0xC0, 0x0F, 0x00, 0x00, 0x1F, 0xE0, 0xFF, 0xC7, 0xFF, 0x9C,
    0x1E, 0xF0, 0x3B, 0xC0, 0xEF, 0x00, 0x3C, 0x00, 0xFF, 0xC3, 0xFF, 0x0F, 0xFC, 0x3C, 0x00, 0xF0,
    0x03, 0xC0, 0x0F, 0x00, 0x3C, 0x0E, 0xF0, 0x39, 0xE1, 0xE7, 0xFF, 0x8F, 0xFC, 0x1F, 0xE0, 0x1F,
    0xC0, 0xFF, 0x87, 0xFF, 0x1C, 0x1E, 0xF0, 0x3B, 0xC0, 0xEF, 0x00, 0x1C, 0x00, 0x7E, 0x00, 0xFF,
    0x01, 0xFF, 0x00, 0xFE, 0x00, 0x78, 0x00, 0xE0, 0x03, 0xF8, 0x0F, 0xE0, 0x3F, 0xC1, 0xE7, 0xFF,
    0x9F, 0xFC, 0x1F, 0xE0, 0xFF, 0xFF, 0xFF, 0xFF, 0xE0, 0xE0, 0x0E, 0x00, 0xE0, 0x0E, 0x00, 0xE0,
    0x0E, 0x00, 0xE0, 0x0E, 0x00, 0xE0, 0x0E, 0x00, 0xE0, 0x0E, 0x00, 0xE0, 0x0E, 0x00, 0xE0, 0xFF,
    0xEF, 0xFF, 0xFF, 0xF0, 0x71, 0xEF, 0x9E, 0xF9, 0xE7, 0x1E, 0x00, 0x00, 0x00, 0xFF, 0xFF, 0xFF,
    0xFF, 0xE0, 0xE0, 0x0E, 0x00, 0xE0, 0x0E, 0x00, 0xE0, 0x0E, 0x00, 0xE0, 0x0E, 0x00, 0xE0, 0x0E,
    0x00, 0xE0, 0x0E, 0x00, 0xE0, 0x0E, 0x00, 0xE0, 0xFF, 0xEF, 0xFF, 0xFF, 0xF0, 0x00, 0x3C, 0x00,
    0xF0, 0x03, 0xC0, 0x0F, 0x00, 0x3C, 0x00, 0xF0, 0x03, 0xC0, 0x0F, 0x00, 0x3C, 0x00, 0xF0, 0x03,
    0xC0, 0x0F, 0x00, 0x3C, 0x00, 0xFE, 0x03, 0xF8, 0x0F, 0xF0, 0x3F, 0xC1, 0xE7, 0xFF, 0x8F, 0xFC,
    0x1F, 0xE0, 0x1F, 0xF0, 0x07, 0xFC, 0x01, 0xFF, 0x00, 0x71, 0xC0, 0x1C, 0x70, 0x07, 0x1C, 0x01,
    0xC7, 0x00, 0x71, 0xC0, 0x1C, 0x7C, 0x07, 0x1F, 0xE1, 0xC7, 0xF8, 0x71, 0xCF, 0x1C, 0x71, 0xC7,
    0x1C, 0x71, 0xC7, 0x1C, 0x71, 0xC7, 0x1C, 0x71, 0xCF, 0x1C, 0x77, 0x87, 0xFF, 0xE1, 0xFE, 0xF0,
    0x7F, 0x00, 0xE1, 0xC0, 0xE1, 0xC0, 0xE1, 0xC0, 0xE1, 0xC0, 0xE1, 0xC0, 0xE1, 0xC0, 0xE1, 0xC0,
    0xE1, 0xC0, 0xFF, 0xF0, 0xFF, 0xFC, 0xFF, 0xFE, 0xE1, 0xCF, 0xE1, 0xC7, 0xE1, 0xC7, 0xE1, 0xC7,
    0xE1, 0xC7, 0xE1, 0xC7, 0xE1, 0xC7, 0xE1, 0xFF, 0xE1, 0xFE, 0xE1, 0xFC, 0xFF, 0xC0, 0xFF, 0xC0,
    0xFF, 0x80, 0x1C, 0x00, 0x1C, 0x00, 0x1C, 0x00, 0x1C, 0x30, 0x1C, 0xFC, 0x1F, 0xFE, 0x1F, 0xDE,
    0x1F, 0x0F, 0x1E, 0x0F, 0x1C, 0x07, 0x1C, 0x07, 0x1C, 0x07, 0x1C, 0x07, 0x1C, 0x07, 0x1C, 0x07,
    0x1C, 0x07, 0x1C, 0x07, 0x1C, 0x07, 0x01, 0xE0, 0x07, 0x80, 0x0E, 0x00, 0x3C, 0x00, 0x00, 0x00,
    0x00, 0x3C, 0x0F, 0x78, 0x1E, 0xF0, 0x79, 0xE0, 0xF3, 0xC3, 0xC7, 0x87, 0x0F, 0x1E, 0x1E, 0x38,
    0x3C, 0xF0, 0x7F, 0xC0, 0xFF, 0x81, 0xFF, 0x83, 0xC7, 0x07, 0x8F, 0x0F, 0x0E, 0x1E, 0x1E, 0x3C,
    0x1C, 0x78, 0x3C, 0xF0, 0x39, 0xE0, 0x7B, 0xC0, 0x70, 0x1C, 0x38, 0x38, 0xE0, 0x3F, 0xC0, 0x3F,
    0x00, 0x00, 0x00, 0x00, 0x3C, 0x03, 0xB8, 0x0F, 0x78, 0x1C, 0xF0, 0x38, 0xE0, 0xF1, 0xE1, 0xC1,
    0xC3, 0x83, 0x8F, 0x07, 0x9C, 0x07, 0x38, 0x0F, 0xF0, 0x0F, 0xC0, 0x1F, 0x80, 0x3E, 0x00, 0x3C,
    0x00, 0x78, 0x00, 0xE0, 0x01, 0xC0, 0x07, 0x80, 0x0E, 0x00, 0x3C, 0x00, 0xF0, 0x3F, 0x81, 0xFC,
    0x0F, 0xE0, 0x7F, 0x03, 0xF8, 0x1F, 0xC0, 0xFE, 0x07, 0xF0, 0x3F, 0x81, 0xFC, 0x0F, 0xE0, 0x7F,
    0x03, 0xF8, 0x1F, 0xC0, 0xFE, 0x07, 0xF0, 0x3F, 0x81, 0xFF, 0xFF, 0xFF, 0xFF, 0xFF, 0x83, 0x80,
    0x1C, 0x00, 0xE0, 0x07, 0x00, 0x07, 0xC0, 0x0F, 0x80, 0x1F, 0x00, 0x3F, 0x00, 0xFE, 0x01, 0xDC,
    0x03, 0xBC, 0x07, 0x38, 0x1E, 0x70, 0x38, 0xE0, 0x71, 0xE0, 0xE1, 0xC3, 0xC3, 0x87, 0xFF, 0x0F,
    0xFF, 0x1F, 0xFE, 0x78, 0x1C, 0xE0, 0x39, 0xC0, 0x7F, 0x80, 0x7F, 0x00, 0xE0, 0xFF, 0xFB, 0xFF,
    0xEF, 0xFF, 0xBC, 0x00, 0xF0, 0x03, 0xC0, 0x0F, 0x00, 0x3C, 0x00, 0xFF, 0x03, 0xFF, 0x8F, 0xFF,
    0x3C, 0x3E, 0xF0, 0x3B, 0xC0, 0xFF, 0x03, 0xFC, 0x0F, 0xF0, 0x3F, 0xC1, 0xEF, 0xFF, 0xBF, 0xFC,
    0xFF, 0xE0, 0xFF, 0xC3, 0xFF, 0xCF, 0xFF, 0x3C, 0x1E, 0xF0, 0x3B, 0xC0, 0xEF, 0x03, 0xBC, 0x1E,
    0xF0, 0xF3, 0xFF, 0x8F, 0xFE, 0x3F, 0xFC, 0xF0, 0x7B, 0xC0, 0xEF, 0x03, 0xFC, 0x0F, 0xF0, 0x3F,
    0xC1, 0xEF, 0xFF, 0xBF, 0xFC, 0xFF, 0xE0, 0xFF, 0xFB, 0xFF, 0xEF, 0xFF, 0xBC, 0x00, 0xF0, 0x03,
    0xC0, 0x0F, 0x00, 0x3C, 0x00, 0xF0, 0x03, 0xC0, 0x0F, 0x00, 0x3C, 0x00, 0xF0, 0x03, 0xC0, 0x0F,
    0x00, 0x3C, 0x00, 0xF0, 0x03, 0xC0, 0x0F, 0x00, 0x3C, 0x00, 0xF0, 0x00, 0x1F, 0xFE, 0x0F, 0xFF,
    0x07, 0xFF, 0x83, 0xC1, 0xC1, 0xE0, 0xE0, 0xF0, 0x70, 0x78, 0x38, 0x3C, 0x1C, 0x1E, 0x0E, 0x0F,
    0x07, 0x07, 0x83, 0x83, 0xC1, 0xC1, 0xE0, 0xE0, 0xE0, 0x70, 0x70, 0x38, 0x38, 0x1C, 0x1C, 0x0E,
    0x1E, 0x07, 0x1F, 0xFF, 0xFF, 0xFF, 0xFF, 0xFF, 0xFF, 0x00, 0x1F, 0x80, 0x0F, 0xC0, 0x07, 0xE0,
    0x03, 0x80, 0x7F, 0xF9, 0xFF, 0xE7, 0xFF, 0x9C, 0x00, 0x70, 0x01, 0xC0, 0x07, 0x00, 0x1C, 0x00,
    0x70, 0x01, 0xFF, 0xC7, 0xFF, 0x1F, 0xFC, 0x70, 0x01, 0xC0, 0x07, 0x00, 0x1C, 0x00, 0x70, 0x01,
    0xC0, 0x07, 0xFF, 0x9F, 0xFE, 0x7F, 0xF8, 0xF1, 0xC3, 0x9C, 0x71, 0xE7, 0x1C, 0x71, 0xE7, 0x1C,
    0x39, 0xCF, 0x0E, 0x73, 0x83, 0xDC, 0xE0, 0x77, 0x78, 0x1D, 0xDC, 0x07, 0xFF, 0x00, 0xFF, 0xC0,
    0x7F, 0xF0, 0x1D, 0xDE, 0x0F, 0x73, 0x83, 0x9C, 0xE0, 0xE7, 0x3C, 0x79, 0xC7, 0x1C, 0x71, 0xC7,
    0x1C, 0x7B, 0xC7, 0x0E, 0xE1, 0xC3, 0x80, 0x0F, 0xE0, 0x3F, 0xF0, 0xFF, 0xE3, 0xC1, 0xE7, 0x01,
    0xCE, 0x03, 0x80, 0x07, 0x00, 0x1E, 0x07, 0xF8, 0x0F, 0xE0, 0x1F, 0xE0, 0x03, 0xE0, 0x01, 0xC0,
    0x03, 0xC0, 0x07, 0xF8, 0x0F, 0xF0, 0x1E, 0xF0, 0x79, 0xFF, 0xF1, 0xFF, 0xC0, 0xFE, 0x00, 0xF0,
    0x7F, 0x87, 0xFC, 0x3F, 0xE1, 0xFF, 0x1F, 0xF8, 0xFF, 0xC7, 0xFE, 0x77, 0xF3, 0xBF, 0x9D, 0xFD,
    0xCF, 0xEE, 0x7E, 0xF3, 0xF7, 0x1F, 0xB8, 0xFF, 0x87, 0xFC, 0x3F, 0xE1, 0xFE, 0x0F, 0xF0, 0x7F,
    0x83, 0x80, 0x38, 0x71, 0xC7, 0x07, 0xF8, 0x1F, 0x80, 0x00, 0x00, 0x03, 0xC1, 0xFE, 0x1F, 0xF0,
    0xFF, 0x87, 0xFC, 0x7F, 0xE3, 0xFF, 0x1F, 0xF9, 0xDF, 0xCE, 0xFE, 0x77, 0xF7, 0x3F, 0xB9, 0xFB,
    0xCF, 0xDC, 0x7E, 0xE3, 0xFE, 0x1F, 0xF0, 0xFF, 0x87, 0xF8, 0x3F, 0xC1, 0xFE, 0x0E, 0xF0, 0x3D,
    0xE0, 0x7B, 0xC1, 0xE7, 0x83, 0xCF, 0x0F, 0x1E, 0x1C, 0x3C, 0x78, 0x78, 0xE0, 0xF3, 0xC1, 0xFF,
    0x03, 0xFE, 0x07, 0xFE, 0x0F, 0x1C, 0x1E, 0x3C, 0x3C, 0x38, 0x78, 0x78, 0xF0, 0x71, 0xE0, 0xF3,
    0xC0, 0xE7, 0x81, 0xEF, 0x01, 0xC0, 0x1F, 0xFE, 0x3F, 0xFC, 0x7F, 0xF8, 0xF0, 0x71, 0xE0, 0xE3,
    0xC1, 0xC7, 0x83, 0x8F, 0x07, 0x1E, 0x0E, 0x3C, 0x1C, 0x78, 0x38, 0xF0, 0x71, 0xE0, 0xE3, 0xC1,
    0xC7, 0x03, 0x8E, 0x07, 0x1C, 0x0E, 0x38, 0x1D, 0xF0, 0x3F, 0xC0, 0x7F, 0x00, 0xE0, 0xF0, 0x7F,
    0xE1, 0xFF, 0x8F, 0xFE, 0x3F, 0xFC, 0xDF, 0xF7, 0x7E, 0xDF, 0xFB, 0xEF, 0xEF, 0xBF, 0xBE, 0xFE,
    0x73, 0xF9, 0xCF, 0xE0, 0x3F, 0x80, 0xFE, 0x03, 0xF8, 0x0F, 0xE0, 0x3F, 0x80, 0xFE, 0x03, 0xF8,
    0x0F, 0xE0, 0x3C, 0xF0, 0x3F, 0x81, 0xFC, 0x0F, 0xE0, 0x7F, 0x03, 0xF8, 0x1F, 0xC0, 0xFE, 0x07,
    0xF0, 0x3F, 0xFF, 0xFF, 0xFF, 0xFF, 0xFF, 0x03, 0xF8, 0x1F, 0xC0, 0xFE, 0x07, 0xF0, 0x3F, 0x81,
    0xFC, 0x0F, 0xE0, 0x7F, 0x03, 0x80, 0x1F, 0xC1, 0xFF, 0x9F, 0xFC, 0xE0, 0xFF, 0x03, 0xF8, 0x1F,
    0xC0, 0xFE, 0x07, 0xF0, 0x3F, 0x81, 0xFC, 0x0F, 0xE0, 0x7F, 0x03, 0xF8, 0x1F, 0xC0, 0xFE, 0x07,
    0xF0, 0x3B, 0x83, 0xDF, 0xFC, 0x7F, 0xE1, 0xFC, 0x00, 0xFF, 0xFF, 0xFF, 0xFF, 0xFF, 0xE0, 0x7F,
    0x03, 0xF8, 0x1F, 0xC0, 0xFE, 0x07, 0xF0, 0x3F, 0x81, 0xFC, 0x0F, 0xE0, 0x7F, 0x03, 0xF8, 0x1F,
    0xC0, 0xFE, 0x07, 0xF0, 0x3F, 0x81, 0xFC, 0x0F, 0xE0, 0x7F, 0x03, 0x80, 0xFF, 0xE3, 0xFF, 0xCF,
    0xFF, 0xBC, 0x0F, 0xF0, 0x1F, 0xC0, 0x7F, 0x01, 0xFC, 0x07, 0xF0, 0x3F, 0xC3, 0xEF, 0xFF, 0xBF,
    0xFC, 0xFF, 0x83, 0xC0, 0x0F, 0x00, 0x3C, 0x00, 0xF0, 0x03, 0xC0, 0x0F, 0x00, 0x3C, 0x00, 0xF0,
    0x00, 0x1F, 0xE0, 0xFF, 0xC7, 0xFF, 0x9E, 0x1E, 0xF0, 0x3B, 0xC0, 0xEF, 0x00, 0x3C, 0x00, 0xF0,
    0x03, 0xC0, 0x0F, 0x00, 0x3C, 0x00, 0xF0, 0x03, 0xC0, 0x0F, 0x00, 0x3C, 0x0E, 0xF0, 0x39, 0xE1,
    0xE7, 0xFF, 0x8F, 0xFC, 0x1F, 0xE0, 0xFF, 0xFF, 0xFF, 0xFD, 0xFF, 0xF8, 0x1C, 0x00, 0x38, 0x00,
    0x70, 0x00, 0xE0, 0x01, 0xC0, 0x03, 0x80, 0x07, 0x00, 0x0E, 0x00, 0x1C, 0x00, 0x38, 0x00, 0x70,
    0x00, 0xE0, 0x01, 0xC0, 0x03, 0x80, 0x07, 0x00, 0x0E, 0x00, 0x1C, 0x00, 0x38, 0x00, 0xF0, 0x0E,
    0xE0, 0x3D, 0xE0, 0x73, 0xC0, 0xE3, 0x83, 0xC7, 0x87, 0x07, 0x0E, 0x0E, 0x3C, 0x1E, 0x70, 0x1C,
    0xE0, 0x3F, 0xC0, 0x3F, 0x00, 0x7E, 0x00, 0xF8, 0x00, 0xF0, 0x01, 0xE0, 0x03, 0x80, 0x07, 0x00,
    0x1E, 0x00, 0x38, 0x00, 0xF0, 0x00, 0x03, 0x80, 0x03, 0x80, 0x07, 0xC0, 0x1F, 0xF8, 0x3F, 0xFC,
    0x7F, 0xBE, 0xF3, 0x9E, 0xE3, 0x8E, 0xE3, 0x8E, 0xE3, 0x8E, 0xE3, 0x8E, 0xE3, 0x8E, 0xE3, 0x8E,
    0xE3, 0x8E, 0xE3, 0x8E, 0xE3, 0x8E, 0xE3, 0x8E, 0xF3, 0x9E, 0x7F, 0xFC, 0x3F, 0xFC, 0x1F, 0xF0,
    0x03, 0x80, 0x03, 0x80, 0x03, 0x80, 0xF0, 0x1E, 0x78, 0x1C, 0x78, 0x3C, 0x3C, 0x38, 0x1C, 0x78,
    0x1E, 0x70, 0x0E, 0xF0, 0x0F, 0xE0, 0x07, 0xE0, 0x07, 0xC0, 0x03, 0xC0, 0x07, 0xC0, 0x07, 0xE0,
    0x0F, 0xE0, 0x1E, 0xF0, 0x1C, 0x78, 0x3C, 0x78, 0x38, 0x3C, 0x78, 0x3C, 0x70, 0x1E, 0xF0, 0x0E,
    0xF0, 0x79, 0xE0, 0xF3, 0xC1, 0xE7, 0x83, 0xCF, 0x07, 0x9E, 0x0F, 0x3C, 0x1E, 0x78, 0x3C, 0xF0,
    0x79, 0xE0, 0xF3, 0xC1, 0xE7, 0x83, 0xCF, 0x07, 0x9E, 0x0F, 0x3C, 0x1E, 0x78, 0x3C, 0xF0, 0x79,
    0xE0, 0xF3, 0xFF, 0xF7, 0xFF, 0xFF, 0xFF, 0xE0, 0x01, 0xC0, 0x03, 0x80, 0x07, 0x00, 0x0E, 0xE0,
    0x3F, 0x01, 0xF8, 0x0F, 0xC0, 0x7E, 0x03, 0xF0, 0x1F, 0x80, 0xFC, 0x07, 0xE0, 0x3F, 0x81, 0xFE,
    0x0E, 0xFF, 0xF3, 0xFF, 0x87, 0xFC, 0x00, 0xE0, 0x07, 0x00, 0x38, 0x01, 0xC0, 0x0E, 0x00, 0x70,
    0x03, 0x80, 0xF3, 0x8F, 0xE7, 0x1F, 0xCE, 0x3F, 0x9C, 0x7F, 0x38, 0xFE, 0x71, 0xFC, 0xE3, 0xF9,
    0xC7, 0xF3, 0x8F, 0xE7, 0x1F, 0xCE, 0x3F, 0x9C, 0x7F, 0x38, 0xFE, 0x71, 0xFC, 0xE3, 0xF9, 0xC7,
    0xF3, 0x8F, 0xE7, 0x1F, 0xFF, 0xFF, 0xFF, 0xFF, 0xFF, 0xE0, 0xE3, 0x8E, 0x71, 0xC7, 0x38, 0xE3,
    0x9C, 0x71, 0xCE, 0x38, 0xE7, 0x1C, 0x73, 0x8E, 0x39, 0xC7, 0x1C, 0xE3, 0x8E, 0x71, 0xC7, 0x38,
    0xE3, 0x9C, 0x71, 0xCE, 0x38, 0xE7, 0x1C, 0x73, 0x8E, 0x39, 0xC7, 0x1C, 0xE3, 0x8E, 0x71, 0xC7,
    0x3F, 0xFF, 0xDF, 0xFF, 0xFF, 0xFF, 0xF8, 0x00, 0x1C, 0x00, 0x0E, 0x00, 0x07, 0x00, 0x03, 0x80,
    0xFF, 0x00, 0x7F, 0x80, 0x1F, 0xC0, 0x00, 0xE0, 0x00, 0x70, 0x00, 0x38, 0x00, 0x1C, 0x00, 0x0E,
    0x00, 0x07, 0xF0, 0x03, 0xFF, 0x01, 0xFF, 0xC0, 0xE3, 0xE0, 0x70, 0x78, 0x38, 0x1C, 0x1C, 0x0E,
    0x0E, 0x07, 0x07, 0x03, 0x83, 0x83, 0xC1, 0xFF, 0xC0, 0xFF, 0xC0, 0x7F, 0xC0, 0xF0, 0x0F, 0xE0,
    0x1F, 0xC0, 0x3F, 0x80, 0x7F, 0x00, 0xFE, 0x01, 0xFC, 0x03, 0xF8, 0x07, 0xFC, 0x0F, 0xFE, 0x1F,
    0xFE, 0x3F, 0xBE, 0x7F, 0x1C, 0xFE, 0x3D, 0xFC, 0x7B, 0xF8, 0xF7, 0xF1, 0xCF, 0xE3, 0x9F, 0xFF,
    0x3F, 0xFC, 0x7F, 0xF0, 0xE0, 0xF0, 0x03, 0xC0, 0x0F, 0x00, 0x3C, 0x00, 0xF0, 0x03, 0xC0, 0x0F,
    0x00, 0x3C, 0x00, 0xFF, 0x83, 0xFF, 0xCF, 0xFF, 0xBC, 0x3E, 0xF0, 0x3F, 0xC0, 0x7F, 0x01, 0xFC,
    0x07, 0xF0, 0x1F, 0xC0, 0xFF, 0xFF, 0xBF, 0xFC, 0xFF, 0xE0, 0x1F, 0xC1, 0xFF, 0x1F, 0xFD, 0xE0,
    0xFE, 0x03, 0xF0, 0x1C, 0x00, 0xE0, 0x07, 0x0F, 0xF8, 0xFF, 0xC7, 0xFE, 0x00, 0x70, 0x03, 0x80,
    0x1C, 0x00, 0xFC, 0x07, 0xF0, 0x7F, 0x83, 0xDF, 0xFC, 0x7F, 0xC1, 0xFC, 0x00, 0xF0, 0xFC, 0xF1,
    0xFE, 0xF3, 0xFE, 0xF3, 0x8F, 0xF3, 0x87, 0xF7, 0x07, 0xF7, 0x07, 0xF7, 0x07, 0xFF, 0x07, 0xFF,
    0x07, 0xFF, 0x07, 0xF7, 0x07, 0xF7, 0x07, 0xF7, 0x07, 0xF7, 0x07, 0xF3, 0x07, 0xF3, 0x87, 0xF3,
    0x8F, 0xF3, 0xFE, 0xF1, 0xFE, 0xF0, 0xFC, 0x0F, 0xFC, 0xFF, 0xF3, 0xFF, 0xDE, 0x07, 0x70, 0x1D,
    0xC0, 0x77, 0x01, 0xDC, 0x07, 0x78, 0x1D, 0xF0, 0x73, 0xFF, 0xC7, 0xFF, 0x0F, 0xFC, 0x38, 0x71,
    0xE1, 0xC7, 0x87, 0x3C, 0x1C, 0xF0, 0x77, 0x81, 0xDE, 0x07, 0xF0, 0x1C, 0x0F, 0xF0, 0x7F, 0xE3,
    0xFF, 0x9E, 0x0F, 0x00, 0x1C, 0x00, 0x71, 0xFF, 0xCF, 0xFF, 0x7F, 0xFD, 0xC0, 0x77, 0x01, 0xDC,
    0x07, 0x78, 0x3D, 0xFF, 0xF3, 0xFF, 0xC7, 0xF7, 0x00, 0x70, 0x7F, 0x8F, 0xFC, 0x7F, 0xE7, 0x80,
    0x38, 0x03, 0x80, 0x1D, 0xFC, 0xFF, 0xF7, 0xFF, 0xBC, 0x1F, 0xE0, 0x7F, 0x03, 0xF0, 0x1F, 0x80,
    0xFC, 0x07, 0xF0, 0x3F, 0x81, 0xDC, 0x1E, 0xFF, 0xE3, 0xFF, 0x0F, 0xE0, 0xFF, 0xE3, 0xFF, 0xCF,
    0xFF, 0xBC, 0x0E, 0xF0, 0x3B, 0xC0, 0xEF, 0xFF, 0x3F, 0xF8, 0xFF, 0xFB, 0xC1, 0xEF, 0x03, 0xBC,
    0x0F, 0xF0, 0x3B, 0xFF, 0xEF, 0xFF, 0xBF, 0xF8, 0x7F, 0xFB, 0xFF, 0xDF, 0xFC, 0xE0, 0x07, 0x00,
    0x38, 0x01, 0xC0, 0x0E, 0x00, 0x70, 0x03, 0x80, 0x1C, 0x00, 0xE0, 0x07, 0x00, 0x38, 0x01, 0xC0,
    0x0E, 0x00, 0x1F, 0xFE, 0x0F, 0xFF, 0x07, 0xFF, 0x83, 0xC3, 0xC1, 0xE1, 0xE0, 0xF0, 0xF0, 0x78,
    0x78, 0x3C, 0x3C, 0x1C, 0x1E, 0x0E, 0x0F, 0x07, 0x07, 0x83, 0x83, 0xC3, 0xC1, 0xE3, 0xFF, 0xFF,
    0xFF, 0xFF, 0xFF, 0xFF, 0xE0, 0x03, 0xF0, 0x01, 0xF8, 0x00, 0xFC, 0x00, 0x70, 0x1F, 0xC1, 0xFF,
    0x9F, 0xFC, 0xE0, 0xFF, 0x03, 0xF0, 0x1F, 0xFF, 0xFF, 0xFF, 0xFF, 0xFF, 0x00, 0x38, 0x01, 0xE0,
    0x77, 0x07, 0xBF, 0xFC, 0xFF, 0xC3, 0xF8, 0xF1, 0xC3, 0xB8, 0xE3, 0x9E, 0x71, 0xC7, 0x39, 0xE3,
    0xDC, 0xE0, 0xEE, 0xF0, 0x7F, 0xF0, 0x3F, 0xF8, 0x1F, 0xFC, 0x0E, 0xEF, 0x0F, 0x73, 0x87, 0x39,
    0xC3, 0x9C, 0xF3, 0x8E, 0x39, 0xC7, 0x1F, 0xE3, 0x87, 0x3F, 0xE1, 0xFF, 0xCF, 0xFF, 0xBC, 0x1E,
    0x00, 0x38, 0x01, 0xE0, 0xFF, 0x07, 0xF8, 0x1F, 0xF8, 0x03, 0xE0, 0x03, 0xB8, 0x0F, 0xE0, 0x3B,
    0xFF, 0xE7, 0xFF, 0x0F, 0xF8, 0xF0, 0x7F, 0x87, 0xFC, 0x3F, 0xE3, 0xFF, 0x1F, 0xF9, 0xFF, 0xCE,
    0xFE, 0xF7, 0xF7, 0x3F, 0xF9, 0xFB, 0x8F, 0xFC, 0x7F, 0xC3, 0xFE, 0x1F, 0xE0, 0xFF, 0x07, 0x38,
    0x71, 0xC7, 0x07, 0xF8, 0x1F, 0x80, 0x00, 0x00, 0x03, 0xC1, 0xFE, 0x1F, 0xF0, 0xFF, 0x8F, 0xFC,
    0x7F, 0xE7, 0xFF, 0x3B, 0xFB, 0xDF, 0xDC, 0xFF, 0xE7, 0xEE, 0x3F, 0xF1, 0xFF, 0x0F, 0xF8, 0x7F,
    0x83, 0xFC, 0x1C, 0x70, 0x3C, 0xE0, 0x79, 0xC1, 0xE3, 0x87, 0x87, 0x0F, 0x0E, 0x3C, 0x1F, 0xF0,
    0x3F, 0xE0, 0x7F, 0xC0, 0xE3, 0xC1, 0xC7, 0x83, 0x87, 0x87, 0x07, 0x0E, 0x0F, 0x1C, 0x0F, 0x38,
    0x0E, 0x1F, 0xFE, 0x3F, 0xFC, 0x7F, 0xF8, 0xF0, 0x71, 0xE0, 0xE3, 0xC1, 0xC7, 0x83, 0x8F, 0x07,
    0x1E, 0x0E, 0x3C, 0x1C, 0x70, 0x38, 0xE0, 0x71, 0xC0, 0xEF, 0x81, 0xFE, 0x03, 0xF8, 0x07, 0xF0,
    0x7F, 0xC1, 0xFF, 0x8F, 0xFE, 0x3F, 0xFC, 0xDF, 0xF7, 0x7E, 0xDB, 0xFB, 0xEF, 0xE7, 0xBF, 0x9C,
    0xFE, 0x03, 0xF8, 0x0F, 0xE0, 0x3F, 0x80, 0xFE, 0x03, 0xF8, 0x0F, 0xF0, 0x3F, 0x81, 0xFC, 0x0F,
    0xE0, 0x7F, 0x03, 0xF8, 0x1F, 0xFF, 0xFF, 0xFF, 0xFF, 0xFF, 0x81, 0xFC, 0x0F, 0xE0, 0x7F, 0x03,
    0xF8, 0x1F, 0xC0, 0xFE, 0x07, 0x1F, 0xC1, 0xFF, 0x9F, 0xFC, 0xE0, 0xFF, 0x03, 0xF0, 0x1F, 0x80,
    0xFC, 0x07, 0xE0, 0x3F, 0x01, 0xF8, 0x0F, 0xE0, 0x77, 0x07, 0xBF, 0xF8, 0xFF, 0xC3, 0xF8, 0xFF,
    0xFF, 0xFF, 0xFF, 0xFF, 0xE0, 0x7F, 0x03, 0xF8, 0x1F, 0xC0, 0xFE, 0x07, 0xF0, 0x3F, 0x81, 0xFC,
    0x0F, 0xE0, 0x7F, 0x03, 0xF8, 0x1F, 0xC0, 0xFE, 0x07, 0xF7, 0xE7, 0xFF, 0xBF, 0xFF, 0xF0, 0xFF,
    0x03, 0xF8, 0x1F, 0xC0, 0xFE, 0x07, 0xF0, 0x3F, 0x81, 0xFC, 0x0F, 0xE0, 0x7F, 0x87, 0xFF, 0xFF,
    0xFF, 0xDE, 0xFC, 0xF0, 0x07, 0x80, 0x3C, 0x01, 0xE0, 0x0F, 0x00, 0x00, 0x1F, 0xE0, 0xFF, 0xC7,
    0xFF, 0x9C, 0x1E, 0xF0, 0x3B, 0xC0, 0xEF, 0x00, 0x3C, 0x00, 0xF0, 0x03, 0xC0, 0x0F, 0x03, 0xBC,
    0x0E, 0x70, 0x79, 0xFF, 0xE3, 0xFF, 0x07, 0xF8, 0xFF, 0xFF, 0xFF, 0xFD, 0xFF, 0xF8, 0x1C, 0x00,
    0x38, 0x00, 0x70, 0x00, 0xE0, 0x01, 0xC0, 0x03, 0x80, 0x07, 0x00, 0x0E, 0x00, 0x1C, 0x00, 0x38,
    0x00, 0x70, 0x00, 0xE0, 0x01, 0xC0, 0xF0, 0x0E, 0xE0, 0x3D, 0xE0, 0x71, 0xC1, 0xE3, 0x83, 0xC7,
    0x87, 0x07, 0x1E, 0x0F, 0x38, 0x0E, 0x70, 0x1D, 0xE0, 0x3F, 0x80, 0x3F, 0x00, 0x7C, 0x00, 0x78,
    0x00, 0xF0, 0x01, 0xC0, 0x03, 0x80, 0x0F, 0x00, 0x1C, 0x00, 0x78, 0x00, 0xE0, 0x00, 0x03, 0x80,
    0x03, 0x80, 0x03, 0x80, 0x03, 0x80, 0x03, 0x80, 0x1F, 0xF0, 0x3F, 0xFC, 0x7F, 0xFC, 0x73, 0x9E,
    0xF3, 0x8E, 0xE3, 0x8E, 0xE3, 0x8E, 0xE3, 0x8E, 0xE3, 0x8E, 0xE3, 0x8E, 0xE3, 0x8E, 0xF3, 0x8E,
    0x73, 0x9E, 0x7F, 0xFC, 0x3F, 0xFC, 0x1F, 0xF0, 0x03, 0x80, 0x03, 0x80, 0x03, 0x80, 0x03, 0x80,
    0x03, 0x80, 0x78, 0x1E, 0xF0, 0x78, 0xF0, 0xE0, 0xF3, 0xC1, 0xEF, 0x01, 0xFC, 0x01, 0xF8, 0x03,
    0xE0, 0x07, 0xC0, 0x1F, 0xC0, 0x3F, 0xC0, 0xF3, 0x83, 0xC7, 0x87, 0x87, 0x9E, 0x0F, 0x78, 0x0F,
    0xF0, 0x79, 0xE0, 0xF3, 0xC1, 0xE7, 0x83, 0xCF, 0x07, 0x9E, 0x0F, 0x3C, 0x1E, 0x78, 0x3C, 0xF0,
    0x79, 0xE0, 0xF3, 0xC1, 0xE7, 0x83, 0xCF, 0x07, 0x9F, 0xFF, 0xFF, 0xFF, 0xFF, 0xFF, 0x00, 0x0E,
    0x00, 0x1C, 0x00, 0x38, 0x00, 0x70, 0xE0, 0x3F, 0x01, 0xF8, 0x0F, 0xC0, 0x7E, 0x03, 0xF0, 0x1F,
    0x80, 0xFF, 0x07, 0x7F, 0xF9, 0xFF, 0xC3, 0xFE, 0x00, 0x70, 0x03, 0x80, 0x1C, 0x00, 0xE0, 0x07,
    0xF3, 0x8F, 0xE7, 0x1F, 0xCE, 0x3F, 0x9C, 0x7F, 0x38, 0xFE, 0x71, 0xFC, 0xE3, 0xF9, 0xC7, 0xF3,
    0x8F, 0xE7, 0x1F, 0xCE, 0x3F, 0x9C, 0x7F, 0x38, 0xFF, 0xFF, 0xFF, 0xFF, 0xFF, 0xFF, 0xE3, 0x8E,
    0x71, 0xC7, 0x38, 0xE3, 0x9C, 0x71, 0xCE, 0x38, 0xE7, 0x1C, 0x73, 0x8E, 0x39, 0xC7, 0x1C, 0xE3,
    0x8E, 0x71, 0xC7, 0x38, 0xE3, 0x9C, 0x71, 0xCE, 0x38, 0xE7, 0xFF, 0xFB, 0xFF, 0xFF, 0xFF, 0xFF,
    0x00, 0x03, 0x80, 0x01, 0xC0, 0x00, 0xE0, 0x00, 0x70, 0xFF, 0x00, 0x7F, 0x80, 0x1F, 0xC0, 0x01,
    0xE0, 0x00, 0xF0, 0x00, 0x78, 0x00, 0x3F, 0xF0, 0x1F, 0xFE, 0x0F, 0xFF, 0x07, 0x83, 0xC3, 0xC1,
    0xE1, 0xE0, 0xF0, 0xF0, 0x78, 0x7F, 0xF8, 0x3F, 0xFC, 0x1F, 0xF8, 0xF0, 0x0F, 0xE0, 0x1F, 0xC0,
    0x3F, 0x80, 0x7F, 0x00, 0xFE, 0x01, 0xFF, 0xC3, 0xFF, 0xC7, 0xF7, 0xCF, 0xE3, 0xDF, 0xC3, 0xBF,
    0x87, 0x7F, 0x1E, 0xFE, 0xF9, 0xFF, 0xE3, 0xFF, 0x87, 0xE0, 0x03, 0x80, 0x0E, 0x00, 0x38, 0x00,
    0xE0, 0x03, 0x80, 0x0F, 0xFE, 0x3F, 0xFC, 0xFF, 0xFB, 0x81, 0xEE, 0x03, 0xB8, 0x0E, 0xE0, 0x7B,
    0xFF, 0xEF, 0xFF, 0x3F, 0xF8, 0x1F, 0xC1, 0xFF, 0x9F, 0xFD, 0xE0, 0xFE, 0x03, 0xF0, 0x1C, 0x1F,
    0xE0, 0xFF, 0x07, 0xF8, 0x01, 0xF8, 0x0F, 0xC0, 0x7F, 0x07, 0xBF, 0xF8, 0xFF, 0xC3, 0xF8, 0xF0,
    0xF8, 0xF1, 0xFE, 0xF3, 0xFE, 0xF3, 0x8E, 0xF3, 0x8F, 0xF3, 0x8F, 0xFF, 0x8F, 0xFF, 0x8F, 0xFF,
    0x8F, 0xF3, 0x8F, 0xF3, 0x8F, 0xF3, 0x8F, 0xF3, 0x8E, 0xF3, 0xFE, 0xF1, 0xFE, 0xF0, 0xFC, 0x1F,
    0xFC, 0xFF, 0xF7, 0xFF, 0xDE, 0x07, 0x70, 0x1D, 0xC0, 0x77, 0x81, 0xDF, 0xFF, 0x3F, 0xFC, 0x7F,
    0xF0, 0xF1, 0xC7, 0x87, 0x1E, 0x1C, 0xF0, 0x77, 0x81, 0xDE, 0x07, 0x38, 0xF3, 0xE7, 0x9F, 0x3C,
    0x71, 0xE0, 0x00, 0x00, 0x00, 0x00, 0x03, 0xF8, 0x3F, 0xF3, 0xFF, 0x9C, 0x1F, 0xE0, 0x7E, 0x03,
    0xFF, 0xFF, 0xFF, 0xFF, 0xFF, 0xE0, 0x07, 0x00, 0x3C, 0x0E, 0xE0, 0xF7, 0xFF, 0x9F, 0xF8, 0x7F,
    0x00, 0x3C, 0x00, 0x78, 0x03, 0xFF, 0x87, 0xFF, 0x0F, 0xFC, 0x07, 0x80, 0x0F, 0x38, 0x1F, 0xFC,
    0x3F, 0xFC, 0x7E, 0x7C, 0xF0, 0x79, 0xE0, 0x73, 0xC0, 0xE7, 0x81, 0xCF, 0x03, 0x9E, 0x07, 0x3C,
    0x0E, 0x78, 0x1C, 0xF0, 0x39, 0xE0, 0x73, 0xC0, 0xE0, 0x03, 0xC0, 0x07, 0x80, 0xFE, 0x01, 0xF8,
    0x03, 0xE0, 0x01, 0xE0, 0x1E, 0x00, 0xE0, 0x0E, 0x00, 0x00, 0x00, 0x01, 0xFF, 0xEF, 0xFF, 0x7F,
    0xF3, 0x80, 0x1C, 0x00, 0xE0, 0x07, 0x00, 0x38, 0x01, 0xC0, 0x0E, 0x00, 0x70, 0x03, 0x80, 0x1C,
    0x00, 0xE0, 0x07, 0x00, 0x38, 0x00, 0x1F, 0xE0, 0xFF, 0xC7, 0xFF, 0x9C, 0x1E, 0xF0, 0x3B, 0xC0,
    0x6F, 0xF0, 0x3F, 0xE0, 0xFF, 0x83, 0xC0, 0x0F, 0x03, 0xBC, 0x0E, 0x70, 0x79, 0xFF, 0xE3, 0xFF,
    0x07, 0xF8, 0x3F, 0xE3, 0xFF, 0x9F, 0xFF, 0xE0, 0xFF, 0x03, 0x78, 0x01, 0xFE, 0x0F, 0xFE, 0x1F,
    0xF0, 0x07, 0xC0, 0x0F, 0xC0, 0x7F, 0x03, 0xBF, 0xFD, 0xFF, 0xC7, 0xFC, 0x07, 0x80, 0x0F, 0x00,
    0x1E, 0x00, 0x3C, 0x00, 0x00, 0x00, 0x00, 0x00, 0x00, 0x3F, 0xC0, 0x7F, 0x80, 0xFF, 0x00, 0x0E,
    0x00, 0x1C, 0x00, 0x38, 0x00, 0x70, 0x00, 0xE0, 0x01, 0xC0, 0x03, 0x80, 0x07, 0x00, 0x0E, 0x00,
    0x1C, 0x0F, 0xFF, 0xDF, 0xFF, 0xBF, 0xFF, 0x00, 0x3C, 0x70, 0x79, 0xE0, 0xF3, 0xC1, 0xE3, 0x80,
    0x00, 0x00, 0x00, 0x00, 0x00, 0x3F, 0xC0, 0x7F, 0x80, 0xFF, 0x00, 0x0E, 0x00, 0x1C, 0x00, 0x38,
    0x00, 0x70, 0x00, 0xE0, 0x01, 0xC0, 0x03, 0x80, 0x07, 0x00, 0x0E, 0x00, 0x1C, 0x0F, 0xFF, 0xDF,
    0xFF, 0xBF, 0xFF, 0x00, 0x01, 0xE0, 0x1E, 0x01, 0xE0, 0x1E, 0x00, 0x00, 0x00, 0x00, 0x0F, 0xFE,
    0xFF, 0xEF, 0xFE, 0x00, 0xE0, 0x0E, 0x00, 0xE0, 0x0E, 0x00, 0xE0, 0x0E, 0x00, 0xE0, 0x0E, 0x00,
    0xE0, 0x0E, 0x00, 0xE0, 0x0E, 0x00, 0xE0, 0x1E, 0x01, 0xE7, 0xFC, 0xFF, 0x8F, 0xF0, 0x3F, 0xE0,
    0x1F, 0xF0, 0x0F, 0xF8, 0x07, 0x1C, 0x03, 0x8E, 0x01, 0xC7, 0x00, 0xE3, 0xF8, 0x71, 0xFE, 0x38,
    0xFF, 0x9C, 0x71, 0xCE, 0x38, 0xE7, 0x1C, 0x73, 0x8E, 0x3F, 0x87, 0xFF, 0xC3, 0xFD, 0xC1, 0xFC,
    0xF1, 0xC0, 0xF1, 0xC0, 0xF1, 0xC0, 0xF1, 0xC0, 0xF1, 0xC0, 0xF1, 0xC0, 0xFF, 0xFC, 0xFF, 0xFE,
    0xFF, 0xFF, 0xF1, 0xC7, 0xF1, 0xC7, 0xF1, 0xC7, 0xF1, 0xC7, 0xF1, 0xFF, 0xF1, 0xFE, 0xF1, 0xFC,
    0x3C, 0x00, 0x78, 0x03, 0xFF, 0x07, 0xFF, 0x0F, 0xFE, 0x07, 0x80, 0x0F, 0x38, 0x1F, 0xFC, 0x3F,
    0xFC, 0x7E, 0x7C, 0xF0, 0x79, 0xE0, 0x73, 0xC0, 0xE7, 0x81, 0xCF, 0x03, 0x9E, 0x07, 0x3C, 0x0E,
    0x78, 0x1C, 0xF0, 0x39, 0xE0, 0x73, 0xC0, 0xE0, 0x01, 0xE0, 0x03, 0x80, 0x0E, 0x00, 0x3C, 0x00,
    0x00, 0x00, 0x00, 0x1C, 0x0F, 0x38, 0x1E, 0x70, 0x78, 0xE1, 0xE1, 0xC3, 0xC3, 0x8F, 0x07, 0xFC,
    0x0F, 0xF8, 0x1F, 0xF0, 0x38, 0xF0, 0x71, 0xE0, 0xE1, 0xE1, 0xC1, 0xC3, 0x83, 0xC7, 0x03, 0xCE,
    0x03, 0x80, 0x1C, 0x38, 0x38, 0xE0, 0x3F, 0xC0, 0x3F, 0x00, 0x00, 0x00, 0x00, 0x3C, 0x03, 0xB8,
    0x0F, 0x78, 0x1C, 0x70, 0x78, 0xE0, 0xF1, 0xE1, 0xC1, 0xC7, 0x83, 0xCE, 0x03, 0x9C, 0x07, 0x78,
    0x0F, 0xE0, 0x0F, 0xC0, 0x1F, 0x00, 0x1E, 0x00, 0x3C, 0x00, 0x70, 0x00, 0xE0, 0x03, 0xC0, 0x07,
    0x00, 0x1E, 0x00, 0x38, 0x00, 0xF0, 0x3F, 0x81, 0xFC, 0x0F, 0xE0, 0x7F, 0x03, 0xF8, 0x1F, 0xC0,
    0xFE, 0x07, 0xF0, 0x3F, 0x81, 0xFC, 0x0F, 0xE0, 0x7F, 0x03, 0xFF, 0xFF, 0xFF, 0xFF, 0xFF, 0x07,
    0x00, 0x38, 0x01, 0xC0, 0x0E, 0x00, 0x00, 0x38, 0x00, 0xE0, 0x03, 0xBF, 0xFE, 0xFF, 0xFB, 0xFF,
    0xEF, 0x00, 0x3C, 0x00, 0xF0, 0x03, 0xC0, 0x0F, 0x00, 0x3C, 0x00, 0xF0, 0x03, 0xC0, 0x0F, 0x00,
    0x3C, 0x00, 0xF0, 0x03, 0xC0, 0x0F, 0x00, 0x3C, 0x00, 0xF0, 0x03, 0xC0, 0x0F, 0x00, 0x3C, 0x00,
    0x00, 0x30, 0x03, 0xC0, 0x1F, 0xFF, 0xFF, 0xFF, 0xFF, 0xFB, 0xC0, 0x1E, 0x00, 0xF0, 0x07, 0x80,
    0x3C, 0x01, 0xE0, 0x0F, 0x00, 0x78, 0x03, 0xC0, 0x1E, 0x00, 0xF0, 0x07, 0x80, 0x3C, 0x00, 0x1F,
    0xFF, 0x0F, 0xFF, 0x87, 0xFF, 0xC3, 0xC0, 0x01, 0xE0, 0x00, 0xF0, 0x00, 0x78, 0x00, 0x3C, 0x00,
    0x1E, 0x00, 0x3F, 0xF0, 0x3F, 0xF8, 0x1F, 0xFC, 0x01, 0xE0, 0x00, 0xF0, 0x00, 0x78, 0x00, 0x3C,
    0x00, 0x1E, 0x00, 0x0F, 0x00, 0x07, 0x80, 0x03, 0xC0, 0x01, 0xE0, 0x00, 0x1F, 0xFE, 0x3F, 0xFC,
    0x7F, 0xF8, 0xE0, 0x01, 0xC0, 0x03, 0x80, 0x07, 0x00, 0x7F, 0xF0, 0xFF, 0xE1, 0xFF, 0xC0, 0x70,
    0x00, 0xE0, 0x01, 0xC0, 0x03, 0x80, 0x07, 0x00, 0x0E, 0x00, 0xE0, 0x3D, 0xC0, 0x73, 0x81, 0xE7,
    0x03, 0x8E, 0x0F, 0x1C, 0x1C, 0x38, 0x78, 0x71, 0xE0, 0xE3, 0xC1, 0xFF, 0x03, 0xFE, 0x07, 0xFC,
    0x0E, 0x3C, 0x1C, 0x38, 0x38, 0x78, 0x70, 0x70, 0xE0, 0xF1, 0xC0, 0xE3, 0x81, 0xE7, 0x01, 0xFE,
    0x03, 0xE0, 0x01, 0xC0, 0x03, 0x80, 0x07, 0x00, 0x0E, 0xF0, 0x3D, 0xE0, 0xF3, 0xC1, 0xC7, 0x87,
    0x8F, 0x1E, 0x1E, 0x38, 0x3F, 0xF0, 0x7F, 0xC0, 0xFF, 0x81, 0xE7, 0x83, 0xC7, 0x87, 0x8F, 0x0F,
    0x0F, 0x1E, 0x0E, 0x3C, 0x1F, 0xF8, 0x1F, 0x00, 0x0E, 0x00, 0x1C, 0x00, 0x38, 0x00, 0x70, 0xF0,
    0x3B, 0xC0, 0xEF, 0x03, 0xBC, 0x0E, 0xF0, 0x3B, 0xC0, 0xEF, 0x03, 0xBC, 0x0E, 0xF0, 0x3B, 0xFF,
    0xEF, 0xFF, 0xBF, 0xFE, 0xF0, 0x3B, 0xC0, 0xEF, 0x03, 0xBC, 0x0E, 0xF0, 0x3B, 0xC0, 0xEF, 0x03,
    0xBC, 0x0F, 0xF0, 0x3C, 0x00, 0x70, 0x01, 0xC0, 0x07, 0x00, 0x1C, 0xF0, 0x3B, 0xC0, 0xEF, 0x03,
    0xBC, 0x0E, 0xF0, 0x3B, 0xC0, 0xEF, 0xFF, 0xBF, 0xFE, 0xFF, 0xFB, 0xC0, 0xEF, 0x03, 0xBC, 0x0E,
    0xF0, 0x3B, 0xC0, 0xEF, 0x03, 0xFC, 0x0F, 0x00, 0x1C, 0x00, 0x70, 0x01, 0xC0, 0x07, 0xE0, 0x0F,
    0xF0, 0x0E, 0x70, 0x1E, 0x78, 0x1C, 0x38, 0x3C, 0x3C, 0x38, 0x1C, 0x78, 0x1E, 0x70, 0x0E, 0xF0,
    0x0F, 0xE0, 0x07, 0xE0, 0x07, 0xC0, 0x03, 0xC0, 0x03, 0x80, 0x03, 0x80, 0x03, 0x80, 0x03, 0x80,
    0x03, 0x80, 0x03, 0x80, 0x03, 0x80, 0x03, 0x80, 0x70, 0x1E, 0xE0, 0x39, 0xE0, 0x71, 0xC1, 0xE3,
    0x83, 0x87, 0x87, 0x07, 0x1E, 0x0E, 0x38, 0x1E, 0x70, 0x1D, 0xE0, 0x3B, 0x80, 0x7F, 0x00, 0x7E,
    0x00, 0xF8, 0x00, 0xF0, 0x01, 0xE0, 0x03, 0x80, 0x07, 0x00, 0x0E, 0x00, 0x1C, 0x00, 0x38, 0x00,
    0xE0, 0x0F, 0xF0, 0x0E, 0x70, 0x1E, 0x78, 0x1C, 0x38, 0x3C, 0x3C, 0x38, 0x1C, 0x78, 0x1E, 0x70,
    0x0E, 0xF0, 0x0F, 0xE0, 0x07, 0xE0, 0x07, 0xC0, 0x03, 0xC0, 0x3F, 0xF8, 0x3F, 0xF8, 0x1F, 0xF0,
    0x03, 0x80, 0x03, 0x80, 0x03, 0x80, 0x03, 0x80, 0x03, 0x80, 0x70, 0x1E, 0xE0, 0x3D, 0xE0, 0x71,
    0xC1, 0xE3, 0x83, 0x87, 0x87, 0x07, 0x1E, 0x0E, 0x38, 0x1E, 0x70, 0x1D, 0xE0, 0x3B, 0x80, 0x7F,
    0x00, 0x7E, 0x00, 0xF8, 0x00, 0xF0, 0x0F, 0xF8, 0x3F, 0xF8, 0x7F, 0xF0, 0x0E, 0x00, 0x1C, 0x00,
    0x38, 0x00, 0x70, 0x3C, 0xE0, 0x79, 0xC0, 0xF3, 0x81, 0xE7, 0x03, 0xCE, 0x07, 0x9C, 0x0F, 0x38,
    0x1E, 0x70, 0x3C, 0xE0, 0x79, 0xF0, 0xF1, 0xFF, 0xE1, 0xFF, 0xC0, 0xFF, 0x80, 0x0F, 0x00, 0x1E,
    0x00, 0x3C, 0x00, 0x78, 0x00, 0xF0, 0x01, 0xF0, 0x03, 0xE0, 0x01, 0xC0, 0x03, 0x80, 0x07, 0x00,
    0x0E, 0xE0, 0x7B, 0x81, 0xEE, 0x07, 0xB8, 0x1E, 0xE0, 0x7B, 0x81, 0xEE, 0x07, 0xBE, 0x1E, 0x7F,
    0xF8, 0xFF, 0xE0, 0xFF, 0x80, 0x1E, 0x00, 0x78, 0x01, 0xE0, 0x07, 0xC0, 0x1F, 0x00, 0x1C, 0x00,
    0x70, 0x01, 0xC0, 0x07, 0xF0, 0x03, 0xC0, 0x0F, 0x00, 0x3C, 0x00, 0xF0, 0x03, 0xC0, 0x0F, 0x00,
    0x3C, 0x00, 0xFF, 0xE3, 0xFF, 0xCF, 0xFF, 0xBC, 0x0E, 0xF0, 0x3F, 0xC0, 0xFF, 0x03, 0xFC, 0x0F,
    0xF0, 0x3F, 0xC0, 0xFF, 0x03, 0xFC, 0x0F, 0xF0, 0x3C, 0x70, 0x01, 0xC0, 0x07, 0x00, 0x1C, 0x00,
    0x70, 0x01, 0xFE, 0x07, 0xFF, 0x1F, 0xFE, 0x70, 0x79, 0xC0, 0xE7, 0x03, 0xDC, 0x0F, 0x70, 0x3D,
    0xC0, 0xF7, 0x03, 0xDC, 0x0F, 0x1F, 0xC1, 0xFF, 0x9F, 0xFD, 0xE0, 0xFF, 0x03, 0xF0, 0x1C, 0x00,
    0xE0, 0x07, 0x00, 0x3F, 0xFF, 0xFF, 0xFF, 0xFF, 0xFE, 0x03, 0xF0, 0x1F, 0x80, 0xFE, 0x07, 0xF0,
    0x3B, 0x83, 0xDF, 0xFC, 0x7F, 0xE1, 0xFC, 0x00, 0x1F, 0xC3, 0xFF, 0x9F, 0xFD, 0xE0, 0xF6, 0x03,
    0x80, 0x1C, 0x00, 0xFF, 0xFF, 0xFF, 0xFF, 0xFF, 0xF8, 0x0F, 0xE0, 0x77, 0x07, 0xBF, 0xF8, 0xFF,
    0xC3, 0xF8, 0x0E, 0x3C, 0x07, 0xCF, 0x01, 0xF3, 0xC0, 0x38, 0xF0, 0x00, 0x00, 0x00, 0x00, 0x0F,
    0x1C, 0x39, 0xC7, 0x1E, 0x71, 0xC7, 0x1E, 0x71, 0xC3, 0x9C, 0xF0, 0xE7, 0x38, 0x3D, 0xCE, 0x07,
    0x77, 0x81, 0xDD, 0xC0, 0x7F, 0xF0, 0x0F, 0xFC, 0x07, 0xFF, 0x01, 0xDD, 0xE0, 0xF7, 0x38, 0x39,
    0xCE, 0x0E, 0x73, 0xC7, 0x9C, 0x71, 0xC7, 0x1C, 0x71, 0xC7, 0xBC, 0x70, 0xEE, 0x1C, 0x38, 0x0E,
    0x3C, 0x0F, 0x9E, 0x07, 0xCF, 0x01, 0xC7, 0x80, 0x00, 0x00, 0x00, 0x00, 0x00, 0x01, 0xE3, 0x87,
    0x71, 0xC7, 0x3C, 0xE3, 0x8E, 0x73, 0xC7, 0xB9, 0xC1, 0xDD, 0xE0, 0xFF, 0xE0, 0x7F, 0xF0, 0x3F,
    0xF8, 0x1D, 0xDE, 0x1E, 0xE7, 0x0E, 0x73, 0x87, 0x39, 0xE7, 0x1C, 0x73, 0x8E, 0x3F, 0xC7, 0x0E,
    0x1C, 0x78, 0x7C, 0xF0, 0xF9, 0xE0, 0xE3, 0xC0, 0x00, 0x00, 0x00, 0x03, 0xF8, 0x0F, 0xFC, 0x3F,
    0xF8, 0xF0, 0x79, 0xC0, 0x73, 0x80, 0xE0, 0x01, 0xC0, 0x07, 0x81, 0xFE, 0x03, 0xF8, 0x07, 0xF8,
    0x00, 0xF8, 0x00, 0x70, 0x00, 0xF0, 0x01, 0xFE, 0x03, 0xFC, 0x07, 0xBC, 0x1E, 0x7F, 0xFC, 0x7F,
    0xF0, 0x3F, 0x80, 0x38, 0xF1, 0xF3, 0xC7, 0xCF, 0x0E, 0x3C, 0x00, 0x00, 0x00, 0x00, 0x00, 0x0F,
    0xF8, 0x7F, 0xF3, 0xFF, 0xEF, 0x07, 0x80, 0x0E, 0x00, 0x78, 0x3F, 0xC1, 0xFE, 0x07, 0xFE, 0x00,
    0xF8, 0x00, 0xEE, 0x03, 0xF8, 0x0E, 0xFF, 0xF9, 0xFF, 0xC3, 0xFE, 0x00, 0x38, 0xF3, 0xE7, 0x9F,
    0x3C, 0x71, 0xE0, 0x00, 0x00, 0x03, 0xC1, 0xFE, 0x1F, 0xF0, 0xFF, 0x87, 0xFC, 0x7F, 0xE3, 0xFF,
    0x1F, 0xF9, 0xDF, 0xCE, 0xFE, 0x77, 0xF7, 0x3F, 0xB9, 0xFB, 0xCF, 0xDC, 0x7E, 0xE3, 0xFE, 0x1F,
    0xF0, 0xFF, 0x87, 0xF8, 0x3F, 0xC1, 0xFE, 0x0E, 0x38, 0xF3, 0xE7, 0x9F, 0x3C, 0x71, 0xE0, 0x00,
    0x00, 0x00, 0x00, 0x1E, 0x0F, 0xF0, 0xFF, 0x87, 0xFC, 0x7F, 0xE3, 0xFF, 0x3F, 0xF9, 0xDF, 0xDE,
    0xFE, 0xE7, 0xFF, 0x3F, 0x71, 0xFF, 0x8F, 0xF8, 0x7F, 0xC3, 0xFC, 0x1F, 0xE0, 0xE0, 0x38, 0xF3,
    0xE7, 0x9F, 0x3C, 0x71, 0xE0, 0x00, 0x00, 0x00, 0x7F, 0x07, 0xFE, 0x7F, 0xF3, 0x83, 0xFC, 0x0F,
    0xE0, 0x7F, 0x03, 0xF8, 0x1F, 0xC0, 0xFE, 0x07, 0xF0, 0x3F, 0x81, 0xFC, 0x0F, 0xE0, 0x7F, 0x03,
    0xF8, 0x1F, 0xC0, 0xEE, 0x0F, 0x7F, 0xF1, 0xFF, 0x87, 0xF0, 0x38, 0xF3, 0xE7, 0x9F, 0x3C, 0x71,
    0xE0, 0x00, 0x00, 0x00, 0x00, 0x03, 0xF8, 0x3F, 0xF3, 0xFF, 0x9C, 0x1F, 0xE0, 0x7E, 0x03, 0xF0,
    0x1F, 0x80, 0xFC, 0x07, 0xE0, 0x3F, 0x01, 0xFC, 0x0E, 0xE0, 0xF7, 0xFF, 0x1F, 0xF8, 0x7F, 0x00,
    0x1F, 0xC1, 0xFF, 0x9F, 0xFC, 0xE0, 0xFF, 0x03, 0xF8, 0x1F, 0xC0, 0xFE, 0x07, 0xF0, 0x3F, 0xFF,
    0xFF, 0xFF, 0xFF, 0xFF, 0x03, 0xF8, 0x1F, 0xC0, 0xFE, 0x07, 0xF0, 0x3B, 0x83, 0xDF, 0xFC, 0x7F,
    0xE1, 0xFC, 0x00, 0x1F, 0xC1, 0xFF, 0x9F, 0xFC, 0xE0, 0xFF, 0x03, 0xF8, 0x1F, 0xFF, 0xFF, 0xFF,
    0xFF, 0xFF, 0x81, 0xFC, 0x0F, 0xE0, 0x77, 0x07, 0xBF, 0xF8, 0xFF, 0xC3, 0xF8, 0x38, 0xF3, 0xE7,
    0x9F, 0x3C, 0x71, 0xE0, 0x00, 0x00, 0x03, 0x80, 0xFC, 0x07, 0xE0, 0x3F, 0x01, 0xF8, 0x0F, 0xC0,
    0x7E, 0x03, 0xF0, 0x1F, 0x80, 0xFE, 0x07, 0xF8, 0x3B, 0xFF, 0xCF, 0xFE, 0x1F, 0xF0, 0x03, 0x80,
    0x1C, 0x00, 0xE0, 0x07, 0x00, 0x38, 0x01, 0xC0, 0x0E, 0x38, 0xF3, 0xE7, 0x9F, 0x3C, 0x71, 0xE0,
    0x00, 0x00, 0x00, 0x00, 0x1C, 0x07, 0xE0, 0x3F, 0x01, 0xF8, 0x0F, 0xC0, 0x7E, 0x03, 0xF0, 0x1F,
    0xE0, 0xEF, 0xFF, 0x3F, 0xF8, 0x7F, 0xC0, 0x0E, 0x00, 0x70, 0x03, 0x80, 0x1C, 0x00, 0xE0, 0xFF,
    0xBF, 0xFF, 0xFC, 0xFF, 0xFB, 0xFF, 0xEF, 0xFF, 0x80, 0xFF, 0xFF, 0xBF, 0xFF, 0xFF, 0xFF, 0xFC,
    0xF0, 0xFE, 0x1F, 0xC3, 0xF8, 0x7F, 0x0F, 0xE1, 0xFC, 0x3F, 0x87, 0xF0, 0xFE, 0x1F, 0xC3, 0xF8,
    0x7F, 0x0F, 0xE1, 0xFC, 0x3F, 0x87, 0xF0, 0xFE, 0x1F, 0xC3, 0xF8, 0x7F, 0x0F, 0xE1, 0xFC, 0x3F,
    0x87, 0xF0, 0xFE, 0x1F, 0xC3, 0x80, 0x39, 0xE7, 0x3C, 0xE3, 0x8E, 0x3C, 0x70, 0x78, 0xE3, 0xCF,
    0x38, 0xE7, 0x9C, 0xF0, 0x78, 0xE3, 0xCF, 0x38, 0xE7, 0x9C, 0xF0, 0x73, 0xCE, 0x38, 0xE3, 0xC7,
    0x1E, 0x38, 0x78, 0xE7, 0x9E, 0x71, 0xEF, 0x1C, 0xE3, 0xCE, 0x3C, 0xE3, 0xCF, 0x3C, 0x71, 0xE0,
    0x71, 0xE7, 0x8E, 0x38, 0xF3, 0x8F, 0x38, 0xF7, 0x8E, 0x71, 0xEF, 0x1C, 0xF3, 0xC0, 0x70, 0xF7,
    0x8F, 0x38, 0x73, 0x87, 0x38, 0x77, 0x8F, 0x70, 0xEF, 0x1E, 0xF1, 0xE0, 0x71, 0xEF, 0x3C, 0xE3,
    0xCE, 0x3C, 0xE3, 0xCF, 0x1C, 0x71, 0xE7, 0x9E, 0x78, 0xF0, 0x07, 0x00, 0x1C, 0x00, 0x70, 0x01,
    0xC0, 0x07, 0x00, 0x1C, 0x0F, 0xFF, 0xBF, 0xFE, 0xFF, 0xF8, 0x1C, 0x00, 0x70, 0x01, 0xC0, 0x07,
    0x00, 0x1C, 0x00, 0x70, 0x01, 0xC0, 0x07, 0x00, 0x1C, 0x00, 0x70, 0x01, 0xC0, 0x07, 0x00, 0x1C,
    0x00, 0x70, 0x01, 0xC0, 0x07, 0x00, 0x1C, 0x00, 0x70, 0x00, 0x07, 0x00, 0x1C, 0x00, 0x70, 0x01,
    0xC0, 0x07, 0x00, 0x1C, 0x00, 0x70, 0x3F, 0xFE, 0xFF, 0xFB, 0xFF, 0xE0, 0x70, 0x01, 0xC0, 0x07,
    0x00, 0x1C, 0x00, 0x70, 0x01, 0xC0, 0x07, 0x03, 0xFF, 0xEF, 0xFF, 0xBF, 0xFE, 0x07, 0x00, 0x1C,
    0x00, 0x70, 0x01, 0xC0, 0x07, 0x00, 0x1C, 0x00, 0x70, 0x00, 0x7C, 0xFE, 0xFE, 0xFF, 0xFE, 0xFE,
    0x7C, 0x7B, 0xEF, 0xBE, 0x78, 0x73, 0x8F, 0xE7, 0xBF, 0xCF, 0x7F, 0x9E, 0xF7, 0x38, 0xE0, 0x3E,
    0x07, 0x07, 0xF0, 0xE0, 0x7F, 0x0C, 0x06, 0x31, 0xC0, 0x63, 0x38, 0x06, 0x33, 0x80, 0x77, 0x70,
    0x07, 0xF6, 0x00, 0x3E, 0xE0, 0x00, 0xDC, 0x00, 0x01, 0xC0, 0x00, 0x38, 0x00, 0x03, 0x79, 0xC0,
    0x7F, 0xFE, 0x0E, 0xEE, 0xE0, 0xEC, 0xE6, 0x1D, 0xCE, 0x71, 0x8C, 0xE7, 0x38, 0xCE, 0x67, 0x0F,
    0xFE, 0x70, 0x7B, 0xC0, 0x7B, 0xDE, 0xE7, 0x7B, 0xDC, 0xE0, 0x78, 0xF7, 0x8E, 0x79, 0xE7, 0x1E,
    0xF1, 0xEF, 0x1C, 0xF1, 0xCE, 0x1C, 0xE3, 0xC0, 0x3D, 0xE7, 0x9C, 0xF3, 0xDE, 0x79, 0xEF, 0x3C,
    0xE7, 0x9C, 0x73, 0x8E, 0x79, 0xCF, 0x3D, 0xE7, 0x9C, 0xF3, 0xCE, 0x00, 0x07, 0x83, 0xC0, 0xE0,
    0x78, 0x3C, 0x1E, 0x0F, 0x03, 0xC0, 0x78, 0x0F, 0x01, 0xE0, 0x38, 0x0F, 0x01, 0xE0, 0xF0, 0x1E,
    0x03, 0xC0, 0x78, 0x0F, 0x03, 0xC0, 0x78, 0x1E, 0x07, 0x03, 0xC1, 0xE0, 0xF0, 0x78, 0x3C, 0x00,
    0xF1, 0xEF, 0x1E, 0xF1, 0xEF, 0x1E, 0xF1, 0xEF, 0x1E, 0xF1, 0xEF, 0x1E, 0xF1, 0xE7, 0x1E, 0x70,
    0xE7, 0x0E, 0x70, 0xE7, 0x0E, 0x70, 0xE0, 0x00, 0x00, 0x00, 0x00, 0xF1, 0xEF, 0x9F, 0xF1, 0xE0,
    0x7F, 0x07, 0xFC, 0x7F, 0xE0, 0x1E, 0x00, 0xE1, 0xCF, 0x1C, 0xF1, 0xCE, 0x1D, 0xE1, 0xFE, 0x1F,
    0xC1, 0xF0, 0x1C, 0x01, 0xC0, 0x1C, 0x00, 0x00, 0x00, 0x00, 0x00, 0x3E, 0x03, 0xE0, 0x3E, 0x00,
    0x7F, 0xFF, 0xFF, 0xFF, 0xFF, 0xFF, 0xFF, 0x80, 0xE0, 0x03, 0xBC, 0x00, 0xEF, 0xFF, 0xF9, 0xFF,
    0xFC, 0x3F, 0xFE, 0x00, 0x00, 0x03, 0x80, 0x01, 0xE0, 0x00, 0x70, 0x00, 0x38, 0x00, 0x1E, 0x00,
    0x07, 0x00, 0x03, 0x80, 0x01, 0xC0, 0x00, 0xF0, 0x00, 0x38, 0x00, 0x1C, 0x00, 0x0F, 0x00, 0x03,
    0x80, 0x01, 0xC0, 0x00, 0xF0, 0x00, 0x38, 0x00, 0x1C, 0x00, 0x0E, 0x00, 0x07, 0x80, 0x01, 0xC0,
    0x00, 0xE0, 0x00, 0x00, 0x7F, 0x3F, 0x9F, 0xCE, 0x07, 0x03, 0x81, 0xC0, 0xE0, 0x70, 0x38, 0x1C,
    0x0E, 0x07, 0xF3, 0xF9, 0xFC, 0xE0, 0x70, 0x38, 0x1C, 0x0E, 0x07, 0x03, 0x81, 0xC0, 0xE0, 0x7F,
    0x3F, 0x9F, 0xC0, 0xFF, 0xFF, 0xFF, 0x0F, 0x0F, 0x0F, 0x0F, 0x0F, 0x0F, 0x0F, 0x0F, 0x0F, 0xFF,
    0xFF, 0xFF, 0x0F, 0x0F, 0x0F, 0x0F, 0x0F, 0x0F, 0x0F, 0x0F, 0x0F, 0xFF, 0xFF, 0xFF, 0x1F, 0x87,
    0xF9, 0xE7, 0x38, 0x76, 0x0E, 0xC1, 0xD8, 0x3B, 0x07, 0x60, 0xEE, 0x1D, 0xE7, 0x1F, 0xE1, 0xF8,
    0x0F, 0x07, 0x07, 0x07, 0x83, 0x83, 0x9F, 0x8F, 0xC7, 0xFF, 0xFF, 0xC0, 0xE0, 0x70, 0x38, 0xFF,
    0xBF, 0xEE, 0x03, 0x80, 0xFF, 0x3F, 0xE0, 0x78, 0x07, 0xC1, 0xF8, 0x7F, 0x39, 0xFE, 0x3F, 0x00,
    0x07, 0x01, 0xC0, 0x38, 0x0E, 0x03, 0xF0, 0x7F, 0x9E, 0xF3, 0x87, 0x60, 0xEE, 0x1D, 0xE7, 0x3F,
    0xE1, 0xF8, 0xFF, 0xFF, 0xFE, 0x1F, 0x8E, 0x43, 0x81, 0xC0, 0x70, 0x38, 0x0E, 0x07, 0x01, 0xC0,
    0x70, 0x38, 0x00, 0x3F, 0x8F, 0xF9, 0xC7, 0x38, 0x77, 0x1C, 0x7F, 0x0F, 0xF3, 0xCE, 0x60, 0xEC,
    0x1D, 0xC7, 0xBF, 0xE3, 0xF8, 0x3F, 0x1F, 0xEF, 0x3B, 0x87, 0xE1, 0xF8, 0x7F, 0x79, 0xFE, 0x3F,
    0x01, 0xC0, 0xE0, 0x70, 0x1C, 0x00, 0x1C, 0x0E, 0x07, 0x1F, 0xFF, 0xF8, 0xE0, 0x70, 0x38, 0xFF,
    0xBF, 0xE0, 0x00, 0x00, 0x00, 0x3F, 0xEF, 0xF8, 0x1F, 0x87, 0xF9, 0xE7, 0x38, 0x76, 0x0E, 0xC1,
    0xD8, 0x3B, 0x07, 0x60, 0xEE, 0x1D, 0xE7, 0x1F, 0xE1, 0xF8, 0x3E, 0x1F, 0x8F, 0xE3, 0x38, 0x0E,
    0x03, 0x80, 0xE0, 0x38, 0x0E, 0x03, 0x80, 0xE3, 0xFF, 0xFF, 0xC0, 0x3F, 0x1F, 0xEF, 0x3B, 0x86,
    0x41, 0x80, 0xE0, 0x78, 0x3C, 0x1E, 0x0E, 0x0F, 0x03, 0xFF, 0xFF, 0xC0, 0xFF, 0xBF, 0xE0, 0x78,
    0x3C, 0x1E, 0x07, 0xC1, 0xF8, 0x0F, 0xC1, 0xF8, 0x7F, 0x39, 0xFE, 0x3F, 0x00, 0x0F, 0x07, 0x07,
    0x07, 0x83, 0x83, 0x9F, 0x8F, 0xC7, 0xFF, 0xFF, 0xC0, 0xE0, 0x70, 0x38, 0xFF, 0xBF, 0xEE, 0x03,
    0x80, 0xFF, 0x3F, 0xE0, 0x78, 0x07, 0xC1, 0xF8, 0x7F, 0x39, 0xFE, 0x3F, 0x00, 0x07, 0x01, 0xC0,
    0x38, 0x0E, 0x03, 0xF0, 0x7F, 0x9E, 0xF3, 0x87, 0x60, 0xEE, 0x1D, 0xE7, 0x3F, 0xE1, 0xF8, 0xFF,
    0xFF, 0xFE, 0x1F, 0x8E, 0x43, 0x81, 0xC0, 0x70, 0x38, 0x0E, 0x07, 0x01, 0xC0, 0x70, 0x38, 0x00,
    0x3F, 0x8F, 0xF9, 0xC7, 0x38, 0x77, 0x1C, 0x7F, 0x0F, 0xF3, 0xCE, 0x60, 0xEC, 0x1D, 0xC7, 0xBF,
    0xE3, 0xF8, 0x3F, 0x1F, 0xEF, 0x3B, 0x87, 0xE1, 0xF8, 0x7F, 0x79, 0xFE, 0x3F, 0x01, 0xC0, 0xE0,
    0x70, 0x1C, 0x00, 0x00, 0x38, 0x00, 0x38, 0x03, 0xFF, 0x03, 0xFF, 0x01, 0xFE, 0x00, 0x38, 0x0E,
    0x38, 0x3F, 0xB8, 0x7F, 0xF8, 0x7D, 0xF8, 0xF0, 0x78, 0xF0, 0x38, 0xF0, 0x38, 0xF0, 0x38, 0xF0,
    0x38, 0xF0, 0x78, 0x7D, 0xF8, 0x7F, 0xF8, 0x3F, 0xB8, 0x0E, 0x00, 0x7F, 0xF8, 0xFF, 0xF8, 0xFF,
    0xF8, 0x07, 0xF8, 0x0F, 0xFC, 0x1F, 0xFE, 0x1C, 0x1E, 0x3C, 0x0E, 0x3C, 0x0E, 0x3C, 0x00, 0xFF,
    0xE0, 0xFF, 0xE0, 0xFF, 0xC0, 0x3C, 0x00, 0xFF, 0xC0, 0xFF, 0xE0, 0xFF, 0xE0, 0x3C, 0x00, 0x3C,
    0x0E, 0x3C, 0x0E, 0x1C, 0x1E, 0x1F, 0xFE, 0x0F, 0xFC, 0x07, 0xF8, 0xFF, 0xFE, 0xFF, 0xFE, 0xFF,
    0xFE, 0x03, 0x80, 0x03, 0x80, 0x03, 0x80, 0x03, 0x84, 0x03, 0xFC, 0x07, 0xFC, 0x3F, 0xF8, 0x7F,
    0x80, 0x7B, 0x84, 0x03, 0xFC, 0x07, 0xFC, 0x3F, 0xF8, 0x7F, 0x80, 0x7B, 0x80, 0x03, 0x80, 0x03,
    0x80, 0x03, 0x80, 0x03, 0x80, 0x0F, 0xF0, 0x3F, 0xF0, 0xFF, 0xF1, 0xC1, 0xE3, 0x81, 0xC0, 0x07,
    0x00, 0x1E, 0x7F, 0xFF, 0xFF, 0xFF, 0xFF, 0xFC, 0x00, 0x07, 0xFF, 0xFF, 0xFF, 0xFF, 0xFF, 0xCE,
    0x00, 0x3C, 0x0E, 0x78, 0x3C, 0x70, 0x78, 0xFF, 0xE0, 0xFF, 0x80, 0xFE, 0x00, 0x1F, 0xF8, 0x1F,
    0xFE, 0x1F, 0xFE, 0x1C, 0x0F, 0x1C, 0x07, 0x1C, 0x07, 0x1C, 0x07, 0x1C, 0x07, 0x1C, 0x0F, 0x7F,
    0xFE, 0xFF, 0xFE, 0xFF, 0xF8, 0x1C, 0x00, 0x1C, 0x00, 0xFF, 0xF8, 0xFF, 0xF8, 0x7F, 0xF8, 0x1C,
    0x00, 0x1C, 0x00, 0x1C, 0x00, 0x1C, 0x00, 0x19, 0x80, 0x66, 0x01, 0x98, 0x06, 0x60, 0xFF, 0xC3,
    0xFF, 0xCF, 0xFF, 0x3C, 0x1E, 0xF0, 0x3B, 0xC0, 0xEF, 0x03, 0xBC, 0x1E, 0xF0, 0xF3, 0xFF, 0x8F,
    0xFF, 0x3F, 0xFE, 0xF0, 0x7B, 0xC0, 0xFF, 0x03, 0xFC, 0x0F, 0xF0, 0x3F, 0xC1, 0xEF, 0xFF, 0xBF,
    0xFC, 0xFF, 0xE0, 0x66, 0x01, 0x98, 0x06, 0x60, 0x19, 0x80, 0x03, 0xC0, 0x03, 0xC0, 0x01, 0xE0,
    0x01, 0xE0, 0x01, 0xE0, 0x01, 0xE0, 0x00, 0xF0, 0x00, 0xFF, 0xFF, 0xFF, 0xFF, 0xFF, 0xFF, 0xDE,
    0x00, 0x07, 0x80, 0x01, 0xE0, 0x00, 0xF0, 0x00, 0x3C, 0x00, 0x0F, 0x00, 0x03, 0xC0, 0x00, 0x01,
    0x00, 0x03, 0x80, 0x07, 0xC0, 0x0F, 0xF0, 0x1F, 0xF8, 0x7F, 0xBC, 0xFB, 0x9E, 0xF3, 0x8F, 0xE3,
    0x87, 0x83, 0x83, 0x03, 0x80, 0x03, 0x80, 0x03, 0x80, 0x03, 0x80, 0x03, 0x80, 0x03, 0x80, 0x03,
    0x80, 0x03, 0x80, 0x03, 0x80, 0x03, 0x80, 0x03, 0x80, 0x03, 0x80, 0x00, 0xE0, 0x00, 0x3C, 0x00,
    0x07, 0x80, 0x01, 0xE0, 0x00, 0x3C, 0x00, 0x07, 0x80, 0x00, 0xF1, 0xFF, 0xFC, 0xFF, 0xFF, 0xBF,
    0xFF, 0xE0, 0x00, 0xF0, 0x00, 0x3C, 0x00, 0x1E, 0x00, 0x0F, 0x00, 0x07, 0x80, 0x03, 0xC0, 0x00,
    0xF0, 0x00, 0x03, 0x80, 0x03, 0x80, 0x03, 0x80, 0x03, 0x80, 0x03, 0x80, 0x03, 0x80, 0x03, 0x80,
    0x03, 0x80, 0x03, 0x80, 0x03, 0x80, 0x03, 0x80, 0x03, 0x80, 0x83, 0x83, 0xE3, 0x87, 0xF3, 0x8F,
    0xFB, 0x9E, 0x7F, 0xBC, 0x1F, 0xF8, 0x0F, 0xF0, 0x07, 0xC0, 0x03, 0x80, 0x01, 0x00, 0x01, 0xC7,
    0x80, 0x07, 0x87, 0x80, 0x1E, 0x0F, 0x00, 0x78, 0x0F, 0x00, 0xF0, 0x0F, 0x03, 0xC0, 0x0F, 0x0F,
    0x00, 0x1E, 0x3F, 0xFF, 0xFE, 0x7F, 0xFF, 0xFE, 0xFF, 0xFF, 0xFD, 0xE0, 0x00, 0xF1, 0xE0, 0x03,
    0xC1, 0xE0, 0x0F, 0x01, 0xE0, 0x1E, 0x01, 0xE0, 0x78, 0x03, 0xC1, 0xE0, 0x03, 0xC7, 0x80, 0x00,
    0x00, 0x03, 0x80, 0x07, 0xC0, 0x0F, 0xE0, 0x1F, 0xF0, 0x3F, 0xFC, 0x7B, 0xBE, 0xF3, 0x9F, 0xE3,
    0x8F, 0xC3, 0x83, 0x83, 0x80, 0x03, 0x80, 0x03, 0x80, 0x03, 0x80, 0x03, 0x80, 0x03, 0x80, 0x03,
    0x80, 0x03, 0x80, 0x03, 0x80, 0x03, 0x80, 0x03, 0x80, 0x03, 0x80, 0x83, 0x81, 0xC3, 0x87, 0xE3,
    0x8F, 0xF3, 0x9E, 0x7B, 0xBE, 0x3F, 0xF8, 0x1F, 0xF0, 0x0F, 0xE0, 0x07, 0xC0, 0x01, 0x80, 0x7F,
    0xF0, 0xFF, 0xF8, 0xFF, 0xFC, 0xFC, 0x00, 0xFE, 0x00, 0xFF, 0x00, 0xFF, 0x80, 0xF7, 0xC0, 0xF3,
    0xE0, 0xF1, 0xF0, 0xF0, 0xF8, 0xF0, 0x7C, 0x70, 0x3E, 0x30, 0x1E, 0x00, 0x0C, 0x00, 0x00, 0x0F,
    0xFC, 0x7F, 0xFD, 0xFF, 0xF8, 0x01, 0xF0, 0x07, 0xE0, 0x1F, 0xC0, 0x7B, 0x81, 0xE7, 0x07, 0x8E,
    0x1E, 0x1C, 0x78, 0x39, 0xE0, 0x77, 0x80, 0xFE, 0x01, 0x98, 0x00, 0x00, 0x00, 0x00, 0x00, 0xC0,
    0x13, 0xC0, 0x33, 0xC0, 0x73, 0xC0, 0xE3, 0xC1, 0xC3, 0xC3, 0x83, 0xC7, 0x03, 0xCE, 0x03, 0xDC,
    0x03, 0xF8, 0x03, 0xF7, 0xFF, 0xEF, 0xFF, 0xCF, 0xFF, 0x80, 0x00, 0x00, 0x20, 0x0E, 0x70, 0x1E,
    0x70, 0x3C, 0xF0, 0x78, 0xF0, 0xF0, 0xF1, 0xE0, 0xF3, 0xC0, 0xF7, 0x80, 0xFF, 0x00, 0xFE, 0x00,
    0xFC, 0x00, 0xFF, 0xFC, 0xFF, 0xFC, 0xFF, 0xF8, 0x00, 0x7E, 0x00, 0x1F, 0xC0, 0x07, 0xF8, 0x20,
    0x3E, 0x7E, 0x1F, 0xBF, 0xC7, 0xEF, 0x7F, 0xFB, 0x8F, 0xEE, 0xE3, 0xF3, 0x80, 0x0E, 0x38, 0x07,
    0x1E, 0x03, 0xCF, 0x01, 0xE7, 0x80, 0xFF, 0xFF, 0xBF, 0xFF, 0xEF, 0xFF, 0xFB, 0xC7, 0x00, 0x78,
    0xE0, 0x0F, 0x1C, 0x01, 0xE3, 0x80, 0x0E, 0x1C, 0x01, 0xC7, 0x80, 0x78, 0xF0, 0x0F, 0x1C, 0xFF,
    0xFF, 0xBF, 0xFF, 0xEF, 0xFF, 0xF8, 0x07, 0x9E, 0x03, 0xCF, 0x01, 0xE3, 0x80, 0xF1, 0xC0, 0x0E,
    0x03, 0x87, 0x01, 0xE3, 0xC0, 0xF1, 0xE0, 0x78, 0xFF, 0xFC, 0x3F, 0xFE, 0x0F, 0xFF, 0xC3, 0xC0,
    0xF8, 0x78, 0x1E, 0x0F, 0x03, 0xC1, 0xE0, 0x78, 0xF0, 0x1C, 0x1E, 0x07, 0x83, 0xC0, 0xF0, 0xF0,
    0x1C, 0x1F, 0xFF, 0x83, 0xFF, 0xE0, 0xFF, 0xF8, 0x78, 0x1E, 0x3C, 0x0F, 0x1E, 0x03, 0x8F, 0x01,
    0xC0, 0x0F, 0x01, 0xF8, 0x7F, 0xCF, 0xFE, 0xEE, 0xFC, 0xE7, 0x8E, 0x30, 0xE0, 0x0E, 0x00, 0xE0,
    0x0E, 0x00, 0xE0, 0x0E, 0x0F, 0xFE, 0xFF, 0xFF, 0xFF, 0xE0, 0x1C, 0x38, 0x07, 0x8E, 0x00, 0xF3,
    0x80, 0x1C, 0xFF, 0xFF, 0xBF, 0xFF, 0xEF, 0xFF, 0xFB, 0x80, 0x1E, 0xE0, 0x0F, 0x38, 0x03, 0x8E,
    0x01, 0xC0, 0xFF, 0xEF, 0xFF, 0xFF, 0xF0, 0xE0, 0x0E, 0x00, 0xE0, 0x0E, 0x00, 0xE0, 0x0E, 0x00,
    0xE0, 0xCE, 0x3E, 0xE7, 0xFF, 0xF7, 0xFE, 0x3F, 0xC1, 0xF0, 0x0E, 0x00, 0x00, 0x70, 0x00, 0x3F,
    0x00, 0x0F, 0xE0, 0x00, 0x7C, 0x00, 0x07, 0x80, 0x00, 0xE0, 0x00, 0x38, 0x3C, 0x0E, 0x1E, 0x03,
    0x87, 0x00, 0xE3, 0x80, 0x79, 0xFF, 0xFC, 0xFF, 0xFE, 0x3F, 0xFF, 0x07, 0x80, 0x00, 0xF0, 0x00,
    0x1E, 0x00, 0x03, 0x80, 0x00, 0xF0, 0x00, 0x03, 0x80, 0x07, 0xE0, 0x03, 0xF8, 0x01, 0xF8, 0x00,
    0x70, 0x00, 0x3C, 0x00, 0x0E, 0x00, 0x03, 0x80, 0xE0, 0xE0, 0x3C, 0x3C, 0x07, 0x87, 0x80, 0xF1,
    0xFF, 0xFC, 0x3F, 0xFF, 0x83, 0xFF, 0xE0, 0x00, 0xF0, 0x00, 0x38, 0x00, 0x1E, 0x00, 0x0F, 0x00,
    0x03, 0x80, 0x1E, 0x1C, 0x0F, 0x77, 0x87, 0xBE, 0xF3, 0xDF, 0xDE, 0xFF, 0x7F, 0xBF, 0x8F, 0xEF,
    0xC1, 0xF9, 0xE0, 0x1C, 0x3C, 0x0F, 0x07, 0x07, 0x80, 0xE1, 0xC0, 0x80, 0xC0, 0xE0, 0xF0, 0xF8,
    0xDC, 0xCE, 0xC7, 0xC3, 0xC0, 0xC0, 0xC0, 0xC0, 0xC0, 0xC0, 0xC0, 0xC0, 0xC0, 0xC0, 0xC0, 0xC0,
    0xC0, 0xC0, 0xC0, 0xC0, 0xC0, 0xC0, 0xC0, 0xC0, 0xC0, 0x00, 0x1E, 0x00, 0x03, 0xC0, 0x00, 0x7B,
    0xFF, 0xFE, 0xFF, 0xFF, 0xBF, 0xFF, 0xE0, 0x00, 0x78, 0x00, 0x1C, 0x00, 0x0E, 0x00, 0x07, 0x80,
    0x00, 0xF0, 0x00, 0x1C, 0xFF, 0xFF, 0xBF, 0xFF, 0xEF, 0xFF, 0xF8, 0x00, 0x1E, 0x00, 0x07, 0x00,
    0x03, 0x80, 0x01, 0xE0, 0x03, 0xC0, 0x01, 0xE0, 0x00, 0xF0, 0x00, 0x7F, 0xFE, 0x1F, 0xFF, 0xCF,
    0xFF, 0xF7, 0x80, 0x03, 0xC0, 0x00, 0xF0, 0x00, 0x3C, 0x00, 0x07, 0xFF, 0xF8, 0xFF, 0xFF, 0x1F,
    0xFF, 0xC3, 0xC0, 0x00, 0xF0, 0x00, 0x1E, 0x00, 0x03, 0xC0, 0x00, 0x01, 0x10, 0x00, 0x63, 0x00,
    0x1C, 0x70, 0x07, 0x8F, 0x01, 0xF1, 0xF0, 0x76, 0x37, 0x1C, 0xC6, 0x77, 0x18, 0xC7, 0xC3, 0x18,
    0x60, 0x63, 0x00, 0x0C, 0x60, 0x01, 0x8C, 0x00, 0x31, 0x80, 0x06, 0x30, 0x00, 0xC6, 0x00, 0x18,
    0xC0, 0x03, 0x18, 0x00, 0x63, 0x00, 0x0C, 0x60, 0x01, 0x8C, 0x00, 0x31, 0x80, 0x06, 0x30, 0x00,
    0xC6, 0x00, 0x18, 0xC0, 0x03, 0x18, 0x00, 0x63, 0x00, 0x0C, 0x60, 0x01, 0x8C, 0x00, 0x31, 0x80,
    0x06, 0x30, 0x00, 0x00, 0xF0, 0x00, 0x3C, 0x00, 0x07, 0x83, 0xFF, 0xF0, 0xFF, 0xFE, 0x3F, 0xFF,
    0xC0, 0x00, 0xF0, 0x00, 0x1E, 0x00, 0x03, 0xC0, 0x01, 0xEF, 0xFF, 0xF3, 0xFF, 0xF8, 0xFF, 0xFE,
    0x00, 0x0F, 0x00, 0x07, 0x80, 0x03, 0xC0, 0x00, 0xF0, 0x00, 0x03, 0x18, 0x00, 0x63, 0x00, 0x0C,
    0x60, 0x01, 0x8C, 0x00, 0x31, 0x80, 0x06, 0x30, 0x00, 0xC6, 0x00, 0x18, 0xC0, 0x03, 0x18, 0x00,
    0x63, 0x00, 0x0C, 0x60, 0x01, 0x8C, 0x00, 0x31, 0x80, 0x06, 0x30, 0x00, 0xC6, 0x00, 0x18, 0xC0,
    0x03, 0x18, 0x00, 0x63, 0x00, 0x0C, 0x60, 0x01, 0x8C, 0x00, 0x31, 0x81, 0x86, 0x30, 0xF8, 0xC6,
    0x3B, 0x98, 0xCE, 0x3B, 0x1B, 0x83, 0xE3, 0xE0, 0x3C, 0x78, 0x03, 0x8E, 0x00, 0x31, 0x80, 0x02,
    0x20, 0x00, 0x01, 0xE7, 0x80, 0x07, 0x87, 0x80, 0x1E, 0x0F, 0x00, 0x7F, 0xFF, 0x01, 0xFF, 0xFF,
    0x03, 0xFF, 0xFF, 0x0F, 0x00, 0x0F, 0x3C, 0x00, 0x0E, 0x70, 0x00, 0x1E, 0xF0, 0x00, 0x78, 0xFF,
    0xFF, 0xF0, 0xFF, 0xFF, 0xC1, 0xFF, 0xFF, 0x01, 0xE0, 0x3C, 0x01, 0xE0, 0xF0, 0x01, 0xE1, 0xE0,
    0x01, 0xE7, 0x80, 0x00, 0xE0, 0x00, 0x3C, 0x0F, 0xFF, 0x83, 0xFF, 0xF0, 0xFF, 0xFC, 0x00, 0x07,
    0x80, 0x00, 0xF3, 0xFF, 0xFE, 0xFF, 0xFF, 0xFF, 0xFF, 0xE0, 0x00, 0x78, 0x00, 0x3C, 0xFF, 0xFE,
    0x3F, 0xFF, 0x0F, 0xFF, 0x80, 0x01, 0xE0, 0x00, 0xF0, 0x00, 0x38, 0x00, 0x02, 0x00, 0x38, 0x03,
    0xE0, 0x1F, 0x81, 0xFE, 0x1F, 0xF9, 0xFF, 0xE0, 0xE0, 0x07, 0x00, 0x38, 0x1F, 0xFC, 0xFF, 0xF7,
    0xFF, 0x83, 0x80, 0x1C, 0x0F, 0xFE, 0x7F, 0xFB, 0xFF, 0xC1, 0xC0, 0x0E, 0x00, 0x70, 0x03, 0x80,
    0x1C, 0x00, 0x07, 0x00, 0x38, 0x01, 0xC0, 0x0E, 0x07, 0xFF, 0x3F, 0xFD, 0xFF, 0xE0, 0xE0, 0x07,
    0x03, 0xFF, 0x9F, 0xFE, 0xFF, 0xF0, 0x70, 0x03, 0x80, 0x1C, 0x0F, 0xFF, 0x7F, 0xF1, 0xFF, 0x07,
    0xF0, 0x1F, 0x80, 0x78, 0x01, 0x80, 0x00, 0x00, 0x03, 0xC3, 0x80, 0xE1, 0xC0, 0x78, 0xE0, 0x1E,
    0x7F, 0xFF, 0xBF, 0xFF, 0xFF, 0xFF, 0xEE, 0x00, 0xE7, 0x00, 0xF3, 0x80, 0xF1, 0xC0, 0xF0, 0xE0,
    0x70, 0x70, 0x00, 0x80, 0x00, 0xE0, 0x00, 0xF8, 0x00, 0xE6, 0x00, 0xE1, 0x80, 0xE0, 0xE0, 0x60,
    0x38, 0x60, 0x0E, 0x7E, 0x1F, 0xBF, 0x0F, 0x81, 0x86, 0x00, 0xC3, 0x00, 0x61, 0x80, 0x30, 0xC0,
    0x18, 0x60, 0x0C, 0x30, 0x06, 0x18, 0x03, 0x0C, 0x01, 0x86, 0x00, 0xC3, 0x00, 0x61, 0x80, 0x30,
    0xC0, 0x1F, 0xC0, 0x03, 0xC0, 0x00, 0x80, 0x00, 0x30, 0x00, 0x0E, 0x00, 0x03, 0xE0, 0x00, 0xDC,
    0x3F, 0xF3, 0x8F, 0xFC, 0x73, 0x00, 0x0E, 0xC0, 0x01, 0xF0, 0x00, 0xEC, 0x00, 0x73, 0xFF, 0x38,
    0x7F, 0xDC, 0x00, 0x3E, 0x00, 0x0F, 0x00, 0x03, 0x80, 0x00, 0xC0, 0x00, 0x00, 0x80, 0x00, 0xE0,
    0x00, 0xF8, 0x00, 0xE6, 0x00, 0xE3, 0x80, 0xE0, 0xE0, 0x60, 0x38, 0x60, 0x0E, 0x7E, 0x1F, 0xBF,
    0x0F, 0xC1, 0x86, 0x00, 0xC3, 0x00, 0x61, 0x80, 0x30, 0xC0, 0x1F, 0xE0, 0x0F, 0xE0, 0x00, 0x00,
    0x00, 0x00, 0x01, 0xFE, 0x00, 0xFF, 0x00, 0x61, 0x80, 0x30, 0xC0, 0x1F, 0xC0, 0x03, 0xC0, 0xF0,
    0x0F, 0xE0, 0x1D, 0xC0, 0x7B, 0x80, 0xE7, 0x81, 0xC7, 0xFF, 0x8F, 0xFF, 0x1F, 0xFC, 0x3C, 0x38,
    0x38, 0x70, 0x71, 0xE0, 0xE3, 0x81, 0xE7, 0x01, 0xCE, 0x03, 0xBC, 0x07, 0x70, 0x0F, 0xE0, 0x0F,
    0xC0, 0x1F, 0x00, 0x3E, 0x00, 0x7C, 0x00, 0x1C, 0x0F, 0xC7, 0xFB, 0xDE, 0xF3, 0xF8, 0xFE, 0x1B,
    0x80, 0xE0, 0x38, 0x0E, 0x03, 0x8E, 0xE3, 0xFC, 0xEF, 0xF9, 0xFE, 0x3F, 0x00, 0x1E, 0x00, 0x7C,
    0x01, 0xF0, 0x03, 0xC0, 0x0E, 0x00, 0x78, 0x01, 0xC3, 0xFF, 0x3F, 0xFB, 0xEF, 0xDC, 0x1F, 0xE0,
    0x7F, 0x03, 0xF8, 0x1F, 0xC0, 0xFE, 0x07, 0xF0, 0x3F, 0x81, 0xDC, 0x1E, 0xFB, 0xE3, 0xFE, 0x0F,
    0xE0, 0xFF, 0xFF, 0xFF, 0xFF, 0xFE, 0x00, 0x70, 0x03, 0x80, 0x1C, 0x00, 0xE0, 0x07, 0x7F, 0xFB,
    0xFF, 0xDF, 0xFE, 0x00, 0x70, 0x03, 0x80, 0x1C, 0x00, 0xE0, 0x07, 0x00, 0x38, 0x01, 0xFF, 0xFF,
    0xFF, 0xFF, 0xFF, 0x80, 0x00, 0x38, 0x00, 0xE0, 0x03, 0x1F, 0xFF, 0x7F, 0xFC, 0xFF, 0xF0, 0x0F,
    0xC0, 0x3F, 0x01, 0xDC, 0x07, 0x70, 0x19, 0xC7, 0xFF, 0x3F, 0xFC, 0xFF, 0xF0, 0x71, 0xC1, 0xC7,
    0x0E, 0x1C, 0x38, 0x70, 0xE1, 0xC7, 0x07, 0x1C, 0x1C, 0xFF, 0xF7, 0xFF, 0xDF, 0xFF, 0x30, 0x01,
    0xC0, 0x07, 0x00, 0x00, 0x00, 0x01, 0xC0, 0x00, 0x38, 0x0F, 0xFE, 0x07, 0xFF, 0x81, 0xFF, 0xF8,
    0x78, 0x1F, 0x1E, 0x07, 0xF3, 0xC0, 0xCE, 0x70, 0x39, 0xFE, 0x0E, 0x1F, 0xC1, 0x83, 0xF8, 0x70,
    0x7F, 0x1C, 0x0E, 0xE3, 0x03, 0xDE, 0xE0, 0x73, 0xF8, 0x1E, 0x3E, 0x07, 0x83, 0xFF, 0xE0, 0x7F,
    0xF8, 0x0F, 0xFE, 0x03, 0x80, 0x00, 0x60, 0x00, 0x00, 0x07, 0xC0, 0x0F, 0x80, 0x1F, 0x00, 0x3F,
    0x00, 0xFE, 0x01, 0xDC, 0x03, 0xBC, 0x07, 0x38, 0x1E, 0x70, 0x38, 0xE0, 0x71, 0xE0, 0xE1, 0xC3,
    0xC3, 0x87, 0x07, 0x0E, 0x0F, 0x1C, 0x0E, 0x78, 0x1C, 0xE0, 0x39, 0xFF, 0xFF, 0xFF, 0xFF, 0xFF,
    0xE0, 0x7F, 0xFF, 0xFF, 0xFD, 0xFF, 0xFB, 0x80, 0xF7, 0x01, 0xCF, 0x03, 0x8E, 0x0F, 0x1C, 0x1E,
    0x38, 0x38, 0x78, 0x70, 0x70, 0xE0, 0xE3, 0xC1, 0xC7, 0x03, 0xCE, 0x03, 0x9C, 0x07, 0x78, 0x0E,
    0xE0, 0x1F, 0xC0, 0x1F, 0x80, 0x3E, 0x00, 0x7C, 0x00, 0xF8, 0x00, 0x1F, 0xFF, 0x3F, 0xFF, 0x7C,
    0x00, 0xF0, 0x00, 0xF0, 0x00, 0xE0, 0x00, 0xE0, 0x00, 0xE0, 0x00, 0xFF, 0xFF, 0xFF, 0xFF, 0xE0,
    0x00, 0xE0, 0x00, 0xE0, 0x00, 0xF0, 0x00, 0x7C, 0x00, 0x3F, 0xFF, 0x1F, 0xFF, 0x00, 0x18, 0x00,
    0x38, 0x00, 0x38, 0x00, 0x30, 0x1F, 0xFF, 0x3F, 0xFF, 0x7F, 0xFF, 0xF8, 0xE0, 0xF0, 0xC0, 0xE0,
    0xC0, 0xE1, 0xC0, 0xFF, 0xFF, 0xFF, 0xFF, 0xFF, 0xFF, 0xE3, 0x00, 0xE7, 0x00, 0xE7, 0x00, 0xF6,
    0x00, 0x7F, 0xFF, 0x3F, 0xFF, 0x1F, 0xFF, 0x1C, 0x00, 0x18, 0x00, 0x38, 0x00, 0x38, 0x00, 0x3F,
    0xBF, 0xD8, 0x1F, 0xFF, 0xFF, 0x01, 0xC0, 0xFF, 0x0F, 0x80, 0xFF, 0xF0, 0xFF, 0xFC, 0x00, 0x7E,
    0x00, 0x1E, 0x00, 0x0F, 0x00, 0x0F, 0x00, 0x07, 0x00, 0x07, 0xFF, 0xFF, 0xFF, 0xFF, 0x00, 0x07,
    0x00, 0x0F, 0x00, 0x0F, 0x00, 0x1E, 0x00, 0x3E, 0xFF, 0xFC, 0xFF, 0xF0, 0x00, 0x18, 0x00, 0x38,
    0x00, 0x38, 0x00, 0x30, 0xFF, 0xF0, 0xFF, 0xFC, 0x00, 0xFE, 0x00, 0xFE, 0x00, 0xCF, 0x00, 0xCF,
    0x01, 0xCF, 0x01, 0xC7, 0xFF, 0xFF, 0xFF, 0xFF, 0x03, 0x07, 0x07, 0x0F, 0x07, 0x0F, 0x06, 0x1E,
    0x0E, 0x3E, 0xFF, 0xFC, 0xFF, 0xF0, 0x1C, 0x00, 0x18, 0x00, 0x38, 0x00, 0x38, 0x00, 0xFF, 0xFF,
    0xFF, 0xFF, 0xFF, 0xFF, 0xFF, 0xFF, 0xFF, 0xFF, 0xFF, 0xFF, 0xFF, 0xFF, 0xFF, 0xFF, 0xFF, 0xFF,
    0xFF, 0xFF, 0xF8, 0xFF, 0xFE, 0xFF, 0xFF, 0xFF, 0xFF, 0x38, 0x3C, 0x38, 0x3C, 0x38, 0x3C, 0x38,
    0x3C, 0x38, 0x3C, 0x38, 0x3C, 0x38, 0x3C, 0x38, 0x3C, 0x38, 0x3C, 0x38, 0x3C, 0x38, 0x3C, 0x38,
    0x3C, 0x38, 0x3C, 0x38, 0x3C, 0x38, 0x3C, 0x38, 0x3C, 0x38, 0x3C, 0x38, 0x3C, 0x38, 0x3C, 0x38,
    0x3C, 0x38, 0x3C, 0x38, 0x3C, 0x38, 0x3C, 0x38, 0x3C, 0x38, 0x3C, 0x38, 0x3C, 0x38, 0x3C, 0x38,
    0x3C, 0x38, 0x3C, 0x38, 0x3C, 0x38, 0x3C, 0x38, 0x3C, 0x38, 0x3C, 0x38, 0x3C, 0x38, 0x3C, 0x38,
    0x3C, 0x38, 0x3C, 0x38, 0x3C, 0x38, 0x3C, 0x38, 0x3C, 0x38, 0x3C, 0x38, 0x3C, 0x38, 0x3C, 0x38,
    0x3C, 0x38, 0x3C, 0x38, 0x3C, 0x38, 0x3C, 0x38, 0x3C, 0xFF, 0xFE, 0xFF, 0xFF, 0xFF, 0xFF, 0xFF,
    0xFF, 0xFF, 0xFF, 0xFF, 0xFB, 0xC0, 0x07, 0x80, 0x07, 0x80, 0x07, 0x80, 0x0F, 0x80, 0x0F, 0x00,
    0x0F, 0x00, 0x0F, 0x00, 0x1E, 0x00, 0x1E, 0x00, 0x1E, 0x00, 0x3C, 0x00, 0xF0, 0x03, 0xC0, 0x0F,
    0x00, 0x1E, 0x00, 0x78, 0x01, 0xE0, 0x07, 0x80, 0x0F, 0x00, 0x3C, 0x00, 0xFF, 0xFF, 0xFF, 0xFF,
    0xFF, 0xF8, 0xFF, 0xBF, 0xFF, 0xFC, 0x7F, 0xFE, 0xFF, 0xFC, 0x0E, 0x00, 0x1C, 0x00, 0x38, 0x00,
    0x70, 0x00, 0xE0, 0x01, 0xC0, 0x7F, 0xFC, 0xFF, 0xFD, 0xFF, 0xF8, 0x1C, 0x00, 0x38, 0x00, 0x70,
    0x00, 0xE0, 0x01, 0xC0, 0x03, 0x80, 0x00, 0x03, 0x80, 0x01, 0xE0, 0x00, 0x70, 0x00, 0x38, 0x00,
    0x1E, 0x00, 0x07, 0x00, 0x03, 0x80, 0x01, 0xC0, 0x00, 0xF0, 0x00, 0x38, 0x00, 0x1C, 0x00, 0x0F,
    0x00, 0x03, 0x80, 0x01, 0xC0, 0x00, 0xF0, 0x00, 0x38, 0x00, 0x1C, 0x00, 0x0E, 0x00, 0x07, 0x80,
    0x01, 0xC0, 0x00, 0xE0, 0x00, 0x00, 0x7C, 0xEE, 0xC6, 0xC3, 0xC6, 0xEE, 0x7C, 0x7B, 0xEF, 0xBE,
    0x78, 0x00, 0x03, 0x80, 0x01, 0xC0, 0x01, 0xE0, 0x00, 0xE0, 0x00, 0x77, 0xE0, 0x3B, 0xF8, 0x38,
    0xFC, 0x1C, 0x0E, 0x0E, 0x07, 0x0F, 0x01, 0xC7, 0x00, 0xE3, 0x80, 0x71, 0xC0, 0x39, 0xC0, 0x0E,
    0xE0, 0x07, 0x70, 0x03, 0xF8, 0x01, 0xF8, 0x00, 0x7C, 0x00, 0x3E, 0x00, 0x1E, 0x00, 0x7E, 0x7C,
    0xFF, 0xFE, 0xE7, 0xCF, 0xC3, 0x87, 0xC3, 0x87, 0xC3, 0x87, 0xC3, 0xC7, 0xE7, 0xCF, 0xFE, 0xFE,
    0x7C, 0x7C, 0xFF, 0xFF, 0xFF, 0xFF, 0xFF, 0xFF, 0xFF, 0xFE, 0x0E, 0x01, 0xC0, 0x38, 0x07, 0x00,
    0xEE, 0x1F, 0x83, 0xF0, 0x7C, 0x0F, 0x01, 0xE0, 0x38, 0x07, 0x01, 0xE0, 0x7C, 0x0F, 0x83, 0xF0,
    0x6E, 0x01, 0xC0, 0x38, 0x07, 0x00, 0xE0, 0xE3, 0xF1, 0xF8, 0xFC, 0x7E, 0x3F, 0x1F, 0x8F, 0xC7,
    0xE3, 0xF1, 0xF8, 0xFC, 0x7E, 0x3F, 0x1F, 0x8F, 0xC7, 0xE3, 0xF1, 0xF8, 0xFC, 0x7E, 0x38, 0x03,
    0xC0, 0x0F, 0x80, 0x1F, 0x80, 0x7F, 0x00, 0xEE, 0x01, 0xDE, 0x07, 0xBC, 0x0E, 0x38, 0x1C, 0x78,
    0x78, 0x70, 0xE0, 0xE1, 0xC1, 0xE7, 0x81, 0xCE, 0x03, 0x9C, 0x07, 0x80, 0x70, 0x0E, 0xE0, 0x3D,
    0xE0, 0x73, 0xC0, 0xE3, 0x83, 0xC7, 0x87, 0x07, 0x0E, 0x0E, 0x3C, 0x1E, 0x70, 0x1D, 0xE0, 0x3B,
    0x80, 0x7F, 0x00, 0x7E, 0x00, 0xF8, 0x01, 0xF0, 0x00, 0x07, 0xC0, 0x3F, 0xF8, 0x7F, 0xFC, 0x7C,
    0x3E, 0xF0, 0x1E, 0xE0, 0x0E, 0xE0, 0x0E, 0xE0, 0x0F, 0xE0, 0x0F, 0xE0, 0x0F, 0xE0, 0x0F, 0xE0,
    0x0F, 0xE0, 0x0F, 0xE0, 0x0F, 0xE0, 0x0F, 0xE0, 0x0F, 0xE0, 0x0F, 0xE0, 0x0F, 0xE0, 0x0F, 0xE0,
    0x0F, 0xE0, 0x0F, 0xE0, 0x0F, 0xE0, 0x0F, 0xE0, 0x0F, 0xE0, 0x0F, 0xE0, 0x0F, 0xE0, 0x0F, 0xE0,
    0x0F, 0xE0, 0x0F, 0xE0, 0x0F, 0xE0, 0x0F, 0xE0, 0x0F, 0xE0, 0x0F, 0xE0, 0x0F, 0xE0, 0x0F, 0xE0,
    0x0F, 0xE0, 0x0F, 0xE0, 0x0E, 0xF0, 0x0E, 0xF0, 0x1E, 0x7F, 0xFE, 0x3F, 0xFC, 0x1F, 0xF0, 0x00,
    0x7F, 0x01, 0xFF, 0x01, 0xFF, 0x03, 0xC0, 0x03, 0x80, 0x03, 0x80, 0x03, 0x80, 0x03, 0x80, 0x03,
    0x80, 0x03, 0x80, 0x03, 0x80, 0x03, 0x80, 0x03, 0x80, 0x03, 0x80, 0x03, 0x80, 0x03, 0x80, 0x03,
    0x80, 0x03, 0x80, 0x03, 0x80, 0x03, 0x80, 0x03, 0x80, 0x03, 0x80, 0x03, 0x80, 0x07, 0x80, 0xFF,
    0x80, 0xFF, 0x00, 0xFE, 0x00, 0x01, 0xC0, 0x01, 0xF0, 0x00, 0xF8, 0x00, 0x3C, 0x00, 0x00, 0x00,
    0x00, 0x00, 0x00, 0x00, 0x00, 0x00, 0x00, 0x00, 0x00, 0x00, 0x00, 0x00, 0x00, 0x00, 0x00, 0x00,
    0x03, 0xC0, 0x39, 0xE0, 0x3E, 0xF0, 0x1F, 0x78, 0x07, 0x00, 0x78, 0x07, 0x3C, 0x07, 0xDE, 0x03,
    0xEF, 0x00, 0xE0, 0x00, 0x00, 0x00, 0x00, 0x00, 0x00, 0x00, 0x00, 0x00, 0x00, 0x00, 0x00, 0x00,
    0x00, 0x00, 0x00, 0x00, 0x00, 0x00, 0x0E, 0x00, 0x0F, 0x80, 0x07, 0xC0, 0x01, 0xE0, 0x00, 0x7B,
    0xEF, 0xBE, 0x00, 0x00, 0x00, 0x00, 0x00, 0x00, 0x7B, 0xEF, 0xBE, 0x78, 0x3D, 0xF8, 0x7F, 0xF0,
    0xFB, 0xC1, 0xF7, 0x81, 0xC0, 0x00, 0x00, 0x00, 0x00, 0x00, 0x00, 0x00, 0x00, 0x01, 0xE0, 0x73,
    0xC1, 0xFF, 0xC3, 0xFF, 0x87, 0xDE, 0x0F, 0x00, 0x1E, 0x0F, 0x83, 0xE0, 0xF8, 0x1E, 0x00, 0x00,
    0x03, 0xFE, 0xFF, 0xFF, 0xF0, 0x00, 0x07, 0x80, 0x03, 0xF0, 0x00, 0xFC, 0x00, 0x1E, 0x00, 0x00,
    0x3F, 0xF8, 0x0F, 0xFE, 0x03, 0xFF, 0x00, 0x00, 0x00, 0x00, 0x01, 0xE0, 0x00, 0xFC, 0x00, 0x3F,
    0x00, 0x07, 0x80, 0x7C, 0x1F, 0xF8, 0x7F, 0xF3, 0xF9, 0xFF, 0xE3, 0xFB, 0x87, 0xC0, 0x7E, 0x1C,
    0xFF, 0x1E, 0xF7, 0x0E, 0xE3, 0x87, 0xE3, 0x87, 0xE3, 0xC7, 0xE1, 0xCE, 0xF9, 0xFE, 0x78, 0xFC,
    0x00, 0x01, 0xF8, 0x7F, 0xF1, 0xFB, 0xEF, 0xE3, 0xFB, 0x87, 0xE0, 0x04, 0x00, 0x00, 0x00, 0x03,
    0xFF, 0xEF, 0xFF, 0xFF, 0xFF, 0x10, 0x01, 0xF8, 0x7F, 0xE1, 0xFB, 0xCF, 0xE7, 0xFF, 0x8F, 0xEE,
    0x1F, 0x00, 0x00, 0x00, 0x03, 0xFF, 0xEF, 0xFF, 0xFF, 0xFF, 0x00, 0x00, 0x00, 0x00, 0x00, 0x3F,
    0xFE, 0xFF, 0xFF, 0xFF, 0xF0, 0x00, 0x30, 0x01, 0xC0, 0x07, 0x04, 0x18, 0x7E, 0xFF, 0xFF, 0xFE,
    0xFF, 0xF9, 0xFF, 0xE3, 0xFB, 0x87, 0xC0, 0x38, 0x00, 0xE0, 0xFF, 0xFB, 0xFF, 0xFF, 0xFF, 0xC1,
    0x80, 0x0E, 0x00, 0x38, 0x0F, 0xFF, 0xBF, 0xFF, 0xFF, 0xFC, 0x60, 0x03, 0x80, 0x0E, 0x00, 0x30,
    0x01, 0xC0, 0x00, 0x7C, 0x1F, 0xF8, 0x7F, 0xF3, 0xF9, 0xFF, 0xE3, 0xFB, 0x87, 0xC0, 0x00, 0x1F,
    0x07, 0xFE, 0x1F, 0xFC, 0xFE, 0x7F, 0xF8, 0xFE, 0xE1, 0xF0, 0x00, 0x30, 0x01, 0xC0, 0x07, 0x00,
    0x18, 0x00, 0xE0, 0x03, 0x80, 0x0C, 0x1F, 0x77, 0xFF, 0x9F, 0xFE, 0xFE, 0x7F, 0xF8, 0xFE, 0xE7,
    0xF0, 0x1C, 0x07, 0xE1, 0xFF, 0x87, 0xFF, 0x3F, 0xBF, 0xFF, 0xFF, 0xBF, 0x7C, 0x18, 0x00, 0xE0,
    0x03, 0x80, 0x0C, 0x00, 0x70, 0x00, 0x3F, 0x0E, 0xFF, 0xBD, 0xDF, 0xF3, 0x8F, 0xE0, 0x02, 0x00,
    0x00, 0x0F, 0x83, 0xBF, 0xC7, 0x7F, 0xFE, 0xE3, 0xF9, 0xC3, 0xE0, 0x00, 0x00, 0x80, 0x07, 0xE1,
    0xDF, 0xFF, 0xB9, 0xFE, 0x70, 0xF8, 0xE0, 0x0E, 0xF0, 0x0E, 0x7F, 0xFE, 0x7F, 0xFC, 0x3F, 0xF8,
    0x00, 0x00, 0x00, 0x00, 0x03, 0xC0, 0x3F, 0xF8, 0x7F, 0xFC, 0xF8, 0x3E, 0xF0, 0x0E, 0xE0, 0x0E,
    0xF0, 0x00, 0x3E, 0x3F, 0xEF, 0x9F, 0xFF, 0xE7, 0xFF, 0xF0, 0x00, 0x00, 0x00, 0x00, 0x00, 0x00,
    0x00, 0x00, 0xF0, 0xFF, 0xBE, 0x7F, 0xFF, 0x9F, 0xFF, 0xE0, 0x00, 0xF0, 0x00, 0x00, 0x0F, 0x80,
    0xFE, 0x07, 0x70, 0x31, 0xC1, 0xCC, 0x0F, 0xE0, 0x3E, 0x00, 0x00, 0x00, 0x00, 0x00, 0x1F, 0xFF,
    0xFF, 0xFF, 0xFF, 0x80, 0x00, 0x00, 0x00, 0x00, 0x7F, 0xFF, 0xFF, 0xFF, 0xFE, 0x1F, 0xC0, 0xFF,
    0x03, 0xF8, 0x00, 0xC0, 0x0E, 0x03, 0xE0, 0x1C, 0x00, 0x40, 0x00, 0x00, 0x38, 0x01, 0xC0, 0x00,
    0x07, 0xFF, 0xFF, 0xFF, 0xFF, 0xE0, 0x00, 0x00, 0x00, 0x00, 0x1F, 0xFF, 0xFF, 0xFF, 0xFF, 0x80,
    0x00, 0x30, 0x03, 0x80, 0x1C, 0x00, 0xC0, 0x0E, 0x00, 0x60, 0x03, 0x00, 0x38, 0xFF, 0xFF, 0xFF,
    0xFF, 0xFE, 0x06, 0x00, 0x70, 0x03, 0x80, 0x18, 0x1F, 0xFF, 0xFF, 0xFF, 0xFF, 0xC7, 0x00, 0x30,
    0x01, 0x80, 0x1C, 0x00, 0xC0, 0x0E, 0x00, 0x70, 0x00, 0xFF, 0xFF, 0xFF, 0xDF, 0xFE, 0x00, 0x00,
    0x00, 0x00, 0x01, 0xFF, 0xFF, 0xFF, 0xFF, 0xF8, 0x00, 0x00, 0x00, 0x00, 0x07, 0xFF, 0xFF, 0xFF,
    0xFF, 0xE0, 0x00, 0x70, 0x03, 0x00, 0x38, 0x01, 0xCF, 0xFF, 0xFF, 0xFD, 0xFF, 0xE0, 0x30, 0x03,
    0x80, 0x1C, 0x1F, 0xFF, 0xFF, 0xFF, 0xFF, 0x83, 0x00, 0x38, 0x01, 0xC0, 0x7F, 0xFF, 0xFF, 0xFF,
    0xFE, 0x30, 0x03, 0x80, 0x1C, 0x00, 0xC0, 0x00, 0xFF, 0xFF, 0xFF, 0xC0, 0x00, 0x00, 0x0F, 0xFF,
    0xFF, 0xFC, 0x00, 0x00, 0x00, 0xFF, 0xFF, 0xFF, 0xC0, 0x00, 0x00, 0x0F, 0xFF, 0xFF, 0xFC, 0x00,
    0x18, 0x03, 0xC0, 0x7E, 0x0F, 0xE1, 0xFC, 0x3F, 0x83, 0xF0, 0x1E, 0x00, 0xF8, 0x07, 0xF0, 0x0F,
    0xE0, 0x1F, 0xC0, 0x3F, 0x80, 0x7C, 0x00, 0xE0, 0x01, 0x00, 0x00, 0x00, 0x3F, 0xFF, 0xFF, 0xFF,
    0xFF, 0x80, 0xC0, 0x07, 0x80, 0x3F, 0x00, 0xFE, 0x01, 0xFC, 0x03, 0xF8, 0x07, 0xE0, 0x0F, 0x00,
    0x78, 0x0F, 0xC1, 0xF8, 0x3F, 0x07, 0xE0, 0x7C, 0x03, 0x80, 0x10, 0x00, 0x00, 0x00, 0x00, 0x3F,
    0xFF, 0xFF, 0xFF, 0xFF, 0x80, 0x00, 0x00, 0x00, 0x30, 0x30, 0x3C, 0x3C, 0x1F, 0x1F, 0x1F, 0x1F,
    0x0F, 0x8F, 0x8F, 0x8F, 0x83, 0xC7, 0xC0, 0xE1, 0xE0, 0x3C, 0x3C, 0x07, 0xC7, 0xC0, 0xF8, 0xF8,
    0x0F, 0x0F, 0x01, 0xF1, 0xF0, 0x1C, 0x3C, 0x03, 0x03, 0x00, 0x00, 0x00, 0x00, 0x00, 0x30, 0x70,
    0x0E, 0x1E, 0x03, 0xE3, 0xE0, 0x7C, 0x7C, 0x07, 0xC7, 0x80, 0xF8, 0xF8, 0x0F, 0x1F, 0x01, 0xC1,
    0xC1, 0xF1, 0xF0, 0xF8, 0xF8, 0xF8, 0xF8, 0x7C, 0x7C, 0x3C, 0x3C, 0x0E, 0x1E, 0x03, 0x06, 0x00,
    0x00, 0x00, 0x00, 0x61, 0x9F, 0xE3, 0xF0, 0xFC, 0x33, 0x18, 0xE6, 0x1B, 0x86, 0xE1, 0xB0, 0x7C,
    0x1F, 0x86, 0xE1, 0x98, 0x66, 0x39, 0xCC, 0x3F, 0x0F, 0x87, 0xF9, 0x86, 0x00, 0x30, 0x00, 0x30,
    0x00, 0x70, 0x00, 0x70, 0xE0, 0xEE, 0xF0, 0xEE, 0x7F, 0xFE, 0x7F, 0xFC, 0x3F, 0xF8, 0x01, 0x80,
    0x03, 0x80, 0x03, 0xC0, 0x3F, 0xF8, 0x7F, 0xFC, 0xFF, 0x3E, 0xFE, 0x0E, 0xEE, 0x0E, 0x0C, 0x00,
    0x1C, 0x00, 0x1C, 0x00, 0x00, 0x70, 0x03, 0x00, 0x38, 0x01, 0xC0, 0x0D, 0x80, 0xFC, 0x07, 0xE0,
    0xFE, 0x1F, 0xC3, 0xF8, 0x3F, 0xC1, 0xCE, 0x0F, 0xE0, 0x3F, 0x00, 0x7E, 0x01, 0xFC, 0x1D, 0xF8,
    0xE3, 0xC6, 0x06, 0x70, 0x03, 0x80, 0x18, 0x01, 0xC0, 0x00, 0x00, 0x70, 0x03, 0x00, 0x38, 0x01,
    0xCC, 0x0C, 0x78, 0xE3, 0xF6, 0x0F, 0xF0, 0x0F, 0xC0, 0x1F, 0x80, 0xFE, 0x0E, 0x70, 0x6F, 0x87,
    0xFC, 0x3F, 0x87, 0xF0, 0xFE, 0x07, 0xE0, 0x3E, 0x00, 0x70, 0x03, 0x80, 0x18, 0x01, 0xC0, 0x00,
    0x00, 0x30, 0x03, 0x80, 0x1E, 0x00, 0xF0, 0x0F, 0x81, 0xF8, 0x3F, 0x07, 0xF8, 0xFD, 0xC7, 0x8C,
    0x3E, 0xE1, 0xFF, 0x03, 0xF8, 0x07, 0xF0, 0x1F, 0xE0, 0xDF, 0x0E, 0x38, 0x70, 0x43, 0x00, 0x38,
    0x0F, 0xFF, 0xFF, 0xFF, 0xFF, 0xE7, 0x00, 0x30, 0x03, 0x80, 0x00, 0x00, 0x30, 0x03, 0xA0, 0x1D,
    0xE0, 0xCF, 0xCE, 0x3F, 0xF0, 0x7F, 0x00, 0xFE, 0x01, 0xF8, 0x0F, 0xC0, 0xFE, 0x07, 0xF0, 0x7E,
    0x0F, 0xC1, 0xFC, 0x1F, 0xC0, 0xEE, 0x04, 0x70, 0x03, 0x00, 0x38, 0x0F, 0xFF, 0xFF, 0xFF, 0xFF,
    0xE7, 0x00, 0x30, 0x03, 0x80, 0x00, 0x00, 0x0C, 0x00, 0x78, 0x03, 0xF0, 0x1F, 0xC0, 0xFE, 0x07,
    0xF0, 0x1F, 0x80, 0x3C, 0x00, 0x7C, 0x00, 0xFE, 0x00, 0x7F, 0x00, 0x3F, 0x80, 0x1F, 0xC0, 0x0F,
    0x80, 0x07, 0x00, 0x02, 0x08, 0x0C, 0x7E, 0x1D, 0xFF, 0xFB, 0xBF, 0xE7, 0x0F, 0x80, 0xC0, 0x03,
    0xC0, 0x0F, 0xC0, 0x1F, 0xC0, 0x1F, 0xC0, 0x1F, 0xC0, 0x1F, 0x80, 0x1E, 0x00, 0x78, 0x07, 0xE0,
    0x7F, 0x07, 0xF0, 0x7F, 0x03, 0xF0, 0x0F, 0x00, 0x30, 0x00, 0x00, 0x01, 0xF8, 0xEF, 0xFF, 0xB9,
    0xFE, 0xE1, 0xF0, 0x00, 0x1C, 0x00, 0x38, 0x00, 0xF0, 0x01, 0xE0, 0x07, 0x80, 0x3E, 0x03, 0xF8,
    0x7F, 0xE0, 0xFE, 0x01, 0xFF, 0x80, 0xFF, 0x80, 0x0F, 0x80, 0x07, 0x80, 0x07, 0x80, 0x0F, 0x00,
    0x0E, 0x00, 0x1C, 0xE0, 0x03, 0xC0, 0x0F, 0x00, 0x1E, 0x00, 0x7C, 0x00, 0xFC, 0x01, 0xFE, 0x01,
    0xFF, 0x01, 0xFC, 0x1F, 0xF1, 0xFF, 0x0F, 0xC0, 0x7C, 0x01, 0xE0, 0x0F, 0x00, 0x3C, 0x00, 0xE0,
    0x00, 0x00, 0x1C, 0x00, 0x38, 0x00, 0xF0, 0x03, 0xC0, 0x1F, 0x01, 0xFC, 0x3F, 0xF0, 0x7F, 0x00,
    0xFF, 0xC0, 0x7F, 0xC0, 0x07, 0xC0, 0x07, 0xC0, 0x03, 0x80, 0x07, 0x80, 0x07, 0x00, 0x0E, 0x00,
    0x00, 0x00, 0x03, 0xFF, 0xF7, 0xFF, 0xEF, 0xFF, 0xC0, 0x1F, 0xFF, 0x3F, 0xFF, 0x7F, 0xFE, 0xF0,
    0x00, 0xE0, 0x00, 0xE0, 0x00, 0xE0, 0x00, 0xE0, 0x00, 0xE0, 0x00, 0xE0, 0x00, 0xF0, 0x00, 0x7F,
    0xFE, 0x3F, 0xFF, 0x1F, 0xFF, 0xFF, 0xF8, 0x7F, 0xFF, 0x1F, 0xFF, 0xC0, 0x01, 0xE0, 0x00, 0x78,
    0x00, 0x3C, 0x00, 0x1E, 0x00, 0x0F, 0x00, 0x07, 0x80, 0x03, 0xC0, 0x03, 0xCF, 0xFF, 0xEF, 0xFF,
    0xE7, 0xFF, 0xC0, 0x00, 0x18, 0x00, 0x38, 0x00, 0x30, 0x00, 0x70, 0x00, 0x70, 0x1F, 0xFF, 0x3F,
    0xFF, 0x7F, 0xFF, 0xF0, 0xC0, 0xE1, 0xC0, 0xE1, 0xC0, 0xE1, 0x80, 0xE3, 0x80, 0xE3, 0x00, 0xE3,
    0x00, 0xF7, 0x00, 0x7F, 0xFF, 0x3F, 0xFF, 0x1F, 0xFF, 0x0C, 0x00, 0x1C, 0x00, 0x1C, 0x00, 0x18,
    0x00, 0x38, 0x00, 0x00, 0x0C, 0x00, 0x0E, 0x00, 0x06, 0x00, 0x07, 0x00, 0x03, 0x87, 0xFF, 0xC3,
    0xFF, 0xF8, 0xFF, 0xFE, 0x00, 0x6F, 0x00, 0x73, 0xC0, 0x39, 0xE0, 0x18, 0xF0, 0x1C, 0x78, 0x0E,
    0x3C, 0x06, 0x1E, 0x07, 0x1E, 0x7F, 0xFF, 0x7F, 0xFF, 0x3F, 0xFE, 0x00, 0xC0, 0x00, 0xE0, 0x00,
    0x70, 0x00, 0x30, 0x00, 0x38, 0x00, 0x1F, 0xFF, 0x3F, 0xFF, 0x7F, 0xFF, 0xF0, 0x00, 0xE0, 0x00,
    0xE0, 0x00, 0xE0, 0x00, 0xE0, 0x00, 0xE0, 0x00, 0xE0, 0x00, 0xF0, 0x00, 0x7C, 0x00, 0x7F, 0xFF,
    0x1F, 0xFF, 0x07, 0xFF, 0x00, 0x00, 0x00, 0x00, 0xFF, 0xFF, 0xFF, 0xFF, 0xFF, 0xFF, 0xFF, 0xF8,
    0x7F, 0xFF, 0x1F, 0xFF, 0xC0, 0x01, 0xE0, 0x00, 0x70, 0x00, 0x3C, 0x00, 0x1E, 0x00, 0x0F, 0x00,
    0x07, 0x80, 0x03, 0xC0, 0x01, 0xC0, 0x03, 0xEF, 0xFF, 0xE7, 0xFF, 0xE1, 0xFF, 0xC0, 0x00, 0x00,
    0x00, 0x00, 0x3F, 0xFF, 0xBF, 0xFF, 0xDF, 0xFF, 0xE0, 0x00, 0x1C, 0x00, 0x1C, 0x00, 0x18, 0x00,
    0x38, 0x1F, 0xFF, 0x3F, 0xFF, 0x7F, 0xFF, 0xF0, 0x70, 0xE0, 0xE0, 0xE0, 0xE0, 0xE0, 0xC0, 0xE1,
    0xC0, 0xE1, 0xC0, 0xE1, 0x80, 0xF3, 0x80, 0x7F, 0x80, 0x7F, 0xFF, 0x3F, 0xFF, 0x07, 0xFF, 0x0E,
    0x00, 0x0E, 0x00, 0xFF, 0xFF, 0xFF, 0xFF, 0xFF, 0xFF, 0x18, 0x00, 0x38, 0x00, 0x38, 0x00, 0x00,
    0x0E, 0x00, 0x07, 0x00, 0x03, 0x00, 0x03, 0x8F, 0xFF, 0xC7, 0xFF, 0xF1, 0xFF, 0xFC, 0x00, 0x7E,
    0x00, 0x77, 0x00, 0x3B, 0xC0, 0x19, 0xE0, 0x1C, 0xF0, 0x0E, 0x78, 0x06, 0x3C, 0x07, 0x1C, 0x03,
    0xBE, 0xFF, 0xFE, 0x7F, 0xFE, 0x1F, 0xFC, 0x00, 0xE0, 0x00, 0x70, 0x03, 0xFF, 0xFB, 0xFF, 0xFD,
    0xFF, 0xFE, 0x0C, 0x00, 0x0E, 0x00, 0x07, 0x00, 0x00, 0xC0, 0x0F, 0x00, 0x3C, 0x00, 0xF0, 0x03,
    0xC0, 0x0F, 0x00, 0x3C, 0x00, 0xF0, 0x03, 0xC0, 0x0F, 0x00, 0x3C, 0x20, 0xF0, 0xC3, 0xC3, 0x0F,
    0x0C, 0x3F, 0xFE, 0xF7, 0xF3, 0xC3, 0x1F, 0x0C, 0x6E, 0x31, 0x9E, 0x1C, 0x3F, 0xE0, 0x1C, 0x00,
    0xFF, 0xFF, 0xFF, 0xFF, 0xFF, 0xFF, 0xE0, 0x00, 0xE0, 0x00, 0xE0, 0x00, 0xE0, 0x00, 0xE0, 0x00,
    0xE0, 0x00, 0xE0, 0x00, 0xE0, 0x00, 0xFF, 0xFF, 0xFF, 0xFF, 0xFF, 0xFF, 0xFF, 0xFF, 0xFF, 0xFF,
    0xDF, 0xFF, 0xE0, 0x00, 0xF0, 0x00, 0x78, 0x00, 0x3C, 0x00, 0x1E, 0x00, 0x0F, 0x00, 0x07, 0x80,
    0x03, 0xC0, 0x01, 0xEF, 0xFF, 0xFF, 0xFF, 0xFF, 0xFF, 0xFC, 0xFF, 0xFF, 0xFF, 0xFF, 0xFF, 0xFF,
    0xE0, 0x00, 0xE0, 0x00, 0xE0, 0x00, 0xE0, 0x00, 0xE0, 0x00, 0xE0, 0x00, 0xE0, 0x00, 0xE0, 0x00,
    0xE0, 0x00, 0xFF, 0xFF, 0xFF, 0xFF, 0xFF, 0xFF, 0x00, 0x00, 0x00, 0x00, 0xFF, 0xFF, 0xFF, 0xFF,
    0xFF, 0xFF, 0xFF, 0xFF, 0xFF, 0xFF, 0xDF, 0xFF, 0xE0, 0x00, 0xF0, 0x00, 0x78, 0x00, 0x3C, 0x00,
    0x1E, 0x00, 0x0F, 0x00, 0x07, 0x80, 0x03, 0xC0, 0x01, 0xE0, 0x00, 0xFF, 0xFF, 0xFF, 0xFF, 0xFD,
    0xFF, 0xFE, 0x00, 0x00, 0x00, 0x00, 0x3F, 0xFF, 0xFF, 0xFF, 0xFF, 0xFF, 0xF0, 0x7F, 0xFF, 0xFF,
    0xFF, 0xFF, 0xFF, 0x80, 0x7F, 0x00, 0xFE, 0x01, 0xFC, 0x03, 0xF8, 0x07, 0xF0, 0x0F, 0xE0, 0x1F,
    0xC0, 0x3F, 0x80, 0x7F, 0x00, 0xFE, 0x01, 0xFC, 0x03, 0xF8, 0x07, 0xF0, 0x0F, 0xE0, 0x1F, 0xC0,
    0x3F, 0x80, 0x7F, 0x00, 0xFE, 0x01, 0xFC, 0x03, 0xF8, 0x07, 0xF0, 0x0F, 0xE0, 0x1F, 0xC0, 0x3F,
    0x80, 0x7F, 0x00, 0xFF, 0xFF, 0xFF, 0xFF, 0xFF, 0xFF, 0x03, 0xFC, 0x01, 0xFF, 0xC0, 0x7B, 0x9E,
    0x1C, 0x71, 0xC7, 0x0E, 0x1C, 0xC1, 0xC1, 0x98, 0x38, 0x3F, 0xFF, 0xFF, 0xFF, 0xFF, 0xFF, 0xFF,
    0xFF, 0x83, 0x81, 0xB0, 0x70, 0x76, 0x0E, 0x0C, 0xE1, 0xC3, 0x8E, 0x38, 0xE0, 0xF7, 0x3C, 0x0F,
    0xFE, 0x00, 0x7F, 0x80, 0x03, 0xFC, 0x01, 0xFF, 0xC0, 0x70, 0x1C, 0x1C, 0x00, 0xC7, 0x00, 0x1C,
    0xC0, 0x01, 0x98, 0x00, 0x3F, 0x00, 0x03, 0xE7, 0xFE, 0x7C, 0xFF, 0xCF, 0x9F, 0xF1, 0xB0, 0x00,
    0x76, 0x00, 0x0C, 0xE0, 0x01, 0x8E, 0x00, 0x60, 0xE0, 0x1C, 0x0F, 0x1F, 0x00, 0xFF, 0x80, 0x01,
    0x80, 0x00, 0x03, 0xFC, 0x01, 0xFF, 0xC0, 0x7E, 0x7E, 0x1E, 0x03, 0xC7, 0xE0, 0x7C, 0xFE, 0x3F,
    0x99, 0xEF, 0x3F, 0x1F, 0xC3, 0xE1, 0xF0, 0x7C, 0x3E, 0x0F, 0x8F, 0xE1, 0xB3, 0xDE, 0x77, 0xF1,
    0xEC, 0xFC, 0x1F, 0x8F, 0x01, 0xE0, 0xFC, 0xFC, 0x0F, 0xFE, 0x00, 0x7F, 0x80, 0x03, 0xFC, 0x01,
    0xFF, 0xC0, 0x7E, 0x7E, 0x1E, 0x07, 0xC7, 0x01, 0xDC, 0xE0, 0x39, 0x98, 0x0E, 0x3F, 0x03, 0x83,
    0xE0, 0xE0, 0x7C, 0x1C, 0x0F, 0x87, 0x01, 0xB1, 0xC0, 0x77, 0x30, 0x0C, 0xEE, 0x03, 0x8F, 0x80,
    0xE0, 0xFC, 0xFC, 0x0F, 0xFE, 0x00, 0x7F, 0x80, 0x03, 0xFC, 0x01, 0xFF, 0xC0, 0x70, 0x1C, 0x1C,
    0x00, 0xC7, 0x00, 0x1C, 0xC0, 0x01, 0x98, 0x00, 0x3F, 0x00, 0x03, 0xE0, 0xE0, 0x7C, 0x1E, 0x0F,
    0x83, 0x81, 0xB0, 0x00, 0x76, 0x00, 0x0C, 0xE0, 0x01, 0x8E, 0x00, 0x60, 0xE0, 0x1C, 0x0F, 0x1F,
    0x00, 0xFF, 0x80, 0x01, 0x80, 0x00, 0x03, 0xFC, 0x01, 0xFF, 0xC0, 0x7B, 0x9E, 0x1C, 0x71, 0xC7,
    0x0E, 0x1C, 0xF1, 0xC7, 0x9F, 0xFB, 0xFF, 0xFF, 0xFF, 0xE7, 0xFE, 0x7C, 0x3E, 0x0F, 0x8F, 0xE1,
    0xB1, 0xDE, 0x77, 0x79, 0xEC, 0xFE, 0x3F, 0x8F, 0x83, 0xE0, 0xFC, 0xFC, 0x0F, 0xFE, 0x00, 0x7F,
    0x80, 0x03, 0xFC, 0x01, 0xFF, 0xC0, 0x7E, 0x7E, 0x1C, 0x01, 0xC7, 0x00, 0x1C, 0xFF, 0xFF, 0x9F,
    0xFF, 0xFF, 0x00, 0x03, 0xE0, 0x00, 0x7C, 0x00, 0x0F, 0x80, 0x01, 0xBF, 0xFF, 0xF7, 0xFF, 0xFC,
    0xE0, 0x03, 0x8E, 0x00, 0xE0, 0xFC, 0xFC, 0x0F, 0xFE, 0x00, 0x7F, 0x80, 0x03, 0xFC, 0x01, 0xFF,
    0xC0, 0x7E, 0x7E, 0x1E, 0x01, 0xC7, 0x00, 0x1C, 0xE0, 0x01, 0x98, 0x00, 0x3F, 0x00, 0x03, 0xFF,
    0xFF, 0xFF, 0xFF, 0xFF, 0x80, 0x01, 0xB0, 0x00, 0x77, 0x00, 0x0C, 0xE0, 0x03, 0x8F, 0x00, 0xE0,
    0xFC, 0xFC, 0x0F, 0xFE, 0x00, 0x7F, 0x80, 0xFF, 0xFF, 0xFC, 0x01, 0xFF, 0x80, 0xFF, 0xF0, 0x7F,
    0xDE, 0x3C, 0xF3, 0xDE, 0x3C, 0x7F, 0x8F, 0x0F, 0xC3, 0xC1, 0xE0, 0xF0, 0xFC, 0x3C, 0x7F, 0x8F,
    0x3D, 0xF3, 0xDE, 0x3E, 0xFF, 0x07, 0xFF, 0x80, 0xFF, 0xC0, 0x1F, 0xFF, 0xFF, 0xC0, 0xFF, 0xFF,
    0xFF, 0xFF, 0xFC, 0x00, 0x0F, 0x00, 0x03, 0xC0, 0x00, 0xF0, 0x00, 0x3C, 0x00, 0x0F, 0x3F, 0xF3,
    0xCF, 0xFC, 0xF3, 0xFE, 0x3C, 0x00, 0x0F, 0x00, 0x03, 0xC0, 0x00, 0xF0, 0x00, 0x3C, 0x00, 0x0F,
    0x00, 0x03, 0xFF, 0xFF, 0xFF, 0xFF, 0xE0, 0xFF, 0xFF, 0xFF, 0xFF, 0xFC, 0x1C, 0x0F, 0x07, 0x03,
    0xC1, 0xC0, 0xF0, 0x70, 0x3C, 0x1C, 0x0F, 0xFF, 0xFF, 0xFF, 0xFF, 0xFF, 0xFF, 0xFC, 0x1C, 0x0F,
    0x07, 0x03, 0xC1, 0xC0, 0xF0, 0x70, 0x3C, 0x1C, 0x0F, 0x07, 0x03, 0xFF, 0xFF, 0xFF, 0xFF, 0xE0,
    0xFF, 0xFF, 0xFF, 0xFF, 0xFC, 0x00, 0x0F, 0x00, 0x03, 0xC0, 0x00, 0xF0, 0x00, 0x3C, 0x00, 0x0F,
    0x07, 0x03, 0xC1, 0xE0, 0xF0, 0x70, 0x3C, 0x00, 0x0F, 0x00, 0x03, 0xC0, 0x00, 0xF0, 0x00, 0x3C,
    0x00, 0x0F, 0x00, 0x03, 0xFF, 0xFF, 0xFF, 0xFF, 0xE0, 0xE0, 0x00, 0x38, 0x00, 0x0E, 0x00, 0x03,
    0x80, 0x00, 0xE0, 0x00, 0x38, 0x00, 0x0E, 0x00, 0x03, 0xFF, 0xFF, 0xFF, 0xFF, 0xFF, 0xFF, 0xFE,
    0x00, 0x03, 0x80, 0x00, 0xE0, 0x00, 0x38, 0x00, 0x0E, 0x00, 0x03, 0x80, 0x00, 0xE0, 0x00, 0x38,
    0x00, 0x00, 0x00, 0x01, 0xC0, 0x00, 0xF0, 0x00, 0x3C, 0x00, 0x0F, 0x00, 0x03, 0xC0, 0x00, 0xF0,
    0x00, 0x3F, 0xFF, 0xFF, 0xFF, 0xFF, 0xFF, 0xFF, 0xF0, 0x00, 0x3C, 0x00, 0x0F, 0x00, 0x03, 0xC0,
    0x00, 0xF0, 0x00, 0x3C, 0x00, 0x0F, 0x00, 0x03, 0xC0, 0x00, 0x70, 0xFF, 0xFF, 0xFF, 0xFF, 0xFF,
    0xFF, 0xFC, 0x07, 0x00, 0x01, 0xC0, 0x00, 0x70, 0x00, 0x1C, 0x00, 0x07, 0x00, 0x01, 0xC0, 0x00,
    0x70, 0x00, 0x1C, 0x00, 0x07, 0x00, 0x01, 0xC0, 0x00, 0x70, 0x00, 0x1C, 0x00, 0x07, 0x00, 0x01,
    0xC0, 0x00, 0x70, 0x00, 0x01, 0xC0, 0x00, 0x70, 0x00, 0x1C, 0x00, 0x07, 0x00, 0x01, 0xC0, 0x00,
    0x70, 0x00, 0x1C, 0x00, 0x07, 0x00, 0x01, 0xC0, 0x00, 0x70, 0x00, 0x1C, 0x00, 0x07, 0x00, 0x01,
    0xC0, 0x00, 0x70, 0x00, 0x1C, 0x03, 0xFF, 0xFF, 0xFF, 0xFF, 0xFF, 0xFF, 0xF0, 0x00, 0x18, 0x03,
    0xC0, 0x7E, 0x0F, 0xF1, 0xFF, 0xBF, 0x9F, 0xF0, 0xFE, 0x07, 0xF8, 0x3F, 0xF1, 0xCF, 0xEE, 0x1F,
    0xF0, 0x3F, 0x80, 0x7C, 0x00, 0xE0, 0x01, 0x00, 0x00, 0x00, 0x3F, 0xFF, 0xFF, 0xFF, 0xFF, 0x80,
    0x00, 0x0F, 0x80, 0x07, 0x6F, 0xFF, 0x88, 0x00, 0x76, 0x00, 0x0F, 0x80, 0x70, 0x0E, 0xE0, 0x3D,
    0xE0, 0x73, 0xC0, 0xE3, 0x83, 0xC7, 0x87, 0x07, 0x0E, 0x0E, 0x3C, 0x1E, 0x70, 0x1D, 0xE0, 0x3B,
    0x80, 0x7F, 0x00, 0x7E, 0x00, 0xF8, 0x01, 0xF0, 0x00, 0x00, 0x00, 0x00, 0x00, 0x01, 0xFF, 0xF3,
    0xFF, 0xE7, 0xFF, 0xC0, 0xFF, 0xFE, 0xFF, 0xFE, 0xFF, 0xFE, 0x00, 0x00, 0x00, 0x00, 0x03, 0x80,
    0x07, 0xC0, 0x07, 0xC0, 0x07, 0xE0, 0x0F, 0xE0, 0x0E, 0xE0, 0x0E, 0xF0, 0x1E, 0x70, 0x1C, 0x78,
    0x3C, 0x78, 0x3C, 0x38, 0x38, 0x3C, 0x78, 0x1C, 0x70, 0x1C, 0x70, 0x1E, 0x70, 0x0E, 0xFF, 0xFE,
    0xFF, 0xFE, 0xFF, 0xFE, 0x00, 0x00, 0x00, 0x00, 0x60, 0x0C, 0x70, 0x1E, 0x70, 0x1C, 0x78, 0x1C,
    0x38, 0x3C, 0x38, 0x38, 0x3C, 0x38, 0x1C, 0x78, 0x1E, 0x70, 0x1E, 0x70, 0x0E, 0xF0, 0x0F, 0xE0,
    0x0F, 0xE0, 0x07, 0xE0, 0x07, 0xC0, 0x03, 0xC0, 0x07, 0xC0, 0x3F, 0xF8, 0x7F, 0xFC, 0x7C, 0x3E,
    0xF0, 0x1E, 0xE0, 0x0E, 0xE0, 0x0E, 0xE0, 0x0F, 0xE0, 0x0F, 0xE0, 0x0F, 0xE0, 0x0F, 0xE0, 0x0F,
    0xE0, 0x0F, 0xE0, 0x0F, 0xE0, 0x0F, 0xE0, 0x0F, 0xE0, 0x0F, 0xE0, 0x0F, 0xE0, 0x0F, 0xE0, 0x0F,
    0xE0, 0x0F, 0xE0, 0x0F, 0xE0, 0x0F, 0xE0, 0x0F, 0xE0, 0x0F, 0xE0, 0x0F, 0xE0, 0x0F, 0xE0, 0x0F,
    0xE0, 0x0F, 0xE0, 0x0F, 0xE0, 0x0F, 0xE0, 0x0F, 0xE0, 0x0F, 0xE0, 0x0F, 0xE0, 0x0F, 0xE0, 0x0F,
    0xE0, 0x0F, 0xE0, 0x0E, 0xF0, 0x0E, 0xF0, 0x1E, 0x7F, 0xFE, 0x3F, 0xFC, 0x1F, 0xF0, 0x08, 0x0E,
    0x0F, 0x8E, 0x6E, 0x3B, 0x98, 0xF8, 0x38, 0x08, 0x00, 0x10, 0x10, 0x18, 0xFE, 0x3C, 0x3C, 0x6C,
    0x00, 0x00, 0x00, 0x20, 0x00, 0x3E, 0x00, 0x1F, 0xC0, 0x0F, 0xF8, 0x07, 0xF7, 0x03, 0xBC, 0xE3,
    0xCF, 0x1D, 0xE3, 0xC3, 0xE0, 0xF0, 0x70, 0x3C, 0x3E, 0x0F, 0x1D, 0xC3, 0xCE, 0x38, 0xF7, 0x07,
    0xBF, 0x80, 0xFF, 0xC0, 0x0F, 0xE0, 0x01, 0xF0, 0x00, 0x38, 0x00, 0x04, 0x00, 0x00, 0x20, 0x00,
    0x2E, 0x00, 0x1F, 0xC0, 0x0E, 0xF8, 0x07, 0x37, 0x03, 0x8C, 0xE3, 0xC3, 0x1D, 0xE0, 0xC3, 0xE0,
    0x30, 0x70, 0x0C, 0x3E, 0x03, 0x1D, 0xC0, 0xCE, 0x38, 0x37, 0x07, 0x8F, 0x80, 0xF3, 0xC0, 0x1E,
    0xE0, 0x01, 0xF0, 0x00, 0x28, 0x00, 0x00, 0x00, 0x00, 0x10, 0x00, 0x3E, 0x00, 0x1F, 0xC0, 0x0F,
    0x38, 0x07, 0xC7, 0x03, 0xB0, 0xE3, 0xCC, 0x1D, 0xE3, 0x03, 0xE0, 0xC0, 0x70, 0x30, 0x3E, 0x0C,
    0x1D, 0xC3, 0x0E, 0x38, 0xC7, 0x07, 0xB3, 0x80, 0xFD, 0xC0, 0x0F, 0xE0, 0x01, 0xF0, 0x00, 0x30,
    0x00, 0x04, 0x00, 0x00, 0x78, 0x01, 0xFE, 0x03, 0xEF, 0x83, 0xF1, 0xE3, 0xE0, 0x79, 0xC0, 0x1D,
    0xE0, 0x0E, 0xE0, 0x03, 0xE0, 0x01, 0xF0, 0x00, 0xF8, 0x00, 0x3C, 0x00, 0x1E, 0x00, 0x0E, 0x00,
    0x07, 0x00, 0x03, 0x80, 0x01, 0xC0, 0x00, 0x1F, 0xFF, 0x3F, 0xFF, 0x7C, 0x00, 0xF0, 0x00, 0xE0,
    0x00, 0xE3, 0xFF, 0xE7, 0xFF, 0xE7, 0x00, 0xEF, 0x00, 0xE7, 0x00, 0xE7, 0xFF, 0xE3, 0xFF, 0xE0,
    0x00, 0xF0, 0x00, 0x7C, 0x00, 0x3F, 0xFF, 0x1F, 0xFF, 0x00, 0x1C, 0x00, 0x1C, 0x00, 0x18, 0x00,
    0x38, 0xFF, 0xFF, 0xFF, 0xFF, 0xFF, 0xFF, 0xE0, 0x60, 0xE0, 0xE0, 0xE0, 0xE0, 0xE0, 0xC0, 0xE1,
    0xC0, 0xE1, 0xC0, 0xE1, 0x80, 0xE3, 0x80, 0xE3, 0x80, 0xFF, 0xFF, 0xFF, 0xFF, 0xFF, 0xFF, 0x0E,
    0x00, 0x0E, 0x00, 0xFF, 0xFF, 0xFF, 0xFF, 0xFF, 0xFF, 0x18, 0x00, 0x38, 0x00, 0x38, 0x00, 0x7F,
    0xFE, 0xF0, 0x00, 0x0F, 0xFF, 0xDE, 0x00, 0x01, 0xFF, 0xFB, 0xC0, 0x78, 0xF1, 0xFF, 0x3E, 0x7F,
    0xE7, 0xCF, 0xBC, 0x78, 0xF0, 0x00, 0x01, 0xE0, 0x00, 0x7C, 0x00, 0x0F, 0x80, 0x00, 0xF0, 0x00,
    0x00, 0x00, 0x00, 0x00, 0x00, 0x00, 0x07, 0x80, 0x01, 0xF0, 0x00, 0x3E, 0x00, 0x03, 0xC0, 0x00,
    0x00, 0x00, 0x00, 0x00, 0x00, 0x00, 0x1E, 0x00, 0x07, 0xC0, 0x00, 0xF8, 0x00, 0x0F, 0x00, 0x00,
    0x78, 0x00, 0x1F, 0x00, 0x03, 0xE0, 0x00, 0x3C, 0x00, 0x00, 0x00, 0x00, 0x00, 0x00, 0x00, 0x00,
    0x00, 0x07, 0x80, 0x01, 0xF0, 0x00, 0x3E, 0x00, 0x03, 0xC0, 0x00, 0x00, 0x00, 0x00, 0x00, 0x00,
    0x00, 0x00, 0x00, 0x78, 0x00, 0x1F, 0x00, 0x03, 0xE0, 0x00, 0x3C, 0x00, 0xE0, 0x00, 0x3E, 0x00,
    0x0F, 0xE0, 0x03, 0xFE, 0x00, 0x7F, 0xE0, 0x1F, 0xFE, 0x07, 0xCF, 0xC1, 0xFF, 0x7C, 0x3F, 0xFF,
    0xCF, 0xFE, 0xFF, 0xFF, 0xBF, 0xFF, 0xCF, 0xF7, 0xFB, 0xFE, 0xFF, 0x7F, 0x8F, 0xFF, 0xE0, 0xFF,
    0xF8, 0x0F, 0xBF, 0x00, 0xFF, 0xC0, 0x1F, 0xF0, 0x01, 0xFC, 0x00, 0x1F, 0x00, 0x01, 0xE0, 0x00,
};

static const EpdGlyph jetbrainsmono_14_regularGlyphs[] = {
    { 0, 0, 17, 0, 0, 0, 0 }, // 
    { 0, 0, 17, 0, 0, 0, 0 }, //  
    { 5, 21, 17, 6, 21, 14, 0 }, // !
    { 10, 9, 17, 4, 21, 12, 14 }, // "
    { 16, 21, 17, 1, 21, 42, 26 }, // #
    { 14, 29, 17, 2, 25, 51, 68 }, // $
    { 17, 21, 17, 0, 21, 45, 119 }, // %
    { 18, 21, 17, 0, 21, 48, 164 }, // &
    { 4, 9, 17, 7, 21, 5, 212 }, // '
    { 10, 29, 17, 5, 25, 37, 217 }, // (
    { 10, 29, 17, 3, 25, 37, 254 }, // )
    { 16, 15, 17, 1, 18, 30, 291 }, // *
    { 15, 13, 17, 1, 16, 25, 321 }, // +
    { 5, 9, 17, 6, 4, 6, 346 }, // ,
    { 10, 3, 17, 4, 11, 4, 352 }, // -
    { 6, 5, 17, 6, 5, 4, 356 }, // .
    { 14, 27, 17, 2, 24, 48, 360 }, // /
    { 14, 21, 17, 2, 21, 37, 408 }, // 0
    { 14, 21, 17, 2, 21, 37, 445 }, // 1
    { 14, 21, 17, 2, 21, 37, 482 }, // 2
    { 13, 21, 17, 2, 21, 35, 519 }, // 3
    { 13, 21, 17, 2, 21, 35, 554 }, // 4
    { 13, 21, 17, 2, 21, 35, 589 }, // 5
    { 15, 21, 17, 1, 21, 40, 624 }, // 6
    { 14, 21, 17, 2, 21, 37, 664 }, // 7
    { 15, 21, 17, 1, 21, 40, 701 }, // 8
    { 15, 21, 17, 1, 21, 40, 741 }, // 9
    { 6, 16, 17, 6, 16, 12, 781 }, // :
    { 7, 20, 17, 5, 16, 18, 793 }, // ;
    { 13, 17, 17, 2, 18, 28, 811 }, // <
    { 13, 9, 17, 2, 14, 15, 839 }, // =
    { 13, 17, 17, 2, 18, 28, 854 }, // >
    { 12, 21, 17, 3, 21, 32, 882 }, // ?
    { 16, 26, 17, 1, 21, 52, 914 }, // @
    { 15, 21, 17, 1, 21, 40, 966 }, // A
    { 14, 21, 17, 2, 21, 37, 1006 }, // B
    { 14, 21, 17, 2, 21, 37, 1043 }, // C
    { 13, 21, 17, 2, 21, 35, 1080 }, // D
    { 14, 21, 17, 2, 21, 37, 1115 }, // E
    { 14, 21, 17, 2, 21, 37, 1152 }, // F
    { 14, 21, 17, 2, 21, 37, 1189 }, // G
    { 13, 21, 17, 2, 21, 35, 1226 }, // H
    { 12, 21, 17, 3, 21, 32, 1261 }, // I
    { 14, 21, 17, 1, 21, 37, 1293 }, // J
    { 15, 21, 17, 2, 21, 40, 1330 }, // K
    { 13, 21, 17, 3, 21, 35, 1370 }, // L
    { 14, 21, 17, 2, 21, 37, 1405 }, // M
    { 13, 21, 17, 2, 21, 35, 1442 }, // N
    { 13, 21, 17, 2, 21, 35, 1477 }, // O
    { 14, 21, 17, 2, 21, 37, 1512 }, // P
    { 14, 26, 17, 2, 21, 46, 1549 }, // Q
    { 14, 21, 17, 2, 21, 37, 1595 }, // R
    { 14, 21, 17, 2, 21, 37, 1632 }, // S
    { 15, 21, 17, 1, 21, 40, 1669 }, // T
    { 13, 21, 17, 2, 21, 35, 1709 }, // U
    { 15, 21, 17, 1, 21, 40, 1744 }, // V
    { 17, 21, 17, 0, 21, 45, 1784 }, // W
    { 16, 21, 17, 1, 21, 42, 1829 }, // X
    { 16, 21, 17, 1, 21, 42, 1871 }, // Y
    { 13, 21, 17, 2, 21, 35, 1913 }, // Z
    { 9, 27, 17, 5, 24, 31, 1948 }, // [
    { 14, 27, 17, 2, 24, 48, 1979 }, // <backslash>
    { 8, 27, 17, 4, 24, 27, 2027 }, // ]
    { 14, 11, 17, 2, 21, 20, 2054 }, // ^
    { 15, 3, 17, 1, 0, 6, 2074 }, // _
    { 7, 4, 17, 4, 22, 4, 2080 }, // `
    { 14, 16, 17, 1, 16, 28, 2084 }, // a
    { 13, 21, 17, 2, 21, 35, 2112 }, // b
    { 14, 16, 17, 2, 16, 28, 2147 }, // c
    { 13, 21, 17, 2, 21, 35, 2175 }, // d
    { 13, 16, 17, 2, 16, 26, 2210 }, // e
    { 15, 21, 17, 1, 21, 40, 2236 }, // f
    { 13, 21, 17, 2, 16, 35, 2276 }, // g
    { 13, 21, 17, 2, 21, 35, 2311 }, // h
    { 15, 23, 17, 2, 23, 44, 2346 }, // i
    { 12, 28, 17, 2, 23, 42, 2390 }, // j
    { 15, 21, 17, 2, 21, 40, 2432 }, // k
    { 16, 21, 17, 0, 21, 42, 2472 }, // l
    { 15, 16, 17, 1, 16, 30, 2514 }, // m
    { 13, 16, 17, 2, 16, 26, 2544 }, // n
    { 13, 16, 17, 2, 16, 26, 2570 }, // o
    { 13, 21, 17, 2, 16, 35, 2596 }, // p
    { 13, 21, 17, 2, 16, 35, 2631 }, // q
    { 13, 16, 17, 3, 16, 26, 2666 }, // r
    { 13, 16, 17, 2, 16, 26, 2692 }, // s
    { 15, 20, 17, 1, 20, 38, 2718 }, // t
    { 13, 16, 17, 2, 16, 26, 2756 }, // u
    { 15, 16, 17, 1, 16, 30, 2782 }, // v
    { 17, 16, 17, 0, 16, 34, 2812 }, // w
    { 15, 16, 17, 1, 16, 30, 2846 }, // x
    { 15, 21, 17, 1, 16, 40, 2876 }, // y
    { 13, 16, 17, 2, 16, 26, 2916 }, // z
    { 13, 27, 17, 2, 24, 44, 2942 }, // {
    { 3, 27, 17, 7, 24, 11, 2986 }, // |
    { 14, 27, 17, 2, 24, 48, 2997 }, // }
    { 14, 6, 17, 2, 13, 11, 3045 }, // ~
    { 0, 0, 17, 0, 0, 0, 3056 }, //  
    { 5, 21, 17, 6, 16, 14, 3056 }, // ¡
    { 14, 24, 17, 2, 20, 42, 3070 }, // ¢
    { 14, 21, 17, 2, 21, 37, 3112 }, // £
    { 16, 16, 17, 1, 18, 32, 3149 }, // ¤
    { 16, 21, 17, 1, 21, 42, 3181 }, // ¥
    { 3, 27, 17, 7, 24, 11, 3223 }, // ¦
    { 14, 26, 17, 2, 21, 46, 3234 }, // §
    { 11, 4, 17, 3, 23, 6, 3280 }, // ¨
    { 16, 20, 17, 1, 22, 40, 3286 }, // ©
    { 8, 8, 17, 5, 21, 8, 3326 }, // ª
    { 17, 14, 17, 0, 15, 30, 3334 }, // «
    { 13, 7, 17, 2, 12, 12, 3364 }, // ¬
    { 16, 19, 17, 1, 21, 38, 3376 }, // ®
    { 10, 3, 17, 4, 22, 4, 3414 }, // ¯
    { 10, 8, 17, 4, 21, 10, 3418 }, // °
    { 15, 17, 17, 1, 17, 32, 3428 }, // ±
    { 10, 13, 17, 4, 24, 17, 3460 }, // ²
    { 10, 13, 17, 4, 24, 17, 3477 }, // ³
    { 7, 4, 17, 6, 22, 4, 3494 }, // ´
    { 13, 21, 17, 2, 16, 35, 3498 }, // µ
    { 14, 26, 17, 1, 21, 46, 3533 }, // ¶
    { 6, 5, 17, 6, 13, 4, 3579 }, // ·
    { 7, 7, 17, 5, 1, 7, 3583 }, // ¸
    { 10, 13, 17, 4, 24, 17, 3590 }, // ¹
    { 8, 8, 17, 5, 21, 8, 3607 }, // º
    { 16, 14, 17, 1, 15, 28, 3615 }, // »
    { 18, 21, 17, 0, 21, 48, 3643 }, // ¼
    { 18, 22, 17, 0, 21, 50, 3691 }, // ½
    { 18, 22, 17, 0, 22, 50, 3741 }, // ¾
    { 11, 21, 17, 3, 16, 29, 3791 }, // ¿
    { 15, 27, 17, 1, 27, 51, 3820 }, // À
    { 15, 27, 17, 1, 27, 51, 3871 }, // Á
    { 15, 27, 17, 1, 27, 51, 3922 }, // Â
    { 15, 27, 17, 1, 27, 51, 3973 }, // Ã
    { 15, 27, 17, 1, 27, 51, 4024 }, // Ä
    { 15, 29, 17, 1, 29, 55, 4075 }, // Å
    { 17, 21, 17, 0, 21, 45, 4130 }, // Æ
    { 14, 27, 17, 2, 21, 48, 4175 }, // Ç
    { 14, 27, 17, 2, 27, 48, 4223 }, // È
    { 14, 27, 17, 2, 27, 48, 4271 }, // É
    { 14, 27, 17, 2, 27, 48, 4319 }, // Ê
    { 14, 27, 17, 2, 27, 48, 4367 }, // Ë
    { 12, 27, 17, 3, 27, 41, 4415 }, // Ì
    { 12, 27, 17, 3, 27, 41, 4456 }, // Í
    { 12, 27, 17, 3, 27, 41, 4497 }, // Î
    { 12, 27, 17, 3, 27, 41, 4538 }, // Ï
    { 15, 21, 17, 0, 21, 40, 4579 }, // Ð
    { 13, 27, 17, 2, 27, 44, 4619 }, // Ñ
    { 13, 27, 17, 2, 27, 44, 4663 }, // Ò
    { 13, 27, 17, 2, 27, 44, 4707 }, // Ó
    { 13, 27, 17, 2, 27, 44, 4751 }, // Ô
    { 13, 27, 17, 2, 27, 44, 4795 }, // Õ
    { 13, 27, 17, 2, 27, 44, 4839 }, // Ö
    { 12, 13, 17, 3, 16, 20, 4883 }, // ×
    { 16, 23, 17, 1, 22, 46, 4903 }, // Ø
    { 13, 27, 17, 2, 27, 44, 4949 }, // Ù
    { 13, 27, 17, 2, 27, 44, 4993 }, // Ú
    { 13, 27, 17, 2, 27, 44, 5037 }, // Û
    { 13, 27, 17, 2, 27, 44, 5081 }, // Ü
    { 16, 27, 17, 1, 27, 54, 5125 }, // Ý
    { 14, 21, 17, 2, 21, 37, 5179 }, // Þ
    { 14, 21, 17, 2, 21, 37, 5216 }, // ß
    { 14, 22, 17, 1, 22, 39, 5253 }, // à
    { 14, 22, 17, 1, 22, 39, 5292 }, // á
    { 14, 22, 17, 1, 22, 39, 5331 }, // â
    { 14, 23, 17, 1, 23, 41, 5370 }, // ã
    { 14, 23, 17, 1, 23, 41, 5411 }, // ä
    { 14, 24, 17, 1, 24, 42, 5452 }, // å
    { 17, 16, 17, 0, 16, 34, 5494 }, // æ
    { 14, 22, 17, 2, 16, 39, 5528 }, // ç
    { 13, 22, 17, 2, 22, 36, 5567 }, // è
    { 13, 22, 17, 2, 22, 36, 5603 }, // é
    { 13, 22, 17, 2, 22, 36, 5639 }, // ê
    { 13, 23, 17, 2, 23, 38, 5675 }, // ë
    { 15, 22, 17, 2, 22, 42, 5713 }, // ì
    { 15, 22, 17, 2, 22, 42, 5755 }, // í
    { 15, 22, 17, 2, 22, 42, 5797 }, // î
    { 15, 23, 17, 2, 23, 44, 5839 }, // ï
    { 14, 22, 17, 2, 22, 39, 5883 }, // ð
    { 13, 23, 17, 2, 23, 38, 5922 }, // ñ
    { 13, 22, 17, 2, 22, 36, 5960 }, // ò
    { 13, 22, 17, 2, 22, 36, 5996 }, // ó
    { 13, 22, 17, 2, 22, 36, 6032 }, // ô
    { 13, 23, 17, 2, 23, 38, 6068 }, // õ
    { 13, 23, 17, 2, 23, 38, 6106 }, // ö
    { 13, 16, 17, 2, 18, 26, 6144 }, // ÷
    { 16, 18, 17, 1, 17, 36, 6170 }, // ø
    { 13, 22, 17, 2, 22, 36, 6206 }, // ù
    { 13, 22, 17, 2, 22, 36, 6242 }, // ú
    { 13, 22, 17, 2, 22, 36, 6278 }, // û
    { 13, 23, 17, 2, 23, 38, 6314 }, // ü
    { 15, 27, 17, 1, 22, 51, 6352 }, // ý
    { 13, 26, 17, 2, 21, 43, 6403 }, // þ
    { 15, 28, 17, 1, 23, 53, 6446 }, // ÿ
    { 15, 27, 17, 1, 27, 51, 6499 }, // Ā
    { 14, 22, 17, 1, 22, 39, 6550 }, // ā
    { 15, 27, 17, 1, 27, 51, 6589 }, // Ă
    { 14, 22, 17, 1, 22, 39, 6640 }, // ă
    { 16, 27, 17, 1, 21, 54, 6679 }, // Ą
    { 16, 22, 17, 1, 16, 44, 6733 }, // ą
    { 14, 27, 17, 2, 27, 48, 6777 }, // Ć
    { 14, 22, 17, 2, 22, 39, 6825 }, // ć
    { 14, 27, 17, 2, 27, 48, 6864 }, // Ĉ
    { 14, 22, 17, 2, 22, 39, 6912 }, // ĉ
    { 14, 27, 17, 2, 27, 48, 6951 }, // Ċ
    { 14, 23, 17, 2, 23, 41, 6999 }, // ċ
    { 14, 27, 17, 2, 27, 48, 7040 }, // Č
    { 14, 22, 17, 2, 22, 39, 7088 }, // č
    { 13, 27, 17, 2, 27, 44, 7127 }, // Ď
    { 17, 21, 17, 1, 21, 45, 7171 }, // ď
    { 15, 21, 17, 0, 21, 40, 7216 }, // Đ
    { 16, 21, 17, 2, 21, 42, 7256 }, // đ
    { 14, 27, 17, 2, 27, 48, 7298 }, // Ē
    { 13, 22, 17, 2, 22, 36, 7346 }, // ē
    { 14, 27, 17, 2, 27, 48, 7382 }, // Ĕ
    { 13, 22, 17, 2, 22, 36, 7430 }, // ĕ
    { 14, 27, 17, 2, 27, 48, 7466 }, // Ė
    { 13, 23, 17, 2, 23, 38, 7514 }, // ė
    { 14, 27, 17, 2, 21, 48, 7552 }, // Ę
    { 13, 22, 17, 2, 16, 36, 7600 }, // ę
    { 14, 27, 17, 2, 27, 48, 7636 }, // Ě
    { 13, 22, 17, 2, 22, 36, 7684 }, // ě
    { 14, 27, 17, 2, 27, 48, 7720 }, // Ĝ
    { 13, 27, 17, 2, 22, 44, 7768 }, // ĝ
    { 14, 27, 17, 2, 27, 48, 7812 }, // Ğ
    { 13, 27, 17, 2, 22, 44, 7860 }, // ğ
    { 14, 27, 17, 2, 27, 48, 7904 }, // Ġ
    { 13, 28, 17, 2, 23, 46, 7952 }, // ġ
    { 14, 28, 17, 2, 21, 49, 7998 }, // Ģ
    { 13, 30, 17, 2, 25, 49, 8047 }, // ģ
    { 13, 27, 17, 2, 27, 44, 8096 }, // Ĥ
    { 17, 27, 17, -2, 27, 58, 8140 }, // ĥ
    { 18, 21, 17, 0, 21, 48, 8198 }, // Ħ
    { 15, 21, 17, 0, 21, 40, 8246 }, // ħ
    { 12, 27, 17, 3, 27, 41, 8286 }, // Ĩ
    { 15, 23, 17, 2, 23, 44, 8327 }, // ĩ
    { 12, 27, 17, 3, 27, 41, 8371 }, // Ī
    { 15, 22, 17, 2, 22, 42, 8412 }, // ī
    { 12, 27, 17, 3, 27, 41, 8454 }, // Ĭ
    { 15, 22, 17, 2, 22, 42, 8495 }, // ĭ
    { 12, 27, 17, 3, 21, 41, 8537 }, // Į
    { 15, 28, 17, 2, 22, 53, 8578 }, // į
    { 12, 27, 17, 3, 27, 41, 8631 }, // İ
    { 15, 16, 17, 2, 16, 30, 8672 }, // ı
    { 17, 21, 17, 0, 21, 45, 8702 }, // Ĳ
    { 14, 28, 17, 2, 23, 49, 8747 }, // ĳ
    { 18, 27, 17, 1, 27, 61, 8796 }, // Ĵ
    { 15, 27, 17, 2, 22, 51, 8857 }, // ĵ
    { 15, 28, 17, 2, 21, 53, 8908 }, // Ķ
    { 15, 28, 17, 2, 21, 53, 8961 }, // ķ
    { 15, 16, 17, 2, 16, 30, 9014 }, // ĸ
    { 13, 27, 17, 3, 27, 44, 9044 }, // Ĺ
    { 16, 27, 17, 0, 27, 54, 9088 }, // ĺ
    { 13, 28, 17, 3, 21, 46, 9142 }, // Ļ
    { 16, 28, 17, 0, 21, 56, 9188 }, // ļ
    { 13, 21, 17, 3, 21, 35, 9244 }, // Ľ
    { 16, 21, 17, 0, 21, 42, 9279 }, // ľ
    { 13, 21, 17, 3, 21, 35, 9321 }, // Ŀ
    { 19, 21, 17, 0, 21, 50, 9356 }, // ŀ
    { 16, 21, 17, 0, 21, 42, 9406 }, // Ł
    { 16, 21, 17, 0, 21, 42, 9448 }, // ł
    { 13, 27, 17, 2, 27, 44, 9490 }, // Ń
    { 13, 22, 17, 2, 22, 36, 9534 }, // ń
    { 13, 28, 17, 2, 21, 46, 9570 }, // Ņ
    { 13, 23, 17, 2, 16, 38, 9616 }, // ņ
    { 13, 27, 17, 2, 27, 44, 9654 }, // Ň
    { 13, 22, 17, 2, 22, 36, 9698 }, // ň
    { 16, 23, 17, -1, 23, 46, 9734 }, // ŉ
    { 13, 26, 17, 2, 21, 43, 9780 }, // Ŋ
    { 13, 21, 17, 2, 16, 35, 9823 }, // ŋ
    { 13, 27, 17, 2, 27, 44, 9858 }, // Ō
    { 13, 22, 17, 2, 22, 36, 9902 }, // ō
    { 13, 27, 17, 2, 27, 44, 9938 }, // Ŏ
    { 13, 22, 17, 2, 22, 36, 9982 }, // ŏ
    { 14, 27, 17, 2, 27, 48, 10018 }, // Ő
    { 14, 22, 17, 2, 22, 39, 10066 }, // ő
    { 16, 21, 17, 1, 21, 42, 10105 }, // Œ
    { 16, 16, 17, 1, 16, 32, 10147 }, // œ
    { 14, 27, 17, 2, 27, 48, 10179 }, // Ŕ
    { 13, 22, 17, 3, 22, 36, 10227 }, // ŕ
    { 14, 28, 17, 2, 21, 49, 10263 }, // Ŗ
    { 15, 23, 17, 1, 16, 44, 10312 }, // ŗ
    { 14, 27, 17, 2, 27, 48, 10356 }, // Ř
    { 13, 22, 17, 3, 22, 36, 10404 }, // ř
    { 14, 27, 17, 2, 27, 48, 10440 }, // Ś
    { 13, 22, 17, 2, 22, 36, 10488 }, // ś
    { 14, 27, 17, 2, 27, 48, 10524 }, // Ŝ
    { 13, 22, 17, 2, 22, 36, 10572 }, // ŝ
    { 14, 27, 17, 2, 21, 48, 10608 }, // Ş
    { 13, 22, 17, 2, 16, 36, 10656 }, // ş
    { 14, 27, 17, 2, 27, 48, 10692 }, // Š
    { 13, 22, 17, 2, 22, 36, 10740 }, // š
    { 15, 27, 17, 1, 21, 51, 10776 }, // Ţ
    { 15, 26, 17, 1, 20, 49, 10827 }, // ţ
    { 15, 27, 17, 1, 27, 51, 10876 }, // Ť
    { 15, 23, 17, 1, 23, 44, 10927 }, // ť
    { 15, 21, 17, 1, 21, 40, 10971 }, // Ŧ
    { 15, 20, 17, 1, 20, 38, 11011 }, // ŧ
    { 13, 27, 17, 2, 27, 44, 11049 }, // Ũ
    { 13, 23, 17, 2, 23, 38, 11093 }, // ũ
    { 13, 27, 17, 2, 27, 44, 11131 }, // Ū
    { 13, 22, 17, 2, 22, 36, 11175 }, // ū
    { 13, 27, 17, 2, 27, 44, 11211 }, // Ŭ
    { 13, 22, 17, 2, 22, 36, 11255 }, // ŭ
    { 13, 29, 17, 2, 29, 48, 11291 }, // Ů
    { 13, 24, 17, 2, 24, 39, 11339 }, // ů
    { 14, 27, 17, 2, 27, 48, 11378 }, // Ű
    { 14, 22, 17, 2, 22, 39, 11426 }, // ű
    { 13, 27, 17, 2, 21, 44, 11465 }, // Ų
    { 13, 22, 17, 2, 16, 36, 11509 }, // ų
    { 17, 27, 17, 0, 27, 58, 11545 }, // Ŵ
    { 17, 22, 17, 0, 22, 47, 11603 }, // ŵ
    { 16, 27, 17, 1, 27, 54, 11650 }, // Ŷ
    { 15, 27, 17, 1, 22, 51, 11704 }, // ŷ
    { 16, 27, 17, 1, 27, 54, 11755 }, // Ÿ
    { 13, 27, 17, 2, 27, 44, 11809 }, // Ź
    { 13, 22, 17, 2, 22, 36, 11853 }, // ź
    { 13, 27, 17, 2, 27, 44, 11889 }, // Ż
    { 13, 23, 17, 2, 23, 38, 11933 }, // ż
    { 13, 27, 17, 2, 27, 44, 11971 }, // Ž
    { 13, 22, 17, 2, 22, 36, 12015 }, // ž
    { 11, 21, 17, 4, 21, 29, 12051 }, // ſ
    { 7, 4, 0, -13, 22, 4, 12080 }, // ̀
    { 7, 4, 0, -11, 22, 4, 12084 }, // ́
    { 11, 4, 0, -14, 22, 6, 12088 }, // ̂
    { 10, 4, 0, -14, 23, 5, 12094 }, // ̃
    { 10, 3, 0, -14, 22, 4, 12099 }, // ̄
    { 10, 4, 0, -14, 22, 5, 12103 }, // ̆
    { 5, 4, 0, -11, 23, 3, 12108 }, // ̇
    { 11, 4, 0, -14, 23, 6, 12111 }, // ̈
    { 7, 7, 0, -12, 25, 7, 12117 }, // ̉
    { 8, 7, 0, -13, 24, 7, 12124 }, // ̊
    { 12, 4, 0, -14, 22, 6, 12131 }, // ̋
    { 11, 4, 0, -14, 22, 6, 12137 }, // ̌
    { 12, 4, 0, -16, 22, 6, 12143 }, // ̏
    { 7, 7, 0, -12, 25, 7, 12149 }, // ̒
    { 5, 5, 0, -7, 19, 4, 12156 }, // ̛
    { 5, 4, 0, -11, -2, 3, 12160 }, // ̣
    { 8, 6, 0, -13, -2, 6, 12163 }, // ̥
    { 6, 4, 0, -12, -3, 3, 12169 }, // ̦
    { 7, 7, 0, -12, 1, 7, 12172 }, // ̧
    { 7, 6, 0, -13, 0, 6, 12179 }, // ̨
    { 20, 3, 0, -19, 11, 8, 12185 }, // ̶
    { 16, 18, 0, -17, 17, 36, 12193 }, // ̷
    { 12, 22, 0, -15, 19, 33, 12229 }, // ̸
    { 14, 27, 17, 2, 27, 48, 12262 }, // Ё
    { 16, 26, 17, 0, 21, 52, 12310 }, // Ђ
    { 14, 27, 17, 3, 27, 48, 12362 }, // Ѓ
    { 14, 21, 17, 2, 21, 37, 12410 }, // Є
    { 14, 21, 17, 2, 21, 37, 12447 }, // Ѕ
    { 12, 21, 17, 3, 21, 32, 12484 }, // І
    { 12, 27, 17, 3, 27, 41, 12516 }, // Ї
    { 14, 21, 17, 1, 21, 37, 12557 }, // Ј
    { 18, 21, 17, -1, 21, 48, 12594 }, // Љ
    { 16, 21, 17, 1, 21, 42, 12642 }, // Њ
    { 16, 21, 17, 0, 21, 42, 12684 }, // Ћ
    { 15, 27, 17, 2, 27, 51, 12726 }, // Ќ
    { 15, 27, 17, 1, 27, 51, 12777 }, // Ў
    { 13, 25, 17, 2, 21, 41, 12828 }, // Џ
    { 15, 21, 17, 1, 21, 40, 12869 }, // А
    { 14, 21, 17, 2, 21, 37, 12909 }, // Б
    { 14, 21, 17, 2, 21, 37, 12946 }, // В
    { 14, 21, 17, 3, 21, 37, 12983 }, // Г
    { 17, 25, 17, 0, 21, 54, 13020 }, // Д
    { 14, 21, 17, 2, 21, 37, 13074 }, // Е
    { 18, 21, 17, 0, 21, 48, 13111 }, // Ж
    { 15, 21, 17, 1, 21, 40, 13159 }, // З
    { 13, 21, 17, 2, 21, 35, 13199 }, // И
    { 13, 27, 17, 2, 27, 44, 13234 }, // Й
    { 15, 21, 17, 2, 21, 40, 13278 }, // К
    { 15, 21, 17, 0, 21, 40, 13318 }, // Л
    { 14, 21, 17, 2, 21, 37, 13358 }, // М
    { 13, 21, 17, 2, 21, 35, 13395 }, // Н
    { 13, 21, 17, 2, 21, 35, 13430 }, // О
    { 13, 21, 17, 2, 21, 35, 13465 }, // П
    { 14, 21, 17, 2, 21, 37, 13500 }, // Р
    { 14, 21, 17, 2, 21, 37, 13537 }, // С
    { 15, 21, 17, 1, 21, 40, 13574 }, // Т
    { 15, 21, 17, 1, 21, 40, 13614 }, // У
    { 16, 24, 17, 1, 23, 48, 13654 }, // Ф
    { 16, 21, 17, 1, 21, 42, 13702 }, // Х
    { 15, 25, 17, 2, 21, 47, 13744 }, // Ц
    { 13, 21, 17, 2, 21, 35, 13791 }, // Ч
    { 15, 21, 17, 1, 21, 40, 13826 }, // Ш
    { 17, 25, 17, 1, 21, 54, 13866 }, // Щ
    { 17, 21, 17, -1, 21, 45, 13920 }, // Ъ
    { 15, 21, 17, 1, 21, 40, 13965 }, // Ы
    { 14, 21, 17, 2, 21, 37, 14005 }, // Ь
    { 13, 21, 17, 2, 21, 35, 14042 }, // Э
    { 16, 21, 17, 1, 21, 42, 14077 }, // Ю
    { 14, 21, 17, 1, 21, 37, 14119 }, // Я
    { 14, 16, 17, 1, 16, 28, 14156 }, // а
    { 13, 22, 17, 2, 22, 36, 14184 }, // б
    { 14, 16, 17, 2, 16, 28, 14220 }, // в
    { 13, 16, 17, 3, 16, 26, 14248 }, // г
    { 17, 20, 17, 0, 16, 43, 14274 }, // д
    { 13, 16, 17, 2, 16, 26, 14317 }, // е
    { 17, 16, 17, 0, 16, 34, 14343 }, // ж
    { 14, 16, 17, 2, 16, 28, 14377 }, // з
    { 13, 16, 17, 2, 16, 26, 14405 }, // и
    { 13, 22, 17, 2, 22, 36, 14431 }, // й
    { 15, 16, 17, 2, 16, 30, 14467 }, // к
    { 15, 16, 17, 0, 16, 30, 14497 }, // л
    { 14, 16, 17, 2, 16, 28, 14527 }, // м
    { 13, 16, 17, 2, 16, 26, 14555 }, // н
    { 13, 16, 17, 2, 16, 26, 14581 }, // о
    { 13, 16, 17, 2, 16, 26, 14607 }, // п
    { 13, 21, 17, 2, 16, 35, 14633 }, // р
    { 14, 16, 17, 2, 16, 28, 14668 }, // с
    { 15, 16, 17, 1, 16, 30, 14696 }, // т
    { 15, 21, 17, 1, 16, 40, 14726 }, // у
    { 16, 26, 17, 1, 21, 52, 14766 }, // ф
    { 15, 16, 17, 1, 16, 30, 14818 }, // х
    { 15, 20, 17, 2, 16, 38, 14848 }, // ц
    { 13, 16, 17, 2, 16, 26, 14886 }, // ч
    { 15, 16, 17, 1, 16, 30, 14912 }, // ш
    { 17, 20, 17, 1, 16, 43, 14942 }, // щ
    { 17, 16, 17, 0, 16, 34, 14985 }, // ъ
    { 15, 16, 17, 1, 16, 30, 15019 }, // ы
    { 14, 16, 17, 3, 16, 28, 15049 }, // ь
    { 13, 16, 17, 2, 16, 26, 15077 }, // э
    { 16, 16, 17, 1, 16, 32, 15103 }, // ю
    { 14, 16, 17, 1, 16, 28, 15135 }, // я
    { 13, 23, 17, 2, 23, 38, 15163 }, // ё
    { 15, 26, 17, 0, 21, 49, 15201 }, // ђ
    { 13, 22, 17, 3, 22, 36, 15250 }, // ѓ
    { 14, 16, 17, 2, 16, 28, 15286 }, // є
    { 13, 16, 17, 2, 16, 26, 15314 }, // ѕ
    { 15, 23, 17, 2, 23, 44, 15340 }, // і
    { 15, 23, 17, 2, 23, 44, 15384 }, // ї
    { 12, 28, 17, 2, 23, 42, 15428 }, // ј
    { 17, 16, 17, 0, 16, 34, 15470 }, // љ
    { 16, 16, 17, 1, 16, 32, 15504 }, // њ
    { 15, 21, 17, 0, 21, 40, 15536 }, // ћ
    { 15, 22, 17, 2, 22, 42, 15576 }, // ќ
    { 15, 27, 17, 1, 22, 51, 15618 }, // ў
    { 13, 20, 17, 2, 16, 33, 15669 }, // џ
    { 14, 24, 17, 3, 24, 42, 15702 }, // Ґ
    { 13, 19, 17, 3, 19, 31, 15744 }, // ґ
    { 17, 21, 17, 0, 21, 45, 15775 }, // Ғ
    { 15, 16, 17, 1, 16, 30, 15820 }, // ғ
    { 15, 25, 17, 2, 21, 47, 15850 }, // Қ
    { 15, 20, 17, 2, 16, 38, 15897 }, // қ
    { 14, 25, 17, 2, 21, 44, 15935 }, // Ң
    { 14, 20, 17, 2, 16, 35, 15979 }, // ң
    { 16, 21, 17, 1, 21, 42, 16014 }, // Ү
    { 15, 21, 17, 1, 16, 40, 16056 }, // ү
    { 16, 21, 17, 1, 21, 42, 16096 }, // Ұ
    { 15, 21, 17, 1, 16, 40, 16138 }, // ұ
    { 15, 25, 17, 1, 21, 47, 16178 }, // Ҷ
    { 14, 20, 17, 2, 16, 35, 16225 }, // ҷ
    { 14, 21, 17, 2, 21, 37, 16260 }, // Һ
    { 14, 16, 17, 2, 16, 28, 16297 }, // һ
    { 13, 21, 17, 2, 21, 35, 16325 }, // Ә
    { 13, 16, 17, 2, 16, 26, 16360 }, // ә
    { 18, 27, 17, 0, 27, 61, 16386 }, // Ӝ
    { 17, 23, 17, 0, 23, 49, 16447 }, // ӝ
    { 15, 27, 17, 1, 27, 51, 16496 }, // Ӟ
    { 14, 23, 17, 2, 23, 41, 16547 }, // ӟ
    { 13, 27, 17, 2, 27, 44, 16588 }, // Ӥ
    { 13, 23, 17, 2, 23, 38, 16632 }, // ӥ
    { 13, 27, 17, 2, 27, 44, 16670 }, // Ӧ
    { 13, 23, 17, 2, 23, 38, 16714 }, // ӧ
    { 13, 21, 17, 2, 21, 35, 16752 }, // Ө
    { 13, 16, 17, 2, 16, 26, 16787 }, // ө
    { 13, 27, 17, 2, 27, 44, 16813 }, // Ӵ
    { 13, 23, 17, 2, 23, 38, 16857 }, // ӵ
    { 0, 0, 17, 0, 0, 0, 16895 }, //  
    { 0, 0, 17, 0, 0, 0, 16895 }, // ​
    { 10, 3, 17, 4, 11, 4, 16895 }, // ‐
    { 14, 3, 17, 2, 11, 6, 16899 }, // –
    { 18, 3, 17, 0, 11, 7, 16905 }, // —
    { 11, 27, 17, 3, 24, 38, 16912 }, // ‖
    { 6, 9, 17, 6, 21, 7, 16950 }, // ‘
    { 6, 9, 17, 6, 21, 7, 16957 }, // ’
    { 6, 9, 17, 6, 4, 7, 16964 }, // ‚
    { 6, 9, 17, 6, 21, 7, 16971 }, // ‛
    { 12, 9, 17, 3, 21, 14, 16978 }, // “
    { 12, 9, 17, 3, 21, 14, 16992 }, // ”
    { 12, 9, 17, 3, 4, 14, 17006 }, // „
    { 12, 9, 17, 3, 21, 14, 17020 }, // ‟
    { 14, 27, 17, 2, 24, 48, 17034 }, // †
    { 14, 27, 17, 2, 24, 48, 17082 }, // ‡
    { 8, 7, 17, 5, 14, 7, 17130 }, // •
    { 6, 5, 17, 6, 5, 4, 17137 }, // ․
    { 15, 5, 17, 1, 5, 10, 17141 }, // …
    { 20, 21, 17, -1, 21, 53, 17151 }, // ‰
    { 5, 9, 17, 6, 21, 6, 17204 }, // ′
    { 12, 9, 17, 3, 21, 14, 17210 }, // ″
    { 17, 9, 17, 0, 21, 20, 17224 }, // ‴
    { 10, 14, 17, 4, 15, 18, 17244 }, // ‹
    { 10, 14, 17, 4, 15, 18, 17262 }, // ›
    { 12, 21, 17, 3, 21, 32, 17280 }, // ‼
    { 12, 21, 17, 3, 21, 32, 17312 }, // ‽
    { 19, 3, 17, -1, 24, 8, 17344 }, // ‾
    { 18, 5, 17, 0, 0, 12, 17352 }, // ‿
    { 18, 21, 17, 0, 21, 48, 17364 }, // ⁄
    { 9, 27, 17, 5, 24, 31, 17412 }, // ⁅
    { 8, 27, 17, 4, 24, 27, 17443 }, // ⁆
    { 11, 13, 17, 3, 24, 18, 17470 }, // ⁰
    { 9, 13, 17, 4, 24, 15, 17488 }, // ⁴
    { 10, 13, 17, 4, 24, 17, 17503 }, // ⁵
    { 11, 13, 17, 3, 24, 18, 17520 }, // ⁶
    { 10, 13, 17, 4, 24, 17, 17538 }, // ⁷
    { 11, 13, 17, 3, 24, 18, 17555 }, // ⁸
    { 10, 13, 17, 4, 24, 17, 17573 }, // ⁹
    { 9, 8, 17, 4, 17, 9, 17590 }, // ⁺
    { 10, 7, 17, 4, 21, 9, 17599 }, // ⁼
    { 11, 13, 17, 3, 9, 18, 17608 }, // ₀
    { 10, 13, 17, 4, 9, 17, 17626 }, // ₁
    { 10, 13, 17, 4, 9, 17, 17643 }, // ₂
    { 10, 13, 17, 4, 9, 17, 17660 }, // ₃
    { 9, 13, 17, 4, 9, 15, 17677 }, // ₄
    { 10, 13, 17, 4, 9, 17, 17692 }, // ₅
    { 11, 13, 17, 3, 9, 18, 17709 }, // ₆
    { 10, 13, 17, 4, 9, 17, 17727 }, // ₇
    { 11, 13, 17, 3, 9, 18, 17744 }, // ₈
    { 10, 13, 17, 4, 9, 17, 17762 }, // ₉
    { 16, 23, 17, 2, 21, 46, 17779 }, // ₫
    { 16, 21, 17, 0, 21, 42, 17825 }, // €
    { 16, 21, 17, 1, 21, 42, 17867 }, // ₮
    { 15, 21, 17, 1, 21, 40, 17909 }, // ₴
    { 16, 21, 17, 0, 21, 42, 17949 }, // ₽
    { 14, 29, 17, 2, 25, 51, 17991 }, // ₿
    { 17, 17, 17, 0, 18, 37, 18042 }, // ←
    { 16, 22, 17, 1, 22, 44, 18079 }, // ↑
    { 18, 17, 17, 0, 18, 39, 18123 }, // →
    { 16, 22, 17, 1, 21, 44, 18162 }, // ↓
    { 23, 17, 17, -3, 18, 49, 18206 }, // ↔
    { 16, 32, 17, 1, 27, 64, 18255 }, // ↕
    { 16, 16, 17, 1, 22, 32, 18319 }, // ↖
    { 15, 16, 17, 1, 22, 30, 18351 }, // ↗
    { 15, 15, 17, 1, 15, 29, 18381 }, // ↘
    { 16, 15, 17, 1, 15, 30, 18410 }, // ↙
    { 18, 9, 17, 0, 14, 21, 18440 }, // ↝
    { 18, 11, 17, 0, 14, 25, 18461 }, // ↞
    { 18, 11, 17, 0, 14, 25, 18486 }, // ↠
    { 18, 11, 17, 0, 14, 25, 18511 }, // ↢
    { 18, 11, 17, 0, 14, 25, 18536 }, // ↣
    { 12, 16, 17, 3, 16, 24, 18561 }, // ↥
    { 18, 11, 17, 0, 14, 25, 18585 }, // ↦
    { 12, 17, 17, 3, 17, 26, 18610 }, // ↧
    { 18, 19, 17, 0, 22, 43, 18636 }, // ↩
    { 18, 19, 17, 0, 22, 43, 18679 }, // ↪
    { 18, 11, 17, 0, 13, 25, 18722 }, // ↭
    { 8, 30, 17, 7, 25, 30, 18747 }, // ↾
    { 18, 19, 17, 0, 17, 43, 18777 }, // ⇉
    { 18, 17, 17, 0, 18, 39, 18820 }, // ⇐
    { 19, 30, 17, -1, 25, 72, 18859 }, // ⇑
    { 18, 17, 17, 0, 18, 39, 18931 }, // ⇒
    { 19, 30, 17, -1, 24, 72, 18970 }, // ⇓
    { 23, 17, 17, -3, 18, 49, 19042 }, // ⇔
    { 18, 18, 17, 0, 18, 41, 19091 }, // ⇛
    { 13, 23, 17, 2, 23, 38, 19132 }, // ⇞
    { 13, 23, 17, 2, 21, 38, 19170 }, // ⇟
    { 17, 12, 17, 0, 15, 26, 19208 }, // ⇥
    { 17, 24, 17, 0, 23, 51, 19234 }, // ⇧
    { 18, 17, 17, 0, 18, 39, 19285 }, // ⇨
    { 17, 24, 17, 0, 23, 51, 19324 }, // ⇪
    { 15, 21, 17, 1, 21, 40, 19375 }, // ∀
    { 10, 17, 17, 4, 17, 22, 19415 }, // ∁
    { 13, 22, 17, 2, 22, 36, 19437 }, // ∂
    { 13, 21, 17, 2, 21, 35, 19473 }, // ∃
    { 14, 27, 17, 1, 24, 48, 19508 }, // ∄
    { 19, 22, 17, -1, 21, 53, 19556 }, // ∅
    { 15, 21, 17, 1, 21, 40, 19609 }, // ∆
    { 15, 22, 17, 1, 22, 42, 19649 }, // ∇
    { 16, 17, 17, 1, 19, 34, 19691 }, // ∈
    { 16, 25, 17, 1, 23, 50, 19725 }, // ∉
    { 9, 9, 17, 4, 14, 11, 19775 }, // ∊
    { 16, 17, 17, 1, 19, 34, 19786 }, // ∋
    { 16, 25, 17, 1, 23, 50, 19820 }, // ∌
    { 11, 15, 17, 3, 15, 21, 19870 }, // ∎
    { 16, 27, 17, 1, 22, 54, 19891 }, // ∏
    { 16, 27, 17, 1, 22, 54, 19945 }, // ∐
    { 15, 27, 17, 1, 22, 51, 19999 }, // ∑
    { 10, 3, 17, 4, 11, 4, 20050 }, // −
    { 15, 17, 17, 1, 16, 32, 20054 }, // ∓
    { 18, 21, 17, 0, 21, 48, 20086 }, // ∕
    { 8, 7, 17, 5, 13, 7, 20134 }, // ∘
    { 6, 5, 17, 6, 12, 4, 20141 }, // ∙
    { 17, 21, 17, 0, 21, 45, 20145 }, // √
    { 16, 10, 17, 1, 15, 20, 20190 }, // ∞
    { 3, 21, 17, 7, 21, 8, 20210 }, // ∣
    { 11, 21, 17, 3, 21, 29, 20218 }, // ∤
    { 9, 21, 17, 4, 21, 24, 20247 }, // ∥
    { 15, 15, 17, 1, 16, 29, 20271 }, // ∧
    { 15, 15, 17, 1, 16, 29, 20300 }, // ∨
    { 16, 22, 17, 1, 22, 44, 20329 }, // ∩
    { 16, 21, 17, 1, 21, 42, 20373 }, // ∪
    { 16, 27, 17, 0, 22, 54, 20415 }, // ∫
    { 17, 17, 17, 0, 17, 37, 20469 }, // ∴
    { 17, 17, 17, 0, 17, 37, 20506 }, // ∵
    { 6, 16, 17, 6, 16, 12, 20543 }, // ∶
    { 15, 15, 17, 1, 15, 29, 20555 }, // ∷
    { 10, 10, 17, 4, 15, 13, 20584 }, // ∸
    { 18, 13, 17, 0, 16, 30, 20597 }, // ∹
    { 14, 6, 17, 2, 13, 11, 20627 }, // ∼
    { 16, 9, 17, 1, 14, 18, 20638 }, // ∾
    { 14, 12, 17, 2, 17, 21, 20656 }, // ≃
    { 14, 18, 17, 2, 20, 32, 20677 }, // ≅
    { 14, 26, 17, 2, 23, 46, 20709 }, // ≇
    { 14, 13, 17, 2, 16, 23, 20755 }, // ≈
    { 14, 25, 17, 2, 23, 44, 20778 }, // ≉
    { 15, 17, 17, 1, 18, 32, 20822 }, // ≋
    { 16, 13, 17, 1, 16, 26, 20854 }, // ≍
    { 18, 13, 17, 0, 16, 30, 20880 }, // ≔
    { 13, 19, 17, 2, 21, 31, 20910 }, // ≗
    { 13, 21, 17, 2, 23, 35, 20941 }, // ≟
    { 13, 25, 17, 2, 23, 41, 20976 }, // ≠
    { 13, 15, 17, 2, 17, 25, 21017 }, // ≡
    { 13, 23, 17, 2, 21, 38, 21042 }, // ≢
    { 13, 14, 17, 2, 16, 23, 21080 }, // ≣
    { 13, 21, 17, 2, 21, 35, 21103 }, // ≤
    { 13, 21, 17, 2, 21, 35, 21138 }, // ≥
    { 18, 17, 17, 0, 18, 39, 21173 }, // ≪
    { 18, 17, 17, 0, 18, 39, 21212 }, // ≫
    { 10, 20, 17, 4, 18, 25, 21251 }, // ≬
    { 16, 20, 17, 1, 20, 40, 21276 }, // ≭
    { 13, 23, 17, 2, 21, 38, 21316 }, // ≮
    { 13, 23, 17, 2, 21, 38, 21354 }, // ≯
    { 13, 26, 17, 2, 23, 43, 21392 }, // ≰
    { 13, 26, 17, 2, 23, 43, 21435 }, // ≱
    { 15, 21, 17, 1, 21, 40, 21478 }, // ≲
    { 14, 21, 17, 2, 21, 37, 21518 }, // ≳
    { 15, 17, 17, 1, 18, 32, 21555 }, // ≺
    { 14, 17, 17, 2, 18, 30, 21587 }, // ≻
    { 15, 21, 17, 1, 21, 40, 21617 }, // ≼
    { 16, 14, 17, 1, 17, 28, 21657 }, // ⊂
    { 17, 14, 17, 0, 17, 30, 21685 }, // ⊃
    { 16, 24, 17, 1, 22, 48, 21715 }, // ⊄
    { 17, 24, 17, 0, 22, 51, 21763 }, // ⊅
    { 16, 20, 17, 1, 20, 40, 21814 }, // ⊆
    { 17, 20, 17, 0, 20, 43, 21854 }, // ⊇
    { 16, 27, 17, 1, 24, 54, 21897 }, // ⊈
    { 17, 27, 17, 0, 24, 58, 21951 }, // ⊉
    { 14, 22, 17, 2, 21, 39, 22009 }, // ⊎
    { 16, 14, 17, 1, 17, 28, 22048 }, // ⊏
    { 17, 14, 17, 0, 17, 30, 22076 }, // ⊐
    { 16, 20, 17, 1, 20, 40, 22106 }, // ⊑
    { 17, 20, 17, 0, 20, 43, 22146 }, // ⊒
    { 15, 16, 17, 1, 16, 30, 22189 }, // ⊓
    { 15, 16, 17, 1, 16, 30, 22219 }, // ⊔
    { 19, 18, 17, -1, 18, 43, 22249 }, // ⊕
    { 19, 19, 17, -1, 19, 46, 22292 }, // ⊖
    { 19, 18, 17, -1, 19, 43, 22338 }, // ⊗
    { 19, 18, 17, -1, 19, 43, 22381 }, // ⊘
    { 19, 19, 17, -1, 18, 46, 22424 }, // ⊙
    { 19, 18, 17, -1, 19, 43, 22470 }, // ⊛
    { 19, 18, 17, -1, 19, 43, 22513 }, // ⊜
    { 19, 18, 17, -1, 19, 43, 22556 }, // ⊝
    { 18, 17, 17, 0, 18, 39, 22599 }, // ⊞
    { 18, 18, 17, 0, 18, 41, 22638 }, // ⊟
    { 18, 18, 17, 0, 18, 41, 22679 }, // ⊠
    { 18, 18, 17, 0, 18, 41, 22720 }, // ⊡
    { 18, 18, 17, 0, 18, 41, 22761 }, // ⊢
    { 18, 18, 17, 0, 18, 41, 22802 }, // ⊣
    { 18, 18, 17, 0, 18, 41, 22843 }, // ⊤
    { 18, 18, 17, 0, 18, 41, 22884 }, // ⊥
    { 13, 21, 17, 2, 21, 35, 22925 }, // ⊴
    { 18, 5, 17, 0, 12, 12, 22960 }, // ⊸
    { 15, 21, 17, 1, 21, 40, 22972 }, // ⊻
    { 16, 21, 17, 1, 23, 42, 23012 }, // ⊼
    { 16, 21, 17, 1, 23, 42, 23054 }, // ⊽
    { 16, 22, 17, 1, 22, 44, 23096 }, // ⋂
    { 16, 21, 17, 1, 21, 42, 23140 }, // ⋃
    { 9, 9, 17, 4, 14, 11, 23182 }, // ⋄
    { 8, 8, 17, 5, 14, 8, 23193 }, // ⋆
    { 18, 19, 17, 0, 20, 43, 23201 }, // ⋈
    { 18, 19, 17, 0, 20, 43, 23244 }, // ⋉
    { 18, 19, 17, 0, 20, 43, 23287 }, // ⋊
    { 17, 17, 17, 0, 17, 37, 23330 }, // ⋎
    { 16, 17, 17, 1, 19, 34, 23367 }, // ⋐
    { 16, 27, 17, 1, 24, 54, 23401 }, // ⋢
    { 5, 18, 17, 6, 19, 12, 23455 }, // ⋮
    { 19, 4, 17, -1, 12, 10, 23467 }, // ⋯
    { 19, 18, 17, -1, 19, 43, 23477 }, // ⋰
    { 19, 18, 17, -1, 19, 43, 23520 }, // ⋱
    { 19, 22, 17, -1, 22, 53, 23563 }, // �
};

static const EpdUnicodeInterval jetbrainsmono_14_regularIntervals[] = {
    { 0xD, 0xD, 0x0 },
    { 0x20, 0x7E, 0x1 },
    { 0xA0, 0xAC, 0x60 },
    { 0xAE, 0xFF, 0x6D },
    { 0x100, 0x17F, 0xBF },
    { 0x300, 0x304, 0x13F },
    { 0x306, 0x30C, 0x144 },
    { 0x30F, 0x30F, 0x14B },
    { 0x312, 0x312, 0x14C },
    { 0x31B, 0x31B, 0x14D },
    { 0x323, 0x323, 0x14E },
    { 0x325, 0x328, 0x14F },
    { 0x336, 0x338, 0x153 },
    { 0x401, 0x40C, 0x156 },
    { 0x40E, 0x44F, 0x162 },
    { 0x451, 0x45C, 0x1A4 },
    { 0x45E, 0x45F, 0x1B0 },
    { 0x490, 0x493, 0x1B2 },
    { 0x49A, 0x49B, 0x1B6 },
    { 0x4A2, 0x4A3, 0x1B8 },
    { 0x4AE, 0x4B1, 0x1BA },
    { 0x4B6, 0x4B7, 0x1BE },
    { 0x4BA, 0x4BB, 0x1C0 },
    { 0x4D8, 0x4D9, 0x1C2 },
    { 0x4DC, 0x4DF, 0x1C4 },
    { 0x4E4, 0x4E9, 0x1C8 },
    { 0x4F4, 0x4F5, 0x1CE },
    { 0x2001, 0x2001, 0x1D0 },
    { 0x200B, 0x200B, 0x1D1 },
    { 0x2010, 0x2010, 0x1D2 },
    { 0x2013, 0x2014, 0x1D3 },
    { 0x2016, 0x2016, 0x1D5 },
    { 0x2018, 0x2022, 0x1D6 },
    { 0x2024, 0x2024, 0x1E1 },
    { 0x2026, 0x2026, 0x1E2 },
    { 0x2030, 0x2030, 0x1E3 },
    { 0x2032, 0x2034, 0x1E4 },
    { 0x2039, 0x203A, 0x1E7 },
    { 0x203C, 0x203F, 0x1E9 },
    { 0x2044, 0x2046, 0x1ED },
    { 0x2070, 0x2070, 0x1F0 },
    { 0x2074, 0x207A, 0x1F1 },
    { 0x207C, 0x207C, 0x1F8 },
    { 0x2080, 0x2089, 0x1F9 },
    { 0x20AB, 0x20AC, 0x203 },
    { 0x20AE, 0x20AE, 0x205 },
    { 0x20B4, 0x20B4, 0x206 },
    { 0x20BD, 0x20BD, 0x207 },
    { 0x20BF, 0x20BF, 0x208 },
    { 0x2190, 0x2199, 0x209 },
    { 0x219D, 0x219E, 0x213 },
    { 0x21A0, 0x21A0, 0x215 },
    { 0x21A2, 0x21A3, 0x216 },
    { 0x21A5, 0x21A7, 0x218 },
    { 0x21A9, 0x21AA, 0x21B },
    { 0x21AD, 0x21AD, 0x21D },
    { 0x21BE, 0x21BE, 0x21E },
    { 0x21C9, 0x21C9, 0x21F },
    { 0x21D0, 0x21D4, 0x220 },
    { 0x21DB, 0x21DB, 0x225 },
    { 0x21DE, 0x21DF, 0x226 },
    { 0x21E5, 0x21E5, 0x228 },
    { 0x21E7, 0x21E8, 0x229 },
    { 0x21EA, 0x21EA, 0x22B },
    { 0x2200, 0x220C, 0x22C },
    { 0x220E, 0x2213, 0x239 },
    { 0x2215, 0x2215, 0x23F },
    { 0x2218, 0x221A, 0x240 },
    { 0x221E, 0x221E, 0x243 },
    { 0x2223, 0x2225, 0x244 },
    { 0x2227, 0x222B, 0x247 },
    { 0x2234, 0x2239, 0x24C },
    { 0x223C, 0x223C, 0x252 },
    { 0x223E, 0x223E, 0x253 },
    { 0x2243, 0x2243, 0x254 },
    { 0x2245, 0x2245, 0x255 },
    { 0x2247, 0x2249, 0x256 },
    { 0x224B, 0x224B, 0x259 },
    { 0x224D, 0x224D, 0x25A },
    { 0x2254, 0x2254, 0x25B },
    { 0x2257, 0x2257, 0x25C },
    { 0x225F, 0x2265, 0x25D },
    { 0x226A, 0x2273, 0x264 },
    { 0x227A, 0x227C, 0x26E },
    { 0x2282, 0x2289, 0x271 },
    { 0x228E, 0x2299, 0x279 },
    { 0x229B, 0x22A5, 0x285 },
    { 0x22B4, 0x22B4, 0x290 },
    { 0x22B8, 0x22B8, 0x291 },
    { 0x22BB, 0x22BD, 0x292 },
    { 0x22C2, 0x22C4, 0x295 },
    { 0x22C6, 0x22C6, 0x298 },
    { 0x22C8, 0x22CA, 0x299 },
    { 0x22CE, 0x22CE, 0x29C },
    { 0x22D0, 0x22D0, 0x29D },
    { 0x22E2, 0x22E2, 0x29E },
    { 0x22EE, 0x22F1, 0x29F },
    { 0xFFFD, 0xFFFD, 0x2A3 },
};

static const EpdFontData jetbrainsmono_14_regular = {
    jetbrainsmono_14_regularBitmaps,
    jetbrainsmono_14_regularGlyphs,
    jetbrainsmono_14_regularIntervals,
    98,
    39,
    30,
    -9,
    false,
};
