/**
 * generated by fontconvert.py
 * name: jetbrainsmono_18_bold
 * size: 18
 * mode: 1-bit
 * Command used: fontconvert.py jetbrainsmono_18_bold 18 ../builtinFonts/source/JetBrainsMono/JetBrainsMono-Bold.ttf
 */
#pragma once
#include "EpdFontData.h"

static const uint8_t jetbrainsmono_18_boldBitmaps[41680] = {
    0xFD, 0xF9, 0xF3, 0xE7, 0xCF, 0x9F, 0x3E, 0x7C, 0xF9, 0xF3, 0xE7, 0xCF, 0x9F, 0x3E, 0x7C, 0xF9,
    0xF0, 0x00, 0x00, 0x1F, 0x7F, 0xFF, 0xFD, 0xF0, 0xFC, 0x7F, 0xF8, 0xFF, 0xF1, 0xFF, 0xE3, 0xFF,
    0xC7, 0xFF, 0x8F, 0xFF, 0x1F, 0xFE, 0x3F, 0xFC, 0x7F, 0xF8, 0xFF, 0xF1, 0xF8, 0x03, 0xC1, 0xE0,
    0x1E, 0x0F, 0x00, 0xF0, 0x78, 0x07, 0x87, 0x80, 0x7C, 0x3C, 0x03, 0xC1, 0xE1, 0xFF, 0xFF, 0xEF,
    0xFF, 0xFF, 0x7F, 0xFF, 0xF8, 0x7C, 0x3C, 0x03, 0xC1, 0xE0, 0x1E, 0x0F, 0x00, 0xF0, 0x78, 0x07,
    0x83, 0xC0, 0x3C, 0x3E, 0x01, 0xE1, 0xE0, 0x1F, 0x0F, 0x07, 0xFF, 0xFF, 0xBF, 0xFF, 0xFD, 0xFF,
    0xFF, 0xE1, 0xE1, 0xF0, 0x0F, 0x0F, 0x00, 0xF0, 0x78, 0x07, 0x83, 0xC0, 0x3C, 0x1E, 0x01, 0xE0,
    0xF0, 0x0F, 0x0F, 0x00, 0x00, 0xE0, 0x00, 0x1C, 0x00, 0x03, 0x80, 0x00, 0x70, 0x00, 0x0E, 0x00,
    0x0F, 0xF8, 0x07, 0xFF, 0xC1, 0xFF, 0xFC, 0x7F, 0xFF, 0xCF, 0xFF, 0xF9, 0xF3, 0xBF, 0x7E, 0x73,
    0xEF, 0xCE, 0x7D, 0xF9, 0xC0, 0x1F, 0xB8, 0x03, 0xFF, 0x00, 0x7F, 0xE0, 0x07, 0xFF, 0x80, 0x7F,
    0xFC, 0x07, 0xFF, 0xC0, 0x3F, 0xFC, 0x01, 0xFF, 0x80, 0x3B, 0xF8, 0x07, 0x3F, 0x00, 0xE7, 0xFF,
    0x1C, 0xFF, 0xF3, 0x9F, 0xFE, 0x73, 0xFF, 0xFF, 0xFC, 0xFF, 0xFF, 0x8F, 0xFF, 0xE0, 0xFF, 0xF8,
    0x0F, 0xFC, 0x00, 0x1C, 0x00, 0x03, 0x80, 0x00, 0x70, 0x00, 0x0E, 0x00, 0x01, 0xC0, 0x00, 0x3F,
    0x80, 0x1E, 0xFF, 0x80, 0x7B, 0xFF, 0x81, 0xE7, 0xCF, 0x07, 0xCF, 0x1F, 0x0F, 0x1E, 0x1E, 0x3C,
    0x3C, 0x3C, 0xF8, 0x78, 0xF9, 0xE0, 0xF9, 0xE7, 0x81, 0xFF, 0xDE, 0x01, 0xFF, 0x7C, 0x01, 0xFC,
    0xF0, 0x00, 0x03, 0xC0, 0x00, 0x0F, 0x80, 0x00, 0x1E, 0x00, 0x00, 0x79, 0xFC, 0x01, 0xEF, 0xFC,
    0x07, 0xDF, 0xF8, 0x0F, 0x7C, 0xF8, 0x3C, 0xF0, 0xF0, 0xF9, 0xE1, 0xE1, 0xE3, 0xC3, 0xC7, 0x87,
    0x87, 0x9E, 0x0F, 0x9F, 0x7C, 0x0F, 0xFC, 0xF0, 0x1F, 0xFB, 0xC0, 0x0F, 0xE0, 0x01, 0xFC, 0x00,
    0x07, 0xFF, 0x00, 0x0F, 0xFF, 0x80, 0x0F, 0xFF, 0xC0, 0x0F, 0xFF, 0xC0, 0x1F, 0x87, 0xC0, 0x1F,
    0x87, 0xC0, 0x0F, 0x83, 0xC0, 0x0F, 0xC0, 0x00, 0x07, 0xC0, 0x00, 0x07, 0xE0, 0x00, 0x1F, 0xF0,
    0x00, 0x3F, 0xF8, 0x00, 0x7F, 0xFC, 0x3F, 0x7F, 0x7E, 0x7E, 0x7C, 0x3F, 0xFC, 0xFC, 0x3F, 0xF8,
    0xFC, 0x1F, 0xF0, 0xFC, 0x0F, 0xF0, 0xFC, 0x07, 0xE0, 0xFC, 0x0F, 0xE0, 0xFC, 0x1F, 0xF0, 0x7F,
    0xFF, 0xF8, 0x7F, 0xFF, 0xFC, 0x3F, 0xFE, 0x7C, 0x1F, 0xFC, 0x7E, 0x0F, 0xF0, 0x3F, 0xFD, 0xF7,
    0xDF, 0x7D, 0xF7, 0xDF, 0x7D, 0xF7, 0xC0, 0x00, 0x38, 0x07, 0xC0, 0xFE, 0x0F, 0xF0, 0xFF, 0x8F,
    0xF0, 0xFE, 0x07, 0xE0, 0x7E, 0x03, 0xF0, 0x1F, 0x01, 0xF8, 0x0F, 0xC0, 0x7E, 0x03, 0xF0, 0x1F,
    0x80, 0xFC, 0x07, 0xE0, 0x3F, 0x01, 0xF8, 0x0F, 0xC0, 0x7E, 0x03, 0xF0, 0x1F, 0x80, 0xFC, 0x07,
    0xE0, 0x1F, 0x00, 0xFC, 0x07, 0xF0, 0x1F, 0xC0, 0x7F, 0x03, 0xFE, 0x0F, 0xF8, 0x3F, 0xC0, 0x7E,
    0x01, 0xF0, 0x01, 0x80, 0xE0, 0x07, 0xC0, 0x3F, 0x81, 0xFE, 0x0F, 0xF8, 0x3F, 0xE0, 0x7F, 0x80,
    0xFC, 0x07, 0xF0, 0x1F, 0x80, 0xFC, 0x03, 0xE0, 0x1F, 0x80, 0xFC, 0x07, 0xE0, 0x3F, 0x01, 0xF8,
    0x0F, 0xC0, 0x7E, 0x03, 0xF0, 0x1F, 0x80, 0xFC, 0x07, 0xE0, 0x3F, 0x01, 0xF8, 0x0F, 0x80, 0xFC,
    0x07, 0xE0, 0x7E, 0x07, 0xF0, 0x7F, 0x1F, 0xF8, 0xFF, 0x87, 0xF8, 0x3F, 0x01, 0xE0, 0x0C, 0x00,
    0x00, 0x00, 0xF8, 0x00, 0x07, 0xC0, 0x00, 0x3E, 0x00, 0x01, 0xF0, 0x00, 0x0F, 0x80, 0x38, 0x7C,
    0x39, 0xFB, 0xEF, 0xDF, 0xFF, 0xFF, 0xFF, 0xFF, 0xF9, 0xFF, 0xFF, 0x01, 0xFF, 0xC0, 0x03, 0xF8,
    0x00, 0x3F, 0xE0, 0x03, 0xFF, 0x80, 0x3F, 0x7C, 0x01, 0xF3, 0xF0, 0x1F, 0x8F, 0xC0, 0xF8, 0x3E,
    0x03, 0x80, 0xE0, 0x08, 0x06, 0x00, 0x01, 0xF0, 0x00, 0x3E, 0x00, 0x07, 0xC0, 0x00, 0xF8, 0x00,
    0x1F, 0x00, 0x03, 0xE0, 0x00, 0x7C, 0x07, 0xFF, 0xFF, 0xFF, 0xFF, 0xFF, 0xFF, 0xFF, 0xFF, 0xFF,
    0x80, 0xF8, 0x00, 0x1F, 0x00, 0x03, 0xE0, 0x00, 0x7C, 0x00, 0x0F, 0x80, 0x01, 0xF0, 0x00, 0x3E,
    0x00, 0x3F, 0x3F, 0x7E, 0x7E, 0x7E, 0x7E, 0x7C, 0xFC, 0xFC, 0xFC, 0xF8, 0x00, 0x07, 0xFF, 0xFF,
    0xFF, 0xFF, 0xFF, 0xFF, 0x80, 0x3E, 0x7F, 0x7F, 0x7F, 0x7F, 0x7F, 0x3E, 0x00, 0x07, 0xE0, 0x00,
    0xFC, 0x00, 0x3F, 0x00, 0x07, 0xE0, 0x00, 0xF8, 0x00, 0x3F, 0x00, 0x07, 0xE0, 0x00, 0xF8, 0x00,
    0x3F, 0x00, 0x07, 0xE0, 0x01, 0xF8, 0x00, 0x3F, 0x00, 0x07, 0xC0, 0x01, 0xF8, 0x00, 0x3F, 0x00,
    0x07, 0xC0, 0x01, 0xF8, 0x00, 0x3F, 0x00, 0x0F, 0xC0, 0x01, 0xF8, 0x00, 0x3E, 0x00, 0x0F, 0xC0,
    0x01, 0xF8, 0x00, 0x3E, 0x00, 0x0F, 0xC0, 0x01, 0xF8, 0x00, 0x7E, 0x00, 0x0F, 0xC0, 0x01, 0xF0,
    0x00, 0x7E, 0x00, 0x0F, 0xC0, 0x01, 0xF0, 0x00, 0x7E, 0x00, 0x0F, 0xC0, 0x03, 0xF0, 0x00, 0x7E,
    0x00, 0x00, 0x07, 0xFC, 0x03, 0xFF, 0xC0, 0xFF, 0xFE, 0x3F, 0xFF, 0xC7, 0xFB, 0xFC, 0xF8, 0x1F,
    0xBF, 0x01, 0xF7, 0xC0, 0x3F, 0xF8, 0x07, 0xFF, 0x00, 0xFF, 0xE0, 0x1F, 0xFC, 0xFB, 0xFF, 0x9F,
    0x7F, 0xF3, 0xEF, 0xFE, 0x7D, 0xFF, 0xC0, 0x3F, 0xF8, 0x07, 0xFF, 0x00, 0xFF, 0xE0, 0x1F, 0xFC,
    0x03, 0xFF, 0xC0, 0x7C, 0xF8, 0x1F, 0x9F, 0xEF, 0xF3, 0xFF, 0xFC, 0x3F, 0xFF, 0x83, 0xFF, 0xE0,
    0x1F, 0xF0, 0x00, 0x07, 0xF8, 0x03, 0xFE, 0x03, 0xFF, 0x81, 0xFF, 0xE0, 0xFF, 0xF8, 0x3F, 0xFE,
    0x0F, 0x9F, 0x83, 0xC7, 0xE0, 0xE1, 0xF8, 0x20, 0x7E, 0x00, 0x1F, 0x80, 0x07, 0xE0, 0x01, 0xF8,
    0x00, 0x7E, 0x00, 0x1F, 0x80, 0x07, 0xE0, 0x01, 0xF8, 0x00, 0x7E, 0x00, 0x1F, 0x80, 0x07, 0xE0,
    0x01, 0xF8, 0x00, 0x7E, 0x00, 0x1F, 0x83, 0xFF, 0xFF, 0xFF, 0xFF, 0xFF, 0xFF, 0xFF, 0xFF, 0xFC,
    0x07, 0xFC, 0x03, 0xFF, 0xC0, 0xFF, 0xFC, 0x3F, 0xFF, 0xC7, 0xFB, 0xFD, 0xFC, 0x1F, 0xBF, 0x01,
    0xF7, 0xE0, 0x3E, 0xF8, 0x07, 0xC0, 0x00, 0xF8, 0x00, 0x3F, 0x00, 0x07, 0xE0, 0x01, 0xF8, 0x00,
    0x7F, 0x00, 0x1F, 0xC0, 0x07, 0xF0, 0x01, 0xFC, 0x00, 0x7F, 0x00, 0x1F, 0xC0, 0x07, 0xF0, 0x01,
    0xFC, 0x00, 0x7F, 0x00, 0x1F, 0xC0, 0x07, 0xFF, 0xFF, 0xFF, 0xFF, 0xFF, 0xFF, 0xFF, 0xFF, 0xFF,
    0x80, 0x7F, 0xFF, 0xCF, 0xFF, 0xF9, 0xFF, 0xFF, 0x3F, 0xFF, 0xE0, 0x01, 0xF8, 0x00, 0x7E, 0x00,
    0x1F, 0x80, 0x07, 0xE0, 0x01, 0xF8, 0x00, 0x7E, 0x00, 0x1F, 0xF0, 0x03, 0xFF, 0x80, 0x7F, 0xF8,
    0x0F, 0xFF, 0x00, 0x07, 0xF0, 0x00, 0x7E, 0x00, 0x07, 0xC0, 0x00, 0xF8, 0x00, 0x1F, 0x7C, 0x03,
    0xEF, 0xC0, 0x7D, 0xF8, 0x1F, 0xBF, 0xFF, 0xF3, 0xFF, 0xFC, 0x3F, 0xFF, 0x83, 0xFF, 0xC0, 0x1F,
    0xF0, 0x00, 0x00, 0x3F, 0x00, 0x1F, 0x80, 0x0F, 0xC0, 0x03, 0xF0, 0x01, 0xF8, 0x00, 0xFC, 0x00,
    0x7F, 0x00, 0x1F, 0x80, 0x0F, 0xC0, 0x07, 0xF0, 0x01, 0xF8, 0x00, 0xFC, 0x3F, 0x7E, 0x0F, 0xFF,
    0x83, 0xFF, 0xC0, 0xFF, 0xE0, 0x3F, 0xF8, 0x0F, 0xFF, 0xFF, 0xFF, 0xFF, 0xFF, 0xFF, 0xFF, 0xFF,
    0xFF, 0xC0, 0x03, 0xF0, 0x00, 0xFC, 0x00, 0x3F, 0x00, 0x0F, 0xC0, 0x03, 0xF0, 0x00, 0xFC, 0x7F,
    0xFF, 0x8F, 0xFF, 0xF1, 0xFF, 0xFE, 0x3F, 0xFF, 0xC7, 0xC0, 0x00, 0xF8, 0x00, 0x1F, 0x00, 0x03,
    0xE0, 0x00, 0x7C, 0x00, 0x0F, 0xFF, 0x81, 0xFF, 0xFC, 0x3F, 0xFF, 0xC7, 0xFF, 0xF8, 0x00, 0x7F,
    0x80, 0x03, 0xF0, 0x00, 0x3E, 0x00, 0x07, 0xC0, 0x00, 0xFC, 0x00, 0x1F, 0xFE, 0x03, 0xEF, 0xC0,
    0x7D, 0xF8, 0x1F, 0x9F, 0xEF, 0xF3, 0xFF, 0xFC, 0x3F, 0xFF, 0x83, 0xFF, 0xC0, 0x1F, 0xF0, 0x00,
    0x00, 0xFC, 0x00, 0x3F, 0x00, 0x07, 0xE0, 0x01, 0xF8, 0x00, 0x3E, 0x00, 0x0F, 0xC0, 0x01, 0xF0,
    0x00, 0x7C, 0x00, 0x1F, 0x80, 0x03, 0xFF, 0xC0, 0xFF, 0xFC, 0x1F, 0xFF, 0xC7, 0xFF, 0xFC, 0xFE,
    0x7F, 0xBF, 0x03, 0xFF, 0xE0, 0x3F, 0xF8, 0x03, 0xFF, 0x00, 0x7F, 0xE0, 0x0F, 0xFC, 0x01, 0xFF,
    0xC0, 0x7F, 0xF8, 0x1F, 0x9F, 0xEF, 0xF3, 0xFF, 0xFC, 0x3F, 0xFF, 0x83, 0xFF, 0xC0, 0x1F, 0xF0,
    0x00, 0xFF, 0xFF, 0xFF, 0xFF, 0xFF, 0xFF, 0xFF, 0xFF, 0xFF, 0xFF, 0xFC, 0x07, 0xEF, 0xC0, 0x7E,
    0xFC, 0x07, 0xEF, 0xC0, 0xFC, 0xFC, 0x0F, 0xC0, 0x01, 0xF8, 0x00, 0x1F, 0x80, 0x03, 0xF0, 0x00,
    0x3F, 0x00, 0x03, 0xF0, 0x00, 0x7E, 0x00, 0x07, 0xE0, 0x00, 0xFC, 0x00, 0x0F, 0xC0, 0x01, 0xF8,
    0x00, 0x1F, 0x80, 0x03, 0xF0, 0x00, 0x3F, 0x00, 0x03, 0xF0, 0x00, 0x7E, 0x00, 0x07, 0xE0, 0x00,
    0xFC, 0x00, 0x0F, 0xC0, 0x00, 0x07, 0xFC, 0x03, 0xFF, 0xE0, 0xFF, 0xFE, 0x3F, 0xFF, 0xE7, 0xFF,
    0xFC, 0xF8, 0x1F, 0xBF, 0x01, 0xF3, 0xE0, 0x3E, 0x7C, 0x0F, 0xCF, 0xE7, 0xF8, 0xFF, 0xFE, 0x0F,
    0xFF, 0x01, 0xFF, 0xF0, 0x7F, 0xFF, 0x1F, 0xEF, 0xF7, 0xE0, 0x7E, 0xFC, 0x07, 0xFF, 0x00, 0x7F,
    0xE0, 0x0F, 0xFC, 0x01, 0xFF, 0x80, 0x7F, 0xF8, 0x1F, 0xFF, 0xEF, 0xF3, 0xFF, 0xFE, 0x3F, 0xFF,
    0x83, 0xFF, 0xE0, 0x1F, 0xF0, 0x00, 0x07, 0xFC, 0x03, 0xFF, 0xE0, 0xFF, 0xFE, 0x3F, 0xFF, 0xE7,
    0xFB, 0xFD, 0xF8, 0x1F, 0xFF, 0x01, 0xFF, 0xC0, 0x1F, 0xF8, 0x03, 0xFF, 0x00, 0x7F, 0xF0, 0x1F,
    0xFE, 0x07, 0xFF, 0xFB, 0xFC, 0xFF, 0xFF, 0x8F, 0xFF, 0xF0, 0xFF, 0xFC, 0x0F, 0xFF, 0x80, 0x07,
    0xE0, 0x01, 0xF8, 0x00, 0x3F, 0x00, 0x0F, 0xC0, 0x01, 0xF8, 0x00, 0x7E, 0x00, 0x1F, 0xC0, 0x03,
    0xF0, 0x00, 0xFC, 0x00, 0x1F, 0x80, 0x00, 0x3E, 0x7F, 0x7F, 0x7F, 0x7F, 0x3E, 0x00, 0x00, 0x00,
    0x00, 0x00, 0x00, 0x00, 0x00, 0x00, 0x3E, 0x7F, 0x7F, 0x7F, 0x7F, 0x3E, 0x3E, 0x7F, 0x7F, 0x7F,
    0x7F, 0x3E, 0x00, 0x00, 0x00, 0x00, 0x00, 0x00, 0x00, 0x00, 0x00, 0x3F, 0x7E, 0x7E, 0x7E, 0x7E,
    0x7C, 0xFC, 0xFC, 0xFC, 0xF8, 0xF8, 0x00, 0x00, 0xC0, 0x00, 0xF0, 0x00, 0xFC, 0x00, 0xFF, 0x00,
    0xFF, 0xC0, 0xFF, 0xC1, 0xFF, 0xC1, 0xFF, 0xC0, 0x7F, 0xC0, 0x1F, 0xC0, 0x07, 0xC0, 0x01, 0xFC,
    0x00, 0x7F, 0xC0, 0x1F, 0xFC, 0x00, 0xFF, 0xE0, 0x0F, 0xFE, 0x00, 0xFF, 0xC0, 0x0F, 0xF0, 0x00,
    0xFC, 0x00, 0x0F, 0x00, 0x00, 0xC0, 0x00, 0x00, 0x7F, 0xFF, 0xFF, 0xFF, 0xFF, 0xFF, 0xFF, 0xFF,
    0xF8, 0x00, 0x00, 0x00, 0x00, 0x00, 0x00, 0x00, 0x00, 0x00, 0x00, 0x3F, 0xFF, 0xFF, 0xFF, 0xFF,
    0xFF, 0xFF, 0xFF, 0xFC, 0x60, 0x00, 0x1E, 0x00, 0x07, 0xE0, 0x01, 0xFE, 0x00, 0x7F, 0xE0, 0x0F,
    0xFE, 0x00, 0xFF, 0xE0, 0x0F, 0xFE, 0x00, 0x7F, 0xC0, 0x07, 0xF0, 0x00, 0x7C, 0x00, 0x7F, 0x00,
    0x7F, 0xC0, 0x7F, 0xE0, 0xFF, 0xE0, 0xFF, 0xE0, 0x7F, 0xE0, 0x1F, 0xE0, 0x07, 0xE0, 0x01, 0xE0,
    0x00, 0x60, 0x00, 0x00, 0xFF, 0xC1, 0xFF, 0xE3, 0xFF, 0xE7, 0xFF, 0xE0, 0x3F, 0xE0, 0x0F, 0xC0,
    0x0F, 0x80, 0x1F, 0x00, 0x3E, 0x00, 0xFC, 0x07, 0xF8, 0xFF, 0xE1, 0xFF, 0xC3, 0xFF, 0x07, 0xF8,
    0x0F, 0x80, 0x1F, 0x00, 0x3E, 0x00, 0x78, 0x00, 0x00, 0x00, 0x00, 0x00, 0x00, 0x07, 0xC0, 0x1F,
    0xC0, 0x3F, 0x80, 0x7F, 0x00, 0x7C, 0x00, 0x03, 0xFF, 0x00, 0x7F, 0xFC, 0x07, 0xFF, 0xF8, 0x7F,
    0x1F, 0xC7, 0xE0, 0x1F, 0x3E, 0x00, 0x7D, 0xE0, 0x03, 0xFF, 0x00, 0x1F, 0xF8, 0x00, 0xFF, 0xC1,
    0xFF, 0xFE, 0x1F, 0xFF, 0xF1, 0xFF, 0xFF, 0x8F, 0x9F, 0xFC, 0x78, 0x7F, 0xE7, 0xC3, 0xFF, 0x3E,
    0x1F, 0xF9, 0xF0, 0xFF, 0xCF, 0x87, 0xFE, 0x7C, 0x3F, 0xF3, 0xE1, 0xFF, 0x8F, 0x0F, 0xFC, 0x7E,
    0xFF, 0xE3, 0xFF, 0xDF, 0x0F, 0xFC, 0xF8, 0x1F, 0xC7, 0xC0, 0x00, 0x3E, 0x00, 0x00, 0xF8, 0x00,
    0x07, 0xE0, 0x00, 0x1F, 0xF0, 0x00, 0xFF, 0xFC, 0x03, 0xFF, 0xE0, 0x0F, 0xFF, 0x00, 0x1F, 0xF8,
    0x00, 0x01, 0xFC, 0x00, 0x0F, 0xE0, 0x00, 0xFF, 0x00, 0x07, 0xFC, 0x00, 0x3F, 0xE0, 0x01, 0xFF,
    0x00, 0x1F, 0x7C, 0x00, 0xFB, 0xE0, 0x07, 0xDF, 0x00, 0x7E, 0xF8, 0x03, 0xE3, 0xE0, 0x1F, 0x1F,
    0x00, 0xF8, 0xF8, 0x0F, 0xC7, 0xC0, 0x7C, 0x3F, 0x03, 0xE0, 0xF8, 0x1F, 0xFF, 0xC1, 0xFF, 0xFE,
    0x0F, 0xFF, 0xF8, 0x7F, 0xFF, 0xC3, 0xE0, 0x3E, 0x3F, 0x01, 0xF1, 0xF8, 0x0F, 0xCF, 0x80, 0x7E,
    0x7C, 0x01, 0xF7, 0xE0, 0x0F, 0xBF, 0x00, 0x7E, 0x7F, 0xFC, 0x0F, 0xFF, 0xE1, 0xFF, 0xFE, 0x3F,
    0xFF, 0xE7, 0xC3, 0xFC, 0xF8, 0x1F, 0x9F, 0x01, 0xFB, 0xE0, 0x3F, 0x7C, 0x07, 0xCF, 0x81, 0xF9,
    0xF0, 0xFE, 0x3F, 0xFF, 0xC7, 0xFF, 0xE0, 0xFF, 0xFE, 0x1F, 0xFF, 0xE3, 0xE0, 0xFE, 0x7C, 0x07,
    0xEF, 0x80, 0xFD, 0xF0, 0x0F, 0xBE, 0x01, 0xF7, 0xC0, 0x7E, 0xF8, 0x0F, 0xDF, 0x0F, 0xFB, 0xFF,
    0xFE, 0x7F, 0xFF, 0x8F, 0xFF, 0xE1, 0xFF, 0xF0, 0x00, 0x07, 0xFC, 0x01, 0xFF, 0xE0, 0xFF, 0xFE,
    0x1F, 0xFF, 0xE7, 0xFF, 0xFC, 0xFC, 0x0F, 0xDF, 0x01, 0xFB, 0xE0, 0x3F, 0x7C, 0x00, 0x0F, 0x80,
    0x01, 0xF0, 0x00, 0x3E, 0x00, 0x07, 0xC0, 0x00, 0xF8, 0x00, 0x1F, 0x00, 0x03, 0xE0, 0x00, 0x7C,
    0x00, 0x0F, 0x80, 0x01, 0xF0, 0x00, 0x3E, 0x03, 0xF7, 0xC0, 0x7E, 0xFC, 0x0F, 0xDF, 0xFF, 0xF1,
    0xFF, 0xFE, 0x3F, 0xFF, 0x81, 0xFF, 0xE0, 0x1F, 0xF0, 0x00, 0xFF, 0xFC, 0x1F, 0xFF, 0xC3, 0xFF,
    0xFC, 0x7F, 0xFF, 0xCF, 0xC7, 0xFD, 0xF8, 0x1F, 0xBF, 0x01, 0xF7, 0xE0, 0x3F, 0xFC, 0x07, 0xFF,
    0x80, 0xFF, 0xF0, 0x1F, 0xFE, 0x03, 0xFF, 0xC0, 0x7F, 0xF8, 0x0F, 0xFF, 0x01, 0xFF, 0xE0, 0x3F,
    0xFC, 0x07, 0xFF, 0x80, 0xFF, 0xF0, 0x1F, 0xFE, 0x03, 0xFF, 0xC0, 0x7D, 0xF8, 0x1F, 0xBF, 0x0F,
    0xF7, 0xFF, 0xFC, 0xFF, 0xFF, 0x1F, 0xFF, 0xC3, 0xFF, 0xF0, 0x00, 0xFF, 0xFF, 0xFF, 0xFF, 0xFF,
    0xFF, 0xFF, 0xFF, 0xFF, 0x80, 0x07, 0xC0, 0x03, 0xE0, 0x01, 0xF0, 0x00, 0xF8, 0x00, 0x7C, 0x00,
    0x3E, 0x00, 0x1F, 0xFF, 0xEF, 0xFF, 0xF7, 0xFF, 0xFB, 0xFF, 0xFD, 0xF0, 0x00, 0xF8, 0x00, 0x7C,
    0x00, 0x3E, 0x00, 0x1F, 0x00, 0x0F, 0x80, 0x07, 0xC0, 0x03, 0xE0, 0x01, 0xFF, 0xFF, 0xFF, 0xFF,
    0xFF, 0xFF, 0xFF, 0xFF, 0xE0, 0xFF, 0xFF, 0xFF, 0xFF, 0xFF, 0xFF, 0xFF, 0xFF, 0xFF, 0xF8, 0x00,
    0x3E, 0x00, 0x0F, 0x80, 0x03, 0xE0, 0x00, 0xF8, 0x00, 0x3E, 0x00, 0x0F, 0x80, 0x03, 0xFF, 0xFE,
    0xFF, 0xFF, 0xBF, 0xFF, 0xEF, 0xFF, 0xFB, 0xE0, 0x00, 0xF8, 0x00, 0x3E, 0x00, 0x0F, 0x80, 0x03,
    0xE0, 0x00, 0xF8, 0x00, 0x3E, 0x00, 0x0F, 0x80, 0x03, 0xE0, 0x00, 0xF8, 0x00, 0x3E, 0x00, 0x0F,
    0x80, 0x00, 0x07, 0xFC, 0x03, 0xFF, 0xE0, 0xFF, 0xFE, 0x1F, 0xFF, 0xE7, 0xFF, 0xFC, 0xFC, 0x1F,
    0xBF, 0x01, 0xFF, 0xE0, 0x3F, 0xFC, 0x00, 0x1F, 0x80, 0x03, 0xF0, 0x00, 0x7E, 0x00, 0x0F, 0xCF,
    0xFF, 0xF9, 0xFF, 0xFF, 0x3F, 0xFF, 0xE7, 0xFF, 0xFC, 0x07, 0xFF, 0x80, 0xFF, 0xF0, 0x1F, 0xFE,
    0x03, 0xFF, 0xC0, 0x7E, 0xFC, 0x1F, 0x9F, 0xEF, 0xF1, 0xFF, 0xFC, 0x3F, 0xFF, 0x83, 0xFF, 0xE0,
    0x1F, 0xF0, 0x00, 0x7C, 0x07, 0xDF, 0x01, 0xF7, 0xC0, 0x7D, 0xF0, 0x1F, 0x7C, 0x07, 0xDF, 0x01,
    0xF7, 0xC0, 0x7D, 0xF0, 0x1F, 0x7C, 0x07, 0xDF, 0x01, 0xF7, 0xC0, 0x7D, 0xFF, 0xFF, 0x7F, 0xFF,
    0xDF, 0xFF, 0xF7, 0xFF, 0xFD, 0xF0, 0x1F, 0x7C, 0x07, 0xDF, 0x01, 0xF7, 0xC0, 0x7D, 0xF0, 0x1F,
    0x7C, 0x07, 0xDF, 0x01, 0xF7, 0xC0, 0x7D, 0xF0, 0x1F, 0x7C, 0x07, 0xDF, 0x01, 0xF7, 0xC0, 0x7C,
    0xFF, 0xFF, 0xFF, 0xFF, 0xFF, 0xFF, 0xFF, 0xFF, 0xF0, 0x3E, 0x00, 0x1F, 0x00, 0x0F, 0x80, 0x07,
    0xC0, 0x03, 0xE0, 0x01, 0xF0, 0x00, 0xF8, 0x00, 0x7C, 0x00, 0x3E, 0x00, 0x1F, 0x00, 0x0F, 0x80,
    0x07, 0xC0, 0x03, 0xE0, 0x01, 0xF0, 0x00, 0xF8, 0x00, 0x7C, 0x00, 0x3E, 0x00, 0x1F, 0x00, 0x0F,
    0x81, 0xFF, 0xFF, 0xFF, 0xFF, 0xFF, 0xFF, 0xFF, 0xFF, 0xE0, 0x00, 0x07, 0xE0, 0x00, 0xFC, 0x00,
    0x1F, 0x80, 0x03, 0xF0, 0x00, 0x7E, 0x00, 0x0F, 0xC0, 0x01, 0xF8, 0x00, 0x3F, 0x00, 0x07, 0xE0,
    0x00, 0xFC, 0x00, 0x1F, 0x80, 0x03, 0xF0, 0x00, 0x7E, 0x00, 0x0F, 0xC0, 0x01, 0xF8, 0x00, 0x3F,
    0x00, 0x07, 0xE0, 0x00, 0xFF, 0xE0, 0x1F, 0xFC, 0x03, 0xFF, 0xC0, 0x7F, 0xF8, 0x1F, 0x9F, 0xEF,
    0xF3, 0xFF, 0xFC, 0x3F, 0xFF, 0x83, 0xFF, 0xE0, 0x1F, 0xF0, 0x00, 0x7C, 0x03, 0xE7, 0xC0, 0x7E,
    0x7C, 0x07, 0xC7, 0xC0, 0xFC, 0x7C, 0x0F, 0xC7, 0xC1, 0xF8, 0x7C, 0x1F, 0x87, 0xC3, 0xF0, 0x7C,
    0x3F, 0x07, 0xC7, 0xE0, 0x7C, 0x7E, 0x07, 0xFF, 0xC0, 0x7F, 0xFC, 0x07, 0xFF, 0xC0, 0x7F, 0xFC,
    0x07, 0xC7, 0xE0, 0x7C, 0x7E, 0x07, 0xC3, 0xF0, 0x7C, 0x3F, 0x07, 0xC1, 0xF8, 0x7C, 0x1F, 0x87,
    0xC1, 0xF8, 0x7C, 0x0F, 0xC7, 0xC0, 0xFC, 0x7C, 0x07, 0xE7, 0xC0, 0x7E, 0x7C, 0x03, 0xF0, 0xFC,
    0x00, 0x3F, 0x00, 0x0F, 0xC0, 0x03, 0xF0, 0x00, 0xFC, 0x00, 0x3F, 0x00, 0x0F, 0xC0, 0x03, 0xF0,
    0x00, 0xFC, 0x00, 0x3F, 0x00, 0x0F, 0xC0, 0x03, 0xF0, 0x00, 0xFC, 0x00, 0x3F, 0x00, 0x0F, 0xC0,
    0x03, 0xF0, 0x00, 0xFC, 0x00, 0x3F, 0x00, 0x0F, 0xC0, 0x03, 0xF0, 0x00, 0xFC, 0x00, 0x3F, 0x00,
    0x0F, 0xC0, 0x03, 0xFF, 0xFF, 0xFF, 0xFF, 0xFF, 0xFF, 0xFF, 0xFF, 0xFC, 0xFE, 0x0F, 0xFF, 0xC1,
    0xFF, 0xF8, 0x7F, 0xFF, 0x8F, 0xFF, 0xF1, 0xFF, 0xFE, 0x3F, 0xFF, 0xCF, 0xFF, 0xFD, 0xFF, 0xFF,
    0xBF, 0xFF, 0xF7, 0x7F, 0xEF, 0xEF, 0xFD, 0xFD, 0xFF, 0xBF, 0x3F, 0xF7, 0xE7, 0xFE, 0x7C, 0xFF,
    0xCF, 0x1F, 0xF8, 0x03, 0xFF, 0x00, 0x7F, 0xE0, 0x0F, 0xFC, 0x01, 0xFF, 0x80, 0x3F, 0xF0, 0x07,
    0xFE, 0x00, 0xFF, 0xC0, 0x1F, 0xF8, 0x03, 0xFF, 0x00, 0x7F, 0xE0, 0x0F, 0x80, 0xFE, 0x07, 0xDF,
    0xC0, 0xFB, 0xFC, 0x1F, 0x7F, 0x83, 0xEF, 0xF8, 0x7D, 0xFF, 0x0F, 0xBF, 0xE1, 0xF7, 0xFE, 0x3E,
    0xFF, 0xC7, 0xDF, 0x78, 0xFB, 0xEF, 0x9F, 0x7D, 0xF3, 0xEF, 0x9E, 0x7D, 0xF3, 0xEF, 0xBE, 0x7D,
    0xF7, 0xC7, 0xBE, 0xF8, 0xFF, 0xDF, 0x0F, 0x7B, 0xE1, 0xEF, 0x7C, 0x3F, 0xEF, 0x83, 0xFD, 0xF0,
    0x7F, 0xBE, 0x0F, 0xF7, 0xC0, 0xFE, 0xF8, 0x1F, 0xDF, 0x03, 0xFB, 0xE0, 0x3F, 0x00, 0x07, 0xFC,
    0x03, 0xFF, 0xC0, 0xFF, 0xFC, 0x1F, 0xFF, 0xC7, 0xFF, 0xFC, 0xFC, 0x1F, 0x9F, 0x01, 0xF7, 0xE0,
    0x3E, 0xFC, 0x07, 0xDF, 0x80, 0xFB, 0xF0, 0x1F, 0x7E, 0x03, 0xEF, 0xC0, 0x7D, 0xF8, 0x0F, 0xBF,
    0x01, 0xF7, 0xE0, 0x3E, 0xFC, 0x07, 0xDF, 0x80, 0xFB, 0xF0, 0x1F, 0x7E, 0x03, 0xE7, 0xC0, 0x7C,
    0xFC, 0x1F, 0x9F, 0xFF, 0xF1, 0xFF, 0xFC, 0x3F, 0xFF, 0x03, 0xFF, 0xC0, 0x1F, 0xF0, 0x00, 0x7F,
    0xFE, 0x07, 0xFF, 0xF0, 0x7F, 0xFF, 0xC7, 0xFF, 0xFC, 0x7C, 0x1F, 0xE7, 0xC0, 0x7E, 0x7C, 0x03,
    0xF7, 0xC0, 0x3F, 0x7C, 0x03, 0xF7, 0xC0, 0x3F, 0x7C, 0x07, 0xE7, 0xC1, 0xFE, 0x7F, 0xFF, 0xC7,
    0xFF, 0xFC, 0x7F, 0xFF, 0x87, 0xFF, 0xE0, 0x7C, 0x00, 0x07, 0xC0, 0x00, 0x7C, 0x00, 0x07, 0xC0,
    0x00, 0x7C, 0x00, 0x07, 0xC0, 0x00, 0x7C, 0x00, 0x07, 0xC0, 0x00, 0x7C, 0x00, 0x07, 0xC0, 0x00,
    0x7C, 0x00, 0x00, 0x07, 0xFC, 0x03, 0xFF, 0xC0, 0xFF, 0xFE, 0x3F, 0xFF, 0xC7, 0xFB, 0xFC, 0xFC,
    0x1F, 0xBF, 0x01, 0xF7, 0xE0, 0x3F, 0xFC, 0x07, 0xFF, 0x80, 0xFF, 0xF0, 0x1F, 0xFE, 0x03, 0xFF,
    0xC0, 0x7F, 0xF8, 0x0F, 0xFF, 0x01, 0xFF, 0xE0, 0x3F, 0xFC, 0x07, 0xFF, 0x80, 0xFF, 0xF0, 0x1F,
    0xFE, 0x03, 0xFF, 0xC0, 0x7C, 0xFC, 0x1F, 0x9F, 0xFF, 0xF3, 0xFF, 0xFC, 0x3F, 0xFF, 0x83, 0xFF,
    0xE0, 0x1F, 0xF8, 0x00, 0x3F, 0x00, 0x03, 0xF0, 0x00, 0x3E, 0x00, 0x07, 0xE0, 0x00, 0x7E, 0x00,
    0x0F, 0xC0, 0x00, 0xFC, 0x7F, 0xFC, 0x07, 0xFF, 0xF0, 0x7F, 0xFF, 0x87, 0xFF, 0xFC, 0x7C, 0x3F,
    0xC7, 0xC0, 0x7E, 0x7C, 0x07, 0xE7, 0xC0, 0x3E, 0x7C, 0x03, 0xE7, 0xC0, 0x7E, 0x7C, 0x07, 0xE7,
    0xC1, 0xFC, 0x7F, 0xFF, 0xC7, 0xFF, 0xF8, 0x7F, 0xFF, 0x07, 0xFF, 0xC0, 0x7C, 0x7E, 0x07, 0xC7,
    0xE0, 0x7C, 0x3F, 0x07, 0xC3, 0xF0, 0x7C, 0x1F, 0x87, 0xC1, 0xF8, 0x7C, 0x0F, 0x87, 0xC0, 0xFC,
    0x7C, 0x0F, 0xC7, 0xC0, 0x7E, 0x7C, 0x07, 0xE0, 0x07, 0xFC, 0x03, 0xFF, 0xC0, 0xFF, 0xFC, 0x3F,
    0xFF, 0xC7, 0xFF, 0xFC, 0xF8, 0x1F, 0xBF, 0x01, 0xF7, 0xE0, 0x3E, 0xFC, 0x00, 0x0F, 0xC0, 0x01,
    0xFF, 0x00, 0x1F, 0xFC, 0x01, 0xFF, 0xE0, 0x1F, 0xFF, 0x00, 0xFF, 0xE0, 0x03, 0xFE, 0x00, 0x0F,
    0xE0, 0x00, 0xFC, 0x00, 0x1F, 0xFC, 0x01, 0xFF, 0x80, 0x7F, 0xF8, 0x0F, 0xFF, 0xEF, 0xF3, 0xFF,
    0xFE, 0x3F, 0xFF, 0x83, 0xFF, 0xE0, 0x1F, 0xF0, 0x00, 0xFF, 0xFF, 0xF7, 0xFF, 0xFF, 0xBF, 0xFF,
    0xFD, 0xFF, 0xFF, 0xE0, 0x0F, 0x80, 0x00, 0x7C, 0x00, 0x03, 0xE0, 0x00, 0x1F, 0x00, 0x00, 0xF8,
    0x00, 0x07, 0xC0, 0x00, 0x3E, 0x00, 0x01, 0xF0, 0x00, 0x0F, 0x80, 0x00, 0x7C, 0x00, 0x03, 0xE0,
    0x00, 0x1F, 0x00, 0x00, 0xF8, 0x00, 0x07, 0xC0, 0x00, 0x3E, 0x00, 0x01, 0xF0, 0x00, 0x0F, 0x80,
    0x00, 0x7C, 0x00, 0x03, 0xE0, 0x00, 0x1F, 0x00, 0x00, 0xF8, 0x00, 0x07, 0xC0, 0x00, 0x3E, 0x00,
    0xFC, 0x07, 0xDF, 0x80, 0xFB, 0xF0, 0x1F, 0x7E, 0x03, 0xEF, 0xC0, 0x7D, 0xF8, 0x0F, 0xBF, 0x01,
    0xF7, 0xE0, 0x3E, 0xFC, 0x07, 0xDF, 0x80, 0xFB, 0xF0, 0x1F, 0x7E, 0x03, 0xEF, 0xC0, 0x7D, 0xF8,
    0x0F, 0xBF, 0x01, 0xF7, 0xE0, 0x3E, 0xFC, 0x07, 0xDF, 0x80, 0xFB, 0xF0, 0x1F, 0x7E, 0x03, 0xEF,
    0xC0, 0x7C, 0xFC, 0x1F, 0x9F, 0xEF, 0xF1, 0xFF, 0xFC, 0x3F, 0xFF, 0x83, 0xFF, 0xE0, 0x1F, 0xF0,
    0x00, 0xFC, 0x01, 0xFF, 0xE0, 0x0F, 0x9F, 0x00, 0x7C, 0xF8, 0x07, 0xE7, 0xE0, 0x3F, 0x3F, 0x01,
    0xF0, 0xF8, 0x0F, 0x87, 0xC0, 0x7C, 0x3F, 0x07, 0xE1, 0xF8, 0x3E, 0x07, 0xC1, 0xF0, 0x3E, 0x0F,
    0x81, 0xF8, 0xFC, 0x0F, 0xC7, 0xC0, 0x3E, 0x3E, 0x01, 0xF1, 0xF0, 0x0F, 0xDF, 0x80, 0x7E, 0xF8,
    0x01, 0xF7, 0xC0, 0x0F, 0xBE, 0x00, 0x7F, 0xF0, 0x01, 0xFF, 0x00, 0x0F, 0xF8, 0x00, 0x7F, 0xC0,
    0x03, 0xFE, 0x00, 0x0F, 0xE0, 0x00, 0x7F, 0x00, 0xF8, 0x7C, 0x3F, 0xF0, 0xF8, 0x7B, 0xE1, 0xF0,
    0xF3, 0xC3, 0xE1, 0xE7, 0x8F, 0xC3, 0xCF, 0x1F, 0xCF, 0x9E, 0x3F, 0x9F, 0x3E, 0x7F, 0x3E, 0x7C,
    0xEE, 0x7C, 0xF9, 0xDC, 0xF9, 0xF3, 0xB9, 0xE3, 0xE7, 0x73, 0xC7, 0xDE, 0xE7, 0x87, 0xBD, 0xCF,
    0x0F, 0x7B, 0xDE, 0x1E, 0xE7, 0xBC, 0x3D, 0xCF, 0xF8, 0x7B, 0x8F, 0xF0, 0xFF, 0x1F, 0xE1, 0xFE,
    0x3F, 0x83, 0xFC, 0x7F, 0x07, 0xF8, 0xFE, 0x07, 0xF1, 0xFC, 0x0F, 0xE3, 0xF8, 0x1F, 0x87, 0xF0,
    0x3F, 0x0F, 0xE0, 0x7E, 0x0F, 0xC0, 0xFC, 0x03, 0xF3, 0xF0, 0x1F, 0x9F, 0xC1, 0xF8, 0x7E, 0x0F,
    0xC1, 0xF8, 0xFC, 0x0F, 0xC7, 0xE0, 0x3F, 0x7E, 0x01, 0xFB, 0xF0, 0x07, 0xFF, 0x00, 0x3F, 0xF0,
    0x00, 0xFF, 0x80, 0x07, 0xF8, 0x00, 0x1F, 0xC0, 0x00, 0xFE, 0x00, 0x07, 0xF0, 0x00, 0x7F, 0xC0,
    0x07, 0xFE, 0x00, 0x3F, 0xF8, 0x03, 0xF7, 0xC0, 0x1F, 0xBF, 0x01, 0xF8, 0xFC, 0x0F, 0xC7, 0xE0,
    0xFC, 0x1F, 0x87, 0xC0, 0xFC, 0x7E, 0x03, 0xF7, 0xE0, 0x1F, 0xBF, 0x00, 0x7E, 0x7E, 0x00, 0xFD,
    0xF8, 0x03, 0xF3, 0xE0, 0x1F, 0x8F, 0xC0, 0x7E, 0x1F, 0x01, 0xF0, 0x7E, 0x0F, 0xC0, 0xF8, 0x3E,
    0x03, 0xF1, 0xF8, 0x0F, 0xC7, 0xC0, 0x1F, 0xBF, 0x00, 0x7E, 0xF8, 0x00, 0xFB, 0xE0, 0x03, 0xFF,
    0x00, 0x07, 0xFC, 0x00, 0x1F, 0xE0, 0x00, 0x3F, 0x80, 0x00, 0xFE, 0x00, 0x01, 0xF0, 0x00, 0x07,
    0xC0, 0x00, 0x1F, 0x00, 0x00, 0x7C, 0x00, 0x01, 0xF0, 0x00, 0x07, 0xC0, 0x00, 0x1F, 0x00, 0x00,
    0x7C, 0x00, 0x01, 0xF0, 0x00, 0x07, 0xC0, 0x00, 0xFF, 0xFF, 0xFF, 0xFF, 0xFF, 0xFF, 0xFF, 0xFF,
    0xF0, 0x03, 0xF8, 0x01, 0xF8, 0x01, 0xFC, 0x00, 0xFC, 0x00, 0xFC, 0x00, 0x7E, 0x00, 0x7E, 0x00,
    0x7F, 0x00, 0x3F, 0x00, 0x3F, 0x00, 0x1F, 0x80, 0x1F, 0x80, 0x1F, 0x80, 0x0F, 0xC0, 0x0F, 0xC0,
    0x07, 0xE0, 0x07, 0xE0, 0x07, 0xE0, 0x03, 0xF0, 0x01, 0xFF, 0xFF, 0xFF, 0xFF, 0xFF, 0xFF, 0xFF,
    0xFF, 0xE0, 0x00, 0x1F, 0xFF, 0xFF, 0xFF, 0xFF, 0xFF, 0xF0, 0x3E, 0x07, 0xC0, 0xF8, 0x1F, 0x03,
    0xE0, 0x7C, 0x0F, 0x81, 0xF0, 0x3E, 0x07, 0xC0, 0xF8, 0x1F, 0x03, 0xE0, 0x7C, 0x0F, 0x81, 0xF0,
    0x3E, 0x07, 0xC0, 0xF8, 0x1F, 0x03, 0xE0, 0x7C, 0x0F, 0x81, 0xF0, 0x3E, 0x07, 0xC0, 0xFF, 0xFF,
    0xFF, 0xFF, 0xFF, 0xF0, 0xFC, 0x00, 0x1F, 0x80, 0x01, 0xF0, 0x00, 0x3F, 0x00, 0x07, 0xE0, 0x00,
    0x7C, 0x00, 0x0F, 0xC0, 0x00, 0xF8, 0x00, 0x1F, 0x80, 0x03, 0xF0, 0x00, 0x3E, 0x00, 0x07, 0xE0,
    0x00, 0xFC, 0x00, 0x0F, 0x80, 0x01, 0xF8, 0x00, 0x1F, 0x00, 0x03, 0xF0, 0x00, 0x7E, 0x00, 0x07,
    0xC0, 0x00, 0xFC, 0x00, 0x1F, 0x80, 0x01, 0xF0, 0x00, 0x3F, 0x00, 0x07, 0xE0, 0x00, 0x7E, 0x00,
    0x0F, 0xC0, 0x00, 0xF8, 0x00, 0x1F, 0x80, 0x03, 0xF0, 0x00, 0x3E, 0x00, 0x07, 0xE0, 0x00, 0xFC,
    0x00, 0x0F, 0xC0, 0x01, 0xF8, 0x00, 0x1F, 0x00, 0x03, 0xF0, 0x00, 0x1F, 0xFF, 0xFF, 0xFF, 0xFF,
    0xFE, 0x07, 0xC0, 0xF8, 0x1F, 0x03, 0xE0, 0x7C, 0x0F, 0x81, 0xF0, 0x3E, 0x07, 0xC0, 0xF8, 0x1F,
    0x03, 0xE0, 0x7C, 0x0F, 0x81, 0xF0, 0x3E, 0x07, 0xC0, 0xF8, 0x1F, 0x03, 0xE0, 0x7C, 0x0F, 0x81,
    0xF0, 0x3E, 0x07, 0xC0, 0xF8, 0x1F, 0xFF, 0xFF, 0xFF, 0xFF, 0xFF, 0xF0, 0x01, 0xF0, 0x00, 0x7F,
    0x00, 0x0F, 0xE0, 0x03, 0xFC, 0x00, 0x7F, 0xC0, 0x1F, 0x78, 0x03, 0xEF, 0x80, 0x7D, 0xF0, 0x1F,
    0x1F, 0x03, 0xE3, 0xE0, 0xF8, 0x3E, 0x1F, 0x07, 0xC7, 0xC0, 0xF8, 0xF8, 0x0F, 0xBF, 0x01, 0xF0,
    0x00, 0x00, 0x1F, 0xFF, 0xFF, 0xFF, 0xFF, 0xFF, 0xFF, 0xFF, 0xFF, 0xFE, 0xFE, 0x1F, 0x83, 0xF0,
    0x7E, 0x0F, 0xC0, 0x07, 0xFC, 0x07, 0xFF, 0xC3, 0xFF, 0xF8, 0xFF, 0xFE, 0x7F, 0xBF, 0xDF, 0x03,
    0xF7, 0x80, 0x7C, 0x00, 0x1F, 0x0F, 0xFF, 0xCF, 0xFF, 0xF7, 0xFF, 0xFD, 0xF8, 0x1F, 0xFC, 0x07,
    0xFE, 0x01, 0xFF, 0x80, 0x7F, 0xF0, 0x3F, 0xFF, 0xFF, 0xFF, 0xFF, 0xF7, 0xFF, 0xFC, 0xFF, 0xDF,
    0x1F, 0xE7, 0xC0, 0x7C, 0x00, 0x0F, 0x80, 0x01, 0xF0, 0x00, 0x3E, 0x00, 0x07, 0xC0, 0x00, 0xF8,
    0x00, 0x1F, 0x3F, 0x83, 0xEF, 0xF8, 0x7F, 0xFF, 0x8F, 0xFF, 0xF9, 0xFE, 0xFF, 0x3F, 0x07, 0xE7,
    0xC0, 0x7C, 0xF8, 0x0F, 0x9F, 0x01, 0xF3, 0xE0, 0x3E, 0x7C, 0x07, 0xCF, 0x80, 0xF9, 0xF0, 0x1F,
    0x3E, 0x03, 0xE7, 0xC0, 0x7C, 0xFC, 0x1F, 0x9F, 0xEF, 0xF3, 0xFF, 0xFE, 0x7F, 0xFF, 0x8F, 0xBF,
    0xE1, 0xF3, 0xF8, 0x00, 0x07, 0xFC, 0x01, 0xFF, 0xE0, 0x7F, 0xFE, 0x1F, 0xFF, 0xE7, 0xFF, 0xFC,
    0xFC, 0x0F, 0xDF, 0x01, 0xFF, 0xE0, 0x1F, 0xFC, 0x00, 0x1F, 0x80, 0x03, 0xF0, 0x00, 0x7E, 0x00,
    0x0F, 0xC0, 0x01, 0xF8, 0x07, 0xDF, 0x01, 0xFB, 0xF0, 0x3F, 0x7F, 0xBF, 0xC7, 0xFF, 0xF8, 0x7F,
    0xFE, 0x07, 0xFF, 0x80, 0x7F, 0xC0, 0x00, 0x07, 0xC0, 0x01, 0xF0, 0x00, 0x7C, 0x00, 0x1F, 0x00,
    0x07, 0xC0, 0x01, 0xF0, 0xFE, 0x7C, 0x7F, 0xDF, 0x3F, 0xFF, 0xDF, 0xFF, 0xF7, 0xFB, 0xFD, 0xF8,
    0x3F, 0xFC, 0x0F, 0xFF, 0x01, 0xFF, 0xC0, 0x7F, 0xF0, 0x1F, 0xFC, 0x07, 0xFF, 0x01, 0xFF, 0xC0,
    0x7F, 0xF0, 0x1F, 0xFC, 0x0F, 0xDF, 0x83, 0xF7, 0xFB, 0xFD, 0xFF, 0xFF, 0x3F, 0xFF, 0xC7, 0xFD,
    0xF0, 0xFE, 0x7C, 0x07, 0xFC, 0x03, 0xFF, 0xE0, 0xFF, 0xFE, 0x1F, 0xFF, 0xC7, 0xFB, 0xFC, 0xF8,
    0x0F, 0xBF, 0x01, 0xF7, 0xE0, 0x3F, 0xFF, 0xFF, 0xFF, 0xFF, 0xFF, 0xFF, 0xFF, 0xFE, 0x00, 0x0F,
    0xC0, 0x01, 0xF8, 0x00, 0x3F, 0x01, 0xF3, 0xF0, 0x7E, 0x7F, 0xBF, 0xC7, 0xFF, 0xF0, 0xFF, 0xFE,
    0x0F, 0xFF, 0x00, 0x7F, 0xC0, 0x00, 0x7F, 0xF0, 0x0F, 0xFF, 0x01, 0xFF, 0xF0, 0x1F, 0xFF, 0x03,
    0xF8, 0x00, 0x3F, 0x00, 0x03, 0xF0, 0x00, 0x3F, 0x00, 0x03, 0xF0, 0x0F, 0xFF, 0xFF, 0xFF, 0xFF,
    0xFF, 0xFF, 0xFF, 0xFF, 0xFF, 0xF0, 0x3F, 0x00, 0x03, 0xF0, 0x00, 0x3F, 0x00, 0x03, 0xF0, 0x00,
    0x3F, 0x00, 0x03, 0xF0, 0x00, 0x3F, 0x00, 0x03, 0xF0, 0x00, 0x3F, 0x00, 0x03, 0xF0, 0x00, 0x3F,
    0x00, 0x03, 0xF0, 0x00, 0x3F, 0x00, 0x03, 0xF0, 0x00, 0x0F, 0xE7, 0xC7, 0xFD, 0xF3, 0xFF, 0xFD,
    0xFF, 0xFF, 0x7F, 0xBF, 0xDF, 0x83, 0xFF, 0xC0, 0xFF, 0xF0, 0x1F, 0xFC, 0x07, 0xFF, 0x01, 0xFF,
    0xC0, 0x7F, 0xF0, 0x1F, 0xFC, 0x07, 0xFF, 0x01, 0xF7, 0xE0, 0xFD, 0xFC, 0xFF, 0x7F, 0xFF, 0xCF,
    0xFF, 0xF1, 0xFF, 0x7C, 0x3F, 0x9F, 0x00, 0x07, 0xC0, 0x01, 0xF0, 0x00, 0xFC, 0x00, 0xFF, 0x1F,
    0xFF, 0x87, 0xFF, 0xE1, 0xFF, 0xF0, 0x7F, 0xF0, 0x7C, 0x00, 0x1F, 0x00, 0x07, 0xC0, 0x01, 0xF0,
    0x00, 0x7C, 0x00, 0x1F, 0x00, 0x07, 0xCF, 0xE1, 0xF7, 0xFC, 0x7F, 0xFF, 0x9F, 0xFF, 0xE7, 0xFB,
    0xFD, 0xF8, 0x3F, 0x7C, 0x07, 0xDF, 0x01, 0xF7, 0xC0, 0x7D, 0xF0, 0x1F, 0x7C, 0x07, 0xDF, 0x01,
    0xF7, 0xC0, 0x7D, 0xF0, 0x1F, 0x7C, 0x07, 0xDF, 0x01, 0xF7, 0xC0, 0x7D, 0xF0, 0x1F, 0x7C, 0x07,
    0xDF, 0x01, 0xF7, 0xC0, 0x7C, 0x00, 0xF8, 0x00, 0x1F, 0x80, 0x01, 0xFC, 0x00, 0x1F, 0x80, 0x00,
    0xF8, 0x00, 0x00, 0x00, 0x00, 0x00, 0x00, 0x00, 0x00, 0x7F, 0xF8, 0x07, 0xFF, 0x80, 0x7F, 0xF8,
    0x07, 0xFF, 0x80, 0x00, 0xF8, 0x00, 0x0F, 0x80, 0x00, 0xF8, 0x00, 0x0F, 0x80, 0x00, 0xF8, 0x00,
    0x0F, 0x80, 0x00, 0xF8, 0x00, 0x0F, 0x80, 0x00, 0xF8, 0x00, 0x0F, 0x80, 0x00, 0xF8, 0x00, 0x0F,
    0x80, 0x00, 0xF8, 0x07, 0xFF, 0xFF, 0x7F, 0xFF, 0xF7, 0xFF, 0xFF, 0x7F, 0xFF, 0xF0, 0x00, 0x3E,
    0x00, 0x7F, 0x00, 0x7F, 0x00, 0x7F, 0x00, 0x3E, 0x00, 0x00, 0x00, 0x00, 0x00, 0x00, 0x7F, 0xFF,
    0x7F, 0xFF, 0x7F, 0xFF, 0x7F, 0xFF, 0x00, 0x3F, 0x00, 0x3F, 0x00, 0x3F, 0x00, 0x3F, 0x00, 0x3F,
    0x00, 0x3F, 0x00, 0x3F, 0x00, 0x3F, 0x00, 0x3F, 0x00, 0x3F, 0x00, 0x3F, 0x00, 0x3F, 0x00, 0x3F,
    0x00, 0x3F, 0x00, 0x3F, 0x00, 0x3F, 0x00, 0x3F, 0x00, 0x3F, 0x00, 0x7E, 0x01, 0xFE, 0x7F, 0xFC,
    0x7F, 0xFC, 0x7F, 0xF8, 0x7F, 0xE0, 0xF8, 0x00, 0x1F, 0x00, 0x03, 0xE0, 0x00, 0x7C, 0x00, 0x0F,
    0x80, 0x01, 0xF0, 0x00, 0x3E, 0x03, 0xFF, 0xC0, 0x7E, 0xF8, 0x1F, 0x9F, 0x03, 0xF3, 0xE0, 0xFC,
    0x7C, 0x3F, 0x0F, 0x87, 0xE1, 0xF1, 0xF8, 0x3F, 0xFF, 0x07, 0xFF, 0xC0, 0xFF, 0xF8, 0x1F, 0xFF,
    0x83, 0xE3, 0xF0, 0x7C, 0x3F, 0x0F, 0x87, 0xE1, 0xF0, 0x7E, 0x3E, 0x0F, 0xC7, 0xC0, 0xFC, 0xF8,
    0x1F, 0xDF, 0x01, 0xFB, 0xE0, 0x1F, 0x80, 0xFF, 0xF0, 0x07, 0xFF, 0x80, 0x3F, 0xFC, 0x01, 0xFF,
    0xE0, 0x00, 0x3F, 0x00, 0x00, 0xF8, 0x00, 0x07, 0xC0, 0x00, 0x3E, 0x00, 0x01, 0xF0, 0x00, 0x0F,
    0x80, 0x00, 0x7C, 0x00, 0x03, 0xE0, 0x00, 0x1F, 0x00, 0x00, 0xF8, 0x00, 0x07, 0xC0, 0x00, 0x3E,
    0x00, 0x01, 0xF0, 0x00, 0x0F, 0x80, 0x00, 0x7C, 0x00, 0x03, 0xE0, 0x00, 0x1F, 0x00, 0x00, 0xF8,
    0x00, 0x07, 0xF0, 0x00, 0x3F, 0xFF, 0x00, 0xFF, 0xF8, 0x03, 0xFF, 0xC0, 0x0F, 0xFE, 0xFB, 0xE7,
    0xC7, 0xFF, 0xFF, 0x3F, 0xFF, 0xFD, 0xFB, 0xF3, 0xEF, 0x8F, 0x9F, 0x7C, 0x7C, 0xFB, 0xE3, 0xE7,
    0xDF, 0x1F, 0x3E, 0xF8, 0xF9, 0xF7, 0xC7, 0xCF, 0xBE, 0x3E, 0x7D, 0xF1, 0xF3, 0xEF, 0x8F, 0x9F,
    0x7C, 0x7C, 0xFB, 0xE3, 0xE7, 0xDF, 0x1F, 0x3E, 0xF8, 0xF9, 0xF7, 0xC7, 0xCF, 0xBE, 0x3E, 0x7D,
    0xF1, 0xF3, 0xEF, 0x8F, 0x9F, 0x00, 0x7C, 0xFE, 0x1F, 0x7F, 0xC7, 0xFF, 0xF9, 0xFF, 0xFE, 0x7F,
    0xBF, 0xDF, 0x83, 0xF7, 0xC0, 0x7D, 0xF0, 0x1F, 0x7C, 0x07, 0xDF, 0x01, 0xF7, 0xC0, 0x7D, 0xF0,
    0x1F, 0x7C, 0x07, 0xDF, 0x01, 0xF7, 0xC0, 0x7D, 0xF0, 0x1F, 0x7C, 0x07, 0xDF, 0x01, 0xF7, 0xC0,
    0x7D, 0xF0, 0x1F, 0x7C, 0x07, 0xC0, 0x07, 0xFC, 0x03, 0xFF, 0xC0, 0xFF, 0xFE, 0x1F, 0xFF, 0xC7,
    0xFB, 0xFC, 0xFC, 0x1F, 0xBF, 0x01, 0xF7, 0xE0, 0x3E, 0xFC, 0x07, 0xFF, 0x80, 0xFF, 0xF0, 0x1F,
    0xFE, 0x03, 0xFF, 0xC0, 0x7F, 0xF8, 0x0F, 0xBF, 0x01, 0xF3, 0xF0, 0x7E, 0x7F, 0xFF, 0xC7, 0xFF,
    0xF0, 0xFF, 0xFE, 0x0F, 0xFF, 0x00, 0x7F, 0xC0, 0x7C, 0xFE, 0x0F, 0xBF, 0xE1, 0xFF, 0xFE, 0x3F,
    0xFF, 0xE7, 0xFB, 0xFC, 0xFC, 0x1F, 0x9F, 0x01, 0xF3, 0xE0, 0x3E, 0x7C, 0x07, 0xCF, 0x80, 0xF9,
    0xF0, 0x1F, 0x3E, 0x03, 0xE7, 0xC0, 0x7C, 0xF8, 0x0F, 0x9F, 0x01, 0xF3, 0xF0, 0x7E, 0x7F, 0xBF,
    0xCF, 0xFF, 0xF9, 0xFF, 0xFE, 0x3E, 0xFF, 0x87, 0xCF, 0xE0, 0xF8, 0x00, 0x1F, 0x00, 0x03, 0xE0,
    0x00, 0x7C, 0x00, 0x0F, 0x80, 0x01, 0xF0, 0x00, 0x3E, 0x00, 0x00, 0x0F, 0xE7, 0xC7, 0xFD, 0xF3,
    0xFF, 0xFD, 0xFF, 0xFF, 0x7F, 0xBF, 0xDF, 0x83, 0xFF, 0xC0, 0xFF, 0xF0, 0x1F, 0xFC, 0x07, 0xFF,
    0x01, 0xFF, 0xC0, 0x7F, 0xF0, 0x1F, 0xFC, 0x07, 0xFF, 0x01, 0xFF, 0xC0, 0xFD, 0xF8, 0x3F, 0x7F,
    0xBF, 0xDF, 0xFF, 0xF3, 0xFF, 0xFC, 0x7F, 0xDF, 0x0F, 0xE7, 0xC0, 0x01, 0xF0, 0x00, 0x7C, 0x00,
    0x1F, 0x00, 0x07, 0xC0, 0x01, 0xF0, 0x00, 0x7C, 0x00, 0x1F, 0xFC, 0xFE, 0x3F, 0xFF, 0xCF, 0xFF,
    0xFB, 0xFF, 0xFE, 0xFF, 0xFF, 0xFF, 0x83, 0xFF, 0xC0, 0x7F, 0xF0, 0x1F, 0xFC, 0x07, 0xFF, 0x01,
    0xFF, 0xC0, 0x03, 0xF0, 0x00, 0xFC, 0x00, 0x3F, 0x00, 0x0F, 0xC0, 0x03, 0xF0, 0x00, 0xFC, 0x00,
    0x3F, 0x00, 0x0F, 0xC0, 0x03, 0xF0, 0x00, 0xFC, 0x00, 0x00, 0x0F, 0xFC, 0x07, 0xFF, 0xE1, 0xFF,
    0xFE, 0x3F, 0xFF, 0xE7, 0xF3, 0xFD, 0xF8, 0x0F, 0xBF, 0x00, 0x03, 0xE0, 0x00, 0x7F, 0xF8, 0x0F,
    0xFF, 0xE0, 0xFF, 0xFE, 0x07, 0xFF, 0xE0, 0x03, 0xFC, 0x00, 0x0F, 0xFE, 0x01, 0xFF, 0xE0, 0x3F,
    0xFF, 0x1F, 0xEF, 0xFF, 0xF9, 0xFF, 0xFF, 0x1F, 0xFF, 0xC0, 0xFF, 0xE0, 0x03, 0xE0, 0x00, 0x3E,
    0x00, 0x03, 0xE0, 0x00, 0x3E, 0x00, 0x03, 0xE0, 0x00, 0x3E, 0x00, 0xFF, 0xFF, 0xFF, 0xFF, 0xFF,
    0xFF, 0xFF, 0xFF, 0xFF, 0xFF, 0x03, 0xE0, 0x00, 0x3E, 0x00, 0x03, 0xE0, 0x00, 0x3E, 0x00, 0x03,
    0xE0, 0x00, 0x3E, 0x00, 0x03, 0xE0, 0x00, 0x3E, 0x00, 0x03, 0xE0, 0x00, 0x3E, 0x00, 0x03, 0xE0,
    0x00, 0x3E, 0x00, 0x03, 0xF8, 0x00, 0x3F, 0xFE, 0x01, 0xFF, 0xE0, 0x0F, 0xFE, 0x00, 0x7F, 0xE0,
    0xFC, 0x07, 0xFF, 0x01, 0xFF, 0xC0, 0x7F, 0xF0, 0x1F, 0xFC, 0x07, 0xFF, 0x01, 0xFF, 0xC0, 0x7F,
    0xF0, 0x1F, 0xFC, 0x07, 0xFF, 0x01, 0xFF, 0xC0, 0x7F, 0xF0, 0x1F, 0xFC, 0x07, 0xDF, 0x01, 0xF7,
    0xC0, 0x7D, 0xF8, 0x3F, 0x7F, 0xBF, 0xCF, 0xFF, 0xE3, 0xFF, 0xF0, 0x7F, 0xF8, 0x07, 0xFC, 0x00,
    0xFC, 0x01, 0xFF, 0xE0, 0x0F, 0x9F, 0x80, 0xFC, 0xFC, 0x07, 0xE7, 0xE0, 0x3E, 0x1F, 0x03, 0xF0,
    0xFC, 0x1F, 0x83, 0xE0, 0xF8, 0x1F, 0x0F, 0xC0, 0xFC, 0x7E, 0x03, 0xE3, 0xE0, 0x1F, 0x3F, 0x00,
    0xFD, 0xF8, 0x03, 0xEF, 0x80, 0x1F, 0x7C, 0x00, 0xFF, 0xE0, 0x03, 0xFE, 0x00, 0x1F, 0xF0, 0x00,
    0xFF, 0x80, 0x03, 0xF8, 0x00, 0x1F, 0xC0, 0x00, 0xF8, 0x7C, 0x3D, 0xF0, 0xF8, 0x79, 0xE1, 0xF0,
    0xF3, 0xC7, 0xE1, 0xE7, 0x8F, 0xE3, 0xCF, 0x9F, 0xCF, 0x9F, 0x3F, 0x9F, 0x3E, 0x7F, 0x3C, 0x3C,
    0xEE, 0x78, 0x7B, 0xDC, 0xF0, 0xF7, 0xBD, 0xE1, 0xEF, 0x7F, 0xC3, 0xFE, 0xFF, 0x87, 0xF9, 0xFE,
    0x0F, 0xF1, 0xFC, 0x0F, 0xE3, 0xF8, 0x1F, 0xC7, 0xF0, 0x3F, 0x8F, 0xE0, 0x7F, 0x1F, 0xC0, 0xFC,
    0x3F, 0x01, 0xF8, 0x7E, 0x00, 0x7E, 0x03, 0xF3, 0xF8, 0x3F, 0x0F, 0xC1, 0xF8, 0x3F, 0x1F, 0x81,
    0xF9, 0xF8, 0x07, 0xEF, 0xC0, 0x1F, 0xFC, 0x00, 0xFF, 0xC0, 0x03, 0xFE, 0x00, 0x0F, 0xE0, 0x00,
    0x7F, 0x00, 0x07, 0xF8, 0x00, 0x3F, 0xE0, 0x03, 0xFF, 0x80, 0x3F, 0x7E, 0x01, 0xFB, 0xF0, 0x1F,
    0x8F, 0xC1, 0xF8, 0x7F, 0x0F, 0xC1, 0xF8, 0xFC, 0x07, 0xEF, 0xC0, 0x3F, 0x80, 0xFC, 0x01, 0xFB,
    0xE0, 0x0F, 0x9F, 0x80, 0xFC, 0xFC, 0x07, 0xE3, 0xE0, 0x7E, 0x1F, 0x83, 0xF0, 0x7C, 0x1F, 0x03,
    0xF1, 0xF8, 0x1F, 0x8F, 0xC0, 0x7C, 0x7C, 0x03, 0xF7, 0xE0, 0x0F, 0xBF, 0x00, 0x7D, 0xF0, 0x03,
    0xFF, 0x80, 0x0F, 0xFC, 0x00, 0x7F, 0xC0, 0x03, 0xFE, 0x00, 0x0F, 0xE0, 0x00, 0x7F, 0x00, 0x01,
    0xF8, 0x00, 0x0F, 0x80, 0x00, 0xFC, 0x00, 0x07, 0xE0, 0x00, 0x3E, 0x00, 0x03, 0xF0, 0x00, 0x1F,
    0x80, 0x01, 0xF8, 0x00, 0x0F, 0xC0, 0x00, 0x7F, 0xFF, 0xDF, 0xFF, 0xF7, 0xFF, 0xFD, 0xFF, 0xFF,
    0x00, 0x1F, 0xC0, 0x0F, 0xE0, 0x07, 0xF0, 0x03, 0xF8, 0x00, 0xFC, 0x00, 0x7E, 0x00, 0x3F, 0x00,
    0x1F, 0xC0, 0x0F, 0xE0, 0x07, 0xF0, 0x03, 0xF8, 0x00, 0xFC, 0x00, 0x7E, 0x00, 0x1F, 0xFF, 0xF7,
    0xFF, 0xFD, 0xFF, 0xFF, 0x7F, 0xFF, 0xC0, 0x00, 0x00, 0x00, 0x07, 0xF0, 0x07, 0xFC, 0x03, 0xFF,
    0x00, 0xFF, 0xC0, 0x3F, 0x80, 0x1F, 0x80, 0x03, 0xE0, 0x00, 0xF8, 0x00, 0x3E, 0x00, 0x0F, 0x80,
    0x03, 0xE0, 0x00, 0xF8, 0x00, 0x3F, 0x00, 0x0F, 0xC0, 0x0F, 0xE0, 0xFF, 0xF8, 0x3F, 0xF8, 0x0F,
    0xFE, 0x03, 0xFF, 0xC0, 0x03, 0xF8, 0x00, 0x3E, 0x00, 0x0F, 0xC0, 0x03, 0xF0, 0x00, 0xF8, 0x00,
    0x3E, 0x00, 0x0F, 0x80, 0x03, 0xE0, 0x00, 0xF8, 0x00, 0x7E, 0x00, 0x0F, 0x80, 0x03, 0xF8, 0x00,
    0xFF, 0xC0, 0x1F, 0xF0, 0x07, 0xFC, 0x00, 0x7F, 0xFF, 0xFF, 0xFF, 0xFF, 0xFF, 0xFF, 0xFF, 0xFF,
    0xFF, 0xFF, 0xFF, 0xFF, 0xFF, 0xFF, 0xFF, 0xFF, 0xFF, 0xFF, 0xFF, 0xFF, 0xFF, 0xFE, 0x00, 0x00,
    0x3F, 0x80, 0x0F, 0xF8, 0x03, 0xFE, 0x00, 0xFF, 0xC0, 0x07, 0xF0, 0x00, 0x7C, 0x00, 0x1F, 0x00,
    0x07, 0xC0, 0x01, 0xF0, 0x00, 0xFC, 0x00, 0x3F, 0x00, 0x0F, 0xC0, 0x03, 0xF0, 0x00, 0xFC, 0x00,
    0x3F, 0x80, 0x07, 0xFF, 0xC0, 0xFF, 0xF0, 0x3F, 0xFC, 0x1F, 0xFF, 0x0F, 0xF0, 0x03, 0xF0, 0x00,
    0xFC, 0x00, 0x3F, 0x00, 0x0F, 0xC0, 0x03, 0xF0, 0x00, 0xFC, 0x00, 0x1F, 0x00, 0x07, 0xC0, 0x01,
    0xF0, 0x00, 0x7C, 0x00, 0xFF, 0x00, 0xFF, 0xC0, 0x3F, 0xE0, 0x0F, 0xF0, 0x03, 0xF8, 0x00, 0x1F,
    0xC0, 0xF3, 0xFE, 0x1F, 0x7F, 0xF1, 0xF7, 0xFF, 0x9F, 0x7F, 0xFF, 0xF7, 0x8F, 0xFF, 0x78, 0x7F,
    0xF7, 0x83, 0xFE, 0x78, 0x1F, 0xC0, 0x7D, 0xFF, 0xFF, 0xF7, 0xC0, 0x00, 0x00, 0x00, 0xF9, 0xF3,
    0xE7, 0xCF, 0x9F, 0x3E, 0x7C, 0xF9, 0xF3, 0xE7, 0xCF, 0x9F, 0x3E, 0x7C, 0xFB, 0xF7, 0xE0, 0x00,
    0xE0, 0x00, 0x1C, 0x00, 0x03, 0x80, 0x00, 0x70, 0x00, 0x0E, 0x00, 0x0F, 0xF8, 0x07, 0xFF, 0xC1,
    0xFF, 0xFC, 0x3F, 0xFF, 0xCF, 0xFF, 0xF9, 0xFB, 0x9F, 0xBE, 0x73, 0xF7, 0xCE, 0x3F, 0xF9, 0xC0,
    0x3F, 0x38, 0x07, 0xE7, 0x00, 0xFC, 0xE0, 0x1F, 0x9C, 0x03, 0xF3, 0x8F, 0xBE, 0x73, 0xF7, 0xEE,
    0x7E, 0xFF, 0xFF, 0x8F, 0xFF, 0xF1, 0xFF, 0xFC, 0x1F, 0xFF, 0x00, 0xFF, 0xC0, 0x03, 0x80, 0x00,
    0x70, 0x00, 0x0E, 0x00, 0x01, 0xC0, 0x00, 0x38, 0x00, 0x07, 0xFC, 0x03, 0xFF, 0xE0, 0xFF, 0xFE,
    0x3F, 0xFF, 0xC7, 0xFF, 0xFD, 0xF8, 0x1F, 0xBF, 0x01, 0xF7, 0xE0, 0x3E, 0xFC, 0x00, 0x0F, 0xC0,
    0x00, 0xFC, 0x00, 0x1F, 0x80, 0x0F, 0xFF, 0xE1, 0xFF, 0xFC, 0x3F, 0xFF, 0x87, 0xFF, 0xF0, 0x0F,
    0xC0, 0x00, 0xF8, 0x00, 0x3E, 0x00, 0x07, 0xC0, 0x01, 0xF0, 0x00, 0xFC, 0x00, 0x3F, 0x00, 0x07,
    0xFF, 0xFF, 0xFF, 0xFF, 0xFF, 0xFF, 0xFF, 0xFF, 0xFF, 0x80, 0x00, 0x00, 0x01, 0x80, 0x03, 0x1E,
    0x00, 0x3D, 0xFF, 0xFF, 0xE7, 0xFF, 0xFF, 0x1F, 0xFF, 0xF0, 0x7E, 0x7F, 0x03, 0xE0, 0xF8, 0x3E,
    0x03, 0xC1, 0xE0, 0x1E, 0x0F, 0x00, 0xF8, 0x78, 0x07, 0x83, 0xE0, 0x3C, 0x0F, 0x83, 0xE0, 0x7E,
    0x7F, 0x07, 0xFF, 0xF8, 0x7F, 0xFF, 0xF7, 0xFF, 0xFF, 0x9E, 0x00, 0x7C, 0x60, 0x01, 0xC0, 0x00,
    0x00, 0x00, 0x7E, 0x00, 0xFD, 0xF8, 0x03, 0xF3, 0xF0, 0x1F, 0x8F, 0xC0, 0x7E, 0x1F, 0x03, 0xF0,
    0x7E, 0x0F, 0xC0, 0xF8, 0x7E, 0x03, 0xF1, 0xF8, 0x07, 0xCF, 0xC0, 0x1F, 0xBF, 0x00, 0x3E, 0xF8,
    0x00, 0xFF, 0xC0, 0x01, 0xFF, 0x00, 0xFF, 0xFF, 0xE3, 0xFF, 0xFF, 0x8F, 0xFF, 0xFE, 0x3F, 0xFF,
    0xF8, 0x01, 0xF0, 0x00, 0x07, 0xC0, 0x0F, 0xFF, 0xFE, 0x3F, 0xFF, 0xF8, 0xFF, 0xFF, 0xE3, 0xFF,
    0xFF, 0x80, 0x1F, 0x00, 0x00, 0x7C, 0x00, 0x01, 0xF0, 0x00, 0x07, 0xC0, 0x00, 0xFF, 0xFF, 0xFF,
    0xFF, 0xFF, 0xFF, 0xFF, 0xFF, 0xFC, 0x00, 0x00, 0x00, 0x00, 0x7F, 0xFF, 0xFF, 0xFF, 0xFF, 0xFF,
    0xFF, 0xFF, 0xFE, 0x0F, 0xFE, 0x03, 0xFF, 0xE0, 0xFF, 0xFE, 0x3F, 0xFF, 0xE7, 0xF3, 0xFD, 0xF8,
    0x0F, 0xFF, 0x00, 0x07, 0xE0, 0x00, 0x7E, 0x00, 0x0F, 0xFC, 0x00, 0xFF, 0xF0, 0x0F, 0xFF, 0x80,
    0xE7, 0xF8, 0x78, 0x1F, 0x9F, 0x01, 0xF3, 0xE0, 0x3F, 0xFC, 0x07, 0xFF, 0x80, 0xFF, 0xF8, 0x1F,
    0xBF, 0xFF, 0xE7, 0xFF, 0xF8, 0x7F, 0xFC, 0x07, 0xFF, 0xC0, 0x3F, 0xFE, 0x00, 0x7F, 0xC0, 0x00,
    0xFC, 0x00, 0x1F, 0x80, 0x01, 0xFF, 0xC0, 0x7F, 0xFE, 0x3F, 0xDF, 0xFF, 0xF3, 0xFF, 0xFE, 0x3F,
    0xFF, 0x81, 0xFF, 0xC0, 0x00, 0x00, 0x00, 0x78, 0x3D, 0xF8, 0xFF, 0xF1, 0xFF, 0xE3, 0xF7, 0x83,
    0xC0, 0x03, 0xFE, 0x00, 0x7F, 0xF8, 0x07, 0xE3, 0xF0, 0x78, 0x03, 0xC3, 0x80, 0x0E, 0x38, 0x7C,
    0x39, 0xC7, 0xF1, 0xDC, 0x7F, 0xCE, 0xE7, 0xDF, 0x37, 0x3C, 0x79, 0xB9, 0xE0, 0x0D, 0xCF, 0x00,
    0x6E, 0x78, 0x03, 0x73, 0xC0, 0x1B, 0x9E, 0x3C, 0xDC, 0xF1, 0xE6, 0xE3, 0xFE, 0x73, 0x9F, 0xF3,
    0x9C, 0x7F, 0x1C, 0xF0, 0x01, 0xC3, 0xC0, 0x1E, 0x0F, 0x83, 0xE0, 0x3F, 0xFE, 0x00, 0x7F, 0xC0,
    0x3F, 0x8F, 0xF9, 0xEF, 0x00, 0xF3, 0xFE, 0xFF, 0xFC, 0x7F, 0x0F, 0xF3, 0xEF, 0xFC, 0xFF, 0x80,
    0x01, 0xF8, 0xFC, 0x0F, 0xC7, 0xE0, 0x7E, 0x1F, 0x03, 0xF0, 0xFC, 0x0F, 0xC7, 0xE0, 0x7E, 0x3F,
    0x03, 0xF0, 0xF8, 0x0F, 0x87, 0xE0, 0x7E, 0x3F, 0x01, 0xF8, 0xFC, 0x07, 0xE1, 0xF8, 0x0F, 0xC7,
    0xE0, 0x1F, 0x8F, 0xC0, 0x3F, 0x1F, 0x80, 0xFC, 0x3F, 0x01, 0xF8, 0xFC, 0x03, 0xF1, 0xF8, 0x07,
    0xE3, 0xF0, 0x00, 0x00, 0xFF, 0xFF, 0xFF, 0xFF, 0xFF, 0xFF, 0xFF, 0xFF, 0x00, 0x1F, 0x00, 0x1F,
    0x00, 0x1F, 0x00, 0x1F, 0x00, 0x1F, 0x03, 0xFE, 0x00, 0x7F, 0xF8, 0x07, 0xE3, 0xF0, 0x78, 0x03,
    0xC3, 0x80, 0x0E, 0x38, 0x00, 0x39, 0xCF, 0xF1, 0xDC, 0x7F, 0xCE, 0xE3, 0x9E, 0x37, 0x1C, 0x79,
    0xB8, 0xE3, 0xCD, 0xC7, 0xFC, 0x6E, 0x3F, 0xE3, 0x71, 0xFE, 0x1B, 0x8E, 0xF0, 0xDC, 0x73, 0x86,
    0xE3, 0x9E, 0x73, 0x9C, 0x73, 0x9C, 0xE3, 0xDC, 0xF0, 0x01, 0xC3, 0xC0, 0x1E, 0x0F, 0x83, 0xE0,
    0x3F, 0xFE, 0x00, 0x7F, 0xC0, 0x00, 0x03, 0xFF, 0xFF, 0xFF, 0xFF, 0xFF, 0xFF, 0xFC, 0x1F, 0xC1,
    0xFF, 0x1F, 0xFD, 0xFB, 0xEF, 0x0F, 0xF8, 0x3F, 0xC1, 0xFE, 0x0F, 0xF8, 0xF3, 0xFF, 0x8F, 0xF8,
    0x3F, 0x80, 0x01, 0xF0, 0x00, 0x3E, 0x00, 0x07, 0xC0, 0x00, 0xF8, 0x00, 0x1F, 0x00, 0x03, 0xE0,
    0x00, 0x7C, 0x00, 0x0F, 0x80, 0xFF, 0xFF, 0xFF, 0xFF, 0xFF, 0xFF, 0xFF, 0xFF, 0xFF, 0xF0, 0x1F,
    0x00, 0x03, 0xE0, 0x00, 0x7C, 0x00, 0x0F, 0x80, 0x01, 0xF0, 0x00, 0x3E, 0x03, 0xFF, 0xFF, 0xFF,
    0xFF, 0xFF, 0xFF, 0xFF, 0xFF, 0xFF, 0xC0, 0x1F, 0xC1, 0xFF, 0x1F, 0xFD, 0xF3, 0xFF, 0x07, 0xF8,
    0x3C, 0x01, 0xE0, 0x1E, 0x01, 0xF0, 0x3F, 0x03, 0xF0, 0x3F, 0x03, 0xE0, 0x7E, 0x03, 0xFF, 0xFF,
    0xFF, 0xFF, 0xF8, 0xFF, 0xFF, 0xFF, 0xFF, 0xFE, 0x01, 0xE0, 0x3E, 0x03, 0xE0, 0x1F, 0x00, 0xFE,
    0x07, 0xF8, 0x03, 0xC0, 0x1F, 0xE0, 0xFF, 0x07, 0xFC, 0x7D, 0xFF, 0xCF, 0xFE, 0x1F, 0xC0, 0x1F,
    0x8F, 0xC3, 0xF1, 0xF8, 0xFC, 0x00, 0x7C, 0x07, 0xDF, 0x01, 0xF7, 0xC0, 0x7D, 0xF0, 0x1F, 0x7C,
    0x07, 0xDF, 0x01, 0xF7, 0xC0, 0x7D, 0xF0, 0x1F, 0x7C, 0x07, 0xDF, 0x01, 0xF7, 0xC0, 0x7D, 0xF0,
    0x1F, 0x7C, 0x07, 0xDF, 0x01, 0xF7, 0xC0, 0x7D, 0xF8, 0x3F, 0x7F, 0xFF, 0xDF, 0xFF, 0xF7, 0xFF,
    0xFD, 0xFF, 0xFF, 0x7D, 0xF7, 0xDF, 0x00, 0x07, 0xC0, 0x01, 0xF0, 0x00, 0x7C, 0x00, 0x1F, 0x00,
    0x07, 0xC0, 0x01, 0xF0, 0x00, 0x1F, 0xE3, 0xCF, 0xF8, 0xF7, 0xFE, 0x3F, 0xFF, 0x8F, 0xFF, 0xE3,
    0xFF, 0xF8, 0xFF, 0xFE, 0x3F, 0xFF, 0x8F, 0xFF, 0xE3, 0xFF, 0xF8, 0xFF, 0xFE, 0x3F, 0xFF, 0x8F,
    0xFF, 0xE3, 0xDF, 0xF8, 0xF3, 0xFE, 0x3C, 0x7F, 0x8F, 0x01, 0xE3, 0xC0, 0x78, 0xF0, 0x1E, 0x3C,
    0x07, 0x8F, 0x01, 0xE3, 0xC0, 0x78, 0xF0, 0x1E, 0x3C, 0x07, 0x8F, 0x01, 0xE3, 0xC0, 0x78, 0xF0,
    0x1E, 0x3C, 0x07, 0x8F, 0x01, 0xE3, 0xC0, 0x78, 0xF0, 0x1E, 0x3C, 0x07, 0x8F, 0x01, 0xE3, 0xC0,
    0x78, 0xF0, 0x3E, 0x7F, 0x7F, 0x7F, 0x7F, 0x7F, 0x3E, 0x38, 0x1E, 0x07, 0xE0, 0x7E, 0x07, 0x81,
    0xF7, 0xFB, 0xFE, 0xFF, 0x00, 0x0F, 0xC0, 0xFF, 0x07, 0xFC, 0x3F, 0xF0, 0xF3, 0xC3, 0x8F, 0x00,
    0x3C, 0x00, 0xF0, 0x03, 0xC0, 0x0F, 0x00, 0x3C, 0x00, 0xF0, 0x03, 0xC0, 0x0F, 0x0F, 0xFF, 0xFF,
    0xFF, 0xFF, 0xFC, 0x3F, 0x8F, 0xF9, 0xFF, 0x78, 0xEF, 0x1F, 0xE3, 0xFC, 0x7F, 0x8E, 0x7F, 0xCF,
    0xF8, 0xFE, 0x00, 0x7E, 0x3F, 0x00, 0xFC, 0x7E, 0x03, 0xF0, 0xFC, 0x07, 0xE3, 0xF0, 0x0F, 0xC7,
    0xE0, 0x1F, 0x0F, 0xC0, 0x7E, 0x1F, 0x80, 0xFC, 0x7E, 0x01, 0xF8, 0xFC, 0x07, 0xE3, 0xF0, 0x3F,
    0x1F, 0x81, 0xF8, 0x7E, 0x07, 0xE3, 0xF0, 0x3F, 0x1F, 0x81, 0xF8, 0xFC, 0x0F, 0xC3, 0xF0, 0x3F,
    0x1F, 0x81, 0xF8, 0xFC, 0x00, 0x07, 0xC0, 0x0F, 0x0F, 0xC0, 0x1F, 0x1F, 0xC0, 0x3E, 0x1F, 0xC0,
    0x7C, 0x1B, 0xC0, 0x7C, 0x13, 0xC0, 0xF8, 0x03, 0xC1, 0xF0, 0x03, 0xC1, 0xF0, 0x03, 0xC3, 0xE0,
    0x03, 0xC7, 0xC0, 0x3F, 0xFF, 0x80, 0x3F, 0xFF, 0x80, 0x3F, 0xFF, 0x00, 0x00, 0x1E, 0x00, 0x00,
    0x3E, 0x00, 0x00, 0x7C, 0x70, 0x00, 0x78, 0xF0, 0x00, 0xF9, 0xF0, 0x01, 0xF1, 0xE0, 0x03, 0xE3,
    0xC0, 0x03, 0xE7, 0xBC, 0x07, 0xCF, 0x3C, 0x0F, 0x8F, 0x3C, 0x0F, 0x0F, 0xFC, 0x1F, 0x0F, 0xFC,
    0x3E, 0x0F, 0xFC, 0x7C, 0x00, 0x3C, 0x7C, 0x00, 0x3C, 0x07, 0xC0, 0x0F, 0x0F, 0xC0, 0x1F, 0x1F,
    0xC0, 0x3E, 0x1F, 0xC0, 0x3C, 0x1F, 0xC0, 0x7C, 0x13, 0xC0, 0xF8, 0x03, 0xC0, 0xF0, 0x03, 0xC1,
    0xF0, 0x03, 0xC3, 0xE0, 0x03, 0xC3, 0xC0, 0x1F, 0xFF, 0x80, 0x3F, 0xFF, 0x80, 0x3F, 0xFF, 0x00,
    0x00, 0x1E, 0x00, 0x00, 0x3E, 0x00, 0x00, 0x7C, 0x40, 0x00, 0x7B, 0xF8, 0x00, 0xFF, 0xFC, 0x01,
    0xF7, 0x9E, 0x03, 0xE7, 0x1E, 0x03, 0xE0, 0x1E, 0x07, 0xC0, 0x1E, 0x0F, 0x80, 0x7C, 0x0F, 0x01,
    0xF8, 0x1F, 0x03, 0xE0, 0x3E, 0x07, 0xDE, 0x7C, 0x0F, 0xFE, 0x7C, 0x0F, 0xFE, 0x1F, 0xE0, 0x0F,
    0x3F, 0xF0, 0x1F, 0x3F, 0xF0, 0x3E, 0x01, 0xE0, 0x3E, 0x03, 0xC0, 0x7C, 0x07, 0xC0, 0xF8, 0x07,
    0xE0, 0xF0, 0x03, 0xF1, 0xF0, 0x00, 0xF3, 0xE0, 0x78, 0xF7, 0xC0, 0x3F, 0xF7, 0xC0, 0x3F, 0xEF,
    0x80, 0x1F, 0xDF, 0x00, 0x00, 0x1E, 0x00, 0x00, 0x3E, 0x00, 0x00, 0x7C, 0x70, 0x00, 0xF8, 0xF0,
    0x00, 0xF9, 0xE0, 0x01, 0xF1, 0xE0, 0x03, 0xE3, 0xC0, 0x03, 0xE7, 0xBC, 0x07, 0xCF, 0x3C, 0x0F,
    0x8F, 0x3C, 0x0F, 0x0F, 0xFC, 0x1F, 0x0F, 0xFC, 0x3E, 0x0F, 0xFC, 0x7C, 0x00, 0x3C, 0x7C, 0x00,
    0x3C, 0x00, 0xF8, 0x01, 0xFC, 0x01, 0xFC, 0x01, 0xFC, 0x00, 0xF8, 0x00, 0x00, 0x00, 0x00, 0x00,
    0x00, 0x00, 0x00, 0x00, 0xF8, 0x00, 0xF8, 0x00, 0xF8, 0x07, 0xF8, 0x1F, 0xF8, 0x3F, 0xF8, 0x3F,
    0xF8, 0x7F, 0x80, 0x7E, 0x00, 0x7C, 0x00, 0xFC, 0x00, 0xFC, 0x00, 0x7C, 0x00, 0x7E, 0x00, 0x7F,
    0x80, 0x3F, 0xFF, 0x1F, 0xFF, 0x0F, 0xFF, 0x07, 0xFF, 0x0F, 0xC0, 0x00, 0x3F, 0x00, 0x00, 0xFC,
    0x00, 0x03, 0xF0, 0x00, 0x0F, 0x80, 0x00, 0x00, 0x00, 0x00, 0x00, 0x00, 0x00, 0x00, 0x01, 0xFC,
    0x00, 0x0F, 0xE0, 0x00, 0xFF, 0x00, 0x07, 0xFC, 0x00, 0x3F, 0xE0, 0x01, 0xFF, 0x00, 0x1F, 0x7C,
    0x00, 0xFB, 0xE0, 0x07, 0xDF, 0x00, 0x7E, 0xF8, 0x03, 0xE3, 0xE0, 0x1F, 0x1F, 0x00, 0xF8, 0xF8,
    0x0F, 0xC7, 0xC0, 0x7C, 0x3F, 0x03, 0xE0, 0xF8, 0x1F, 0xFF, 0xC1, 0xFF, 0xFE, 0x0F, 0xFF, 0xF8,
    0x7F, 0xFF, 0xC3, 0xE0, 0x3E, 0x3F, 0x01, 0xF1, 0xF8, 0x0F, 0xCF, 0x80, 0x7E, 0x7C, 0x01, 0xF7,
    0xE0, 0x0F, 0xBF, 0x00, 0x7E, 0x00, 0x1F, 0x80, 0x01, 0xF8, 0x00, 0x1F, 0x80, 0x01, 0xF8, 0x00,
    0x1F, 0x80, 0x00, 0x00, 0x00, 0x00, 0x00, 0x00, 0x00, 0x00, 0x01, 0xFC, 0x00, 0x0F, 0xE0, 0x00,
    0xFF, 0x00, 0x07, 0xFC, 0x00, 0x3F, 0xE0, 0x01, 0xFF, 0x00, 0x1F, 0x7C, 0x00, 0xFB, 0xE0, 0x07,
    0xDF, 0x00, 0x7E, 0xF8, 0x03, 0xE3, 0xE0, 0x1F, 0x1F, 0x00, 0xF8, 0xF8, 0x0F, 0xC7, 0xC0, 0x7C,
    0x3F, 0x03, 0xE0, 0xF8, 0x1F, 0xFF, 0xC1, 0xFF, 0xFE, 0x0F, 0xFF, 0xF8, 0x7F, 0xFF, 0xC3, 0xE0,
    0x3E, 0x3F, 0x01, 0xF1, 0xF8, 0x0F, 0xCF, 0x80, 0x7E, 0x7C, 0x01, 0xF7, 0xE0, 0x0F, 0xBF, 0x00,
    0x7E, 0x00, 0xF8, 0x00, 0x0F, 0xE0, 0x00, 0xFF, 0x80, 0x0F, 0xFE, 0x00, 0xFD, 0xF8, 0x0F, 0xC7,
    0xE0, 0x00, 0x00, 0x00, 0x00, 0x00, 0x00, 0x00, 0x00, 0x0F, 0xE0, 0x00, 0x7F, 0x00, 0x07, 0xF8,
    0x00, 0x3F, 0xE0, 0x01, 0xFF, 0x00, 0x0F, 0xF8, 0x00, 0xFB, 0xE0, 0x07, 0xDF, 0x00, 0x3E, 0xF8,
    0x03, 0xF7, 0xC0, 0x1F, 0x1F, 0x00, 0xF8, 0xF8, 0x07, 0xC7, 0xC0, 0x7E, 0x3E, 0x03, 0xE1, 0xF8,
    0x1F, 0x07, 0xC0, 0xFF, 0xFE, 0x0F, 0xFF, 0xF0, 0x7F, 0xFF, 0xC3, 0xFF, 0xFE, 0x1F, 0x01, 0xF1,
    0xF8, 0x0F, 0x8F, 0xC0, 0x7E, 0x7C, 0x03, 0xF3, 0xE0, 0x0F, 0xBF, 0x00, 0x7D, 0xF8, 0x03, 0xF0,
    0x07, 0xE3, 0x80, 0x7F, 0xBC, 0x03, 0xFF, 0xE0, 0x1C, 0xFF, 0x01, 0xE3, 0xF0, 0x00, 0x00, 0x00,
    0x00, 0x00, 0x00, 0x00, 0x00, 0x01, 0xFC, 0x00, 0x0F, 0xE0, 0x00, 0xFF, 0x00, 0x07, 0xFC, 0x00,
    0x3F, 0xE0, 0x01, 0xFF, 0x00, 0x1F, 0x7C, 0x00, 0xFB, 0xE0, 0x07, 0xDF, 0x00, 0x7E, 0xF8, 0x03,
    0xE3, 0xE0, 0x1F, 0x1F, 0x00, 0xF8, 0xF8, 0x0F, 0xC7, 0xC0, 0x7C, 0x3F, 0x03, 0xE0, 0xF8, 0x1F,
    0xFF, 0xC1, 0xFF, 0xFE, 0x0F, 0xFF, 0xF8, 0x7F, 0xFF, 0xC3, 0xE0, 0x3E, 0x3F, 0x01, 0xF1, 0xF8,
    0x0F, 0xCF, 0x80, 0x7E, 0x7C, 0x01, 0xF7, 0xE0, 0x0F, 0xBF, 0x00, 0x7E, 0x0F, 0x07, 0x80, 0xFC,
    0x7E, 0x07, 0xE3, 0xF0, 0x3F, 0x1F, 0x80, 0xF0, 0x78, 0x00, 0x00, 0x00, 0x00, 0x00, 0x00, 0x00,
    0x00, 0x01, 0xFC, 0x00, 0x0F, 0xE0, 0x00, 0xFF, 0x00, 0x07, 0xFC, 0x00, 0x3F, 0xE0, 0x01, 0xFF,
    0x00, 0x1F, 0x7C, 0x00, 0xFB, 0xE0, 0x07, 0xDF, 0x00, 0x7E, 0xF8, 0x03, 0xE3, 0xE0, 0x1F, 0x1F,
    0x00, 0xF8, 0xF8, 0x0F, 0xC7, 0xC0, 0x7C, 0x3F, 0x03, 0xE0, 0xF8, 0x1F, 0xFF, 0xC1, 0xFF, 0xFE,
    0x0F, 0xFF, 0xF8, 0x7F, 0xFF, 0xC3, 0xE0, 0x3E, 0x3F, 0x01, 0xF1, 0xF8, 0x0F, 0xCF, 0x80, 0x7E,
    0x7C, 0x01, 0xF7, 0xE0, 0x0F, 0xBF, 0x00, 0x7E, 0x01, 0xFC, 0x00, 0x1F, 0xF0, 0x01, 0xFF, 0x80,
    0x0F, 0x1E, 0x00, 0x78, 0xF0, 0x03, 0xC7, 0x80, 0x1F, 0xF8, 0x00, 0x7F, 0xC0, 0x01, 0xFC, 0x00,
    0x00, 0x00, 0x00, 0x7F, 0x00, 0x03, 0xF8, 0x00, 0x3F, 0xC0, 0x01, 0xFF, 0x00, 0x0F, 0xF8, 0x00,
    0x7F, 0xC0, 0x07, 0xDF, 0x00, 0x3E, 0xF8, 0x01, 0xF7, 0xC0, 0x1F, 0xBE, 0x00, 0xF8, 0xF8, 0x07,
    0xC7, 0xC0, 0x3E, 0x3E, 0x03, 0xF1, 0xF0, 0x1F, 0x0F, 0xC0, 0xF8, 0x3E, 0x07, 0xFF, 0xF0, 0x7F,
    0xFF, 0x83, 0xFF, 0xFE, 0x1F, 0xFF, 0xF0, 0xF8, 0x0F, 0x8F, 0xC0, 0x7C, 0x7E, 0x03, 0xF3, 0xE0,
    0x1F, 0x9F, 0x00, 0x7D, 0xF8, 0x03, 0xEF, 0xC0, 0x1F, 0x80, 0x07, 0xFF, 0xFC, 0x1F, 0xFF, 0xF0,
    0x7F, 0xFF, 0xC1, 0xFF, 0xFF, 0x07, 0xDF, 0x00, 0x3E, 0x7C, 0x00, 0xF9, 0xF0, 0x03, 0xE7, 0xC0,
    0x0F, 0x9F, 0x00, 0x3E, 0x7C, 0x01, 0xF1, 0xF0, 0x07, 0xC7, 0xFE, 0x1F, 0x1F, 0xF8, 0x7C, 0x7F,
    0xE1, 0xF1, 0xFF, 0x8F, 0xC7, 0xC0, 0x3E, 0x1F, 0x00, 0xFF, 0xFC, 0x03, 0xFF, 0xF0, 0x0F, 0xFF,
    0xC0, 0x7E, 0x1F, 0x01, 0xF0, 0x7C, 0x07, 0xC1, 0xF0, 0x1F, 0x07, 0xFF, 0x7C, 0x1F, 0xFF, 0xF0,
    0x7F, 0xFF, 0xC1, 0xFF, 0xC0, 0x07, 0xFC, 0x01, 0xFF, 0xE0, 0xFF, 0xFE, 0x1F, 0xFF, 0xE7, 0xFF,
    0xFC, 0xFC, 0x0F, 0xDF, 0x01, 0xFB, 0xE0, 0x3F, 0x7C, 0x00, 0x0F, 0x80, 0x01, 0xF0, 0x00, 0x3E,
    0x00, 0x07, 0xC0, 0x00, 0xF8, 0x00, 0x1F, 0x00, 0x03, 0xE0, 0x00, 0x7C, 0x00, 0x0F, 0x80, 0x01,
    0xF0, 0x00, 0x3E, 0x03, 0xF7, 0xC0, 0x7E, 0xFC, 0x0F, 0xDF, 0xFF, 0xF1, 0xFF, 0xFE, 0x3F, 0xFF,
    0x83, 0xFF, 0xE0, 0x1F, 0xF0, 0x00, 0xE0, 0x00, 0x3F, 0x00, 0x07, 0xF8, 0x00, 0x0F, 0x80, 0x01,
    0xF0, 0x03, 0xFE, 0x00, 0xFF, 0x80, 0x1F, 0xE0, 0x00, 0x3F, 0x00, 0x0F, 0xC0, 0x03, 0xF0, 0x00,
    0xFC, 0x00, 0x3F, 0x00, 0x00, 0x00, 0x00, 0x00, 0x00, 0x00, 0xFF, 0xFF, 0xFF, 0xFF, 0xFF, 0xFF,
    0xFF, 0xFF, 0xFF, 0x80, 0x07, 0xC0, 0x03, 0xE0, 0x01, 0xF0, 0x00, 0xF8, 0x00, 0x7C, 0x00, 0x3E,
    0x00, 0x1F, 0xFF, 0xEF, 0xFF, 0xF7, 0xFF, 0xFB, 0xFF, 0xFD, 0xF0, 0x00, 0xF8, 0x00, 0x7C, 0x00,
    0x3E, 0x00, 0x1F, 0x00, 0x0F, 0x80, 0x07, 0xC0, 0x03, 0xE0, 0x01, 0xFF, 0xFF, 0xFF, 0xFF, 0xFF,
    0xFF, 0xFF, 0xFF, 0xE0, 0x00, 0x7E, 0x00, 0x7E, 0x00, 0x7E, 0x00, 0x3E, 0x00, 0x3E, 0x00, 0x00,
    0x00, 0x00, 0x00, 0x00, 0x00, 0xFF, 0xFF, 0xFF, 0xFF, 0xFF, 0xFF, 0xFF, 0xFF, 0xFF, 0x80, 0x07,
    0xC0, 0x03, 0xE0, 0x01, 0xF0, 0x00, 0xF8, 0x00, 0x7C, 0x00, 0x3E, 0x00, 0x1F, 0xFF, 0xEF, 0xFF,
    0xF7, 0xFF, 0xFB, 0xFF, 0xFD, 0xF0, 0x00, 0xF8, 0x00, 0x7C, 0x00, 0x3E, 0x00, 0x1F, 0x00, 0x0F,
    0x80, 0x07, 0xC0, 0x03, 0xE0, 0x01, 0xFF, 0xFF, 0xFF, 0xFF, 0xFF, 0xFF, 0xFF, 0xFF, 0xE0, 0x03,
    0xE0, 0x03, 0xF8, 0x03, 0xFE, 0x03, 0xFF, 0x83, 0xF7, 0xE3, 0xF0, 0xF8, 0x00, 0x00, 0x00, 0x00,
    0x00, 0x00, 0x7F, 0xFF, 0xFF, 0xFF, 0xFF, 0xFF, 0xFF, 0xFF, 0xFF, 0xC0, 0x03, 0xE0, 0x01, 0xF0,
    0x00, 0xF8, 0x00, 0x7C, 0x00, 0x3E, 0x00, 0x1F, 0x00, 0x0F, 0xFF, 0xF7, 0xFF, 0xFB, 0xFF, 0xFD,
    0xFF, 0xFE, 0xF8, 0x00, 0x7C, 0x00, 0x3E, 0x00, 0x1F, 0x00, 0x0F, 0x80, 0x07, 0xC0, 0x03, 0xE0,
    0x01, 0xF0, 0x00, 0xFF, 0xFF, 0xFF, 0xFF, 0xFF, 0xFF, 0xFF, 0xFF, 0xF0, 0x3C, 0x1E, 0x3F, 0x1F,
    0x9F, 0x8F, 0xCF, 0xC7, 0xE3, 0xC1, 0xE0, 0x00, 0x00, 0x00, 0x00, 0x00, 0x00, 0xFF, 0xFF, 0xFF,
    0xFF, 0xFF, 0xFF, 0xFF, 0xFF, 0xFF, 0x80, 0x07, 0xC0, 0x03, 0xE0, 0x01, 0xF0, 0x00, 0xF8, 0x00,
    0x7C, 0x00, 0x3E, 0x00, 0x1F, 0xFF, 0xEF, 0xFF, 0xF7, 0xFF, 0xFB, 0xFF, 0xFD, 0xF0, 0x00, 0xF8,
    0x00, 0x7C, 0x00, 0x3E, 0x00, 0x1F, 0x00, 0x0F, 0x80, 0x07, 0xC0, 0x03, 0xE0, 0x01, 0xFF, 0xFF,
    0xFF, 0xFF, 0xFF, 0xFF, 0xFF, 0xFF, 0xE0, 0x3F, 0x00, 0x0F, 0xC0, 0x03, 0xF0, 0x00, 0xFC, 0x00,
    0x3E, 0x00, 0x00, 0x00, 0x00, 0x00, 0x00, 0x00, 0xFF, 0xFF, 0xFF, 0xFF, 0xFF, 0xFF, 0xFF, 0xFF,
    0xF0, 0x3E, 0x00, 0x1F, 0x00, 0x0F, 0x80, 0x07, 0xC0, 0x03, 0xE0, 0x01, 0xF0, 0x00, 0xF8, 0x00,
    0x7C, 0x00, 0x3E, 0x00, 0x1F, 0x00, 0x0F, 0x80, 0x07, 0xC0, 0x03, 0xE0, 0x01, 0xF0, 0x00, 0xF8,
    0x00, 0x7C, 0x00, 0x3E, 0x00, 0x1F, 0x00, 0x0F, 0x81, 0xFF, 0xFF, 0xFF, 0xFF, 0xFF, 0xFF, 0xFF,
    0xFF, 0xE0, 0x00, 0x7E, 0x00, 0x7E, 0x00, 0x7E, 0x00, 0x7E, 0x00, 0x7E, 0x00, 0x00, 0x00, 0x00,
    0x00, 0x00, 0x00, 0xFF, 0xFF, 0xFF, 0xFF, 0xFF, 0xFF, 0xFF, 0xFF, 0xF0, 0x3E, 0x00, 0x1F, 0x00,
    0x0F, 0x80, 0x07, 0xC0, 0x03, 0xE0, 0x01, 0xF0, 0x00, 0xF8, 0x00, 0x7C, 0x00, 0x3E, 0x00, 0x1F,
    0x00, 0x0F, 0x80, 0x07, 0xC0, 0x03, 0xE0, 0x01, 0xF0, 0x00, 0xF8, 0x00, 0x7C, 0x00, 0x3E, 0x00,
    0x1F, 0x00, 0x0F, 0x81, 0xFF, 0xFF, 0xFF, 0xFF, 0xFF, 0xFF, 0xFF, 0xFF, 0xE0, 0x03, 0xE0, 0x03,
    0xF8, 0x03, 0xFE, 0x03, 0xFF, 0x83, 0xF7, 0xE3, 0xF1, 0xF8, 0x00, 0x00, 0x00, 0x00, 0x00, 0x00,
    0x7F, 0xFF, 0xFF, 0xFF, 0xFF, 0xFF, 0xFF, 0xFF, 0xF8, 0x1F, 0x00, 0x0F, 0x80, 0x07, 0xC0, 0x03,
    0xE0, 0x01, 0xF0, 0x00, 0xF8, 0x00, 0x7C, 0x00, 0x3E, 0x00, 0x1F, 0x00, 0x0F, 0x80, 0x07, 0xC0,
    0x03, 0xE0, 0x01, 0xF0, 0x00, 0xF8, 0x00, 0x7C, 0x00, 0x3E, 0x00, 0x1F, 0x00, 0x0F, 0x80, 0x07,
    0xC0, 0xFF, 0xFF, 0xFF, 0xFF, 0xFF, 0xFF, 0xFF, 0xFF, 0xF0, 0x3C, 0x1E, 0x3F, 0x1F, 0x9F, 0x8F,
    0xCF, 0xC7, 0xE3, 0xC1, 0xE0, 0x00, 0x00, 0x00, 0x00, 0x00, 0x00, 0xFF, 0xFF, 0xFF, 0xFF, 0xFF,
    0xFF, 0xFF, 0xFF, 0xF0, 0x3E, 0x00, 0x1F, 0x00, 0x0F, 0x80, 0x07, 0xC0, 0x03, 0xE0, 0x01, 0xF0,
    0x00, 0xF8, 0x00, 0x7C, 0x00, 0x3E, 0x00, 0x1F, 0x00, 0x0F, 0x80, 0x07, 0xC0, 0x03, 0xE0, 0x01,
    0xF0, 0x00, 0xF8, 0x00, 0x7C, 0x00, 0x3E, 0x00, 0x1F, 0x00, 0x0F, 0x81, 0xFF, 0xFF, 0xFF, 0xFF,
    0xFF, 0xFF, 0xFF, 0xFF, 0xE0, 0x3F, 0xFF, 0x01, 0xFF, 0xFC, 0x0F, 0xFF, 0xF0, 0x7F, 0xFF, 0xC3,
    0xF1, 0xFF, 0x1F, 0x81, 0xF8, 0xFC, 0x07, 0xC7, 0xE0, 0x3F, 0x3F, 0x01, 0xF9, 0xF8, 0x0F, 0xCF,
    0xC0, 0x7E, 0x7E, 0x03, 0xFF, 0xFE, 0x1F, 0xFF, 0xF0, 0xFF, 0xFF, 0x87, 0xE7, 0xE0, 0x3F, 0x3F,
    0x01, 0xF9, 0xF8, 0x0F, 0xCF, 0xC0, 0x7E, 0x7E, 0x03, 0xF3, 0xF0, 0x1F, 0x1F, 0x81, 0xF8, 0xFC,
    0x3F, 0xC7, 0xFF, 0xFC, 0x3F, 0xFF, 0xC1, 0xFF, 0xFC, 0x0F, 0xFF, 0xC0, 0x0F, 0xC7, 0x03, 0xFD,
    0xE0, 0x7F, 0xFC, 0x0E, 0x7F, 0x83, 0xC7, 0xE0, 0x00, 0x00, 0x00, 0x00, 0x00, 0x00, 0x00, 0xFE,
    0x07, 0xDF, 0xC0, 0xFB, 0xFC, 0x1F, 0x7F, 0x83, 0xEF, 0xF8, 0x7D, 0xFF, 0x0F, 0xBF, 0xE1, 0xF7,
    0xFE, 0x3E, 0xFF, 0xC7, 0xDF, 0x78, 0xFB, 0xEF, 0x9F, 0x7D, 0xF3, 0xEF, 0x9E, 0x7D, 0xF3, 0xEF,
    0xBE, 0x7D, 0xF7, 0xC7, 0xBE, 0xF8, 0xFF, 0xDF, 0x0F, 0x7B, 0xE1, 0xEF, 0x7C, 0x3F, 0xEF, 0x83,
    0xFD, 0xF0, 0x7F, 0xBE, 0x0F, 0xF7, 0xC0, 0xFE, 0xF8, 0x1F, 0xDF, 0x03, 0xFB, 0xE0, 0x3F, 0x00,
    0x1F, 0x80, 0x01, 0xF8, 0x00, 0x1F, 0x80, 0x01, 0xF8, 0x00, 0x1F, 0x00, 0x00, 0x00, 0x00, 0x00,
    0x00, 0x00, 0x00, 0x07, 0xFC, 0x03, 0xFF, 0xC0, 0xFF, 0xFC, 0x1F, 0xFF, 0xC7, 0xFF, 0xFC, 0xFC,
    0x1F, 0x9F, 0x01, 0xF7, 0xE0, 0x3E, 0xFC, 0x07, 0xDF, 0x80, 0xFB, 0xF0, 0x1F, 0x7E, 0x03, 0xEF,
    0xC0, 0x7D, 0xF8, 0x0F, 0xBF, 0x01, 0xF7, 0xE0, 0x3E, 0xFC, 0x07, 0xDF, 0x80, 0xFB, 0xF0, 0x1F,
    0x7E, 0x03, 0xE7, 0xC0, 0x7C, 0xFC, 0x1F, 0x9F, 0xFF, 0xF1, 0xFF, 0xFC, 0x3F, 0xFF, 0x03, 0xFF,
    0xC0, 0x1F, 0xF0, 0x00, 0x00, 0x3F, 0x00, 0x0F, 0xC0, 0x03, 0xF0, 0x00, 0xFC, 0x00, 0x3F, 0x00,
    0x00, 0x00, 0x00, 0x00, 0x00, 0x00, 0x00, 0x07, 0xFC, 0x03, 0xFF, 0xC0, 0xFF, 0xFC, 0x1F, 0xFF,
    0xC7, 0xFF, 0xFC, 0xFC, 0x1F, 0x9F, 0x01, 0xF7, 0xE0, 0x3E, 0xFC, 0x07, 0xDF, 0x80, 0xFB, 0xF0,
    0x1F, 0x7E, 0x03, 0xEF, 0xC0, 0x7D, 0xF8, 0x0F, 0xBF, 0x01, 0xF7, 0xE0, 0x3E, 0xFC, 0x07, 0xDF,
    0x80, 0xFB, 0xF0, 0x1F, 0x7E, 0x03, 0xE7, 0xC0, 0x7C, 0xFC, 0x1F, 0x9F, 0xFF, 0xF1, 0xFF, 0xFC,
    0x3F, 0xFF, 0x03, 0xFF, 0xC0, 0x1F, 0xF0, 0x00, 0x01, 0xF0, 0x00, 0x7F, 0x00, 0x1F, 0xF0, 0x07,
    0xFF, 0x01, 0xFB, 0xF0, 0x7E, 0x3F, 0x00, 0x00, 0x00, 0x00, 0x00, 0x00, 0x00, 0x00, 0xFF, 0x80,
    0x7F, 0xF8, 0x1F, 0xFF, 0x83, 0xFF, 0xF8, 0xFF, 0xFF, 0x9F, 0x83, 0xF3, 0xE0, 0x3E, 0xFC, 0x07,
    0xDF, 0x80, 0xFB, 0xF0, 0x1F, 0x7E, 0x03, 0xEF, 0xC0, 0x7D, 0xF8, 0x0F, 0xBF, 0x01, 0xF7, 0xE0,
    0x3E, 0xFC, 0x07, 0xDF, 0x80, 0xFB, 0xF0, 0x1F, 0x7E, 0x03, 0xEF, 0xC0, 0x7C, 0xF8, 0x0F, 0x9F,
    0x83, 0xF3, 0xFF, 0xFE, 0x3F, 0xFF, 0x87, 0xFF, 0xE0, 0x7F, 0xF8, 0x03, 0xFE, 0x00, 0x0F, 0xC7,
    0x03, 0xFD, 0xE0, 0x7F, 0xFC, 0x0E, 0x7F, 0x83, 0xC7, 0xE0, 0x00, 0x00, 0x00, 0x00, 0x00, 0x00,
    0x00, 0x07, 0xFC, 0x03, 0xFF, 0xC0, 0xFF, 0xFC, 0x1F, 0xFF, 0xC7, 0xFF, 0xFC, 0xFC, 0x1F, 0x9F,
    0x01, 0xF7, 0xE0, 0x3E, 0xFC, 0x07, 0xDF, 0x80, 0xFB, 0xF0, 0x1F, 0x7E, 0x03, 0xEF, 0xC0, 0x7D,
    0xF8, 0x0F, 0xBF, 0x01, 0xF7, 0xE0, 0x3E, 0xFC, 0x07, 0xDF, 0x80, 0xFB, 0xF0, 0x1F, 0x7E, 0x03,
    0xE7, 0xC0, 0x7C, 0xFC, 0x1F, 0x9F, 0xFF, 0xF1, 0xFF, 0xFC, 0x3F, 0xFF, 0x03, 0xFF, 0xC0, 0x1F,
    0xF0, 0x00, 0x1E, 0x0F, 0x07, 0xE3, 0xF0, 0xFC, 0x7E, 0x1F, 0x8F, 0xC1, 0xE0, 0xF0, 0x00, 0x00,
    0x00, 0x00, 0x00, 0x00, 0x00, 0x07, 0xFC, 0x03, 0xFF, 0xC0, 0xFF, 0xFC, 0x1F, 0xFF, 0xC7, 0xFF,
    0xFC, 0xFC, 0x1F, 0x9F, 0x01, 0xF7, 0xE0, 0x3E, 0xFC, 0x07, 0xDF, 0x80, 0xFB, 0xF0, 0x1F, 0x7E,
    0x03, 0xEF, 0xC0, 0x7D, 0xF8, 0x0F, 0xBF, 0x01, 0xF7, 0xE0, 0x3E, 0xFC, 0x07, 0xDF, 0x80, 0xFB,
    0xF0, 0x1F, 0x7E, 0x03, 0xE7, 0xC0, 0x7C, 0xFC, 0x1F, 0x9F, 0xFF, 0xF1, 0xFF, 0xFC, 0x3F, 0xFF,
    0x03, 0xFF, 0xC0, 0x1F, 0xF0, 0x00, 0x10, 0x04, 0x1C, 0x07, 0x1F, 0x07, 0xDF, 0xC7, 0xF7, 0xF7,
    0xF1, 0xFF, 0xF0, 0x7F, 0xF0, 0x1F, 0xF0, 0x07, 0xF0, 0x07, 0xFC, 0x07, 0xFF, 0x07, 0xFF, 0xC7,
    0xF7, 0xF7, 0xF1, 0xFD, 0xF0, 0x7C, 0x70, 0x1C, 0x10, 0x04, 0x00, 0x00, 0x00, 0x3C, 0x00, 0x01,
    0xF0, 0x1F, 0xF7, 0x81, 0xFF, 0xFE, 0x0F, 0xFF, 0xF8, 0x3F, 0xFF, 0xC1, 0xFE, 0xFF, 0x07, 0xE0,
    0xFC, 0x3F, 0x03, 0xF0, 0xFC, 0x1F, 0xC3, 0xF0, 0xFF, 0x0F, 0xC3, 0xFC, 0x3F, 0x1F, 0xF0, 0xFC,
    0x7F, 0xC3, 0xF3, 0xFF, 0x0F, 0xDF, 0x7C, 0x3F, 0x79, 0xF0, 0xFF, 0xE7, 0xC3, 0xFF, 0x1F, 0x0F,
    0xFC, 0x7C, 0x3F, 0xE1, 0xF0, 0xFF, 0x07, 0xC3, 0xFC, 0x1F, 0x07, 0xE0, 0xFC, 0x1F, 0xFF, 0xF0,
    0x7F, 0xFF, 0x81, 0xFF, 0xFE, 0x0F, 0xFF, 0xF0, 0x7D, 0xFF, 0x01, 0xF0, 0x00, 0x00, 0x1F, 0x80,
    0x01, 0xF8, 0x00, 0x1F, 0x80, 0x01, 0xF8, 0x00, 0x1F, 0x00, 0x00, 0x00, 0x00, 0x00, 0x00, 0x00,
    0x00, 0xFC, 0x07, 0xDF, 0x80, 0xFB, 0xF0, 0x1F, 0x7E, 0x03, 0xEF, 0xC0, 0x7D, 0xF8, 0x0F, 0xBF,
    0x01, 0xF7, 0xE0, 0x3E, 0xFC, 0x07, 0xDF, 0x80, 0xFB, 0xF0, 0x1F, 0x7E, 0x03, 0xEF, 0xC0, 0x7D,
    0xF8, 0x0F, 0xBF, 0x01, 0xF7, 0xE0, 0x3E, 0xFC, 0x07, 0xDF, 0x80, 0xFB, 0xF0, 0x1F, 0x7E, 0x03,
    0xEF, 0xC0, 0x7C, 0xFC, 0x1F, 0x9F, 0xEF, 0xF1, 0xFF, 0xFC, 0x3F, 0xFF, 0x83, 0xFF, 0xE0, 0x1F,
    0xF0, 0x00, 0x00, 0x3F, 0x00, 0x0F, 0xC0, 0x03, 0xF0, 0x00, 0xFC, 0x00, 0x3F, 0x00, 0x00, 0x00,
    0x00, 0x00, 0x00, 0x00, 0x00, 0xFC, 0x07, 0xDF, 0x80, 0xFB, 0xF0, 0x1F, 0x7E, 0x03, 0xEF, 0xC0,
    0x7D, 0xF8, 0x0F, 0xBF, 0x01, 0xF7, 0xE0, 0x3E, 0xFC, 0x07, 0xDF, 0x80, 0xFB, 0xF0, 0x1F, 0x7E,
    0x03, 0xEF, 0xC0, 0x7D, 0xF8, 0x0F, 0xBF, 0x01, 0xF7, 0xE0, 0x3E, 0xFC, 0x07, 0xDF, 0x80, 0xFB,
    0xF0, 0x1F, 0x7E, 0x03, 0xEF, 0xC0, 0x7C, 0xFC, 0x1F, 0x9F, 0xEF, 0xF1, 0xFF, 0xFC, 0x3F, 0xFF,
    0x83, 0xFF, 0xE0, 0x1F, 0xF0, 0x00, 0x01, 0xF0, 0x00, 0x7F, 0x00, 0x1F, 0xF0, 0x07, 0xFF, 0x01,
    0xFB, 0xF0, 0x7E, 0x3F, 0x00, 0x00, 0x00, 0x00, 0x00, 0x00, 0x00, 0x1F, 0x80, 0xFB, 0xF0, 0x1F,
    0x7E, 0x03, 0xEF, 0xC0, 0x7D, 0xF8, 0x0F, 0xBF, 0x01, 0xF7, 0xE0, 0x3E, 0xFC, 0x07, 0xDF, 0x80,
    0xFB, 0xF0, 0x1F, 0x7E, 0x03, 0xEF, 0xC0, 0x7D, 0xF8, 0x0F, 0xBF, 0x01, 0xF7, 0xE0, 0x3E, 0xFC,
    0x07, 0xDF, 0x80, 0xFB, 0xF0, 0x1F, 0x7E, 0x03, 0xEF, 0xC0, 0x7D, 0xF8, 0x0F, 0x9F, 0x83, 0xF3,
    0xFD, 0xFE, 0x3F, 0xFF, 0x87, 0xFF, 0xF0, 0x7F, 0xFC, 0x03, 0xFE, 0x00, 0x1E, 0x0F, 0x07, 0xE3,
    0xF0, 0xFC, 0x7E, 0x1F, 0x8F, 0xC1, 0xE0, 0xF0, 0x00, 0x00, 0x00, 0x00, 0x00, 0x00, 0x00, 0xFC,
    0x07, 0xDF, 0x80, 0xFB, 0xF0, 0x1F, 0x7E, 0x03, 0xEF, 0xC0, 0x7D, 0xF8, 0x0F, 0xBF, 0x01, 0xF7,
    0xE0, 0x3E, 0xFC, 0x07, 0xDF, 0x80, 0xFB, 0xF0, 0x1F, 0x7E, 0x03, 0xEF, 0xC0, 0x7D, 0xF8, 0x0F,
    0xBF, 0x01, 0xF7, 0xE0, 0x3E, 0xFC, 0x07, 0xDF, 0x80, 0xFB, 0xF0, 0x1F, 0x7E, 0x03, 0xEF, 0xC0,
    0x7C, 0xFC, 0x1F, 0x9F, 0xEF, 0xF1, 0xFF, 0xFC, 0x3F, 0xFF, 0x83, 0xFF, 0xE0, 0x1F, 0xF0, 0x00,
    0x00, 0x0F, 0xC0, 0x00, 0x7E, 0x00, 0x03, 0xF0, 0x00, 0x1F, 0x80, 0x00, 0xFC, 0x00, 0x00, 0x00,
    0x00, 0x00, 0x00, 0x00, 0x00, 0x00, 0x7E, 0x00, 0xFD, 0xF8, 0x03, 0xF3, 0xE0, 0x1F, 0x8F, 0xC0,
    0x7E, 0x1F, 0x01, 0xF0, 0x7E, 0x0F, 0xC0, 0xF8, 0x3E, 0x03, 0xF1, 0xF8, 0x0F, 0xC7, 0xC0, 0x1F,
    0xBF, 0x00, 0x7E, 0xF8, 0x00, 0xFB, 0xE0, 0x03, 0xFF, 0x00, 0x07, 0xFC, 0x00, 0x1F, 0xE0, 0x00,
    0x3F, 0x80, 0x00, 0xFE, 0x00, 0x01, 0xF0, 0x00, 0x07, 0xC0, 0x00, 0x1F, 0x00, 0x00, 0x7C, 0x00,
    0x01, 0xF0, 0x00, 0x07, 0xC0, 0x00, 0x1F, 0x00, 0x00, 0x7C, 0x00, 0x01, 0xF0, 0x00, 0x07, 0xC0,
    0x00, 0x7C, 0x00, 0x07, 0xC0, 0x00, 0x7C, 0x00, 0x07, 0xC0, 0x00, 0x7C, 0x00, 0x07, 0xFF, 0xE0,
    0x7F, 0xFF, 0x87, 0xFF, 0xFC, 0x7F, 0xFF, 0xE7, 0xC1, 0xFE, 0x7C, 0x07, 0xE7, 0xC0, 0x3F, 0x7C,
    0x03, 0xF7, 0xC0, 0x3F, 0x7C, 0x03, 0xF7, 0xC0, 0x7E, 0x7C, 0x1F, 0xE7, 0xFF, 0xFE, 0x7F, 0xFF,
    0xC7, 0xFF, 0xF8, 0x7F, 0xFE, 0x07, 0xC0, 0x00, 0x7C, 0x00, 0x07, 0xC0, 0x00, 0x7C, 0x00, 0x07,
    0xC0, 0x00, 0x7C, 0x00, 0x00, 0x07, 0xFC, 0x01, 0xFF, 0xE0, 0xFF, 0xFE, 0x1F, 0xFF, 0xE7, 0xFB,
    0xFC, 0xFC, 0x1F, 0x9F, 0x01, 0xFF, 0xE0, 0x3F, 0xFC, 0x07, 0xDF, 0x81, 0xFB, 0xF0, 0xFE, 0x7E,
    0x7F, 0xCF, 0xCF, 0xE1, 0xF9, 0xFE, 0x3F, 0x3F, 0xF7, 0xE0, 0xFE, 0xFC, 0x07, 0xFF, 0x80, 0x7F,
    0xF0, 0x0F, 0xFE, 0x01, 0xFF, 0xC0, 0x7F, 0xF8, 0x0F, 0xFF, 0x0F, 0xFF, 0xE7, 0xFE, 0xFC, 0xFF,
    0x9F, 0x9F, 0xE3, 0xF3, 0xF0, 0x00, 0x1F, 0x80, 0x03, 0xF0, 0x00, 0x7E, 0x00, 0x0F, 0xC0, 0x01,
    0xF8, 0x00, 0x00, 0x00, 0x00, 0x00, 0x00, 0x00, 0x07, 0xFC, 0x07, 0xFF, 0xC3, 0xFF, 0xF8, 0xFF,
    0xFE, 0x7F, 0xBF, 0xDF, 0x03, 0xF7, 0x80, 0x7C, 0x00, 0x1F, 0x0F, 0xFF, 0xCF, 0xFF, 0xF7, 0xFF,
    0xFD, 0xF8, 0x1F, 0xFC, 0x07, 0xFE, 0x01, 0xFF, 0x80, 0x7F, 0xF0, 0x3F, 0xFF, 0xFF, 0xFF, 0xFF,
    0xF7, 0xFF, 0xFC, 0xFF, 0xDF, 0x1F, 0xE7, 0xC0, 0x00, 0x3F, 0x00, 0x1F, 0x80, 0x0F, 0xC0, 0x07,
    0xE0, 0x01, 0xF0, 0x00, 0x00, 0x00, 0x00, 0x00, 0x00, 0x00, 0x07, 0xFC, 0x07, 0xFF, 0xC3, 0xFF,
    0xF8, 0xFF, 0xFE, 0x7F, 0xBF, 0xDF, 0x03, 0xF7, 0x80, 0x7C, 0x00, 0x1F, 0x0F, 0xFF, 0xCF, 0xFF,
    0xF7, 0xFF, 0xFD, 0xF8, 0x1F, 0xFC, 0x07, 0xFE, 0x01, 0xFF, 0x80, 0x7F, 0xF0, 0x3F, 0xFF, 0xFF,
    0xFF, 0xFF, 0xF7, 0xFF, 0xFC, 0xFF, 0xDF, 0x1F, 0xE7, 0xC0, 0x03, 0xF8, 0x01, 0xFF, 0x00, 0xFF,
    0xE0, 0x7E, 0xFC, 0x3F, 0x1F, 0x80, 0x00, 0x00, 0x00, 0x00, 0x00, 0x00, 0x07, 0xFC, 0x07, 0xFF,
    0xC3, 0xFF, 0xF8, 0xFF, 0xFE, 0x7F, 0xBF, 0xDF, 0x03, 0xF7, 0x80, 0x7C, 0x00, 0x1F, 0x0F, 0xFF,
    0xCF, 0xFF, 0xF7, 0xFF, 0xFD, 0xF8, 0x1F, 0xFC, 0x07, 0xFE, 0x01, 0xFF, 0x80, 0x7F, 0xF0, 0x3F,
    0xFF, 0xFF, 0xFF, 0xFF, 0xF7, 0xFF, 0xFC, 0xFF, 0xDF, 0x1F, 0xE7, 0xC0, 0x0F, 0xC7, 0x87, 0xF9,
    0xC1, 0xFF, 0xF0, 0x7B, 0xFC, 0x1C, 0x7E, 0x00, 0x00, 0x00, 0x00, 0x00, 0x00, 0x00, 0x07, 0xFC,
    0x07, 0xFF, 0xC3, 0xFF, 0xF8, 0xFF, 0xFE, 0x7F, 0xBF, 0xDF, 0x03, 0xF7, 0x80, 0x7C, 0x00, 0x1F,
    0x0F, 0xFF, 0xCF, 0xFF, 0xF7, 0xFF, 0xFD, 0xF8, 0x1F, 0xFC, 0x07, 0xFE, 0x01, 0xFF, 0x80, 0x7F,
    0xF0, 0x3F, 0xFF, 0xFF, 0xFF, 0xFF, 0xF7, 0xFF, 0xFC, 0xFF, 0xDF, 0x1F, 0xE7, 0xC0, 0x1E, 0x0F,
    0x0F, 0xC7, 0xE3, 0xF1, 0xF8, 0xFC, 0x7E, 0x1E, 0x0F, 0x00, 0x00, 0x00, 0x00, 0x00, 0x00, 0x00,
    0x07, 0xFC, 0x07, 0xFF, 0xC3, 0xFF, 0xF8, 0xFF, 0xFE, 0x7F, 0xBF, 0xDF, 0x03, 0xF7, 0x80, 0x7C,
    0x00, 0x1F, 0x0F, 0xFF, 0xCF, 0xFF, 0xF7, 0xFF, 0xFD, 0xF8, 0x1F, 0xFC, 0x07, 0xFE, 0x01, 0xFF,
    0x80, 0x7F, 0xF0, 0x3F, 0xFF, 0xFF, 0xFF, 0xFF, 0xF7, 0xFF, 0xFC, 0xFF, 0xDF, 0x1F, 0xE7, 0xC0,
    0x03, 0xF8, 0x01, 0xFF, 0x00, 0x7F, 0xE0, 0x3C, 0x78, 0x0F, 0x1E, 0x03, 0xC7, 0x80, 0x7F, 0xE0,
    0x1F, 0xF0, 0x03, 0xF8, 0x00, 0x00, 0x00, 0x00, 0x00, 0x1F, 0xF0, 0x1F, 0xFF, 0x0F, 0xFF, 0xE3,
    0xFF, 0xF9, 0xFE, 0xFF, 0x7C, 0x0F, 0xDE, 0x01, 0xF0, 0x00, 0x7C, 0x3F, 0xFF, 0x3F, 0xFF, 0xDF,
    0xFF, 0xF7, 0xE0, 0x7F, 0xF0, 0x1F, 0xF8, 0x07, 0xFE, 0x01, 0xFF, 0xC0, 0xFF, 0xFF, 0xFF, 0xFF,
    0xFF, 0xDF, 0xFF, 0xF3, 0xFF, 0x7C, 0x7F, 0x9F, 0x1F, 0x8F, 0xC1, 0xFE, 0xFF, 0x1F, 0xFF, 0xFD,
    0xFB, 0xFB, 0xFF, 0x8F, 0x8F, 0xFC, 0x7C, 0x7C, 0x03, 0xE3, 0xE0, 0x1F, 0x1F, 0x1F, 0xFF, 0xF9,
    0xFF, 0xFF, 0xDF, 0xFF, 0xFF, 0xF9, 0xF0, 0x0F, 0x8F, 0x80, 0x7C, 0x7C, 0x03, 0xC3, 0xE0, 0x1F,
    0x1F, 0x1F, 0xF8, 0xF8, 0xFF, 0xEF, 0xEF, 0xDF, 0xFF, 0xFC, 0xFF, 0xBF, 0xC1, 0xF8, 0xFC, 0x00,
    0x07, 0xFC, 0x01, 0xFF, 0xE0, 0x7F, 0xFE, 0x1F, 0xFF, 0xE7, 0xFF, 0xFC, 0xFC, 0x0F, 0xDF, 0x01,
    0xFF, 0xE0, 0x1F, 0xFC, 0x00, 0x1F, 0x80, 0x03, 0xF0, 0x00, 0x7E, 0x00, 0x0F, 0xC0, 0x00, 0xF8,
    0x07, 0xDF, 0x01, 0xFB, 0xF0, 0x3F, 0x7F, 0xBF, 0xC7, 0xFF, 0xF8, 0xFF, 0xFE, 0x07, 0xFF, 0x80,
    0x7F, 0xC0, 0x03, 0x80, 0x00, 0xFC, 0x00, 0x1F, 0xE0, 0x00, 0x3C, 0x00, 0x07, 0xC0, 0x0F, 0xF8,
    0x03, 0xFE, 0x00, 0x7F, 0x80, 0x1F, 0x80, 0x01, 0xF8, 0x00, 0x1F, 0x80, 0x01, 0xF8, 0x00, 0x1F,
    0x00, 0x00, 0x00, 0x00, 0x00, 0x00, 0x00, 0x00, 0x07, 0xFC, 0x03, 0xFF, 0xE0, 0xFF, 0xFE, 0x1F,
    0xFF, 0xC7, 0xFB, 0xFC, 0xF8, 0x0F, 0xBF, 0x01, 0xF7, 0xE0, 0x3F, 0xFF, 0xFF, 0xFF, 0xFF, 0xFF,
    0xFF, 0xFF, 0xFE, 0x00, 0x0F, 0xC0, 0x01, 0xF8, 0x00, 0x3F, 0x01, 0xF3, 0xF0, 0x7E, 0x7F, 0xBF,
    0xC7, 0xFF, 0xF0, 0xFF, 0xFE, 0x0F, 0xFF, 0x00, 0x7F, 0xC0, 0x00, 0x3F, 0x00, 0x0F, 0xC0, 0x03,
    0xF0, 0x00, 0xFC, 0x00, 0x3F, 0x00, 0x00, 0x00, 0x00, 0x00, 0x00, 0x00, 0x00, 0x07, 0xFC, 0x03,
    0xFF, 0xE0, 0xFF, 0xFE, 0x1F, 0xFF, 0xC7, 0xFB, 0xFC, 0xF8, 0x0F, 0xBF, 0x01, 0xF7, 0xE0, 0x3F,
    0xFF, 0xFF, 0xFF, 0xFF, 0xFF, 0xFF, 0xFF, 0xFE, 0x00, 0x0F, 0xC0, 0x01, 0xF8, 0x00, 0x3F, 0x01,
    0xF3, 0xF0, 0x7E, 0x7F, 0xBF, 0xC7, 0xFF, 0xF0, 0xFF, 0xFE, 0x0F, 0xFF, 0x00, 0x7F, 0xC0, 0x03,
    0xF8, 0x00, 0xFF, 0x80, 0x3F, 0xF8, 0x0F, 0xDF, 0x83, 0xF1, 0xF8, 0x00, 0x00, 0x00, 0x00, 0x00,
    0x00, 0x00, 0x07, 0xFC, 0x03, 0xFF, 0xE0, 0xFF, 0xFE, 0x1F, 0xFF, 0xC7, 0xFB, 0xFC, 0xF8, 0x0F,
    0xBF, 0x01, 0xF7, 0xE0, 0x3F, 0xFF, 0xFF, 0xFF, 0xFF, 0xFF, 0xFF, 0xFF, 0xFE, 0x00, 0x0F, 0xC0,
    0x01, 0xF8, 0x00, 0x3F, 0x01, 0xF3, 0xF0, 0x7E, 0x7F, 0xBF, 0xC7, 0xFF, 0xF0, 0xFF, 0xFE, 0x0F,
    0xFF, 0x00, 0x7F, 0xC0, 0x1E, 0x0F, 0x07, 0xE3, 0xF0, 0xFC, 0x7E, 0x1F, 0x8F, 0xC1, 0xE0, 0xF0,
    0x00, 0x00, 0x00, 0x00, 0x00, 0x00, 0x00, 0x07, 0xFC, 0x03, 0xFF, 0xE0, 0xFF, 0xFE, 0x1F, 0xFF,
    0xC7, 0xFB, 0xFC, 0xF8, 0x0F, 0xBF, 0x01, 0xF7, 0xE0, 0x3F, 0xFF, 0xFF, 0xFF, 0xFF, 0xFF, 0xFF,
    0xFF, 0xFE, 0x00, 0x0F, 0xC0, 0x01, 0xF8, 0x00, 0x3F, 0x01, 0xF3, 0xF0, 0x7E, 0x7F, 0xBF, 0xC7,
    0xFF, 0xF0, 0xFF, 0xFE, 0x0F, 0xFF, 0x00, 0x7F, 0xC0, 0x0F, 0xC0, 0x00, 0x7E, 0x00, 0x07, 0xE0,
    0x00, 0x3F, 0x00, 0x01, 0xF8, 0x00, 0x00, 0x00, 0x00, 0x00, 0x00, 0x00, 0x00, 0x7F, 0xF8, 0x07,
    0xFF, 0x80, 0x7F, 0xF8, 0x07, 0xFF, 0x80, 0x00, 0xF8, 0x00, 0x0F, 0x80, 0x00, 0xF8, 0x00, 0x0F,
    0x80, 0x00, 0xF8, 0x00, 0x0F, 0x80, 0x00, 0xF8, 0x00, 0x0F, 0x80, 0x00, 0xF8, 0x00, 0x0F, 0x80,
    0x00, 0xF8, 0x00, 0x0F, 0x80, 0x00, 0xF8, 0x07, 0xFF, 0xFF, 0x7F, 0xFF, 0xF7, 0xFF, 0xFF, 0x7F,
    0xFF, 0xF0, 0x00, 0x3F, 0x00, 0x03, 0xE0, 0x00, 0x7E, 0x00, 0x0F, 0xC0, 0x01, 0xF8, 0x00, 0x00,
    0x00, 0x00, 0x00, 0x00, 0x00, 0x00, 0x7F, 0xF8, 0x07, 0xFF, 0x80, 0x7F, 0xF8, 0x07, 0xFF, 0x80,
    0x00, 0xF8, 0x00, 0x0F, 0x80, 0x00, 0xF8, 0x00, 0x0F, 0x80, 0x00, 0xF8, 0x00, 0x0F, 0x80, 0x00,
    0xF8, 0x00, 0x0F, 0x80, 0x00, 0xF8, 0x00, 0x0F, 0x80, 0x00, 0xF8, 0x00, 0x0F, 0x80, 0x00, 0xF8,
    0x07, 0xFF, 0xFF, 0x7F, 0xFF, 0xF7, 0xFF, 0xFF, 0x7F, 0xFF, 0xF0, 0x01, 0xF8, 0x00, 0x3F, 0xC0,
    0x07, 0xFE, 0x00, 0xF9, 0xF0, 0x1F, 0x0F, 0x80, 0x00, 0x00, 0x00, 0x00, 0x00, 0x00, 0x00, 0x7F,
    0xF8, 0x07, 0xFF, 0x80, 0x7F, 0xF8, 0x07, 0xFF, 0x80, 0x00, 0xF8, 0x00, 0x0F, 0x80, 0x00, 0xF8,
    0x00, 0x0F, 0x80, 0x00, 0xF8, 0x00, 0x0F, 0x80, 0x00, 0xF8, 0x00, 0x0F, 0x80, 0x00, 0xF8, 0x00,
    0x0F, 0x80, 0x00, 0xF8, 0x00, 0x0F, 0x80, 0x00, 0xF8, 0x07, 0xFF, 0xFF, 0x7F, 0xFF, 0xF7, 0xFF,
    0xFF, 0x7F, 0xFF, 0xF0, 0x1F, 0x0F, 0x81, 0xF8, 0xF8, 0x3F, 0x9F, 0xC1, 0xF8, 0xF8, 0x1F, 0x0F,
    0x80, 0x00, 0x00, 0x00, 0x00, 0x00, 0x00, 0x00, 0x7F, 0xF8, 0x07, 0xFF, 0x80, 0x7F, 0xF8, 0x07,
    0xFF, 0x80, 0x00, 0xF8, 0x00, 0x0F, 0x80, 0x00, 0xF8, 0x00, 0x0F, 0x80, 0x00, 0xF8, 0x00, 0x0F,
    0x80, 0x00, 0xF8, 0x00, 0x0F, 0x80, 0x00, 0xF8, 0x00, 0x0F, 0x80, 0x00, 0xF8, 0x00, 0x0F, 0x80,
    0x00, 0xF8, 0x07, 0xFF, 0xFF, 0x7F, 0xFF, 0xF7, 0xFF, 0xFF, 0x7F, 0xFF, 0xF0, 0x00, 0x00, 0x80,
    0xFE, 0x3C, 0x07, 0xFF, 0xC0, 0x3F, 0xFC, 0x03, 0xFF, 0x81, 0xFF, 0xC0, 0x1F, 0xFE, 0x01, 0xFF,
    0xE0, 0x1C, 0x3F, 0x00, 0x01, 0xF8, 0x00, 0x1F, 0x80, 0x7F, 0xFC, 0x1F, 0xFF, 0xE3, 0xFF, 0xFE,
    0x3F, 0xFF, 0xE7, 0xF8, 0xFF, 0x7E, 0x03, 0xF7, 0xE0, 0x3F, 0x7C, 0x01, 0xF7, 0xC0, 0x1F, 0x7C,
    0x01, 0xF7, 0xE0, 0x3F, 0x7E, 0x07, 0xF3, 0xFD, 0xFE, 0x3F, 0xFF, 0xE1, 0xFF, 0xFC, 0x0F, 0xFF,
    0x80, 0x3F, 0xE0, 0x0F, 0xC7, 0x87, 0xF9, 0xC1, 0xFF, 0xF0, 0x7B, 0xFC, 0x1C, 0x7E, 0x00, 0x00,
    0x00, 0x00, 0x00, 0x00, 0x00, 0x7C, 0xFE, 0x1F, 0x7F, 0xC7, 0xFF, 0xF9, 0xFF, 0xFE, 0x7F, 0xBF,
    0xDF, 0x83, 0xF7, 0xC0, 0x7D, 0xF0, 0x1F, 0x7C, 0x07, 0xDF, 0x01, 0xF7, 0xC0, 0x7D, 0xF0, 0x1F,
    0x7C, 0x07, 0xDF, 0x01, 0xF7, 0xC0, 0x7D, 0xF0, 0x1F, 0x7C, 0x07, 0xDF, 0x01, 0xF7, 0xC0, 0x7D,
    0xF0, 0x1F, 0x7C, 0x07, 0xC0, 0x1F, 0x80, 0x01, 0xF8, 0x00, 0x1F, 0x80, 0x01, 0xF8, 0x00, 0x1F,
    0x00, 0x00, 0x00, 0x00, 0x00, 0x00, 0x00, 0x00, 0x07, 0xFC, 0x03, 0xFF, 0xC0, 0xFF, 0xFE, 0x1F,
    0xFF, 0xC7, 0xFB, 0xFC, 0xFC, 0x1F, 0xBF, 0x01, 0xF7, 0xE0, 0x3E, 0xFC, 0x07, 0xFF, 0x80, 0xFF,
    0xF0, 0x1F, 0xFE, 0x03, 0xFF, 0xC0, 0x7F, 0xF8, 0x0F, 0xBF, 0x01, 0xF3, 0xF0, 0x7E, 0x7F, 0xFF,
    0xC7, 0xFF, 0xF0, 0xFF, 0xFE, 0x0F, 0xFF, 0x00, 0x7F, 0xC0, 0x00, 0x3F, 0x00, 0x0F, 0xC0, 0x03,
    0xF0, 0x00, 0xFC, 0x00, 0x3F, 0x00, 0x00, 0x00, 0x00, 0x00, 0x00, 0x00, 0x00, 0x07, 0xFC, 0x03,
    0xFF, 0xC0, 0xFF, 0xFE, 0x1F, 0xFF, 0xC7, 0xFB, 0xFC, 0xFC, 0x1F, 0xBF, 0x01, 0xF7, 0xE0, 0x3E,
    0xFC, 0x07, 0xFF, 0x80, 0xFF, 0xF0, 0x1F, 0xFE, 0x03, 0xFF, 0xC0, 0x7F, 0xF8, 0x0F, 0xBF, 0x01,
    0xF3, 0xF0, 0x7E, 0x7F, 0xFF, 0xC7, 0xFF, 0xF0, 0xFF, 0xFE, 0x0F, 0xFF, 0x00, 0x7F, 0xC0, 0x03,
    0xF8, 0x00, 0xFF, 0x80, 0x3F, 0xF8, 0x0F, 0xDF, 0x83, 0xF1, 0xF8, 0x00, 0x00, 0x00, 0x00, 0x00,
    0x00, 0x00, 0x07, 0xFC, 0x03, 0xFF, 0xC0, 0xFF, 0xFE, 0x1F, 0xFF, 0xC7, 0xFB, 0xFC, 0xFC, 0x1F,
    0xBF, 0x01, 0xF7, 0xE0, 0x3E, 0xFC, 0x07, 0xFF, 0x80, 0xFF, 0xF0, 0x1F, 0xFE, 0x03, 0xFF, 0xC0,
    0x7F, 0xF8, 0x0F, 0xBF, 0x01, 0xF3, 0xF0, 0x7E, 0x7F, 0xFF, 0xC7, 0xFF, 0xF0, 0xFF, 0xFE, 0x0F,
    0xFF, 0x00, 0x7F, 0xC0, 0x0F, 0xC7, 0x03, 0xFD, 0xE0, 0x7F, 0xFC, 0x0E, 0x7F, 0x83, 0xC7, 0xE0,
    0x00, 0x00, 0x00, 0x00, 0x00, 0x00, 0x00, 0x07, 0xFC, 0x03, 0xFF, 0xC0, 0xFF, 0xFE, 0x1F, 0xFF,
    0xC7, 0xFB, 0xFC, 0xFC, 0x1F, 0xBF, 0x01, 0xF7, 0xE0, 0x3E, 0xFC, 0x07, 0xFF, 0x80, 0xFF, 0xF0,
    0x1F, 0xFE, 0x03, 0xFF, 0xC0, 0x7F, 0xF8, 0x0F, 0xBF, 0x01, 0xF3, 0xF0, 0x7E, 0x7F, 0xFF, 0xC7,
    0xFF, 0xF0, 0xFF, 0xFE, 0x0F, 0xFF, 0x00, 0x7F, 0xC0, 0x1E, 0x0F, 0x07, 0xE3, 0xF0, 0xFC, 0x7E,
    0x1F, 0x8F, 0xC1, 0xE0, 0xF0, 0x00, 0x00, 0x00, 0x00, 0x00, 0x00, 0x00, 0x07, 0xFC, 0x03, 0xFF,
    0xC0, 0xFF, 0xFE, 0x1F, 0xFF, 0xC7, 0xFB, 0xFC, 0xFC, 0x1F, 0xBF, 0x01, 0xF7, 0xE0, 0x3E, 0xFC,
    0x07, 0xFF, 0x80, 0xFF, 0xF0, 0x1F, 0xFE, 0x03, 0xFF, 0xC0, 0x7F, 0xF8, 0x0F, 0xBF, 0x01, 0xF3,
    0xF0, 0x7E, 0x7F, 0xFF, 0xC7, 0xFF, 0xF0, 0xFF, 0xFE, 0x0F, 0xFF, 0x00, 0x7F, 0xC0, 0x03, 0xE0,
    0x07, 0xF0, 0x07, 0xF0, 0x07, 0xF0, 0x07, 0xF0, 0x03, 0xE0, 0x00, 0x00, 0x00, 0x00, 0x00, 0x00,
    0xFF, 0xFF, 0xFF, 0xFF, 0xFF, 0xFF, 0xFF, 0xFF, 0x00, 0x00, 0x00, 0x00, 0x00, 0x00, 0x03, 0xE0,
    0x07, 0xF0, 0x07, 0xF0, 0x07, 0xF0, 0x07, 0xF0, 0x03, 0xE0, 0x00, 0x00, 0xF8, 0x00, 0x07, 0x80,
    0xFF, 0xFC, 0x1F, 0xFF, 0xC1, 0xFF, 0xFE, 0x0F, 0xFF, 0xE0, 0xFF, 0x7F, 0x87, 0xC1, 0xFC, 0x7E,
    0x1F, 0xE3, 0xF1, 0xFF, 0x1F, 0x9F, 0xF8, 0xFC, 0xF7, 0xC7, 0xEF, 0xBE, 0x3F, 0xF9, 0xF1, 0xFF,
    0x8F, 0x8F, 0xF8, 0x7C, 0x7F, 0xC3, 0xE1, 0xFC, 0x3F, 0x0F, 0xF7, 0xF8, 0x3F, 0xFF, 0x83, 0xFF,
    0xFC, 0x3F, 0xFF, 0x81, 0xEF, 0xF8, 0x1F, 0x00, 0x00, 0x1F, 0x80, 0x03, 0xF0, 0x00, 0x7E, 0x00,
    0x0F, 0xC0, 0x01, 0xF0, 0x00, 0x00, 0x00, 0x00, 0x00, 0x00, 0x00, 0xFC, 0x07, 0xFF, 0x01, 0xFF,
    0xC0, 0x7F, 0xF0, 0x1F, 0xFC, 0x07, 0xFF, 0x01, 0xFF, 0xC0, 0x7F, 0xF0, 0x1F, 0xFC, 0x07, 0xFF,
    0x01, 0xFF, 0xC0, 0x7F, 0xF0, 0x1F, 0xFC, 0x07, 0xDF, 0x01, 0xF7, 0xC0, 0x7D, 0xF8, 0x3F, 0x7F,
    0xBF, 0xCF, 0xFF, 0xE3, 0xFF, 0xF0, 0x7F, 0xF8, 0x07, 0xFC, 0x00, 0x00, 0x3F, 0x00, 0x1F, 0x80,
    0x0F, 0xC0, 0x07, 0xE0, 0x03, 0xF0, 0x00, 0x00, 0x00, 0x00, 0x00, 0x00, 0x00, 0xFC, 0x07, 0xFF,
    0x01, 0xFF, 0xC0, 0x7F, 0xF0, 0x1F, 0xFC, 0x07, 0xFF, 0x01, 0xFF, 0xC0, 0x7F, 0xF0, 0x1F, 0xFC,
    0x07, 0xFF, 0x01, 0xFF, 0xC0, 0x7F, 0xF0, 0x1F, 0xFC, 0x07, 0xDF, 0x01, 0xF7, 0xC0, 0x7D, 0xF8,
    0x3F, 0x7F, 0xBF, 0xCF, 0xFF, 0xE3, 0xFF, 0xF0, 0x7F, 0xF8, 0x07, 0xFC, 0x00, 0x03, 0xF8, 0x01,
    0xFF, 0x00, 0xFF, 0xE0, 0x7E, 0xFC, 0x3F, 0x1F, 0x80, 0x00, 0x00, 0x00, 0x00, 0x00, 0x00, 0xFC,
    0x07, 0xFF, 0x01, 0xFF, 0xC0, 0x7F, 0xF0, 0x1F, 0xFC, 0x07, 0xFF, 0x01, 0xFF, 0xC0, 0x7F, 0xF0,
    0x1F, 0xFC, 0x07, 0xFF, 0x01, 0xFF, 0xC0, 0x7F, 0xF0, 0x1F, 0xFC, 0x07, 0xDF, 0x01, 0xF7, 0xC0,
    0x7D, 0xF8, 0x3F, 0x7F, 0xBF, 0xCF, 0xFF, 0xE3, 0xFF, 0xF0, 0x7F, 0xF8, 0x07, 0xFC, 0x00, 0x1E,
    0x0F, 0x0F, 0xC7, 0xE3, 0xF1, 0xF8, 0xFC, 0x7E, 0x1E, 0x0F, 0x00, 0x00, 0x00, 0x00, 0x00, 0x00,
    0x00, 0xFC, 0x07, 0xFF, 0x01, 0xFF, 0xC0, 0x7F, 0xF0, 0x1F, 0xFC, 0x07, 0xFF, 0x01, 0xFF, 0xC0,
    0x7F, 0xF0, 0x1F, 0xFC, 0x07, 0xFF, 0x01, 0xFF, 0xC0, 0x7F, 0xF0, 0x1F, 0xFC, 0x07, 0xDF, 0x01,
    0xF7, 0xC0, 0x7D, 0xF8, 0x3F, 0x7F, 0xBF, 0xCF, 0xFF, 0xE3, 0xFF, 0xF0, 0x7F, 0xF8, 0x07, 0xFC,
    0x00, 0x00, 0x1F, 0x80, 0x01, 0xF8, 0x00, 0x1F, 0x80, 0x01, 0xF8, 0x00, 0x1F, 0x80, 0x00, 0x00,
    0x00, 0x00, 0x00, 0x00, 0x00, 0x00, 0xFC, 0x01, 0xFB, 0xE0, 0x0F, 0x9F, 0x80, 0xFC, 0xFC, 0x07,
    0xE3, 0xE0, 0x7E, 0x1F, 0x83, 0xF0, 0x7C, 0x1F, 0x03, 0xF1, 0xF8, 0x1F, 0x8F, 0xC0, 0x7C, 0x7C,
    0x03, 0xF7, 0xE0, 0x0F, 0xBF, 0x00, 0x7D, 0xF0, 0x03, 0xFF, 0x80, 0x0F, 0xFC, 0x00, 0x7F, 0xC0,
    0x03, 0xFE, 0x00, 0x0F, 0xE0, 0x00, 0x7F, 0x00, 0x01, 0xF8, 0x00, 0x0F, 0x80, 0x00, 0xFC, 0x00,
    0x07, 0xE0, 0x00, 0x3E, 0x00, 0x03, 0xF0, 0x00, 0x1F, 0x80, 0x01, 0xF8, 0x00, 0x0F, 0xC0, 0x00,
    0xFC, 0x00, 0x1F, 0x80, 0x03, 0xF0, 0x00, 0x7E, 0x00, 0x0F, 0xC0, 0x01, 0xF8, 0x00, 0x3F, 0x3F,
    0x87, 0xEF, 0xF8, 0xFF, 0xFF, 0x9F, 0xFF, 0xF3, 0xFE, 0xFF, 0x7F, 0x07, 0xEF, 0xC0, 0x7D, 0xF8,
    0x0F, 0xBF, 0x01, 0xF7, 0xE0, 0x3E, 0xFC, 0x07, 0xDF, 0x80, 0xFB, 0xF0, 0x1F, 0x7E, 0x03, 0xEF,
    0xC0, 0x7D, 0xFC, 0x1F, 0xBF, 0xEF, 0xF7, 0xFF, 0xFC, 0xFF, 0xFF, 0x9F, 0xBF, 0xE3, 0xF3, 0xF8,
    0x7E, 0x00, 0x0F, 0xC0, 0x01, 0xF8, 0x00, 0x3F, 0x00, 0x07, 0xE0, 0x00, 0xFC, 0x00, 0x1F, 0x80,
    0x00, 0x0F, 0x07, 0x80, 0xFC, 0x7E, 0x07, 0xE3, 0xF0, 0x3F, 0x1F, 0x80, 0xF0, 0x78, 0x00, 0x00,
    0x00, 0x00, 0x00, 0x00, 0x00, 0x00, 0xFC, 0x01, 0xFB, 0xE0, 0x0F, 0x9F, 0x80, 0xFC, 0xFC, 0x07,
    0xE3, 0xE0, 0x7E, 0x1F, 0x83, 0xF0, 0x7C, 0x1F, 0x03, 0xF1, 0xF8, 0x1F, 0x8F, 0xC0, 0x7C, 0x7C,
    0x03, 0xF7, 0xE0, 0x0F, 0xBF, 0x00, 0x7D, 0xF0, 0x03, 0xFF, 0x80, 0x0F, 0xFC, 0x00, 0x7F, 0xC0,
    0x03, 0xFE, 0x00, 0x0F, 0xE0, 0x00, 0x7F, 0x00, 0x01, 0xF8, 0x00, 0x0F, 0x80, 0x00, 0xFC, 0x00,
    0x07, 0xE0, 0x00, 0x3E, 0x00, 0x03, 0xF0, 0x00, 0x1F, 0x80, 0x01, 0xF8, 0x00, 0x0F, 0xC0, 0x00,
    0x00, 0x00, 0x00, 0xFF, 0xFC, 0x07, 0xFF, 0xE0, 0x3F, 0xFF, 0x01, 0xFF, 0xF8, 0x00, 0x00, 0x00,
    0x00, 0x00, 0x00, 0x00, 0x00, 0x00, 0x00, 0x00, 0x0F, 0xE0, 0x00, 0x7F, 0x00, 0x07, 0xF8, 0x00,
    0x3F, 0xE0, 0x01, 0xFF, 0x00, 0x0F, 0xF8, 0x00, 0xFB, 0xE0, 0x07, 0xDF, 0x00, 0x3E, 0xF8, 0x03,
    0xF7, 0xC0, 0x1F, 0x1F, 0x00, 0xF8, 0xF8, 0x07, 0xC7, 0xC0, 0x7E, 0x3E, 0x03, 0xE1, 0xF8, 0x1F,
    0x07, 0xC0, 0xFF, 0xFE, 0x0F, 0xFF, 0xF0, 0x7F, 0xFF, 0xC3, 0xFF, 0xFE, 0x1F, 0x01, 0xF1, 0xF8,
    0x0F, 0x8F, 0xC0, 0x7E, 0x7C, 0x03, 0xF3, 0xE0, 0x0F, 0xBF, 0x00, 0x7D, 0xF8, 0x03, 0xF0, 0x00,
    0x00, 0x07, 0xFF, 0xE1, 0xFF, 0xF8, 0x7F, 0xFE, 0x1F, 0xFF, 0x80, 0x00, 0x00, 0x00, 0x00, 0x00,
    0x00, 0x00, 0x00, 0x01, 0xFF, 0x01, 0xFF, 0xF0, 0xFF, 0xFE, 0x3F, 0xFF, 0x9F, 0xEF, 0xF7, 0xC0,
    0xFD, 0xE0, 0x1F, 0x00, 0x07, 0xC3, 0xFF, 0xF3, 0xFF, 0xFD, 0xFF, 0xFF, 0x7E, 0x07, 0xFF, 0x01,
    0xFF, 0x80, 0x7F, 0xE0, 0x1F, 0xFC, 0x0F, 0xFF, 0xFF, 0xFF, 0xFF, 0xFD, 0xFF, 0xFF, 0x3F, 0xF7,
    0xC7, 0xF9, 0xF0, 0x0F, 0x07, 0x80, 0x78, 0x3C, 0x03, 0xE3, 0xE0, 0x1F, 0xFF, 0x00, 0x7F, 0xF0,
    0x00, 0xFE, 0x00, 0x00, 0x00, 0x00, 0x00, 0x00, 0x00, 0x00, 0x00, 0x0F, 0xE0, 0x00, 0x7F, 0x00,
    0x07, 0xF8, 0x00, 0x3F, 0xE0, 0x01, 0xFF, 0x00, 0x0F, 0xF8, 0x00, 0xFB, 0xE0, 0x07, 0xDF, 0x00,
    0x3E, 0xF8, 0x03, 0xF7, 0xC0, 0x1F, 0x1F, 0x00, 0xF8, 0xF8, 0x07, 0xC7, 0xC0, 0x7E, 0x3E, 0x03,
    0xE1, 0xF8, 0x1F, 0x07, 0xC0, 0xFF, 0xFE, 0x0F, 0xFF, 0xF0, 0x7F, 0xFF, 0xC3, 0xFF, 0xFE, 0x1F,
    0x01, 0xF1, 0xF8, 0x0F, 0x8F, 0xC0, 0x7E, 0x7C, 0x03, 0xF3, 0xE0, 0x0F, 0xBF, 0x00, 0x7D, 0xF8,
    0x03, 0xF0, 0x1E, 0x0F, 0x07, 0x83, 0xC1, 0xF1, 0xF0, 0x7F, 0xFC, 0x0F, 0xFE, 0x00, 0xFE, 0x00,
    0x00, 0x00, 0x00, 0x00, 0x00, 0x00, 0x01, 0xFF, 0x01, 0xFF, 0xF0, 0xFF, 0xFE, 0x3F, 0xFF, 0x9F,
    0xEF, 0xF7, 0xC0, 0xFD, 0xE0, 0x1F, 0x00, 0x07, 0xC3, 0xFF, 0xF3, 0xFF, 0xFD, 0xFF, 0xFF, 0x7E,
    0x07, 0xFF, 0x01, 0xFF, 0x80, 0x7F, 0xE0, 0x1F, 0xFC, 0x0F, 0xFF, 0xFF, 0xFF, 0xFF, 0xFD, 0xFF,
    0xFF, 0x3F, 0xF7, 0xC7, 0xF9, 0xF0, 0x01, 0xFC, 0x00, 0x0F, 0xE0, 0x00, 0xFF, 0x00, 0x07, 0xFC,
    0x00, 0x3F, 0xE0, 0x01, 0xFF, 0x00, 0x1F, 0x7C, 0x00, 0xFB, 0xE0, 0x07, 0xDF, 0x00, 0x7E, 0xF8,
    0x03, 0xE3, 0xE0, 0x1F, 0x1F, 0x00, 0xF8, 0xF8, 0x0F, 0xC7, 0xC0, 0x7C, 0x3F, 0x03, 0xE0, 0xF8,
    0x1F, 0xFF, 0xC1, 0xFF, 0xFE, 0x0F, 0xFF, 0xF8, 0x7F, 0xFF, 0xC3, 0xE0, 0x3E, 0x3F, 0x01, 0xF1,
    0xF8, 0x0F, 0xCF, 0x80, 0x7E, 0x7C, 0x01, 0xF7, 0xE0, 0x0F, 0xBF, 0x00, 0x7E, 0x00, 0x07, 0xC0,
    0x00, 0x7C, 0x00, 0x03, 0xC0, 0x00, 0x3E, 0x00, 0x01, 0xF8, 0x00, 0x0F, 0xF8, 0x00, 0x3F, 0xC0,
    0x00, 0xFE, 0x07, 0xFC, 0x01, 0xFF, 0xF0, 0x3F, 0xFF, 0x83, 0xFF, 0xF8, 0x7F, 0xBF, 0xC7, 0xC0,
    0xFC, 0x78, 0x07, 0xC0, 0x00, 0x7C, 0x0F, 0xFF, 0xC3, 0xFF, 0xFC, 0x7F, 0xFF, 0xC7, 0xE0, 0x7C,
    0xFC, 0x07, 0xCF, 0x80, 0x7C, 0xF8, 0x07, 0xCF, 0xC0, 0xFC, 0xFF, 0xFF, 0xCF, 0xFF, 0xFC, 0x7F,
    0xFF, 0xC3, 0xFF, 0x7C, 0x1F, 0xE7, 0xC0, 0x00, 0x7C, 0x00, 0x0F, 0x80, 0x00, 0xF0, 0x00, 0x1F,
    0x00, 0x01, 0xF8, 0x00, 0x1F, 0xF0, 0x00, 0xFF, 0x00, 0x07, 0xF0, 0x00, 0x3F, 0x00, 0x0F, 0xC0,
    0x03, 0xF0, 0x00, 0xFC, 0x00, 0x1F, 0x00, 0x00, 0x00, 0x00, 0x00, 0x00, 0x00, 0x00, 0x07, 0xFC,
    0x01, 0xFF, 0xE0, 0xFF, 0xFE, 0x1F, 0xFF, 0xE7, 0xFF, 0xFC, 0xFC, 0x0F, 0xDF, 0x01, 0xFB, 0xE0,
    0x3F, 0x7C, 0x00, 0x0F, 0x80, 0x01, 0xF0, 0x00, 0x3E, 0x00, 0x07, 0xC0, 0x00, 0xF8, 0x00, 0x1F,
    0x00, 0x03, 0xE0, 0x00, 0x7C, 0x00, 0x0F, 0x80, 0x01, 0xF0, 0x00, 0x3E, 0x03, 0xF7, 0xC0, 0x7E,
    0xFC, 0x0F, 0xDF, 0xFF, 0xF1, 0xFF, 0xFE, 0x3F, 0xFF, 0x81, 0xFF, 0xE0, 0x1F, 0xF0, 0x00, 0x00,
    0x3F, 0x00, 0x0F, 0xC0, 0x03, 0xF0, 0x00, 0x7C, 0x00, 0x1F, 0x80, 0x00, 0x00, 0x00, 0x00, 0x00,
    0x00, 0x00, 0x07, 0xFC, 0x01, 0xFF, 0xE0, 0x7F, 0xFE, 0x1F, 0xFF, 0xE7, 0xFF, 0xFC, 0xFC, 0x0F,
    0xDF, 0x01, 0xFF, 0xE0, 0x1F, 0xFC, 0x00, 0x1F, 0x80, 0x03, 0xF0, 0x00, 0x7E, 0x00, 0x0F, 0xC0,
    0x01, 0xF8, 0x07, 0xDF, 0x01, 0xFB, 0xF0, 0x3F, 0x7F, 0xBF, 0xC7, 0xFF, 0xF8, 0x7F, 0xFE, 0x07,
    0xFF, 0x80, 0x7F, 0xC0, 0x01, 0xF0, 0x00, 0x7F, 0x00, 0x1F, 0xF0, 0x07, 0xFF, 0x01, 0xFB, 0xF0,
    0x7E, 0x3F, 0x00, 0x00, 0x00, 0x00, 0x00, 0x00, 0x00, 0x00, 0xFF, 0x80, 0x3F, 0xFC, 0x1F, 0xFF,
    0xC3, 0xFF, 0xFC, 0xFF, 0xFF, 0x9F, 0x81, 0xFB, 0xE0, 0x3F, 0x7C, 0x07, 0xEF, 0x80, 0x01, 0xF0,
    0x00, 0x3E, 0x00, 0x07, 0xC0, 0x00, 0xF8, 0x00, 0x1F, 0x00, 0x03, 0xE0, 0x00, 0x7C, 0x00, 0x0F,
    0x80, 0x01, 0xF0, 0x00, 0x3E, 0x00, 0x07, 0xC0, 0x7E, 0xF8, 0x0F, 0xDF, 0x81, 0xFB, 0xFF, 0xFE,
    0x3F, 0xFF, 0xC7, 0xFF, 0xF0, 0x3F, 0xFC, 0x03, 0xFE, 0x00, 0x01, 0xF8, 0x00, 0xFF, 0x80, 0x3F,
    0xF8, 0x0F, 0xDF, 0x83, 0xF0, 0xF8, 0x00, 0x00, 0x00, 0x00, 0x00, 0x00, 0x00, 0x07, 0xFC, 0x01,
    0xFF, 0xE0, 0x7F, 0xFE, 0x1F, 0xFF, 0xE7, 0xFF, 0xFC, 0xFC, 0x0F, 0xDF, 0x01, 0xFF, 0xE0, 0x1F,
    0xFC, 0x00, 0x1F, 0x80, 0x03, 0xF0, 0x00, 0x7E, 0x00, 0x0F, 0xC0, 0x01, 0xF8, 0x07, 0xDF, 0x01,
    0xFB, 0xF0, 0x3F, 0x7F, 0xBF, 0xC7, 0xFF, 0xF8, 0x7F, 0xFE, 0x07, 0xFF, 0x80, 0x7F, 0xC0, 0x01,
    0xF0, 0x00, 0x7F, 0x00, 0x0F, 0xE0, 0x01, 0xFC, 0x00, 0x1F, 0x00, 0x00, 0x00, 0x00, 0x00, 0x00,
    0x00, 0x00, 0x07, 0xFC, 0x01, 0xFF, 0xE0, 0xFF, 0xFE, 0x1F, 0xFF, 0xE7, 0xFF, 0xFC, 0xFC, 0x0F,
    0xDF, 0x01, 0xFB, 0xE0, 0x3F, 0x7C, 0x00, 0x0F, 0x80, 0x01, 0xF0, 0x00, 0x3E, 0x00, 0x07, 0xC0,
    0x00, 0xF8, 0x00, 0x1F, 0x00, 0x03, 0xE0, 0x00, 0x7C, 0x00, 0x0F, 0x80, 0x01, 0xF0, 0x00, 0x3E,
    0x03, 0xF7, 0xC0, 0x7E, 0xFC, 0x0F, 0xDF, 0xFF, 0xF1, 0xFF, 0xFE, 0x3F, 0xFF, 0x81, 0xFF, 0xE0,
    0x1F, 0xF0, 0x00, 0x01, 0xF0, 0x00, 0x7F, 0x00, 0x0F, 0xE0, 0x01, 0xFC, 0x00, 0x1F, 0x00, 0x00,
    0x00, 0x00, 0x00, 0x00, 0x00, 0x00, 0x07, 0xFC, 0x01, 0xFF, 0xE0, 0x7F, 0xFE, 0x1F, 0xFF, 0xE7,
    0xFF, 0xFC, 0xFC, 0x0F, 0xDF, 0x01, 0xFF, 0xE0, 0x1F, 0xFC, 0x00, 0x1F, 0x80, 0x03, 0xF0, 0x00,
    0x7E, 0x00, 0x0F, 0xC0, 0x01, 0xF8, 0x07, 0xDF, 0x01, 0xFB, 0xF0, 0x3F, 0x7F, 0xBF, 0xC7, 0xFF,
    0xF8, 0x7F, 0xFE, 0x07, 0xFF, 0x80, 0x7F, 0xC0, 0x3E, 0x0F, 0x83, 0xE3, 0xF0, 0x3E, 0xFC, 0x03,
    0xFF, 0x00, 0x7F, 0xC0, 0x07, 0xF0, 0x00, 0x00, 0x00, 0x00, 0x00, 0x00, 0x00, 0x00, 0xFF, 0x80,
    0x3F, 0xFC, 0x1F, 0xFF, 0xC3, 0xFF, 0xFC, 0xFF, 0xFF, 0x9F, 0x81, 0xFB, 0xE0, 0x3F, 0x7C, 0x07,
    0xEF, 0x80, 0x01, 0xF0, 0x00, 0x3E, 0x00, 0x07, 0xC0, 0x00, 0xF8, 0x00, 0x1F, 0x00, 0x03, 0xE0,
    0x00, 0x7C, 0x00, 0x0F, 0x80, 0x01, 0xF0, 0x00, 0x3E, 0x00, 0x07, 0xC0, 0x7E, 0xF8, 0x0F, 0xDF,
    0x81, 0xFB, 0xFF, 0xFE, 0x3F, 0xFF, 0xC7, 0xFF, 0xF0, 0x3F, 0xFC, 0x03, 0xFE, 0x00, 0x3F, 0x0F,
    0x83, 0xF7, 0xE0, 0x3F, 0xF8, 0x03, 0xFE, 0x00, 0x3F, 0x80, 0x00, 0x00, 0x00, 0x00, 0x00, 0x00,
    0x00, 0x07, 0xFC, 0x01, 0xFF, 0xE0, 0x7F, 0xFE, 0x1F, 0xFF, 0xE7, 0xFF, 0xFC, 0xFC, 0x0F, 0xDF,
    0x01, 0xFF, 0xE0, 0x1F, 0xFC, 0x00, 0x1F, 0x80, 0x03, 0xF0, 0x00, 0x7E, 0x00, 0x0F, 0xC0, 0x01,
    0xF8, 0x07, 0xDF, 0x01, 0xFB, 0xF0, 0x3F, 0x7F, 0xBF, 0xC7, 0xFF, 0xF8, 0x7F, 0xFE, 0x07, 0xFF,
    0x80, 0x7F, 0xC0, 0x3E, 0x0F, 0x87, 0xE3, 0xE0, 0x7E, 0xF8, 0x07, 0xFE, 0x00, 0x7F, 0xC0, 0x07,
    0xF0, 0x00, 0x00, 0x00, 0x00, 0x00, 0x00, 0x00, 0x1F, 0xFF, 0x83, 0xFF, 0xF8, 0x7F, 0xFF, 0x8F,
    0xFF, 0xF9, 0xF8, 0xFF, 0xBF, 0x03, 0xF7, 0xE0, 0x3E, 0xFC, 0x07, 0xFF, 0x80, 0xFF, 0xF0, 0x1F,
    0xFE, 0x03, 0xFF, 0xC0, 0x7F, 0xF8, 0x0F, 0xFF, 0x01, 0xFF, 0xE0, 0x3F, 0xFC, 0x07, 0xFF, 0x80,
    0xFF, 0xF0, 0x1F, 0xFE, 0x03, 0xFF, 0xC0, 0x7F, 0xF8, 0x0F, 0xBF, 0x03, 0xF7, 0xE1, 0xFE, 0xFF,
    0xFF, 0x9F, 0xFF, 0xE3, 0xFF, 0xF8, 0x7F, 0xFE, 0x00, 0x00, 0x0F, 0xBE, 0x00, 0x1F, 0x7C, 0x00,
    0x3E, 0xF0, 0x00, 0x7D, 0xE0, 0x00, 0xFB, 0xC0, 0x01, 0xF7, 0x83, 0xF3, 0xFF, 0x0F, 0xF7, 0xC0,
    0x3F, 0xFF, 0x80, 0xFF, 0xFF, 0x01, 0xFF, 0xFE, 0x03, 0xE0, 0xFC, 0x07, 0xC1, 0xF8, 0x0F, 0x83,
    0xF0, 0x1F, 0x03, 0xE0, 0x3E, 0x07, 0xC0, 0x7C, 0x0F, 0x80, 0xF8, 0x1F, 0x01, 0xF0, 0x3E, 0x03,
    0xE0, 0xFC, 0x07, 0xC1, 0xF8, 0x0F, 0x83, 0xF0, 0x1F, 0xFF, 0xE0, 0x3F, 0xFF, 0xC0, 0x3F, 0xFF,
    0x80, 0x3F, 0xDF, 0x00, 0x3F, 0x3E, 0x00, 0x3F, 0xFF, 0x01, 0xFF, 0xFC, 0x0F, 0xFF, 0xF0, 0x7F,
    0xFF, 0xC3, 0xF1, 0xFF, 0x1F, 0x81, 0xF8, 0xFC, 0x07, 0xC7, 0xE0, 0x3F, 0x3F, 0x01, 0xF9, 0xF8,
    0x0F, 0xCF, 0xC0, 0x7E, 0x7E, 0x03, 0xFF, 0xFE, 0x1F, 0xFF, 0xF0, 0xFF, 0xFF, 0x87, 0xE7, 0xE0,
    0x3F, 0x3F, 0x01, 0xF9, 0xF8, 0x0F, 0xCF, 0xC0, 0x7E, 0x7E, 0x03, 0xF3, 0xF0, 0x1F, 0x1F, 0x81,
    0xF8, 0xFC, 0x3F, 0xC7, 0xFF, 0xFC, 0x3F, 0xFF, 0xC1, 0xFF, 0xFC, 0x0F, 0xFF, 0xC0, 0x00, 0x07,
    0xC0, 0x00, 0x3E, 0x00, 0x01, 0xF0, 0x03, 0xFF, 0xF0, 0x1F, 0xFF, 0x80, 0xFF, 0xFC, 0x00, 0x1F,
    0x00, 0x00, 0xF8, 0x0F, 0xE7, 0xC0, 0xFF, 0xBE, 0x0F, 0xFF, 0xF0, 0xFF, 0xFF, 0x87, 0xF3, 0xFC,
    0x3F, 0x07, 0xE3, 0xF0, 0x3F, 0x1F, 0x80, 0xF8, 0xFC, 0x07, 0xC7, 0xE0, 0x3E, 0x3F, 0x01, 0xF1,
    0xF8, 0x0F, 0x8F, 0xC0, 0xFC, 0x3F, 0x07, 0xE1, 0xFE, 0xFF, 0x0F, 0xFF, 0xF8, 0x3F, 0xFF, 0xC0,
    0xFF, 0xBE, 0x03, 0xF9, 0xF0, 0x00, 0x00, 0x1F, 0xFF, 0x8F, 0xFF, 0xC7, 0xFF, 0xE3, 0xFF, 0xF0,
    0x00, 0x00, 0x00, 0x00, 0x00, 0x00, 0x00, 0x00, 0x7F, 0xFF, 0xFF, 0xFF, 0xFF, 0xFF, 0xFF, 0xFF,
    0xFF, 0xC0, 0x03, 0xE0, 0x01, 0xF0, 0x00, 0xF8, 0x00, 0x7C, 0x00, 0x3E, 0x00, 0x1F, 0x00, 0x0F,
    0xFF, 0xF7, 0xFF, 0xFB, 0xFF, 0xFD, 0xFF, 0xFE, 0xF8, 0x00, 0x7C, 0x00, 0x3E, 0x00, 0x1F, 0x00,
    0x0F, 0x80, 0x07, 0xC0, 0x03, 0xE0, 0x01, 0xF0, 0x00, 0xFF, 0xFF, 0xFF, 0xFF, 0xFF, 0xFF, 0xFF,
    0xFF, 0xF0, 0x00, 0x00, 0x07, 0xFF, 0xE0, 0xFF, 0xFC, 0x1F, 0xFF, 0x83, 0xFF, 0xF0, 0x00, 0x00,
    0x00, 0x00, 0x00, 0x00, 0x00, 0x00, 0x00, 0x00, 0xFF, 0x80, 0x7F, 0xFC, 0x1F, 0xFF, 0xC3, 0xFF,
    0xF8, 0xFF, 0x7F, 0x9F, 0x01, 0xF7, 0xE0, 0x3E, 0xFC, 0x07, 0xFF, 0xFF, 0xFF, 0xFF, 0xFF, 0xFF,
    0xFF, 0xFF, 0xC0, 0x01, 0xF8, 0x00, 0x3F, 0x00, 0x07, 0xE0, 0x3E, 0x7E, 0x0F, 0xCF, 0xF7, 0xF8,
    0xFF, 0xFE, 0x1F, 0xFF, 0xC1, 0xFF, 0xE0, 0x0F, 0xF8, 0x00, 0x3C, 0x1F, 0x1E, 0x0F, 0x8F, 0x8F,
    0x83, 0xFF, 0xC1, 0xFF, 0xC0, 0x3F, 0xC0, 0x00, 0x00, 0x00, 0x00, 0x00, 0x00, 0x7F, 0xFF, 0xFF,
    0xFF, 0xFF, 0xFF, 0xFF, 0xFF, 0xFF, 0xC0, 0x03, 0xE0, 0x01, 0xF0, 0x00, 0xF8, 0x00, 0x7C, 0x00,
    0x3E, 0x00, 0x1F, 0x00, 0x0F, 0xFF, 0xF7, 0xFF, 0xFB, 0xFF, 0xFD, 0xFF, 0xFE, 0xF8, 0x00, 0x7C,
    0x00, 0x3E, 0x00, 0x1F, 0x00, 0x0F, 0x80, 0x07, 0xC0, 0x03, 0xE0, 0x01, 0xF0, 0x00, 0xFF, 0xFF,
    0xFF, 0xFF, 0xFF, 0xFF, 0xFF, 0xFF, 0xF0, 0x1E, 0x0F, 0x07, 0xC1, 0xE0, 0x7C, 0x7C, 0x0F, 0xFF,
    0x80, 0xFF, 0xE0, 0x07, 0xF0, 0x00, 0x00, 0x00, 0x00, 0x00, 0x00, 0x00, 0x00, 0xFF, 0x80, 0x7F,
    0xFC, 0x1F, 0xFF, 0xC3, 0xFF, 0xF8, 0xFF, 0x7F, 0x9F, 0x01, 0xF7, 0xE0, 0x3E, 0xFC, 0x07, 0xFF,
    0xFF, 0xFF, 0xFF, 0xFF, 0xFF, 0xFF, 0xFF, 0xC0, 0x01, 0xF8, 0x00, 0x3F, 0x00, 0x07, 0xE0, 0x3E,
    0x7E, 0x0F, 0xCF, 0xF7, 0xF8, 0xFF, 0xFE, 0x1F, 0xFF, 0xC1, 0xFF, 0xE0, 0x0F, 0xF8, 0x00, 0x03,
    0xE0, 0x03, 0xF8, 0x01, 0xFC, 0x00, 0xFE, 0x00, 0x3E, 0x00, 0x00, 0x00, 0x00, 0x00, 0x00, 0x00,
    0xFF, 0xFF, 0xFF, 0xFF, 0xFF, 0xFF, 0xFF, 0xFF, 0xFF, 0x80, 0x07, 0xC0, 0x03, 0xE0, 0x01, 0xF0,
    0x00, 0xF8, 0x00, 0x7C, 0x00, 0x3E, 0x00, 0x1F, 0xFF, 0xEF, 0xFF, 0xF7, 0xFF, 0xFB, 0xFF, 0xFD,
    0xF0, 0x00, 0xF8, 0x00, 0x7C, 0x00, 0x3E, 0x00, 0x1F, 0x00, 0x0F, 0x80, 0x07, 0xC0, 0x03, 0xE0,
    0x01, 0xFF, 0xFF, 0xFF, 0xFF, 0xFF, 0xFF, 0xFF, 0xFF, 0xE0, 0x01, 0xF0, 0x00, 0x7F, 0x00, 0x0F,
    0xE0, 0x01, 0xFC, 0x00, 0x1F, 0x00, 0x00, 0x00, 0x00, 0x00, 0x00, 0x00, 0x00, 0x07, 0xFC, 0x03,
    0xFF, 0xE0, 0xFF, 0xFE, 0x1F, 0xFF, 0xC7, 0xFB, 0xFC, 0xF8, 0x0F, 0xBF, 0x01, 0xF7, 0xE0, 0x3F,
    0xFF, 0xFF, 0xFF, 0xFF, 0xFF, 0xFF, 0xFF, 0xFE, 0x00, 0x0F, 0xC0, 0x01, 0xF8, 0x00, 0x3F, 0x01,
    0xF3, 0xF0, 0x7E, 0x7F, 0xBF, 0xC7, 0xFF, 0xF0, 0xFF, 0xFE, 0x0F, 0xFF, 0x00, 0x7F, 0xC0, 0xFF,
    0xFF, 0xBF, 0xFF, 0xEF, 0xFF, 0xFB, 0xFF, 0xFE, 0xF8, 0x00, 0x3E, 0x00, 0x0F, 0x80, 0x03, 0xE0,
    0x00, 0xF8, 0x00, 0x3E, 0x00, 0x0F, 0x80, 0x03, 0xFF, 0xFC, 0xFF, 0xFF, 0x3F, 0xFF, 0xCF, 0xFF,
    0xF3, 0xE0, 0x00, 0xF8, 0x00, 0x3E, 0x00, 0x0F, 0x80, 0x03, 0xE0, 0x00, 0xF8, 0x00, 0x3E, 0x00,
    0x0F, 0x80, 0x03, 0xFF, 0xFE, 0xFF, 0xFF, 0xBF, 0xFF, 0xEF, 0xFF, 0xF8, 0x00, 0xF8, 0x00, 0x7C,
    0x00, 0x1E, 0x00, 0x0F, 0x80, 0x03, 0xF0, 0x00, 0x7F, 0xC0, 0x1F, 0xF0, 0x03, 0xFC, 0x07, 0xFC,
    0x03, 0xFF, 0xC0, 0xFF, 0xFE, 0x1F, 0xFF, 0xC7, 0xFB, 0xFC, 0xF8, 0x1F, 0xBF, 0x01, 0xF7, 0xE0,
    0x3E, 0xFF, 0xFF, 0xDF, 0xFF, 0xFB, 0xFF, 0xFF, 0x7E, 0x00, 0x0F, 0xC0, 0x01, 0xF8, 0x00, 0x3F,
    0x01, 0xF3, 0xF0, 0x7E, 0x7F, 0xBF, 0xC7, 0xFF, 0xF0, 0xFF, 0xFC, 0x0F, 0xFF, 0x00, 0x7F, 0xC0,
    0x00, 0xF0, 0x00, 0x3C, 0x00, 0x0F, 0x80, 0x01, 0xF0, 0x00, 0x3E, 0x00, 0x07, 0xFC, 0x00, 0x7F,
    0x80, 0x07, 0xF0, 0x7C, 0x1F, 0x1F, 0x1F, 0x87, 0xDF, 0x81, 0xFF, 0x80, 0x7F, 0x80, 0x3F, 0x80,
    0x00, 0x00, 0x00, 0x00, 0x00, 0x00, 0x7F, 0xFF, 0xFF, 0xFF, 0xFF, 0xFF, 0xFF, 0xFF, 0xFF, 0xC0,
    0x03, 0xE0, 0x01, 0xF0, 0x00, 0xF8, 0x00, 0x7C, 0x00, 0x3E, 0x00, 0x1F, 0x00, 0x0F, 0xFF, 0xF7,
    0xFF, 0xFB, 0xFF, 0xFD, 0xFF, 0xFE, 0xF8, 0x00, 0x7C, 0x00, 0x3E, 0x00, 0x1F, 0x00, 0x0F, 0x80,
    0x07, 0xC0, 0x03, 0xE0, 0x01, 0xF0, 0x00, 0xFF, 0xFF, 0xFF, 0xFF, 0xFF, 0xFF, 0xFF, 0xFF, 0xF0,
    0x3F, 0x1F, 0x83, 0xF7, 0xE0, 0x3F, 0xF8, 0x03, 0xFE, 0x00, 0x3F, 0x80, 0x00, 0x00, 0x00, 0x00,
    0x00, 0x00, 0x00, 0x07, 0xFC, 0x03, 0xFF, 0xE0, 0xFF, 0xFE, 0x1F, 0xFF, 0xC7, 0xFB, 0xFC, 0xF8,
    0x0F, 0xBF, 0x01, 0xF7, 0xE0, 0x3F, 0xFF, 0xFF, 0xFF, 0xFF, 0xFF, 0xFF, 0xFF, 0xFE, 0x00, 0x0F,
    0xC0, 0x01, 0xF8, 0x00, 0x3F, 0x01, 0xF3, 0xF0, 0x7E, 0x7F, 0xBF, 0xC7, 0xFF, 0xF0, 0xFF, 0xFE,
    0x0F, 0xFF, 0x00, 0x7F, 0xC0, 0x01, 0xF0, 0x00, 0x7F, 0x00, 0x1F, 0xF0, 0x07, 0xFF, 0x01, 0xFB,
    0xF0, 0x7E, 0x3F, 0x00, 0x00, 0x00, 0x00, 0x00, 0x00, 0x00, 0x00, 0xFF, 0x80, 0x7F, 0xFC, 0x1F,
    0xFF, 0xC3, 0xFF, 0xFC, 0xFF, 0xFF, 0x9F, 0x83, 0xF7, 0xE0, 0x3F, 0xFC, 0x07, 0xFF, 0x80, 0x03,
    0xF0, 0x00, 0x7E, 0x00, 0x0F, 0xC0, 0x01, 0xF9, 0xFF, 0xFF, 0x3F, 0xFF, 0xE7, 0xFF, 0xFC, 0xFF,
    0xFF, 0x80, 0xFF, 0xF0, 0x1F, 0xFE, 0x03, 0xFF, 0xC0, 0x7F, 0xF8, 0x0F, 0xDF, 0x83, 0xF3, 0xFD,
    0xFE, 0x3F, 0xFF, 0x87, 0xFF, 0xF0, 0x7F, 0xFC, 0x03, 0xFE, 0x00, 0x03, 0xF8, 0x01, 0xFF, 0x00,
    0xFF, 0xE0, 0x7E, 0xFC, 0x3F, 0x1F, 0x80, 0x00, 0x00, 0x00, 0x00, 0x00, 0x00, 0x0F, 0xE7, 0xC7,
    0xFD, 0xF3, 0xFF, 0xFD, 0xFF, 0xFF, 0x7F, 0xBF, 0xDF, 0x83, 0xFF, 0xC0, 0xFF, 0xF0, 0x1F, 0xFC,
    0x07, 0xFF, 0x01, 0xFF, 0xC0, 0x7F, 0xF0, 0x1F, 0xFC, 0x07, 0xFF, 0x01, 0xF7, 0xE0, 0xFD, 0xFC,
    0xFF, 0x7F, 0xFF, 0xCF, 0xFF, 0xF1, 0xFF, 0x7C, 0x3F, 0x9F, 0x00, 0x07, 0xC0, 0x01, 0xF0, 0x00,
    0xFC, 0x00, 0xFF, 0x1F, 0xFF, 0x87, 0xFF, 0xE1, 0xFF, 0xF0, 0x7F, 0xF0, 0x1E, 0x0F, 0x03, 0xC1,
    0xE0, 0x7C, 0x7C, 0x0F, 0xFF, 0x80, 0xFF, 0xE0, 0x07, 0xF0, 0x00, 0x00, 0x00, 0x00, 0x00, 0x00,
    0x00, 0x00, 0xFF, 0x80, 0x7F, 0xFC, 0x1F, 0xFF, 0xC3, 0xFF, 0xFC, 0xFF, 0xFF, 0x9F, 0x83, 0xF7,
    0xE0, 0x3F, 0xFC, 0x07, 0xFF, 0x80, 0x03, 0xF0, 0x00, 0x7E, 0x00, 0x0F, 0xC0, 0x01, 0xF9, 0xFF,
    0xFF, 0x3F, 0xFF, 0xE7, 0xFF, 0xFC, 0xFF, 0xFF, 0x80, 0xFF, 0xF0, 0x1F, 0xFE, 0x03, 0xFF, 0xC0,
    0x7F, 0xF8, 0x0F, 0xDF, 0x83, 0xF3, 0xFD, 0xFE, 0x3F, 0xFF, 0x87, 0xFF, 0xF0, 0x7F, 0xFC, 0x03,
    0xFE, 0x00, 0x3E, 0x0F, 0x0F, 0x83, 0xC1, 0xF1, 0xF0, 0x7F, 0xF8, 0x0F, 0xFE, 0x01, 0xFE, 0x00,
    0x00, 0x00, 0x00, 0x00, 0x00, 0x00, 0x03, 0xF9, 0xF1, 0xFF, 0x7C, 0xFF, 0xFF, 0x7F, 0xFF, 0xDF,
    0xEF, 0xF7, 0xE0, 0xFF, 0xF0, 0x3F, 0xFC, 0x07, 0xFF, 0x01, 0xFF, 0xC0, 0x7F, 0xF0, 0x1F, 0xFC,
    0x07, 0xFF, 0x01, 0xFF, 0xC0, 0x7D, 0xF8, 0x3F, 0x7F, 0x3F, 0xDF, 0xFF, 0xF3, 0xFF, 0xFC, 0x7F,
    0xDF, 0x0F, 0xE7, 0xC0, 0x01, 0xF0, 0x00, 0x7C, 0x00, 0x3F, 0x00, 0x3F, 0xC7, 0xFF, 0xE1, 0xFF,
    0xF8, 0x7F, 0xFC, 0x1F, 0xFC, 0x00, 0x01, 0xF0, 0x00, 0x7F, 0x00, 0x0F, 0xE0, 0x01, 0xFC, 0x00,
    0x1F, 0x00, 0x00, 0x00, 0x00, 0x00, 0x00, 0x00, 0x00, 0x07, 0xFC, 0x03, 0xFF, 0xE0, 0xFF, 0xFE,
    0x1F, 0xFF, 0xE7, 0xFF, 0xFC, 0xFC, 0x1F, 0xBF, 0x01, 0xFF, 0xE0, 0x3F, 0xFC, 0x00, 0x1F, 0x80,
    0x03, 0xF0, 0x00, 0x7E, 0x00, 0x0F, 0xCF, 0xFF, 0xF9, 0xFF, 0xFF, 0x3F, 0xFF, 0xE7, 0xFF, 0xFC,
    0x07, 0xFF, 0x80, 0xFF, 0xF0, 0x1F, 0xFE, 0x03, 0xFF, 0xC0, 0x7E, 0xFC, 0x1F, 0x9F, 0xEF, 0xF1,
    0xFF, 0xFC, 0x3F, 0xFF, 0x83, 0xFF, 0xE0, 0x1F, 0xF0, 0x00, 0x01, 0xF0, 0x00, 0xFE, 0x00, 0x3F,
    0x80, 0x0F, 0xE0, 0x01, 0xF0, 0x00, 0x00, 0x00, 0x00, 0x00, 0x00, 0x00, 0x0F, 0xE7, 0xC7, 0xFD,
    0xF3, 0xFF, 0xFD, 0xFF, 0xFF, 0x7F, 0xBF, 0xDF, 0x83, 0xFF, 0xC0, 0xFF, 0xF0, 0x1F, 0xFC, 0x07,
    0xFF, 0x01, 0xFF, 0xC0, 0x7F, 0xF0, 0x1F, 0xFC, 0x07, 0xFF, 0x01, 0xF7, 0xE0, 0xFD, 0xFC, 0xFF,
    0x7F, 0xFF, 0xCF, 0xFF, 0xF1, 0xFF, 0x7C, 0x3F, 0x9F, 0x00, 0x07, 0xC0, 0x01, 0xF0, 0x00, 0xFC,
    0x00, 0xFF, 0x1F, 0xFF, 0x87, 0xFF, 0xE1, 0xFF, 0xF0, 0x7F, 0xF0, 0x07, 0xFC, 0x03, 0xFF, 0xE0,
    0xFF, 0xFE, 0x1F, 0xFF, 0xE7, 0xFF, 0xFC, 0xFC, 0x1F, 0xBF, 0x01, 0xFF, 0xE0, 0x3F, 0xFC, 0x00,
    0x1F, 0x80, 0x03, 0xF0, 0x00, 0x7E, 0x00, 0x0F, 0xCF, 0xFF, 0xF9, 0xFF, 0xFF, 0x3F, 0xFF, 0xE7,
    0xFF, 0xFC, 0x07, 0xFF, 0x80, 0xFF, 0xF0, 0x1F, 0xFE, 0x03, 0xFF, 0xC0, 0x7E, 0xFC, 0x1F, 0x9F,
    0xEF, 0xF1, 0xFF, 0xFC, 0x3F, 0xFF, 0x83, 0xFF, 0xE0, 0x1F, 0xF0, 0x00, 0x00, 0x00, 0x00, 0x00,
    0x00, 0x00, 0x00, 0x00, 0x00, 0x07, 0xE0, 0x01, 0xF8, 0x00, 0x7E, 0x00, 0x0F, 0x80, 0x03, 0xE0,
    0x00, 0x00, 0x3C, 0x00, 0x1F, 0x00, 0x07, 0xC0, 0x03, 0xE0, 0x01, 0xF8, 0x00, 0x7E, 0x00, 0x3F,
    0x00, 0x0F, 0xC0, 0x07, 0xF0, 0x00, 0x00, 0x00, 0x00, 0x00, 0x00, 0x00, 0x0F, 0xE7, 0xC7, 0xFD,
    0xF3, 0xFF, 0xFD, 0xFF, 0xFF, 0x7F, 0xBF, 0xDF, 0x83, 0xFF, 0xC0, 0xFF, 0xF0, 0x1F, 0xFC, 0x07,
    0xFF, 0x01, 0xFF, 0xC0, 0x7F, 0xF0, 0x1F, 0xFC, 0x07, 0xFF, 0x01, 0xF7, 0xE0, 0xFD, 0xFC, 0xFF,
    0x7F, 0xFF, 0xCF, 0xFF, 0xF1, 0xFF, 0x7C, 0x3F, 0x9F, 0x00, 0x07, 0xC0, 0x01, 0xF0, 0x00, 0xFC,
    0x00, 0xFF, 0x1F, 0xFF, 0x87, 0xFF, 0xE1, 0xFF, 0xF0, 0x7F, 0xF0, 0x01, 0xF0, 0x00, 0xFE, 0x00,
    0x7F, 0xC0, 0x3F, 0xF8, 0x1F, 0xBF, 0x0F, 0xC7, 0xE0, 0x00, 0x00, 0x00, 0x00, 0x00, 0x00, 0x1F,
    0x01, 0xF7, 0xC0, 0x7D, 0xF0, 0x1F, 0x7C, 0x07, 0xDF, 0x01, 0xF7, 0xC0, 0x7D, 0xF0, 0x1F, 0x7C,
    0x07, 0xDF, 0x01, 0xF7, 0xC0, 0x7D, 0xF0, 0x1F, 0x7F, 0xFF, 0xDF, 0xFF, 0xF7, 0xFF, 0xFD, 0xFF,
    0xFF, 0x7C, 0x07, 0xDF, 0x01, 0xF7, 0xC0, 0x7D, 0xF0, 0x1F, 0x7C, 0x07, 0xDF, 0x01, 0xF7, 0xC0,
    0x7D, 0xF0, 0x1F, 0x7C, 0x07, 0xDF, 0x01, 0xF7, 0xC0, 0x7D, 0xF0, 0x1F, 0x07, 0xF0, 0x00, 0x1F,
    0xF0, 0x00, 0x7F, 0xF0, 0x01, 0xFB, 0xF0, 0x07, 0xE3, 0xF0, 0x00, 0x00, 0x00, 0x00, 0x00, 0x00,
    0x00, 0x00, 0x00, 0x00, 0x00, 0x00, 0x07, 0xC0, 0x00, 0x0F, 0x80, 0x00, 0x1F, 0x00, 0x00, 0x3E,
    0x00, 0x00, 0x7C, 0x00, 0x00, 0xF8, 0x00, 0x01, 0xF3, 0xF8, 0x03, 0xEF, 0xF8, 0x07, 0xFF, 0xF8,
    0x0F, 0xFF, 0xF0, 0x1F, 0xEF, 0xF0, 0x3F, 0x07, 0xE0, 0x7C, 0x07, 0xC0, 0xF8, 0x0F, 0x81, 0xF0,
    0x1F, 0x03, 0xE0, 0x3E, 0x07, 0xC0, 0x7C, 0x0F, 0x80, 0xF8, 0x1F, 0x01, 0xF0, 0x3E, 0x03, 0xE0,
    0x7C, 0x07, 0xC0, 0xF8, 0x0F, 0x81, 0xF0, 0x1F, 0x03, 0xE0, 0x3E, 0x07, 0xC0, 0x7C, 0x0F, 0x80,
    0xF8, 0x1F, 0x01, 0xF0, 0x1F, 0x01, 0xF0, 0x3E, 0x03, 0xE0, 0x7C, 0x07, 0xC0, 0xF8, 0x0F, 0x8F,
    0xFF, 0xFF, 0xFF, 0xFF, 0xFF, 0xFF, 0xFF, 0xFF, 0x8F, 0x80, 0xF8, 0x1F, 0x01, 0xF0, 0x3E, 0x03,
    0xE0, 0x7C, 0x07, 0xC0, 0xFF, 0xFF, 0x81, 0xFF, 0xFF, 0x03, 0xFF, 0xFE, 0x07, 0xFF, 0xFC, 0x0F,
    0x80, 0xF8, 0x1F, 0x01, 0xF0, 0x3E, 0x03, 0xE0, 0x7C, 0x07, 0xC0, 0xF8, 0x0F, 0x81, 0xF0, 0x1F,
    0x03, 0xE0, 0x3E, 0x07, 0xC0, 0x7C, 0x0F, 0x80, 0xF8, 0x1F, 0x01, 0xF0, 0x3E, 0x03, 0xE0, 0x7C,
    0x07, 0xC0, 0x1F, 0x00, 0x01, 0xF0, 0x00, 0x1F, 0x00, 0x0F, 0xFF, 0xC0, 0xFF, 0xFC, 0x0F, 0xFF,
    0xC0, 0x1F, 0x00, 0x01, 0xF0, 0x00, 0x1F, 0x3F, 0x81, 0xF7, 0xFC, 0x1F, 0xFF, 0xE1, 0xFF, 0xFE,
    0x1F, 0xEF, 0xF1, 0xF8, 0x3F, 0x1F, 0x01, 0xF1, 0xF0, 0x1F, 0x1F, 0x01, 0xF1, 0xF0, 0x1F, 0x1F,
    0x01, 0xF1, 0xF0, 0x1F, 0x1F, 0x01, 0xF1, 0xF0, 0x1F, 0x1F, 0x01, 0xF1, 0xF0, 0x1F, 0x1F, 0x01,
    0xF1, 0xF0, 0x1F, 0x1F, 0x01, 0xF0, 0x1F, 0x8E, 0x1F, 0xEF, 0x0F, 0xFF, 0x87, 0x3F, 0xC7, 0x8F,
    0xC0, 0x00, 0x00, 0x00, 0x00, 0x00, 0x00, 0xFF, 0xFF, 0xFF, 0xFF, 0xFF, 0xFF, 0xFF, 0xFF, 0xF0,
    0x3E, 0x00, 0x1F, 0x00, 0x0F, 0x80, 0x07, 0xC0, 0x03, 0xE0, 0x01, 0xF0, 0x00, 0xF8, 0x00, 0x7C,
    0x00, 0x3E, 0x00, 0x1F, 0x00, 0x0F, 0x80, 0x07, 0xC0, 0x03, 0xE0, 0x01, 0xF0, 0x00, 0xF8, 0x00,
    0x7C, 0x00, 0x3E, 0x00, 0x1F, 0x00, 0x0F, 0x81, 0xFF, 0xFF, 0xFF, 0xFF, 0xFF, 0xFF, 0xFF, 0xFF,
    0xE0, 0x07, 0xC7, 0x80, 0xFF, 0x78, 0x1F, 0xFF, 0x81, 0xEF, 0xF0, 0x1E, 0x3E, 0x00, 0x00, 0x00,
    0x00, 0x00, 0x00, 0x00, 0x00, 0x7F, 0xF8, 0x07, 0xFF, 0x80, 0x7F, 0xF8, 0x07, 0xFF, 0x80, 0x00,
    0xF8, 0x00, 0x0F, 0x80, 0x00, 0xF8, 0x00, 0x0F, 0x80, 0x00, 0xF8, 0x00, 0x0F, 0x80, 0x00, 0xF8,
    0x00, 0x0F, 0x80, 0x00, 0xF8, 0x00, 0x0F, 0x80, 0x00, 0xF8, 0x00, 0x0F, 0x80, 0x00, 0xF8, 0x07,
    0xFF, 0xFF, 0x7F, 0xFF, 0xF7, 0xFF, 0xFF, 0x7F, 0xFF, 0xF0, 0x00, 0x00, 0x3F, 0xFF, 0x1F, 0xFF,
    0x8F, 0xFF, 0xC7, 0xFF, 0xE0, 0x00, 0x00, 0x00, 0x00, 0x00, 0x00, 0x00, 0x00, 0x7F, 0xFF, 0xFF,
    0xFF, 0xFF, 0xFF, 0xFF, 0xFF, 0xF8, 0x1F, 0x00, 0x0F, 0x80, 0x07, 0xC0, 0x03, 0xE0, 0x01, 0xF0,
    0x00, 0xF8, 0x00, 0x7C, 0x00, 0x3E, 0x00, 0x1F, 0x00, 0x0F, 0x80, 0x07, 0xC0, 0x03, 0xE0, 0x01,
    0xF0, 0x00, 0xF8, 0x00, 0x7C, 0x00, 0x3E, 0x00, 0x1F, 0x00, 0x0F, 0x80, 0x07, 0xC0, 0xFF, 0xFF,
    0xFF, 0xFF, 0xFF, 0xFF, 0xFF, 0xFF, 0xF0, 0x00, 0x00, 0x01, 0xFF, 0xF8, 0x1F, 0xFF, 0x81, 0xFF,
    0xF8, 0x1F, 0xFF, 0x80, 0x00, 0x00, 0x00, 0x00, 0x00, 0x00, 0x00, 0x00, 0x00, 0x07, 0xFF, 0x80,
    0x7F, 0xF8, 0x07, 0xFF, 0x80, 0x7F, 0xF8, 0x00, 0x0F, 0x80, 0x00, 0xF8, 0x00, 0x0F, 0x80, 0x00,
    0xF8, 0x00, 0x0F, 0x80, 0x00, 0xF8, 0x00, 0x0F, 0x80, 0x00, 0xF8, 0x00, 0x0F, 0x80, 0x00, 0xF8,
    0x00, 0x0F, 0x80, 0x00, 0xF8, 0x00, 0x0F, 0x80, 0x7F, 0xFF, 0xF7, 0xFF, 0xFF, 0x7F, 0xFF, 0xF7,
    0xFF, 0xFF, 0x3C, 0x1E, 0x1E, 0x0F, 0x0F, 0x8F, 0x87, 0xFF, 0xC1, 0xFF, 0xC0, 0x3F, 0x80, 0x00,
    0x00, 0x00, 0x00, 0x00, 0x00, 0x7F, 0xFF, 0xFF, 0xFF, 0xFF, 0xFF, 0xFF, 0xFF, 0xF8, 0x1F, 0x00,
    0x0F, 0x80, 0x07, 0xC0, 0x03, 0xE0, 0x01, 0xF0, 0x00, 0xF8, 0x00, 0x7C, 0x00, 0x3E, 0x00, 0x1F,
    0x00, 0x0F, 0x80, 0x07, 0xC0, 0x03, 0xE0, 0x01, 0xF0, 0x00, 0xF8, 0x00, 0x7C, 0x00, 0x3E, 0x00,
    0x1F, 0x00, 0x0F, 0x80, 0x07, 0xC0, 0xFF, 0xFF, 0xFF, 0xFF, 0xFF, 0xFF, 0xFF, 0xFF, 0xF0, 0x1E,
    0x07, 0x81, 0xF0, 0xF8, 0x1F, 0x9F, 0x80, 0xFF, 0xF0, 0x07, 0xFE, 0x00, 0x3F, 0xC0, 0x00, 0x00,
    0x00, 0x00, 0x00, 0x00, 0x00, 0x07, 0xFF, 0x80, 0x7F, 0xF8, 0x07, 0xFF, 0x80, 0x7F, 0xF8, 0x00,
    0x0F, 0x80, 0x00, 0xF8, 0x00, 0x0F, 0x80, 0x00, 0xF8, 0x00, 0x0F, 0x80, 0x00, 0xF8, 0x00, 0x0F,
    0x80, 0x00, 0xF8, 0x00, 0x0F, 0x80, 0x00, 0xF8, 0x00, 0x0F, 0x80, 0x00, 0xF8, 0x00, 0x0F, 0x80,
    0x7F, 0xFF, 0xF7, 0xFF, 0xFF, 0x7F, 0xFF, 0xF7, 0xFF, 0xFF, 0xFF, 0xFF, 0xFF, 0xFF, 0xFF, 0xFF,
    0xFF, 0xFF, 0xF0, 0x3E, 0x00, 0x1F, 0x00, 0x0F, 0x80, 0x07, 0xC0, 0x03, 0xE0, 0x01, 0xF0, 0x00,
    0xF8, 0x00, 0x7C, 0x00, 0x3E, 0x00, 0x1F, 0x00, 0x0F, 0x80, 0x07, 0xC0, 0x03, 0xE0, 0x01, 0xF0,
    0x00, 0xF8, 0x00, 0x7C, 0x00, 0x3E, 0x00, 0x1F, 0x00, 0x0F, 0x81, 0xFF, 0xFF, 0xFF, 0xFF, 0xFF,
    0xFF, 0xFF, 0xFF, 0xE0, 0xF8, 0x00, 0xF8, 0x00, 0x78, 0x00, 0x7C, 0x00, 0x3F, 0x00, 0x1F, 0xF0,
    0x07, 0xF8, 0x01, 0xFC, 0x00, 0x00, 0xF8, 0x00, 0x1F, 0x80, 0x01, 0xFC, 0x00, 0x1F, 0x80, 0x00,
    0xF8, 0x00, 0x00, 0x00, 0x00, 0x00, 0x00, 0x00, 0x00, 0x7F, 0xF8, 0x07, 0xFF, 0x80, 0x7F, 0xF8,
    0x07, 0xFF, 0x80, 0x00, 0xF8, 0x00, 0x0F, 0x80, 0x00, 0xF8, 0x00, 0x0F, 0x80, 0x00, 0xF8, 0x00,
    0x0F, 0x80, 0x00, 0xF8, 0x00, 0x0F, 0x80, 0x00, 0xF8, 0x00, 0x0F, 0x80, 0x00, 0xF8, 0x00, 0x0F,
    0x80, 0x00, 0xF8, 0x07, 0xFF, 0xFF, 0x7F, 0xFF, 0xF7, 0xFF, 0xFF, 0x7F, 0xFF, 0xF0, 0x1F, 0x00,
    0x03, 0xE0, 0x00, 0x7C, 0x00, 0x07, 0xC0, 0x00, 0x7E, 0x00, 0x07, 0xFC, 0x00, 0x3F, 0xC0, 0x01,
    0xFC, 0x00, 0x03, 0xE0, 0x03, 0xF8, 0x01, 0xFC, 0x00, 0xFE, 0x00, 0x3E, 0x00, 0x00, 0x00, 0x00,
    0x00, 0x00, 0x00, 0xFF, 0xFF, 0xFF, 0xFF, 0xFF, 0xFF, 0xFF, 0xFF, 0xF0, 0x3E, 0x00, 0x1F, 0x00,
    0x0F, 0x80, 0x07, 0xC0, 0x03, 0xE0, 0x01, 0xF0, 0x00, 0xF8, 0x00, 0x7C, 0x00, 0x3E, 0x00, 0x1F,
    0x00, 0x0F, 0x80, 0x07, 0xC0, 0x03, 0xE0, 0x01, 0xF0, 0x00, 0xF8, 0x00, 0x7C, 0x00, 0x3E, 0x00,
    0x1F, 0x00, 0x0F, 0x81, 0xFF, 0xFF, 0xFF, 0xFF, 0xFF, 0xFF, 0xFF, 0xFF, 0xE0, 0x7F, 0xF8, 0x07,
    0xFF, 0x80, 0x7F, 0xF8, 0x07, 0xFF, 0x80, 0x00, 0xF8, 0x00, 0x0F, 0x80, 0x00, 0xF8, 0x00, 0x0F,
    0x80, 0x00, 0xF8, 0x00, 0x0F, 0x80, 0x00, 0xF8, 0x00, 0x0F, 0x80, 0x00, 0xF8, 0x00, 0x0F, 0x80,
    0x00, 0xF8, 0x00, 0x0F, 0x80, 0x00, 0xF8, 0x07, 0xFF, 0xFF, 0x7F, 0xFF, 0xF7, 0xFF, 0xFF, 0x7F,
    0xFF, 0xF0, 0xFF, 0xF0, 0xFF, 0xFF, 0xC3, 0xFF, 0xFF, 0x0F, 0xFF, 0xFC, 0x3F, 0x1F, 0x80, 0xFC,
    0x7E, 0x03, 0xF1, 0xF8, 0x0F, 0xC7, 0xE0, 0x3F, 0x1F, 0x80, 0xFC, 0x7E, 0x03, 0xF1, 0xF8, 0x0F,
    0xC7, 0xE0, 0x3F, 0x1F, 0x80, 0xFC, 0x7E, 0x03, 0xFF, 0xFF, 0x0F, 0xFF, 0xFC, 0x3F, 0xFF, 0xF0,
    0xFF, 0xFF, 0xC3, 0xF0, 0x00, 0x0F, 0xC0, 0x00, 0x3F, 0x1F, 0x80, 0xFC, 0x3F, 0x07, 0xE0, 0xFF,
    0x7F, 0x83, 0xFF, 0xFE, 0x07, 0xFF, 0xF0, 0x0F, 0xFF, 0x80, 0x0F, 0xF8, 0x00, 0x7C, 0x0F, 0x9F,
    0x83, 0xFF, 0xE1, 0xFD, 0xF8, 0x3F, 0x7C, 0x0F, 0x80, 0x00, 0x00, 0x00, 0x00, 0x00, 0x00, 0x7E,
    0x0F, 0xDF, 0x83, 0xF7, 0xE0, 0xFD, 0xF8, 0x3F, 0x7E, 0x0F, 0xDF, 0x83, 0xF7, 0xE0, 0xFD, 0xF8,
    0x3F, 0x7E, 0x0F, 0xDF, 0x83, 0xF7, 0xE0, 0xFD, 0xF8, 0x3F, 0x7E, 0x0F, 0xDF, 0x83, 0xF7, 0xE0,
    0xFD, 0xF8, 0x3F, 0x7E, 0x0F, 0xDF, 0x83, 0xF7, 0xE0, 0xFC, 0x00, 0x3F, 0x00, 0x0F, 0xC0, 0x03,
    0xE0, 0x01, 0xF8, 0x01, 0xFE, 0x7F, 0xFF, 0x1F, 0xFF, 0xC7, 0xFF, 0xE1, 0xFF, 0xE0, 0x00, 0x07,
    0xE0, 0x00, 0x0F, 0xF0, 0x00, 0x0F, 0xF8, 0x00, 0x1F, 0xFC, 0x00, 0x3E, 0x7E, 0x00, 0x7C, 0x3F,
    0x00, 0x00, 0x00, 0x00, 0x00, 0x00, 0x00, 0x00, 0x00, 0x00, 0x07, 0xE0, 0x00, 0x07, 0xE0, 0x00,
    0x07, 0xE0, 0x00, 0x07, 0xE0, 0x00, 0x07, 0xE0, 0x00, 0x07, 0xE0, 0x00, 0x07, 0xE0, 0x00, 0x07,
    0xE0, 0x00, 0x07, 0xE0, 0x00, 0x07, 0xE0, 0x00, 0x07, 0xE0, 0x00, 0x07, 0xE0, 0x00, 0x07, 0xE0,
    0x00, 0x07, 0xE0, 0x00, 0x07, 0xE0, 0x00, 0x07, 0xE0, 0x00, 0x07, 0xE0, 0x00, 0x07, 0xE0, 0xF8,
    0x07, 0xE0, 0xF8, 0x07, 0xE0, 0xFC, 0x07, 0xE0, 0xFC, 0x0F, 0xC0, 0x7F, 0xBF, 0xC0, 0x7F, 0xFF,
    0x80, 0x3F, 0xFF, 0x80, 0x1F, 0xFF, 0x00, 0x07, 0xFC, 0x00, 0x00, 0x7F, 0x00, 0x07, 0xFC, 0x00,
    0x7F, 0xF0, 0x07, 0xEF, 0xC0, 0x7E, 0x3F, 0x00, 0x00, 0x00, 0x00, 0x00, 0x00, 0x00, 0x00, 0x7F,
    0xFF, 0x03, 0xFF, 0xF8, 0x1F, 0xFF, 0xC0, 0xFF, 0xFE, 0x00, 0x03, 0xF0, 0x00, 0x1F, 0x80, 0x00,
    0xFC, 0x00, 0x07, 0xE0, 0x00, 0x3F, 0x00, 0x01, 0xF8, 0x00, 0x0F, 0xC0, 0x00, 0x7E, 0x00, 0x03,
    0xF0, 0x00, 0x1F, 0x80, 0x00, 0xFC, 0x00, 0x07, 0xE0, 0x00, 0x3F, 0x00, 0x01, 0xF8, 0x00, 0x0F,
    0xC0, 0x00, 0x7E, 0x00, 0x03, 0xF0, 0x00, 0x1F, 0x80, 0x01, 0xF8, 0x00, 0x3F, 0xC0, 0x7F, 0xFC,
    0x03, 0xFF, 0xE0, 0x1F, 0xFE, 0x00, 0xFF, 0xC0, 0x00, 0x7C, 0x03, 0xE7, 0xC0, 0x7E, 0x7C, 0x07,
    0xC7, 0xC0, 0xFC, 0x7C, 0x0F, 0xC7, 0xC1, 0xF8, 0x7C, 0x1F, 0x87, 0xC3, 0xF0, 0x7C, 0x3F, 0x07,
    0xC7, 0xE0, 0x7C, 0x7E, 0x07, 0xFF, 0xC0, 0x7F, 0xFC, 0x07, 0xFF, 0xC0, 0x7F, 0xFC, 0x07, 0xC7,
    0xE0, 0x7C, 0x7E, 0x07, 0xC3, 0xF0, 0x7C, 0x3F, 0x07, 0xC1, 0xF8, 0x7C, 0x1F, 0x87, 0xC1, 0xF8,
    0x7C, 0x0F, 0xC7, 0xC0, 0xFC, 0x7C, 0x07, 0xE7, 0xC0, 0x7E, 0x7C, 0x03, 0xF0, 0x00, 0x00, 0x00,
    0x00, 0x00, 0x00, 0x00, 0x00, 0x00, 0x00, 0x0F, 0xC0, 0x01, 0xF8, 0x00, 0x3F, 0x00, 0x03, 0xE0,
    0x00, 0x7C, 0x00, 0xF8, 0x00, 0x1F, 0x00, 0x03, 0xE0, 0x00, 0x7C, 0x00, 0x0F, 0x80, 0x01, 0xF0,
    0x00, 0x3E, 0x03, 0xFF, 0xC0, 0x7E, 0xF8, 0x1F, 0x9F, 0x03, 0xF3, 0xE0, 0xFC, 0x7C, 0x3F, 0x0F,
    0x87, 0xE1, 0xF1, 0xF8, 0x3F, 0xFF, 0x07, 0xFF, 0xC0, 0xFF, 0xF8, 0x1F, 0xFF, 0x83, 0xE3, 0xF0,
    0x7C, 0x3F, 0x0F, 0x87, 0xE1, 0xF0, 0x7E, 0x3E, 0x0F, 0xC7, 0xC0, 0xFC, 0xF8, 0x1F, 0xDF, 0x01,
    0xFB, 0xE0, 0x1F, 0x80, 0x00, 0x00, 0x00, 0x00, 0x00, 0x00, 0x00, 0x00, 0x00, 0x0F, 0xC0, 0x03,
    0xF0, 0x00, 0xFC, 0x00, 0x1F, 0x00, 0x07, 0xC0, 0x00, 0xF8, 0x0F, 0xFF, 0x01, 0xFB, 0xE0, 0x7E,
    0x7C, 0x0F, 0xCF, 0x83, 0xF1, 0xF0, 0xFE, 0x3E, 0x1F, 0x87, 0xC7, 0xE0, 0xFF, 0xFC, 0x1F, 0xFF,
    0x03, 0xFF, 0xE0, 0x7F, 0xFE, 0x0F, 0x8F, 0xC1, 0xF0, 0xFC, 0x3E, 0x1F, 0x87, 0xC1, 0xF8, 0xF8,
    0x3F, 0x9F, 0x03, 0xF3, 0xE0, 0x3F, 0x7C, 0x07, 0xEF, 0x80, 0x7E, 0x1F, 0x80, 0x0F, 0xC0, 0x03,
    0xF0, 0x01, 0xF8, 0x00, 0xFC, 0x00, 0x00, 0x00, 0x00, 0x00, 0x00, 0x00, 0x00, 0xFC, 0x00, 0x3F,
    0x00, 0x0F, 0xC0, 0x03, 0xF0, 0x00, 0xFC, 0x00, 0x3F, 0x00, 0x0F, 0xC0, 0x03, 0xF0, 0x00, 0xFC,
    0x00, 0x3F, 0x00, 0x0F, 0xC0, 0x03, 0xF0, 0x00, 0xFC, 0x00, 0x3F, 0x00, 0x0F, 0xC0, 0x03, 0xF0,
    0x00, 0xFC, 0x00, 0x3F, 0x00, 0x0F, 0xC0, 0x03, 0xF0, 0x00, 0xFC, 0x00, 0x3F, 0x00, 0x0F, 0xC0,
    0x03, 0xFF, 0xFF, 0xFF, 0xFF, 0xFF, 0xFF, 0xFF, 0xFF, 0xFC, 0x00, 0x7E, 0x00, 0x07, 0xE0, 0x00,
    0x7E, 0x00, 0x03, 0xE0, 0x00, 0x3F, 0x00, 0x00, 0x00, 0x00, 0x00, 0x00, 0x00, 0x00, 0x00, 0xFF,
    0xF0, 0x07, 0xFF, 0x80, 0x3F, 0xFC, 0x01, 0xFF, 0xE0, 0x00, 0x3F, 0x00, 0x00, 0xF8, 0x00, 0x07,
    0xC0, 0x00, 0x3E, 0x00, 0x01, 0xF0, 0x00, 0x0F, 0x80, 0x00, 0x7C, 0x00, 0x03, 0xE0, 0x00, 0x1F,
    0x00, 0x00, 0xF8, 0x00, 0x07, 0xC0, 0x00, 0x3E, 0x00, 0x01, 0xF0, 0x00, 0x0F, 0x80, 0x00, 0x7C,
    0x00, 0x03, 0xE0, 0x00, 0x1F, 0x00, 0x00, 0xF8, 0x00, 0x07, 0xF0, 0x00, 0x3F, 0xFF, 0x00, 0xFF,
    0xF8, 0x03, 0xFF, 0xC0, 0x0F, 0xFE, 0xFC, 0x00, 0x3F, 0x00, 0x0F, 0xC0, 0x03, 0xF0, 0x00, 0xFC,
    0x00, 0x3F, 0x00, 0x0F, 0xC0, 0x03, 0xF0, 0x00, 0xFC, 0x00, 0x3F, 0x00, 0x0F, 0xC0, 0x03, 0xF0,
    0x00, 0xFC, 0x00, 0x3F, 0x00, 0x0F, 0xC0, 0x03, 0xF0, 0x00, 0xFC, 0x00, 0x3F, 0x00, 0x0F, 0xC0,
    0x03, 0xF0, 0x00, 0xFC, 0x00, 0x3F, 0x00, 0x0F, 0xC0, 0x03, 0xFF, 0xFF, 0xFF, 0xFF, 0xFF, 0xFF,
    0xFF, 0xFF, 0xFC, 0x00, 0x00, 0x00, 0x00, 0x00, 0x00, 0x00, 0x00, 0x00, 0x07, 0xE0, 0x03, 0xF0,
    0x00, 0xF8, 0x00, 0x7E, 0x00, 0x3F, 0x00, 0xFF, 0xF0, 0x07, 0xFF, 0x80, 0x3F, 0xFC, 0x01, 0xFF,
    0xE0, 0x00, 0x3F, 0x00, 0x00, 0xF8, 0x00, 0x07, 0xC0, 0x00, 0x3E, 0x00, 0x01, 0xF0, 0x00, 0x0F,
    0x80, 0x00, 0x7C, 0x00, 0x03, 0xE0, 0x00, 0x1F, 0x00, 0x00, 0xF8, 0x00, 0x07, 0xC0, 0x00, 0x3E,
    0x00, 0x01, 0xF0, 0x00, 0x0F, 0x80, 0x00, 0x7C, 0x00, 0x03, 0xE0, 0x00, 0x1F, 0x00, 0x00, 0xF8,
    0x00, 0x07, 0xF0, 0x00, 0x3F, 0xFF, 0x00, 0xFF, 0xF8, 0x03, 0xFF, 0xC0, 0x0F, 0xFE, 0x00, 0x00,
    0x00, 0x00, 0x00, 0x00, 0x00, 0x00, 0x00, 0x00, 0x00, 0x0F, 0xC0, 0x00, 0x7C, 0x00, 0x07, 0xE0,
    0x00, 0x7E, 0x00, 0x03, 0xE0, 0x00, 0xFC, 0x7C, 0x3F, 0x1F, 0x0F, 0xC7, 0xC3, 0xF1, 0xF0, 0xFC,
    0x78, 0x3F, 0x1E, 0x0F, 0xC7, 0x83, 0xF0, 0x00, 0xFC, 0x00, 0x3F, 0x00, 0x0F, 0xC0, 0x03, 0xF0,
    0x00, 0xFC, 0x00, 0x3F, 0x00, 0x0F, 0xC0, 0x03, 0xF0, 0x00, 0xFC, 0x00, 0x3F, 0x00, 0x0F, 0xC0,
    0x03, 0xF0, 0x00, 0xFC, 0x00, 0x3F, 0x00, 0x0F, 0xC0, 0x03, 0xFF, 0xFF, 0xFF, 0xFF, 0xFF, 0xFF,
    0xFF, 0xFF, 0xFC, 0xFF, 0xF1, 0xF7, 0xFF, 0x8F, 0xBF, 0xFC, 0x7D, 0xFF, 0xE3, 0xC0, 0x3F, 0x1E,
    0x00, 0xF8, 0xF0, 0x07, 0xC7, 0x80, 0x3E, 0x00, 0x01, 0xF0, 0x00, 0x0F, 0x80, 0x00, 0x7C, 0x00,
    0x03, 0xE0, 0x00, 0x1F, 0x00, 0x00, 0xF8, 0x00, 0x07, 0xC0, 0x00, 0x3E, 0x00, 0x01, 0xF0, 0x00,
    0x0F, 0x80, 0x00, 0x7C, 0x00, 0x03, 0xE0, 0x00, 0x1F, 0x00, 0x00, 0xF8, 0x00, 0x07, 0xF0, 0x00,
    0x3F, 0xFF, 0x00, 0xFF, 0xF8, 0x03, 0xFF, 0xC0, 0x0F, 0xFE, 0xFC, 0x00, 0x3F, 0x00, 0x0F, 0xC0,
    0x03, 0xF0, 0x00, 0xFC, 0x00, 0x3F, 0x00, 0x0F, 0xC0, 0x03, 0xF0, 0x00, 0xFC, 0x00, 0x3F, 0x00,
    0x0F, 0xC0, 0xFB, 0xF0, 0x7F, 0xFC, 0x1F, 0xFF, 0x0F, 0xFF, 0xC3, 0xFF, 0xF0, 0x7F, 0xFC, 0x0F,
    0xBF, 0x00, 0x0F, 0xC0, 0x03, 0xF0, 0x00, 0xFC, 0x00, 0x3F, 0x00, 0x0F, 0xC0, 0x03, 0xFF, 0xFF,
    0xFF, 0xFF, 0xFF, 0xFF, 0xFF, 0xFF, 0xFC, 0xFF, 0xF0, 0x00, 0x7F, 0xF8, 0x00, 0x3F, 0xFC, 0x00,
    0x1F, 0xFE, 0x00, 0x00, 0x1F, 0x00, 0x00, 0x0F, 0x80, 0x00, 0x07, 0xC0, 0x00, 0x03, 0xE0, 0x00,
    0x01, 0xF0, 0x00, 0x00, 0xF8, 0x00, 0x00, 0x7C, 0x07, 0xC0, 0x3E, 0x07, 0xF0, 0x1F, 0x03, 0xF8,
    0x0F, 0x83, 0xFC, 0x07, 0xC0, 0xFE, 0x03, 0xE0, 0x7F, 0x01, 0xF0, 0x1F, 0x00, 0xF8, 0x00, 0x00,
    0x7C, 0x00, 0x00, 0x3E, 0x00, 0x00, 0x1F, 0x00, 0x00, 0x0F, 0xC0, 0x00, 0x07, 0xF0, 0x00, 0x03,
    0xFF, 0xF0, 0x00, 0xFF, 0xF8, 0x00, 0x3F, 0xFC, 0x00, 0x0F, 0xFE, 0x00, 0x0F, 0xC0, 0x00, 0x3F,
    0x00, 0x00, 0xFC, 0x00, 0x03, 0xF0, 0x00, 0x0F, 0xC0, 0x00, 0x3F, 0x00, 0x00, 0xFC, 0x20, 0x03,
    0xF3, 0x80, 0x0F, 0xDE, 0x00, 0x3F, 0xF8, 0x00, 0xFF, 0xE0, 0x03, 0xFF, 0x00, 0x1F, 0xF0, 0x00,
    0xFF, 0x80, 0x0F, 0xFC, 0x00, 0x3F, 0xF0, 0x00, 0xFF, 0xC0, 0x03, 0xBF, 0x00, 0x04, 0xFC, 0x00,
    0x03, 0xF0, 0x00, 0x0F, 0xC0, 0x00, 0x3F, 0x00, 0x00, 0xFC, 0x00, 0x03, 0xFF, 0xFF, 0x0F, 0xFF,
    0xFC, 0x3F, 0xFF, 0xF0, 0xFF, 0xFF, 0xC0, 0xFF, 0xF0, 0x07, 0xFF, 0x80, 0x3F, 0xFC, 0x01, 0xFF,
    0xE0, 0x00, 0x3F, 0x00, 0x00, 0xF8, 0x00, 0x07, 0xC2, 0x00, 0x3E, 0x70, 0x01, 0xF7, 0x80, 0x0F,
    0xFC, 0x00, 0x7F, 0xE0, 0x03, 0xFE, 0x00, 0x7F, 0xE0, 0x07, 0xFC, 0x00, 0xFF, 0xC0, 0x07, 0xFE,
    0x00, 0x3F, 0xF0, 0x01, 0xCF, 0x80, 0x04, 0x7C, 0x00, 0x03, 0xE0, 0x00, 0x1F, 0x00, 0x00, 0xF8,
    0x00, 0x07, 0xF0, 0x00, 0x3F, 0xFF, 0x00, 0xFF, 0xF8, 0x03, 0xFF, 0xC0, 0x0F, 0xFE, 0x00, 0x3F,
    0x00, 0x0F, 0xC0, 0x03, 0xF0, 0x00, 0xFC, 0x00, 0x3F, 0x00, 0x00, 0x00, 0x00, 0x00, 0x00, 0x00,
    0x00, 0xFE, 0x07, 0xDF, 0xC0, 0xFB, 0xFC, 0x1F, 0x7F, 0x83, 0xEF, 0xF8, 0x7D, 0xFF, 0x0F, 0xBF,
    0xE1, 0xF7, 0xFE, 0x3E, 0xFF, 0xC7, 0xDF, 0x78, 0xFB, 0xEF, 0x9F, 0x7D, 0xF3, 0xEF, 0x9E, 0x7D,
    0xF3, 0xEF, 0xBE, 0x7D, 0xF7, 0xC7, 0xBE, 0xF8, 0xFF, 0xDF, 0x0F, 0x7B, 0xE1, 0xEF, 0x7C, 0x3F,
    0xEF, 0x83, 0xFD, 0xF0, 0x7F, 0xBE, 0x0F, 0xF7, 0xC0, 0xFE, 0xF8, 0x1F, 0xDF, 0x03, 0xFB, 0xE0,
    0x3F, 0x00, 0x00, 0x3F, 0x00, 0x1F, 0x80, 0x0F, 0xC0, 0x07, 0xE0, 0x01, 0xF0, 0x00, 0x00, 0x00,
    0x00, 0x00, 0x00, 0x00, 0x7C, 0xFE, 0x1F, 0x7F, 0xC7, 0xFF, 0xF9, 0xFF, 0xFE, 0x7F, 0xBF, 0xDF,
    0x83, 0xF7, 0xC0, 0x7D, 0xF0, 0x1F, 0x7C, 0x07, 0xDF, 0x01, 0xF7, 0xC0, 0x7D, 0xF0, 0x1F, 0x7C,
    0x07, 0xDF, 0x01, 0xF7, 0xC0, 0x7D, 0xF0, 0x1F, 0x7C, 0x07, 0xDF, 0x01, 0xF7, 0xC0, 0x7D, 0xF0,
    0x1F, 0x7C, 0x07, 0xC0, 0xFE, 0x07, 0xDF, 0xC0, 0xFB, 0xFC, 0x1F, 0x7F, 0x83, 0xEF, 0xF8, 0x7D,
    0xFF, 0x0F, 0xBF, 0xE1, 0xF7, 0xFE, 0x3E, 0xFF, 0xC7, 0xDF, 0x78, 0xFB, 0xEF, 0x9F, 0x7D, 0xF3,
    0xEF, 0x9E, 0x7D, 0xF3, 0xEF, 0xBE, 0x7D, 0xF7, 0xC7, 0xBE, 0xF8, 0xFF, 0xDF, 0x0F, 0x7B, 0xE1,
    0xEF, 0x7C, 0x3F, 0xEF, 0x83, 0xFD, 0xF0, 0x7F, 0xBE, 0x0F, 0xF7, 0xC0, 0xFE, 0xF8, 0x1F, 0xDF,
    0x03, 0xFB, 0xE0, 0x3F, 0x00, 0x00, 0x00, 0x00, 0x00, 0x00, 0x00, 0x00, 0x00, 0x00, 0x07, 0xE0,
    0x01, 0xF8, 0x00, 0x7E, 0x00, 0x0F, 0x80, 0x03, 0xE0, 0x00, 0x7C, 0xFE, 0x1F, 0x7F, 0xC7, 0xFF,
    0xF9, 0xFF, 0xFE, 0x7F, 0xBF, 0xDF, 0x83, 0xF7, 0xC0, 0x7D, 0xF0, 0x1F, 0x7C, 0x07, 0xDF, 0x01,
    0xF7, 0xC0, 0x7D, 0xF0, 0x1F, 0x7C, 0x07, 0xDF, 0x01, 0xF7, 0xC0, 0x7D, 0xF0, 0x1F, 0x7C, 0x07,
    0xDF, 0x01, 0xF7, 0xC0, 0x7D, 0xF0, 0x1F, 0x7C, 0x07, 0xC0, 0x00, 0x00, 0x00, 0x00, 0x00, 0x00,
    0x00, 0x00, 0x00, 0x3F, 0x00, 0x1F, 0x80, 0x0F, 0xC0, 0x03, 0xE0, 0x01, 0xF0, 0x00, 0x3E, 0x0F,
    0x87, 0xE3, 0xE0, 0x7E, 0xF8, 0x07, 0xFE, 0x00, 0x7F, 0xC0, 0x07, 0xF0, 0x00, 0x00, 0x00, 0x00,
    0x00, 0x00, 0x00, 0x1F, 0xC0, 0xFB, 0xF8, 0x1F, 0x7F, 0x83, 0xEF, 0xF0, 0x7D, 0xFF, 0x0F, 0xBF,
    0xE1, 0xF7, 0xFC, 0x3E, 0xFF, 0xC7, 0xDF, 0xF8, 0xFB, 0xEF, 0x1F, 0x7D, 0xF3, 0xEF, 0xBE, 0x7D,
    0xF3, 0xCF, 0xBE, 0x7D, 0xF7, 0xCF, 0xBE, 0xF8, 0xF7, 0xDF, 0x1F, 0xFB, 0xE1, 0xEF, 0x7C, 0x3D,
    0xEF, 0x87, 0xFD, 0xF0, 0x7F, 0xBE, 0x0F, 0xF7, 0xC1, 0xFE, 0xF8, 0x1F, 0xDF, 0x03, 0xFB, 0xE0,
    0x7F, 0x7C, 0x07, 0xE0, 0x3F, 0x1F, 0x87, 0xEF, 0xC0, 0xFF, 0xE0, 0x1F, 0xF0, 0x03, 0xF8, 0x00,
    0x00, 0x00, 0x00, 0x00, 0x00, 0x00, 0x7C, 0xFE, 0x1F, 0x7F, 0xC7, 0xFF, 0xF9, 0xFF, 0xFE, 0x7F,
    0xBF, 0xDF, 0x83, 0xF7, 0xC0, 0x7D, 0xF0, 0x1F, 0x7C, 0x07, 0xDF, 0x01, 0xF7, 0xC0, 0x7D, 0xF0,
    0x1F, 0x7C, 0x07, 0xDF, 0x01, 0xF7, 0xC0, 0x7D, 0xF0, 0x1F, 0x7C, 0x07, 0xDF, 0x01, 0xF7, 0xC0,
    0x7D, 0xF0, 0x1F, 0x7C, 0x07, 0xC0, 0x1F, 0x80, 0x01, 0xF8, 0x00, 0x0F, 0x80, 0x00, 0xF8, 0x00,
    0x0F, 0xC0, 0x00, 0x00, 0x00, 0x00, 0x00, 0x00, 0x00, 0x00, 0x00, 0x00, 0x00, 0x00, 0x7C, 0xFE,
    0x03, 0xEF, 0xF8, 0x1F, 0xFF, 0xE0, 0xFF, 0xFF, 0x07, 0xFB, 0xFC, 0x3F, 0x07, 0xE1, 0xF0, 0x1F,
    0x0F, 0x80, 0xF8, 0x7C, 0x07, 0xC3, 0xE0, 0x3E, 0x1F, 0x01, 0xF0, 0xF8, 0x0F, 0x87, 0xC0, 0x7C,
    0x3E, 0x03, 0xE1, 0xF0, 0x1F, 0x0F, 0x80, 0xF8, 0x7C, 0x07, 0xC3, 0xE0, 0x3E, 0x1F, 0x01, 0xF0,
    0xF8, 0x0F, 0x87, 0xC0, 0x7C, 0xFE, 0x07, 0xDF, 0xE0, 0xFB, 0xFC, 0x1F, 0x7F, 0x83, 0xEF, 0xF8,
    0x7D, 0xFF, 0x0F, 0xBF, 0xF1, 0xF7, 0xFE, 0x3E, 0xFB, 0xC7, 0xDF, 0x7C, 0xFB, 0xEF, 0x9F, 0x7C,
    0xFB, 0xEF, 0x9F, 0x7D, 0xF1, 0xF7, 0xBE, 0x3E, 0xF7, 0xC3, 0xDE, 0xF8, 0x7F, 0xDF, 0x0F, 0xFB,
    0xE0, 0xFF, 0x7C, 0x1F, 0xEF, 0x81, 0xFD, 0xF0, 0x3F, 0xBE, 0x07, 0xF7, 0xC0, 0x7E, 0xF8, 0x0F,
    0xDF, 0x00, 0xFB, 0xE0, 0x1F, 0x00, 0x03, 0xE0, 0x00, 0xFC, 0x00, 0x7F, 0x80, 0x7F, 0xE0, 0x0F,
    0xFC, 0x01, 0xFE, 0x00, 0x3F, 0x80, 0x7C, 0xFE, 0x1F, 0x7F, 0xC7, 0xFF, 0xF9, 0xFF, 0xFE, 0x7F,
    0xBF, 0xDF, 0x83, 0xF7, 0xC0, 0x7D, 0xF0, 0x1F, 0x7C, 0x07, 0xDF, 0x01, 0xF7, 0xC0, 0x7D, 0xF0,
    0x1F, 0x7C, 0x07, 0xDF, 0x01, 0xF7, 0xC0, 0x7D, 0xF0, 0x1F, 0x7C, 0x07, 0xDF, 0x01, 0xF7, 0xC0,
    0x7D, 0xF0, 0x1F, 0x7C, 0x07, 0xC0, 0x01, 0xF0, 0x00, 0xFC, 0x00, 0xFF, 0x01, 0xFF, 0x80, 0x7F,
    0xC0, 0x1F, 0xE0, 0x07, 0xF0, 0x00, 0x00, 0x07, 0xFF, 0xE0, 0xFF, 0xFC, 0x1F, 0xFF, 0x83, 0xFF,
    0xF0, 0x00, 0x00, 0x00, 0x00, 0x00, 0x00, 0x00, 0x00, 0x00, 0x00, 0xFF, 0x80, 0x7F, 0xF8, 0x1F,
    0xFF, 0x83, 0xFF, 0xF8, 0xFF, 0xFF, 0x9F, 0x83, 0xF3, 0xE0, 0x3E, 0xFC, 0x07, 0xDF, 0x80, 0xFB,
    0xF0, 0x1F, 0x7E, 0x03, 0xEF, 0xC0, 0x7D, 0xF8, 0x0F, 0xBF, 0x01, 0xF7, 0xE0, 0x3E, 0xFC, 0x07,
    0xDF, 0x80, 0xFB, 0xF0, 0x1F, 0x7E, 0x03, 0xEF, 0xC0, 0x7C, 0xF8, 0x0F, 0x9F, 0x83, 0xF3, 0xFF,
    0xFE, 0x3F, 0xFF, 0x87, 0xFF, 0xE0, 0x7F, 0xF8, 0x03, 0xFE, 0x00, 0x00, 0x00, 0x07, 0xFF, 0xE0,
    0xFF, 0xFC, 0x1F, 0xFF, 0x83, 0xFF, 0xF0, 0x00, 0x00, 0x00, 0x00, 0x00, 0x00, 0x00, 0x00, 0x00,
    0x00, 0xFF, 0x80, 0x7F, 0xF8, 0x1F, 0xFF, 0xC3, 0xFF, 0xF8, 0xFF, 0x7F, 0x9F, 0x83, 0xF7, 0xE0,
    0x3E, 0xFC, 0x07, 0xDF, 0x80, 0xFF, 0xF0, 0x1F, 0xFE, 0x03, 0xFF, 0xC0, 0x7F, 0xF8, 0x0F, 0xFF,
    0x01, 0xF7, 0xE0, 0x3E, 0x7E, 0x0F, 0xCF, 0xFF, 0xF8, 0xFF, 0xFE, 0x1F, 0xFF, 0xC1, 0xFF, 0xE0,
    0x0F, 0xF8, 0x00, 0x1E, 0x0F, 0x03, 0xC1, 0xE0, 0x7C, 0x7C, 0x0F, 0xFF, 0x80, 0xFF, 0xE0, 0x07,
    0xF0, 0x00, 0x00, 0x00, 0x00, 0x00, 0x00, 0x00, 0x00, 0xFF, 0x80, 0x7F, 0xF8, 0x1F, 0xFF, 0x83,
    0xFF, 0xF8, 0xFF, 0xFF, 0x9F, 0x83, 0xF3, 0xE0, 0x3E, 0xFC, 0x07, 0xDF, 0x80, 0xFB, 0xF0, 0x1F,
    0x7E, 0x03, 0xEF, 0xC0, 0x7D, 0xF8, 0x0F, 0xBF, 0x01, 0xF7, 0xE0, 0x3E, 0xFC, 0x07, 0xDF, 0x80,
    0xFB, 0xF0, 0x1F, 0x7E, 0x03, 0xEF, 0xC0, 0x7C, 0xF8, 0x0F, 0x9F, 0x83, 0xF3, 0xFF, 0xFE, 0x3F,
    0xFF, 0x87, 0xFF, 0xE0, 0x7F, 0xF8, 0x03, 0xFE, 0x00, 0x1E, 0x0F, 0x07, 0xC1, 0xE0, 0x7C, 0x7C,
    0x0F, 0xFF, 0x80, 0xFF, 0xE0, 0x07, 0xF0, 0x00, 0x00, 0x00, 0x00, 0x00, 0x00, 0x00, 0x00, 0xFF,
    0x80, 0x7F, 0xF8, 0x1F, 0xFF, 0xC3, 0xFF, 0xF8, 0xFF, 0x7F, 0x9F, 0x83, 0xF7, 0xE0, 0x3E, 0xFC,
    0x07, 0xDF, 0x80, 0xFF, 0xF0, 0x1F, 0xFE, 0x03, 0xFF, 0xC0, 0x7F, 0xF8, 0x0F, 0xFF, 0x01, 0xF7,
    0xE0, 0x3E, 0x7E, 0x0F, 0xCF, 0xFF, 0xF8, 0xFF, 0xFE, 0x1F, 0xFF, 0xC1, 0xFF, 0xE0, 0x0F, 0xF8,
    0x00, 0x03, 0xE3, 0xE0, 0x7C, 0x7C, 0x0F, 0xCF, 0x81, 0xF9, 0xF0, 0x1F, 0x3F, 0x00, 0x00, 0x00,
    0x00, 0x00, 0x00, 0x00, 0x00, 0x07, 0xFC, 0x01, 0xFF, 0xE0, 0x3F, 0xFF, 0x03, 0xFF, 0xF8, 0x7F,
    0xFF, 0xC7, 0xE0, 0xFC, 0x7C, 0x07, 0xCF, 0xC0, 0x7C, 0xFC, 0x07, 0xCF, 0xC0, 0x7C, 0xFC, 0x07,
    0xCF, 0xC0, 0x7C, 0xFC, 0x07, 0xCF, 0xC0, 0x7C, 0xFC, 0x07, 0xCF, 0xC0, 0x7C, 0xFC, 0x07, 0xCF,
    0xC0, 0x7C, 0xFC, 0x07, 0xCF, 0xC0, 0x7C, 0x7C, 0x07, 0xC7, 0xE0, 0xFC, 0x7F, 0xFF, 0xC3, 0xFF,
    0xF8, 0x3F, 0xFF, 0x01, 0xFF, 0xE0, 0x07, 0xFC, 0x00, 0x03, 0xE3, 0xE0, 0x7C, 0x7C, 0x0F, 0xCF,
    0x81, 0xF9, 0xF0, 0x1F, 0x3F, 0x00, 0x00, 0x00, 0x00, 0x00, 0x00, 0x00, 0x00, 0x07, 0xFC, 0x01,
    0xFF, 0xE0, 0x3F, 0xFF, 0x83, 0xFF, 0xF8, 0x7F, 0xBF, 0xC7, 0xE0, 0xFC, 0xFC, 0x07, 0xCF, 0xC0,
    0x7C, 0xFC, 0x07, 0xEF, 0xC0, 0x7E, 0xFC, 0x07, 0xEF, 0xC0, 0x7E, 0xFC, 0x07, 0xEF, 0xC0, 0x7C,
    0xFC, 0x07, 0xC7, 0xE0, 0xFC, 0x7F, 0xFF, 0xC3, 0xFF, 0xF8, 0x3F, 0xFF, 0x81, 0xFF, 0xE0, 0x07,
    0xFC, 0x00, 0x1F, 0xBF, 0xF9, 0xFF, 0xFF, 0xDF, 0xFF, 0xFE, 0xFF, 0xFF, 0xFF, 0xFF, 0xE0, 0x7E,
    0x3F, 0x03, 0xE0, 0xF8, 0x1F, 0x07, 0xC0, 0xF8, 0x3E, 0x07, 0xC1, 0xF0, 0x3E, 0x0F, 0x81, 0xF0,
    0x7F, 0xEF, 0x83, 0xFF, 0x7C, 0x1F, 0xFB, 0xE0, 0xFF, 0xDF, 0x07, 0xC0, 0xF8, 0x3E, 0x07, 0xC1,
    0xF0, 0x3E, 0x0F, 0x81, 0xF0, 0x7C, 0x0F, 0x83, 0xE0, 0x7E, 0x3F, 0x03, 0xFF, 0xF8, 0x0F, 0xFF,
    0xFF, 0x7F, 0xFF, 0xF9, 0xFF, 0xFF, 0xC7, 0xEF, 0xFE, 0x1F, 0x8F, 0xC3, 0xFE, 0xFF, 0x1F, 0xFF,
    0xFD, 0xFB, 0xFB, 0xFF, 0x8F, 0x8F, 0xFC, 0x7C, 0x7F, 0xE3, 0xE3, 0xFF, 0x1F, 0x1F, 0xF8, 0xFF,
    0xFF, 0xC7, 0xFF, 0xFE, 0x3F, 0xFF, 0xF1, 0xF0, 0x0F, 0x8F, 0x80, 0x7C, 0x7C, 0x03, 0xE3, 0xE0,
    0x1F, 0x1F, 0x1E, 0xF8, 0xF8, 0xFF, 0xEF, 0xEF, 0x9F, 0xFF, 0xFC, 0xFF, 0xBF, 0xC1, 0xF8, 0xFC,
    0x00, 0x00, 0x3F, 0x00, 0x07, 0xE0, 0x00, 0xFC, 0x00, 0x1F, 0x80, 0x03, 0xF0, 0x00, 0x00, 0x00,
    0x00, 0x00, 0x00, 0x00, 0x00, 0x7F, 0xFC, 0x07, 0xFF, 0xF0, 0x7F, 0xFF, 0x87, 0xFF, 0xFC, 0x7C,
    0x3F, 0xC7, 0xC0, 0x7E, 0x7C, 0x07, 0xE7, 0xC0, 0x3E, 0x7C, 0x03, 0xE7, 0xC0, 0x7E, 0x7C, 0x07,
    0xE7, 0xC1, 0xFC, 0x7F, 0xFF, 0xC7, 0xFF, 0xF8, 0x7F, 0xFF, 0x07, 0xFF, 0xC0, 0x7C, 0x7E, 0x07,
    0xC7, 0xE0, 0x7C, 0x3F, 0x07, 0xC3, 0xF0, 0x7C, 0x1F, 0x87, 0xC1, 0xF8, 0x7C, 0x0F, 0x87, 0xC0,
    0xFC, 0x7C, 0x0F, 0xC7, 0xC0, 0x7E, 0x7C, 0x07, 0xE0, 0x00, 0x7E, 0x00, 0x1F, 0x80, 0x0F, 0xC0,
    0x07, 0xE0, 0x03, 0xF0, 0x00, 0x00, 0x00, 0x00, 0x00, 0x00, 0x00, 0xFC, 0xFE, 0x3F, 0xFF, 0xCF,
    0xFF, 0xFB, 0xFF, 0xFE, 0xFF, 0xFF, 0xFF, 0x83, 0xFF, 0xC0, 0x7F, 0xF0, 0x1F, 0xFC, 0x07, 0xFF,
    0x01, 0xFF, 0xC0, 0x03, 0xF0, 0x00, 0xFC, 0x00, 0x3F, 0x00, 0x0F, 0xC0, 0x03, 0xF0, 0x00, 0xFC,
    0x00, 0x3F, 0x00, 0x0F, 0xC0, 0x03, 0xF0, 0x00, 0xFC, 0x00, 0x00, 0x7F, 0xFC, 0x07, 0xFF, 0xF0,
    0x7F, 0xFF, 0x87, 0xFF, 0xFC, 0x7C, 0x3F, 0xC7, 0xC0, 0x7E, 0x7C, 0x07, 0xE7, 0xC0, 0x3E, 0x7C,
    0x03, 0xE7, 0xC0, 0x7E, 0x7C, 0x07, 0xE7, 0xC1, 0xFC, 0x7F, 0xFF, 0xC7, 0xFF, 0xF8, 0x7F, 0xFF,
    0x07, 0xFF, 0xC0, 0x7C, 0x7E, 0x07, 0xC7, 0xE0, 0x7C, 0x3F, 0x07, 0xC3, 0xF0, 0x7C, 0x1F, 0x87,
    0xC1, 0xF8, 0x7C, 0x0F, 0x87, 0xC0, 0xFC, 0x7C, 0x0F, 0xC7, 0xC0, 0x7E, 0x7C, 0x07, 0xE0, 0x00,
    0x00, 0x00, 0x00, 0x00, 0x00, 0x00, 0x00, 0x00, 0x00, 0x0F, 0xC0, 0x01, 0xF8, 0x00, 0x3F, 0x00,
    0x03, 0xE0, 0x00, 0x7C, 0x00, 0x1F, 0x9F, 0xC0, 0xFF, 0xFF, 0x07, 0xFF, 0xFC, 0x3F, 0xFF, 0xE1,
    0xFF, 0xFF, 0x8F, 0xE0, 0xFC, 0x7E, 0x03, 0xE3, 0xF0, 0x1F, 0x1F, 0x80, 0xF8, 0xFC, 0x07, 0xC7,
    0xE0, 0x00, 0x3F, 0x00, 0x01, 0xF8, 0x00, 0x0F, 0xC0, 0x00, 0x7E, 0x00, 0x03, 0xF0, 0x00, 0x1F,
    0x80, 0x00, 0xFC, 0x00, 0x07, 0xE0, 0x00, 0x3F, 0x00, 0x01, 0xF8, 0x00, 0x00, 0x00, 0x00, 0x00,
    0x00, 0x00, 0x00, 0x00, 0x00, 0x00, 0x00, 0x7E, 0x00, 0x07, 0xE0, 0x00, 0x7E, 0x00, 0x03, 0xE0,
    0x00, 0x3E, 0x00, 0x00, 0x3E, 0x0F, 0x83, 0xF1, 0xF0, 0x1F, 0xBE, 0x00, 0xFF, 0xC0, 0x07, 0xFC,
    0x00, 0x3F, 0x80, 0x00, 0x00, 0x00, 0x00, 0x00, 0x00, 0x00, 0x07, 0xFF, 0xC0, 0x7F, 0xFF, 0x07,
    0xFF, 0xF8, 0x7F, 0xFF, 0xC7, 0xC3, 0xFC, 0x7C, 0x07, 0xE7, 0xC0, 0x7E, 0x7C, 0x03, 0xE7, 0xC0,
    0x3E, 0x7C, 0x07, 0xE7, 0xC0, 0x7E, 0x7C, 0x1F, 0xC7, 0xFF, 0xFC, 0x7F, 0xFF, 0x87, 0xFF, 0xF0,
    0x7F, 0xFC, 0x07, 0xC7, 0xE0, 0x7C, 0x7E, 0x07, 0xC3, 0xF0, 0x7C, 0x3F, 0x07, 0xC1, 0xF8, 0x7C,
    0x1F, 0x87, 0xC0, 0xF8, 0x7C, 0x0F, 0xC7, 0xC0, 0xFC, 0x7C, 0x07, 0xE7, 0xC0, 0x7E, 0x3E, 0x1F,
    0x87, 0xEF, 0xC0, 0xFF, 0xC0, 0x1F, 0xE0, 0x03, 0xF0, 0x00, 0x00, 0x00, 0x00, 0x00, 0x00, 0x00,
    0xFC, 0xFE, 0x3F, 0xFF, 0xCF, 0xFF, 0xFB, 0xFF, 0xFE, 0xFF, 0xFF, 0xFF, 0x83, 0xFF, 0xC0, 0x7F,
    0xF0, 0x1F, 0xFC, 0x07, 0xFF, 0x01, 0xFF, 0xC0, 0x03, 0xF0, 0x00, 0xFC, 0x00, 0x3F, 0x00, 0x0F,
    0xC0, 0x03, 0xF0, 0x00, 0xFC, 0x00, 0x3F, 0x00, 0x0F, 0xC0, 0x03, 0xF0, 0x00, 0xFC, 0x00, 0x00,
    0x00, 0x3F, 0x00, 0x0F, 0xC0, 0x03, 0xF0, 0x00, 0xFC, 0x00, 0x3F, 0x00, 0x00, 0x00, 0x00, 0x00,
    0x00, 0x00, 0x00, 0x07, 0xFC, 0x03, 0xFF, 0xC0, 0xFF, 0xFC, 0x3F, 0xFF, 0xC7, 0xFF, 0xFC, 0xF8,
    0x1F, 0xBF, 0x01, 0xF7, 0xE0, 0x3E, 0xFC, 0x00, 0x0F, 0xC0, 0x01, 0xFF, 0x00, 0x1F, 0xFC, 0x01,
    0xFF, 0xE0, 0x1F, 0xFF, 0x00, 0xFF, 0xE0, 0x03, 0xFE, 0x00, 0x0F, 0xE0, 0x00, 0xFC, 0x00, 0x1F,
    0xFC, 0x01, 0xFF, 0x80, 0x7F, 0xF8, 0x0F, 0xFF, 0xEF, 0xF3, 0xFF, 0xFE, 0x3F, 0xFF, 0x83, 0xFF,
    0xE0, 0x1F, 0xF0, 0x00, 0x00, 0x3F, 0x00, 0x0F, 0xC0, 0x03, 0xF0, 0x00, 0xFC, 0x00, 0x3F, 0x00,
    0x00, 0x00, 0x00, 0x00, 0x00, 0x00, 0x00, 0x0F, 0xFC, 0x07, 0xFF, 0xE1, 0xFF, 0xFE, 0x3F, 0xFF,
    0xE7, 0xF3, 0xFD, 0xF8, 0x0F, 0xBF, 0x00, 0x03, 0xE0, 0x00, 0x7F, 0xF8, 0x0F, 0xFF, 0xE0, 0xFF,
    0xFE, 0x07, 0xFF, 0xE0, 0x03, 0xFC, 0x00, 0x0F, 0xFE, 0x01, 0xFF, 0xE0, 0x3F, 0xFF, 0x1F, 0xEF,
    0xFF, 0xF9, 0xFF, 0xFF, 0x1F, 0xFF, 0xC0, 0xFF, 0xE0, 0x01, 0xF0, 0x00, 0x7F, 0x00, 0x1F, 0xF0,
    0x07, 0xFF, 0x01, 0xFB, 0xF0, 0x7E, 0x3F, 0x00, 0x00, 0x00, 0x00, 0x00, 0x00, 0x00, 0x00, 0xFF,
    0x80, 0x7F, 0xF8, 0x1F, 0xFF, 0x87, 0xFF, 0xF8, 0xFF, 0xFF, 0x9F, 0x03, 0xF7, 0xE0, 0x3E, 0xFC,
    0x07, 0xDF, 0x80, 0x01, 0xF8, 0x00, 0x3F, 0xE0, 0x03, 0xFF, 0x80, 0x3F, 0xFC, 0x03, 0xFF, 0xE0,
    0x1F, 0xFC, 0x00, 0x7F, 0xC0, 0x01, 0xFC, 0x00, 0x1F, 0x80, 0x03, 0xFF, 0x80, 0x3F, 0xF0, 0x0F,
    0xFF, 0x01, 0xFF, 0xFD, 0xFE, 0x7F, 0xFF, 0xC7, 0xFF, 0xF0, 0x7F, 0xFC, 0x03, 0xFE, 0x00, 0x03,
    0xF8, 0x00, 0xFF, 0x80, 0x3F, 0xF8, 0x0F, 0xDF, 0x83, 0xF1, 0xF8, 0x00, 0x00, 0x00, 0x00, 0x00,
    0x00, 0x00, 0x0F, 0xFC, 0x07, 0xFF, 0xE1, 0xFF, 0xFE, 0x3F, 0xFF, 0xE7, 0xF3, 0xFD, 0xF8, 0x0F,
    0xBF, 0x00, 0x03, 0xE0, 0x00, 0x7F, 0xF8, 0x0F, 0xFF, 0xE0, 0xFF, 0xFE, 0x07, 0xFF, 0xE0, 0x03,
    0xFC, 0x00, 0x0F, 0xFE, 0x01, 0xFF, 0xE0, 0x3F, 0xFF, 0x1F, 0xEF, 0xFF, 0xF9, 0xFF, 0xFF, 0x1F,
    0xFF, 0xC0, 0xFF, 0xE0, 0x07, 0xFC, 0x03, 0xFF, 0xC0, 0xFF, 0xFC, 0x3F, 0xFF, 0xC7, 0xFF, 0xFC,
    0xF8, 0x1F, 0xBF, 0x01, 0xF7, 0xE0, 0x3E, 0xFC, 0x00, 0x0F, 0xC0, 0x01, 0xFF, 0x00, 0x1F, 0xFC,
    0x01, 0xFF, 0xE0, 0x1F, 0xFF, 0x00, 0xFF, 0xE0, 0x03, 0xFE, 0x00, 0x0F, 0xE0, 0x00, 0xFC, 0x00,
    0x1F, 0xFC, 0x01, 0xFF, 0x80, 0x7F, 0xF8, 0x0F, 0xFF, 0xEF, 0xF3, 0xFF, 0xFE, 0x3F, 0xFF, 0x83,
    0xFF, 0xE0, 0x1F, 0xF0, 0x00, 0xE0, 0x00, 0x3F, 0x00, 0x07, 0xF8, 0x00, 0x0F, 0x00, 0x01, 0xF0,
    0x03, 0xFE, 0x00, 0xFF, 0x80, 0x1F, 0xE0, 0x00, 0x0F, 0xFC, 0x07, 0xFF, 0xE1, 0xFF, 0xFE, 0x3F,
    0xFF, 0xE7, 0xF3, 0xFD, 0xF8, 0x0F, 0xBF, 0x00, 0x03, 0xE0, 0x00, 0x7F, 0xF8, 0x0F, 0xFF, 0xE0,
    0xFF, 0xFE, 0x07, 0xFF, 0xE0, 0x03, 0xFC, 0x00, 0x0F, 0xFE, 0x01, 0xFF, 0xE0, 0x3F, 0xFF, 0x1F,
    0xEF, 0xFF, 0xF9, 0xFF, 0xFF, 0x1F, 0xFF, 0xC0, 0xFF, 0xE0, 0x03, 0x80, 0x00, 0xFC, 0x00, 0x1F,
    0xE0, 0x00, 0x3E, 0x00, 0x07, 0xC0, 0x0F, 0xF8, 0x03, 0xFE, 0x00, 0x7F, 0x80, 0x3E, 0x0F, 0x87,
    0xE3, 0xE0, 0x7E, 0xF8, 0x07, 0xFE, 0x00, 0x7F, 0xC0, 0x07, 0xF0, 0x00, 0x00, 0x00, 0x00, 0x00,
    0x00, 0x00, 0x00, 0xFF, 0x80, 0x7F, 0xF8, 0x1F, 0xFF, 0x87, 0xFF, 0xF8, 0xFF, 0xFF, 0x9F, 0x03,
    0xF7, 0xE0, 0x3E, 0xFC, 0x07, 0xDF, 0x80, 0x01, 0xF8, 0x00, 0x3F, 0xE0, 0x03, 0xFF, 0x80, 0x3F,
    0xFC, 0x03, 0xFF, 0xE0, 0x1F, 0xFC, 0x00, 0x7F, 0xC0, 0x01, 0xFC, 0x00, 0x1F, 0x80, 0x03, 0xFF,
    0x80, 0x3F, 0xF0, 0x0F, 0xFF, 0x01, 0xFF, 0xFD, 0xFE, 0x7F, 0xFF, 0xC7, 0xFF, 0xF0, 0x7F, 0xFC,
    0x03, 0xFE, 0x00, 0x3F, 0x1F, 0x83, 0xF7, 0xE0, 0x3F, 0xF8, 0x03, 0xFE, 0x00, 0x3F, 0x80, 0x00,
    0x00, 0x00, 0x00, 0x00, 0x00, 0x00, 0x0F, 0xFC, 0x07, 0xFF, 0xE1, 0xFF, 0xFE, 0x3F, 0xFF, 0xE7,
    0xF3, 0xFD, 0xF8, 0x0F, 0xBF, 0x00, 0x03, 0xE0, 0x00, 0x7F, 0xF8, 0x0F, 0xFF, 0xE0, 0xFF, 0xFE,
    0x07, 0xFF, 0xE0, 0x03, 0xFC, 0x00, 0x0F, 0xFE, 0x01, 0xFF, 0xE0, 0x3F, 0xFF, 0x1F, 0xEF, 0xFF,
    0xF9, 0xFF, 0xFF, 0x1F, 0xFF, 0xC0, 0xFF, 0xE0, 0xFF, 0xFF, 0xF7, 0xFF, 0xFF, 0xBF, 0xFF, 0xFD,
    0xFF, 0xFF, 0xE0, 0x0F, 0x80, 0x00, 0x7C, 0x00, 0x03, 0xE0, 0x00, 0x1F, 0x00, 0x00, 0xF8, 0x00,
    0x07, 0xC0, 0x00, 0x3E, 0x00, 0x01, 0xF0, 0x00, 0x0F, 0x80, 0x00, 0x7C, 0x00, 0x03, 0xE0, 0x00,
    0x1F, 0x00, 0x00, 0xF8, 0x00, 0x07, 0xC0, 0x00, 0x3E, 0x00, 0x01, 0xF0, 0x00, 0x0F, 0x80, 0x00,
    0x7C, 0x00, 0x03, 0xE0, 0x00, 0x1F, 0x00, 0x00, 0xF8, 0x00, 0x07, 0xC0, 0x00, 0x3E, 0x00, 0x00,
    0x70, 0x00, 0x07, 0xC0, 0x00, 0x3F, 0x80, 0x00, 0x3E, 0x00, 0x00, 0xF8, 0x00, 0x7F, 0xC0, 0x07,
    0xFC, 0x00, 0x3F, 0xC0, 0x03, 0xE0, 0x00, 0x3E, 0x00, 0x03, 0xE0, 0x00, 0x3E, 0x00, 0x03, 0xE0,
    0x00, 0x3E, 0x00, 0xFF, 0xFF, 0xFF, 0xFF, 0xFF, 0xFF, 0xFF, 0xFF, 0xFF, 0xFF, 0x03, 0xE0, 0x00,
    0x3E, 0x00, 0x03, 0xE0, 0x00, 0x3E, 0x00, 0x03, 0xE0, 0x00, 0x3E, 0x00, 0x03, 0xE0, 0x00, 0x3E,
    0x00, 0x03, 0xE0, 0x00, 0x3E, 0x00, 0x03, 0xE0, 0x00, 0x3E, 0x00, 0x03, 0xF8, 0x00, 0x3F, 0xFE,
    0x01, 0xFF, 0xE0, 0x0F, 0xFE, 0x00, 0x7F, 0xE0, 0x03, 0x80, 0x00, 0x7C, 0x00, 0x07, 0xF8, 0x00,
    0x0F, 0xC0, 0x00, 0x7C, 0x00, 0x7F, 0xC0, 0x0F, 0xF8, 0x00, 0xFF, 0x00, 0x1F, 0x07, 0xC0, 0xFC,
    0x7C, 0x03, 0xF7, 0xC0, 0x0F, 0xFC, 0x00, 0x3F, 0xE0, 0x00, 0xFE, 0x00, 0x00, 0x00, 0x00, 0x00,
    0x00, 0x00, 0x00, 0x07, 0xFF, 0xFF, 0xBF, 0xFF, 0xFD, 0xFF, 0xFF, 0xEF, 0xFF, 0xFF, 0x00, 0x7C,
    0x00, 0x03, 0xE0, 0x00, 0x1F, 0x00, 0x00, 0xF8, 0x00, 0x07, 0xC0, 0x00, 0x3E, 0x00, 0x01, 0xF0,
    0x00, 0x0F, 0x80, 0x00, 0x7C, 0x00, 0x03, 0xE0, 0x00, 0x1F, 0x00, 0x00, 0xF8, 0x00, 0x07, 0xC0,
    0x00, 0x3E, 0x00, 0x01, 0xF0, 0x00, 0x0F, 0x80, 0x00, 0x7C, 0x00, 0x03, 0xE0, 0x00, 0x1F, 0x00,
    0x00, 0xF8, 0x00, 0x07, 0xC0, 0x00, 0x3E, 0x00, 0x01, 0xF0, 0x00, 0x00, 0x03, 0xC0, 0x00, 0x3C,
    0x00, 0x07, 0xC0, 0x3E, 0x7C, 0x03, 0xE7, 0xC0, 0x3E, 0x7C, 0x03, 0xE7, 0xC0, 0x3E, 0x00, 0x03,
    0xE0, 0x0F, 0xFF, 0xFF, 0xFF, 0xFF, 0xFF, 0xFF, 0xFF, 0xFF, 0xFF, 0xF0, 0x3E, 0x00, 0x03, 0xE0,
    0x00, 0x3E, 0x00, 0x03, 0xE0, 0x00, 0x3E, 0x00, 0x03, 0xE0, 0x00, 0x3E, 0x00, 0x03, 0xE0, 0x00,
    0x3E, 0x00, 0x03, 0xE0, 0x00, 0x3E, 0x00, 0x03, 0xE0, 0x00, 0x3F, 0x80, 0x03, 0xFF, 0xE0, 0x1F,
    0xFE, 0x00, 0xFF, 0xE0, 0x07, 0xFE, 0xFF, 0xFF, 0xF7, 0xFF, 0xFF, 0xBF, 0xFF, 0xFD, 0xFF, 0xFF,
    0xE0, 0x0F, 0x80, 0x00, 0x7C, 0x00, 0x03, 0xE0, 0x00, 0x1F, 0x00, 0x00, 0xF8, 0x00, 0x07, 0xC0,
    0x00, 0x3E, 0x00, 0x01, 0xF0, 0x00, 0x0F, 0x80, 0x0F, 0xFF, 0xE0, 0x7F, 0xFF, 0x03, 0xFF, 0xF8,
    0x1F, 0xFF, 0xC0, 0x07, 0xC0, 0x00, 0x3E, 0x00, 0x01, 0xF0, 0x00, 0x0F, 0x80, 0x00, 0x7C, 0x00,
    0x03, 0xE0, 0x00, 0x1F, 0x00, 0x00, 0xF8, 0x00, 0x07, 0xC0, 0x00, 0x3E, 0x00, 0x03, 0xE0, 0x00,
    0x3E, 0x00, 0x03, 0xE0, 0x00, 0x3E, 0x00, 0x03, 0xE0, 0x00, 0x3E, 0x00, 0xFF, 0xFF, 0xFF, 0xFF,
    0xFF, 0xFF, 0xFF, 0xFF, 0xFF, 0xFF, 0x03, 0xE0, 0x00, 0x3E, 0x00, 0x03, 0xE0, 0x00, 0x3E, 0x00,
    0x03, 0xE0, 0x03, 0xFF, 0xFC, 0x3F, 0xFF, 0xC3, 0xFF, 0xFC, 0x3F, 0xFF, 0xC0, 0x3E, 0x00, 0x03,
    0xE0, 0x00, 0x3E, 0x00, 0x03, 0xF8, 0x00, 0x3F, 0xFE, 0x01, 0xFF, 0xE0, 0x1F, 0xFE, 0x00, 0x7F,
    0xE0, 0x0F, 0xC7, 0x03, 0xFD, 0xE0, 0x7F, 0xFC, 0x0E, 0x7F, 0x83, 0xC7, 0xE0, 0x00, 0x00, 0x00,
    0x00, 0x00, 0x00, 0x00, 0xFC, 0x07, 0xDF, 0x80, 0xFB, 0xF0, 0x1F, 0x7E, 0x03, 0xEF, 0xC0, 0x7D,
    0xF8, 0x0F, 0xBF, 0x01, 0xF7, 0xE0, 0x3E, 0xFC, 0x07, 0xDF, 0x80, 0xFB, 0xF0, 0x1F, 0x7E, 0x03,
    0xEF, 0xC0, 0x7D, 0xF8, 0x0F, 0xBF, 0x01, 0xF7, 0xE0, 0x3E, 0xFC, 0x07, 0xDF, 0x80, 0xFB, 0xF0,
    0x1F, 0x7E, 0x03, 0xEF, 0xC0, 0x7C, 0xFC, 0x1F, 0x9F, 0xEF, 0xF1, 0xFF, 0xFC, 0x3F, 0xFF, 0x83,
    0xFF, 0xE0, 0x1F, 0xF0, 0x00, 0x0F, 0xC7, 0x07, 0xFB, 0xC1, 0xFF, 0xF0, 0x73, 0xFC, 0x3C, 0x7E,
    0x00, 0x00, 0x00, 0x00, 0x00, 0x00, 0x00, 0xFC, 0x07, 0xFF, 0x01, 0xFF, 0xC0, 0x7F, 0xF0, 0x1F,
    0xFC, 0x07, 0xFF, 0x01, 0xFF, 0xC0, 0x7F, 0xF0, 0x1F, 0xFC, 0x07, 0xFF, 0x01, 0xFF, 0xC0, 0x7F,
    0xF0, 0x1F, 0xFC, 0x07, 0xDF, 0x01, 0xF7, 0xC0, 0x7D, 0xF8, 0x3F, 0x7F, 0xBF, 0xCF, 0xFF, 0xE3,
    0xFF, 0xF0, 0x7F, 0xF8, 0x07, 0xFC, 0x00, 0x00, 0x00, 0x07, 0xFF, 0xE0, 0xFF, 0xFC, 0x1F, 0xFF,
    0x83, 0xFF, 0xF0, 0x00, 0x00, 0x00, 0x00, 0x00, 0x00, 0x00, 0x00, 0x00, 0x1F, 0x80, 0xFB, 0xF0,
    0x1F, 0x7E, 0x03, 0xEF, 0xC0, 0x7D, 0xF8, 0x0F, 0xBF, 0x01, 0xF7, 0xE0, 0x3E, 0xFC, 0x07, 0xDF,
    0x80, 0xFB, 0xF0, 0x1F, 0x7E, 0x03, 0xEF, 0xC0, 0x7D, 0xF8, 0x0F, 0xBF, 0x01, 0xF7, 0xE0, 0x3E,
    0xFC, 0x07, 0xDF, 0x80, 0xFB, 0xF0, 0x1F, 0x7E, 0x03, 0xEF, 0xC0, 0x7D, 0xF8, 0x0F, 0x9F, 0x83,
    0xF3, 0xFD, 0xFE, 0x3F, 0xFF, 0x87, 0xFF, 0xF0, 0x7F, 0xFC, 0x03, 0xFE, 0x00, 0x00, 0x00, 0x0F,
    0xFF, 0xC3, 0xFF, 0xF0, 0xFF, 0xFC, 0x3F, 0xFF, 0x00, 0x00, 0x00, 0x00, 0x00, 0x00, 0x00, 0x00,
    0x00, 0x3F, 0x01, 0xFF, 0xC0, 0x7F, 0xF0, 0x1F, 0xFC, 0x07, 0xFF, 0x01, 0xFF, 0xC0, 0x7F, 0xF0,
    0x1F, 0xFC, 0x07, 0xFF, 0x01, 0xFF, 0xC0, 0x7F, 0xF0, 0x1F, 0xFC, 0x07, 0xFF, 0x01, 0xF7, 0xC0,
    0x7D, 0xF0, 0x1F, 0x7E, 0x0F, 0xDF, 0xEF, 0xF3, 0xFF, 0xF8, 0xFF, 0xFC, 0x1F, 0xFE, 0x01, 0xFF,
    0x00, 0x1E, 0x0F, 0x03, 0xC1, 0xE0, 0x7C, 0x7C, 0x0F, 0xFF, 0x80, 0xFF, 0xE0, 0x07, 0xF0, 0x00,
    0x00, 0x00, 0x00, 0x00, 0x00, 0x00, 0x1F, 0x80, 0xFB, 0xF0, 0x1F, 0x7E, 0x03, 0xEF, 0xC0, 0x7D,
    0xF8, 0x0F, 0xBF, 0x01, 0xF7, 0xE0, 0x3E, 0xFC, 0x07, 0xDF, 0x80, 0xFB, 0xF0, 0x1F, 0x7E, 0x03,
    0xEF, 0xC0, 0x7D, 0xF8, 0x0F, 0xBF, 0x01, 0xF7, 0xE0, 0x3E, 0xFC, 0x07, 0xDF, 0x80, 0xFB, 0xF0,
    0x1F, 0x7E, 0x03, 0xEF, 0xC0, 0x7D, 0xF8, 0x0F, 0x9F, 0x83, 0xF3, 0xFD, 0xFE, 0x3F, 0xFF, 0x87,
    0xFF, 0xF0, 0x7F, 0xFC, 0x03, 0xFE, 0x00, 0x1E, 0x0F, 0x0F, 0x83, 0xC1, 0xF1, 0xF0, 0x7F, 0xFC,
    0x0F, 0xFE, 0x00, 0xFE, 0x00, 0x00, 0x00, 0x00, 0x00, 0x00, 0x00, 0x3F, 0x01, 0xFF, 0xC0, 0x7F,
    0xF0, 0x1F, 0xFC, 0x07, 0xFF, 0x01, 0xFF, 0xC0, 0x7F, 0xF0, 0x1F, 0xFC, 0x07, 0xFF, 0x01, 0xFF,
    0xC0, 0x7F, 0xF0, 0x1F, 0xFC, 0x07, 0xFF, 0x01, 0xF7, 0xC0, 0x7D, 0xF0, 0x1F, 0x7E, 0x0F, 0xDF,
    0xEF, 0xF3, 0xFF, 0xF8, 0xFF, 0xFC, 0x1F, 0xFE, 0x01, 0xFF, 0x00, 0x03, 0xF8, 0x00, 0xFF, 0x80,
    0x3F, 0xF0, 0x07, 0x8F, 0x00, 0xF1, 0xE0, 0x1E, 0x3C, 0x03, 0xFF, 0x00, 0x3F, 0xE0, 0x03, 0xF8,
    0x00, 0x00, 0x03, 0xF0, 0x1F, 0x7E, 0x03, 0xEF, 0xC0, 0x7D, 0xF8, 0x0F, 0xBF, 0x01, 0xF7, 0xE0,
    0x3E, 0xFC, 0x07, 0xDF, 0x80, 0xFB, 0xF0, 0x1F, 0x7E, 0x03, 0xEF, 0xC0, 0x7D, 0xF8, 0x0F, 0xBF,
    0x01, 0xF7, 0xE0, 0x3E, 0xFC, 0x07, 0xDF, 0x80, 0xFB, 0xF0, 0x1F, 0x7E, 0x03, 0xEF, 0xC0, 0x7D,
    0xF8, 0x0F, 0xBF, 0x01, 0xF3, 0xF0, 0x7E, 0x7F, 0xBF, 0xC7, 0xFF, 0xF0, 0xFF, 0xFE, 0x0F, 0xFF,
    0x80, 0x7F, 0xC0, 0x03, 0xF8, 0x01, 0xFF, 0x00, 0xFF, 0xC0, 0x3C, 0x78, 0x0F, 0x1E, 0x03, 0xC7,
    0x80, 0xFF, 0xC0, 0x1F, 0xF0, 0x03, 0xF8, 0x00, 0x00, 0x00, 0x00, 0x03, 0xF0, 0x1F, 0xFC, 0x07,
    0xFF, 0x01, 0xFF, 0xC0, 0x7F, 0xF0, 0x1F, 0xFC, 0x07, 0xFF, 0x01, 0xFF, 0xC0, 0x7F, 0xF0, 0x1F,
    0xFC, 0x07, 0xFF, 0x01, 0xFF, 0xC0, 0x7F, 0xF0, 0x1F, 0x7C, 0x07, 0xDF, 0x01, 0xF7, 0xE0, 0xFD,
    0xFE, 0xFF, 0x3F, 0xFF, 0x8F, 0xFF, 0xC1, 0xFF, 0xE0, 0x1F, 0xF0, 0x03, 0xE3, 0xE0, 0x7C, 0x7C,
    0x0F, 0xCF, 0x81, 0xF9, 0xF0, 0x1F, 0x3F, 0x00, 0x00, 0x00, 0x00, 0x00, 0x00, 0x00, 0x00, 0xFC,
    0x07, 0xCF, 0xC0, 0x7C, 0xFC, 0x07, 0xCF, 0xC0, 0x7C, 0xFC, 0x07, 0xCF, 0xC0, 0x7C, 0xFC, 0x07,
    0xCF, 0xC0, 0x7C, 0xFC, 0x07, 0xCF, 0xC0, 0x7C, 0xFC, 0x07, 0xCF, 0xC0, 0x7C, 0xFC, 0x07, 0xCF,
    0xC0, 0x7C, 0xFC, 0x07, 0xCF, 0xC0, 0x7C, 0xFC, 0x07, 0xCF, 0xC0, 0x7C, 0xFC, 0x07, 0xCF, 0xC0,
    0x7C, 0xFC, 0x07, 0xC7, 0xE0, 0xFC, 0x7F, 0xBF, 0xC3, 0xFF, 0xF8, 0x3F, 0xFF, 0x81, 0xFF, 0xF0,
    0x07, 0xFC, 0x00, 0x03, 0xE3, 0xE0, 0x7C, 0x7C, 0x0F, 0xCF, 0x81, 0xF9, 0xF0, 0x1F, 0x3F, 0x00,
    0x00, 0x00, 0x00, 0x00, 0x00, 0x00, 0x00, 0xFC, 0x07, 0xCF, 0xC0, 0x7C, 0xFC, 0x07, 0xCF, 0xC0,
    0x7C, 0xFC, 0x07, 0xCF, 0xC0, 0x7C, 0xFC, 0x07, 0xCF, 0xC0, 0x7C, 0xFC, 0x07, 0xCF, 0xC0, 0x7C,
    0xFC, 0x07, 0xCF, 0xC0, 0x7C, 0xFC, 0x07, 0xC7, 0xC0, 0x7C, 0x7C, 0x07, 0xC7, 0xE0, 0xFC, 0x7F,
    0xBF, 0xC3, 0xFF, 0xF8, 0x3F, 0xFF, 0x01, 0xFF, 0xE0, 0x07, 0xFC, 0x00, 0xFC, 0x07, 0xDF, 0x80,
    0xFB, 0xF0, 0x1F, 0x7E, 0x03, 0xEF, 0xC0, 0x7D, 0xF8, 0x0F, 0xBF, 0x01, 0xF7, 0xE0, 0x3E, 0xFC,
    0x07, 0xDF, 0x80, 0xFB, 0xF0, 0x1F, 0x7E, 0x03, 0xEF, 0xC0, 0x7D, 0xF8, 0x0F, 0xBF, 0x01, 0xF7,
    0xE0, 0x3E, 0xFC, 0x07, 0xDF, 0x80, 0xFB, 0xF0, 0x1F, 0x7E, 0x03, 0xEF, 0xC0, 0x7C, 0xFC, 0x1F,
    0x9F, 0xFF, 0xF1, 0xFF, 0xFC, 0x3F, 0xFF, 0x83, 0xFF, 0xE0, 0x1F, 0xF8, 0x00, 0x3C, 0x00, 0x0F,
    0x00, 0x03, 0xE0, 0x00, 0x7C, 0x00, 0x0F, 0x80, 0x01, 0xFF, 0x00, 0x3F, 0xE0, 0x01, 0xFC, 0x00,
    0xFC, 0x07, 0xFF, 0x01, 0xFF, 0xC0, 0x7F, 0xF0, 0x1F, 0xFC, 0x07, 0xFF, 0x01, 0xFF, 0xC0, 0x7F,
    0xF0, 0x1F, 0xFC, 0x07, 0xFF, 0x01, 0xFF, 0xC0, 0x7F, 0xF0, 0x1F, 0xFC, 0x07, 0xDF, 0x01, 0xF7,
    0xC0, 0x7D, 0xF8, 0x3F, 0x7F, 0xFF, 0xCF, 0xFF, 0xE3, 0xFF, 0xF8, 0x7F, 0xFC, 0x07, 0xFE, 0x00,
    0x1E, 0x00, 0x0F, 0x00, 0x07, 0xC0, 0x01, 0xF0, 0x00, 0x7C, 0x00, 0x1F, 0xF0, 0x07, 0xFC, 0x00,
    0x7F, 0x00, 0x00, 0x7C, 0x00, 0x01, 0xFC, 0x00, 0x07, 0xFC, 0x00, 0x1F, 0xFC, 0x00, 0x7E, 0xFC,
    0x01, 0xF8, 0xFC, 0x00, 0x00, 0x00, 0x00, 0x00, 0x00, 0x00, 0x00, 0x01, 0xF0, 0xF8, 0x7F, 0xE1,
    0xF0, 0xF7, 0xC3, 0xE1, 0xE7, 0x87, 0xC3, 0xCF, 0x1F, 0x87, 0x9E, 0x3F, 0x9F, 0x3C, 0x7F, 0x3E,
    0x7C, 0xFE, 0x7C, 0xF9, 0xDC, 0xF9, 0xF3, 0xB9, 0xF3, 0xE7, 0x73, 0xC7, 0xCE, 0xE7, 0x8F, 0xBD,
    0xCF, 0x0F, 0x7B, 0x9E, 0x1E, 0xF7, 0xBC, 0x3D, 0xCF, 0x78, 0x7B, 0x9F, 0xF0, 0xF7, 0x1F, 0xE1,
    0xFE, 0x3F, 0xC3, 0xFC, 0x7F, 0x07, 0xF8, 0xFE, 0x0F, 0xF1, 0xFC, 0x0F, 0xE3, 0xF8, 0x1F, 0xC7,
    0xF0, 0x3F, 0x0F, 0xE0, 0x7E, 0x1F, 0xC0, 0xFC, 0x1F, 0x80, 0x00, 0xFE, 0x00, 0x03, 0xFE, 0x00,
    0x0F, 0xFE, 0x00, 0x3F, 0x7E, 0x00, 0xFC, 0x7E, 0x00, 0x00, 0x00, 0x00, 0x00, 0x00, 0x00, 0x00,
    0x00, 0xF8, 0x7C, 0x3D, 0xF0, 0xF8, 0x79, 0xE1, 0xF0, 0xF3, 0xC7, 0xE1, 0xE7, 0x8F, 0xE3, 0xCF,
    0x9F, 0xCF, 0x9F, 0x3F, 0x9F, 0x3E, 0x7F, 0x3C, 0x3C, 0xEE, 0x78, 0x7B, 0xDC, 0xF0, 0xF7, 0xBD,
    0xE1, 0xEF, 0x7F, 0xC3, 0xFE, 0xFF, 0x87, 0xF9, 0xFE, 0x0F, 0xF1, 0xFC, 0x0F, 0xE3, 0xF8, 0x1F,
    0xC7, 0xF0, 0x3F, 0x8F, 0xE0, 0x7F, 0x1F, 0xC0, 0xFC, 0x3F, 0x01, 0xF8, 0x7E, 0x00, 0x00, 0x7C,
    0x00, 0x03, 0xF8, 0x00, 0x1F, 0xF0, 0x00, 0xFF, 0xE0, 0x07, 0xEF, 0xC0, 0x3F, 0x1F, 0x80, 0x00,
    0x00, 0x00, 0x00, 0x00, 0x00, 0x00, 0x01, 0xF8, 0x03, 0xF7, 0xE0, 0x0F, 0xCF, 0x80, 0x7E, 0x3F,
    0x01, 0xF8, 0x7C, 0x07, 0xC1, 0xF8, 0x3F, 0x03, 0xE0, 0xF8, 0x0F, 0xC7, 0xE0, 0x3F, 0x1F, 0x00,
    0x7E, 0xFC, 0x01, 0xFB, 0xE0, 0x03, 0xEF, 0x80, 0x0F, 0xFC, 0x00, 0x1F, 0xF0, 0x00, 0x7F, 0x80,
    0x00, 0xFE, 0x00, 0x03, 0xF8, 0x00, 0x07, 0xC0, 0x00, 0x1F, 0x00, 0x00, 0x7C, 0x00, 0x01, 0xF0,
    0x00, 0x07, 0xC0, 0x00, 0x1F, 0x00, 0x00, 0x7C, 0x00, 0x01, 0xF0, 0x00, 0x07, 0xC0, 0x00, 0x1F,
    0x00, 0x01, 0xFC, 0x00, 0x1F, 0xF0, 0x01, 0xFF, 0xC0, 0x1F, 0xBF, 0x01, 0xF8, 0xFC, 0x00, 0x00,
    0x00, 0x00, 0x00, 0x00, 0x00, 0x00, 0xFC, 0x01, 0xFB, 0xE0, 0x0F, 0x9F, 0x80, 0xFC, 0xFC, 0x07,
    0xE3, 0xE0, 0x7E, 0x1F, 0x83, 0xF0, 0x7C, 0x1F, 0x03, 0xF1, 0xF8, 0x1F, 0x8F, 0xC0, 0x7C, 0x7C,
    0x03, 0xF7, 0xE0, 0x0F, 0xBF, 0x00, 0x7D, 0xF0, 0x03, 0xFF, 0x80, 0x0F, 0xFC, 0x00, 0x7F, 0xC0,
    0x03, 0xFE, 0x00, 0x0F, 0xE0, 0x00, 0x7F, 0x00, 0x01, 0xF8, 0x00, 0x0F, 0x80, 0x00, 0xFC, 0x00,
    0x07, 0xE0, 0x00, 0x3E, 0x00, 0x03, 0xF0, 0x00, 0x1F, 0x80, 0x01, 0xF8, 0x00, 0x0F, 0xC0, 0x00,
    0x07, 0x83, 0xC0, 0x3F, 0x1F, 0x80, 0xFC, 0x7E, 0x03, 0xF1, 0xF8, 0x07, 0x83, 0xC0, 0x00, 0x00,
    0x00, 0x00, 0x00, 0x00, 0x00, 0x00, 0x7E, 0x00, 0xFD, 0xF8, 0x03, 0xF3, 0xE0, 0x1F, 0x8F, 0xC0,
    0x7E, 0x1F, 0x01, 0xF0, 0x7E, 0x0F, 0xC0, 0xF8, 0x3E, 0x03, 0xF1, 0xF8, 0x0F, 0xC7, 0xC0, 0x1F,
    0xBF, 0x00, 0x7E, 0xF8, 0x00, 0xFB, 0xE0, 0x03, 0xFF, 0x00, 0x07, 0xFC, 0x00, 0x1F, 0xE0, 0x00,
    0x3F, 0x80, 0x00, 0xFE, 0x00, 0x01, 0xF0, 0x00, 0x07, 0xC0, 0x00, 0x1F, 0x00, 0x00, 0x7C, 0x00,
    0x01, 0xF0, 0x00, 0x07, 0xC0, 0x00, 0x1F, 0x00, 0x00, 0x7C, 0x00, 0x01, 0xF0, 0x00, 0x07, 0xC0,
    0x00, 0x00, 0x7E, 0x00, 0x7E, 0x00, 0x7E, 0x00, 0x7E, 0x00, 0x7E, 0x00, 0x00, 0x00, 0x00, 0x00,
    0x00, 0x00, 0xFF, 0xFF, 0xFF, 0xFF, 0xFF, 0xFF, 0xFF, 0xFF, 0xF0, 0x03, 0xF8, 0x01, 0xF8, 0x01,
    0xFC, 0x00, 0xFC, 0x00, 0xFC, 0x00, 0x7E, 0x00, 0x7E, 0x00, 0x7F, 0x00, 0x3F, 0x00, 0x3F, 0x00,
    0x1F, 0x80, 0x1F, 0x80, 0x1F, 0x80, 0x0F, 0xC0, 0x0F, 0xC0, 0x07, 0xE0, 0x07, 0xE0, 0x07, 0xE0,
    0x03, 0xF0, 0x01, 0xFF, 0xFF, 0xFF, 0xFF, 0xFF, 0xFF, 0xFF, 0xFF, 0xE0, 0x00, 0x3F, 0x00, 0x1F,
    0x80, 0x0F, 0xC0, 0x07, 0xE0, 0x03, 0xF0, 0x00, 0x00, 0x00, 0x00, 0x00, 0x00, 0x00, 0x7F, 0xFF,
    0xDF, 0xFF, 0xF7, 0xFF, 0xFD, 0xFF, 0xFF, 0x00, 0x1F, 0xC0, 0x0F, 0xE0, 0x07, 0xF0, 0x03, 0xF8,
    0x00, 0xFC, 0x00, 0x7E, 0x00, 0x3F, 0x00, 0x1F, 0xC0, 0x0F, 0xE0, 0x07, 0xF0, 0x03, 0xF8, 0x00,
    0xFC, 0x00, 0x7E, 0x00, 0x1F, 0xFF, 0xF7, 0xFF, 0xFD, 0xFF, 0xFF, 0x7F, 0xFF, 0xC0, 0x03, 0xE0,
    0x03, 0xF8, 0x01, 0xFC, 0x00, 0xFE, 0x00, 0x3E, 0x00, 0x00, 0x00, 0x00, 0x00, 0x00, 0x00, 0xFF,
    0xFF, 0xFF, 0xFF, 0xFF, 0xFF, 0xFF, 0xFF, 0xF0, 0x03, 0xF8, 0x01, 0xF8, 0x01, 0xFC, 0x00, 0xFC,
    0x00, 0xFC, 0x00, 0x7E, 0x00, 0x7E, 0x00, 0x7F, 0x00, 0x3F, 0x00, 0x3F, 0x00, 0x1F, 0x80, 0x1F,
    0x80, 0x1F, 0x80, 0x0F, 0xC0, 0x0F, 0xC0, 0x07, 0xE0, 0x07, 0xE0, 0x07, 0xE0, 0x03, 0xF0, 0x01,
    0xFF, 0xFF, 0xFF, 0xFF, 0xFF, 0xFF, 0xFF, 0xFF, 0xE0, 0x01, 0xF0, 0x00, 0xFE, 0x00, 0x3F, 0x80,
    0x0F, 0xE0, 0x01, 0xF0, 0x00, 0x00, 0x00, 0x00, 0x00, 0x00, 0x00, 0x7F, 0xFF, 0xDF, 0xFF, 0xF7,
    0xFF, 0xFD, 0xFF, 0xFF, 0x00, 0x1F, 0xC0, 0x0F, 0xE0, 0x07, 0xF0, 0x03, 0xF8, 0x00, 0xFC, 0x00,
    0x7E, 0x00, 0x3F, 0x00, 0x1F, 0xC0, 0x0F, 0xE0, 0x07, 0xF0, 0x03, 0xF8, 0x00, 0xFC, 0x00, 0x7E,
    0x00, 0x1F, 0xFF, 0xF7, 0xFF, 0xFD, 0xFF, 0xFF, 0x7F, 0xFF, 0xC0, 0x7C, 0x1F, 0x3F, 0x1F, 0x0F,
    0xDF, 0x03, 0xFF, 0x00, 0xFF, 0x80, 0x3F, 0x80, 0x00, 0x00, 0x00, 0x00, 0x00, 0x00, 0x7F, 0xFF,
    0xFF, 0xFF, 0xFF, 0xFF, 0xFF, 0xFF, 0xF8, 0x01, 0xFC, 0x00, 0xFC, 0x00, 0xFE, 0x00, 0x7E, 0x00,
    0x7E, 0x00, 0x3F, 0x00, 0x3F, 0x00, 0x3F, 0x80, 0x1F, 0x80, 0x1F, 0x80, 0x0F, 0xC0, 0x0F, 0xC0,
    0x0F, 0xC0, 0x07, 0xE0, 0x07, 0xE0, 0x03, 0xF0, 0x03, 0xF0, 0x03, 0xF0, 0x01, 0xF8, 0x00, 0xFF,
    0xFF, 0xFF, 0xFF, 0xFF, 0xFF, 0xFF, 0xFF, 0xF0, 0x3F, 0x1F, 0x87, 0xEF, 0xC0, 0xFF, 0xE0, 0x1F,
    0xF0, 0x03, 0xF8, 0x00, 0x00, 0x00, 0x00, 0x00, 0x00, 0x00, 0x7F, 0xFF, 0xDF, 0xFF, 0xF7, 0xFF,
    0xFD, 0xFF, 0xFF, 0x00, 0x1F, 0xC0, 0x0F, 0xE0, 0x07, 0xF0, 0x03, 0xF8, 0x00, 0xFC, 0x00, 0x7E,
    0x00, 0x3F, 0x00, 0x1F, 0xC0, 0x0F, 0xE0, 0x07, 0xF0, 0x03, 0xF8, 0x00, 0xFC, 0x00, 0x7E, 0x00,
    0x1F, 0xFF, 0xF7, 0xFF, 0xFD, 0xFF, 0xFF, 0x7F, 0xFF, 0xC0, 0x0F, 0xFE, 0x3F, 0xFC, 0xFF, 0xFB,
    0xFF, 0xF7, 0xF0, 0x1F, 0x80, 0x3F, 0x00, 0x7E, 0x00, 0xFC, 0x01, 0xF8, 0x03, 0xF0, 0x07, 0xE0,
    0x0F, 0xC0, 0x1F, 0x80, 0x3F, 0x00, 0x7E, 0x00, 0xFC, 0x01, 0xF8, 0x03, 0xF0, 0x07, 0xE0, 0x0F,
    0xC0, 0x1F, 0x80, 0x3F, 0x00, 0x7E, 0x00, 0xFC, 0x01, 0xF8, 0x03, 0xF0, 0x00, 0x7E, 0x1F, 0xC3,
    0xF0, 0x7E, 0x0F, 0xC0, 0x0F, 0x87, 0xE3, 0xF1, 0xF8, 0xFC, 0x00, 0x0F, 0xE0, 0x1F, 0xF0, 0x3F,
    0xF8, 0x7E, 0xFC, 0xFC, 0x7E, 0x7E, 0x3F, 0xFC, 0xEF, 0xFF, 0xBD, 0xFE, 0xE3, 0xF0, 0x00, 0x03,
    0xFF, 0xFF, 0xFF, 0xFF, 0xFF, 0xFF, 0xFC, 0x78, 0x3C, 0xF0, 0x7D, 0xF1, 0xF3, 0xFF, 0xE3, 0xFF,
    0x81, 0xFE, 0x00, 0x7D, 0xFF, 0xFF, 0xF7, 0xC0, 0x78, 0x3D, 0xF8, 0xFF, 0xF1, 0xFF, 0xE3, 0xF7,
    0x83, 0xC0, 0x7F, 0x3F, 0xDF, 0xE0, 0xF0, 0xF8, 0xF8, 0x78, 0x3F, 0x8F, 0xF9, 0xFF, 0xF8, 0xFF,
    0x1F, 0xE3, 0xDF, 0xFB, 0xFE, 0x3F, 0x80, 0x0F, 0xCF, 0x87, 0xE7, 0xC3, 0xF3, 0xF0, 0xF9, 0xF8,
    0x7C, 0xFC, 0x00, 0xFC, 0x7E, 0x7E, 0xFC, 0x3F, 0xF8, 0x1F, 0xF0, 0x0F, 0xE0, 0x7C, 0x7C, 0x0F,
    0x9F, 0x81, 0xF3, 0xF0, 0x3E, 0x7E, 0x0F, 0xCF, 0x80, 0x07, 0xC3, 0xE0, 0xF8, 0x7E, 0x1F, 0x0F,
    0xC3, 0xF1, 0xF8, 0x7E, 0x00, 0x1F, 0x1F, 0x1F, 0x1F, 0x1F, 0xFE, 0xFE, 0xFC, 0x7D, 0xFF, 0xFF,
    0xF7, 0xC0, 0x3F, 0x8F, 0xF9, 0xEF, 0x78, 0xFF, 0x1E, 0xF7, 0x9F, 0xF1, 0xFC, 0x1F, 0x9F, 0x9F,
    0x8F, 0x8F, 0x80, 0x38, 0x0E, 0x07, 0xF0, 0x7E, 0x07, 0xC1, 0xF7, 0xFF, 0xFE, 0xFF, 0x00, 0x0F,
    0x07, 0x83, 0xC1, 0xE0, 0x78, 0x3F, 0x07, 0xFD, 0xFF, 0x3F, 0xC0, 0x00, 0x00, 0x00, 0x3F, 0xFF,
    0xFF, 0xFF, 0xFF, 0xFF, 0xFF, 0xFF, 0xFF, 0xFF, 0xFF, 0xFF, 0xFF, 0xC0, 0x00, 0x00, 0xF8, 0x00,
    0x07, 0xC0, 0x00, 0x7C, 0x00, 0x07, 0xC0, 0x00, 0x3C, 0x00, 0x03, 0xE0, 0x00, 0x3E, 0x00, 0x01,
    0xE0, 0x00, 0x1F, 0x00, 0x01, 0xF0, 0x00, 0x1F, 0x00, 0x00, 0xF8, 0x00, 0x0F, 0x80, 0x00, 0xF8,
    0x00, 0x07, 0x80, 0x00, 0x7C, 0x00, 0x07, 0xC0, 0x00, 0x7C, 0x00, 0x03, 0xE0, 0x00, 0x3E, 0x00,
    0x03, 0xE0, 0x00, 0x1E, 0x00, 0x01, 0xF0, 0x00, 0x1F, 0x00, 0x00, 0x00, 0x1E, 0x00, 0x3C, 0x00,
    0x70, 0x01, 0xE0, 0x03, 0xC0, 0x0F, 0x00, 0x1E, 0x00, 0x38, 0x00, 0xF0, 0x01, 0xC0, 0x07, 0x80,
    0x0F, 0x00, 0x1C, 0x00, 0x78, 0x00, 0xE0, 0x03, 0xC0, 0x07, 0x80, 0x0E, 0x00, 0x3C, 0x00, 0x70,
    0x01, 0xE0, 0x03, 0xC0, 0x0F, 0x00, 0x1E, 0x00, 0x38, 0x00, 0xF0, 0x01, 0xE0, 0x07, 0x80, 0x0F,
    0x00, 0x00, 0x3C, 0x1E, 0x3F, 0x1F, 0x9F, 0x8F, 0xCF, 0xC7, 0xE3, 0xC1, 0xE0, 0x00, 0x00, 0x00,
    0x00, 0x00, 0x00, 0xFF, 0xFF, 0xFF, 0xFF, 0xFF, 0xFF, 0xFF, 0xFF, 0xFF, 0x80, 0x07, 0xC0, 0x03,
    0xE0, 0x01, 0xF0, 0x00, 0xF8, 0x00, 0x7C, 0x00, 0x3E, 0x00, 0x1F, 0xFF, 0xEF, 0xFF, 0xF7, 0xFF,
    0xFB, 0xFF, 0xFD, 0xF0, 0x00, 0xF8, 0x00, 0x7C, 0x00, 0x3E, 0x00, 0x1F, 0x00, 0x0F, 0x80, 0x07,
    0xC0, 0x03, 0xE0, 0x01, 0xFF, 0xFF, 0xFF, 0xFF, 0xFF, 0xFF, 0xFF, 0xFF, 0xE0, 0xFF, 0xF8, 0x03,
    0xFF, 0xE0, 0x0F, 0xFF, 0x80, 0x3F, 0xFE, 0x00, 0x1F, 0x80, 0x00, 0x3E, 0x00, 0x00, 0xF8, 0x00,
    0x03, 0xE0, 0x00, 0x0F, 0x80, 0x00, 0x3E, 0x7F, 0x00, 0xFB, 0xFF, 0x03, 0xFF, 0xFC, 0x0F, 0xFF,
    0xF8, 0x3F, 0xEF, 0xE0, 0xFE, 0x0F, 0x83, 0xF0, 0x3F, 0x0F, 0x80, 0xFC, 0x3E, 0x03, 0xF0, 0xF8,
    0x0F, 0xC3, 0xE0, 0x3F, 0x0F, 0x80, 0xFC, 0x3E, 0x03, 0xF0, 0xF8, 0x0F, 0xC3, 0xE0, 0x3F, 0x0F,
    0x80, 0xFC, 0x3E, 0x03, 0xF0, 0xF8, 0x0F, 0xC0, 0x00, 0x3F, 0x00, 0x01, 0xF8, 0x00, 0x1F, 0xE0,
    0x03, 0xFF, 0x00, 0x0F, 0xFC, 0x00, 0x3F, 0xE0, 0x00, 0xFE, 0x00, 0x00, 0xFC, 0x00, 0x3F, 0x00,
    0x1F, 0x80, 0x0F, 0xC0, 0x07, 0xE0, 0x00, 0x00, 0x00, 0x00, 0x00, 0x00, 0x00, 0xFF, 0xFF, 0xFF,
    0xFF, 0xFF, 0xFF, 0xFF, 0xFF, 0xFF, 0xFC, 0x00, 0x3F, 0x00, 0x0F, 0xC0, 0x03, 0xF0, 0x00, 0xFC,
    0x00, 0x3F, 0x00, 0x0F, 0xC0, 0x03, 0xF0, 0x00, 0xFC, 0x00, 0x3F, 0x00, 0x0F, 0xC0, 0x03, 0xF0,
    0x00, 0xFC, 0x00, 0x3F, 0x00, 0x0F, 0xC0, 0x03, 0xF0, 0x00, 0xFC, 0x00, 0x3F, 0x00, 0x0F, 0xC0,
    0x03, 0xF0, 0x00, 0xFC, 0x00, 0x3F, 0x00, 0x0F, 0xC0, 0x00, 0x07, 0xFC, 0x01, 0xFF, 0xE0, 0xFF,
    0xFE, 0x1F, 0xFF, 0xE7, 0xFF, 0xFC, 0xFC, 0x0F, 0xDF, 0x01, 0xFB, 0xE0, 0x1F, 0x7C, 0x00, 0x0F,
    0x80, 0x01, 0xFF, 0xF0, 0x3F, 0xFE, 0x07, 0xFF, 0xC0, 0xFF, 0xF8, 0x1F, 0x00, 0x03, 0xE0, 0x00,
    0x7C, 0x00, 0x0F, 0x80, 0x01, 0xF0, 0x0F, 0xBE, 0x03, 0xF7, 0xC0, 0x7E, 0xFC, 0x1F, 0x9F, 0xEF,
    0xF1, 0xFF, 0xFE, 0x3F, 0xFF, 0x81, 0xFF, 0xE0, 0x1F, 0xF0, 0x00, 0x07, 0xFC, 0x03, 0xFF, 0xC0,
    0xFF, 0xFC, 0x3F, 0xFF, 0xC7, 0xFF, 0xFC, 0xF8, 0x1F, 0xBF, 0x01, 0xF7, 0xE0, 0x3E, 0xFC, 0x00,
    0x0F, 0xC0, 0x01, 0xFF, 0x00, 0x1F, 0xFC, 0x01, 0xFF, 0xE0, 0x1F, 0xFF, 0x00, 0xFF, 0xE0, 0x03,
    0xFE, 0x00, 0x0F, 0xE0, 0x00, 0xFC, 0x00, 0x1F, 0xFC, 0x01, 0xFF, 0x80, 0x7F, 0xF8, 0x0F, 0xFF,
    0xEF, 0xF3, 0xFF, 0xFE, 0x3F, 0xFF, 0x83, 0xFF, 0xE0, 0x1F, 0xF0, 0x00, 0xFF, 0xFF, 0xFF, 0xFF,
    0xFF, 0xFF, 0xFF, 0xFF, 0xF0, 0x3E, 0x00, 0x1F, 0x00, 0x0F, 0x80, 0x07, 0xC0, 0x03, 0xE0, 0x01,
    0xF0, 0x00, 0xF8, 0x00, 0x7C, 0x00, 0x3E, 0x00, 0x1F, 0x00, 0x0F, 0x80, 0x07, 0xC0, 0x03, 0xE0,
    0x01, 0xF0, 0x00, 0xF8, 0x00, 0x7C, 0x00, 0x3E, 0x00, 0x1F, 0x00, 0x0F, 0x81, 0xFF, 0xFF, 0xFF,
    0xFF, 0xFF, 0xFF, 0xFF, 0xFF, 0xE0, 0x3C, 0x1E, 0x3F, 0x1F, 0x9F, 0x8F, 0xCF, 0xC7, 0xE3, 0xC1,
    0xE0, 0x00, 0x00, 0x00, 0x00, 0x00, 0x00, 0xFF, 0xFF, 0xFF, 0xFF, 0xFF, 0xFF, 0xFF, 0xFF, 0xF0,
    0x3E, 0x00, 0x1F, 0x00, 0x0F, 0x80, 0x07, 0xC0, 0x03, 0xE0, 0x01, 0xF0, 0x00, 0xF8, 0x00, 0x7C,
    0x00, 0x3E, 0x00, 0x1F, 0x00, 0x0F, 0x80, 0x07, 0xC0, 0x03, 0xE0, 0x01, 0xF0, 0x00, 0xF8, 0x00,
    0x7C, 0x00, 0x3E, 0x00, 0x1F, 0x00, 0x0F, 0x81, 0xFF, 0xFF, 0xFF, 0xFF, 0xFF, 0xFF, 0xFF, 0xFF,
    0xE0, 0x00, 0x07, 0xE0, 0x00, 0xFC, 0x00, 0x1F, 0x80, 0x03, 0xF0, 0x00, 0x7E, 0x00, 0x0F, 0xC0,
    0x01, 0xF8, 0x00, 0x3F, 0x00, 0x07, 0xE0, 0x00, 0xFC, 0x00, 0x1F, 0x80, 0x03, 0xF0, 0x00, 0x7E,
    0x00, 0x0F, 0xC0, 0x01, 0xF8, 0x00, 0x3F, 0x00, 0x07, 0xE0, 0x00, 0xFF, 0xE0, 0x1F, 0xFC, 0x03,
    0xFF, 0xC0, 0x7F, 0xF8, 0x1F, 0x9F, 0xEF, 0xF3, 0xFF, 0xFC, 0x3F, 0xFF, 0x83, 0xFF, 0xE0, 0x1F,
    0xF0, 0x00, 0x0F, 0xFF, 0x00, 0x1F, 0xFF, 0x00, 0x1F, 0xFF, 0x00, 0x1F, 0xFF, 0x00, 0x1F, 0x1F,
    0x00, 0x1F, 0x1F, 0x00, 0x1F, 0x1F, 0x00, 0x1F, 0x1F, 0x00, 0x1F, 0x1F, 0x00, 0x1F, 0x1F, 0x00,
    0x1F, 0x1F, 0xF0, 0x1F, 0x1F, 0xFC, 0x1F, 0x1F, 0xFC, 0x1F, 0x1F, 0xFE, 0x1F, 0x1F, 0x7E, 0x1F,
    0x1F, 0x3F, 0x1F, 0x1F, 0x1F, 0x1F, 0x1F, 0x1F, 0x1F, 0x1F, 0x1F, 0x1F, 0x1F, 0x1F, 0x1F, 0x1F,
    0x1F, 0x1F, 0x1F, 0x3F, 0x7F, 0x1F, 0xFE, 0xFE, 0x1F, 0xFE, 0xFE, 0x1F, 0xFC, 0xFC, 0x1F, 0xF8,
    0xF8, 0x1F, 0xF0, 0xF8, 0x7C, 0x03, 0xE1, 0xF0, 0x0F, 0x87, 0xC0, 0x3E, 0x1F, 0x00, 0xF8, 0x7C,
    0x03, 0xE1, 0xF0, 0x0F, 0x87, 0xC0, 0x3E, 0x1F, 0x00, 0xF8, 0x7C, 0x03, 0xE1, 0xF0, 0x0F, 0xFF,
    0xFC, 0x3F, 0xFF, 0xFC, 0xFF, 0xFF, 0xF3, 0xFF, 0xFF, 0xEF, 0x87, 0xFF, 0xBE, 0x1F, 0x3F, 0xF8,
    0x7C, 0x7F, 0xE1, 0xF1, 0xFF, 0x87, 0xC7, 0xFE, 0x1F, 0x1F, 0xF8, 0x7C, 0x7F, 0xE1, 0xF3, 0xFF,
    0x87, 0xFF, 0xBE, 0x1F, 0xFE, 0xF8, 0x7F, 0xF3, 0xE1, 0xFF, 0xCF, 0x87, 0xFC, 0x00, 0xFF, 0xF8,
    0x03, 0xFF, 0xE0, 0x0F, 0xFF, 0x80, 0x3F, 0xFE, 0x00, 0x1F, 0x80, 0x00, 0x3E, 0x00, 0x00, 0xF8,
    0x00, 0x03, 0xE0, 0x00, 0x0F, 0x8F, 0xC0, 0x3E, 0xFF, 0x80, 0xFF, 0xFF, 0x03, 0xFF, 0xFE, 0x0F,
    0xFF, 0xF8, 0x3F, 0x83, 0xE0, 0xFC, 0x0F, 0xC3, 0xE0, 0x3F, 0x0F, 0x80, 0xFC, 0x3E, 0x03, 0xF0,
    0xF8, 0x0F, 0xC3, 0xE0, 0x3F, 0x0F, 0x80, 0xFC, 0x3E, 0x03, 0xF0, 0xF8, 0x0F, 0xC3, 0xE0, 0x3F,
    0x0F, 0x80, 0xFC, 0x3E, 0x03, 0xF0, 0xF8, 0x0F, 0xC0, 0x00, 0x3F, 0x00, 0x07, 0xE0, 0x00, 0xFC,
    0x00, 0x1F, 0x80, 0x03, 0xF0, 0x00, 0x00, 0x00, 0x00, 0x00, 0x00, 0x00, 0x00, 0x7C, 0x03, 0xE7,
    0xC0, 0x7E, 0x7C, 0x07, 0xC7, 0xC0, 0xFC, 0x7C, 0x0F, 0xC7, 0xC1, 0xF8, 0x7C, 0x1F, 0x87, 0xC3,
    0xF0, 0x7C, 0x3F, 0x07, 0xC7, 0xE0, 0x7C, 0x7E, 0x07, 0xFF, 0xC0, 0x7F, 0xFC, 0x07, 0xFF, 0xC0,
    0x7F, 0xFC, 0x07, 0xC7, 0xE0, 0x7C, 0x7E, 0x07, 0xC3, 0xF0, 0x7C, 0x3F, 0x07, 0xC1, 0xF8, 0x7C,
    0x1F, 0x87, 0xC1, 0xF8, 0x7C, 0x0F, 0xC7, 0xC0, 0xFC, 0x7C, 0x07, 0xE7, 0xC0, 0x7E, 0x7C, 0x03,
    0xF0, 0x0F, 0x07, 0x80, 0x78, 0x3C, 0x03, 0xE3, 0xE0, 0x1F, 0xFF, 0x00, 0x7F, 0xF0, 0x00, 0xFE,
    0x00, 0x00, 0x00, 0x00, 0x00, 0x00, 0x00, 0x00, 0x07, 0xE0, 0x0F, 0xDF, 0x00, 0x7C, 0xFC, 0x07,
    0xE7, 0xE0, 0x3F, 0x1F, 0x01, 0xF0, 0xFC, 0x1F, 0x83, 0xE0, 0xF8, 0x1F, 0x87, 0xC0, 0xFC, 0x7E,
    0x03, 0xE3, 0xE0, 0x1F, 0x9F, 0x00, 0x7D, 0xF8, 0x03, 0xEF, 0x80, 0x1F, 0xFC, 0x00, 0x7F, 0xE0,
    0x03, 0xFE, 0x00, 0x0F, 0xF0, 0x00, 0x7F, 0x00, 0x03, 0xF8, 0x00, 0x0F, 0xC0, 0x00, 0x7C, 0x00,
    0x07, 0xE0, 0x00, 0x3F, 0x00, 0x01, 0xF0, 0x00, 0x1F, 0x80, 0x00, 0xFC, 0x00, 0x0F, 0xC0, 0x00,
    0x7C, 0x07, 0xDF, 0x01, 0xF7, 0xC0, 0x7D, 0xF0, 0x1F, 0x7C, 0x07, 0xDF, 0x01, 0xF7, 0xC0, 0x7D,
    0xF0, 0x1F, 0x7C, 0x07, 0xDF, 0x01, 0xF7, 0xC0, 0x7D, 0xF0, 0x1F, 0x7C, 0x07, 0xDF, 0x01, 0xF7,
    0xC0, 0x7D, 0xF0, 0x1F, 0x7C, 0x07, 0xDF, 0x01, 0xF7, 0xC0, 0x7D, 0xF0, 0x1F, 0x7C, 0x07, 0xDF,
    0x01, 0xF7, 0xC0, 0x7D, 0xFF, 0xFF, 0x7F, 0xFF, 0xDF, 0xFF, 0xF7, 0xFF, 0xFC, 0x07, 0xC0, 0x01,
    0xF0, 0x00, 0x7C, 0x00, 0x1F, 0x00, 0x07, 0xC0, 0x01, 0xFC, 0x00, 0x0F, 0xE0, 0x00, 0xFF, 0x00,
    0x07, 0xFC, 0x00, 0x3F, 0xE0, 0x01, 0xFF, 0x00, 0x1F, 0x7C, 0x00, 0xFB, 0xE0, 0x07, 0xDF, 0x00,
    0x7E, 0xF8, 0x03, 0xE3, 0xE0, 0x1F, 0x1F, 0x00, 0xF8, 0xF8, 0x0F, 0xC7, 0xC0, 0x7C, 0x3F, 0x03,
    0xE0, 0xF8, 0x1F, 0xFF, 0xC1, 0xFF, 0xFE, 0x0F, 0xFF, 0xF8, 0x7F, 0xFF, 0xC3, 0xE0, 0x3E, 0x3F,
    0x01, 0xF1, 0xF8, 0x0F, 0xCF, 0x80, 0x7E, 0x7C, 0x01, 0xF7, 0xE0, 0x0F, 0xBF, 0x00, 0x7E, 0x7F,
    0xFF, 0xCF, 0xFF, 0xF9, 0xFF, 0xFF, 0x3F, 0xFF, 0xE7, 0xC0, 0x00, 0xF8, 0x00, 0x1F, 0x00, 0x03,
    0xE0, 0x00, 0x7C, 0x00, 0x0F, 0x80, 0x01, 0xFF, 0xF0, 0x3F, 0xFF, 0x87, 0xFF, 0xF8, 0xFF, 0xFF,
    0x9F, 0x0F, 0xF3, 0xE0, 0x3F, 0x7C, 0x07, 0xEF, 0x80, 0x7D, 0xF0, 0x0F, 0xBE, 0x01, 0xF7, 0xC0,
    0x7E, 0xF8, 0x0F, 0xDF, 0x0F, 0xF3, 0xFF, 0xFE, 0x7F, 0xFF, 0x8F, 0xFF, 0xE1, 0xFF, 0xF0, 0x00,
    0x7F, 0xFC, 0x0F, 0xFF, 0xE1, 0xFF, 0xFE, 0x3F, 0xFF, 0xE7, 0xC3, 0xFC, 0xF8, 0x1F, 0x9F, 0x01,
    0xFB, 0xE0, 0x3F, 0x7C, 0x07, 0xCF, 0x81, 0xF9, 0xF0, 0xFE, 0x3F, 0xFF, 0xC7, 0xFF, 0xE0, 0xFF,
    0xFE, 0x1F, 0xFF, 0xE3, 0xE0, 0xFE, 0x7C, 0x07, 0xEF, 0x80, 0xFD, 0xF0, 0x0F, 0xBE, 0x01, 0xF7,
    0xC0, 0x7E, 0xF8, 0x0F, 0xDF, 0x0F, 0xFB, 0xFF, 0xFE, 0x7F, 0xFF, 0x8F, 0xFF, 0xE1, 0xFF, 0xF0,
    0x00, 0xFF, 0xFF, 0xFF, 0xFF, 0xFF, 0xFF, 0xFF, 0xFF, 0xFF, 0xFC, 0x00, 0x3F, 0x00, 0x0F, 0xC0,
    0x03, 0xF0, 0x00, 0xFC, 0x00, 0x3F, 0x00, 0x0F, 0xC0, 0x03, 0xF0, 0x00, 0xFC, 0x00, 0x3F, 0x00,
    0x0F, 0xC0, 0x03, 0xF0, 0x00, 0xFC, 0x00, 0x3F, 0x00, 0x0F, 0xC0, 0x03, 0xF0, 0x00, 0xFC, 0x00,
    0x3F, 0x00, 0x0F, 0xC0, 0x03, 0xF0, 0x00, 0xFC, 0x00, 0x3F, 0x00, 0x0F, 0xC0, 0x00, 0x0F, 0xFF,
    0xF0, 0x3F, 0xFF, 0xC0, 0xFF, 0xFF, 0x03, 0xFF, 0xFC, 0x0F, 0x83, 0xF0, 0x3E, 0x07, 0xC0, 0xF8,
    0x1F, 0x03, 0xE0, 0x7C, 0x0F, 0x81, 0xF0, 0x3E, 0x07, 0xC0, 0xF8, 0x1F, 0x03, 0xE0, 0x7C, 0x0F,
    0x81, 0xF0, 0x3E, 0x07, 0xC0, 0xF8, 0x1F, 0x03, 0xE0, 0x7C, 0x0F, 0x81, 0xF0, 0x3E, 0x07, 0xC0,
    0xF8, 0x1F, 0x07, 0xE0, 0x7C, 0x1F, 0x01, 0xF0, 0x7C, 0x07, 0xC3, 0xF0, 0x3F, 0x3F, 0xFF, 0xFF,
    0xFF, 0xFF, 0xFF, 0xFF, 0xFF, 0xFF, 0xFF, 0xFF, 0xFF, 0x00, 0x1F, 0xFC, 0x00, 0x7F, 0xF0, 0x01,
    0xFF, 0xC0, 0x07, 0xDF, 0x00, 0x1F, 0xFF, 0xFF, 0xFF, 0xFF, 0xFF, 0xFF, 0xFF, 0xFF, 0xFF, 0x80,
    0x07, 0xC0, 0x03, 0xE0, 0x01, 0xF0, 0x00, 0xF8, 0x00, 0x7C, 0x00, 0x3E, 0x00, 0x1F, 0xFF, 0xEF,
    0xFF, 0xF7, 0xFF, 0xFB, 0xFF, 0xFD, 0xF0, 0x00, 0xF8, 0x00, 0x7C, 0x00, 0x3E, 0x00, 0x1F, 0x00,
    0x0F, 0x80, 0x07, 0xC0, 0x03, 0xE0, 0x01, 0xFF, 0xFF, 0xFF, 0xFF, 0xFF, 0xFF, 0xFF, 0xFF, 0xE0,
    0xF8, 0x78, 0x3F, 0xF0, 0xF0, 0xF9, 0xF1, 0xE1, 0xF3, 0xE3, 0xC3, 0xE7, 0xC7, 0x8F, 0x87, 0xCF,
    0x1F, 0x0F, 0x9E, 0x3E, 0x1F, 0x3C, 0x78, 0x1F, 0x79, 0xF0, 0x3E, 0xF3, 0xE0, 0x7D, 0xE7, 0x80,
    0x7F, 0xFF, 0x00, 0xFF, 0xFE, 0x01, 0xFF, 0xFC, 0x07, 0xDE, 0xF8, 0x0F, 0xBC, 0xF0, 0x1F, 0x79,
    0xF0, 0x3C, 0xF3, 0xE0, 0xF9, 0xE3, 0xC1, 0xF3, 0xC7, 0xC3, 0xC7, 0xCF, 0x8F, 0x8F, 0x8F, 0x1F,
    0x1F, 0x1F, 0x3E, 0x3E, 0x3E, 0xF8, 0x7C, 0x3D, 0xF0, 0xF8, 0x7F, 0xE1, 0xF0, 0xF8, 0x03, 0xFE,
    0x00, 0xFF, 0xF8, 0x1F, 0xFF, 0xC3, 0xFF, 0xFE, 0x7F, 0xFF, 0xE7, 0xE0, 0x7E, 0x7C, 0x03, 0xE7,
    0xC0, 0x3E, 0x00, 0x07, 0xE0, 0x01, 0xFC, 0x01, 0xFF, 0xC0, 0x1F, 0xF0, 0x01, 0xFF, 0x80, 0x1F,
    0xFC, 0x00, 0x3F, 0xE0, 0x00, 0x7E, 0x00, 0x03, 0xF0, 0x00, 0x3F, 0xF8, 0x01, 0xFF, 0xC0, 0x3F,
    0xFC, 0x03, 0xF7, 0xE0, 0x7F, 0x7F, 0xFF, 0xE3, 0xFF, 0xFE, 0x1F, 0xFF, 0xC0, 0xFF, 0xF8, 0x07,
    0xFE, 0x00, 0xF8, 0x0F, 0xDF, 0x03, 0xFB, 0xE0, 0x7F, 0x7C, 0x0F, 0xEF, 0x83, 0xFD, 0xF0, 0x7F,
    0xBE, 0x0F, 0xF7, 0xC3, 0xFE, 0xF8, 0x7B, 0xDF, 0x0F, 0x7B, 0xE3, 0xFF, 0x7C, 0x7B, 0xEF, 0x9F,
    0x7D, 0xF3, 0xEF, 0xBE, 0x79, 0xF7, 0xDF, 0x3E, 0xFB, 0xE7, 0xDF, 0x78, 0xFB, 0xFF, 0x1F, 0x7F,
    0xE3, 0xEF, 0xF8, 0x7D, 0xFF, 0x0F, 0xBF, 0xE1, 0xF7, 0xF8, 0x3E, 0xFF, 0x07, 0xDF, 0xC0, 0xFB,
    0xF8, 0x1F, 0x00, 0x1E, 0x0F, 0x03, 0xC1, 0xE0, 0x7C, 0x7C, 0x0F, 0xFF, 0x80, 0xFF, 0xE0, 0x07,
    0xF0, 0x00, 0x00, 0x00, 0x00, 0x00, 0x00, 0x00, 0x1F, 0x01, 0xFB, 0xE0, 0x7F, 0x7C, 0x0F, 0xEF,
    0x81, 0xFD, 0xF0, 0x7F, 0xBE, 0x0F, 0xF7, 0xC1, 0xFE, 0xF8, 0x7F, 0xDF, 0x0F, 0x7B, 0xE1, 0xEF,
    0x7C, 0x7F, 0xEF, 0x8F, 0x7D, 0xF3, 0xEF, 0xBE, 0x7D, 0xF7, 0xCF, 0x3E, 0xFB, 0xE7, 0xDF, 0x7C,
    0xFB, 0xEF, 0x1F, 0x7F, 0xE3, 0xEF, 0xFC, 0x7D, 0xFF, 0x0F, 0xBF, 0xE1, 0xF7, 0xFC, 0x3E, 0xFF,
    0x07, 0xDF, 0xE0, 0xFB, 0xF8, 0x1F, 0x7F, 0x03, 0xE0, 0x7C, 0x03, 0xE7, 0xC0, 0x7E, 0x7C, 0x07,
    0xC7, 0xC0, 0xFC, 0x7C, 0x0F, 0xC7, 0xC1, 0xF8, 0x7C, 0x1F, 0x87, 0xC3, 0xF0, 0x7C, 0x3F, 0x07,
    0xC7, 0xE0, 0x7C, 0x7E, 0x07, 0xFF, 0xC0, 0x7F, 0xFC, 0x07, 0xFF, 0xC0, 0x7F, 0xFC, 0x07, 0xC7,
    0xE0, 0x7C, 0x7E, 0x07, 0xC3, 0xF0, 0x7C, 0x3F, 0x07, 0xC1, 0xF8, 0x7C, 0x1F, 0x87, 0xC1, 0xF8,
    0x7C, 0x0F, 0xC7, 0xC0, 0xFC, 0x7C, 0x07, 0xE7, 0xC0, 0x7E, 0x7C, 0x03, 0xF0, 0x0F, 0xFF, 0xF0,
    0xFF, 0xFF, 0x0F, 0xFF, 0xF0, 0xFF, 0xFF, 0x0F, 0xC1, 0xF0, 0xFC, 0x1F, 0x0F, 0xC1, 0xF0, 0xFC,
    0x1F, 0x0F, 0xC1, 0xF0, 0xFC, 0x1F, 0x0F, 0xC1, 0xF0, 0xF8, 0x1F, 0x0F, 0x81, 0xF0, 0xF8, 0x1F,
    0x0F, 0x81, 0xF0, 0xF8, 0x1F, 0x0F, 0x81, 0xF0, 0xF8, 0x1F, 0x0F, 0x81, 0xF0, 0xF8, 0x1F, 0x0F,
    0x81, 0xF1, 0xF8, 0x1F, 0x3F, 0x81, 0xFF, 0xF0, 0x1F, 0xFF, 0x01, 0xFF, 0xE0, 0x1F, 0xF8, 0x01,
    0xF0, 0xFE, 0x0F, 0xFF, 0xC1, 0xFF, 0xF8, 0x7F, 0xFF, 0x8F, 0xFF, 0xF1, 0xFF, 0xFE, 0x3F, 0xFF,
    0xCF, 0xFF, 0xFD, 0xFF, 0xFF, 0xBF, 0xFF, 0xF7, 0x7F, 0xEF, 0xEF, 0xFD, 0xFD, 0xFF, 0xBF, 0x3F,
    0xF7, 0xE7, 0xFE, 0x7C, 0xFF, 0xCF, 0x1F, 0xF8, 0x03, 0xFF, 0x00, 0x7F, 0xE0, 0x0F, 0xFC, 0x01,
    0xFF, 0x80, 0x3F, 0xF0, 0x07, 0xFE, 0x00, 0xFF, 0xC0, 0x1F, 0xF8, 0x03, 0xFF, 0x00, 0x7F, 0xE0,
    0x0F, 0x80, 0x7C, 0x07, 0xDF, 0x01, 0xF7, 0xC0, 0x7D, 0xF0, 0x1F, 0x7C, 0x07, 0xDF, 0x01, 0xF7,
    0xC0, 0x7D, 0xF0, 0x1F, 0x7C, 0x07, 0xDF, 0x01, 0xF7, 0xC0, 0x7D, 0xFF, 0xFF, 0x7F, 0xFF, 0xDF,
    0xFF, 0xF7, 0xFF, 0xFD, 0xF0, 0x1F, 0x7C, 0x07, 0xDF, 0x01, 0xF7, 0xC0, 0x7D, 0xF0, 0x1F, 0x7C,
    0x07, 0xDF, 0x01, 0xF7, 0xC0, 0x7D, 0xF0, 0x1F, 0x7C, 0x07, 0xDF, 0x01, 0xF7, 0xC0, 0x7C, 0x07,
    0xFC, 0x03, 0xFF, 0xC0, 0xFF, 0xFC, 0x1F, 0xFF, 0xC7, 0xFF, 0xFC, 0xFC, 0x1F, 0x9F, 0x01, 0xF7,
    0xE0, 0x3E, 0xFC, 0x07, 0xDF, 0x80, 0xFB, 0xF0, 0x1F, 0x7E, 0x03, 0xEF, 0xC0, 0x7D, 0xF8, 0x0F,
    0xBF, 0x01, 0xF7, 0xE0, 0x3E, 0xFC, 0x07, 0xDF, 0x80, 0xFB, 0xF0, 0x1F, 0x7E, 0x03, 0xE7, 0xC0,
    0x7C, 0xFC, 0x1F, 0x9F, 0xFF, 0xF1, 0xFF, 0xFC, 0x3F, 0xFF, 0x03, 0xFF, 0xC0, 0x1F, 0xF0, 0x00,
    0x7F, 0xFF, 0xDF, 0xFF, 0xF7, 0xFF, 0xFD, 0xFF, 0xFF, 0x7C, 0x07, 0xDF, 0x01, 0xF7, 0xC0, 0x7D,
    0xF0, 0x1F, 0x7C, 0x07, 0xDF, 0x01, 0xF7, 0xC0, 0x7D, 0xF0, 0x1F, 0x7C, 0x07, 0xDF, 0x01, 0xF7,
    0xC0, 0x7D, 0xF0, 0x1F, 0x7C, 0x07, 0xDF, 0x01, 0xF7, 0xC0, 0x7D, 0xF0, 0x1F, 0x7C, 0x07, 0xDF,
    0x01, 0xF7, 0xC0, 0x7D, 0xF0, 0x1F, 0x7C, 0x07, 0xDF, 0x01, 0xF7, 0xC0, 0x7C, 0x7F, 0xFE, 0x07,
    0xFF, 0xF0, 0x7F, 0xFF, 0xC7, 0xFF, 0xFC, 0x7C, 0x1F, 0xE7, 0xC0, 0x7E, 0x7C, 0x03, 0xF7, 0xC0,
    0x3F, 0x7C, 0x03, 0xF7, 0xC0, 0x3F, 0x7C, 0x07, 0xE7, 0xC1, 0xFE, 0x7F, 0xFF, 0xC7, 0xFF, 0xFC,
    0x7F, 0xFF, 0x87, 0xFF, 0xE0, 0x7C, 0x00, 0x07, 0xC0, 0x00, 0x7C, 0x00, 0x07, 0xC0, 0x00, 0x7C,
    0x00, 0x07, 0xC0, 0x00, 0x7C, 0x00, 0x07, 0xC0, 0x00, 0x7C, 0x00, 0x07, 0xC0, 0x00, 0x7C, 0x00,
    0x00, 0x07, 0xFC, 0x01, 0xFF, 0xE0, 0xFF, 0xFE, 0x1F, 0xFF, 0xE7, 0xFF, 0xFC, 0xFC, 0x0F, 0xDF,
    0x01, 0xFB, 0xE0, 0x3F, 0x7C, 0x00, 0x0F, 0x80, 0x01, 0xF0, 0x00, 0x3E, 0x00, 0x07, 0xC0, 0x00,
    0xF8, 0x00, 0x1F, 0x00, 0x03, 0xE0, 0x00, 0x7C, 0x00, 0x0F, 0x80, 0x01, 0xF0, 0x00, 0x3E, 0x03,
    0xF7, 0xC0, 0x7E, 0xFC, 0x0F, 0xDF, 0xFF, 0xF1, 0xFF, 0xFE, 0x3F, 0xFF, 0x81, 0xFF, 0xE0, 0x1F,
    0xF0, 0x00, 0xFF, 0xFF, 0xF7, 0xFF, 0xFF, 0xBF, 0xFF, 0xFD, 0xFF, 0xFF, 0xE0, 0x0F, 0x80, 0x00,
    0x7C, 0x00, 0x03, 0xE0, 0x00, 0x1F, 0x00, 0x00, 0xF8, 0x00, 0x07, 0xC0, 0x00, 0x3E, 0x00, 0x01,
    0xF0, 0x00, 0x0F, 0x80, 0x00, 0x7C, 0x00, 0x03, 0xE0, 0x00, 0x1F, 0x00, 0x00, 0xF8, 0x00, 0x07,
    0xC0, 0x00, 0x3E, 0x00, 0x01, 0xF0, 0x00, 0x0F, 0x80, 0x00, 0x7C, 0x00, 0x03, 0xE0, 0x00, 0x1F,
    0x00, 0x00, 0xF8, 0x00, 0x07, 0xC0, 0x00, 0x3E, 0x00, 0xFC, 0x01, 0xFB, 0xE0, 0x0F, 0x9F, 0x80,
    0xFC, 0xFC, 0x07, 0xE3, 0xE0, 0x3E, 0x1F, 0x83, 0xF0, 0x7C, 0x1F, 0x03, 0xF0, 0xF8, 0x1F, 0x8F,
    0xC0, 0x7C, 0x7C, 0x03, 0xF3, 0xE0, 0x0F, 0xBF, 0x00, 0x7D, 0xF0, 0x03, 0xFF, 0x80, 0x0F, 0xFC,
    0x00, 0x7F, 0xC0, 0x01, 0xFE, 0x00, 0x0F, 0xE0, 0x00, 0x7F, 0x00, 0x01, 0xF8, 0x00, 0x0F, 0x80,
    0x00, 0xFC, 0x00, 0x07, 0xE0, 0x00, 0x3E, 0x00, 0x03, 0xF0, 0x00, 0x1F, 0x80, 0x01, 0xF8, 0x00,
    0x00, 0xF8, 0x00, 0x07, 0xC0, 0x00, 0x3E, 0x00, 0x1F, 0xFF, 0x01, 0xFF, 0xFC, 0x1F, 0xFF, 0xF1,
    0xFF, 0xFF, 0xCF, 0xDF, 0xFE, 0xFC, 0xF9, 0xFF, 0xC7, 0xC7, 0xFE, 0x3E, 0x3F, 0xF1, 0xF1, 0xFF,
    0x8F, 0x8F, 0xFC, 0x7C, 0x7F, 0xE3, 0xE3, 0xFF, 0x1F, 0x1F, 0xF8, 0xF8, 0xFF, 0xC7, 0xC7, 0xFE,
    0x3E, 0x3F, 0xF1, 0xF1, 0xFF, 0x8F, 0x8F, 0xFE, 0x7C, 0xFD, 0xFF, 0xFF, 0xCF, 0xFF, 0xFE, 0x3F,
    0xFF, 0xE0, 0xFF, 0xFE, 0x03, 0xFF, 0xE0, 0x01, 0xF0, 0x00, 0x0F, 0x80, 0x00, 0x7C, 0x00, 0xFC,
    0x03, 0xF3, 0xF0, 0x1F, 0x9F, 0xC1, 0xF8, 0x7E, 0x0F, 0xC1, 0xF8, 0xFC, 0x0F, 0xC7, 0xE0, 0x3F,
    0x7E, 0x01, 0xFB, 0xF0, 0x07, 0xFF, 0x00, 0x3F, 0xF0, 0x00, 0xFF, 0x80, 0x07, 0xF8, 0x00, 0x1F,
    0xC0, 0x00, 0xFE, 0x00, 0x07, 0xF0, 0x00, 0x7F, 0xC0, 0x07, 0xFE, 0x00, 0x3F, 0xF8, 0x03, 0xF7,
    0xC0, 0x1F, 0xBF, 0x01, 0xF8, 0xFC, 0x0F, 0xC7, 0xE0, 0xFC, 0x1F, 0x87, 0xC0, 0xFC, 0x7E, 0x03,
    0xF7, 0xE0, 0x1F, 0xBF, 0x00, 0x7E, 0x7C, 0x0F, 0x87, 0xC0, 0xF8, 0x7C, 0x0F, 0x87, 0xC0, 0xF8,
    0x7C, 0x0F, 0x87, 0xC0, 0xF8, 0x7C, 0x0F, 0x87, 0xC0, 0xF8, 0x7C, 0x0F, 0x87, 0xC0, 0xF8, 0x7C,
    0x0F, 0x87, 0xC0, 0xF8, 0x7C, 0x0F, 0x87, 0xC0, 0xF8, 0x7C, 0x0F, 0x87, 0xC0, 0xF8, 0x7C, 0x0F,
    0x87, 0xC0, 0xF8, 0x7C, 0x0F, 0x87, 0xC0, 0xF8, 0x7C, 0x0F, 0x87, 0xC0, 0xF8, 0x7C, 0x0F, 0x87,
    0xFF, 0xFF, 0x7F, 0xFF, 0xF7, 0xFF, 0xFF, 0x7F, 0xFF, 0xF0, 0x00, 0x1F, 0x00, 0x01, 0xF0, 0x00,
    0x1F, 0x00, 0x01, 0xF0, 0x00, 0x1F, 0xF8, 0x07, 0xFE, 0x01, 0xFF, 0x80, 0x7F, 0xE0, 0x1F, 0xF8,
    0x07, 0xFE, 0x01, 0xFF, 0x80, 0x7F, 0xE0, 0x1F, 0xF8, 0x07, 0xFE, 0x01, 0xFF, 0x80, 0x7F, 0xF0,
    0x1F, 0xFF, 0x07, 0xDF, 0xFF, 0xF7, 0xFF, 0xFC, 0xFF, 0xFF, 0x0F, 0xFF, 0xC0, 0x01, 0xF0, 0x00,
    0x7C, 0x00, 0x1F, 0x00, 0x07, 0xC0, 0x01, 0xF0, 0x00, 0x7C, 0x00, 0x1F, 0x00, 0x07, 0xC0, 0x01,
    0xF0, 0x00, 0x7C, 0xF8, 0xF9, 0xF7, 0xC7, 0xCF, 0xBE, 0x3E, 0x7D, 0xF1, 0xF3, 0xEF, 0x8F, 0x9F,
    0x7C, 0x7C, 0xFB, 0xE3, 0xE7, 0xDF, 0x1F, 0x3E, 0xF8, 0xF9, 0xF7, 0xC7, 0xCF, 0xBE, 0x3E, 0x7D,
    0xF1, 0xF3, 0xEF, 0x8F, 0x9F, 0x7C, 0x7C, 0xFB, 0xE3, 0xE7, 0xDF, 0x1F, 0x3E, 0xF8, 0xF9, 0xF7,
    0xC7, 0xCF, 0xBE, 0x3E, 0x7D, 0xF1, 0xF3, 0xEF, 0x8F, 0x9F, 0x7C, 0x7C, 0xFB, 0xE3, 0xE7, 0xDF,
    0xFF, 0xFE, 0xFF, 0xFF, 0xF7, 0xFF, 0xFF, 0xBF, 0xFF, 0xFC, 0xF8, 0xF1, 0xF3, 0xE3, 0xC7, 0xCF,
    0x8F, 0x1F, 0x3E, 0x3C, 0x7C, 0xF8, 0xF1, 0xF3, 0xE3, 0xC7, 0xCF, 0x8F, 0x1F, 0x3E, 0x3C, 0x7C,
    0xF8, 0xF1, 0xF3, 0xE3, 0xC7, 0xCF, 0x8F, 0x1F, 0x3E, 0x3C, 0x7C, 0xF8, 0xF1, 0xF3, 0xE3, 0xC7,
    0xCF, 0x8F, 0x1F, 0x3E, 0x3C, 0x7C, 0xF8, 0xF1, 0xF3, 0xE3, 0xC7, 0xCF, 0x8F, 0x1F, 0x3E, 0x3C,
    0x7C, 0xF8, 0xF1, 0xF3, 0xE3, 0xC7, 0xCF, 0x8F, 0x1F, 0x3F, 0xFF, 0xFF, 0xFF, 0xFF, 0xFF, 0xFF,
    0xFF, 0xFF, 0xFF, 0xFF, 0xC0, 0x00, 0x1F, 0x00, 0x00, 0x7C, 0x00, 0x01, 0xF0, 0x00, 0x07, 0xC0,
    0x00, 0x1F, 0xFF, 0xE0, 0x01, 0xFF, 0xC0, 0x03, 0xFF, 0x80, 0x07, 0xFF, 0x00, 0x00, 0x7E, 0x00,
    0x00, 0xFC, 0x00, 0x01, 0xF8, 0x00, 0x03, 0xF0, 0x00, 0x07, 0xE0, 0x00, 0x0F, 0xC0, 0x00, 0x1F,
    0x80, 0x00, 0x3F, 0xFE, 0x00, 0x7F, 0xFE, 0x00, 0xFF, 0xFF, 0x01, 0xFF, 0xFE, 0x03, 0xF1, 0xFE,
    0x07, 0xE0, 0xFC, 0x0F, 0xC0, 0xFC, 0x1F, 0x81, 0xF8, 0x3F, 0x03, 0xF0, 0x7E, 0x07, 0xE0, 0xFC,
    0x1F, 0x81, 0xF9, 0xFF, 0x03, 0xFF, 0xFC, 0x07, 0xFF, 0xF8, 0x0F, 0xFF, 0xC0, 0x1F, 0xFF, 0x00,
    0xF8, 0x01, 0xF7, 0xC0, 0x0F, 0xBE, 0x00, 0x7D, 0xF0, 0x03, 0xEF, 0x80, 0x1F, 0x7C, 0x00, 0xFB,
    0xE0, 0x07, 0xDF, 0x00, 0x3E, 0xF8, 0x01, 0xF7, 0xC0, 0x0F, 0xBF, 0xF0, 0x7D, 0xFF, 0xE3, 0xEF,
    0xFF, 0x9F, 0x7F, 0xFC, 0xFB, 0xE7, 0xF7, 0xDF, 0x0F, 0xBE, 0xF8, 0x7D, 0xF7, 0xC3, 0xEF, 0xBE,
    0x1F, 0x7D, 0xF0, 0xFB, 0xEF, 0x87, 0xDF, 0x7C, 0x3E, 0xFB, 0xE7, 0xF7, 0xDF, 0xFF, 0x3E, 0xFF,
    0xF9, 0xF7, 0xFF, 0x8F, 0xBF, 0xF0, 0x7C, 0x7C, 0x00, 0x07, 0xC0, 0x00, 0x7C, 0x00, 0x07, 0xC0,
    0x00, 0x7C, 0x00, 0x07, 0xC0, 0x00, 0x7C, 0x00, 0x07, 0xC0, 0x00, 0x7C, 0x00, 0x07, 0xC0, 0x00,
    0x7F, 0xFE, 0x07, 0xFF, 0xF0, 0x7F, 0xFF, 0x87, 0xFF, 0xFC, 0x7C, 0x3F, 0xE7, 0xC0, 0x7E, 0x7C,
    0x03, 0xF7, 0xC0, 0x3F, 0x7C, 0x03, 0xF7, 0xC0, 0x3F, 0x7C, 0x03, 0xF7, 0xC0, 0x7E, 0x7C, 0x3F,
    0xE7, 0xFF, 0xFC, 0x7F, 0xFF, 0x87, 0xFF, 0xF0, 0x7F, 0xFE, 0x00, 0x07, 0xFC, 0x07, 0xFF, 0x83,
    0xFF, 0xF1, 0xFF, 0xFE, 0xFF, 0xFF, 0xFF, 0x03, 0xFF, 0xC0, 0x7F, 0xE0, 0x1F, 0x00, 0x07, 0xC0,
    0x01, 0xF0, 0x7F, 0xFC, 0x1F, 0xFF, 0x07, 0xFF, 0xC1, 0xFF, 0xF0, 0x00, 0x7C, 0x00, 0x1F, 0x00,
    0x07, 0xC0, 0x01, 0xFF, 0x80, 0x7F, 0xE0, 0x1F, 0xFC, 0x0F, 0xFF, 0x03, 0xF7, 0xFB, 0xFD, 0xFF,
    0xFE, 0x3F, 0xFF, 0x07, 0xFF, 0x80, 0x7F, 0xC0, 0xF8, 0x1F, 0xC7, 0xC3, 0xFF, 0x3E, 0x1F, 0xFD,
    0xF1, 0xFF, 0xFF, 0x8F, 0xFF, 0xFC, 0x7C, 0x7F, 0xE3, 0xC3, 0xFF, 0x1E, 0x1F, 0xF8, 0xF0, 0xFF,
    0xC7, 0x87, 0xFF, 0xFC, 0x3F, 0xFF, 0xE1, 0xFF, 0xFF, 0x0F, 0xFF, 0xF8, 0x7F, 0xE3, 0xC3, 0xFF,
    0x1E, 0x1F, 0xF8, 0xF0, 0xFF, 0xC7, 0x87, 0xFE, 0x3C, 0x3F, 0xF1, 0xE1, 0xFF, 0x8F, 0x0F, 0xFC,
    0x7C, 0x7F, 0xE3, 0xFF, 0xFF, 0x1F, 0xFF, 0xF8, 0x7F, 0xF7, 0xC1, 0xFF, 0x3E, 0x07, 0xF0, 0x03,
    0xFF, 0xE1, 0xFF, 0xFC, 0x7F, 0xFF, 0x9F, 0xFF, 0xF7, 0xFC, 0x3E, 0xFC, 0x07, 0xDF, 0x00, 0xFB,
    0xE0, 0x1F, 0x7C, 0x03, 0xEF, 0x80, 0x7D, 0xF8, 0x0F, 0xBF, 0xC1, 0xF3, 0xFF, 0xFE, 0x3F, 0xFF,
    0xC3, 0xFF, 0xF8, 0x3F, 0xFF, 0x07, 0xE3, 0xE0, 0xF8, 0x7C, 0x3F, 0x0F, 0x87, 0xE1, 0xF1, 0xF8,
    0x3E, 0x3F, 0x07, 0xCF, 0xC0, 0xF9, 0xF8, 0x1F, 0x7E, 0x03, 0xEF, 0xC0, 0x7D, 0xF8, 0x0F, 0x80,
    0x07, 0xFC, 0x07, 0xFF, 0xC3, 0xFF, 0xF8, 0xFF, 0xFE, 0x7F, 0xBF, 0xDF, 0x03, 0xF7, 0x80, 0x7C,
    0x00, 0x1F, 0x0F, 0xFF, 0xCF, 0xFF, 0xF7, 0xFF, 0xFD, 0xF8, 0x1F, 0xFC, 0x07, 0xFE, 0x01, 0xFF,
    0x80, 0x7F, 0xF0, 0x3F, 0xFF, 0xFF, 0xFF, 0xFF, 0xF7, 0xFF, 0xFC, 0xFF, 0xDF, 0x1F, 0xE7, 0xC0,
    0x00, 0x07, 0x80, 0x7F, 0xF0, 0x3F, 0xFE, 0x0F, 0xFF, 0xC3, 0xFF, 0xF8, 0x7F, 0xFF, 0x1F, 0xC0,
    0x03, 0xE0, 0x00, 0x7C, 0x00, 0x1F, 0x3F, 0x83, 0xEF, 0xFC, 0x7F, 0xFF, 0xCF, 0xFF, 0xF9, 0xFF,
    0x7F, 0xBF, 0x83, 0xF7, 0xE0, 0x3E, 0xFC, 0x07, 0xDF, 0x80, 0xFB, 0xF0, 0x1F, 0x7E, 0x03, 0xEF,
    0xC0, 0x7D, 0xF8, 0x0F, 0xBF, 0x01, 0xF3, 0xF0, 0x7E, 0x7F, 0xBF, 0xC7, 0xFF, 0xF0, 0xFF, 0xFC,
    0x0F, 0xFF, 0x00, 0x7F, 0xC0, 0x7F, 0xFE, 0x0F, 0xFF, 0xE1, 0xFF, 0xFE, 0x3F, 0xFF, 0xE7, 0xC1,
    0xFC, 0xF8, 0x0F, 0x9F, 0x01, 0xF3, 0xE0, 0x3E, 0x7C, 0x1F, 0x8F, 0xFF, 0xE1, 0xFF, 0xFC, 0x3F,
    0xFF, 0xE7, 0xC0, 0xFC, 0xF8, 0x0F, 0xDF, 0x00, 0xFB, 0xE0, 0x3F, 0x7C, 0x1F, 0xEF, 0xFF, 0xFD,
    0xFF, 0xFF, 0x3F, 0xFF, 0xC7, 0xFF, 0xE0, 0xFF, 0xFF, 0xFF, 0xFF, 0xFF, 0xFF, 0xFF, 0xFF, 0xFF,
    0xC0, 0x07, 0xE0, 0x03, 0xF0, 0x01, 0xF8, 0x00, 0xFC, 0x00, 0x7E, 0x00, 0x3F, 0x00, 0x1F, 0x80,
    0x0F, 0xC0, 0x07, 0xE0, 0x03, 0xF0, 0x01, 0xF8, 0x00, 0xFC, 0x00, 0x7E, 0x00, 0x3F, 0x00, 0x1F,
    0x80, 0x0F, 0xC0, 0x00, 0x0F, 0xFF, 0xF0, 0x3F, 0xFF, 0xC0, 0xFF, 0xFF, 0x03, 0xFF, 0xFC, 0x0F,
    0x83, 0xF0, 0x3E, 0x0F, 0xC0, 0xF8, 0x3F, 0x03, 0xE0, 0xFC, 0x0F, 0x83, 0xF0, 0x3E, 0x0F, 0xC0,
    0xF8, 0x3F, 0x03, 0xE0, 0xFC, 0x0F, 0x83, 0xF0, 0x3E, 0x0F, 0xC1, 0xF8, 0x3F, 0x07, 0xC0, 0xFC,
    0x3F, 0x03, 0xF3, 0xFF, 0xFF, 0xFF, 0xFF, 0xFF, 0xFF, 0xFF, 0xFF, 0xFF, 0xFF, 0xFF, 0xF0, 0x01,
    0xFF, 0xC0, 0x07, 0xFF, 0x00, 0x1F, 0xFC, 0x00, 0x7D, 0xF0, 0x01, 0xF0, 0x07, 0xFC, 0x03, 0xFF,
    0xE0, 0xFF, 0xFE, 0x1F, 0xFF, 0xC7, 0xFB, 0xFC, 0xF8, 0x0F, 0xBF, 0x01, 0xF7, 0xE0, 0x3F, 0xFF,
    0xFF, 0xFF, 0xFF, 0xFF, 0xFF, 0xFF, 0xFE, 0x00, 0x0F, 0xC0, 0x01, 0xF8, 0x00, 0x3F, 0x01, 0xF3,
    0xF0, 0x7E, 0x7F, 0xBF, 0xC7, 0xFF, 0xF0, 0xFF, 0xFE, 0x0F, 0xFF, 0x00, 0x7F, 0xC0, 0xF8, 0x78,
    0x3E, 0xF8, 0xF0, 0xF9, 0xF1, 0xE1, 0xF3, 0xE3, 0xC3, 0xC3, 0xE7, 0x8F, 0x87, 0xCF, 0x1F, 0x07,
    0xDE, 0x7C, 0x0F, 0xBC, 0xF8, 0x1F, 0x79, 0xE0, 0x1F, 0xFF, 0xC0, 0x3F, 0xFF, 0x80, 0x7F, 0xFF,
    0x01, 0xF7, 0x9F, 0x03, 0xEF, 0x3E, 0x0F, 0x9E, 0x7C, 0x1F, 0x3C, 0x7C, 0x3E, 0x78, 0xF8, 0xF8,
    0xF0, 0xF9, 0xF1, 0xE1, 0xF7, 0xC3, 0xC3, 0xEF, 0x87, 0x83, 0xE0, 0x07, 0xFF, 0x01, 0xFF, 0xFC,
    0x3F, 0xFF, 0xC3, 0xFF, 0xFE, 0x7F, 0x9F, 0xE7, 0xE0, 0x3E, 0x00, 0x03, 0xE0, 0x00, 0xFE, 0x03,
    0xFF, 0xC0, 0x3F, 0xF8, 0x03, 0xFF, 0xC0, 0x3F, 0xFE, 0x00, 0x0F, 0xF0, 0x00, 0x3F, 0x7C, 0x03,
    0xF7, 0xC0, 0x3F, 0x7F, 0x8F, 0xF7, 0xFF, 0xFE, 0x3F, 0xFF, 0xE1, 0xFF, 0xFC, 0x0F, 0xFF, 0x00,
    0x7C, 0x1F, 0xDF, 0x07, 0xF7, 0xC1, 0xFD, 0xF0, 0xFF, 0x7C, 0x3F, 0xDF, 0x1F, 0xF7, 0xC7, 0xFD,
    0xF3, 0xFF, 0x7C, 0xFF, 0xDF, 0x3D, 0xF7, 0xDF, 0x7D, 0xF7, 0x9F, 0x7F, 0xE7, 0xDF, 0xF1, 0xF7,
    0xFC, 0x7D, 0xFF, 0x1F, 0x7F, 0x87, 0xDF, 0xE1, 0xF7, 0xF0, 0x7D, 0xFC, 0x1F, 0x7E, 0x07, 0xC0,
    0x1E, 0x0F, 0x0F, 0x83, 0xC1, 0xF1, 0xF0, 0x7F, 0xFC, 0x0F, 0xFE, 0x00, 0xFE, 0x00, 0x00, 0x00,
    0x00, 0x00, 0x00, 0x00, 0x1F, 0x07, 0xF7, 0xC1, 0xFD, 0xF0, 0x7F, 0x7C, 0x3F, 0xDF, 0x0F, 0xF7,
    0xC7, 0xFD, 0xF1, 0xFF, 0x7C, 0xFF, 0xDF, 0x3F, 0xF7, 0xCF, 0x7D, 0xF7, 0xDF, 0x7D, 0xE7, 0xDF,
    0xF9, 0xF7, 0xFC, 0x7D, 0xFF, 0x1F, 0x7F, 0xC7, 0xDF, 0xE1, 0xF7, 0xF8, 0x7D, 0xFC, 0x1F, 0x7F,
    0x07, 0xDF, 0x81, 0xF0, 0xF8, 0x0F, 0xFF, 0x01, 0xFB, 0xE0, 0x7E, 0x7C, 0x0F, 0xCF, 0x83, 0xF1,
    0xF0, 0xFE, 0x3E, 0x1F, 0x87, 0xC7, 0xE0, 0xFF, 0xFC, 0x1F, 0xFF, 0x03, 0xFF, 0xE0, 0x7F, 0xFE,
    0x0F, 0x8F, 0xC1, 0xF0, 0xFC, 0x3E, 0x1F, 0x87, 0xC1, 0xF8, 0xF8, 0x3F, 0x9F, 0x03, 0xF3, 0xE0,
    0x3F, 0x7C, 0x07, 0xEF, 0x80, 0x7E, 0x0F, 0xFF, 0xF0, 0xFF, 0xFF, 0x0F, 0xFF, 0xF0, 0xFF, 0xFF,
    0x0F, 0xC1, 0xF0, 0xFC, 0x1F, 0x0F, 0xC1, 0xF0, 0xFC, 0x1F, 0x0F, 0xC1, 0xF0, 0xFC, 0x1F, 0x0F,
    0xC1, 0xF0, 0xFC, 0x1F, 0x0F, 0x81, 0xF0, 0xF8, 0x1F, 0x0F, 0x81, 0xF1, 0xF8, 0x1F, 0x3F, 0x81,
    0xFF, 0xF0, 0x1F, 0xFF, 0x01, 0xFF, 0xE0, 0x1F, 0xFC, 0x01, 0xF0, 0xFE, 0x0F, 0xFF, 0xC1, 0xFF,
    0xF8, 0x7F, 0xFF, 0x8F, 0xFF, 0xF1, 0xFF, 0xFE, 0x7F, 0xFF, 0xEF, 0xFF, 0xFD, 0xFF, 0xFF, 0xFB,
    0xFF, 0x7F, 0x7F, 0xEF, 0xEF, 0xFD, 0xF9, 0xFF, 0x9F, 0x3F, 0xF3, 0xE7, 0xFE, 0x00, 0xFF, 0xC0,
    0x1F, 0xF8, 0x03, 0xFF, 0x00, 0x7F, 0xE0, 0x0F, 0xFC, 0x01, 0xFF, 0x80, 0x3E, 0x7C, 0x07, 0xDF,
    0x01, 0xF7, 0xC0, 0x7D, 0xF0, 0x1F, 0x7C, 0x07, 0xDF, 0x01, 0xF7, 0xC0, 0x7D, 0xF0, 0x1F, 0x7F,
    0xFF, 0xDF, 0xFF, 0xF7, 0xFF, 0xFD, 0xFF, 0xFF, 0x7C, 0x07, 0xDF, 0x01, 0xF7, 0xC0, 0x7D, 0xF0,
    0x1F, 0x7C, 0x07, 0xDF, 0x01, 0xF7, 0xC0, 0x7D, 0xF0, 0x1F, 0x7C, 0x07, 0xC0, 0x07, 0xFC, 0x03,
    0xFF, 0xC0, 0xFF, 0xFE, 0x1F, 0xFF, 0xC7, 0xFB, 0xFC, 0xFC, 0x1F, 0xBF, 0x01, 0xF7, 0xE0, 0x3E,
    0xFC, 0x07, 0xFF, 0x80, 0xFF, 0xF0, 0x1F, 0xFE, 0x03, 0xFF, 0xC0, 0x7F, 0xF8, 0x0F, 0xBF, 0x01,
    0xF3, 0xF0, 0x7E, 0x7F, 0xFF, 0xC7, 0xFF, 0xF0, 0xFF, 0xFE, 0x0F, 0xFF, 0x00, 0x7F, 0xC0, 0x7F,
    0xFF, 0xDF, 0xFF, 0xF7, 0xFF, 0xFD, 0xFF, 0xFF, 0x7C, 0x07, 0xDF, 0x01, 0xF7, 0xC0, 0x7D, 0xF0,
    0x1F, 0x7C, 0x07, 0xDF, 0x01, 0xF7, 0xC0, 0x7D, 0xF0, 0x1F, 0x7C, 0x07, 0xDF, 0x01, 0xF7, 0xC0,
    0x7D, 0xF0, 0x1F, 0x7C, 0x07, 0xDF, 0x01, 0xF7, 0xC0, 0x7D, 0xF0, 0x1F, 0x7C, 0x07, 0xC0, 0x7C,
    0xFE, 0x0F, 0xBF, 0xE1, 0xFF, 0xFE, 0x3F, 0xFF, 0xE7, 0xFB, 0xFC, 0xFC, 0x1F, 0x9F, 0x01, 0xF3,
    0xE0, 0x3E, 0x7C, 0x07, 0xCF, 0x80, 0xF9, 0xF0, 0x1F, 0x3E, 0x03, 0xE7, 0xC0, 0x7C, 0xF8, 0x0F,
    0x9F, 0x01, 0xF3, 0xF0, 0x7E, 0x7F, 0xBF, 0xCF, 0xFF, 0xF9, 0xFF, 0xFE, 0x3E, 0xFF, 0x87, 0xCF,
    0xE0, 0xF8, 0x00, 0x1F, 0x00, 0x03, 0xE0, 0x00, 0x7C, 0x00, 0x0F, 0x80, 0x01, 0xF0, 0x00, 0x3E,
    0x00, 0x00, 0x07, 0xFC, 0x01, 0xFF, 0xE0, 0x7F, 0xFE, 0x1F, 0xFF, 0xE7, 0xFF, 0xFC, 0xFC, 0x0F,
    0xDF, 0x01, 0xFF, 0xE0, 0x1F, 0xFC, 0x00, 0x1F, 0x80, 0x03, 0xF0, 0x00, 0x7E, 0x00, 0x0F, 0xC0,
    0x01, 0xF8, 0x07, 0xDF, 0x01, 0xFB, 0xF0, 0x3F, 0x7F, 0xBF, 0xC7, 0xFF, 0xF8, 0x7F, 0xFE, 0x07,
    0xFF, 0x80, 0x7F, 0xC0, 0xFF, 0xFF, 0xFF, 0xFF, 0xFF, 0xFF, 0xFF, 0xFF, 0xFF, 0xFF, 0x00, 0xF8,
    0x00, 0x0F, 0x80, 0x00, 0xF8, 0x00, 0x0F, 0x80, 0x00, 0xF8, 0x00, 0x0F, 0x80, 0x00, 0xF8, 0x00,
    0x0F, 0x80, 0x00, 0xF8, 0x00, 0x0F, 0x80, 0x00, 0xF8, 0x00, 0x0F, 0x80, 0x00, 0xF8, 0x00, 0x0F,
    0x80, 0x00, 0xF8, 0x00, 0x0F, 0x80, 0x00, 0xF8, 0x00, 0xFC, 0x01, 0xFB, 0xE0, 0x0F, 0x9F, 0x80,
    0xFC, 0xFC, 0x07, 0xE3, 0xE0, 0x7E, 0x1F, 0x83, 0xF0, 0x7C, 0x1F, 0x03, 0xF1, 0xF8, 0x1F, 0x8F,
    0xC0, 0x7C, 0x7C, 0x03, 0xF7, 0xE0, 0x0F, 0xBF, 0x00, 0x7D, 0xF0, 0x03, 0xFF, 0x80, 0x0F, 0xFC,
    0x00, 0x7F, 0xC0, 0x03, 0xFE, 0x00, 0x0F, 0xE0, 0x00, 0x7F, 0x00, 0x01, 0xF8, 0x00, 0x0F, 0x80,
    0x00, 0xFC, 0x00, 0x07, 0xE0, 0x00, 0x3E, 0x00, 0x03, 0xF0, 0x00, 0x1F, 0x80, 0x01, 0xF8, 0x00,
    0x0F, 0xC0, 0x00, 0x00, 0xF8, 0x00, 0x07, 0xC0, 0x00, 0x3E, 0x00, 0x01, 0xF0, 0x00, 0x0F, 0x80,
    0x00, 0x7C, 0x00, 0x3F, 0xFC, 0x03, 0xFF, 0xF8, 0x3F, 0xFF, 0xE3, 0xFF, 0xFF, 0x9F, 0xFF, 0xFD,
    0xF9, 0xF3, 0xEF, 0x8F, 0x9F, 0xFC, 0x7C, 0x7F, 0xE3, 0xE3, 0xFF, 0x1F, 0x1F, 0xF8, 0xF8, 0xFF,
    0xC7, 0xC7, 0xFE, 0x3E, 0x3F, 0xF1, 0xF1, 0xFF, 0x8F, 0x9F, 0x7E, 0x7C, 0xF9, 0xFF, 0xFF, 0xCF,
    0xFF, 0xFE, 0x3F, 0xFF, 0xE0, 0xFF, 0xFE, 0x03, 0xFF, 0xC0, 0x01, 0xF0, 0x00, 0x0F, 0x80, 0x00,
    0x7C, 0x00, 0x03, 0xE0, 0x00, 0x1F, 0x00, 0x00, 0xF8, 0x00, 0x07, 0xC0, 0x00, 0x7E, 0x03, 0xF3,
    0xF8, 0x3F, 0x0F, 0xC1, 0xF8, 0x3F, 0x1F, 0x81, 0xF9, 0xF8, 0x07, 0xEF, 0xC0, 0x1F, 0xFC, 0x00,
    0xFF, 0xC0, 0x03, 0xFE, 0x00, 0x0F, 0xE0, 0x00, 0x7F, 0x00, 0x07, 0xF8, 0x00, 0x3F, 0xE0, 0x03,
    0xFF, 0x80, 0x3F, 0x7E, 0x01, 0xFB, 0xF0, 0x1F, 0x8F, 0xC1, 0xF8, 0x7F, 0x0F, 0xC1, 0xF8, 0xFC,
    0x07, 0xEF, 0xC0, 0x3F, 0x80, 0x7C, 0x0F, 0x87, 0xC0, 0xF8, 0x7C, 0x0F, 0x87, 0xC0, 0xF8, 0x7C,
    0x0F, 0x87, 0xC0, 0xF8, 0x7C, 0x0F, 0x87, 0xC0, 0xF8, 0x7C, 0x0F, 0x87, 0xC0, 0xF8, 0x7C, 0x0F,
    0x87, 0xC0, 0xF8, 0x7C, 0x0F, 0x87, 0xC0, 0xF8, 0x7C, 0x0F, 0x87, 0xC0, 0xF8, 0x7C, 0x0F, 0x87,
    0xFF, 0xFF, 0x7F, 0xFF, 0xF7, 0xFF, 0xFF, 0x7F, 0xFF, 0xF0, 0x00, 0x1F, 0x00, 0x01, 0xF0, 0x00,
    0x1F, 0x00, 0x01, 0xF0, 0x00, 0x1F, 0x00, 0x01, 0xF0, 0xF8, 0x07, 0xFE, 0x01, 0xFF, 0x80, 0x7F,
    0xE0, 0x1F, 0xF8, 0x07, 0xFE, 0x01, 0xFF, 0x80, 0x7F, 0xF0, 0x1F, 0xFC, 0x07, 0xFF, 0xC1, 0xF7,
    0xFF, 0xFD, 0xFF, 0xFF, 0x3F, 0xFF, 0xC7, 0xFF, 0xF0, 0x00, 0xFC, 0x00, 0x1F, 0x00, 0x07, 0xC0,
    0x01, 0xF0, 0x00, 0x7C, 0x00, 0x1F, 0x00, 0x07, 0xC0, 0xF8, 0xF9, 0xF7, 0xC7, 0xCF, 0xBE, 0x3E,
    0x7D, 0xF1, 0xF3, 0xEF, 0x8F, 0x9F, 0x7C, 0x7C, 0xFB, 0xE3, 0xE7, 0xDF, 0x1F, 0x3E, 0xF8, 0xF9,
    0xF7, 0xC7, 0xCF, 0xBE, 0x3E, 0x7D, 0xF1, 0xF3, 0xEF, 0x8F, 0x9F, 0x7C, 0x7C, 0xFB, 0xE3, 0xE7,
    0xDF, 0x1F, 0x3E, 0xF8, 0xF9, 0xF7, 0xFF, 0xFF, 0xBF, 0xFF, 0xFD, 0xFF, 0xFF, 0xEF, 0xFF, 0xFF,
    0x00, 0xF8, 0xF1, 0xE3, 0xE3, 0xC7, 0x8F, 0x8F, 0x1E, 0x3E, 0x3C, 0x78, 0xF8, 0xF1, 0xE3, 0xE3,
    0xC7, 0x8F, 0x8F, 0x1E, 0x3E, 0x3C, 0x78, 0xF8, 0xF1, 0xE3, 0xE3, 0xC7, 0x8F, 0x8F, 0x1E, 0x3E,
    0x3C, 0x78, 0xF8, 0xF1, 0xE3, 0xE3, 0xC7, 0x8F, 0x8F, 0x1E, 0x3E, 0x3C, 0x78, 0xF8, 0xF1, 0xF3,
    0xFF, 0xFF, 0xFF, 0xFF, 0xFF, 0xFF, 0xFF, 0xFF, 0xFF, 0xFF, 0xFC, 0x00, 0x01, 0xF0, 0x00, 0x07,
    0xC0, 0x00, 0x1F, 0x00, 0x00, 0x7C, 0x00, 0x01, 0xF0, 0xFF, 0xE0, 0x03, 0xFF, 0x80, 0x0F, 0xFE,
    0x00, 0x3F, 0xF8, 0x00, 0x07, 0xE0, 0x00, 0x1F, 0x80, 0x00, 0x7E, 0x00, 0x01, 0xFF, 0xF0, 0x07,
    0xFF, 0xF0, 0x1F, 0xFF, 0xE0, 0x7F, 0xFF, 0xC1, 0xF8, 0xFF, 0x07, 0xE0, 0xFC, 0x1F, 0x81, 0xF0,
    0x7E, 0x07, 0xC1, 0xF8, 0x3F, 0x07, 0xE3, 0xFC, 0x1F, 0xFF, 0xF0, 0x7F, 0xFF, 0x81, 0xFF, 0xFC,
    0x07, 0xFF, 0xC0, 0xF8, 0x01, 0xF7, 0xC0, 0x0F, 0xBE, 0x00, 0x7D, 0xF0, 0x03, 0xEF, 0x80, 0x1F,
    0x7C, 0x00, 0xFB, 0xE0, 0x07, 0xDF, 0xF8, 0x3E, 0xFF, 0xF1, 0xF7, 0xFF, 0xCF, 0xBF, 0xFE, 0x7D,
    0xF3, 0xFB, 0xEF, 0x87, 0xDF, 0x7C, 0x3E, 0xFB, 0xE1, 0xF7, 0xDF, 0x0F, 0xBE, 0xF9, 0xFD, 0xF7,
    0xFF, 0xCF, 0xBF, 0xFE, 0x7D, 0xFF, 0xE3, 0xEF, 0xFC, 0x1F, 0x00, 0xF8, 0x00, 0x1F, 0x00, 0x03,
    0xE0, 0x00, 0x7C, 0x00, 0x0F, 0x80, 0x01, 0xF0, 0x00, 0x3E, 0x00, 0x07, 0xFF, 0xF0, 0xFF, 0xFF,
    0x1F, 0xFF, 0xF3, 0xFF, 0xFF, 0x7E, 0x1F, 0xEF, 0x80, 0x7F, 0xF0, 0x0F, 0xFE, 0x01, 0xFF, 0xC0,
    0x3F, 0xFC, 0x3F, 0xDF, 0xFF, 0xFB, 0xFF, 0xFE, 0x7F, 0xFF, 0x8F, 0xFF, 0xE0, 0x07, 0xFC, 0x07,
    0xFF, 0x83, 0xFF, 0xF1, 0xFF, 0xFE, 0x7F, 0xFF, 0xFF, 0x03, 0xFF, 0xC0, 0x7C, 0x00, 0x1F, 0x01,
    0xFF, 0xC0, 0x7F, 0xF0, 0x1F, 0xFC, 0x07, 0xFF, 0x00, 0x07, 0xFE, 0x01, 0xFF, 0xC0, 0x7F, 0xF0,
    0x3F, 0x7F, 0xBF, 0xDF, 0xFF, 0xE3, 0xFF, 0xF0, 0x7F, 0xF8, 0x07, 0xFC, 0x00, 0xF8, 0x1F, 0xC7,
    0xC3, 0xFF, 0x3E, 0x3F, 0xFD, 0xF1, 0xFF, 0xEF, 0x8F, 0xFF, 0xFC, 0x78, 0x7F, 0xE7, 0xC3, 0xFF,
    0x3E, 0x1F, 0xF9, 0xF0, 0xFF, 0xFF, 0x87, 0xFF, 0xFC, 0x3F, 0xFF, 0xE1, 0xFF, 0x9F, 0x0F, 0xFC,
    0xF8, 0x7F, 0xE7, 0xC3, 0xFF, 0x1E, 0x1F, 0xF8, 0xFF, 0xFF, 0xC7, 0xFF, 0xBE, 0x3F, 0xFD, 0xF0,
    0xFF, 0xCF, 0x81, 0xFC, 0x00, 0x0F, 0xFF, 0xC7, 0xFF, 0xF3, 0xFF, 0xFD, 0xFF, 0xFF, 0x7F, 0x87,
    0xFF, 0x01, 0xFF, 0xC0, 0x7F, 0xF0, 0x1F, 0xFC, 0x07, 0xFF, 0xC1, 0xF7, 0xFF, 0xFD, 0xFF, 0xFF,
    0x3F, 0xFF, 0xC3, 0xFF, 0xF0, 0xFC, 0x7C, 0x7E, 0x1F, 0x1F, 0x87, 0xCF, 0xC1, 0xF7, 0xF0, 0x7D,
    0xF8, 0x1F, 0xFC, 0x07, 0xC0, 0x1E, 0x0F, 0x07, 0xE3, 0xF0, 0xFC, 0x7E, 0x1F, 0x8F, 0xC1, 0xE0,
    0xF0, 0x00, 0x00, 0x00, 0x00, 0x00, 0x00, 0x00, 0x07, 0xFC, 0x03, 0xFF, 0xE0, 0xFF, 0xFE, 0x1F,
    0xFF, 0xC7, 0xFB, 0xFC, 0xF8, 0x0F, 0xBF, 0x01, 0xF7, 0xE0, 0x3F, 0xFF, 0xFF, 0xFF, 0xFF, 0xFF,
    0xFF, 0xFF, 0xFE, 0x00, 0x0F, 0xC0, 0x01, 0xF8, 0x00, 0x3F, 0x01, 0xF3, 0xF0, 0x7E, 0x7F, 0xBF,
    0xC7, 0xFF, 0xF0, 0xFF, 0xFE, 0x0F, 0xFF, 0x00, 0x7F, 0xC0, 0x1F, 0x00, 0x01, 0xF0, 0x00, 0x1F,
    0x00, 0x0F, 0xFF, 0xC0, 0xFF, 0xFC, 0x0F, 0xFF, 0xC0, 0x1F, 0x00, 0x01, 0xF0, 0x00, 0x1F, 0x00,
    0x01, 0xF3, 0xF8, 0x1F, 0x7F, 0xC1, 0xFF, 0xFE, 0x1F, 0xFF, 0xF1, 0xFE, 0xFF, 0x1F, 0x83, 0xF1,
    0xF0, 0x1F, 0x1F, 0x01, 0xF1, 0xF0, 0x1F, 0x1F, 0x01, 0xF1, 0xF0, 0x1F, 0x1F, 0x01, 0xF1, 0xF0,
    0x1F, 0x1F, 0x01, 0xF1, 0xF0, 0x1F, 0x1F, 0x01, 0xF1, 0xF0, 0x1F, 0x1F, 0x01, 0xF0, 0x00, 0x1F,
    0x00, 0x03, 0xF0, 0x01, 0xFF, 0x00, 0x7F, 0xE0, 0x07, 0xFC, 0x00, 0x7F, 0x80, 0x07, 0xF0, 0x00,
    0x7E, 0x00, 0x7E, 0x00, 0x7E, 0x00, 0x7E, 0x00, 0x3E, 0x00, 0x00, 0x00, 0x00, 0x00, 0x00, 0x00,
    0xFF, 0xFF, 0xFF, 0xFF, 0xFF, 0xFF, 0xFF, 0xFF, 0xFF, 0xC0, 0x07, 0xE0, 0x03, 0xF0, 0x01, 0xF8,
    0x00, 0xFC, 0x00, 0x7E, 0x00, 0x3F, 0x00, 0x1F, 0x80, 0x0F, 0xC0, 0x07, 0xE0, 0x03, 0xF0, 0x01,
    0xF8, 0x00, 0xFC, 0x00, 0x7E, 0x00, 0x3F, 0x00, 0x1F, 0x80, 0x0F, 0xC0, 0x00, 0x07, 0xFC, 0x01,
    0xFF, 0xE0, 0xFF, 0xFE, 0x1F, 0xFF, 0xE7, 0xFF, 0xFC, 0xFC, 0x0F, 0xDF, 0x01, 0xFF, 0xE0, 0x00,
    0xFF, 0xF0, 0x1F, 0xFE, 0x03, 0xFF, 0xC0, 0x7F, 0xF8, 0x0F, 0xC0, 0x01, 0xF8, 0x0F, 0xDF, 0x01,
    0xFB, 0xF0, 0x7F, 0x7F, 0xBF, 0xC7, 0xFF, 0xF8, 0xFF, 0xFE, 0x07, 0xFF, 0x80, 0x7F, 0xC0, 0x0F,
    0xFC, 0x07, 0xFF, 0xE1, 0xFF, 0xFE, 0x3F, 0xFF, 0xE7, 0xF3, 0xFD, 0xF8, 0x0F, 0xBF, 0x00, 0x03,
    0xE0, 0x00, 0x7F, 0xF8, 0x0F, 0xFF, 0xE0, 0xFF, 0xFE, 0x07, 0xFF, 0xE0, 0x03, 0xFC, 0x00, 0x0F,
    0xFE, 0x01, 0xFF, 0xE0, 0x3F, 0xFF, 0x1F, 0xEF, 0xFF, 0xF9, 0xFF, 0xFF, 0x1F, 0xFF, 0xC0, 0xFF,
    0xE0, 0x00, 0xF8, 0x00, 0x1F, 0x80, 0x01, 0xFC, 0x00, 0x1F, 0x80, 0x00, 0xF8, 0x00, 0x00, 0x00,
    0x00, 0x00, 0x00, 0x00, 0x00, 0x7F, 0xF8, 0x07, 0xFF, 0x80, 0x7F, 0xF8, 0x07, 0xFF, 0x80, 0x00,
    0xF8, 0x00, 0x0F, 0x80, 0x00, 0xF8, 0x00, 0x0F, 0x80, 0x00, 0xF8, 0x00, 0x0F, 0x80, 0x00, 0xF8,
    0x00, 0x0F, 0x80, 0x00, 0xF8, 0x00, 0x0F, 0x80, 0x00, 0xF8, 0x00, 0x0F, 0x80, 0x00, 0xF8, 0x07,
    0xFF, 0xFF, 0x7F, 0xFF, 0xF7, 0xFF, 0xFF, 0x7F, 0xFF, 0xF0, 0x1F, 0x0F, 0x81, 0xF8, 0xF8, 0x3F,
    0x9F, 0xC1, 0xF8, 0xF8, 0x1F, 0x0F, 0x80, 0x00, 0x00, 0x00, 0x00, 0x00, 0x00, 0x00, 0x7F, 0xF8,
    0x07, 0xFF, 0x80, 0x7F, 0xF8, 0x07, 0xFF, 0x80, 0x00, 0xF8, 0x00, 0x0F, 0x80, 0x00, 0xF8, 0x00,
    0x0F, 0x80, 0x00, 0xF8, 0x00, 0x0F, 0x80, 0x00, 0xF8, 0x00, 0x0F, 0x80, 0x00, 0xF8, 0x00, 0x0F,
    0x80, 0x00, 0xF8, 0x00, 0x0F, 0x80, 0x00, 0xF8, 0x07, 0xFF, 0xFF, 0x7F, 0xFF, 0xF7, 0xFF, 0xFF,
    0x7F, 0xFF, 0xF0, 0x00, 0x3E, 0x00, 0x7F, 0x00, 0x7F, 0x00, 0x7F, 0x00, 0x3E, 0x00, 0x00, 0x00,
    0x00, 0x00, 0x00, 0x7F, 0xFF, 0x7F, 0xFF, 0x7F, 0xFF, 0x7F, 0xFF, 0x00, 0x3F, 0x00, 0x3F, 0x00,
    0x3F, 0x00, 0x3F, 0x00, 0x3F, 0x00, 0x3F, 0x00, 0x3F, 0x00, 0x3F, 0x00, 0x3F, 0x00, 0x3F, 0x00,
    0x3F, 0x00, 0x3F, 0x00, 0x3F, 0x00, 0x3F, 0x00, 0x3F, 0x00, 0x3F, 0x00, 0x3F, 0x00, 0x3F, 0x00,
    0x7E, 0x01, 0xFE, 0x7F, 0xFC, 0x7F, 0xFC, 0x7F, 0xF8, 0x7F, 0xE0, 0x0F, 0xFF, 0x00, 0x0F, 0xFF,
    0x00, 0x0F, 0xFF, 0x00, 0x0F, 0xFF, 0x00, 0x0F, 0x9F, 0x00, 0x0F, 0x1F, 0x00, 0x0F, 0x1F, 0x00,
    0x0F, 0x1F, 0xF8, 0x0F, 0x1F, 0xFC, 0x0F, 0x1F, 0xFE, 0x0F, 0x1F, 0xFE, 0x0F, 0x1F, 0x7F, 0x0F,
    0x1F, 0x1F, 0x1F, 0x1F, 0x1F, 0x1F, 0x1F, 0x1F, 0x1F, 0x1F, 0x1F, 0x3F, 0x1F, 0x7F, 0x7F, 0x1F,
    0xFE, 0x7E, 0x1F, 0xFE, 0x7C, 0x1F, 0xFC, 0x78, 0x1F, 0xF8, 0xF8, 0x7C, 0x03, 0xE1, 0xF0, 0x0F,
    0x87, 0xC0, 0x3E, 0x1F, 0x00, 0xF8, 0x7C, 0x03, 0xE1, 0xF0, 0x0F, 0x87, 0xC0, 0x3F, 0xFF, 0xF8,
    0xFF, 0xFF, 0xF3, 0xFF, 0xFF, 0xEF, 0xFF, 0xFF, 0xBE, 0x1F, 0x7F, 0xF8, 0x7C, 0x7F, 0xE1, 0xF1,
    0xFF, 0x87, 0xC7, 0xFE, 0x1F, 0x1F, 0xF8, 0x7D, 0xFF, 0xE1, 0xFF, 0xEF, 0x87, 0xFF, 0xBE, 0x1F,
    0xFC, 0xF8, 0x7F, 0xE0, 0x1F, 0x00, 0x01, 0xF0, 0x00, 0x1F, 0x00, 0x0F, 0xFF, 0xC0, 0xFF, 0xFC,
    0x0F, 0xFF, 0xC0, 0x1F, 0x00, 0x01, 0xF0, 0x00, 0x1F, 0x3F, 0x81, 0xF7, 0xFC, 0x1F, 0xFF, 0xE1,
    0xFF, 0xFE, 0x1F, 0xEF, 0xF1, 0xF8, 0x3F, 0x1F, 0x01, 0xF1, 0xF0, 0x1F, 0x1F, 0x01, 0xF1, 0xF0,
    0x1F, 0x1F, 0x01, 0xF1, 0xF0, 0x1F, 0x1F, 0x01, 0xF1, 0xF0, 0x1F, 0x1F, 0x01, 0xF1, 0xF0, 0x1F,
    0x1F, 0x01, 0xF1, 0xF0, 0x1F, 0x1F, 0x01, 0xF0, 0x00, 0x7E, 0x00, 0x1F, 0x80, 0x07, 0xE0, 0x01,
    0xF8, 0x00, 0x3E, 0x00, 0x00, 0x00, 0x00, 0x00, 0x00, 0x00, 0x00, 0xF8, 0x0F, 0xFF, 0x01, 0xFB,
    0xE0, 0x7E, 0x7C, 0x0F, 0xCF, 0x83, 0xF1, 0xF0, 0xFE, 0x3E, 0x1F, 0x87, 0xC7, 0xE0, 0xFF, 0xFC,
    0x1F, 0xFF, 0x03, 0xFF, 0xE0, 0x7F, 0xFE, 0x0F, 0x8F, 0xC1, 0xF0, 0xFC, 0x3E, 0x1F, 0x87, 0xC1,
    0xF8, 0xF8, 0x3F, 0x9F, 0x03, 0xF3, 0xE0, 0x3F, 0x7C, 0x07, 0xEF, 0x80, 0x7E, 0x0F, 0x07, 0x80,
    0xF8, 0x3C, 0x03, 0xE3, 0xE0, 0x1F, 0xFF, 0x00, 0x7F, 0xF0, 0x00, 0xFE, 0x00, 0x00, 0x00, 0x00,
    0x00, 0x00, 0x00, 0x00, 0x07, 0xE0, 0x0F, 0xDF, 0x00, 0x7C, 0xFC, 0x07, 0xE7, 0xE0, 0x3F, 0x1F,
    0x03, 0xF0, 0xFC, 0x1F, 0x83, 0xE0, 0xF8, 0x1F, 0x8F, 0xC0, 0xFC, 0x7E, 0x03, 0xE3, 0xE0, 0x1F,
    0xBF, 0x00, 0x7D, 0xF8, 0x03, 0xEF, 0x80, 0x1F, 0xFC, 0x00, 0x7F, 0xE0, 0x03, 0xFE, 0x00, 0x1F,
    0xF0, 0x00, 0x7F, 0x00, 0x03, 0xF8, 0x00, 0x0F, 0xC0, 0x00, 0x7C, 0x00, 0x07, 0xE0, 0x00, 0x3F,
    0x00, 0x01, 0xF0, 0x00, 0x1F, 0x80, 0x00, 0xFC, 0x00, 0x0F, 0xC0, 0x00, 0x7E, 0x00, 0x00, 0x7C,
    0x07, 0xDF, 0x01, 0xF7, 0xC0, 0x7D, 0xF0, 0x1F, 0x7C, 0x07, 0xDF, 0x01, 0xF7, 0xC0, 0x7D, 0xF0,
    0x1F, 0x7C, 0x07, 0xDF, 0x01, 0xF7, 0xC0, 0x7D, 0xF0, 0x1F, 0x7C, 0x07, 0xDF, 0x01, 0xF7, 0xC0,
    0x7D, 0xF0, 0x1F, 0x7C, 0x07, 0xDF, 0xFF, 0xF7, 0xFF, 0xFD, 0xFF, 0xFF, 0x7F, 0xFF, 0xC0, 0x7C,
    0x00, 0x1F, 0x00, 0x07, 0xC0, 0x01, 0xF0, 0x00, 0x7C, 0x00, 0x00, 0x0F, 0xC0, 0x03, 0xF0, 0x00,
    0xFC, 0x00, 0x3F, 0xFF, 0xFF, 0xFF, 0xFF, 0xFF, 0xFF, 0xFF, 0xFF, 0xFF, 0xFC, 0x00, 0x3F, 0x00,
    0x0F, 0xC0, 0x03, 0xF0, 0x00, 0xFC, 0x00, 0x3F, 0x00, 0x0F, 0xC0, 0x03, 0xF0, 0x00, 0xFC, 0x00,
    0x3F, 0x00, 0x0F, 0xC0, 0x03, 0xF0, 0x00, 0xFC, 0x00, 0x3F, 0x00, 0x0F, 0xC0, 0x03, 0xF0, 0x00,
    0xFC, 0x00, 0x3F, 0x00, 0x0F, 0xC0, 0x03, 0xF0, 0x00, 0xFC, 0x00, 0x3F, 0x00, 0x0F, 0xC0, 0x00,
    0x00, 0x1F, 0x00, 0x0F, 0xC0, 0x07, 0xE0, 0x03, 0xFF, 0xFF, 0xFF, 0xFF, 0xFF, 0xFF, 0xFF, 0xFF,
    0xFF, 0xFC, 0x00, 0x7E, 0x00, 0x3F, 0x00, 0x1F, 0x80, 0x0F, 0xC0, 0x07, 0xE0, 0x03, 0xF0, 0x01,
    0xF8, 0x00, 0xFC, 0x00, 0x7E, 0x00, 0x3F, 0x00, 0x1F, 0x80, 0x0F, 0xC0, 0x07, 0xE0, 0x03, 0xF0,
    0x01, 0xF8, 0x00, 0xFC, 0x00, 0x00, 0x1F, 0xFF, 0xF8, 0xFF, 0xFF, 0xC7, 0xFF, 0xFE, 0x3F, 0xFF,
    0xF1, 0xF8, 0x00, 0x0F, 0xC0, 0x00, 0x7E, 0x00, 0x03, 0xF0, 0x00, 0x1F, 0x80, 0x00, 0xFC, 0x00,
    0x07, 0xE0, 0x01, 0xFF, 0xF8, 0x0F, 0xFF, 0xC0, 0x7F, 0xFE, 0x03, 0xFF, 0xF0, 0x03, 0xF0, 0x00,
    0x1F, 0x80, 0x00, 0xFC, 0x00, 0x07, 0xE0, 0x00, 0x3F, 0x00, 0x01, 0xF8, 0x00, 0x0F, 0xC0, 0x00,
    0x7E, 0x00, 0x03, 0xF0, 0x00, 0x1F, 0x80, 0x00, 0xFC, 0x00, 0x07, 0xE0, 0x00, 0x0F, 0xFF, 0xF0,
    0xFF, 0xFF, 0x0F, 0xFF, 0xF0, 0xFF, 0xFF, 0x0F, 0x80, 0x00, 0xF8, 0x00, 0x0F, 0x80, 0x00, 0xF8,
    0x00, 0x0F, 0x80, 0x0F, 0xFF, 0xE0, 0xFF, 0xFE, 0x0F, 0xFF, 0xE0, 0xFF, 0xFE, 0x00, 0xF8, 0x00,
    0x0F, 0x80, 0x00, 0xF8, 0x00, 0x0F, 0x80, 0x00, 0xF8, 0x00, 0x0F, 0x80, 0x00, 0xF8, 0x00, 0x0F,
    0x80, 0x00, 0xFC, 0x07, 0xE7, 0xE0, 0x3E, 0x3F, 0x03, 0xF1, 0xF8, 0x1F, 0x8F, 0xC1, 0xF8, 0x7E,
    0x0F, 0xC3, 0xF0, 0xFC, 0x1F, 0x87, 0xE0, 0xFC, 0x7E, 0x07, 0xE3, 0xF0, 0x3F, 0x3F, 0x01, 0xFF,
    0xF8, 0x0F, 0xFF, 0x80, 0x7F, 0xFC, 0x03, 0xFF, 0xF0, 0x1F, 0x9F, 0x80, 0xFC, 0x7E, 0x07, 0xE3,
    0xF0, 0x3F, 0x0F, 0xC1, 0xF8, 0x7E, 0x0F, 0xC3, 0xF8, 0x7E, 0x0F, 0xC3, 0xF0, 0x7F, 0xFF, 0x81,
    0xFF, 0xFC, 0x0F, 0xFF, 0xE0, 0x3F, 0xFF, 0x01, 0xFE, 0x00, 0x01, 0xF0, 0x00, 0x0F, 0x80, 0x00,
    0x7C, 0x00, 0x03, 0xE0, 0x00, 0x1F, 0x7C, 0x07, 0xE3, 0xE0, 0x3F, 0x1F, 0x03, 0xF0, 0xF8, 0x3F,
    0x87, 0xC1, 0xF8, 0x3E, 0x1F, 0x81, 0xF1, 0xFC, 0x0F, 0x8F, 0xC0, 0x7F, 0xFC, 0x03, 0xFF, 0xE0,
    0x1F, 0xFF, 0x00, 0xFF, 0xF8, 0x07, 0xC7, 0xE0, 0x3E, 0x3F, 0x81, 0xF0, 0xFC, 0x0F, 0x87, 0xF0,
    0x7C, 0x1F, 0xF3, 0xE0, 0x7F, 0x9F, 0x03, 0xFC, 0xF8, 0x0F, 0xE7, 0xC0, 0x7F, 0x00, 0x00, 0x78,
    0x00, 0x03, 0xC0, 0x00, 0x1E, 0x00, 0x00, 0xF0, 0x00, 0x07, 0x80, 0xFC, 0x0F, 0xCF, 0xC0, 0xFC,
    0xFC, 0x0F, 0xCF, 0xC0, 0xFC, 0xFC, 0x0F, 0xCF, 0xC0, 0xFC, 0xFC, 0x0F, 0xCF, 0xC0, 0xFC, 0xFC,
    0x0F, 0xCF, 0xC0, 0xFC, 0xFC, 0x0F, 0xCF, 0xFF, 0xFC, 0xFF, 0xFF, 0xCF, 0xFF, 0xFC, 0xFF, 0xFF,
    0xCF, 0xC0, 0xFC, 0xFC, 0x0F, 0xCF, 0xC0, 0xFC, 0xFC, 0x0F, 0xCF, 0xC0, 0xFC, 0xFC, 0x0F, 0xCF,
    0xC0, 0xFC, 0xFC, 0x0F, 0xFF, 0xC0, 0xFF, 0xFC, 0x0F, 0xFF, 0xC0, 0xFF, 0xFC, 0x0F, 0xF0, 0x00,
    0x1F, 0x00, 0x01, 0xF0, 0x00, 0x1F, 0x00, 0x01, 0xF0, 0x00, 0x1F, 0xFC, 0x0F, 0xCF, 0xC0, 0xFC,
    0xFC, 0x0F, 0xCF, 0xC0, 0xFC, 0xFC, 0x0F, 0xCF, 0xC0, 0xFC, 0xFC, 0x0F, 0xCF, 0xC0, 0xFC, 0xFC,
    0x0F, 0xCF, 0xFF, 0xFC, 0xFF, 0xFF, 0xCF, 0xFF, 0xFC, 0xFF, 0xFF, 0xCF, 0xC0, 0xFC, 0xFC, 0x0F,
    0xCF, 0xC0, 0xFC, 0xFC, 0x0F, 0xFF, 0xC0, 0xFF, 0xFC, 0x0F, 0xFF, 0xC0, 0xFF, 0xFC, 0x0F, 0xF0,
    0x00, 0x1F, 0x00, 0x01, 0xF0, 0x00, 0x1F, 0x00, 0x01, 0xF0, 0x00, 0x1F, 0x7E, 0x00, 0xFD, 0xF8,
    0x03, 0xF3, 0xE0, 0x1F, 0x8F, 0xC0, 0x7E, 0x1F, 0x01, 0xF0, 0x7E, 0x0F, 0xC0, 0xF8, 0x3E, 0x03,
    0xF1, 0xF8, 0x0F, 0xC7, 0xC0, 0x1F, 0xBF, 0x00, 0x7E, 0xF8, 0x00, 0xFB, 0xE0, 0x03, 0xFF, 0x00,
    0x07, 0xFC, 0x00, 0x1F, 0xE0, 0x00, 0x3F, 0x80, 0x00, 0xFE, 0x00, 0x01, 0xF0, 0x00, 0x07, 0xC0,
    0x00, 0x1F, 0x00, 0x00, 0x7C, 0x00, 0x01, 0xF0, 0x00, 0x07, 0xC0, 0x00, 0x1F, 0x00, 0x00, 0x7C,
    0x00, 0x01, 0xF0, 0x00, 0x07, 0xC0, 0x00, 0xFC, 0x01, 0xF3, 0xE0, 0x0F, 0x9F, 0x80, 0xFC, 0xFC,
    0x07, 0xC3, 0xE0, 0x3E, 0x1F, 0x83, 0xF0, 0xFC, 0x1F, 0x03, 0xE0, 0xF8, 0x1F, 0x8F, 0xC0, 0x7C,
    0x7C, 0x03, 0xE3, 0xE0, 0x1F, 0xBF, 0x00, 0x7D, 0xF0, 0x03, 0xEF, 0x80, 0x1F, 0x7C, 0x00, 0x7F,
    0xC0, 0x03, 0xFE, 0x00, 0x1F, 0xE0, 0x00, 0x7F, 0x00, 0x03, 0xF8, 0x00, 0x1F, 0x80, 0x00, 0x7C,
    0x00, 0x03, 0xE0, 0x00, 0x1F, 0x00, 0x00, 0xF8, 0x00, 0x07, 0xC0, 0x00, 0x3E, 0x00, 0x01, 0xF0,
    0x00, 0x7E, 0x00, 0xFD, 0xF8, 0x03, 0xF3, 0xE0, 0x1F, 0x8F, 0xC0, 0x7E, 0x1F, 0x01, 0xF0, 0x7E,
    0x0F, 0xC0, 0xF8, 0x3E, 0x03, 0xF1, 0xF8, 0x07, 0xC7, 0xC0, 0x1F, 0xBF, 0x00, 0x7E, 0xF8, 0x00,
    0xFF, 0xE0, 0x03, 0xFF, 0x00, 0x07, 0xFC, 0x00, 0x1F, 0xE0, 0x00, 0x3F, 0x80, 0x00, 0xFC, 0x00,
    0x3F, 0xFF, 0x80, 0xFF, 0xFE, 0x03, 0xFF, 0xF8, 0x00, 0x7C, 0x00, 0x01, 0xF0, 0x00, 0x07, 0xC0,
    0x00, 0x1F, 0x00, 0x00, 0x7C, 0x00, 0x01, 0xF0, 0x00, 0x07, 0xC0, 0x00, 0xFC, 0x01, 0xF3, 0xE0,
    0x0F, 0x9F, 0x80, 0xFC, 0xFC, 0x07, 0xC3, 0xE0, 0x3E, 0x1F, 0x83, 0xF0, 0xFC, 0x1F, 0x03, 0xE0,
    0xF8, 0x1F, 0x8F, 0xC0, 0x7C, 0x7C, 0x03, 0xE3, 0xE0, 0x1F, 0xBF, 0x00, 0x7D, 0xF0, 0x03, 0xEF,
    0x80, 0x1F, 0x78, 0x00, 0x7F, 0xC0, 0x03, 0xFE, 0x00, 0x1F, 0xE0, 0x00, 0x7F, 0x00, 0x03, 0xF8,
    0x00, 0x1F, 0x80, 0x0F, 0xFF, 0xE0, 0x7F, 0xFF, 0x03, 0xFF, 0xF8, 0x00, 0xF8, 0x00, 0x07, 0xC0,
    0x00, 0x3E, 0x00, 0x01, 0xF0, 0x00, 0x7C, 0x07, 0xE3, 0xE0, 0x3F, 0x1F, 0x01, 0xF8, 0xF8, 0x0F,
    0xC7, 0xC0, 0x7E, 0x3E, 0x03, 0xF1, 0xF0, 0x1F, 0x8F, 0x80, 0xFC, 0x7C, 0x07, 0xE3, 0xE0, 0x3F,
    0x1F, 0x01, 0xF8, 0xFC, 0x0F, 0xC7, 0xF8, 0x7E, 0x3F, 0xFF, 0xF0, 0xFF, 0xFF, 0x83, 0xFF, 0xFC,
    0x0F, 0xFF, 0xE0, 0x00, 0x3F, 0x00, 0x01, 0xF8, 0x00, 0x0F, 0xC0, 0x00, 0x7E, 0x00, 0x03, 0xF0,
    0x00, 0x1F, 0xE0, 0x00, 0xFF, 0x00, 0x07, 0xF8, 0x00, 0x3F, 0xC0, 0x01, 0xFE, 0x00, 0x01, 0xF0,
    0x00, 0x0F, 0x80, 0x00, 0x7C, 0x00, 0x03, 0xE0, 0x00, 0x1F, 0xF8, 0x0F, 0xCF, 0x80, 0xFC, 0xF8,
    0x0F, 0xCF, 0x80, 0xFC, 0xF8, 0x0F, 0xCF, 0x80, 0xFC, 0xF8, 0x0F, 0xCF, 0x80, 0xFC, 0xFC, 0x0F,
    0xCF, 0xE0, 0xFC, 0xFF, 0xFF, 0xC7, 0xFF, 0xFC, 0x3F, 0xFF, 0xC1, 0xFF, 0xFC, 0x00, 0x0F, 0xC0,
    0x00, 0xFC, 0x00, 0x0F, 0xF0, 0x00, 0xFF, 0x00, 0x0F, 0xF0, 0x00, 0xFF, 0x00, 0x0F, 0xF0, 0x00,
    0x1F, 0x00, 0x01, 0xF0, 0x00, 0x1F, 0x00, 0x01, 0xF0, 0x00, 0x1F, 0xF8, 0x00, 0x3E, 0x00, 0x0F,
    0x80, 0x03, 0xE0, 0x00, 0xF8, 0x00, 0x3E, 0x00, 0x0F, 0x80, 0x03, 0xE0, 0x00, 0xF8, 0x00, 0x3F,
    0xFF, 0x0F, 0xFF, 0xE3, 0xFF, 0xFC, 0xFF, 0xFF, 0xBE, 0x1F, 0xEF, 0x80, 0xFF, 0xE0, 0x3F, 0xF8,
    0x0F, 0xFE, 0x03, 0xFF, 0x80, 0xFF, 0xE0, 0x3F, 0xF8, 0x0F, 0xFE, 0x03, 0xFF, 0x80, 0xFF, 0xE0,
    0x3F, 0xF8, 0x0F, 0xFE, 0x03, 0xFF, 0x80, 0xFC, 0xF8, 0x00, 0x3E, 0x00, 0x0F, 0x80, 0x03, 0xE0,
    0x00, 0xF8, 0x00, 0x3E, 0x00, 0x0F, 0x80, 0x03, 0xFF, 0xF0, 0xFF, 0xFF, 0x3F, 0xFF, 0xEF, 0xFF,
    0xFB, 0xE0, 0xFE, 0xF8, 0x0F, 0xFE, 0x03, 0xFF, 0x80, 0xFF, 0xE0, 0x3F, 0xF8, 0x0F, 0xFE, 0x03,
    0xFF, 0x80, 0xFF, 0xE0, 0x3F, 0xF8, 0x0F, 0xC0, 0x07, 0xFC, 0x03, 0xFF, 0xC0, 0xFF, 0xFC, 0x3F,
    0xFF, 0xC7, 0xFF, 0xFD, 0xF8, 0x1F, 0xBF, 0x01, 0xF7, 0xE0, 0x3E, 0x00, 0x07, 0xC0, 0x00, 0xF8,
    0x00, 0x1F, 0x7F, 0xFF, 0xEF, 0xFF, 0xFD, 0xFF, 0xFF, 0xBF, 0xFF, 0xF7, 0xE0, 0x3E, 0xFC, 0x07,
    0xDF, 0x80, 0xFB, 0xF0, 0x1F, 0x7E, 0x03, 0xEF, 0xC0, 0x7D, 0xF8, 0x1F, 0x9F, 0xEF, 0xF3, 0xFF,
    0xFC, 0x3F, 0xFF, 0x03, 0xFF, 0xC0, 0x1F, 0xF0, 0x00, 0x07, 0xFC, 0x03, 0xFF, 0xC0, 0xFF, 0xFC,
    0x3F, 0xFF, 0xC7, 0xFF, 0xFC, 0xF8, 0x1F, 0x80, 0x01, 0xF0, 0x00, 0x3E, 0x00, 0x07, 0xFF, 0xFF,
    0xFF, 0xFF, 0xFF, 0xFF, 0xFF, 0xFF, 0xC0, 0x7F, 0xF8, 0x0F, 0xBF, 0x01, 0xF3, 0xF0, 0x7E, 0x7F,
    0xBF, 0xC7, 0xFF, 0xF0, 0xFF, 0xFC, 0x0F, 0xFF, 0x00, 0x7F, 0xC0, 0x07, 0x83, 0xC0, 0x1F, 0x8F,
    0xC0, 0x3F, 0x1F, 0x80, 0x7E, 0x3F, 0x00, 0x78, 0x3C, 0x00, 0x00, 0x00, 0x00, 0x00, 0x00, 0x00,
    0x00, 0x00, 0xF8, 0x78, 0x3F, 0xF0, 0xF0, 0xF9, 0xF1, 0xE1, 0xF3, 0xE3, 0xC3, 0xE7, 0xC7, 0x8F,
    0x87, 0xCF, 0x1F, 0x0F, 0x9E, 0x3E, 0x1F, 0x3C, 0x78, 0x1F, 0x79, 0xF0, 0x3E, 0xF3, 0xE0, 0x7D,
    0xE7, 0x80, 0x7F, 0xFF, 0x00, 0xFF, 0xFE, 0x01, 0xFF, 0xFC, 0x07, 0xDE, 0xF8, 0x0F, 0xBC, 0xF0,
    0x1F, 0x79, 0xF0, 0x3C, 0xF3, 0xE0, 0xF9, 0xE3, 0xC1, 0xF3, 0xC7, 0xC3, 0xC7, 0xCF, 0x8F, 0x8F,
    0x8F, 0x1F, 0x1F, 0x1F, 0x3E, 0x3E, 0x3E, 0xF8, 0x7C, 0x3D, 0xF0, 0xF8, 0x7F, 0xE1, 0xF0, 0xF8,
    0x07, 0x83, 0xC0, 0x1F, 0x8F, 0xC0, 0x3F, 0x1F, 0x80, 0x7E, 0x3F, 0x00, 0x78, 0x3C, 0x00, 0x00,
    0x00, 0x00, 0x00, 0x00, 0x00, 0x00, 0x00, 0xF8, 0x78, 0x3E, 0xF8, 0xF0, 0xF9, 0xF1, 0xE1, 0xF3,
    0xE3, 0xC3, 0xC3, 0xE7, 0x8F, 0x87, 0xCF, 0x1F, 0x07, 0xDE, 0x7C, 0x0F, 0xBC, 0xF8, 0x1F, 0x79,
    0xE0, 0x1F, 0xFF, 0xC0, 0x3F, 0xFF, 0x80, 0x7F, 0xFF, 0x01, 0xF7, 0x9F, 0x03, 0xEF, 0x3E, 0x0F,
    0x9E, 0x7C, 0x1F, 0x3C, 0x7C, 0x3E, 0x78, 0xF8, 0xF8, 0xF0, 0xF9, 0xF1, 0xE1, 0xF7, 0xC3, 0xC3,
    0xEF, 0x87, 0x83, 0xE0, 0x0F, 0x07, 0x81, 0xF8, 0xFC, 0x1F, 0x8F, 0xC1, 0xF8, 0xFC, 0x0F, 0x07,
    0x80, 0x00, 0x00, 0x00, 0x00, 0x00, 0x00, 0x00, 0x03, 0xFE, 0x00, 0xFF, 0xF8, 0x1F, 0xFF, 0xC3,
    0xFF, 0xFE, 0x7F, 0xFF, 0xE7, 0xE0, 0x7E, 0x7C, 0x03, 0xE7, 0xC0, 0x3E, 0x00, 0x07, 0xE0, 0x01,
    0xFC, 0x01, 0xFF, 0xC0, 0x1F, 0xF0, 0x01, 0xFF, 0x80, 0x1F, 0xFC, 0x00, 0x3F, 0xE0, 0x00, 0x7E,
    0x00, 0x03, 0xF0, 0x00, 0x3F, 0xF8, 0x01, 0xFF, 0xC0, 0x3F, 0xFC, 0x03, 0xF7, 0xE0, 0x7F, 0x7F,
    0xFF, 0xE3, 0xFF, 0xFE, 0x1F, 0xFF, 0xC0, 0xFF, 0xF8, 0x07, 0xFE, 0x00, 0x0F, 0x07, 0x81, 0xF8,
    0xFC, 0x1F, 0x8F, 0xC1, 0xF8, 0xFC, 0x0F, 0x07, 0x80, 0x00, 0x00, 0x00, 0x00, 0x00, 0x00, 0x00,
    0x07, 0xFF, 0x01, 0xFF, 0xFC, 0x3F, 0xFF, 0xC3, 0xFF, 0xFE, 0x7F, 0x9F, 0xE7, 0xE0, 0x3E, 0x00,
    0x03, 0xE0, 0x00, 0xFE, 0x03, 0xFF, 0xC0, 0x3F, 0xF8, 0x03, 0xFF, 0xC0, 0x3F, 0xFE, 0x00, 0x0F,
    0xF0, 0x00, 0x3F, 0x7C, 0x03, 0xF7, 0xC0, 0x3F, 0x7F, 0x8F, 0xF7, 0xFF, 0xFE, 0x3F, 0xFF, 0xE1,
    0xFF, 0xFC, 0x0F, 0xFF, 0x00, 0x1E, 0x0F, 0x07, 0xE3, 0xF0, 0xFC, 0x7E, 0x1F, 0x8F, 0xC1, 0xE0,
    0xF0, 0x00, 0x00, 0x00, 0x00, 0x00, 0x00, 0x00, 0xF8, 0x0F, 0xDF, 0x03, 0xFB, 0xE0, 0x7F, 0x7C,
    0x0F, 0xEF, 0x83, 0xFD, 0xF0, 0x7F, 0xBE, 0x0F, 0xF7, 0xC3, 0xFE, 0xF8, 0x7B, 0xDF, 0x0F, 0x7B,
    0xE3, 0xFF, 0x7C, 0x7B, 0xEF, 0x9F, 0x7D, 0xF3, 0xEF, 0xBE, 0x79, 0xF7, 0xDF, 0x3E, 0xFB, 0xE7,
    0xDF, 0x78, 0xFB, 0xFF, 0x1F, 0x7F, 0xE3, 0xEF, 0xF8, 0x7D, 0xFF, 0x0F, 0xBF, 0xE1, 0xF7, 0xF8,
    0x3E, 0xFF, 0x07, 0xDF, 0xC0, 0xFB, 0xF8, 0x1F, 0x00, 0x1E, 0x0F, 0x0F, 0xC7, 0xE3, 0xF1, 0xF8,
    0xFC, 0x7E, 0x1E, 0x0F, 0x00, 0x00, 0x00, 0x00, 0x00, 0x00, 0x00, 0x7C, 0x1F, 0xDF, 0x07, 0xF7,
    0xC1, 0xFD, 0xF0, 0xFF, 0x7C, 0x3F, 0xDF, 0x1F, 0xF7, 0xC7, 0xFD, 0xF3, 0xFF, 0x7C, 0xFF, 0xDF,
    0x3D, 0xF7, 0xDF, 0x7D, 0xF7, 0x9F, 0x7F, 0xE7, 0xDF, 0xF1, 0xF7, 0xFC, 0x7D, 0xFF, 0x1F, 0x7F,
    0x87, 0xDF, 0xE1, 0xF7, 0xF0, 0x7D, 0xFC, 0x1F, 0x7E, 0x07, 0xC0, 0x1E, 0x0F, 0x07, 0xE3, 0xF0,
    0xFC, 0x7E, 0x1F, 0x8F, 0xC1, 0xE0, 0xF0, 0x00, 0x00, 0x00, 0x00, 0x00, 0x00, 0x00, 0x07, 0xFC,
    0x03, 0xFF, 0xC0, 0xFF, 0xFC, 0x1F, 0xFF, 0xC7, 0xFF, 0xFC, 0xFC, 0x1F, 0x9F, 0x01, 0xF7, 0xE0,
    0x3E, 0xFC, 0x07, 0xDF, 0x80, 0xFB, 0xF0, 0x1F, 0x7E, 0x03, 0xEF, 0xC0, 0x7D, 0xF8, 0x0F, 0xBF,
    0x01, 0xF7, 0xE0, 0x3E, 0xFC, 0x07, 0xDF, 0x80, 0xFB, 0xF0, 0x1F, 0x7E, 0x03, 0xE7, 0xC0, 0x7C,
    0xFC, 0x1F, 0x9F, 0xFF, 0xF1, 0xFF, 0xFC, 0x3F, 0xFF, 0x03, 0xFF, 0xC0, 0x1F, 0xF0, 0x00, 0x1E,
    0x0F, 0x07, 0xE3, 0xF0, 0xFC, 0x7E, 0x1F, 0x8F, 0xC1, 0xE0, 0xF0, 0x00, 0x00, 0x00, 0x00, 0x00,
    0x00, 0x00, 0x07, 0xFC, 0x03, 0xFF, 0xC0, 0xFF, 0xFE, 0x1F, 0xFF, 0xC7, 0xFB, 0xFC, 0xFC, 0x1F,
    0xBF, 0x01, 0xF7, 0xE0, 0x3E, 0xFC, 0x07, 0xFF, 0x80, 0xFF, 0xF0, 0x1F, 0xFE, 0x03, 0xFF, 0xC0,
    0x7F, 0xF8, 0x0F, 0xBF, 0x01, 0xF3, 0xF0, 0x7E, 0x7F, 0xFF, 0xC7, 0xFF, 0xF0, 0xFF, 0xFE, 0x0F,
    0xFF, 0x00, 0x7F, 0xC0, 0x07, 0xFC, 0x03, 0xFF, 0xE0, 0xFF, 0xFE, 0x1F, 0xFF, 0xC7, 0xFB, 0xFC,
    0xF8, 0x1F, 0xBF, 0x01, 0xF7, 0xE0, 0x3E, 0xFC, 0x07, 0xDF, 0x80, 0xFB, 0xF0, 0x1F, 0x7F, 0xFF,
    0xEF, 0xFF, 0xFD, 0xFF, 0xFF, 0xBF, 0xFF, 0xF7, 0xE0, 0x3E, 0xFC, 0x07, 0xDF, 0x80, 0xFB, 0xF0,
    0x1F, 0x7E, 0x03, 0xEF, 0xC0, 0x7C, 0xFC, 0x1F, 0x9F, 0xEF, 0xF1, 0xFF, 0xFC, 0x3F, 0xFF, 0x83,
    0xFF, 0xC0, 0x1F, 0xF0, 0x00, 0x07, 0xFC, 0x03, 0xFF, 0xC0, 0xFF, 0xFC, 0x1F, 0xFF, 0xC7, 0xFB,
    0xFC, 0xF8, 0x1F, 0xBF, 0x01, 0xF7, 0xE0, 0x3E, 0xFC, 0x07, 0xDF, 0xFF, 0xFB, 0xFF, 0xFF, 0x7F,
    0xFF, 0xEF, 0xC0, 0x7D, 0xF8, 0x0F, 0xBF, 0x01, 0xF3, 0xE0, 0x7E, 0x7F, 0xBF, 0xC7, 0xFF, 0xF0,
    0xFF, 0xFC, 0x0F, 0xFF, 0x00, 0x7F, 0xC0, 0x1E, 0x0F, 0x0F, 0xC7, 0xE3, 0xF1, 0xF8, 0xFC, 0x7E,
    0x1E, 0x0F, 0x00, 0x00, 0x00, 0x00, 0x00, 0x00, 0x00, 0xF8, 0x07, 0xFE, 0x01, 0xFF, 0x80, 0x7F,
    0xE0, 0x1F, 0xF8, 0x07, 0xFE, 0x01, 0xFF, 0x80, 0x7F, 0xE0, 0x1F, 0xF8, 0x07, 0xFE, 0x01, 0xFF,
    0x80, 0x7F, 0xF0, 0x1F, 0xFF, 0x07, 0xDF, 0xFF, 0xF7, 0xFF, 0xFC, 0xFF, 0xFF, 0x0F, 0xFF, 0xC0,
    0x01, 0xF0, 0x00, 0x7C, 0x00, 0x1F, 0x00, 0x07, 0xC0, 0x01, 0xF0, 0x00, 0x7C, 0x00, 0x1F, 0x00,
    0x07, 0xC0, 0x01, 0xF0, 0x00, 0x7C, 0x1E, 0x0F, 0x0F, 0xC7, 0xE3, 0xF1, 0xF8, 0xFC, 0x7E, 0x1E,
    0x0F, 0x00, 0x00, 0x00, 0x00, 0x00, 0x00, 0x00, 0xF8, 0x07, 0xFE, 0x01, 0xFF, 0x80, 0x7F, 0xE0,
    0x1F, 0xF8, 0x07, 0xFE, 0x01, 0xFF, 0x80, 0x7F, 0xF0, 0x1F, 0xFC, 0x07, 0xFF, 0xC1, 0xF7, 0xFF,
    0xFD, 0xFF, 0xFF, 0x3F, 0xFF, 0xC7, 0xFF, 0xF0, 0x00, 0xFC, 0x00, 0x1F, 0x00, 0x07, 0xC0, 0x01,
    0xF0, 0x00, 0x7C, 0x00, 0x1F, 0x00, 0x07, 0xC0, 0x00, 0x07, 0xFF, 0xFF, 0xFF, 0xFF, 0xFF, 0xFF,
    0x80, 0x00, 0x00, 0x1F, 0xFF, 0xF7, 0xFF, 0xFD, 0xFF, 0xFF, 0x7F, 0xFF, 0xC0, 0x00, 0x00, 0x01,
    0xFF, 0xFF, 0xFF, 0xFF, 0xFF, 0xFF, 0xFF, 0xFF, 0xFF, 0xFF, 0xFF, 0xE0, 0xFC, 0x1F, 0xFC, 0x1F,
    0xFC, 0x1F, 0xFC, 0x1F, 0xFC, 0x1F, 0xFC, 0x1F, 0xFC, 0x1F, 0xFC, 0x1F, 0xFC, 0x1F, 0xFC, 0x1F,
    0xFC, 0x1F, 0xFC, 0x1F, 0xFC, 0x1F, 0xFC, 0x1F, 0xFC, 0x1F, 0xFC, 0x1F, 0xFC, 0x1F, 0xFC, 0x1F,
    0xFC, 0x1F, 0xFC, 0x1F, 0xFC, 0x1F, 0xFC, 0x1F, 0xFC, 0x1F, 0xFC, 0x1F, 0xFC, 0x1F, 0xFC, 0x1F,
    0xFC, 0x1F, 0xFC, 0x1F, 0xFC, 0x1F, 0xFC, 0x1F, 0xFC, 0x1F, 0xFC, 0x1F, 0xFC, 0x1F, 0xFC, 0x1F,
    0xFC, 0x1F, 0x3F, 0x3F, 0x7E, 0x7E, 0x7C, 0xFC, 0xFC, 0xFC, 0xFC, 0x7C, 0x7E, 0x3E, 0x0F, 0x87,
    0xE3, 0xF1, 0xF8, 0xF8, 0x7C, 0x7E, 0x3E, 0x3F, 0x1F, 0x00, 0x3E, 0x0F, 0x87, 0xE3, 0xF1, 0xF8,
    0xF8, 0x7C, 0x7E, 0x3E, 0x3F, 0x1F, 0x00, 0x7E, 0x7C, 0xFC, 0xFC, 0xFC, 0xFC, 0x7C, 0x7E, 0x7E,
    0x3F, 0x3F, 0x3F, 0x1F, 0x9F, 0x1F, 0x9F, 0x8F, 0xCF, 0x87, 0xCF, 0xC7, 0xE7, 0xE3, 0xE3, 0xE1,
    0xF1, 0xF0, 0xF8, 0xFC, 0x7C, 0x7E, 0x3F, 0x1F, 0x8F, 0xC0, 0x7E, 0x3F, 0x1F, 0x0F, 0x8F, 0xC7,
    0xE3, 0xE3, 0xF3, 0xF1, 0xF9, 0xF8, 0xFC, 0xF8, 0x7C, 0xFC, 0x7E, 0x7E, 0x3F, 0x7E, 0x3F, 0x3F,
    0x1F, 0x80, 0x7E, 0x3F, 0x0F, 0x87, 0xE3, 0xF0, 0xF8, 0xFC, 0x3F, 0x3F, 0x0F, 0x8F, 0xC3, 0xE3,
    0xE1, 0xF9, 0xF8, 0x7E, 0x7E, 0x3F, 0x3F, 0x0F, 0xCF, 0xC7, 0xE0, 0x7E, 0x3F, 0x7E, 0x3F, 0x3F,
    0x1F, 0x1F, 0x0F, 0x8F, 0x87, 0xC7, 0xE3, 0xF3, 0xF1, 0xF8, 0xF8, 0x7C, 0x7E, 0x3F, 0x1F, 0x0F,
    0x8F, 0xC7, 0xE0, 0x01, 0xF0, 0x00, 0x7C, 0x00, 0x1F, 0x00, 0x07, 0xC0, 0x01, 0xF0, 0x00, 0x7C,
    0x00, 0x1F, 0x00, 0x07, 0xC0, 0xFF, 0xFF, 0xFF, 0xFF, 0xFF, 0xFF, 0xFF, 0xFF, 0xFF, 0x01, 0xF0,
    0x00, 0x7C, 0x00, 0x1F, 0x00, 0x07, 0xC0, 0x01, 0xF0, 0x00, 0x7C, 0x00, 0x1F, 0x00, 0x07, 0xC0,
    0x01, 0xF0, 0x00, 0x7C, 0x00, 0x1F, 0x00, 0x07, 0xC0, 0x01, 0xF0, 0x00, 0x7C, 0x00, 0x1F, 0x00,
    0x07, 0xC0, 0x01, 0xF0, 0x00, 0x7C, 0x00, 0x1F, 0x00, 0x07, 0xC0, 0x01, 0xF0, 0x00, 0x7C, 0x00,
    0x1F, 0x00, 0x01, 0xF0, 0x00, 0x7C, 0x00, 0x1F, 0x00, 0x07, 0xC0, 0x01, 0xF0, 0x00, 0x7C, 0x00,
    0x1F, 0x00, 0x07, 0xC0, 0xFF, 0xFF, 0xFF, 0xFF, 0xFF, 0xFF, 0xFF, 0xFF, 0xFF, 0x01, 0xF0, 0x00,
    0x7C, 0x00, 0x1F, 0x00, 0x07, 0xC0, 0x01, 0xF0, 0x00, 0x7C, 0x00, 0x1F, 0x00, 0x07, 0xC0, 0x01,
    0xF0, 0x00, 0x7C, 0x0F, 0xFF, 0xFF, 0xFF, 0xFF, 0xFF, 0xFF, 0xFF, 0xFF, 0xF0, 0x1F, 0x00, 0x07,
    0xC0, 0x01, 0xF0, 0x00, 0x7C, 0x00, 0x1F, 0x00, 0x07, 0xC0, 0x01, 0xF0, 0x00, 0x7C, 0x00, 0x1F,
    0x00, 0x3F, 0x0F, 0xF1, 0xFF, 0x7F, 0xEF, 0xFF, 0xFF, 0xFF, 0xF3, 0xFE, 0x7F, 0x87, 0xE0, 0x3E,
    0x7F, 0x7F, 0x7F, 0x7F, 0x7F, 0x3E, 0x78, 0xF0, 0xF7, 0xCF, 0x9F, 0x7C, 0xF9, 0xF7, 0xCF, 0x9F,
    0x7C, 0xF9, 0xF7, 0xCF, 0x9F, 0x78, 0xF0, 0xF0, 0x3F, 0x80, 0x70, 0x3F, 0xE0, 0x78, 0x1F, 0xF8,
    0x78, 0x0E, 0x3C, 0x3C, 0x07, 0x1E, 0x3C, 0x03, 0x8F, 0x3C, 0x01, 0xC7, 0x9E, 0x00, 0xF7, 0xDE,
    0x00, 0x7F, 0xCE, 0x00, 0x1F, 0xCF, 0x00, 0x01, 0x0F, 0x00, 0x00, 0x07, 0x80, 0x00, 0x07, 0x80,
    0x00, 0x07, 0x80, 0x00, 0x03, 0xC0, 0x00, 0x03, 0xC0, 0x00, 0x01, 0xDF, 0xBE, 0x01, 0xFF, 0xFF,
    0x81, 0xEF, 0xFF, 0xE0, 0xF7, 0x1C, 0x70, 0xF3, 0x8E, 0x38, 0xF1, 0xC7, 0x1C, 0x78, 0xE3, 0x8E,
    0x78, 0x71, 0xC7, 0x3C, 0x3F, 0xFF, 0xBC, 0x1F, 0xFF, 0xBC, 0x07, 0xEF, 0xC0, 0x3F, 0x3F, 0x7E,
    0x7E, 0x7E, 0x7E, 0x7C, 0xFC, 0xFC, 0xFC, 0xF8, 0x3F, 0x1F, 0x9F, 0x8F, 0xDF, 0x8F, 0xCF, 0xC7,
    0xE7, 0xE3, 0xF3, 0xF1, 0xF9, 0xF0, 0xF9, 0xF8, 0xFC, 0xFC, 0x7E, 0x7E, 0x3E, 0x3E, 0x1F, 0x00,
    0x3F, 0x7E, 0x7E, 0xFE, 0xFC, 0xFD, 0xF9, 0xFB, 0xF3, 0xF3, 0xF7, 0xE7, 0xEF, 0xCF, 0xCF, 0x9F,
    0x9F, 0x9F, 0x3F, 0x3E, 0x7E, 0x7E, 0xFC, 0xFC, 0xF9, 0xF9, 0xF1, 0xF3, 0xF3, 0xE7, 0xE7, 0xC0,
    0x01, 0xF0, 0x1F, 0x81, 0xF8, 0x1F, 0x81, 0xF8, 0x0F, 0xC0, 0xFC, 0x0F, 0xC0, 0xFC, 0x07, 0xE0,
    0x1F, 0x80, 0x7E, 0x01, 0xF8, 0x0F, 0xC0, 0x3F, 0x00, 0xFC, 0x03, 0xF0, 0x0F, 0xC0, 0xFC, 0x03,
    0xF0, 0x0F, 0xC0, 0x3F, 0x01, 0xF8, 0x07, 0xE0, 0x1F, 0x80, 0x7E, 0x01, 0xF0, 0x0F, 0xC0, 0xFC,
    0x0F, 0xC0, 0xFC, 0x07, 0xC0, 0x7E, 0x07, 0xE0, 0x7E, 0x07, 0xE0, 0x00, 0x7E, 0x3F, 0x3F, 0x1F,
    0x9F, 0x8F, 0xCF, 0x87, 0xE7, 0xC3, 0xF3, 0xE1, 0xF9, 0xF0, 0xFC, 0xF8, 0x7E, 0x7C, 0x3F, 0x3E,
    0x1F, 0x9F, 0x07, 0xCF, 0x83, 0xE7, 0xC1, 0xF3, 0xE0, 0xF9, 0xF0, 0x7C, 0xF8, 0x3E, 0x7C, 0x1F,
    0x3E, 0x0F, 0x9F, 0x07, 0xC0, 0x00, 0x00, 0x00, 0x00, 0x00, 0x01, 0xF0, 0xFD, 0xFC, 0x7F, 0xFE,
    0x3F, 0xFF, 0x1F, 0xDF, 0x0F, 0xC0, 0xFF, 0xE0, 0xFF, 0xF0, 0xFF, 0xFC, 0xFF, 0xFC, 0x01, 0xFE,
    0x00, 0x7E, 0x00, 0x3E, 0x1F, 0x3F, 0x1F, 0x3E, 0x1F, 0x3E, 0x1F, 0xFE, 0x1F, 0xFE, 0x1F, 0xFC,
    0x1F, 0xF8, 0x1F, 0xE0, 0x1F, 0x00, 0x1F, 0x00, 0x1F, 0x00, 0x1E, 0x00, 0x00, 0x00, 0x00, 0x00,
    0x00, 0x00, 0x1F, 0x00, 0x3F, 0x80, 0x3F, 0x80, 0x3F, 0x80, 0x1F, 0x00, 0x00, 0x00, 0x00, 0x7F,
    0xFF, 0xFF, 0xFF, 0xFF, 0xFF, 0xFF, 0xFF, 0xFF, 0xFF, 0xFF, 0xFF, 0xF8, 0xF8, 0x00, 0x7F, 0xF8,
    0x00, 0xFF, 0xF8, 0x07, 0xFF, 0xFF, 0xFF, 0xE7, 0xFF, 0xFF, 0xC7, 0xFF, 0xFF, 0x07, 0xFF, 0xFC,
    0x00, 0x00, 0x00, 0x1F, 0x00, 0x00, 0x3E, 0x00, 0x00, 0x3E, 0x00, 0x00, 0x7C, 0x00, 0x00, 0xF8,
    0x00, 0x00, 0xF0, 0x00, 0x01, 0xF0, 0x00, 0x03, 0xE0, 0x00, 0x07, 0xC0, 0x00, 0x07, 0xC0, 0x00,
    0x0F, 0x80, 0x00, 0x1F, 0x00, 0x00, 0x1F, 0x00, 0x00, 0x3E, 0x00, 0x00, 0x7C, 0x00, 0x00, 0x78,
    0x00, 0x00, 0xF8, 0x00, 0x01, 0xF0, 0x00, 0x03, 0xE0, 0x00, 0x03, 0xE0, 0x00, 0x07, 0xC0, 0x00,
    0x0F, 0x80, 0x00, 0x0F, 0x00, 0x00, 0x1F, 0x00, 0x00, 0x3E, 0x00, 0x00, 0x7C, 0x00, 0x00, 0x7C,
    0x00, 0x00, 0x00, 0x1F, 0xFF, 0xFF, 0xFF, 0xFF, 0xFF, 0xF0, 0x3E, 0x07, 0xC0, 0xF8, 0x1F, 0x03,
    0xE0, 0x7C, 0x0F, 0x81, 0xF0, 0x3E, 0x07, 0xC0, 0xFF, 0xFF, 0xFF, 0xFF, 0xFF, 0xFF, 0x81, 0xF0,
    0x3E, 0x07, 0xC0, 0xF8, 0x1F, 0x03, 0xE0, 0x7C, 0x0F, 0x81, 0xF0, 0x3E, 0x07, 0xC0, 0xFF, 0xFF,
    0xFF, 0xFF, 0xFF, 0xF0, 0x00, 0x1F, 0xFF, 0xFF, 0xFF, 0xFF, 0xFE, 0x07, 0xC0, 0xF8, 0x1F, 0x03,
    0xE0, 0x7C, 0x0F, 0x81, 0xF0, 0x3E, 0x07, 0xC0, 0xF8, 0x1F, 0xFF, 0xFF, 0xFF, 0xFF, 0xFF, 0xF0,
    0x3E, 0x07, 0xC0, 0xF8, 0x1F, 0x03, 0xE0, 0x7C, 0x0F, 0x81, 0xF0, 0x3E, 0x07, 0xC0, 0xF8, 0x1F,
    0xFF, 0xFF, 0xFF, 0xFF, 0xFF, 0xF0, 0x0F, 0xE0, 0xFF, 0xC3, 0xFF, 0x9F, 0x1F, 0x78, 0x3D, 0xE0,
    0xF7, 0x83, 0xDE, 0x0F, 0x78, 0x3D, 0xE0, 0xF7, 0x83, 0xDE, 0x0F, 0x78, 0x3D, 0xF1, 0xF3, 0xFF,
    0x8F, 0xFC, 0x0F, 0xE0, 0x03, 0xC0, 0x3E, 0x03, 0xE0, 0x1E, 0x01, 0xF0, 0x1F, 0x00, 0xF3, 0xEF,
    0x1F, 0xF8, 0xFF, 0x87, 0xFF, 0xFF, 0xFF, 0xFF, 0xFF, 0x80, 0x7C, 0x03, 0xE0, 0x1F, 0x00, 0xF8,
    0x7F, 0xFB, 0xFF, 0xDF, 0xFE, 0xE0, 0x07, 0x00, 0x38, 0x01, 0xFF, 0x0F, 0xFE, 0x7F, 0xF8, 0x07,
    0xC0, 0x1F, 0xC0, 0xFF, 0x07, 0xFC, 0x7F, 0xFF, 0xCF, 0xFE, 0x1F, 0xC0, 0x03, 0xE0, 0x0F, 0x00,
    0x78, 0x03, 0xE0, 0x0F, 0x00, 0x78, 0x03, 0xFF, 0x0F, 0xFE, 0x7F, 0xFD, 0xE0, 0xF7, 0x83, 0xDC,
    0x0F, 0x78, 0x3D, 0xF1, 0xF7, 0xFF, 0x8F, 0xFE, 0x0F, 0xE0, 0xFF, 0xFF, 0xFF, 0xFF, 0xFF, 0xE0,
    0xFF, 0x0F, 0xF8, 0x78, 0x07, 0xC0, 0x3C, 0x03, 0xE0, 0x1E, 0x01, 0xF0, 0x0F, 0x00, 0x78, 0x07,
    0x80, 0x3C, 0x03, 0xE0, 0x1E, 0x00, 0x1F, 0xE0, 0xFF, 0xE7, 0xFF, 0xDF, 0x1F, 0x78, 0x3D, 0xF1,
    0xF3, 0xFF, 0x87, 0xFC, 0x3F, 0xF9, 0xF3, 0xF7, 0x83, 0xFE, 0x0F, 0x78, 0x3D, 0xF1, 0xF7, 0xFF,
    0xCF, 0xFE, 0x0F, 0xE0, 0x0F, 0xE0, 0xFF, 0xC3, 0xFF, 0x9F, 0x1F, 0x78, 0x3D, 0xE0, 0xF7, 0x83,
    0xDF, 0x1F, 0x7F, 0xFC, 0xFF, 0xE1, 0xFF, 0x00, 0x7C, 0x01, 0xE0, 0x0F, 0x00, 0x7C, 0x01, 0xE0,
    0x0F, 0x80, 0x1E, 0x03, 0xC0, 0x78, 0x0F, 0x0F, 0xFF, 0xFF, 0xFF, 0xF8, 0xF0, 0x1E, 0x03, 0xC0,
    0x78, 0x00, 0xFF, 0xFF, 0xFF, 0xFF, 0xFE, 0x00, 0x00, 0x00, 0x00, 0x00, 0x00, 0x1F, 0xFF, 0xFF,
    0xFF, 0xFF, 0xC0, 0x0F, 0xE0, 0xFF, 0xC3, 0xFF, 0x9F, 0x1F, 0x78, 0x3D, 0xE0, 0xF7, 0x83, 0xDE,
    0x0F, 0x78, 0x3D, 0xE0, 0xF7, 0x83, 0xDE, 0x0F, 0x78, 0x3D, 0xF1, 0xF3, 0xFF, 0x8F, 0xFC, 0x0F,
    0xE0, 0x0F, 0xC0, 0xFF, 0x07, 0xFC, 0x3F, 0xF0, 0xF3, 0xC3, 0x8F, 0x00, 0x3C, 0x00, 0xF0, 0x03,
    0xC0, 0x0F, 0x00, 0x3C, 0x00, 0xF0, 0x03, 0xC0, 0x0F, 0x0F, 0xFF, 0xFF, 0xFF, 0xFF, 0xFC, 0x1F,
    0xC1, 0xFF, 0x1F, 0xFD, 0xF3, 0xFF, 0x07, 0xF8, 0x3C, 0x01, 0xE0, 0x1E, 0x01, 0xF0, 0x3F, 0x03,
    0xF0, 0x3F, 0x03, 0xE0, 0x7E, 0x03, 0xFF, 0xFF, 0xFF, 0xFF, 0xF8, 0xFF, 0xFF, 0xFF, 0xFF, 0xFE,
    0x01, 0xE0, 0x3E, 0x03, 0xE0, 0x1F, 0x00, 0xFE, 0x07, 0xF8, 0x03, 0xC0, 0x1F, 0xE0, 0xFF, 0x07,
    0xFC, 0x7D, 0xFF, 0xCF, 0xFE, 0x1F, 0xC0, 0x03, 0xC0, 0x3E, 0x03, 0xE0, 0x1E, 0x01, 0xF0, 0x1F,
    0x00, 0xF3, 0xEF, 0x1F, 0xF8, 0xFF, 0x87, 0xFF, 0xFF, 0xFF, 0xFF, 0xFF, 0x80, 0x7C, 0x03, 0xE0,
    0x1F, 0x00, 0xF8, 0x7F, 0xFB, 0xFF, 0xDF, 0xFE, 0xE0, 0x07, 0x00, 0x38, 0x01, 0xFF, 0x0F, 0xFE,
    0x7F, 0xF8, 0x07, 0xC0, 0x1F, 0xC0, 0xFF, 0x07, 0xFC, 0x7F, 0xFF, 0xCF, 0xFE, 0x1F, 0xC0, 0x03,
    0xE0, 0x0F, 0x00, 0x78, 0x03, 0xE0, 0x0F, 0x00, 0x78, 0x03, 0xFF, 0x0F, 0xFE, 0x7F, 0xFD, 0xE0,
    0xF7, 0x83, 0xDC, 0x0F, 0x78, 0x3D, 0xF1, 0xF7, 0xFF, 0x8F, 0xFE, 0x0F, 0xE0, 0xFF, 0xFF, 0xFF,
    0xFF, 0xFF, 0xE0, 0xFF, 0x0F, 0xF8, 0x78, 0x07, 0xC0, 0x3C, 0x03, 0xE0, 0x1E, 0x01, 0xF0, 0x0F,
    0x00, 0x78, 0x07, 0x80, 0x3C, 0x03, 0xE0, 0x1E, 0x00, 0x1F, 0xE0, 0xFF, 0xE7, 0xFF, 0xDF, 0x1F,
    0x78, 0x3D, 0xF1, 0xF3, 0xFF, 0x87, 0xFC, 0x3F, 0xF9, 0xF3, 0xF7, 0x83, 0xFE, 0x0F, 0x78, 0x3D,
    0xF1, 0xF7, 0xFF, 0xCF, 0xFE, 0x0F, 0xE0, 0x0F, 0xE0, 0xFF, 0xC3, 0xFF, 0x9F, 0x1F, 0x78, 0x3D,
    0xE0, 0xF7, 0x83, 0xDF, 0x1F, 0x7F, 0xFC, 0xFF, 0xE1, 0xFF, 0x00, 0x7C, 0x01, 0xE0, 0x0F, 0x00,
    0x7C, 0x01, 0xE0, 0x0F, 0x80, 0x00, 0x07, 0xC0, 0x00, 0x3E, 0x00, 0x01, 0xF0, 0x00, 0xFF, 0xF0,
    0x07, 0xFF, 0x80, 0x3F, 0xFC, 0x00, 0x1F, 0x00, 0x00, 0xF8, 0x00, 0x07, 0xC0, 0x7F, 0x3E, 0x07,
    0xFD, 0xF0, 0x7F, 0xFF, 0x87, 0xFF, 0xFC, 0x3F, 0x9F, 0xE1, 0xF8, 0x3F, 0x1F, 0x80, 0xF8, 0xFC,
    0x07, 0xC7, 0xE0, 0x3E, 0x3F, 0x01, 0xF0, 0xFC, 0x1F, 0x87, 0xF3, 0xFC, 0x3F, 0xFF, 0xE0, 0xFF,
    0xFF, 0x03, 0xFE, 0xF8, 0x0F, 0xE7, 0xC0, 0x00, 0x00, 0x00, 0x00, 0x01, 0xFF, 0xFF, 0x8F, 0xFF,
    0xFC, 0x7F, 0xFF, 0xE0, 0x01, 0xFF, 0x00, 0x3F, 0xFE, 0x03, 0xFF, 0xF8, 0x3F, 0xFF, 0xE1, 0xFF,
    0xFF, 0x0F, 0xC0, 0xFC, 0x7C, 0x07, 0xE3, 0xE0, 0x00, 0xFF, 0xFC, 0x07, 0xFF, 0xE0, 0x3F, 0xFF,
    0x00, 0x3E, 0x00, 0x01, 0xF0, 0x00, 0x0F, 0x80, 0x00, 0x7C, 0x00, 0x1F, 0xFF, 0x80, 0xFF, 0xFC,
    0x07, 0xFF, 0xE0, 0x07, 0xC0, 0x00, 0x3E, 0x03, 0xF1, 0xF0, 0x1F, 0x8F, 0xC0, 0xFC, 0x7F, 0xBF,
    0xC1, 0xFF, 0xFE, 0x07, 0xFF, 0xE0, 0x1F, 0xFE, 0x00, 0x7F, 0xC0, 0xFF, 0xFF, 0xFF, 0xFF, 0xFF,
    0xFF, 0xFF, 0xFF, 0xFF, 0xFF, 0xF0, 0x0F, 0x80, 0x00, 0x7C, 0x00, 0x03, 0xE0, 0x00, 0x1F, 0x00,
    0x00, 0xF8, 0xE0, 0x07, 0xFF, 0x00, 0x3F, 0xF8, 0x1F, 0xFF, 0xC3, 0xFF, 0xFC, 0x3F, 0xFE, 0x01,
    0xFF, 0xE0, 0x0F, 0x9F, 0x3C, 0x00, 0xFF, 0xE0, 0x0F, 0xFF, 0x07, 0xFF, 0xF8, 0xFF, 0xFE, 0x07,
    0xFF, 0x80, 0x3F, 0xFC, 0x01, 0xE3, 0xE0, 0x00, 0x1F, 0x00, 0x00, 0xF8, 0x00, 0x07, 0xC0, 0x00,
    0x3E, 0x00, 0x03, 0xFE, 0x00, 0x3F, 0xFC, 0x03, 0xFF, 0xF0, 0x3F, 0xFF, 0xC3, 0xFD, 0xFE, 0x1F,
    0x83, 0xF0, 0xF8, 0x0F, 0x80, 0x00, 0xF8, 0x00, 0x0F, 0xC7, 0xFF, 0xFF, 0xFF, 0xFF, 0xFF, 0xFF,
    0xFF, 0xF0, 0x00, 0x00, 0x00, 0x00, 0x03, 0xFF, 0xFF, 0xFF, 0xFF, 0xFF, 0xFF, 0xFF, 0xF8, 0xF8,
    0x00, 0x0F, 0x80, 0x00, 0x7C, 0x07, 0xC3, 0xE0, 0x3E, 0x1F, 0x83, 0xF0, 0xFF, 0xFF, 0x03, 0xFF,
    0xF8, 0x1F, 0xFF, 0x80, 0x7F, 0xF8, 0x00, 0xFF, 0x00, 0x1F, 0xFF, 0x80, 0x7F, 0xFF, 0x81, 0xFF,
    0xFF, 0x07, 0xFF, 0xFC, 0x1F, 0x87, 0xF8, 0x7E, 0x07, 0xE1, 0xF8, 0x0F, 0xC7, 0xE0, 0x3F, 0x1F,
    0x80, 0xFC, 0x7E, 0x03, 0xF1, 0xF8, 0x1F, 0x87, 0xE1, 0xFE, 0xFF, 0xFF, 0xFB, 0xFF, 0xFF, 0xCF,
    0xFF, 0xFE, 0x3F, 0xFF, 0xE0, 0x1F, 0x80, 0x00, 0x7E, 0x00, 0x0F, 0xFF, 0xF8, 0x3F, 0xFF, 0xE0,
    0xFF, 0xFF, 0x83, 0xFF, 0xFE, 0x01, 0xF8, 0x00, 0x07, 0xE0, 0x00, 0x1F, 0x80, 0x00, 0x7E, 0x00,
    0x01, 0xF8, 0x00, 0x00, 0x06, 0x30, 0x01, 0xEF, 0x00, 0x3D, 0xE0, 0x07, 0xBC, 0x00, 0xF7, 0x80,
    0x1E, 0xF0, 0x1F, 0xFF, 0x03, 0xFF, 0xF8, 0x7F, 0xFF, 0x8F, 0xFF, 0xF9, 0xF0, 0xFF, 0x3E, 0x07,
    0xE7, 0xC0, 0x7E, 0xF8, 0x0F, 0x9F, 0x01, 0xF3, 0xE0, 0x7E, 0x7C, 0x3F, 0x8F, 0xFF, 0xF1, 0xFF,
    0xF8, 0x3F, 0xFF, 0x87, 0xFF, 0xF8, 0xF8, 0x3F, 0x9F, 0x01, 0xFB, 0xE0, 0x3F, 0x7C, 0x03, 0xEF,
    0x80, 0x7D, 0xF0, 0x1F, 0xBE, 0x03, 0xF7, 0xC3, 0xFE, 0xFF, 0xFF, 0x9F, 0xFF, 0xE3, 0xFF, 0xF8,
    0x7F, 0xFC, 0x01, 0xEF, 0x00, 0x3D, 0xE0, 0x07, 0xBC, 0x00, 0xF7, 0x80, 0x1E, 0xF0, 0x00, 0x00,
    0xFC, 0x00, 0x03, 0xF0, 0x00, 0x07, 0xE0, 0x00, 0x1F, 0x80, 0x00, 0x7E, 0x00, 0x01, 0xF8, 0x00,
    0x07, 0xF0, 0x00, 0x0F, 0xC0, 0x00, 0x3F, 0x00, 0x00, 0xFF, 0xFF, 0xFB, 0xFF, 0xFF, 0xF7, 0xFF,
    0xFF, 0xE7, 0xFF, 0xFF, 0xC7, 0xE0, 0x00, 0x07, 0xE0, 0x00, 0x0F, 0xE0, 0x00, 0x0F, 0xC0, 0x00,
    0x0F, 0xC0, 0x00, 0x0F, 0xC0, 0x00, 0x0F, 0xC0, 0x00, 0x1F, 0x80, 0x00, 0x1F, 0x80, 0x00, 0x00,
    0x00, 0x00, 0x03, 0x80, 0x00, 0x3E, 0x00, 0x03, 0xF8, 0x00, 0x3F, 0xE0, 0x03, 0xFF, 0x80, 0x7F,
    0xFE, 0x07, 0xFF, 0xFC, 0x7F, 0xFF, 0xF7, 0xF7, 0xDF, 0xFF, 0x3E, 0x7F, 0xF1, 0xF1, 0xFF, 0x0F,
    0x87, 0xF0, 0x7C, 0x1F, 0x03, 0xE0, 0x60, 0x1F, 0x00, 0x00, 0xF8, 0x00, 0x07, 0xC0, 0x00, 0x3E,
    0x00, 0x01, 0xF0, 0x00, 0x0F, 0x80, 0x00, 0x7C, 0x00, 0x03, 0xE0, 0x00, 0x1F, 0x00, 0x00, 0xF8,
    0x00, 0x07, 0xC0, 0x00, 0x3E, 0x00, 0x01, 0xF0, 0x00, 0x0F, 0x80, 0x00, 0x00, 0x7E, 0x00, 0x00,
    0xFC, 0x00, 0x00, 0xFC, 0x00, 0x00, 0xFC, 0x00, 0x00, 0xFC, 0x00, 0x01, 0xFC, 0x00, 0x01, 0xF8,
    0x00, 0x01, 0xF8, 0x00, 0x01, 0xF9, 0xFF, 0xFF, 0xFB, 0xFF, 0xFF, 0xFF, 0xFF, 0xFF, 0xEF, 0xFF,
    0xFF, 0xC0, 0x00, 0x3F, 0x00, 0x00, 0xFC, 0x00, 0x03, 0xF0, 0x00, 0x0F, 0xE0, 0x00, 0x1F, 0x80,
    0x00, 0x7E, 0x00, 0x01, 0xF8, 0x00, 0x07, 0xE0, 0x00, 0x0F, 0xC0, 0x00, 0x00, 0xF8, 0x00, 0x07,
    0xC0, 0x00, 0x3E, 0x00, 0x01, 0xF0, 0x00, 0x0F, 0x80, 0x00, 0x7C, 0x00, 0x03, 0xE0, 0x00, 0x1F,
    0x00, 0x00, 0xF8, 0x00, 0x07, 0xC0, 0x00, 0x3E, 0x00, 0x01, 0xF0, 0x00, 0x0F, 0x80, 0x00, 0x7C,
    0x03, 0x03, 0xE0, 0x7C, 0x1F, 0x07, 0xF0, 0xF8, 0x7F, 0xC7, 0xC7, 0xFF, 0x3E, 0x7F, 0xFD, 0xF7,
    0xF7, 0xFF, 0xFF, 0x1F, 0xFF, 0xF0, 0x7F, 0xFE, 0x00, 0xFF, 0xE0, 0x03, 0xFE, 0x00, 0x0F, 0xE0,
    0x00, 0x3E, 0x00, 0x00, 0xE0, 0x00, 0x00, 0x00, 0x00, 0x00, 0xFC, 0x7E, 0x00, 0x03, 0xF8, 0xFC,
    0x00, 0x07, 0xE0, 0xFC, 0x00, 0x1F, 0x80, 0xFC, 0x00, 0x7E, 0x00, 0xFC, 0x01, 0xF8, 0x01, 0xFC,
    0x03, 0xF0, 0x01, 0xF8, 0x0F, 0xC0, 0x01, 0xF8, 0x3F, 0x00, 0x01, 0xF8, 0xFF, 0xFF, 0xFF, 0xFB,
    0xFF, 0xFF, 0xFF, 0xF7, 0xFF, 0xFF, 0xFF, 0xE7, 0xFF, 0xFF, 0xFF, 0xC7, 0xE0, 0x00, 0x3F, 0x07,
    0xE0, 0x00, 0xFC, 0x07, 0xE0, 0x03, 0xF0, 0x0F, 0xC0, 0x0F, 0xC0, 0x0F, 0xC0, 0x1F, 0x80, 0x0F,
    0xC0, 0x7E, 0x00, 0x0F, 0xC1, 0xF8, 0x00, 0x1F, 0x87, 0xE0, 0x00, 0x1F, 0x8F, 0xC0, 0x00, 0x00,
    0x00, 0x00, 0x03, 0x80, 0x00, 0x3E, 0x00, 0x03, 0xF8, 0x00, 0x3F, 0xE0, 0x07, 0xFF, 0x80, 0x7F,
    0xFF, 0x07, 0xFF, 0xFC, 0x7F, 0xFF, 0xF7, 0xF7, 0xDF, 0xFF, 0x3E, 0x7F, 0xF1, 0xF1, 0xFF, 0x0F,
    0x87, 0xF0, 0x7C, 0x1F, 0x03, 0xE0, 0x60, 0x1F, 0x00, 0x00, 0xF8, 0x00, 0x07, 0xC0, 0x00, 0x3E,
    0x00, 0x01, 0xF0, 0x00, 0x0F, 0x80, 0x00, 0x7C, 0x00, 0x03, 0xE0, 0x00, 0x1F, 0x00, 0x00, 0xF8,
    0x00, 0x07, 0xC0, 0x00, 0x3E, 0x01, 0x01, 0xF0, 0x1C, 0x0F, 0x81, 0xF0, 0x7C, 0x3F, 0xE3, 0xE3,
    0xFF, 0x9F, 0x3F, 0xFE, 0xFB, 0xFB, 0xFF, 0xFF, 0x8F, 0xFF, 0xF8, 0x3F, 0xFF, 0x80, 0xFF, 0xF8,
    0x03, 0xFF, 0x00, 0x0F, 0xF0, 0x00, 0x1F, 0x00, 0x00, 0x70, 0x00, 0x01, 0x00, 0x00, 0xFF, 0xFF,
    0x8F, 0xFF, 0xF8, 0xFF, 0xFF, 0x8F, 0xFF, 0xFC, 0xFF, 0x00, 0x0F, 0xF8, 0x00, 0xFF, 0xC0, 0x0F,
    0xFE, 0x00, 0xFF, 0xF0, 0x0F, 0xBF, 0x80, 0xF9, 0xFC, 0x0F, 0x8F, 0xE0, 0xF8, 0x7F, 0x0F, 0x83,
    0xF8, 0xF8, 0x1F, 0xCF, 0x80, 0xFE, 0x78, 0x07, 0xF0, 0x00, 0x3E, 0x00, 0x01, 0xC0, 0x00, 0x00,
    0x0F, 0xFF, 0xF1, 0xFF, 0xFF, 0x3F, 0xFF, 0xF7, 0xFF, 0xFF, 0x00, 0x1F, 0xF0, 0x03, 0xFF, 0x00,
    0x7F, 0xF0, 0x0F, 0xFF, 0x01, 0xFF, 0xF0, 0x3F, 0xDF, 0x07, 0xF9, 0xF0, 0xFF, 0x1F, 0x1F, 0xE1,
    0xF3, 0xFC, 0x1F, 0x7F, 0x81, 0xFF, 0xF0, 0x1F, 0xFE, 0x01, 0xE7, 0xC0, 0x1C, 0x38, 0x01, 0x80,
    0x00, 0x00, 0x00, 0x00, 0x03, 0x80, 0x18, 0x7C, 0x01, 0xCF, 0xE0, 0x1E, 0xFF, 0x01, 0xF7, 0xF8,
    0x1F, 0x3F, 0xC1, 0xF1, 0xFE, 0x1F, 0x0F, 0xF1, 0xF0, 0x7F, 0x9F, 0x03, 0xFD, 0xF0, 0x1F, 0xFF,
    0x00, 0xFF, 0xF0, 0x07, 0xFF, 0x00, 0x3F, 0xF0, 0x01, 0xFF, 0x7F, 0xFF, 0xF3, 0xFF, 0xFF, 0x1F,
    0xFF, 0xF0, 0xFF, 0xFF, 0x00, 0x00, 0x01, 0x80, 0x1C, 0x38, 0x03, 0xE7, 0x80, 0x7F, 0xF8, 0x0F,
    0xEF, 0x81, 0xFC, 0xF8, 0x3F, 0x8F, 0x87, 0xF0, 0xF8, 0xFE, 0x0F, 0x9F, 0xC0, 0xFB, 0xF8, 0x0F,
    0xFF, 0x00, 0xFF, 0xE0, 0x0F, 0xFC, 0x00, 0xFF, 0x80, 0x0F, 0xF0, 0x00, 0xFF, 0xFF, 0xEF, 0xFF,
    0xFC, 0xFF, 0xFF, 0x8F, 0xFF, 0xF0, 0x00, 0x0F, 0xF8, 0x00, 0x1F, 0xF8, 0x00, 0x3F, 0xF8, 0x00,
    0x07, 0xF3, 0xF0, 0x0F, 0xEF, 0xF8, 0x3F, 0xDF, 0xF0, 0xFF, 0xFD, 0xF3, 0xEF, 0xF1, 0xFF, 0x9F,
    0xE1, 0xFE, 0x3F, 0xC1, 0xF8, 0x78, 0x07, 0x87, 0x80, 0x1F, 0x1F, 0x00, 0x7C, 0x3C, 0x01, 0xF0,
    0xF0, 0x07, 0xC3, 0xC0, 0x0F, 0x0F, 0x00, 0x3F, 0xFF, 0xFF, 0xFF, 0xFF, 0xFF, 0xFF, 0xFF, 0xFE,
    0xF0, 0xF0, 0x01, 0xF0, 0xF0, 0x01, 0xF0, 0xF0, 0x01, 0xF0, 0xF0, 0x01, 0xF1, 0xF0, 0x01, 0xE1,
    0xE0, 0x00, 0x07, 0xC3, 0xC0, 0x07, 0xC7, 0xC0, 0x07, 0xC7, 0xC0, 0x07, 0xC7, 0xC0, 0x07, 0xC7,
    0xDF, 0xFF, 0xFF, 0xFF, 0xFF, 0xFF, 0xFF, 0xFF, 0xFF, 0xFF, 0xFF, 0xFE, 0x00, 0x78, 0x78, 0x01,
    0xE1, 0xE0, 0x07, 0x87, 0xC0, 0x1E, 0x1F, 0x00, 0x78, 0x7C, 0x01, 0xE0, 0xF0, 0x00, 0x07, 0x80,
    0x3C, 0x1F, 0x00, 0xF8, 0x7C, 0x03, 0xE1, 0xF0, 0x0F, 0x87, 0xC0, 0x1E, 0x0F, 0x00, 0x7C, 0x3F,
    0xFF, 0xF0, 0x7F, 0xFF, 0xC0, 0xFF, 0xFF, 0xC0, 0xF0, 0x07, 0xC1, 0xF0, 0x07, 0xC1, 0xF0, 0x0F,
    0x81, 0xF0, 0x0F, 0x81, 0xF0, 0x0F, 0x81, 0xE0, 0x0F, 0x00, 0xF8, 0x03, 0xC0, 0xF8, 0x07, 0xC0,
    0xF8, 0x07, 0xC0, 0xF8, 0x07, 0xC1, 0xF8, 0x07, 0xC1, 0xFF, 0xFF, 0xC1, 0xFF, 0xFF, 0x81, 0xFF,
    0xFF, 0x07, 0xFF, 0xFE, 0x1F, 0x00, 0x78, 0x7C, 0x01, 0xE1, 0xF0, 0x07, 0xC3, 0xC0, 0x1F, 0x0F,
    0x80, 0x7C, 0x3E, 0x00, 0xF0, 0x00, 0x07, 0xC0, 0x1F, 0xC0, 0x7F, 0xC1, 0xFF, 0xC7, 0xFF, 0xDF,
    0xF7, 0xFD, 0xE7, 0xF3, 0xC7, 0xC7, 0x86, 0x0F, 0x00, 0x1E, 0x00, 0x3C, 0x00, 0x78, 0x00, 0xF0,
    0x01, 0xE0, 0x03, 0xC0, 0x07, 0x80, 0x0F, 0x03, 0xFF, 0xFF, 0xFF, 0xFF, 0xFF, 0xE0, 0xF0, 0x03,
    0xC1, 0xE0, 0x07, 0xC3, 0xC0, 0x07, 0xC7, 0x80, 0x07, 0xCF, 0x00, 0x07, 0xDF, 0xFF, 0xFF, 0xFF,
    0xFF, 0xFF, 0xFF, 0xFF, 0xFF, 0xFF, 0xFF, 0xFF, 0xE0, 0x00, 0x7B, 0xC0, 0x01, 0xE7, 0x80, 0x07,
    0xCF, 0x00, 0x1F, 0x1E, 0x00, 0x7C, 0x3C, 0x00, 0xF0, 0x00, 0xFF, 0xFF, 0xFF, 0xFF, 0xFF, 0xF8,
    0x3C, 0x00, 0x78, 0x00, 0xF0, 0x01, 0xE0, 0x03, 0xC0, 0x07, 0x80, 0x0F, 0x00, 0x1E, 0x00, 0x3C,
    0x08, 0x78, 0x7C, 0xF1, 0xFD, 0xE7, 0xFF, 0xDF, 0x7F, 0xFC, 0x7F, 0xF0, 0x7F, 0xC0, 0x7F, 0x00,
    0x7C, 0x00, 0x00, 0x1F, 0x80, 0x00, 0x3F, 0xC0, 0x00, 0x7F, 0xC0, 0x00, 0xFF, 0xC0, 0x00, 0x3F,
    0xC0, 0x00, 0x1F, 0x80, 0x00, 0x1F, 0x00, 0x00, 0x1F, 0x03, 0xE0, 0x3E, 0x0F, 0x80, 0x7C, 0x3F,
    0x00, 0xF8, 0x7C, 0x03, 0xE1, 0xF0, 0x0F, 0xC7, 0xC0, 0x7F, 0x9F, 0xFF, 0xFE, 0x7F, 0xFF, 0xF8,
    0xFF, 0xFF, 0xE0, 0xFF, 0xFF, 0x00, 0xF8, 0x00, 0x00, 0xF8, 0x00, 0x01, 0xF8, 0x00, 0x01, 0xF8,
    0x00, 0x01, 0xF0, 0x00, 0x01, 0xF0, 0x00, 0x03, 0xF0, 0x00, 0x1F, 0xE0, 0x00, 0x7F, 0xC0, 0x01,
    0xFF, 0x80, 0x07, 0xF8, 0x00, 0x0F, 0xC0, 0x00, 0x3F, 0x00, 0x00, 0x7C, 0x00, 0x00, 0xF8, 0x0F,
    0x81, 0xF0, 0x1F, 0x83, 0xE0, 0x1F, 0x07, 0xE0, 0x1F, 0x07, 0xE0, 0x1F, 0x0F, 0xF0, 0x1F, 0x0F,
    0xFF, 0xFF, 0x0F, 0xFF, 0xFE, 0x0F, 0xFF, 0xFC, 0x07, 0xFF, 0xF8, 0x00, 0x03, 0xE0, 0x00, 0x0F,
    0x80, 0x00, 0x3E, 0x00, 0x00, 0xFC, 0x00, 0x03, 0xF0, 0x00, 0x07, 0xC0, 0x07, 0x83, 0xC0, 0x1E,
    0x07, 0xC0, 0x79, 0xE7, 0xC1, 0xE7, 0xE7, 0xC7, 0xDF, 0xE7, 0xDF, 0x7F, 0xE7, 0xBF, 0xFB, 0xFF,
    0xFF, 0xC3, 0xFF, 0xFF, 0x87, 0xFE, 0xFE, 0x07, 0xF9, 0xF0, 0x01, 0xE1, 0xF0, 0x07, 0xC1, 0xF0,
    0x1F, 0x01, 0xF0, 0x7C, 0x01, 0xE0, 0xF0, 0x00, 0x80, 0x30, 0x0E, 0x03, 0xC0, 0xFC, 0x3F, 0x8E,
    0xF3, 0x9E, 0xE3, 0xF8, 0x7E, 0x0F, 0x81, 0xE0, 0x38, 0x0E, 0x03, 0x80, 0xE0, 0x38, 0x0E, 0x03,
    0x80, 0xE0, 0x38, 0x0E, 0x03, 0x80, 0xE0, 0x38, 0x0E, 0x03, 0x80, 0xE0, 0x38, 0x0E, 0x03, 0x80,
    0xE0, 0x38, 0x0E, 0x03, 0x80, 0xE0, 0x38, 0x0E, 0x00, 0x00, 0x01, 0xE0, 0x00, 0x03, 0xE0, 0x00,
    0x03, 0xE0, 0x00, 0x03, 0xE0, 0x00, 0x03, 0xDF, 0xFF, 0xFF, 0xFF, 0xFF, 0xFF, 0xFF, 0xFF, 0xFF,
    0x00, 0x00, 0x3C, 0x00, 0x00, 0xF8, 0x00, 0x03, 0xE0, 0x00, 0x0F, 0x80, 0x00, 0x1E, 0x00, 0x00,
    0x3E, 0x00, 0x00, 0x3E, 0x00, 0x00, 0x3E, 0x00, 0x00, 0x3D, 0xFF, 0xFF, 0xFF, 0xFF, 0xFF, 0xFF,
    0xFF, 0xFF, 0xF0, 0x00, 0x03, 0xC0, 0x00, 0x0F, 0x80, 0x00, 0x3E, 0x00, 0x00, 0xF8, 0x00, 0x01,
    0xE0, 0x00, 0xF8, 0x00, 0x01, 0xF0, 0x00, 0x07, 0xC0, 0x00, 0x1F, 0x00, 0x00, 0x7C, 0x00, 0x00,
    0xF8, 0x00, 0x03, 0xFF, 0xFF, 0x8F, 0xFF, 0xFF, 0x3F, 0xFF, 0xFE, 0xF8, 0x00, 0x01, 0xF0, 0x00,
    0x07, 0xC0, 0x00, 0x0F, 0x80, 0x00, 0x0F, 0x80, 0x00, 0x0F, 0x00, 0x00, 0x1F, 0xFF, 0xFF, 0x1F,
    0xFF, 0xFE, 0x1F, 0xFF, 0xFC, 0x1F, 0x00, 0x00, 0x1E, 0x00, 0x00, 0x3E, 0x00, 0x00, 0x3E, 0x00,
    0x00, 0x3E, 0x00, 0x00, 0x00, 0x41, 0x00, 0x00, 0x61, 0xC0, 0x00, 0x70, 0xF0, 0x00, 0x78, 0x7C,
    0x00, 0x7C, 0x3F, 0x00, 0x7E, 0x1F, 0xC0, 0x7B, 0x0E, 0xF0, 0x79, 0x87, 0x3C, 0x78, 0xC3, 0x8F,
    0x78, 0x61, 0xC3, 0xF0, 0x30, 0xE0, 0xF0, 0x18, 0x70, 0x30, 0x0C, 0x38, 0x00, 0x06, 0x1C, 0x00,
    0x03, 0x0E, 0x00, 0x01, 0x87, 0x00, 0x00, 0xC3, 0x80, 0x00, 0x61, 0xC0, 0x00, 0x30, 0xE0, 0x00,
    0x18, 0x70, 0x00, 0x0C, 0x38, 0x00, 0x06, 0x1C, 0x00, 0x03, 0x0E, 0x00, 0x01, 0x87, 0x00, 0x00,
    0xC3, 0x80, 0x00, 0x61, 0xC0, 0x00, 0x30, 0xE0, 0x00, 0x18, 0x70, 0x00, 0x0C, 0x38, 0x00, 0x06,
    0x1C, 0x00, 0x03, 0x0E, 0x00, 0x01, 0x87, 0x00, 0x00, 0xC3, 0x80, 0x00, 0x61, 0xC0, 0x00, 0x30,
    0xE0, 0x00, 0x18, 0x70, 0x00, 0x0C, 0x38, 0x00, 0x06, 0x1C, 0x00, 0x03, 0x0E, 0x00, 0x00, 0x3C,
    0x00, 0x00, 0x7C, 0x00, 0x00, 0x7C, 0x00, 0x00, 0x7C, 0x00, 0x00, 0xF8, 0x00, 0x00, 0xF8, 0x3F,
    0xFF, 0xF8, 0x7F, 0xFF, 0xF8, 0xFF, 0xFF, 0xF8, 0x00, 0x01, 0xF0, 0x00, 0x01, 0xF0, 0x00, 0x01,
    0xF0, 0x00, 0x03, 0xE0, 0x00, 0x0F, 0x80, 0x00, 0x3E, 0x7F, 0xFF, 0xF8, 0xFF, 0xFF, 0xF1, 0xFF,
    0xFF, 0xC0, 0x00, 0x1F, 0x00, 0x00, 0x7C, 0x00, 0x00, 0xF0, 0x00, 0x03, 0xE0, 0x00, 0x0F, 0x80,
    0x00, 0x00, 0xC3, 0x80, 0x00, 0x61, 0xC0, 0x00, 0x30, 0xE0, 0x00, 0x18, 0x70, 0x00, 0x0C, 0x38,
    0x00, 0x06, 0x1C, 0x00, 0x03, 0x0E, 0x00, 0x01, 0x87, 0x00, 0x00, 0xC3, 0x80, 0x00, 0x61, 0xC0,
    0x00, 0x30, 0xE0, 0x00, 0x18, 0x70, 0x00, 0x0C, 0x38, 0x00, 0x06, 0x1C, 0x00, 0x03, 0x0E, 0x00,
    0x01, 0x87, 0x00, 0x00, 0xC3, 0x80, 0x00, 0x61, 0xC0, 0x00, 0x30, 0xE0, 0x00, 0x18, 0x70, 0x00,
    0x0C, 0x38, 0x00, 0x06, 0x1C, 0x00, 0x03, 0x0E, 0x00, 0x01, 0x87, 0x00, 0x00, 0xC3, 0x80, 0x00,
    0x61, 0xC0, 0x00, 0x30, 0xE0, 0x10, 0x18, 0x70, 0x3C, 0x0C, 0x38, 0x3F, 0x06, 0x1C, 0x3D, 0xE3,
    0x0E, 0x3C, 0x79, 0x87, 0x3C, 0x1E, 0xC3, 0xBC, 0x07, 0xE1, 0xFC, 0x01, 0xF0, 0xFC, 0x00, 0x78,
    0x7C, 0x00, 0x1C, 0x3C, 0x00, 0x06, 0x1C, 0x00, 0x01, 0x04, 0x00, 0x00, 0x7C, 0x78, 0x00, 0x01,
    0xE1, 0xF0, 0x00, 0x0F, 0x83, 0xE0, 0x00, 0x7C, 0x07, 0xC0, 0x03, 0xE0, 0x0F, 0x80, 0x1F, 0x80,
    0x3E, 0x00, 0x7F, 0xFF, 0xFC, 0x03, 0xFF, 0xFF, 0xF8, 0x1F, 0xFF, 0xFF, 0xF0, 0xF8, 0x00, 0x07,
    0xC3, 0xE0, 0x00, 0x0F, 0x9F, 0x00, 0x00, 0x1F, 0x7C, 0x00, 0x00, 0x7C, 0xF8, 0x00, 0x03, 0xE3,
    0xE0, 0x00, 0x1F, 0x07, 0xFF, 0xFF, 0xF8, 0x0F, 0xFF, 0xFF, 0xE0, 0x1F, 0xFF, 0xFF, 0x00, 0x3E,
    0x00, 0xF8, 0x00, 0xF8, 0x07, 0xC0, 0x01, 0xF0, 0x1F, 0x00, 0x03, 0xE0, 0xF8, 0x00, 0x07, 0xC7,
    0xC0, 0x00, 0x00, 0x3E, 0x00, 0x00, 0x3E, 0x00, 0x00, 0x3C, 0x07, 0xFF, 0xFC, 0x0F, 0xFF, 0xFC,
    0x1F, 0xFF, 0xFC, 0x00, 0x00, 0x78, 0x00, 0x00, 0xF8, 0x00, 0x00, 0xF8, 0x00, 0x00, 0xFB, 0xFF,
    0xFF, 0xF7, 0xFF, 0xFF, 0xFF, 0xFF, 0xFF, 0xC0, 0x00, 0x0F, 0x80, 0x00, 0x3E, 0x00, 0x00, 0xF8,
    0xFF, 0xFF, 0xE1, 0xFF, 0xFF, 0x83, 0xFF, 0xFE, 0x00, 0x00, 0x7C, 0x00, 0x01, 0xF0, 0x00, 0x07,
    0xC0, 0x00, 0x00, 0x80, 0x00, 0xE0, 0x00, 0xF8, 0x00, 0xFE, 0x00, 0xFF, 0x80, 0xFF, 0xE0, 0xFF,
    0xF8, 0xFF, 0xFE, 0xFF, 0xFF, 0x01, 0xF0, 0x00, 0xF8, 0x00, 0x7C, 0x00, 0x3E, 0x07, 0xFF, 0xFB,
    0xFF, 0xFD, 0xFF, 0xFE, 0x03, 0xE0, 0x01, 0xF0, 0x00, 0xF8, 0x00, 0x7C, 0x0F, 0xFF, 0xF7, 0xFF,
    0xFB, 0xFF, 0xFC, 0x07, 0xC0, 0x03, 0xE0, 0x01, 0xF0, 0x00, 0xF8, 0x00, 0x7C, 0x00, 0x3E, 0x00,
    0x03, 0xE0, 0x01, 0xF0, 0x00, 0xF8, 0x00, 0x7C, 0x00, 0x3E, 0x00, 0x1F, 0x03, 0xFF, 0xFD, 0xFF,
    0xFE, 0xFF, 0xFF, 0x01, 0xF0, 0x00, 0xF8, 0x00, 0x7C, 0x00, 0x3E, 0x07, 0xFF, 0xFB, 0xFF, 0xFD,
    0xFF, 0xFE, 0x03, 0xE0, 0x01, 0xF0, 0x00, 0xF8, 0x00, 0x7C, 0x0F, 0xFF, 0xF3, 0xFF, 0xF8, 0xFF,
    0xF8, 0x3F, 0xF8, 0x0F, 0xF8, 0x03, 0xFC, 0x01, 0xFC, 0x00, 0x7C, 0x00, 0x1C, 0x00, 0x04, 0x00,
    0x03, 0xE0, 0x7E, 0x03, 0xE0, 0xFC, 0x03, 0xE1, 0xF8, 0x07, 0xE3, 0xF0, 0x07, 0xC7, 0xE0, 0x07,
    0xCF, 0xFF, 0xFF, 0xDF, 0xFF, 0xFF, 0xFF, 0xFF, 0xFF, 0xFF, 0xFF, 0xFE, 0xFC, 0x00, 0xF9, 0xF8,
    0x03, 0xE3, 0xF0, 0x0F, 0xC7, 0xE0, 0x1F, 0x0F, 0xC0, 0x7C, 0x1F, 0x81, 0xF0, 0x3F, 0x00, 0x00,
    0x00, 0x00, 0x70, 0x00, 0x01, 0xE0, 0x00, 0x07, 0xE0, 0x00, 0x1E, 0xE0, 0x00, 0x38, 0xE0, 0x00,
    0xE0, 0xE0, 0x03, 0x80, 0xE0, 0x0E, 0x00, 0xE0, 0x38, 0x00, 0xE0, 0xE0, 0x00, 0xE3, 0xFC, 0x1F,
    0xE7, 0xF8, 0x3F, 0xC0, 0x70, 0x70, 0x00, 0xE0, 0xE0, 0x01, 0xC1, 0xC0, 0x03, 0x83, 0x80, 0x07,
    0x07, 0x00, 0x0E, 0x0E, 0x00, 0x1C, 0x1C, 0x00, 0x38, 0x38, 0x00, 0x70, 0x70, 0x00, 0xE0, 0xE0,
    0x01, 0xC1, 0xC0, 0x03, 0x83, 0x80, 0x07, 0x07, 0x00, 0x0E, 0x0E, 0x00, 0x1C, 0x1C, 0x00, 0x38,
    0x38, 0x00, 0x7F, 0xE0, 0x00, 0x7F, 0xC0, 0x00, 0x00, 0x00, 0x00, 0x00, 0x30, 0x00, 0x00, 0x70,
    0x00, 0x00, 0xF0, 0x00, 0x01, 0xF0, 0x00, 0x03, 0xF0, 0x00, 0x06, 0xF0, 0x7F, 0xFC, 0x70, 0xFF,
    0xF8, 0x71, 0x80, 0x00, 0x73, 0x00, 0x00, 0x76, 0x00, 0x00, 0x7C, 0x00, 0x01, 0xD8, 0x00, 0x07,
    0x3F, 0xFE, 0x1C, 0x7F, 0xFC, 0x70, 0x00, 0x19, 0xC0, 0x00, 0x3F, 0x00, 0x00, 0x7C, 0x00, 0x00,
    0xF0, 0x00, 0x01, 0xC0, 0x00, 0x03, 0x00, 0x00, 0x00, 0x00, 0x00, 0x00, 0x00, 0x00, 0x00, 0x60,
    0x00, 0x01, 0xE0, 0x00, 0x07, 0xE0, 0x00, 0x0E, 0xE0, 0x00, 0x38, 0xE0, 0x00, 0xE0, 0xE0, 0x03,
    0x80, 0xE0, 0x0E, 0x00, 0xE0, 0x38, 0x00, 0xE0, 0xE0, 0x00, 0xE3, 0xFC, 0x1F, 0xE7, 0xF8, 0x3F,
    0xC0, 0x70, 0x70, 0x00, 0xE0, 0xE0, 0x01, 0xC1, 0xC0, 0x03, 0x83, 0x80, 0x07, 0x07, 0x00, 0x0E,
    0x0E, 0x00, 0x1F, 0xFC, 0x00, 0x1F, 0xF0, 0x00, 0x00, 0x00, 0x00, 0x00, 0x00, 0x00, 0x00, 0x00,
    0x03, 0xFF, 0x80, 0x07, 0xFF, 0x00, 0x0E, 0x0E, 0x00, 0x1C, 0x1C, 0x00, 0x38, 0x38, 0x00, 0x7F,
    0xE0, 0x00, 0x7F, 0xC0, 0x00, 0xFC, 0x01, 0xFF, 0xE0, 0x0F, 0x9F, 0x00, 0x7C, 0xF8, 0x07, 0xE7,
    0xE0, 0x3F, 0x3F, 0x01, 0xF0, 0xF8, 0x0F, 0x87, 0xFF, 0xFC, 0x3F, 0xFF, 0xE1, 0xFF, 0xFE, 0x07,
    0xFF, 0xF0, 0x3E, 0x0F, 0x81, 0xF0, 0xFC, 0x0F, 0xC7, 0xC0, 0x3E, 0x3E, 0x01, 0xF1, 0xF0, 0x0F,
    0x8F, 0x80, 0x7E, 0xF8, 0x01, 0xF7, 0xC0, 0x0F, 0xBE, 0x00, 0x7D, 0xF0, 0x03, 0xFF, 0x00, 0x0F,
    0xF8, 0x00, 0x7F, 0xC0, 0x03, 0xFE, 0x00, 0x1F, 0xE0, 0x00, 0x7F, 0x00, 0x03, 0xF8, 0x00, 0x1F,
    0xC0, 0xFF, 0xC7, 0xFF, 0x3F, 0xFE, 0xFF, 0xFB, 0xE3, 0xEF, 0x8F, 0xFE, 0x3E, 0xF8, 0x03, 0xE0,
    0x0F, 0x80, 0x3E, 0x00, 0xF8, 0x03, 0xE3, 0xEF, 0x8F, 0xFE, 0x3F, 0xF8, 0xFB, 0xFF, 0xEF, 0xFF,
    0x9F, 0xFC, 0x3F, 0xF0, 0x7F, 0x00, 0x0F, 0xE0, 0x00, 0xFF, 0x00, 0x07, 0xF0, 0x00, 0x7F, 0x00,
    0x07, 0xE0, 0x00, 0x7E, 0x00, 0x07, 0xE0, 0x00, 0xFC, 0x00, 0x0F, 0xC1, 0xFD, 0xF8, 0x7F, 0xFF,
    0x1F, 0xFF, 0xE7, 0xFF, 0xFC, 0xFE, 0x3F, 0x9F, 0x83, 0xF7, 0xE0, 0x3E, 0xFC, 0x07, 0xDF, 0x80,
    0xFB, 0xF0, 0x1F, 0x7E, 0x03, 0xEF, 0xC0, 0x7C, 0xF8, 0x0F, 0x9F, 0x83, 0xF3, 0xF8, 0xFE, 0x3F,
    0xFF, 0x87, 0xFF, 0xE0, 0x7F, 0xF8, 0x03, 0xFE, 0x00, 0xFF, 0xFF, 0xFF, 0xFF, 0xFF, 0xFF, 0xFF,
    0xFF, 0xFF, 0x7F, 0xFF, 0xC0, 0x03, 0xF0, 0x00, 0xFC, 0x00, 0x3F, 0x00, 0x0F, 0xC0, 0x03, 0xF0,
    0x00, 0xFC, 0xFF, 0xFF, 0x3F, 0xFF, 0xCF, 0xFF, 0xF3, 0xFF, 0xFC, 0xFF, 0xFF, 0x00, 0x0F, 0xC0,
    0x03, 0xF0, 0x00, 0xFC, 0x00, 0x3F, 0x00, 0x0F, 0xC0, 0x03, 0xF0, 0x00, 0xFD, 0xFF, 0xFF, 0xFF,
    0xFF, 0xFF, 0xFF, 0xFF, 0xFF, 0xFF, 0xFF, 0xFF, 0x00, 0x07, 0x80, 0x01, 0xE0, 0x00, 0xF0, 0x00,
    0x3C, 0xFF, 0xFF, 0xFF, 0xFF, 0xFF, 0xFF, 0xFF, 0xFF, 0xFF, 0x00, 0x3F, 0xC0, 0x0F, 0xF0, 0x07,
    0xFC, 0x01, 0xFF, 0x00, 0x7F, 0xC0, 0x3F, 0xF0, 0x0F, 0xFC, 0x03, 0xFF, 0x3F, 0xFF, 0xCF, 0xFF,
    0xF3, 0xFF, 0xFC, 0xFF, 0xFF, 0x03, 0xCF, 0xC1, 0xE3, 0xF0, 0x78, 0xFC, 0x1E, 0x3F, 0x0F, 0x0F,
    0xC3, 0xC3, 0xF0, 0xF0, 0xFC, 0x78, 0x3F, 0xFF, 0xFF, 0xFF, 0xFF, 0xFF, 0xFF, 0xFF, 0xFF, 0xFF,
    0x78, 0x00, 0x1E, 0x00, 0x07, 0x00, 0x03, 0xC0, 0x00, 0x00, 0x00, 0x1E, 0x00, 0x00, 0x1F, 0x00,
    0x00, 0x0F, 0x00, 0x1F, 0xFF, 0x00, 0x3F, 0xFF, 0x80, 0x7F, 0xFF, 0xC0, 0x7F, 0xFF, 0xE0, 0x7F,
    0xCF, 0xF8, 0x3F, 0x83, 0xFE, 0x3F, 0x01, 0xFF, 0x1F, 0x81, 0xEF, 0xCF, 0x81, 0xE3, 0xEF, 0xC0,
    0xF1, 0xF7, 0xE0, 0xF0, 0xFF, 0xF0, 0xF0, 0x7F, 0xF8, 0x78, 0x3E, 0xFC, 0x78, 0x1F, 0x3E, 0x78,
    0x0F, 0x9F, 0xBC, 0x0F, 0xCF, 0xFC, 0x0F, 0xC3, 0xFC, 0x0F, 0xE1, 0xFF, 0x3F, 0xE0, 0x7F, 0xFF,
    0xE0, 0x1F, 0xFF, 0xE0, 0x0F, 0xFF, 0xE0, 0x0F, 0x7F, 0xC0, 0x0F, 0x80, 0x00, 0x07, 0x80, 0x00,
    0x00, 0x01, 0xFC, 0x00, 0x0F, 0xE0, 0x00, 0xFF, 0x00, 0x07, 0xFC, 0x00, 0x3F, 0xE0, 0x01, 0xFF,
    0x00, 0x1F, 0xFC, 0x00, 0xFB, 0xE0, 0x07, 0xDF, 0x00, 0x7E, 0xF8, 0x03, 0xE7, 0xE0, 0x1F, 0x1F,
    0x00, 0xF8, 0xF8, 0x0F, 0xC7, 0xC0, 0x7C, 0x3F, 0x03, 0xE0, 0xF8, 0x1F, 0x07, 0xC1, 0xF8, 0x3E,
    0x0F, 0xC1, 0xF8, 0x7C, 0x0F, 0xC3, 0xE0, 0x3E, 0x3F, 0x01, 0xF1, 0xF8, 0x0F, 0xCF, 0xFF, 0xFE,
    0x7F, 0xFF, 0xF7, 0xFF, 0xFF, 0xBF, 0xFF, 0xFE, 0xFF, 0xFF, 0xFF, 0xFF, 0xFF, 0x9F, 0xFF, 0xFC,
    0xFF, 0xFF, 0xE7, 0xE0, 0x3F, 0x3F, 0x01, 0xF0, 0xF8, 0x0F, 0x87, 0xC0, 0x7C, 0x3F, 0x07, 0xE1,
    0xF8, 0x3E, 0x07, 0xC1, 0xF0, 0x3E, 0x0F, 0x81, 0xF8, 0xFC, 0x0F, 0xC7, 0xC0, 0x3E, 0x3E, 0x01,
    0xF1, 0xF0, 0x0F, 0x8F, 0x80, 0x7E, 0xF8, 0x01, 0xF7, 0xC0, 0x0F, 0xBE, 0x00, 0x7D, 0xF0, 0x03,
    0xFF, 0x00, 0x0F, 0xF8, 0x00, 0x7F, 0xC0, 0x03, 0xFE, 0x00, 0x1F, 0xE0, 0x00, 0x7F, 0x00, 0x03,
    0xF8, 0x00, 0x07, 0xFF, 0xF8, 0xFF, 0xFF, 0xCF, 0xFF, 0xFE, 0xFF, 0xFF, 0xF7, 0xF0, 0x00, 0x7E,
    0x00, 0x03, 0xF0, 0x00, 0x1F, 0x00, 0x00, 0xF8, 0x00, 0x07, 0xFF, 0xFF, 0xFF, 0xFF, 0xFF, 0xFF,
    0xFF, 0xFF, 0xFF, 0xFF, 0xFC, 0x00, 0x03, 0xE0, 0x00, 0x1F, 0x80, 0x00, 0xFC, 0x00, 0x03, 0xF8,
    0x00, 0x1F, 0xFF, 0xFE, 0x7F, 0xFF, 0xF1, 0xFF, 0xFF, 0x83, 0xFF, 0xFC, 0x00, 0x03, 0xC0, 0x00,
    0x3C, 0x00, 0x01, 0xE0, 0x00, 0x0F, 0x00, 0x07, 0xFF, 0x03, 0xFF, 0xFC, 0x7F, 0xFF, 0xE7, 0xFF,
    0xFF, 0x7F, 0xFF, 0xFB, 0xF8, 0xF0, 0x3F, 0x0F, 0x01, 0xF8, 0x78, 0x0F, 0x83, 0x80, 0x7C, 0x3C,
    0x03, 0xFF, 0xFF, 0xFF, 0xFF, 0xFF, 0xFF, 0xFF, 0xFF, 0xFF, 0xFF, 0xFE, 0x38, 0x01, 0xF3, 0xC0,
    0x0F, 0xDE, 0x00, 0x7F, 0xE0, 0x01, 0xFF, 0xFF, 0xCF, 0xFF, 0xFF, 0x3F, 0xFF, 0xF8, 0xFF, 0xFF,
    0xC1, 0xFF, 0xFE, 0x0E, 0x00, 0x00, 0xF0, 0x00, 0x07, 0x80, 0x00, 0x78, 0x00, 0x03, 0xC0, 0x00,
    0x3F, 0xEF, 0xFF, 0xC0, 0x70, 0x0E, 0x01, 0xFF, 0xFF, 0xFF, 0x00, 0xE0, 0x1E, 0x01, 0xFF, 0x9F,
    0xF0, 0xFF, 0xFF, 0x07, 0xFF, 0xFE, 0x3F, 0xFF, 0xF9, 0xFF, 0xFF, 0xE0, 0x00, 0x7F, 0x00, 0x00,
    0xFC, 0x00, 0x07, 0xE0, 0x00, 0x1F, 0x00, 0x00, 0xFF, 0xFF, 0xFF, 0xFF, 0xFF, 0xFF, 0xFF, 0xFF,
    0xFF, 0xFF, 0xFF, 0x80, 0x00, 0x7C, 0x00, 0x03, 0xE0, 0x00, 0x3F, 0x00, 0x01, 0xF8, 0x00, 0x3F,
    0xBF, 0xFF, 0xFD, 0xFF, 0xFF, 0xCF, 0xFF, 0xFC, 0x7F, 0xFF, 0x80, 0x00, 0x03, 0xC0, 0x00, 0x3C,
    0x00, 0x01, 0xE0, 0x00, 0x0F, 0x00, 0x00, 0x70, 0x7F, 0xFF, 0x83, 0xFF, 0xFF, 0x1F, 0xFF, 0xFC,
    0xFF, 0xFF, 0xF0, 0x00, 0xFF, 0x80, 0x0F, 0x7E, 0x00, 0x7B, 0xF0, 0x03, 0x8F, 0x80, 0x3C, 0x7F,
    0xFF, 0xFF, 0xFF, 0xFF, 0xFF, 0xFF, 0xFF, 0xFF, 0xFF, 0xFF, 0xC0, 0x38, 0x3E, 0x03, 0xC1, 0xF0,
    0x1E, 0x1F, 0x80, 0xE0, 0xFC, 0x0F, 0x1F, 0xDF, 0xFF, 0xFE, 0xFF, 0xFF, 0xE7, 0xFF, 0xFE, 0x3F,
    0xFF, 0xC0, 0x1E, 0x00, 0x00, 0xF0, 0x00, 0x07, 0x80, 0x00, 0x78, 0x00, 0x03, 0xC0, 0x00, 0xFF,
    0xFD, 0xFF, 0xFF, 0xFF, 0xFF, 0xFF, 0xFF, 0xFF, 0xFF, 0xFF, 0xFF, 0xFF, 0xFF, 0xFF, 0xFF, 0xFF,
    0xFF, 0xFF, 0xFF, 0xFF, 0xFF, 0xFF, 0xFF, 0xFF, 0xFF, 0xFF, 0xFF, 0xFF, 0xFF, 0xFF, 0xFF, 0xFF,
    0xFF, 0xFF, 0xFF, 0xFF, 0xF0, 0xFF, 0xFF, 0xFF, 0xFF, 0xFF, 0xFF, 0xFF, 0xFF, 0xFF, 0xFF, 0xFF,
    0xFF, 0xFF, 0x9F, 0x83, 0xF0, 0xFC, 0x1F, 0x87, 0xE0, 0xFC, 0x3F, 0x07, 0xE1, 0xF8, 0x3F, 0x0F,
    0xC1, 0xF8, 0x7E, 0x0F, 0xC3, 0xF0, 0x7E, 0x1F, 0x83, 0xF0, 0xFC, 0x1F, 0x87, 0xE0, 0xFC, 0x3F,
    0x07, 0xE1, 0xF8, 0x3F, 0x0F, 0xC1, 0xF8, 0x7E, 0x0F, 0xC3, 0xF0, 0x7E, 0x1F, 0x83, 0xF0, 0xFC,
    0x1F, 0x87, 0xE0, 0xFC, 0x3F, 0x07, 0xE1, 0xF8, 0x3F, 0x0F, 0xC1, 0xF8, 0x7E, 0x0F, 0xC3, 0xF0,
    0x7E, 0x1F, 0x83, 0xF0, 0xFC, 0x1F, 0x87, 0xE0, 0xFC, 0x3F, 0x07, 0xE1, 0xF8, 0x3F, 0x0F, 0xC1,
    0xF8, 0x3E, 0x07, 0xE1, 0xF8, 0x3F, 0x0F, 0xC1, 0xF8, 0x7E, 0x0F, 0xC3, 0xF0, 0x7E, 0x1F, 0x83,
    0xF0, 0xFC, 0x1F, 0x87, 0xE0, 0xFC, 0x3F, 0x07, 0xE1, 0xF8, 0x3F, 0x0F, 0xC1, 0xF8, 0x7E, 0x0F,
    0xC3, 0xF0, 0x7E, 0x1F, 0x83, 0xF0, 0xFC, 0x1F, 0x87, 0xE0, 0xFC, 0x3F, 0x07, 0xE1, 0xF8, 0x3F,
    0x0F, 0xC1, 0xF8, 0x7E, 0x0F, 0xC3, 0xF0, 0x7E, 0x1F, 0x83, 0xF0, 0xFC, 0x1F, 0x87, 0xE0, 0xFC,
    0x3F, 0x07, 0xE1, 0xF8, 0x3F, 0x0F, 0xC1, 0xF8, 0x7E, 0x0F, 0xC3, 0xF0, 0x7E, 0x1F, 0x83, 0xF3,
    0xFF, 0xFF, 0xFF, 0xFF, 0xFF, 0xFF, 0xFF, 0xFF, 0xFF, 0xFF, 0xFF, 0xFF, 0xFE, 0xFF, 0xFF, 0xFF,
    0xFF, 0xFF, 0xFF, 0xFF, 0xFF, 0xFF, 0xFF, 0xFF, 0xFF, 0xFC, 0x00, 0x1F, 0x80, 0x01, 0xF8, 0x00,
    0x3F, 0x80, 0x03, 0xF0, 0x00, 0x3F, 0x00, 0x07, 0xF0, 0x00, 0x7F, 0x00, 0x07, 0xE0, 0x00, 0x7E,
    0x00, 0x0F, 0xE0, 0x00, 0xFE, 0x00, 0x0F, 0xC0, 0x01, 0xF8, 0x00, 0x7F, 0x00, 0x1F, 0xC0, 0x03,
    0xF0, 0x00, 0xFC, 0x00, 0x3F, 0x80, 0x0F, 0xE0, 0x01, 0xF8, 0x00, 0x7E, 0x00, 0x1F, 0xC0, 0x07,
    0xF0, 0x00, 0xFC, 0x00, 0x3F, 0xFF, 0xFF, 0xFF, 0xFF, 0xFF, 0xFF, 0xFF, 0xFF, 0xFF, 0xFF, 0xFF,
    0x80, 0x00, 0x07, 0xFF, 0xFF, 0xFF, 0xFF, 0xFF, 0xFF, 0x80, 0xFF, 0xFF, 0xFF, 0xFF, 0xFF, 0xFF,
    0xFF, 0xFF, 0xFF, 0xF0, 0x1F, 0x00, 0x03, 0xE0, 0x00, 0x7C, 0x00, 0x0F, 0x80, 0x01, 0xF0, 0x00,
    0x3E, 0x00, 0x07, 0xC0, 0x7F, 0xFF, 0xFF, 0xFF, 0xFF, 0xFF, 0xFF, 0xFF, 0xFF, 0xF8, 0x0F, 0x80,
    0x01, 0xF0, 0x00, 0x3E, 0x00, 0x07, 0xC0, 0x00, 0xF8, 0x00, 0x1F, 0x00, 0x03, 0xE0, 0x00, 0x00,
    0x00, 0x1F, 0x00, 0x00, 0x3E, 0x00, 0x00, 0x3E, 0x00, 0x00, 0x7C, 0x00, 0x00, 0xF8, 0x00, 0x00,
    0xF0, 0x00, 0x01, 0xF0, 0x00, 0x03, 0xE0, 0x00, 0x07, 0xC0, 0x00, 0x07, 0xC0, 0x00, 0x0F, 0x80,
    0x00, 0x1F, 0x00, 0x00, 0x1F, 0x00, 0x00, 0x3E, 0x00, 0x00, 0x7C, 0x00, 0x00, 0x78, 0x00, 0x00,
    0xF8, 0x00, 0x01, 0xF0, 0x00, 0x03, 0xE0, 0x00, 0x03, 0xE0, 0x00, 0x07, 0xC0, 0x00, 0x0F, 0x80,
    0x00, 0x0F, 0x00, 0x00, 0x1F, 0x00, 0x00, 0x3E, 0x00, 0x00, 0x7C, 0x00, 0x00, 0x7C, 0x00, 0x00,
    0x1F, 0x1F, 0xE7, 0x1D, 0x83, 0xE0, 0xD8, 0x37, 0x1D, 0xFE, 0x1F, 0x00, 0x3E, 0x7F, 0x7F, 0x7F,
    0x7F, 0x7F, 0x3E, 0x00, 0x00, 0x3E, 0x00, 0x00, 0xFC, 0x00, 0x01, 0xF0, 0x00, 0x03, 0xE0, 0x00,
    0x0F, 0xC0, 0x00, 0x1F, 0x1F, 0xC0, 0x3E, 0x7F, 0x80, 0x7C, 0xFF, 0x81, 0xF9, 0xFF, 0x03, 0xE3,
    0xFE, 0x07, 0xC0, 0x7C, 0x0F, 0x80, 0xFC, 0x3E, 0x00, 0xF8, 0x7C, 0x01, 0xF0, 0xF8, 0x03, 0xE3,
    0xF0, 0x03, 0xE7, 0xC0, 0x07, 0xCF, 0x80, 0x0F, 0x9F, 0x00, 0x1F, 0x7C, 0x00, 0x1F, 0xF8, 0x00,
    0x3F, 0xF0, 0x00, 0x7F, 0xC0, 0x00, 0xFF, 0x80, 0x00, 0xFF, 0x00, 0x01, 0xFE, 0x00, 0x03, 0xF8,
    0x00, 0x03, 0xF0, 0x00, 0x1F, 0xC3, 0xF0, 0xFF, 0x9F, 0xE7, 0xFF, 0xFF, 0xDF, 0x3F, 0x9F, 0x78,
    0x7C, 0x3D, 0xE1, 0xE0, 0xF7, 0x87, 0x83, 0xDE, 0x0F, 0x0F, 0x78, 0x7C, 0x3D, 0xF3, 0xF9, 0xF7,
    0xFF, 0xFF, 0x8F, 0xF3, 0xFE, 0x1F, 0x87, 0xF0, 0xFF, 0xFF, 0xFF, 0xFF, 0xFF, 0xFF, 0xFF, 0xFF,
    0xFF, 0xFF, 0xFF, 0xFF, 0xFF, 0xFF, 0xFF, 0xFF, 0xFF, 0xF0, 0x03, 0xE0, 0x01, 0xF0, 0x00, 0xF8,
    0x00, 0x7C, 0x00, 0x3E, 0x00, 0x1F, 0x3C, 0x0F, 0xBC, 0x07, 0xFE, 0x03, 0xFE, 0x01, 0xFE, 0x00,
    0xFE, 0x00, 0x7F, 0x00, 0x3F, 0x00, 0x1F, 0x00, 0x0F, 0x80, 0x0F, 0xC0, 0x0F, 0xE0, 0x07, 0xF0,
    0x07, 0xF8, 0x07, 0xFC, 0x07, 0xFE, 0x07, 0xDF, 0x03, 0xCF, 0x80, 0x07, 0xC0, 0x03, 0xE0, 0x01,
    0xF0, 0x00, 0xF8, 0x00, 0x7C, 0x00, 0xF8, 0xFF, 0xC7, 0xFE, 0x3F, 0xF1, 0xFF, 0x8F, 0xFC, 0x7F,
    0xE3, 0xFF, 0x1F, 0xF8, 0xFF, 0xC7, 0xFE, 0x3F, 0xF1, 0xFF, 0x8F, 0xFC, 0x7F, 0xE3, 0xFF, 0x1F,
    0xF8, 0xFF, 0xC7, 0xFE, 0x3F, 0xF1, 0xFF, 0x8F, 0xFC, 0x7F, 0xE3, 0xFF, 0x1F, 0xF8, 0xFF, 0xC7,
    0xFE, 0x3F, 0xF1, 0xF0, 0x01, 0xFC, 0x00, 0x1F, 0xE0, 0x00, 0xFF, 0x80, 0x07, 0xFC, 0x00, 0x7F,
    0xE0, 0x03, 0xFF, 0x80, 0x1F, 0x7C, 0x01, 0xFB, 0xE0, 0x0F, 0x9F, 0x80, 0x7C, 0x7C, 0x07, 0xE3,
    0xF0, 0x3E, 0x1F, 0x83, 0xF0, 0x7C, 0x1F, 0x83, 0xF0, 0xF8, 0x1F, 0x8F, 0xC0, 0x7C, 0x7E, 0x03,
    0xF3, 0xE0, 0x1F, 0xBF, 0x00, 0x7C, 0xFC, 0x01, 0xF3, 0xE0, 0x0F, 0x9F, 0x80, 0xFC, 0xFC, 0x07,
    0xC3, 0xE0, 0x7E, 0x1F, 0x83, 0xF0, 0x7C, 0x1F, 0x03, 0xF1, 0xF8, 0x1F, 0x8F, 0xC0, 0x7C, 0x7C,
    0x03, 0xF7, 0xE0, 0x1F, 0xBF, 0x00, 0x7D, 0xF0, 0x03, 0xFF, 0x80, 0x1F, 0xF8, 0x00, 0x7F, 0xC0,
    0x03, 0xFE, 0x00, 0x1F, 0xE0, 0x00, 0x7F, 0x00, 0x00, 0x38, 0x00, 0x0F, 0xFF, 0x80, 0x7F, 0xFF,
    0x81, 0xFF, 0xFF, 0x83, 0xFF, 0xFF, 0x8F, 0xF0, 0x7F, 0x9F, 0x80, 0x3F, 0x3E, 0x00, 0x3E, 0xFC,
    0x00, 0x7D, 0xF8, 0x00, 0xFB, 0xF0, 0x01, 0xF7, 0xE0, 0x03, 0xEF, 0xC0, 0x07, 0xDF, 0x80, 0x0F,
    0xBF, 0x00, 0x1F, 0x7E, 0x00, 0x3E, 0xFC, 0x00, 0x7D, 0xF8, 0x00, 0xFB, 0xF0, 0x01, 0xF7, 0xE0,
    0x03, 0xEF, 0xC0, 0x07, 0xDF, 0x80, 0x0F, 0xBF, 0x00, 0x1F, 0x7E, 0x00, 0x3E, 0xFC, 0x00, 0x7D,
    0xF8, 0x00, 0xFB, 0xF0, 0x01, 0xF7, 0xE0, 0x03, 0xEF, 0xC0, 0x07, 0xC0, 0xFC, 0x00, 0x7D, 0xF8,
    0x00, 0xFB, 0xF0, 0x01, 0xF7, 0xE0, 0x03, 0xEF, 0xC0, 0x07, 0xDF, 0x80, 0x0F, 0xBF, 0x00, 0x1F,
    0x7E, 0x00, 0x3E, 0xFC, 0x00, 0x7D, 0xF8, 0x00, 0xFB, 0xF0, 0x01, 0xF7, 0xE0, 0x03, 0xEF, 0xC0,
    0x07, 0xDF, 0x80, 0x0F, 0xBF, 0x00, 0x1F, 0x7E, 0x00, 0x3E, 0xFC, 0x00, 0x7D, 0xF8, 0x00, 0xFB,
    0xF0, 0x01, 0xF7, 0xE0, 0x03, 0xEF, 0xC0, 0x07, 0xCF, 0x80, 0x1F, 0x9F, 0x80, 0x3F, 0x3F, 0xFF,
    0xFE, 0x3F, 0xFF, 0xF8, 0x3F, 0xFF, 0xE0, 0x3F, 0xFF, 0x80, 0x3F, 0xFC, 0x00, 0x00, 0x03, 0xF0,
    0x01, 0xFF, 0xC0, 0x1F, 0xFE, 0x01, 0xFF, 0xF0, 0x0F, 0xFF, 0x80, 0x7E, 0x00, 0x03, 0xE0, 0x00,
    0x1F, 0x00, 0x00, 0xF8, 0x00, 0x07, 0xC0, 0x00, 0x3E, 0x00, 0x01, 0xF0, 0x00, 0x0F, 0x80, 0x00,
    0x7C, 0x00, 0x03, 0xE0, 0x00, 0x1F, 0x00, 0x00, 0xF8, 0x00, 0x07, 0xC0, 0x00, 0x3E, 0x00, 0x01,
    0xF0, 0x00, 0x0F, 0x80, 0x00, 0x7C, 0x00, 0x03, 0xE0, 0x00, 0x1F, 0x00, 0x00, 0xF8, 0x00, 0x07,
    0xC0, 0x00, 0x3E, 0x00, 0x01, 0xF0, 0x00, 0x1F, 0x80, 0x00, 0xFC, 0x03, 0xFF, 0xE0, 0x1F, 0xFE,
    0x00, 0xFF, 0xE0, 0x07, 0xFE, 0x00, 0x3F, 0xC0, 0x00, 0x00, 0x38, 0x00, 0x00, 0xF8, 0x00, 0x03,
    0xF8, 0x00, 0x07, 0xF0, 0x00, 0x0F, 0xE0, 0x00, 0x0F, 0x80, 0x00, 0x00, 0x00, 0x00, 0x00, 0x00,
    0x00, 0x00, 0x00, 0x00, 0x00, 0x00, 0x00, 0x00, 0x00, 0x00, 0x00, 0x00, 0x00, 0x00, 0x00, 0x00,
    0x00, 0x00, 0x00, 0x00, 0x00, 0x00, 0x00, 0x38, 0x00, 0x78, 0xFC, 0x01, 0xFB, 0xF8, 0x03, 0xF7,
    0xF0, 0x07, 0xE7, 0xE0, 0x0F, 0xCF, 0x80, 0x0F, 0x00, 0x38, 0x00, 0x78, 0xFC, 0x01, 0xFB, 0xF8,
    0x03, 0xF7, 0xF0, 0x07, 0xE7, 0xE0, 0x0F, 0xCF, 0x80, 0x1F, 0x00, 0x00, 0x00, 0x00, 0x00, 0x00,
    0x00, 0x00, 0x00, 0x00, 0x00, 0x00, 0x00, 0x00, 0x00, 0x00, 0x00, 0x00, 0x00, 0x00, 0x00, 0x00,
    0x00, 0x00, 0x00, 0x00, 0x00, 0x00, 0x00, 0x00, 0x38, 0x00, 0x00, 0xF8, 0x00, 0x03, 0xF8, 0x00,
    0x07, 0xF0, 0x00, 0x0F, 0xE0, 0x00, 0x0F, 0x80, 0x00, 0x3E, 0x7F, 0x7F, 0x7F, 0x7F, 0x3E, 0x00,
    0x00, 0x00, 0x00, 0x00, 0x00, 0x00, 0x00, 0x00, 0x3E, 0x7F, 0x7F, 0x7F, 0x7F, 0x3E, 0x3E, 0x03,
    0xE7, 0xF0, 0x7F, 0x7F, 0x07, 0xF7, 0xF0, 0xFF, 0x7F, 0x07, 0xF7, 0xF0, 0x7F, 0x3E, 0x03, 0xE0,
    0x00, 0x00, 0x00, 0x00, 0x00, 0x00, 0x00, 0x00, 0x00, 0x00, 0x00, 0x00, 0x00, 0x00, 0x03, 0xE0,
    0x3E, 0x7F, 0x07, 0xF7, 0xF0, 0x7F, 0x7F, 0x0F, 0xF7, 0xF0, 0x7F, 0x7F, 0x07, 0xF3, 0xE0, 0x3E,
    0x0F, 0x80, 0xFE, 0x07, 0xF0, 0x3F, 0x81, 0xFC, 0x07, 0xC0, 0x00, 0x00, 0x00, 0x00, 0x07, 0xFF,
    0xFF, 0xFF, 0xFF, 0xFF, 0xFF, 0x80, 0x00, 0x00, 0x7C, 0x00, 0x00, 0xFE, 0x00, 0x00, 0xFE, 0x00,
    0x00, 0xFE, 0x00, 0x00, 0xFE, 0x00, 0x00, 0x7C, 0xFF, 0xFC, 0x00, 0xFF, 0xFC, 0x00, 0xFF, 0xFC,
    0x00, 0xFF, 0xFC, 0x00, 0x00, 0x00, 0x00, 0x00, 0x00, 0x7C, 0x00, 0x00, 0xFE, 0x00, 0x00, 0xFE,
    0x00, 0x00, 0xFE, 0x00, 0x00, 0xFE, 0x00, 0x00, 0x7C, 0x1F, 0xC0, 0xF3, 0xFE, 0x1F, 0x7F, 0xF1,
    0xF7, 0xFF, 0x9F, 0x7F, 0xFF, 0xF7, 0x8F, 0xFF, 0x78, 0x7F, 0xF7, 0x83, 0xFE, 0x78, 0x1F, 0xC0,
    0x1F, 0xC0, 0xF0, 0xFF, 0xC3, 0xE7, 0xFF, 0x0F, 0xDF, 0x7E, 0x1F, 0x78, 0xF8, 0x3F, 0xE1, 0xF0,
    0xFF, 0x87, 0xC3, 0xDE, 0x1F, 0x0F, 0x7C, 0x3E, 0x7D, 0xF8, 0xFF, 0xF3, 0xE1, 0xFF, 0x87, 0x81,
    0xFC, 0x1F, 0x80, 0xF3, 0xFE, 0x1F, 0x7F, 0xE1, 0xF7, 0xFF, 0x1F, 0x7D, 0xF9, 0xF7, 0x8F, 0xDF,
    0x78, 0x7F, 0xF7, 0x87, 0xFE, 0x78, 0x3F, 0xE7, 0x81, 0xFC, 0x00, 0x00, 0x00, 0x00, 0x00, 0x00,
    0x00, 0x07, 0xFF, 0xFF, 0x7F, 0xFF, 0xF7, 0xFF, 0xFF, 0x7F, 0xFF, 0xF0, 0x1F, 0xC0, 0xF3, 0xFE,
    0x1F, 0x7F, 0xE1, 0xF7, 0xFF, 0x1F, 0x7D, 0xF9, 0xF7, 0x8F, 0xDF, 0x78, 0x7F, 0xF7, 0x87, 0xFE,
    0x78, 0x3F, 0xE7, 0x81, 0xFC, 0x00, 0x00, 0x00, 0x00, 0x00, 0x00, 0x00, 0x07, 0xFF, 0xFF, 0x7F,
    0xFF, 0xF7, 0xFF, 0xFF, 0x7F, 0xFF, 0xF0, 0x00, 0x00, 0x00, 0x00, 0x00, 0x00, 0x00, 0x00, 0x00,
    0x00, 0x00, 0x00, 0x7F, 0xFF, 0xF7, 0xFF, 0xFF, 0x7F, 0xFF, 0xF7, 0xFF, 0xFF, 0x00, 0x03, 0xC0,
    0x00, 0x3C, 0x00, 0x07, 0x81, 0xFC, 0x78, 0x3F, 0xE7, 0xF7, 0xFF, 0xFF, 0x7F, 0xFF, 0xF7, 0xDF,
    0xFF, 0x78, 0xFF, 0xF7, 0x87, 0xFF, 0x78, 0x3F, 0xE7, 0x83, 0xFC, 0x00, 0x3C, 0x00, 0x03, 0xC0,
    0x00, 0x38, 0x00, 0x07, 0x80, 0x7F, 0xFF, 0xF7, 0xFF, 0xFF, 0x7F, 0xFF, 0xF7, 0xFF, 0xFF, 0x00,
    0xE0, 0x00, 0x1E, 0x00, 0x01, 0xE0, 0x00, 0x3C, 0x00, 0x03, 0xC0, 0x07, 0xFF, 0xFF, 0x7F, 0xFF,
    0xF7, 0xFF, 0xFF, 0x7F, 0xFF, 0xF0, 0xF0, 0x00, 0x0F, 0x00, 0x00, 0xE0, 0x00, 0x1E, 0x00, 0x01,
    0xE0, 0x00, 0x1F, 0xC0, 0xF3, 0xFE, 0x1F, 0x7F, 0xF1, 0xF7, 0xFF, 0x9F, 0x7F, 0xFF, 0xF7, 0x8F,
    0xFF, 0x78, 0x7F, 0xF7, 0x83, 0xFE, 0x78, 0x1F, 0xC0, 0x00, 0x00, 0x1F, 0xC0, 0xF3, 0xFE, 0x1F,
    0x7F, 0xF1, 0xF7, 0xFF, 0x9F, 0x7F, 0xFF, 0xF7, 0x8F, 0xFF, 0x78, 0x7F, 0xF7, 0x83, 0xFE, 0x78,
    0x1F, 0xC0, 0x00, 0x03, 0xC0, 0x00, 0x38, 0x00, 0x07, 0x80, 0x00, 0x78, 0x00, 0x07, 0x00, 0x00,
    0xF0, 0x00, 0x0F, 0x00, 0x00, 0xE0, 0x1F, 0xDE, 0xF3, 0xFF, 0xFF, 0x7F, 0xFD, 0xF7, 0xFF, 0xDF,
    0x7D, 0xFD, 0xF7, 0x8F, 0xFF, 0x78, 0x7F, 0xF7, 0x87, 0xFE, 0x78, 0xFF, 0xC0, 0x0F, 0x00, 0x1F,
    0xF0, 0xF3, 0xFE, 0x1F, 0x7F, 0xF1, 0xF7, 0xFF, 0x9F, 0x7D, 0xFD, 0xF7, 0xBF, 0xFF, 0x7B, 0xFF,
    0xF7, 0xFB, 0xFE, 0x7F, 0x9F, 0xC0, 0x78, 0x00, 0x0F, 0x00, 0x00, 0xF0, 0x00, 0x0E, 0x00, 0x01,
    0xE0, 0x00, 0x1E, 0x00, 0x00, 0x1F, 0xC0, 0xF3, 0xFF, 0x1F, 0x7F, 0xF9, 0xF7, 0xFF, 0xFF, 0x78,
    0xFF, 0xE7, 0x83, 0xFE, 0x78, 0x1F, 0x80, 0x00, 0x00, 0x00, 0x00, 0x01, 0xFC, 0x0F, 0x3F, 0xF1,
    0xF7, 0xFF, 0x9F, 0x7F, 0xFF, 0xF7, 0xCF, 0xFE, 0x78, 0x7F, 0xE7, 0x81, 0xF8, 0x00, 0x00, 0x00,
    0x00, 0x00, 0x1F, 0xC0, 0xF3, 0xFE, 0x1F, 0x7F, 0xF9, 0xF7, 0xFF, 0xFF, 0x7C, 0xFF, 0xF7, 0x87,
    0xFE, 0x78, 0x1F, 0xC0, 0xFC, 0x00, 0x7D, 0xF8, 0x00, 0xF9, 0xF0, 0x01, 0xF3, 0xF0, 0x0F, 0xE7,
    0xFF, 0xFF, 0x87, 0xFF, 0xFF, 0x07, 0xFF, 0xFC, 0x03, 0xFF, 0xE0, 0x00, 0x00, 0x00, 0x00, 0x00,
    0x00, 0x00, 0x00, 0x00, 0x1F, 0xFC, 0x01, 0xFF, 0xFE, 0x07, 0xFF, 0xFF, 0x1F, 0xFF, 0xFE, 0x3F,
    0xC1, 0xFE, 0x7C, 0x00, 0x7D, 0xF8, 0x00, 0xFB, 0xF0, 0x01, 0xF0, 0x3E, 0x00, 0x00, 0x7F, 0x00,
    0x00, 0x7F, 0x3F, 0xFF, 0xFF, 0x3F, 0xFF, 0x7F, 0x3F, 0xFF, 0x7F, 0x3F, 0xFF, 0x3E, 0x00, 0x00,
    0x00, 0x00, 0x00, 0x00, 0x00, 0x00, 0x00, 0x00, 0x00, 0x00, 0x00, 0x00, 0x3E, 0x00, 0x00, 0x7F,
    0x3F, 0xFF, 0x7F, 0x3F, 0xFF, 0xFF, 0x3F, 0xFF, 0x7F, 0x3F, 0xFF, 0x7F, 0x00, 0x00, 0x3E, 0x00,
    0x00, 0x00, 0x80, 0x03, 0xF8, 0x03, 0xFE, 0x03, 0xEF, 0x81, 0xE3, 0xC0, 0xF1, 0xE0, 0x7D, 0xF0,
    0x1F, 0xF0, 0x07, 0xF0, 0x00, 0x40, 0x00, 0x00, 0x00, 0x00, 0x00, 0x00, 0x00, 0x00, 0x03, 0xFF,
    0xFF, 0xFF, 0xFF, 0xFF, 0xFF, 0xFF, 0xFF, 0xC0, 0x00, 0x00, 0x00, 0x00, 0x00, 0x00, 0x00, 0x00,
    0x00, 0x01, 0xFF, 0xFF, 0xFF, 0xFF, 0xFF, 0xFF, 0xFF, 0xFF, 0xE0, 0x0F, 0xF0, 0x07, 0xFC, 0x03,
    0xFF, 0x00, 0x07, 0x80, 0x01, 0xC0, 0x00, 0xE0, 0x00, 0xF0, 0x07, 0xF8, 0x03, 0xF8, 0x01, 0xE0,
    0x00, 0xE0, 0x00, 0x00, 0x00, 0x38, 0x00, 0x1E, 0x00, 0x0E, 0x00, 0x00, 0x00, 0x00, 0x00, 0x7F,
    0xFF, 0xFF, 0xFF, 0xFF, 0xFF, 0xFF, 0xFF, 0xF8, 0x00, 0x00, 0x00, 0x00, 0x00, 0x00, 0x00, 0x00,
    0x00, 0x00, 0x3F, 0xFF, 0xFF, 0xFF, 0xFF, 0xFF, 0xFF, 0xFF, 0xFC, 0x00, 0x0F, 0x00, 0x0F, 0x00,
    0x07, 0x80, 0x03, 0xC0, 0x03, 0xC0, 0x01, 0xE0, 0x00, 0xF0, 0x00, 0x70, 0x00, 0x78, 0x00, 0x3C,
    0x3F, 0xFF, 0xFF, 0xFF, 0xFF, 0xFF, 0xFF, 0xFF, 0xFF, 0xFF, 0xFE, 0x03, 0xC0, 0x03, 0xC0, 0x01,
    0xE0, 0x00, 0xE0, 0x1F, 0xFF, 0xFF, 0xFF, 0xFF, 0xFF, 0xFF, 0xFF, 0xFF, 0xFF, 0xFF, 0x0E, 0x00,
    0x0F, 0x00, 0x07, 0x80, 0x03, 0x80, 0x03, 0xC0, 0x01, 0xE0, 0x00, 0xE0, 0x00, 0xF0, 0x00, 0xFF,
    0xFF, 0xFF, 0xFF, 0xFF, 0xFF, 0xFF, 0xFF, 0xF0, 0x00, 0x00, 0x00, 0x00, 0x00, 0x00, 0x00, 0x00,
    0x00, 0x00, 0x00, 0x00, 0x3F, 0xFF, 0xFF, 0xFF, 0xFF, 0xFF, 0xFF, 0xFF, 0xFC, 0x00, 0x00, 0x00,
    0x00, 0x00, 0x00, 0x00, 0x00, 0x00, 0x00, 0x1F, 0xFF, 0xFF, 0xFF, 0xFF, 0xFF, 0xFF, 0xFF, 0xFE,
    0x00, 0x0E, 0x00, 0x0F, 0x00, 0x07, 0x80, 0x03, 0x80, 0x03, 0xC7, 0xFF, 0xFF, 0xFF, 0xFF, 0xFF,
    0xFF, 0xFF, 0xFF, 0x80, 0x38, 0x00, 0x3C, 0x00, 0x1E, 0x00, 0x0F, 0x00, 0x07, 0x00, 0x07, 0x81,
    0xFF, 0xFF, 0xFF, 0xFF, 0xFF, 0xFF, 0xFF, 0xFF, 0xE0, 0x70, 0x00, 0x78, 0x00, 0x3C, 0x00, 0x1C,
    0x00, 0x1E, 0x00, 0xFF, 0xFF, 0xFF, 0xFF, 0xFF, 0xFF, 0xFF, 0xFF, 0xF1, 0xC0, 0x01, 0xE0, 0x00,
    0xF0, 0x00, 0x70, 0x00, 0x38, 0x00, 0x00, 0xFF, 0xFF, 0xFF, 0xFF, 0xFF, 0xFF, 0xE0, 0x00, 0x00,
    0x00, 0x00, 0x00, 0x03, 0xFF, 0xFF, 0xFF, 0xFF, 0xFF, 0xFF, 0x80, 0x00, 0x00, 0x00, 0x00, 0x00,
    0x00, 0x00, 0x07, 0xFF, 0xFF, 0xFF, 0xFF, 0xFF, 0xFF, 0x00, 0x00, 0x00, 0x00, 0x00, 0x00, 0x1F,
    0xFF, 0xFF, 0xFF, 0xFF, 0xFF, 0xFC, 0x00, 0x00, 0x40, 0x00, 0x70, 0x00, 0xFC, 0x00, 0xFF, 0x00,
    0xFF, 0xC0, 0xFF, 0xE0, 0xFF, 0xE0, 0xFF, 0xE0, 0x7F, 0xE0, 0x1F, 0xC0, 0x07, 0xC0, 0x01, 0xFC,
    0x00, 0x7F, 0xC0, 0x1F, 0xFC, 0x01, 0xFF, 0xC0, 0x1F, 0xFC, 0x01, 0xFF, 0xC0, 0x1F, 0xF0, 0x01,
    0xFC, 0x00, 0x0F, 0x00, 0x00, 0xC0, 0x00, 0x00, 0x00, 0x01, 0xFF, 0xFF, 0x7F, 0xFF, 0xDF, 0xFF,
    0xF7, 0xFF, 0xFD, 0xFF, 0xFF, 0x40, 0x00, 0x1C, 0x00, 0x07, 0xC0, 0x01, 0xFC, 0x00, 0x7F, 0xE0,
    0x0F, 0xFE, 0x00, 0xFF, 0xE0, 0x0F, 0xFE, 0x00, 0xFF, 0xC0, 0x0F, 0xF0, 0x00, 0xFC, 0x00, 0x7F,
    0x00, 0x7F, 0xC0, 0x7F, 0xF0, 0x7F, 0xF0, 0x7F, 0xF0, 0x7F, 0xF0, 0x1F, 0xE0, 0x07, 0xE0, 0x01,
    0xE0, 0x00, 0x60, 0x00, 0x00, 0x00, 0x00, 0x00, 0x01, 0xFF, 0xFF, 0x7F, 0xFF, 0xDF, 0xFF, 0xF7,
    0xFF, 0xFD, 0xFF, 0xFF, 0x00, 0x18, 0x02, 0x00, 0x70, 0x1C, 0x03, 0xE0, 0x78, 0x0F, 0xC3, 0xF0,
    0x7F, 0x0F, 0xE1, 0xFC, 0x7F, 0x8F, 0xF1, 0xFC, 0x3F, 0x8F, 0xF0, 0xFE, 0x3F, 0x81, 0xF0, 0x7E,
    0x03, 0xC0, 0xF0, 0x07, 0xC1, 0xF8, 0x0F, 0xE3, 0xF8, 0x0F, 0xE3, 0xFC, 0x0F, 0xE1, 0xFC, 0x07,
    0xF1, 0xFC, 0x07, 0xF0, 0xFE, 0x03, 0xF0, 0xFC, 0x03, 0xE0, 0x78, 0x01, 0xC0, 0x70, 0x01, 0x80,
    0x20, 0x80, 0x30, 0x01, 0xC0, 0x70, 0x03, 0xC0, 0xF8, 0x07, 0xE1, 0xF8, 0x0F, 0xE3, 0xFC, 0x0F,
    0xF1, 0xFC, 0x07, 0xF1, 0xFE, 0x07, 0xF0, 0xFE, 0x03, 0xF8, 0xFE, 0x03, 0xF0, 0x7C, 0x03, 0xE0,
    0x78, 0x0F, 0xC1, 0xF0, 0x3F, 0x8F, 0xE1, 0xFC, 0x3F, 0x87, 0xF1, 0xFC, 0x3F, 0x87, 0xF0, 0xFE,
    0x1F, 0xC1, 0xF8, 0x7E, 0x03, 0xC0, 0xF8, 0x07, 0x01, 0xC0, 0x08, 0x03, 0x00, 0x00, 0xF0, 0xEF,
    0xFE, 0x3F, 0x81, 0xF8, 0x3B, 0x87, 0x1C, 0x70, 0xEE, 0x0E, 0xE0, 0xEE, 0x06, 0xC0, 0x6C, 0x07,
    0xC0, 0x7C, 0x07, 0xC0, 0x6E, 0x06, 0xE0, 0xEE, 0x0E, 0x70, 0xE7, 0x1C, 0x3B, 0xC1, 0xF8, 0x3F,
    0x8F, 0xFE, 0xF1, 0xE0, 0x00, 0x00, 0x03, 0xC0, 0x00, 0x07, 0x00, 0x00, 0x1E, 0x07, 0xE0, 0x3F,
    0xEF, 0xC0, 0xF7, 0xCF, 0x81, 0xEF, 0x9F, 0x83, 0xFF, 0x3F, 0xFF, 0xFC, 0x3F, 0xFF, 0xF8, 0x3F,
    0xFF, 0xE0, 0x1F, 0xFF, 0x00, 0x01, 0xE0, 0x00, 0x03, 0x80, 0x00, 0x0F, 0x00, 0x00, 0xFF, 0xE0,
    0x0F, 0xFF, 0xF0, 0x3F, 0xFF, 0xF8, 0xFF, 0xFF, 0xF1, 0xFF, 0x8F, 0xF3, 0xEF, 0x03, 0xEF, 0xDC,
    0x07, 0xCF, 0x78, 0x0F, 0x80, 0xF0, 0x00, 0x03, 0xC0, 0x00, 0x07, 0x80, 0x00, 0x00, 0x0F, 0x00,
    0x03, 0xC0, 0x00, 0xE0, 0x00, 0x78, 0x00, 0x1E, 0x00, 0x07, 0x10, 0x03, 0xDC, 0x00, 0xFF, 0x00,
    0x3F, 0xC0, 0x3F, 0xF0, 0x3F, 0xF8, 0x3F, 0xF8, 0x3F, 0xF8, 0x1F, 0xFC, 0x07, 0xFE, 0x01, 0xF7,
    0x80, 0x7F, 0xE0, 0x1F, 0xF0, 0x07, 0xFF, 0x00, 0x7F, 0xF0, 0x07, 0xFF, 0x01, 0xFF, 0xF0, 0x7F,
    0xFC, 0x3C, 0x7F, 0x0F, 0x07, 0xC3, 0xC0, 0x71, 0xE0, 0x00, 0x78, 0x00, 0x1E, 0x00, 0x0F, 0x00,
    0x03, 0xC0, 0x00, 0x00, 0x0F, 0x00, 0x03, 0xC0, 0x00, 0xE0, 0x00, 0x78, 0x00, 0x1E, 0x10, 0x07,
    0x07, 0x03, 0xC1, 0xF0, 0xF0, 0x7F, 0x38, 0x1F, 0xFE, 0x07, 0xFF, 0x80, 0x7F, 0xF8, 0x03, 0xFF,
    0x80, 0x3F, 0xF0, 0x0F, 0xFC, 0x07, 0xBF, 0x01, 0xEF, 0xC0, 0x7F, 0xF0, 0x3F, 0xFC, 0x1F, 0xFC,
    0x1F, 0xFC, 0x1F, 0xFC, 0x07, 0xFC, 0x01, 0xFC, 0x00, 0x7F, 0x00, 0x1B, 0xC0, 0x01, 0xE0, 0x00,
    0x78, 0x00, 0x1E, 0x00, 0x0F, 0x00, 0x03, 0xC0, 0x00, 0x00, 0x07, 0x80, 0x01, 0xE0, 0x00, 0x70,
    0x00, 0x3F, 0x00, 0x0F, 0xC0, 0x07, 0xF0, 0x07, 0xFC, 0x07, 0xFF, 0x0F, 0xFE, 0x0F, 0xFF, 0x07,
    0xFF, 0xC1, 0xFE, 0xE0, 0x7E, 0x78, 0x1F, 0x9E, 0x07, 0xFF, 0x01, 0xFF, 0xC0, 0x1F, 0xFC, 0x01,
    0xFF, 0xC0, 0x1F, 0xFC, 0x07, 0xFF, 0x03, 0xDF, 0xC0, 0xF1, 0xF0, 0x3C, 0x0C, 0x1E, 0x00, 0x07,
    0x80, 0x1F, 0xFF, 0xF7, 0xFF, 0xFD, 0xFF, 0xFF, 0x7F, 0xFF, 0xDF, 0xFF, 0xF1, 0xE0, 0x00, 0x70,
    0x00, 0x3C, 0x00, 0x0F, 0x00, 0x00, 0x00, 0x07, 0x80, 0x01, 0xE0, 0x00, 0x71, 0xC0, 0x3C, 0x7C,
    0x0F, 0x1F, 0xC3, 0x87, 0xFD, 0xE1, 0xFF, 0xF8, 0x1F, 0xFC, 0x01, 0xFF, 0xC0, 0x0F, 0xFC, 0x01,
    0xFF, 0x00, 0x7F, 0xC0, 0x1F, 0xF0, 0x07, 0xFC, 0x07, 0xFF, 0x07, 0xFF, 0x07, 0xFF, 0x07, 0xFF,
    0x01, 0xFF, 0x80, 0x7F, 0xC0, 0x1E, 0xF0, 0x06, 0x3C, 0x00, 0x1E, 0x00, 0x07, 0x80, 0x1F, 0xFF,
    0xF7, 0xFF, 0xFD, 0xFF, 0xFF, 0x7F, 0xFF, 0xDF, 0xFF, 0xF1, 0xE0, 0x00, 0x70, 0x00, 0x3C, 0x00,
    0x0F, 0x00, 0x00, 0x00, 0x00, 0x40, 0x00, 0x38, 0x00, 0x1F, 0x00, 0x0F, 0xE0, 0x0F, 0xFC, 0x07,
    0xFF, 0x03, 0xFF, 0x81, 0xFF, 0xC0, 0x7F, 0xE0, 0x0F, 0xF0, 0x01, 0xF0, 0x00, 0x3F, 0x00, 0x07,
    0xFC, 0x00, 0xFF, 0xE0, 0x07, 0xFF, 0x00, 0x3F, 0xF8, 0x01, 0xFF, 0xC0, 0x0F, 0xF8, 0x00, 0x7F,
    0x00, 0x03, 0xE0, 0x00, 0x0C, 0x00, 0x00, 0x07, 0xE0, 0xFB, 0xFF, 0x1F, 0x7F, 0xFF, 0xDF, 0xFF,
    0xFB, 0xE3, 0xFE, 0x7C, 0x3F, 0x80, 0x40, 0x00, 0x0E, 0x00, 0x01, 0xF0, 0x00, 0x3F, 0x80, 0x07,
    0xFC, 0x00, 0xFF, 0xE0, 0x07, 0xFF, 0x00, 0x1F, 0xFC, 0x00, 0xFF, 0xC0, 0x07, 0xF8, 0x00, 0x3F,
    0x00, 0x07, 0xE0, 0x03, 0xFC, 0x03, 0xFF, 0x81, 0xFF, 0xC0, 0xFF, 0xE0, 0x7F, 0xF0, 0x0F, 0xF8,
    0x01, 0xFC, 0x00, 0x3E, 0x00, 0x06, 0x00, 0x00, 0x00, 0x00, 0x07, 0xE0, 0xF1, 0xFF, 0x1E, 0x7F,
    0xFF, 0xCF, 0xFF, 0xFB, 0xE3, 0xFE, 0x7C, 0x3F, 0x80, 0x00, 0x03, 0xE0, 0x00, 0x7C, 0x00, 0x1F,
    0x80, 0x03, 0xE0, 0x00, 0xFC, 0x00, 0x7F, 0x00, 0x3F, 0xC0, 0x7F, 0xF0, 0xFF, 0xFC, 0x1F, 0xFE,
    0x03, 0xFF, 0x00, 0x7F, 0xFC, 0x0F, 0xFF, 0xC0, 0x3F, 0xFE, 0x00, 0x3F, 0xE0, 0x01, 0xFC, 0x00,
    0x0F, 0xC0, 0x00, 0xF8, 0x00, 0x0F, 0x80, 0x01, 0xF0, 0x00, 0x3E, 0x7C, 0x00, 0x0F, 0x80, 0x01,
    0xF0, 0x00, 0x3F, 0x00, 0x03, 0xF0, 0x00, 0x3F, 0x00, 0x07, 0xFC, 0x00, 0x3F, 0xFE, 0x03, 0xFF,
    0xE0, 0x1F, 0xFC, 0x01, 0xFF, 0x80, 0xFF, 0xF0, 0x7F, 0xFE, 0x1F, 0xFF, 0x07, 0xFC, 0x01, 0xFC,
    0x00, 0x3F, 0x00, 0x0F, 0xC0, 0x01, 0xF0, 0x00, 0x3E, 0x00, 0x07, 0xC0, 0x00, 0x00, 0x03, 0xE0,
    0x00, 0x7C, 0x00, 0x0F, 0x80, 0x03, 0xF0, 0x00, 0xFC, 0x00, 0x3F, 0x00, 0x3F, 0xE0, 0x7F, 0xF8,
    0xFF, 0xFC, 0x1F, 0xFE, 0x03, 0xFE, 0x00, 0x7F, 0xF8, 0x0F, 0xFF, 0xC0, 0xFF, 0xFE, 0x00, 0x3F,
    0xE0, 0x01, 0xFC, 0x00, 0x0F, 0xC0, 0x00, 0xF8, 0x00, 0x1F, 0x80, 0x01, 0xF0, 0x00, 0x3E, 0x00,
    0x03, 0xC0, 0x00, 0x03, 0xFF, 0xFF, 0xFF, 0xFF, 0xFF, 0xFF, 0xFF, 0xFF, 0xFF, 0xFF, 0xFF, 0xF0,
    0x07, 0xFF, 0xF8, 0xFF, 0xFF, 0xCF, 0xFF, 0xFE, 0xFF, 0xFF, 0xF7, 0xFF, 0xFF, 0xFE, 0x00, 0x03,
    0xF0, 0x00, 0x1F, 0x00, 0x00, 0xF8, 0x00, 0x07, 0xC0, 0x00, 0x3E, 0x00, 0x01, 0xF0, 0x00, 0x0F,
    0xC0, 0x00, 0x7E, 0x00, 0x01, 0xFF, 0xFF, 0xEF, 0xFF, 0xFF, 0x3F, 0xFF, 0xF8, 0xFF, 0xFF, 0xC1,
    0xFF, 0xFE, 0xFF, 0xFF, 0x07, 0xFF, 0xFE, 0x3F, 0xFF, 0xF9, 0xFF, 0xFF, 0xCF, 0xFF, 0xFF, 0x00,
    0x01, 0xFC, 0x00, 0x07, 0xE0, 0x00, 0x3F, 0x00, 0x00, 0xF8, 0x00, 0x07, 0xC0, 0x00, 0x3E, 0x00,
    0x03, 0xF0, 0x00, 0x1F, 0x80, 0x01, 0xFF, 0xFF, 0xFF, 0xDF, 0xFF, 0xFC, 0xFF, 0xFF, 0xE7, 0xFF,
    0xFE, 0x3F, 0xFF, 0xC0, 0x00, 0x03, 0xC0, 0x00, 0x1C, 0x00, 0x01, 0xE0, 0x00, 0x0F, 0x00, 0x00,
    0x70, 0x00, 0x07, 0x80, 0x00, 0x3C, 0x00, 0xFF, 0xFF, 0x1F, 0xFF, 0xF9, 0xFF, 0xFF, 0xDF, 0xFF,
    0xFE, 0xFF, 0xFF, 0xFF, 0xE3, 0xC0, 0x7E, 0x1C, 0x03, 0xE1, 0xE0, 0x1F, 0x0F, 0x00, 0xF8, 0x70,
    0x07, 0xC7, 0x80, 0x3E, 0x3C, 0x01, 0xFB, 0xC0, 0x0F, 0xFE, 0x00, 0x3F, 0xFF, 0xFD, 0xFF, 0xFF,
    0xE7, 0xFF, 0xFF, 0x1F, 0xFF, 0xF8, 0x3F, 0xFF, 0xC1, 0xE0, 0x00, 0x0F, 0x00, 0x00, 0xF0, 0x00,
    0x07, 0x80, 0x00, 0x3C, 0x00, 0x03, 0xC0, 0x00, 0x1E, 0x00, 0x00, 0x00, 0x03, 0xC0, 0x00, 0x1C,
    0x00, 0x01, 0xE0, 0x00, 0x0F, 0x00, 0x00, 0x70, 0x00, 0x07, 0x80, 0x00, 0x3C, 0x1F, 0xFF, 0xE0,
    0xFF, 0xFF, 0xC7, 0xFF, 0xFF, 0x3F, 0xFF, 0xFD, 0xFF, 0xFF, 0xE0, 0x03, 0xFF, 0x80, 0x1C, 0xFC,
    0x01, 0xE7, 0xE0, 0x0F, 0x1F, 0x00, 0x70, 0xF8, 0x07, 0x87, 0xC0, 0x3C, 0x7E, 0x01, 0xC3, 0xF0,
    0x1E, 0x3F, 0xFF, 0xFF, 0xFB, 0xFF, 0xFF, 0x9F, 0xFF, 0xFC, 0xFF, 0xFF, 0xC7, 0xFF, 0xF8, 0x01,
    0xE0, 0x00, 0x0F, 0x00, 0x00, 0xF0, 0x00, 0x07, 0x80, 0x00, 0x3C, 0x00, 0x03, 0xC0, 0x00, 0x1E,
    0x00, 0x00, 0x07, 0xFF, 0xF8, 0xFF, 0xFF, 0xCF, 0xFF, 0xFE, 0xFF, 0xFF, 0xF7, 0xFF, 0xFF, 0xFF,
    0x00, 0x03, 0xF0, 0x00, 0x1F, 0x00, 0x00, 0xF8, 0x00, 0x07, 0xC0, 0x00, 0x3E, 0x00, 0x01, 0xF0,
    0x00, 0x0F, 0xC0, 0x00, 0x7F, 0x00, 0x01, 0xFF, 0xFF, 0xEF, 0xFF, 0xFF, 0x3F, 0xFF, 0xF8, 0xFF,
    0xFF, 0xC1, 0xFF, 0xFE, 0x00, 0x00, 0x00, 0x00, 0x00, 0x7F, 0xFF, 0xFF, 0xFF, 0xFF, 0xFF, 0xFF,
    0xFF, 0xFF, 0xFF, 0xFF, 0xFF, 0xFF, 0xC0, 0xFF, 0xFF, 0x07, 0xFF, 0xFE, 0x3F, 0xFF, 0xF9, 0xFF,
    0xFF, 0xCF, 0xFF, 0xFF, 0x00, 0x01, 0xFC, 0x00, 0x07, 0xE0, 0x00, 0x3F, 0x00, 0x00, 0xF8, 0x00,
    0x07, 0xC0, 0x00, 0x3E, 0x00, 0x03, 0xF0, 0x00, 0x1F, 0x80, 0x01, 0xFF, 0xFF, 0xFF, 0xDF, 0xFF,
    0xFC, 0xFF, 0xFF, 0xE7, 0xFF, 0xFE, 0x3F, 0xFF, 0xC0, 0x00, 0x00, 0x00, 0x00, 0x00, 0x7F, 0xFF,
    0xFB, 0xFF, 0xFF, 0xFF, 0xFF, 0xFF, 0xFF, 0xFF, 0xFF, 0xFF, 0xFF, 0xC0, 0x00, 0x01, 0xE0, 0x00,
    0x0F, 0x00, 0x00, 0x78, 0x00, 0x07, 0x80, 0x00, 0x3C, 0x00, 0x01, 0xC0, 0x1F, 0xFF, 0xE3, 0xFF,
    0xFF, 0x3F, 0xFF, 0xFB, 0xFF, 0xFF, 0xDF, 0xFF, 0xFF, 0xFC, 0x3C, 0x0F, 0xC1, 0xE0, 0x7C, 0x0F,
    0x03, 0xE0, 0xF0, 0x1F, 0x07, 0x80, 0xF8, 0x38, 0x07, 0xC3, 0xC0, 0x3F, 0x1E, 0x01, 0xFD, 0xE0,
    0x07, 0xFF, 0xFF, 0xBF, 0xFF, 0xFC, 0xFF, 0xFF, 0xE3, 0xFF, 0xFF, 0x07, 0xFF, 0xF8, 0x1E, 0x00,
    0x00, 0xF0, 0x01, 0xFF, 0xFF, 0xFF, 0xFF, 0xFF, 0xFF, 0xFF, 0xFF, 0xFF, 0xFF, 0xFF, 0xFF, 0xFF,
    0x0F, 0x00, 0x00, 0xF0, 0x00, 0x07, 0x80, 0x00, 0x78, 0x00, 0x00, 0x00, 0x01, 0xE0, 0x00, 0x0F,
    0x00, 0x00, 0x78, 0x00, 0x07, 0x80, 0x00, 0x3C, 0x00, 0x01, 0xC3, 0xFF, 0xFE, 0x1F, 0xFF, 0xF8,
    0xFF, 0xFF, 0xE7, 0xFF, 0xFF, 0x3F, 0xFF, 0xFC, 0x00, 0x3F, 0xF0, 0x01, 0xFF, 0x80, 0x0F, 0xFC,
    0x00, 0xF3, 0xE0, 0x07, 0x9F, 0x00, 0x38, 0xF8, 0x03, 0xCF, 0xC0, 0x1E, 0x7E, 0x01, 0xE7, 0xFF,
    0xFF, 0xFF, 0x7F, 0xFF, 0xF3, 0xFF, 0xFF, 0x9F, 0xFF, 0xF8, 0xFF, 0xFF, 0x00, 0x1E, 0x00, 0x00,
    0xF0, 0x01, 0xFF, 0xFF, 0xEF, 0xFF, 0xFF, 0xFF, 0xFF, 0xFF, 0xFF, 0xFF, 0xFF, 0xFF, 0xFF, 0x0F,
    0x00, 0x00, 0xF0, 0x00, 0x07, 0x80, 0x00, 0x78, 0x00, 0x00, 0xE0, 0x00, 0xDC, 0x00, 0x1F, 0x80,
    0x03, 0xF0, 0x00, 0x7E, 0x00, 0x0F, 0xC0, 0x01, 0xF8, 0x00, 0x3F, 0x00, 0x07, 0xE0, 0x00, 0xFC,
    0x00, 0x1F, 0x80, 0x03, 0xF0, 0x00, 0x7E, 0x00, 0x0F, 0xC0, 0x01, 0xF8, 0x38, 0x3F, 0x07, 0x07,
    0xE0, 0xE0, 0xFC, 0x1C, 0x1F, 0x83, 0x83, 0xF7, 0xFF, 0x7E, 0xFF, 0xCF, 0xC1, 0xC1, 0xB8, 0x38,
    0x33, 0x87, 0x0E, 0x70, 0xC3, 0xC7, 0x81, 0xF0, 0x7F, 0xFC, 0x07, 0xFF, 0x00, 0xFF, 0xFF, 0xFF,
    0xFF, 0xFF, 0xFF, 0xFF, 0xFF, 0xFF, 0xFF, 0xFF, 0x80, 0x00, 0x7C, 0x00, 0x03, 0xE0, 0x00, 0x1F,
    0x00, 0x00, 0xF8, 0x00, 0x07, 0xC0, 0x00, 0x3E, 0x00, 0x01, 0xF0, 0x00, 0x0F, 0x80, 0x00, 0x7C,
    0x00, 0x03, 0xE0, 0x00, 0x1F, 0xFF, 0xFF, 0xFF, 0xFF, 0xFF, 0xFF, 0xFF, 0xFF, 0xFF, 0xFE, 0xFF,
    0xFF, 0xFF, 0xFF, 0xFF, 0xFF, 0xFF, 0xFF, 0xFF, 0xFF, 0xF0, 0x00, 0x0F, 0x80, 0x00, 0x7C, 0x00,
    0x03, 0xE0, 0x00, 0x1F, 0x00, 0x00, 0xF8, 0x00, 0x07, 0xC0, 0x00, 0x3E, 0x00, 0x01, 0xF0, 0x00,
    0x0F, 0x80, 0x00, 0x7C, 0x00, 0x03, 0xFF, 0xFF, 0xFF, 0xFF, 0xFF, 0xFF, 0xFF, 0xFF, 0xFF, 0xFF,
    0xFE, 0xFF, 0xFF, 0xFF, 0xFF, 0xFF, 0xFF, 0xFF, 0xFF, 0xFF, 0xFF, 0xFF, 0xFF, 0xFF, 0xFC, 0x00,
    0x03, 0xE0, 0x00, 0x1F, 0x00, 0x00, 0xF8, 0x00, 0x07, 0xC0, 0x00, 0x3E, 0x00, 0x01, 0xF0, 0x00,
    0x0F, 0x80, 0x00, 0x7C, 0x00, 0x03, 0xFF, 0xFF, 0xFF, 0xFF, 0xFF, 0xFF, 0xFF, 0xFF, 0xFF, 0xFF,
    0xFF, 0xFF, 0xFE, 0x00, 0x00, 0x00, 0x00, 0x00, 0x7F, 0xFF, 0xFF, 0xFF, 0xFF, 0xFF, 0xFF, 0xFF,
    0xFF, 0xFF, 0xFF, 0xFF, 0xFF, 0xC0, 0xFF, 0xFF, 0xFF, 0xFF, 0xFF, 0xFF, 0xFF, 0xFF, 0xFF, 0xFF,
    0xFF, 0xFF, 0xFF, 0x80, 0x00, 0x7C, 0x00, 0x03, 0xE0, 0x00, 0x1F, 0x00, 0x00, 0xF8, 0x00, 0x07,
    0xC0, 0x00, 0x3E, 0x00, 0x01, 0xF0, 0x00, 0x0F, 0x80, 0x00, 0x7F, 0xFF, 0xFF, 0xFF, 0xFF, 0xFF,
    0xFF, 0xFF, 0xFF, 0xFF, 0xFF, 0xFF, 0xFF, 0xFE, 0x00, 0x00, 0x00, 0x00, 0x00, 0x7F, 0xFF, 0xFF,
    0xFF, 0xFF, 0xFF, 0xFF, 0xFF, 0xFF, 0xFF, 0xFF, 0xFF, 0xFF, 0xC0, 0x7F, 0xFF, 0xF7, 0xFF, 0xFF,
    0x7F, 0xFF, 0xF7, 0xFF, 0xFF, 0x7F, 0xFF, 0xF7, 0xC0, 0x1F, 0x7C, 0x01, 0xF7, 0xC0, 0x1F, 0x7C,
    0x01, 0xF7, 0xC0, 0x1F, 0x7C, 0x01, 0xF7, 0xC0, 0x1F, 0x7C, 0x01, 0xF7, 0xC0, 0x1F, 0x7C, 0x01,
    0xF7, 0xC0, 0x1F, 0x7C, 0x01, 0xF7, 0xC0, 0x1F, 0x7C, 0x01, 0xF7, 0xC0, 0x1F, 0x7C, 0x01, 0xF7,
    0xC0, 0x1F, 0x7C, 0x01, 0xF7, 0xC0, 0x1F, 0x7C, 0x01, 0xF7, 0xC0, 0x1F, 0x7C, 0x01, 0xF7, 0xC0,
    0x1F, 0x7C, 0x01, 0xF7, 0xC0, 0x1F, 0x7C, 0x01, 0xF7, 0xC0, 0x1F, 0x7C, 0x01, 0xF7, 0xC0, 0x1F,
    0x7C, 0x01, 0xF7, 0xC0, 0x1F, 0x7C, 0x01, 0xF7, 0xC0, 0x1F, 0x7F, 0xFF, 0xF7, 0xFF, 0xFF, 0x7F,
    0xFF, 0xF7, 0xFF, 0xFF, 0x7F, 0xFF, 0xF0, 0x00, 0xFF, 0x80, 0x01, 0xFF, 0xF0, 0x03, 0xFF, 0xFC,
    0x03, 0xE7, 0xCF, 0x01, 0xC3, 0xE3, 0xC1, 0xC1, 0xF0, 0xF1, 0xE0, 0xF8, 0x38, 0xE0, 0x7C, 0x0E,
    0x70, 0x3E, 0x07, 0x70, 0x1F, 0x01, 0xBF, 0xFF, 0xFF, 0xDF, 0xFF, 0xFF, 0xFF, 0xFF, 0xFF, 0xFF,
    0xFF, 0xFF, 0xF9, 0x80, 0xF8, 0x0C, 0xE0, 0x7C, 0x0E, 0x70, 0x3E, 0x07, 0x1C, 0x1F, 0x07, 0x0F,
    0x0F, 0x87, 0x83, 0xC7, 0xC7, 0x80, 0xFB, 0xEF, 0x80, 0x3F, 0xFF, 0x80, 0x07, 0xFF, 0x00, 0x00,
    0xFC, 0x00, 0x00, 0xFF, 0x80, 0x01, 0xFF, 0xF0, 0x01, 0xF8, 0xFC, 0x01, 0xE0, 0x0F, 0x01, 0xC0,
    0x03, 0xC1, 0xC0, 0x00, 0xF1, 0xE0, 0x00, 0x38, 0xE0, 0x00, 0x0E, 0x60, 0x00, 0x07, 0x30, 0x00,
    0x01, 0xB8, 0xFF, 0xF8, 0xDC, 0x7F, 0xFC, 0x7E, 0x3F, 0xFE, 0x3F, 0x1F, 0xFF, 0x1B, 0x80, 0x00,
    0x0C, 0xC0, 0x00, 0x0E, 0x70, 0x00, 0x07, 0x38, 0x00, 0x07, 0x0E, 0x00, 0x03, 0x83, 0x80, 0x03,
    0x81, 0xF0, 0x07, 0x80, 0x7E, 0x0F, 0x80, 0x0F, 0xFF, 0x80, 0x01, 0xFF, 0x00, 0x00, 0xFF, 0x80,
    0x01, 0xFF, 0xF0, 0x01, 0xF8, 0xFC, 0x01, 0xE0, 0x0F, 0x01, 0xF0, 0x0F, 0xC1, 0xFC, 0x0F, 0xF1,
    0xFF, 0x0F, 0xF8, 0xFF, 0xCF, 0xFE, 0x77, 0xFF, 0xF7, 0x31, 0xFF, 0xF1, 0xB8, 0x7F, 0xF0, 0xDC,
    0x1F, 0xF0, 0x7E, 0x0F, 0xF0, 0x3F, 0x0F, 0xFC, 0x1B, 0x8F, 0xFF, 0x0C, 0xCF, 0xFF, 0xCE, 0x7F,
    0xF7, 0xF7, 0x3F, 0xF1, 0xFF, 0x0F, 0xF0, 0x7F, 0x83, 0xF0, 0x1F, 0x81, 0xF0, 0x07, 0x80, 0x7E,
    0x0F, 0x80, 0x0F, 0xFF, 0x80, 0x01, 0xFF, 0x00, 0x00, 0xFF, 0x80, 0x01, 0xFF, 0xF0, 0x01, 0xF8,
    0xFC, 0x01, 0xE0, 0x1F, 0x01, 0xC0, 0x1F, 0xC1, 0xC0, 0x1F, 0xF1, 0xE0, 0x0F, 0x38, 0xE0, 0x0F,
    0x0E, 0x60, 0x0F, 0x87, 0x30, 0x07, 0x81, 0xB8, 0x07, 0x80, 0xDC, 0x03, 0xC0, 0x7E, 0x03, 0xC0,
    0x3F, 0x03, 0xE0, 0x1B, 0x81, 0xE0, 0x0C, 0xE1, 0xE0, 0x0E, 0x71, 0xF0, 0x07, 0x38, 0xF0, 0x07,
    0x0E, 0xF0, 0x03, 0x83, 0xF8, 0x03, 0x81, 0xF8, 0x07, 0x80, 0x7E, 0x0F, 0x80, 0x0F, 0xFF, 0x80,
    0x01, 0xFF, 0x00, 0x00, 0xFF, 0x80, 0x01, 0xFF, 0xF0, 0x01, 0xF8, 0xFC, 0x01, 0xE0, 0x0F, 0x01,
    0xC0, 0x03, 0xC1, 0xC0, 0x00, 0xF1, 0xE0, 0x00, 0x38, 0xE0, 0x00, 0x0E, 0x60, 0x00, 0x07, 0x30,
    0x00, 0x01, 0xB8, 0x07, 0x00, 0xDC, 0x07, 0xC0, 0x7E, 0x03, 0xE0, 0x3F, 0x01, 0xE0, 0x1B, 0x80,
    0x00, 0x0C, 0xC0, 0x00, 0x0E, 0x70, 0x00, 0x07, 0x38, 0x00, 0x07, 0x0E, 0x00, 0x03, 0x83, 0x80,
    0x03, 0x81, 0xF0, 0x07, 0x80, 0x7E, 0x0F, 0x80, 0x0F, 0xFF, 0x80, 0x01, 0xFF, 0x00, 0x00, 0x7E,
    0x00, 0x00, 0xFF, 0xE0, 0x01, 0xFF, 0xFC, 0x01, 0xF7, 0xFF, 0x01, 0xE3, 0xE3, 0xC1, 0xE1, 0xF0,
    0xF0, 0xE0, 0xF8, 0x38, 0xF8, 0x7C, 0x3E, 0x7F, 0xBE, 0xFF, 0x3F, 0xFF, 0xFF, 0xBF, 0xFF, 0xFF,
    0xDD, 0xFF, 0xFF, 0x7E, 0x3F, 0xFC, 0x3F, 0x03, 0xF8, 0x1B, 0x83, 0xFE, 0x0C, 0xC3, 0xFF, 0x8E,
    0x73, 0xF7, 0xC7, 0x39, 0xF3, 0xF7, 0x0F, 0xF8, 0xFF, 0x83, 0xF8, 0x3F, 0x81, 0xF8, 0x0F, 0x80,
    0x7E, 0x0F, 0x80, 0x0F, 0xFF, 0x80, 0x01, 0xFF, 0x00, 0x00, 0xFF, 0x80, 0x01, 0xFF, 0xF0, 0x01,
    0xF8, 0xFC, 0x01, 0xE0, 0x0F, 0x01, 0xE0, 0x03, 0xC1, 0xE0, 0x00, 0xF1, 0xE0, 0x00, 0x38, 0xFF,
    0xFF, 0xFE, 0x7F, 0xFF, 0xFF, 0x3F, 0xFF, 0xFF, 0xBF, 0xFF, 0xFF, 0xDC, 0x00, 0x00, 0x7E, 0x00,
    0x00, 0x3F, 0x00, 0x00, 0x1B, 0xFF, 0xFF, 0xFC, 0xFF, 0xFF, 0xFE, 0x7F, 0xFF, 0xFF, 0x3F, 0xFF,
    0xFF, 0x0E, 0x00, 0x03, 0x83, 0x80, 0x03, 0x81, 0xF0, 0x07, 0x80, 0x7E, 0x0F, 0x80, 0x0F, 0xFF,
    0x80, 0x01, 0xFF, 0x00, 0x00, 0xFF, 0x80, 0x01, 0xFF, 0xF0, 0x01, 0xF8, 0xFC, 0x01, 0xE0, 0x0F,
    0x01, 0xC0, 0x03, 0xC1, 0xC0, 0x00, 0xF1, 0xE0, 0x00, 0x38, 0xE0, 0x00, 0x0E, 0x70, 0x00, 0x07,
    0x30, 0x00, 0x01, 0xBF, 0xFF, 0xFF, 0xDF, 0xFF, 0xFF, 0xFF, 0xFF, 0xFF, 0xFF, 0xFF, 0xFF, 0xFB,
    0x80, 0x00, 0x0C, 0xE0, 0x00, 0x0E, 0x70, 0x00, 0x07, 0x3C, 0x00, 0x07, 0x0E, 0x00, 0x07, 0x83,
    0x80, 0x07, 0x81, 0xF0, 0x07, 0x80, 0x7E, 0x0F, 0x80, 0x0F, 0xFF, 0x80, 0x01, 0xFF, 0x00, 0xFF,
    0xFF, 0xFF, 0xFF, 0xFF, 0xFF, 0xF0, 0x01, 0xFF, 0xF0, 0x07, 0xFF, 0xF0, 0x1F, 0xFF, 0xF0, 0x7F,
    0xF7, 0xF1, 0xFD, 0xE7, 0xF7, 0xF3, 0xC7, 0xFF, 0xC7, 0x87, 0xFF, 0x0F, 0x07, 0xFC, 0x1E, 0x07,
    0xF0, 0x3C, 0x1F, 0xF0, 0x78, 0x7F, 0xF0, 0xF1, 0xFF, 0xF1, 0xE7, 0xF7, 0xF3, 0xDF, 0xC7, 0xF7,
    0xFF, 0x07, 0xFF, 0xFC, 0x07, 0xFF, 0xF0, 0x07, 0xFF, 0xC0, 0x07, 0xFF, 0xFF, 0xFF, 0xFF, 0xFF,
    0xFF, 0x80, 0xFF, 0xFF, 0xFF, 0xFF, 0xFF, 0xFF, 0x00, 0x00, 0x1E, 0x00, 0x00, 0x3C, 0x00, 0x00,
    0x78, 0x00, 0x00, 0xF0, 0x00, 0x01, 0xE0, 0x00, 0x03, 0xC0, 0x00, 0x07, 0x80, 0x00, 0x0F, 0x1F,
    0xFF, 0x1E, 0x3F, 0xFE, 0x3C, 0x7F, 0xFC, 0x78, 0xFF, 0xF8, 0xF0, 0x00, 0x01, 0xE0, 0x00, 0x03,
    0xC0, 0x00, 0x07, 0x80, 0x00, 0x0F, 0x00, 0x00, 0x1E, 0x00, 0x00, 0x3C, 0x00, 0x00, 0x7F, 0xFF,
    0xFF, 0xFF, 0xFF, 0xFF, 0x80, 0xFF, 0xFF, 0xFF, 0xFF, 0xFF, 0xFF, 0x01, 0xF0, 0x1E, 0x03, 0xE0,
    0x3C, 0x07, 0xC0, 0x78, 0x0F, 0x80, 0xF0, 0x1F, 0x01, 0xE0, 0x3E, 0x03, 0xC0, 0x7C, 0x07, 0x80,
    0xF8, 0x0F, 0xFF, 0xFF, 0xFF, 0xFF, 0xFF, 0xFF, 0xFF, 0xFF, 0xFF, 0xFF, 0xFF, 0xF0, 0x1F, 0x01,
    0xE0, 0x3E, 0x03, 0xC0, 0x7C, 0x07, 0x80, 0xF8, 0x0F, 0x01, 0xF0, 0x1E, 0x03, 0xE0, 0x3C, 0x07,
    0xC0, 0x7F, 0xFF, 0xFF, 0xFF, 0xFF, 0xFF, 0x80, 0xFF, 0xFF, 0xFF, 0xFF, 0xFF, 0xFF, 0x00, 0x00,
    0x1E, 0x00, 0x00, 0x3C, 0x00, 0x00, 0x78, 0x00, 0x00, 0xF0, 0x00, 0x01, 0xE0, 0x00, 0x03, 0xC0,
    0x00, 0x07, 0x80, 0x00, 0x0F, 0x00, 0xE0, 0x1E, 0x03, 0xE0, 0x3C, 0x07, 0xC0, 0x78, 0x0F, 0x00,
    0xF0, 0x00, 0x01, 0xE0, 0x00, 0x03, 0xC0, 0x00, 0x07, 0x80, 0x00, 0x0F, 0x00, 0x00, 0x1E, 0x00,
    0x00, 0x3C, 0x00, 0x00, 0x7F, 0xFF, 0xFF, 0xFF, 0xFF, 0xFF, 0x80, 0xF8, 0x00, 0x01, 0xF0, 0x00,
    0x03, 0xE0, 0x00, 0x07, 0xC0, 0x00, 0x0F, 0x80, 0x00, 0x1F, 0x00, 0x00, 0x3E, 0x00, 0x00, 0x7C,
    0x00, 0x00, 0xF8, 0x00, 0x01, 0xFF, 0xFF, 0xFF, 0xFF, 0xFF, 0xFF, 0xFF, 0xFF, 0xFF, 0xFF, 0xFF,
    0xFF, 0xFF, 0xFF, 0xFE, 0x00, 0x00, 0x7C, 0x00, 0x00, 0xF8, 0x00, 0x01, 0xF0, 0x00, 0x03, 0xE0,
    0x00, 0x07, 0xC0, 0x00, 0x0F, 0x80, 0x00, 0x1F, 0x00, 0x00, 0x3E, 0x00, 0x00, 0x7C, 0x00, 0x00,
    0x00, 0x00, 0x3E, 0x00, 0x00, 0x7C, 0x00, 0x00, 0xF8, 0x00, 0x01, 0xF0, 0x00, 0x03, 0xE0, 0x00,
    0x07, 0xC0, 0x00, 0x0F, 0x80, 0x00, 0x1F, 0x00, 0x00, 0x3E, 0x00, 0x00, 0x7F, 0xFF, 0xFF, 0xFF,
    0xFF, 0xFF, 0xFF, 0xFF, 0xFF, 0xFF, 0xFF, 0xFF, 0xC0, 0x00, 0x0F, 0x80, 0x00, 0x1F, 0x00, 0x00,
    0x3E, 0x00, 0x00, 0x7C, 0x00, 0x00, 0xF8, 0x00, 0x01, 0xF0, 0x00, 0x03, 0xE0, 0x00, 0x07, 0xC0,
    0x00, 0x0F, 0x80, 0x00, 0x1F, 0xFF, 0xFF, 0xFF, 0xFF, 0xFF, 0xFF, 0xFF, 0xFF, 0xFF, 0xFF, 0xFF,
    0xFF, 0xFF, 0xFF, 0xE0, 0x0F, 0x80, 0x00, 0x1F, 0x00, 0x00, 0x3E, 0x00, 0x00, 0x7C, 0x00, 0x00,
    0xF8, 0x00, 0x01, 0xF0, 0x00, 0x03, 0xE0, 0x00, 0x07, 0xC0, 0x00, 0x0F, 0x80, 0x00, 0x1F, 0x00,
    0x00, 0x3E, 0x00, 0x00, 0x7C, 0x00, 0x00, 0xF8, 0x00, 0x01, 0xF0, 0x00, 0x03, 0xE0, 0x00, 0x07,
    0xC0, 0x00, 0x0F, 0x80, 0x00, 0x1F, 0x00, 0x00, 0x3E, 0x00, 0x00, 0x7C, 0x00, 0x00, 0xF8, 0x00,
    0x01, 0xF0, 0x00, 0x03, 0xE0, 0x00, 0x07, 0xC0, 0x00, 0x0F, 0x80, 0x00, 0x1F, 0x00, 0x00, 0x3E,
    0x00, 0x00, 0x7C, 0x00, 0x00, 0xF8, 0x00, 0x01, 0xF0, 0x00, 0x03, 0xE0, 0x00, 0x07, 0xC0, 0x00,
    0x0F, 0x80, 0x00, 0x1F, 0x00, 0x00, 0x3E, 0x00, 0x00, 0x7C, 0x00, 0x00, 0xF8, 0x03, 0xFF, 0xFF,
    0xFF, 0xFF, 0xFF, 0xFF, 0xFF, 0xFF, 0xFF, 0xFF, 0xFF, 0xFF, 0xFF, 0xFF, 0x80, 0x00, 0x00, 0x40,
    0x00, 0x70, 0x00, 0xFC, 0x00, 0xFF, 0x00, 0xFF, 0xC0, 0xFF, 0xF0, 0xFF, 0xFC, 0xFF, 0xEF, 0x7F,
    0xE3, 0xDF, 0xC0, 0xF7, 0xC0, 0x3D, 0xFC, 0x0F, 0x7F, 0xC3, 0xDF, 0xFC, 0xF1, 0xFF, 0xFC, 0x1F,
    0xFF, 0x01, 0xFF, 0xC0, 0x1F, 0xF0, 0x01, 0xFC, 0x00, 0x0F, 0x00, 0x00, 0xC0, 0x00, 0x00, 0x00,
    0x01, 0xFF, 0xFF, 0x7F, 0xFF, 0xDF, 0xFF, 0xF7, 0xFF, 0xFD, 0xFF, 0xFF, 0x00, 0x00, 0xF8, 0x00,
    0x03, 0xFB, 0xFF, 0xFF, 0x3F, 0xFF, 0xFC, 0x70, 0x00, 0x1C, 0xE0, 0x00, 0x1F, 0x80, 0x00, 0x3E,
    0x00, 0xFC, 0x01, 0xF3, 0xE0, 0x0F, 0x9F, 0x80, 0xFC, 0xFC, 0x07, 0xC3, 0xE0, 0x7E, 0x1F, 0x83,
    0xF0, 0x7C, 0x1F, 0x03, 0xF1, 0xF8, 0x1F, 0x8F, 0xC0, 0x7C, 0x7C, 0x03, 0xF7, 0xE0, 0x1F, 0xBF,
    0x00, 0x7D, 0xF0, 0x03, 0xFF, 0x80, 0x1F, 0xF8, 0x00, 0x7F, 0xC0, 0x03, 0xFE, 0x00, 0x1F, 0xE0,
    0x00, 0x7F, 0x00, 0x00, 0x00, 0x00, 0x00, 0x00, 0x3F, 0xFF, 0xF1, 0xFF, 0xFF, 0xCF, 0xFF, 0xFE,
    0x7F, 0xFF, 0xF3, 0xFF, 0xFF, 0x80, 0xFF, 0xFF, 0xFF, 0xFF, 0xFF, 0xFF, 0xFF, 0xFF, 0xFF, 0xFF,
    0xF0, 0x00, 0x00, 0x00, 0x00, 0x00, 0x00, 0x00, 0x00, 0x3F, 0x80, 0x03, 0xFC, 0x00, 0x1F, 0xF0,
    0x00, 0xFF, 0x80, 0x0F, 0xFC, 0x00, 0x7F, 0xF0, 0x03, 0xEF, 0x80, 0x3F, 0x7C, 0x01, 0xFB, 0xF0,
    0x0F, 0x8F, 0x80, 0xFC, 0x7E, 0x07, 0xC3, 0xF0, 0x3E, 0x0F, 0x83, 0xF0, 0x7E, 0x1F, 0x03, 0xF1,
    0xF8, 0x0F, 0x8F, 0xC0, 0x7E, 0x7C, 0x03, 0xF7, 0xE0, 0x0F, 0x80, 0xFF, 0xFF, 0xFF, 0xFF, 0xFF,
    0xFF, 0xFF, 0xFF, 0xFF, 0xFF, 0xF0, 0x00, 0x00, 0x00, 0x00, 0x00, 0x00, 0x00, 0x1F, 0x80, 0x3E,
    0x7C, 0x01, 0xF3, 0xF0, 0x1F, 0x9F, 0x80, 0xF8, 0x7C, 0x0F, 0xC3, 0xF0, 0x7E, 0x1F, 0x83, 0xE0,
    0x7E, 0x3F, 0x03, 0xF1, 0xF8, 0x0F, 0x8F, 0x80, 0x7E, 0xFC, 0x03, 0xF7, 0xE0, 0x0F, 0xBE, 0x00,
    0x7F, 0xF0, 0x03, 0xFF, 0x00, 0x0F, 0xF8, 0x00, 0x7F, 0xC0, 0x03, 0xFC, 0x00, 0x0F, 0xE0, 0x00,
    0x00, 0x38, 0x00, 0x0F, 0xFF, 0x80, 0x7F, 0xFF, 0x81, 0xFF, 0xFF, 0x83, 0xFF, 0xFF, 0x8F, 0xF0,
    0x7F, 0x9F, 0x80, 0x3F, 0x3E, 0x00, 0x3E, 0xFC, 0x00, 0x7D, 0xF8, 0x00, 0xFB, 0xF0, 0x01, 0xF7,
    0xE0, 0x03, 0xEF, 0xC0, 0x07, 0xDF, 0x80, 0x0F, 0xBF, 0x00, 0x1F, 0x7E, 0x00, 0x3E, 0xFC, 0x00,
    0x7D, 0xF8, 0x00, 0xFB, 0xF0, 0x01, 0xF7, 0xE0, 0x03, 0xEF, 0xC0, 0x07, 0xDF, 0x80, 0x0F, 0xBF,
    0x00, 0x1F, 0x7E, 0x00, 0x3E, 0xFC, 0x00, 0x7D, 0xF8, 0x00, 0xFB, 0xF0, 0x01, 0xF7, 0xE0, 0x03,
    0xEF, 0xC0, 0x07, 0xC0, 0xFC, 0x00, 0x7D, 0xF8, 0x00, 0xFB, 0xF0, 0x01, 0xF7, 0xE0, 0x03, 0xEF,
    0xC0, 0x07, 0xDF, 0x80, 0x0F, 0xBF, 0x00, 0x1F, 0x7E, 0x00, 0x3E, 0xFC, 0x00, 0x7D, 0xF8, 0x00,
    0xFB, 0xF0, 0x01, 0xF7, 0xE0, 0x03, 0xEF, 0xC0, 0x07, 0xDF, 0x80, 0x0F, 0xBF, 0x00, 0x1F, 0x7E,
    0x00, 0x3E, 0xFC, 0x00, 0x7D, 0xF8, 0x00, 0xFB, 0xF0, 0x01, 0xF7, 0xE0, 0x03, 0xEF, 0xC0, 0x07,
    0xCF, 0x80, 0x1F, 0x9F, 0x80, 0x3F, 0x3F, 0xFF, 0xFE, 0x3F, 0xFF, 0xF8, 0x3F, 0xFF, 0xE0, 0x3F,
    0xFF, 0x80, 0x3F, 0xFC, 0x00, 0x0C, 0x03, 0xC0, 0xFC, 0x3D, 0xCF, 0x1D, 0xC1, 0xDC, 0x71, 0xDC,
    0x1F, 0x01, 0xC0, 0x10, 0x00, 0x00, 0x01, 0x00, 0xC0, 0x38, 0x7F, 0xCF, 0xC1, 0xF0, 0x7C, 0x1B,
    0x08, 0x40, 0x00, 0x00, 0x01, 0x00, 0x00, 0x0F, 0x80, 0x00, 0x3F, 0x80, 0x00, 0xFF, 0x80, 0x03,
    0xFF, 0x80, 0x0F, 0xF7, 0x80, 0x3D, 0xE7, 0x80, 0xF3, 0xC7, 0x83, 0x87, 0x87, 0x8E, 0x0F, 0x07,
    0xF8, 0x1E, 0x03, 0xE0, 0x3C, 0x07, 0xC0, 0x78, 0x1F, 0xC0, 0xF0, 0x7B, 0xC1, 0xE1, 0xE3, 0xC3,
    0xC7, 0x83, 0xC7, 0x9E, 0x03, 0xCF, 0x78, 0x03, 0xDF, 0xE0, 0x03, 0xFF, 0x00, 0x03, 0xFC, 0x00,
    0x03, 0xF0, 0x00, 0x01, 0xC0, 0x00, 0x01, 0x00, 0x00, 0x00, 0x00, 0x00, 0x01, 0x00, 0x00, 0x03,
    0x80, 0x00, 0x3F, 0x80, 0x00, 0xFF, 0x80, 0x03, 0xDF, 0x80, 0x0F, 0x37, 0x80, 0x3C, 0x67, 0x80,
    0xF0, 0xC7, 0x83, 0x81, 0x87, 0x8E, 0x03, 0x07, 0xF8, 0x06, 0x03, 0xE0, 0x0C, 0x07, 0xC0, 0x18,
    0x1F, 0xC0, 0x30, 0x7B, 0xC0, 0x61, 0xE3, 0xC0, 0xC7, 0x83, 0xC1, 0x9E, 0x03, 0xC3, 0x78, 0x03,
    0xC7, 0xE0, 0x03, 0xCF, 0x00, 0x03, 0xDC, 0x00, 0x03, 0xF0, 0x00, 0x03, 0x40, 0x00, 0x00, 0x00,
    0x00, 0x00, 0x00, 0x00, 0x00, 0x00, 0x00, 0x0F, 0x80, 0x00, 0x3F, 0x80, 0x00, 0xF7, 0x80, 0x03,
    0xE7, 0x80, 0x0F, 0xC7, 0x80, 0x3D, 0x87, 0x80, 0xF3, 0x07, 0x83, 0x86, 0x07, 0x8E, 0x0C, 0x07,
    0xF8, 0x18, 0x03, 0xE0, 0x30, 0x07, 0xC0, 0x60, 0x1F, 0xC0, 0xC0, 0x7B, 0xC1, 0x81, 0xE3, 0xC3,
    0x07, 0x83, 0xC6, 0x1E, 0x03, 0xCC, 0x78, 0x03, 0xD9, 0xC0, 0x03, 0xF7, 0x00, 0x03, 0xFC, 0x00,
    0x03, 0xF0, 0x00, 0x01, 0x80, 0x00, 0x01, 0x00, 0x00, 0x00, 0x00, 0x00, 0x07, 0x00, 0x03, 0xFE,
    0x00, 0x3F, 0xF8, 0x07, 0xFF, 0xE0, 0x7F, 0xFF, 0x83, 0xFC, 0xFE, 0x3F, 0x01, 0xF1, 0xF0, 0x07,
    0xDF, 0x00, 0x3E, 0xF0, 0x00, 0xF7, 0x80, 0x07, 0xF8, 0x00, 0x1F, 0xC0, 0x00, 0xFE, 0x00, 0x07,
    0xF0, 0x00, 0x3F, 0x00, 0x01, 0xF8, 0x00, 0x0F, 0xC0, 0x00, 0x7E, 0x00, 0x03, 0xF0, 0x00, 0x1F,
    0x80, 0x00, 0xFC, 0x00, 0x07, 0xFF, 0xF8, 0x7F, 0xFF, 0xCF, 0xFF, 0xFE, 0x7F, 0x00, 0x07, 0xC0,
    0x00, 0x7C, 0x00, 0x03, 0xE3, 0xFF, 0xFE, 0x3F, 0xFF, 0xF3, 0xFF, 0xFF, 0x9F, 0x00, 0x3C, 0xF0,
    0x01, 0xE7, 0x80, 0x0F, 0x3E, 0x00, 0x79, 0xFF, 0xFF, 0xC7, 0xFF, 0xFF, 0x1F, 0xFF, 0xF8, 0x00,
    0x03, 0xE0, 0x00, 0x0F, 0xE0, 0x00, 0x7F, 0xFF, 0xF0, 0xFF, 0xFF, 0x83, 0xFF, 0xFC, 0x00, 0x01,
    0xE0, 0x00, 0x0F, 0x00, 0x00, 0x78, 0x00, 0x07, 0x80, 0x00, 0x3C, 0x00, 0x01, 0xC3, 0xFF, 0xFF,
    0xFF, 0xFF, 0xFF, 0xFF, 0xFF, 0xFF, 0xFF, 0xFF, 0xFF, 0xFF, 0xFF, 0xF0, 0x3C, 0x0F, 0x81, 0xE0,
    0x7C, 0x0F, 0x03, 0xE0, 0xF0, 0x1F, 0x07, 0x80, 0xF8, 0x38, 0x07, 0xC3, 0xC0, 0x3E, 0x1E, 0x01,
    0xF1, 0xE0, 0x0F, 0xFF, 0xFF, 0xFF, 0xFF, 0xFF, 0xFF, 0xFF, 0xFF, 0xFF, 0xFF, 0xFF, 0xFF, 0xF8,
    0x1E, 0x00, 0x00, 0xF0, 0x01, 0xFF, 0xFF, 0xFF, 0xFF, 0xFF, 0xFF, 0xFF, 0xFF, 0xFF, 0xFF, 0xFF,
    0xFF, 0xFF, 0x0E, 0x00, 0x00, 0xF0, 0x00, 0x07, 0x80, 0x00, 0x78, 0x00, 0x00, 0x7D, 0xFB, 0xFF,
    0xFF, 0xCF, 0x80, 0x00, 0x7D, 0xFB, 0xFF, 0xFF, 0xCF, 0x80, 0x00, 0x00, 0xFB, 0xF7, 0xFF, 0xFF,
    0x9F, 0x00, 0x7C, 0x3E, 0x1E, 0x3E, 0x3F, 0x1F, 0xBF, 0x9F, 0xCF, 0xDF, 0xCF, 0xE7, 0xE7, 0xC7,
    0xE3, 0xF3, 0xE1, 0xF0, 0xF0, 0x00, 0x00, 0x1E, 0x00, 0x00, 0x1F, 0x80, 0x00, 0x0F, 0xC0, 0x00,
    0x07, 0xE0, 0x00, 0x03, 0xF0, 0x00, 0x00, 0xF0, 0x00, 0x00, 0x00, 0x00, 0x00, 0x00, 0x00, 0x3E,
    0x00, 0x00, 0x3F, 0x00, 0x00, 0x1F, 0xC0, 0x00, 0x0F, 0xE0, 0x00, 0x07, 0xE0, 0x00, 0x01, 0xF0,
    0x00, 0x00, 0x00, 0x00, 0x00, 0x00, 0x00, 0x00, 0x00, 0x00, 0x3E, 0x00, 0x00, 0x1F, 0x00, 0x00,
    0x1F, 0xC0, 0x00, 0x0F, 0xE0, 0x00, 0x03, 0xE0, 0x00, 0x01, 0xF0, 0x00, 0x00, 0x7C, 0x00, 0x00,
    0x3E, 0x00, 0x00, 0x3F, 0x80, 0x00, 0x1F, 0xC0, 0x00, 0x07, 0xC0, 0x00, 0x03, 0xE0, 0x00, 0x00,
    0x00, 0x00, 0x00, 0x00, 0x00, 0x00, 0x00, 0x3E, 0x00, 0x00, 0x3F, 0x00, 0x00, 0x1F, 0xC0, 0x00,
    0x0F, 0xE0, 0x00, 0x07, 0xE0, 0x00, 0x01, 0xF0, 0x00, 0x00, 0x00, 0x00, 0x00, 0x00, 0x00, 0x00,
    0x00, 0x00, 0x00, 0x00, 0x0F, 0x00, 0x00, 0x0F, 0xC0, 0x00, 0x07, 0xE0, 0x00, 0x03, 0xF0, 0x00,
    0x01, 0xF8, 0x00, 0x00, 0x78, 0x00, 0x3C, 0x00, 0x00, 0x3F, 0x00, 0x00, 0x1F, 0xC0, 0x00, 0x1F,
    0xF0, 0x00, 0x1F, 0xFC, 0x00, 0x1F, 0xFF, 0x00, 0x1F, 0xFF, 0x80, 0x0F, 0xFF, 0xE0, 0x0F, 0xC7,
    0xF8, 0x0F, 0xE0, 0xFE, 0x0F, 0xFF, 0x3F, 0x07, 0xFF, 0xDF, 0xC7, 0xFF, 0xEF, 0xF7, 0xFF, 0xF7,
    0xFB, 0xFF, 0xF3, 0xFF, 0xFF, 0xC3, 0xFE, 0x7F, 0xE7, 0xFF, 0x3F, 0xF3, 0xFF, 0x0F, 0xFF, 0xFF,
    0x83, 0xFF, 0xFF, 0x80, 0xFE, 0x7F, 0x80, 0x3F, 0x3F, 0x80, 0x1F, 0xFF, 0x80, 0x07, 0xFF, 0xC0,
    0x01, 0xFF, 0xC0, 0x00, 0x7F, 0xC0, 0x00, 0x1F, 0xC0, 0x00, 0x0F, 0xC0, 0x00, 0x03, 0xC0, 0x00,
};

static const EpdGlyph jetbrainsmono_18_boldGlyphs[] = {
    { 0, 0, 23, 0, 0, 0, 0 }, // 
    { 0, 0, 23, 0, 0, 0, 0 }, //  
    { 7, 27, 23, 8, 27, 24, 0 }, // !
    { 15, 11, 23, 4, 27, 21, 24 }, // "
    { 21, 27, 23, 1, 27, 71, 45 }, // #
    { 19, 38, 23, 2, 33, 91, 116 }, // $
    { 23, 27, 23, 0, 27, 78, 207 }, // %
    { 24, 27, 23, 0, 27, 81, 285 }, // &
    { 6, 11, 23, 8, 27, 9, 366 }, // '
    { 13, 37, 23, 6, 32, 61, 375 }, // (
    { 13, 37, 23, 4, 32, 61, 436 }, // )
    { 21, 20, 23, 1, 23, 53, 497 }, // *
    { 19, 18, 23, 2, 21, 43, 550 }, // +
    { 8, 11, 23, 7, 5, 11, 593 }, // ,
    { 13, 5, 23, 5, 15, 9, 604 }, // -
    { 8, 7, 23, 7, 7, 7, 613 }, // .
    { 19, 36, 23, 2, 32, 86, 620 }, // /
    { 19, 27, 23, 2, 27, 65, 706 }, // 0
    { 18, 27, 23, 3, 27, 61, 771 }, // 1
    { 19, 27, 23, 2, 27, 65, 832 }, // 2
    { 19, 27, 23, 2, 27, 65, 897 }, // 3
    { 18, 27, 23, 2, 27, 61, 962 }, // 4
    { 19, 27, 23, 2, 27, 65, 1023 }, // 5
    { 19, 27, 23, 2, 27, 65, 1088 }, // 6
    { 20, 27, 23, 2, 27, 68, 1153 }, // 7
    { 19, 27, 23, 2, 27, 65, 1221 }, // 8
    { 19, 27, 23, 2, 27, 65, 1286 }, // 9
    { 8, 21, 23, 7, 21, 21, 1351 }, // :
    { 8, 26, 23, 7, 21, 26, 1372 }, // ;
    { 18, 21, 23, 2, 23, 48, 1398 }, // <
    { 17, 14, 23, 3, 20, 30, 1446 }, // =
    { 18, 21, 23, 2, 23, 48, 1476 }, // >
    { 15, 27, 23, 4, 27, 51, 1524 }, // ?
    { 21, 34, 23, 1, 27, 90, 1575 }, // @
    { 21, 27, 23, 1, 27, 71, 1665 }, // A
    { 19, 27, 23, 2, 27, 65, 1736 }, // B
    { 19, 27, 23, 2, 27, 65, 1801 }, // C
    { 19, 27, 23, 2, 27, 65, 1866 }, // D
    { 17, 27, 23, 3, 27, 58, 1931 }, // E
    { 18, 27, 23, 3, 27, 61, 1989 }, // F
    { 19, 27, 23, 2, 27, 65, 2050 }, // G
    { 18, 27, 23, 2, 27, 61, 2115 }, // H
    { 17, 27, 23, 3, 27, 58, 2176 }, // I
    { 19, 27, 23, 1, 27, 65, 2234 }, // J
    { 20, 27, 23, 2, 27, 68, 2299 }, // K
    { 18, 27, 23, 4, 27, 61, 2367 }, // L
    { 19, 27, 23, 2, 27, 65, 2428 }, // M
    { 19, 27, 23, 2, 27, 65, 2493 }, // N
    { 19, 27, 23, 2, 27, 65, 2558 }, // O
    { 20, 27, 23, 2, 27, 68, 2623 }, // P
    { 19, 34, 23, 2, 27, 81, 2691 }, // Q
    { 20, 27, 23, 2, 27, 68, 2772 }, // R
    { 19, 27, 23, 2, 27, 65, 2840 }, // S
    { 21, 27, 23, 1, 27, 71, 2905 }, // T
    { 19, 27, 23, 2, 27, 65, 2976 }, // U
    { 21, 27, 23, 1, 27, 71, 3041 }, // V
    { 23, 27, 23, 0, 27, 78, 3112 }, // W
    { 21, 27, 23, 1, 27, 71, 3190 }, // X
    { 22, 27, 23, 0, 27, 75, 3261 }, // Y
    { 17, 27, 23, 3, 27, 58, 3336 }, // Z
    { 11, 36, 23, 7, 32, 50, 3394 }, // [
    { 19, 36, 23, 2, 32, 86, 3444 }, // <backslash>
    { 11, 36, 23, 5, 32, 50, 3530 }, // ]
    { 19, 15, 23, 2, 28, 36, 3580 }, // ^
    { 19, 5, 23, 2, 0, 12, 3616 }, // _
    { 10, 5, 23, 5, 29, 7, 3628 }, // `
    { 18, 21, 23, 2, 21, 48, 3635 }, // a
    { 19, 27, 23, 2, 27, 65, 3683 }, // b
    { 19, 21, 23, 2, 21, 50, 3748 }, // c
    { 18, 27, 23, 2, 27, 61, 3798 }, // d
    { 19, 21, 23, 2, 21, 50, 3859 }, // e
    { 20, 27, 23, 1, 27, 68, 3909 }, // f
    { 18, 28, 23, 2, 21, 63, 3977 }, // g
    { 18, 27, 23, 2, 27, 61, 4040 }, // h
    { 20, 29, 23, 2, 29, 73, 4101 }, // i
    { 16, 36, 23, 2, 29, 72, 4174 }, // j
    { 19, 27, 23, 3, 27, 65, 4246 }, // k
    { 21, 27, 23, 1, 27, 71, 4311 }, // l
    { 21, 21, 23, 1, 21, 56, 4382 }, // m
    { 18, 21, 23, 2, 21, 48, 4438 }, // n
    { 19, 21, 23, 2, 21, 50, 4486 }, // o
    { 19, 28, 23, 2, 21, 67, 4536 }, // p
    { 18, 28, 23, 2, 21, 63, 4603 }, // q
    { 18, 21, 23, 3, 21, 48, 4666 }, // r
    { 19, 21, 23, 2, 21, 50, 4714 }, // s
    { 20, 27, 23, 1, 27, 68, 4764 }, // t
    { 18, 21, 23, 2, 21, 48, 4832 }, // u
    { 21, 21, 23, 1, 21, 56, 4880 }, // v
    { 23, 21, 23, 0, 21, 61, 4936 }, // w
    { 21, 21, 23, 1, 21, 56, 4997 }, // x
    { 21, 28, 23, 1, 21, 74, 5053 }, // y
    { 18, 21, 23, 2, 21, 48, 5127 }, // z
    { 18, 36, 23, 2, 32, 81, 5175 }, // {
    { 5, 35, 23, 9, 31, 22, 5256 }, // |
    { 18, 36, 23, 3, 32, 81, 5278 }, // }
    { 20, 9, 23, 1, 18, 23, 5359 }, // ~
    { 0, 0, 23, 0, 0, 0, 5382 }, //  
    { 7, 28, 23, 8, 21, 25, 5382 }, // ¡
    { 19, 31, 23, 2, 26, 74, 5407 }, // ¢
    { 19, 27, 23, 2, 27, 65, 5481 }, // £
    { 21, 21, 23, 1, 24, 56, 5546 }, // ¤
    { 22, 27, 23, 0, 27, 75, 5602 }, // ¥
    { 5, 35, 23, 9, 31, 22, 5677 }, // ¦
    { 19, 35, 23, 2, 27, 84, 5699 }, // §
    { 15, 5, 23, 4, 29, 10, 5783 }, // ¨
    { 21, 24, 23, 1, 28, 63, 5793 }, // ©
    { 11, 11, 23, 6, 28, 16, 5856 }, // ª
    { 22, 18, 23, 0, 20, 50, 5872 }, // «
    { 16, 10, 23, 3, 16, 20, 5922 }, // ¬
    { 21, 24, 23, 1, 28, 63, 5942 }, // ®
    { 14, 5, 23, 4, 30, 9, 6005 }, // ¯
    { 13, 12, 23, 5, 28, 20, 6014 }, // °
    { 19, 22, 23, 2, 22, 53, 6034 }, // ±
    { 13, 17, 23, 5, 32, 28, 6087 }, // ²
    { 13, 17, 23, 5, 32, 28, 6115 }, // ³
    { 10, 5, 23, 8, 29, 7, 6143 }, // ´
    { 18, 28, 23, 2, 21, 63, 6150 }, // µ
    { 18, 34, 23, 2, 27, 77, 6213 }, // ¶
    { 8, 7, 23, 7, 17, 7, 6290 }, // ·
    { 10, 9, 23, 7, 1, 12, 6297 }, // ¸
    { 14, 17, 23, 5, 32, 30, 6309 }, // ¹
    { 11, 11, 23, 6, 28, 16, 6339 }, // º
    { 22, 18, 23, 0, 20, 50, 6355 }, // »
    { 24, 28, 23, -1, 28, 84, 6405 }, // ¼
    { 24, 28, 23, -1, 28, 84, 6489 }, // ½
    { 24, 28, 23, -1, 28, 84, 6573 }, // ¾
    { 16, 28, 23, 3, 21, 56, 6657 }, // ¿
    { 21, 35, 23, 1, 35, 92, 6713 }, // À
    { 21, 35, 23, 1, 35, 92, 6805 }, // Á
    { 21, 36, 23, 1, 36, 95, 6897 }, // Â
    { 21, 35, 23, 1, 35, 92, 6992 }, // Ã
    { 21, 35, 23, 1, 35, 92, 7084 }, // Ä
    { 21, 37, 23, 1, 37, 98, 7176 }, // Å
    { 22, 27, 23, 0, 27, 75, 7274 }, // Æ
    { 19, 35, 23, 2, 27, 84, 7349 }, // Ç
    { 17, 35, 23, 3, 35, 75, 7433 }, // È
    { 17, 35, 23, 3, 35, 75, 7508 }, // É
    { 17, 36, 23, 3, 36, 77, 7583 }, // Ê
    { 17, 35, 23, 3, 35, 75, 7660 }, // Ë
    { 17, 35, 23, 3, 35, 75, 7735 }, // Ì
    { 17, 35, 23, 3, 35, 75, 7810 }, // Í
    { 17, 36, 23, 3, 36, 77, 7885 }, // Î
    { 17, 35, 23, 3, 35, 75, 7962 }, // Ï
    { 21, 27, 23, 0, 27, 71, 8037 }, // Ð
    { 19, 35, 23, 2, 35, 84, 8108 }, // Ñ
    { 19, 35, 23, 2, 35, 84, 8192 }, // Ò
    { 19, 35, 23, 2, 35, 84, 8276 }, // Ó
    { 19, 36, 23, 2, 36, 86, 8360 }, // Ô
    { 19, 35, 23, 2, 35, 84, 8446 }, // Õ
    { 19, 35, 23, 2, 35, 84, 8530 }, // Ö
    { 17, 17, 23, 3, 21, 37, 8614 }, // ×
    { 22, 30, 23, 0, 29, 83, 8651 }, // Ø
    { 19, 35, 23, 2, 35, 84, 8734 }, // Ù
    { 19, 35, 23, 2, 35, 84, 8818 }, // Ú
    { 19, 36, 23, 2, 36, 86, 8902 }, // Û
    { 19, 35, 23, 2, 35, 84, 8988 }, // Ü
    { 22, 35, 23, 0, 35, 97, 9072 }, // Ý
    { 20, 27, 23, 2, 27, 68, 9169 }, // Þ
    { 19, 27, 23, 2, 27, 65, 9237 }, // ß
    { 18, 29, 23, 2, 29, 66, 9302 }, // à
    { 18, 29, 23, 2, 29, 66, 9368 }, // á
    { 18, 29, 23, 2, 29, 66, 9434 }, // â
    { 18, 29, 23, 2, 29, 66, 9500 }, // ã
    { 18, 29, 23, 2, 29, 66, 9566 }, // ä
    { 18, 32, 23, 2, 32, 72, 9632 }, // å
    { 21, 21, 23, 1, 21, 56, 9704 }, // æ
    { 19, 29, 23, 2, 21, 69, 9760 }, // ç
    { 19, 29, 23, 2, 29, 69, 9829 }, // è
    { 19, 29, 23, 2, 29, 69, 9898 }, // é
    { 19, 29, 23, 2, 29, 69, 9967 }, // ê
    { 19, 29, 23, 2, 29, 69, 10036 }, // ë
    { 20, 29, 23, 2, 29, 73, 10105 }, // ì
    { 20, 29, 23, 2, 29, 73, 10178 }, // í
    { 20, 29, 23, 2, 29, 73, 10251 }, // î
    { 20, 29, 23, 2, 29, 73, 10324 }, // ï
    { 20, 28, 23, 1, 28, 70, 10397 }, // ð
    { 18, 29, 23, 2, 29, 66, 10467 }, // ñ
    { 19, 29, 23, 2, 29, 69, 10533 }, // ò
    { 19, 29, 23, 2, 29, 69, 10602 }, // ó
    { 19, 29, 23, 2, 29, 69, 10671 }, // ô
    { 19, 29, 23, 2, 29, 69, 10740 }, // õ
    { 19, 29, 23, 2, 29, 69, 10809 }, // ö
    { 16, 22, 23, 3, 23, 44, 10878 }, // ÷
    { 21, 24, 23, 1, 23, 63, 10922 }, // ø
    { 18, 29, 23, 2, 29, 66, 10985 }, // ù
    { 18, 29, 23, 2, 29, 66, 11051 }, // ú
    { 18, 29, 23, 2, 29, 66, 11117 }, // û
    { 18, 29, 23, 2, 29, 66, 11183 }, // ü
    { 21, 36, 23, 1, 29, 95, 11249 }, // ý
    { 19, 34, 23, 2, 27, 81, 11344 }, // þ
    { 21, 36, 23, 1, 29, 95, 11425 }, // ÿ
    { 21, 36, 23, 1, 36, 95, 11520 }, // Ā
    { 18, 30, 23, 2, 30, 68, 11615 }, // ā
    { 21, 36, 23, 1, 36, 95, 11683 }, // Ă
    { 18, 30, 23, 2, 30, 68, 11778 }, // ă
    { 21, 35, 23, 1, 27, 92, 11846 }, // Ą
    { 20, 29, 23, 2, 21, 73, 11938 }, // ą
    { 19, 35, 23, 2, 35, 84, 12011 }, // Ć
    { 19, 29, 23, 2, 29, 69, 12095 }, // ć
    { 19, 36, 23, 2, 36, 86, 12164 }, // Ĉ
    { 19, 29, 23, 2, 29, 69, 12250 }, // ĉ
    { 19, 35, 23, 2, 35, 84, 12319 }, // Ċ
    { 19, 29, 23, 2, 29, 69, 12403 }, // ċ
    { 19, 36, 23, 2, 36, 86, 12472 }, // Č
    { 19, 29, 23, 2, 29, 69, 12558 }, // č
    { 19, 36, 23, 2, 36, 86, 12627 }, // Ď
    { 23, 27, 23, 1, 27, 78, 12713 }, // ď
    { 21, 27, 23, 0, 27, 71, 12791 }, // Đ
    { 21, 27, 23, 2, 27, 71, 12862 }, // đ
    { 17, 36, 23, 3, 36, 77, 12933 }, // Ē
    { 19, 30, 23, 2, 30, 72, 13010 }, // ē
    { 17, 36, 23, 3, 36, 77, 13082 }, // Ĕ
    { 19, 30, 23, 2, 30, 72, 13159 }, // ĕ
    { 17, 35, 23, 3, 35, 75, 13231 }, // Ė
    { 19, 29, 23, 2, 29, 69, 13306 }, // ė
    { 18, 35, 23, 3, 27, 79, 13375 }, // Ę
    { 19, 29, 23, 2, 21, 69, 13454 }, // ę
    { 17, 36, 23, 3, 36, 77, 13523 }, // Ě
    { 19, 29, 23, 2, 29, 69, 13600 }, // ě
    { 19, 36, 23, 2, 36, 86, 13669 }, // Ĝ
    { 18, 36, 23, 2, 29, 81, 13755 }, // ĝ
    { 19, 36, 23, 2, 36, 86, 13836 }, // Ğ
    { 18, 37, 23, 2, 30, 84, 13922 }, // ğ
    { 19, 35, 23, 2, 35, 84, 14006 }, // Ġ
    { 18, 36, 23, 2, 29, 81, 14090 }, // ġ
    { 19, 36, 23, 2, 27, 86, 14171 }, // Ģ
    { 18, 40, 23, 2, 33, 90, 14257 }, // ģ
    { 18, 36, 23, 2, 36, 81, 14347 }, // Ĥ
    { 23, 36, 23, -3, 36, 104, 14428 }, // ĥ
    { 23, 27, 23, 0, 27, 78, 14532 }, // Ħ
    { 20, 27, 23, 0, 27, 68, 14610 }, // ħ
    { 17, 35, 23, 3, 35, 75, 14678 }, // Ĩ
    { 20, 29, 23, 2, 29, 73, 14753 }, // ĩ
    { 17, 36, 23, 3, 36, 77, 14826 }, // Ī
    { 20, 30, 23, 2, 30, 75, 14903 }, // ī
    { 17, 36, 23, 3, 36, 77, 14978 }, // Ĭ
    { 20, 30, 23, 2, 30, 75, 15055 }, // ĭ
    { 17, 35, 23, 3, 27, 75, 15130 }, // Į
    { 20, 37, 23, 2, 29, 93, 15205 }, // į
    { 17, 35, 23, 3, 35, 75, 15298 }, // İ
    { 20, 21, 23, 2, 21, 53, 15373 }, // ı
    { 22, 27, 23, 0, 27, 75, 15426 }, // Ĳ
    { 18, 36, 23, 2, 29, 81, 15501 }, // ĳ
    { 24, 36, 23, 1, 36, 108, 15582 }, // Ĵ
    { 21, 36, 23, 2, 29, 95, 15690 }, // ĵ
    { 20, 36, 23, 2, 27, 90, 15785 }, // Ķ
    { 19, 36, 23, 3, 27, 86, 15875 }, // ķ
    { 19, 21, 23, 3, 21, 50, 15961 }, // ĸ
    { 18, 35, 23, 4, 35, 79, 16011 }, // Ĺ
    { 21, 35, 23, 1, 35, 92, 16090 }, // ĺ
    { 18, 36, 23, 4, 27, 81, 16182 }, // Ļ
    { 21, 36, 23, 1, 27, 95, 16263 }, // ļ
    { 18, 27, 23, 4, 27, 61, 16358 }, // Ľ
    { 21, 27, 23, 1, 27, 71, 16419 }, // ľ
    { 18, 27, 23, 4, 27, 61, 16490 }, // Ŀ
    { 25, 27, 23, 0, 27, 85, 16551 }, // ŀ
    { 22, 27, 23, 0, 27, 75, 16636 }, // Ł
    { 21, 27, 23, 1, 27, 71, 16711 }, // ł
    { 19, 35, 23, 2, 35, 84, 16782 }, // Ń
    { 18, 29, 23, 2, 29, 66, 16866 }, // ń
    { 19, 36, 23, 2, 27, 86, 16932 }, // Ņ
    { 18, 30, 23, 2, 21, 68, 17018 }, // ņ
    { 19, 36, 23, 2, 36, 86, 17086 }, // Ň
    { 18, 29, 23, 2, 29, 66, 17172 }, // ň
    { 21, 30, 23, -1, 30, 79, 17238 }, // ŉ
    { 19, 34, 23, 2, 27, 81, 17317 }, // Ŋ
    { 18, 28, 23, 2, 21, 63, 17398 }, // ŋ
    { 19, 36, 23, 2, 36, 86, 17461 }, // Ō
    { 19, 30, 23, 2, 30, 72, 17547 }, // ō
    { 19, 36, 23, 2, 36, 86, 17619 }, // Ŏ
    { 19, 30, 23, 2, 30, 72, 17705 }, // ŏ
    { 20, 35, 23, 2, 35, 88, 17777 }, // Ő
    { 20, 29, 23, 2, 29, 73, 17865 }, // ő
    { 21, 27, 23, 1, 27, 71, 17938 }, // Œ
    { 21, 21, 23, 1, 21, 56, 18009 }, // œ
    { 20, 35, 23, 2, 35, 88, 18065 }, // Ŕ
    { 18, 29, 23, 3, 29, 66, 18153 }, // ŕ
    { 20, 36, 23, 2, 27, 90, 18219 }, // Ŗ
    { 21, 30, 23, 0, 21, 79, 18309 }, // ŗ
    { 20, 36, 23, 2, 36, 90, 18388 }, // Ř
    { 18, 29, 23, 3, 29, 66, 18478 }, // ř
    { 19, 35, 23, 2, 35, 84, 18544 }, // Ś
    { 19, 29, 23, 2, 29, 69, 18628 }, // ś
    { 19, 36, 23, 2, 36, 86, 18697 }, // Ŝ
    { 19, 29, 23, 2, 29, 69, 18783 }, // ŝ
    { 19, 35, 23, 2, 27, 84, 18852 }, // Ş
    { 19, 29, 23, 2, 21, 69, 18936 }, // ş
    { 19, 36, 23, 2, 36, 86, 19005 }, // Š
    { 19, 29, 23, 2, 29, 69, 19091 }, // š
    { 21, 35, 23, 1, 27, 92, 19160 }, // Ţ
    { 20, 35, 23, 1, 27, 88, 19252 }, // ţ
    { 21, 36, 23, 1, 36, 95, 19340 }, // Ť
    { 20, 30, 23, 1, 30, 75, 19435 }, // ť
    { 21, 27, 23, 1, 27, 71, 19510 }, // Ŧ
    { 20, 27, 23, 1, 27, 68, 19581 }, // ŧ
    { 19, 35, 23, 2, 35, 84, 19649 }, // Ũ
    { 18, 29, 23, 2, 29, 66, 19733 }, // ũ
    { 19, 36, 23, 2, 36, 86, 19799 }, // Ū
    { 18, 30, 23, 2, 30, 68, 19885 }, // ū
    { 19, 36, 23, 2, 36, 86, 19953 }, // Ŭ
    { 18, 30, 23, 2, 30, 68, 20039 }, // ŭ
    { 19, 37, 23, 2, 37, 88, 20107 }, // Ů
    { 18, 32, 23, 2, 32, 72, 20195 }, // ů
    { 20, 35, 23, 2, 35, 88, 20267 }, // Ű
    { 20, 29, 23, 2, 29, 73, 20355 }, // ű
    { 19, 35, 23, 2, 27, 84, 20428 }, // Ų
    { 18, 29, 23, 2, 21, 66, 20512 }, // ų
    { 23, 36, 23, 0, 36, 104, 20578 }, // Ŵ
    { 23, 29, 23, 0, 29, 84, 20682 }, // ŵ
    { 22, 36, 23, 0, 36, 99, 20766 }, // Ŷ
    { 21, 36, 23, 1, 29, 95, 20865 }, // ŷ
    { 22, 35, 23, 0, 35, 97, 20960 }, // Ÿ
    { 17, 35, 23, 3, 35, 75, 21057 }, // Ź
    { 18, 29, 23, 2, 29, 66, 21132 }, // ź
    { 17, 35, 23, 3, 35, 75, 21198 }, // Ż
    { 18, 29, 23, 2, 29, 66, 21273 }, // ż
    { 17, 36, 23, 3, 36, 77, 21339 }, // Ž
    { 18, 29, 23, 2, 29, 66, 21416 }, // ž
    { 15, 27, 23, 5, 27, 51, 21482 }, // ſ
    { 10, 5, 0, -18, 29, 7, 21533 }, // ̀
    { 10, 5, 0, -15, 29, 7, 21540 }, // ́
    { 16, 5, 0, -19, 29, 10, 21547 }, // ̂
    { 14, 5, 0, -18, 29, 9, 21557 }, // ̃
    { 14, 5, 0, -18, 30, 9, 21566 }, // ̄
    { 15, 6, 0, -19, 30, 12, 21575 }, // ̆
    { 7, 5, 0, -15, 29, 5, 21587 }, // ̇
    { 15, 5, 0, -19, 29, 10, 21592 }, // ̈
    { 9, 7, 0, -16, 31, 8, 21602 }, // ̉
    { 11, 9, 0, -17, 32, 13, 21610 }, // ̊
    { 18, 5, 0, -19, 29, 12, 21623 }, // ̋
    { 16, 5, 0, -19, 29, 10, 21635 }, // ̌
    { 18, 5, 0, -22, 29, 12, 21645 }, // ̏
    { 10, 9, 0, -16, 33, 12, 21657 }, // ̒
    { 8, 8, 0, -10, 25, 8, 21669 }, // ̛
    { 7, 5, 0, -15, -3, 5, 21677 }, // ̣
    { 11, 8, 0, -17, -2, 11, 21682 }, // ̥
    { 9, 5, 0, -16, -4, 6, 21693 }, // ̦
    { 10, 9, 0, -16, 1, 12, 21699 }, // ̧
    { 10, 9, 0, -17, 1, 12, 21711 }, // ̨
    { 26, 5, 0, -24, 15, 17, 21723 }, // ̶
    { 21, 24, 0, -22, 23, 63, 21740 }, // ̷
    { 15, 29, 0, -19, 25, 55, 21803 }, // ̸
    { 17, 35, 23, 3, 35, 75, 21858 }, // Ё
    { 22, 34, 23, 0, 27, 94, 21933 }, // Ђ
    { 18, 35, 23, 4, 35, 79, 22027 }, // Ѓ
    { 19, 27, 23, 2, 27, 65, 22106 }, // Є
    { 19, 27, 23, 2, 27, 65, 22171 }, // Ѕ
    { 17, 27, 23, 3, 27, 58, 22236 }, // І
    { 17, 35, 23, 3, 35, 75, 22294 }, // Ї
    { 19, 27, 23, 1, 27, 65, 22369 }, // Ј
    { 24, 27, 23, -1, 27, 81, 22434 }, // Љ
    { 22, 27, 23, 1, 27, 75, 22515 }, // Њ
    { 22, 27, 23, 0, 27, 75, 22590 }, // Ћ
    { 20, 35, 23, 2, 35, 88, 22665 }, // Ќ
    { 21, 36, 23, 1, 36, 95, 22753 }, // Ў
    { 18, 32, 23, 2, 27, 72, 22848 }, // Џ
    { 21, 27, 23, 1, 27, 71, 22920 }, // А
    { 19, 27, 23, 2, 27, 65, 22991 }, // Б
    { 19, 27, 23, 2, 27, 65, 23056 }, // В
    { 18, 27, 23, 4, 27, 61, 23121 }, // Г
    { 22, 32, 23, 0, 27, 88, 23182 }, // Д
    { 17, 27, 23, 3, 27, 58, 23270 }, // Е
    { 23, 27, 23, 0, 27, 78, 23328 }, // Ж
    { 20, 27, 23, 1, 27, 68, 23406 }, // З
    { 19, 27, 23, 2, 27, 65, 23474 }, // И
    { 19, 36, 23, 2, 36, 86, 23539 }, // Й
    { 20, 27, 23, 2, 27, 68, 23625 }, // К
    { 20, 27, 23, 0, 27, 68, 23693 }, // Л
    { 19, 27, 23, 2, 27, 65, 23761 }, // М
    { 18, 27, 23, 2, 27, 61, 23826 }, // Н
    { 19, 27, 23, 2, 27, 65, 23887 }, // О
    { 18, 27, 23, 2, 27, 61, 23952 }, // П
    { 20, 27, 23, 2, 27, 68, 24013 }, // Р
    { 19, 27, 23, 2, 27, 65, 24081 }, // С
    { 21, 27, 23, 1, 27, 71, 24146 }, // Т
    { 21, 27, 23, 1, 27, 71, 24217 }, // У
    { 21, 30, 23, 1, 29, 79, 24288 }, // Ф
    { 21, 27, 23, 1, 27, 71, 24367 }, // Х
    { 20, 32, 23, 2, 27, 80, 24438 }, // Ц
    { 18, 27, 23, 2, 27, 61, 24518 }, // Ч
    { 21, 27, 23, 1, 27, 71, 24579 }, // Ш
    { 22, 32, 23, 1, 27, 88, 24650 }, // Щ
    { 23, 27, 23, -1, 27, 78, 24738 }, // Ъ
    { 21, 27, 23, 1, 27, 71, 24816 }, // Ы
    { 20, 27, 23, 2, 27, 68, 24887 }, // Ь
    { 18, 27, 23, 2, 27, 61, 24955 }, // Э
    { 21, 27, 23, 1, 27, 71, 25016 }, // Ю
    { 19, 27, 23, 1, 27, 65, 25087 }, // Я
    { 18, 21, 23, 2, 21, 48, 25152 }, // а
    { 19, 29, 23, 2, 29, 69, 25200 }, // б
    { 19, 21, 23, 2, 21, 50, 25269 }, // в
    { 17, 21, 23, 4, 21, 45, 25319 }, // г
    { 22, 26, 23, 0, 21, 72, 25364 }, // д
    { 19, 21, 23, 2, 21, 50, 25436 }, // е
    { 23, 21, 23, 0, 21, 61, 25486 }, // ж
    { 20, 21, 23, 1, 21, 53, 25547 }, // з
    { 18, 21, 23, 2, 21, 48, 25600 }, // и
    { 18, 30, 23, 2, 30, 68, 25648 }, // й
    { 19, 21, 23, 3, 21, 50, 25716 }, // к
    { 20, 21, 23, 0, 21, 53, 25766 }, // л
    { 19, 21, 23, 2, 21, 50, 25819 }, // м
    { 18, 21, 23, 2, 21, 48, 25869 }, // н
    { 19, 21, 23, 2, 21, 50, 25917 }, // о
    { 18, 21, 23, 2, 21, 48, 25967 }, // п
    { 19, 28, 23, 2, 21, 67, 26015 }, // р
    { 19, 21, 23, 2, 21, 50, 26082 }, // с
    { 20, 21, 23, 1, 21, 53, 26132 }, // т
    { 21, 28, 23, 1, 21, 74, 26185 }, // у
    { 21, 34, 23, 1, 27, 90, 26259 }, // ф
    { 21, 21, 23, 1, 21, 56, 26349 }, // х
    { 20, 27, 23, 2, 21, 68, 26405 }, // ц
    { 18, 21, 23, 2, 21, 48, 26473 }, // ч
    { 21, 21, 23, 1, 21, 56, 26521 }, // ш
    { 22, 26, 23, 1, 21, 72, 26577 }, // щ
    { 22, 21, 23, 0, 21, 58, 26649 }, // ъ
    { 21, 21, 23, 1, 21, 56, 26707 }, // ы
    { 19, 21, 23, 3, 21, 50, 26763 }, // ь
    { 18, 21, 23, 2, 21, 48, 26813 }, // э
    { 21, 21, 23, 1, 21, 56, 26861 }, // ю
    { 18, 21, 23, 2, 21, 48, 26917 }, // я
    { 19, 29, 23, 2, 29, 69, 26965 }, // ё
    { 20, 34, 23, 0, 27, 85, 27034 }, // ђ
    { 17, 29, 23, 4, 29, 62, 27119 }, // ѓ
    { 19, 21, 23, 2, 21, 50, 27181 }, // є
    { 19, 21, 23, 2, 21, 50, 27231 }, // ѕ
    { 20, 29, 23, 2, 29, 73, 27281 }, // і
    { 20, 29, 23, 2, 29, 73, 27354 }, // ї
    { 16, 36, 23, 2, 29, 72, 27427 }, // ј
    { 24, 21, 23, -1, 21, 63, 27499 }, // љ
    { 22, 21, 23, 1, 21, 58, 27562 }, // њ
    { 20, 27, 23, 0, 27, 68, 27620 }, // ћ
    { 19, 29, 23, 3, 29, 69, 27688 }, // ќ
    { 21, 37, 23, 1, 30, 98, 27757 }, // ў
    { 18, 26, 23, 2, 21, 59, 27855 }, // џ
    { 18, 31, 23, 4, 31, 70, 27914 }, // Ґ
    { 17, 25, 23, 4, 25, 54, 27984 }, // ґ
    { 21, 27, 23, 1, 27, 71, 28038 }, // Ғ
    { 20, 21, 23, 1, 21, 53, 28109 }, // ғ
    { 21, 32, 23, 2, 27, 84, 28162 }, // Қ
    { 21, 26, 23, 2, 21, 69, 28246 }, // қ
    { 20, 32, 23, 2, 27, 80, 28315 }, // Ң
    { 20, 26, 23, 2, 21, 65, 28395 }, // ң
    { 22, 27, 23, 0, 27, 75, 28460 }, // Ү
    { 21, 28, 23, 1, 21, 74, 28535 }, // ү
    { 22, 27, 23, 0, 27, 75, 28609 }, // Ұ
    { 21, 28, 23, 1, 21, 74, 28684 }, // ұ
    { 21, 32, 23, 1, 27, 84, 28758 }, // Ҷ
    { 20, 26, 23, 2, 21, 65, 28842 }, // ҷ
    { 18, 27, 23, 3, 27, 61, 28907 }, // Һ
    { 18, 21, 23, 3, 21, 48, 28968 }, // һ
    { 19, 27, 23, 2, 27, 65, 29016 }, // Ә
    { 19, 21, 23, 2, 21, 50, 29081 }, // ә
    { 23, 35, 23, 0, 35, 101, 29131 }, // Ӝ
    { 23, 29, 23, 0, 29, 84, 29232 }, // ӝ
    { 20, 35, 23, 1, 35, 88, 29316 }, // Ӟ
    { 20, 29, 23, 1, 29, 73, 29404 }, // ӟ
    { 19, 35, 23, 2, 35, 84, 29477 }, // Ӥ
    { 18, 29, 23, 2, 29, 66, 29561 }, // ӥ
    { 19, 35, 23, 2, 35, 84, 29627 }, // Ӧ
    { 19, 29, 23, 2, 29, 69, 29711 }, // ӧ
    { 19, 27, 23, 2, 27, 65, 29780 }, // Ө
    { 19, 21, 23, 2, 21, 50, 29845 }, // ө
    { 18, 35, 23, 2, 35, 79, 29895 }, // Ӵ
    { 18, 29, 23, 2, 29, 66, 29974 }, // ӵ
    { 0, 0, 23, 0, 0, 0, 30040 }, //  
    { 0, 0, 23, 0, 0, 0, 30040 }, // ​
    { 13, 5, 23, 5, 15, 9, 30040 }, // ‐
    { 18, 5, 23, 2, 15, 12, 30049 }, // –
    { 23, 5, 23, 0, 15, 15, 30061 }, // —
    { 16, 35, 23, 3, 31, 70, 30076 }, // ‖
    { 8, 11, 23, 7, 27, 11, 30146 }, // ‘
    { 9, 11, 23, 7, 27, 13, 30157 }, // ’
    { 9, 11, 23, 7, 5, 13, 30170 }, // ‚
    { 8, 11, 23, 7, 27, 11, 30183 }, // ‛
    { 17, 11, 23, 3, 27, 24, 30194 }, // “
    { 17, 11, 23, 3, 27, 24, 30218 }, // ”
    { 18, 11, 23, 3, 5, 25, 30242 }, // „
    { 17, 11, 23, 3, 27, 24, 30267 }, // ‟
    { 18, 35, 23, 2, 31, 79, 30291 }, // †
    { 18, 35, 23, 2, 31, 79, 30370 }, // ‡
    { 11, 10, 23, 6, 19, 14, 30449 }, // •
    { 8, 7, 23, 7, 7, 7, 30463 }, // ․
    { 20, 7, 23, 1, 7, 18, 30470 }, // …
    { 25, 27, 23, -1, 27, 85, 30488 }, // ‰
    { 8, 11, 23, 7, 27, 11, 30573 }, // ′
    { 17, 11, 23, 3, 27, 24, 30584 }, // ″
    { 23, 11, 23, 0, 27, 32, 30608 }, // ‴
    { 13, 18, 23, 5, 20, 30, 30640 }, // ‹
    { 13, 18, 23, 5, 20, 30, 30670 }, // ›
    { 17, 27, 23, 3, 27, 58, 30700 }, // ‼
    { 16, 27, 23, 4, 27, 54, 30758 }, // ‽
    { 25, 5, 23, -1, 32, 16, 30812 }, // ‾
    { 23, 7, 23, 0, 0, 21, 30828 }, // ‿
    { 24, 27, 23, -1, 27, 81, 30849 }, // ⁄
    { 11, 36, 23, 7, 32, 50, 30930 }, // ⁅
    { 11, 36, 23, 5, 32, 50, 30980 }, // ⁆
    { 14, 17, 23, 4, 32, 30, 31030 }, // ⁰
    { 13, 17, 23, 5, 32, 28, 31060 }, // ⁴
    { 13, 17, 23, 5, 32, 28, 31088 }, // ⁵
    { 14, 17, 23, 4, 32, 30, 31116 }, // ⁶
    { 13, 17, 23, 5, 32, 28, 31146 }, // ⁷
    { 14, 17, 23, 4, 32, 30, 31174 }, // ⁸
    { 14, 17, 23, 4, 32, 30, 31204 }, // ⁹
    { 11, 11, 23, 6, 23, 16, 31234 }, // ⁺
    { 13, 10, 23, 5, 27, 17, 31250 }, // ⁼
    { 14, 17, 23, 4, 12, 30, 31267 }, // ₀
    { 14, 17, 23, 5, 12, 30, 31297 }, // ₁
    { 13, 17, 23, 5, 12, 28, 31327 }, // ₂
    { 13, 17, 23, 5, 12, 28, 31355 }, // ₃
    { 13, 17, 23, 5, 12, 28, 31383 }, // ₄
    { 13, 17, 23, 5, 12, 28, 31411 }, // ₅
    { 14, 17, 23, 4, 12, 30, 31439 }, // ₆
    { 13, 17, 23, 5, 12, 28, 31469 }, // ₇
    { 14, 17, 23, 4, 12, 30, 31497 }, // ₈
    { 14, 17, 23, 4, 12, 30, 31527 }, // ₉
    { 21, 30, 23, 2, 27, 79, 31557 }, // ₫
    { 21, 27, 23, 0, 27, 71, 31636 }, // €
    { 21, 27, 23, 1, 27, 71, 31707 }, // ₮
    { 21, 27, 23, 1, 27, 71, 31778 }, // ₴
    { 22, 27, 23, 0, 27, 75, 31849 }, // ₽
    { 19, 38, 23, 2, 33, 91, 31924 }, // ₿
    { 23, 22, 23, 0, 23, 64, 32015 }, // ←
    { 21, 29, 23, 1, 29, 77, 32079 }, // ↑
    { 23, 22, 23, 0, 23, 64, 32156 }, // →
    { 21, 29, 23, 1, 28, 77, 32220 }, // ↓
    { 31, 22, 23, -4, 23, 86, 32297 }, // ↔
    { 21, 42, 23, 1, 35, 111, 32383 }, // ↕
    { 20, 20, 23, 2, 28, 50, 32494 }, // ↖
    { 20, 20, 23, 1, 28, 50, 32544 }, // ↗
    { 20, 20, 23, 1, 20, 50, 32594 }, // ↘
    { 20, 20, 23, 2, 20, 50, 32644 }, // ↙
    { 23, 11, 23, 0, 17, 32, 32694 }, // ↝
    { 23, 15, 23, 0, 18, 44, 32726 }, // ↞
    { 23, 15, 23, 0, 18, 44, 32770 }, // ↠
    { 23, 15, 23, 0, 18, 44, 32814 }, // ↢
    { 23, 15, 23, 0, 18, 44, 32858 }, // ↣
    { 15, 21, 23, 4, 21, 40, 32902 }, // ↥
    { 23, 15, 23, 0, 18, 44, 32942 }, // ↦
    { 15, 21, 23, 4, 21, 40, 32986 }, // ↧
    { 23, 24, 23, 0, 28, 69, 33026 }, // ↩
    { 23, 24, 23, 0, 28, 69, 33095 }, // ↪
    { 23, 15, 23, 0, 18, 44, 33164 }, // ↭
    { 10, 39, 23, 9, 32, 49, 33208 }, // ↾
    { 23, 25, 23, 0, 23, 72, 33257 }, // ⇉
    { 23, 23, 23, 0, 24, 67, 33329 }, // ⇐
    { 25, 39, 23, -1, 32, 122, 33396 }, // ⇑
    { 23, 23, 23, 0, 24, 67, 33518 }, // ⇒
    { 25, 39, 23, -1, 32, 122, 33585 }, // ⇓
    { 30, 23, 23, -4, 24, 87, 33707 }, // ⇔
    { 23, 22, 23, 0, 24, 64, 33794 }, // ⇛
    { 17, 29, 23, 3, 29, 62, 33858 }, // ⇞
    { 17, 30, 23, 3, 28, 64, 33920 }, // ⇟
    { 23, 16, 23, 0, 21, 46, 33984 }, // ⇥
    { 23, 31, 23, 0, 31, 90, 34030 }, // ⇧
    { 23, 23, 23, 0, 24, 67, 34120 }, // ⇨
    { 23, 31, 23, 0, 31, 90, 34187 }, // ⇪
    { 21, 28, 23, 1, 28, 74, 34277 }, // ∀
    { 14, 22, 23, 5, 22, 39, 34351 }, // ∁
    { 19, 28, 23, 2, 28, 67, 34390 }, // ∂
    { 18, 28, 23, 2, 28, 63, 34457 }, // ∃
    { 18, 36, 23, 2, 32, 81, 34520 }, // ∄
    { 25, 28, 23, -1, 28, 88, 34601 }, // ∅
    { 21, 27, 23, 1, 27, 71, 34689 }, // ∆
    { 21, 28, 23, 1, 28, 74, 34760 }, // ∇
    { 21, 22, 23, 1, 24, 58, 34834 }, // ∈
    { 21, 32, 23, 1, 29, 84, 34892 }, // ∉
    { 11, 12, 23, 6, 19, 17, 34976 }, // ∊
    { 21, 22, 23, 1, 24, 58, 34993 }, // ∋
    { 21, 32, 23, 1, 29, 84, 35051 }, // ∌
    { 15, 20, 23, 4, 20, 38, 35135 }, // ∎
    { 21, 35, 23, 1, 28, 92, 35173 }, // ∏
    { 21, 35, 23, 1, 28, 92, 35265 }, // ∐
    { 19, 35, 23, 2, 28, 84, 35357 }, // ∑
    { 13, 5, 23, 5, 15, 9, 35441 }, // −
    { 19, 22, 23, 2, 21, 53, 35450 }, // ∓
    { 24, 27, 23, -1, 27, 81, 35503 }, // ∕
    { 10, 9, 23, 6, 17, 12, 35584 }, // ∘
    { 8, 7, 23, 7, 16, 7, 35596 }, // ∙
    { 23, 28, 23, 0, 28, 81, 35603 }, // √
    { 22, 13, 23, 0, 19, 36, 35684 }, // ∞
    { 5, 28, 23, 9, 28, 18, 35720 }, // ∣
    { 17, 28, 23, 3, 28, 60, 35738 }, // ∤
    { 13, 28, 23, 5, 28, 46, 35798 }, // ∥
    { 21, 19, 23, 1, 21, 50, 35844 }, // ∧
    { 21, 19, 23, 1, 21, 50, 35894 }, // ∨
    { 23, 29, 23, 0, 29, 84, 35944 }, // ∩
    { 23, 28, 23, 0, 28, 81, 36028 }, // ∪
    { 21, 35, 23, 0, 28, 92, 36109 }, // ∫
    { 23, 22, 23, 0, 22, 64, 36201 }, // ∴
    { 23, 22, 23, 0, 22, 64, 36265 }, // ∵
    { 8, 21, 23, 7, 21, 21, 36329 }, // ∶
    { 20, 20, 23, 1, 20, 50, 36350 }, // ∷
    { 13, 13, 23, 5, 19, 22, 36400 }, // ∸
    { 24, 17, 23, 0, 21, 51, 36422 }, // ∹
    { 20, 9, 23, 1, 18, 23, 36473 }, // ∼
    { 22, 12, 23, 0, 18, 33, 36496 }, // ∾
    { 20, 17, 23, 1, 23, 43, 36529 }, // ≃
    { 20, 26, 23, 1, 27, 65, 36572 }, // ≅
    { 20, 34, 23, 1, 30, 85, 36637 }, // ≇
    { 20, 19, 23, 1, 22, 48, 36722 }, // ≈
    { 20, 33, 23, 1, 30, 83, 36770 }, // ≉
    { 20, 25, 23, 1, 25, 63, 36853 }, // ≋
    { 23, 19, 23, 0, 22, 55, 36916 }, // ≍
    { 24, 18, 23, -1, 21, 54, 36971 }, // ≔
    { 17, 27, 23, 3, 28, 58, 37025 }, // ≗
    { 17, 30, 23, 3, 31, 64, 37083 }, // ≟
    { 17, 32, 23, 3, 30, 68, 37147 }, // ≠
    { 17, 23, 23, 3, 24, 49, 37215 }, // ≡
    { 17, 33, 23, 3, 29, 71, 37264 }, // ≢
    { 17, 22, 23, 3, 23, 47, 37335 }, // ≣
    { 18, 28, 23, 2, 28, 63, 37382 }, // ≤
    { 18, 28, 23, 2, 28, 63, 37445 }, // ≥
    { 23, 21, 23, 0, 23, 61, 37508 }, // ≪
    { 23, 21, 23, 0, 23, 61, 37569 }, // ≫
    { 12, 26, 23, 6, 23, 39, 37630 }, // ≬
    { 23, 25, 23, 0, 25, 72, 37669 }, // ≭
    { 18, 31, 23, 2, 28, 70, 37741 }, // ≮
    { 18, 31, 23, 2, 28, 70, 37811 }, // ≯
    { 18, 34, 23, 2, 30, 77, 37881 }, // ≰
    { 18, 34, 23, 2, 30, 77, 37958 }, // ≱
    { 19, 28, 23, 2, 28, 67, 38035 }, // ≲
    { 19, 28, 23, 2, 28, 67, 38102 }, // ≳
    { 19, 21, 23, 1, 23, 50, 38169 }, // ≺
    { 19, 21, 23, 2, 23, 50, 38219 }, // ≻
    { 19, 28, 23, 1, 28, 67, 38269 }, // ≼
    { 21, 19, 23, 1, 23, 50, 38336 }, // ⊂
    { 21, 19, 23, 1, 23, 50, 38386 }, // ⊃
    { 21, 33, 23, 1, 30, 87, 38436 }, // ⊄
    { 21, 33, 23, 1, 30, 87, 38523 }, // ⊅
    { 21, 26, 23, 1, 26, 69, 38610 }, // ⊆
    { 21, 26, 23, 1, 26, 69, 38679 }, // ⊇
    { 21, 36, 23, 1, 32, 95, 38748 }, // ⊈
    { 21, 36, 23, 1, 32, 95, 38843 }, // ⊉
    { 19, 28, 23, 2, 28, 67, 38938 }, // ⊎
    { 21, 19, 23, 1, 22, 50, 39005 }, // ⊏
    { 21, 19, 23, 1, 22, 50, 39055 }, // ⊐
    { 21, 26, 23, 1, 26, 69, 39105 }, // ⊑
    { 21, 26, 23, 1, 26, 69, 39174 }, // ⊒
    { 20, 22, 23, 1, 21, 55, 39243 }, // ⊓
    { 20, 21, 23, 1, 21, 53, 39298 }, // ⊔
    { 25, 24, 23, -1, 24, 75, 39351 }, // ⊕
    { 25, 24, 23, -1, 25, 75, 39426 }, // ⊖
    { 25, 24, 23, -1, 25, 75, 39501 }, // ⊗
    { 25, 24, 23, -1, 25, 75, 39576 }, // ⊘
    { 25, 24, 23, -1, 24, 75, 39651 }, // ⊙
    { 25, 24, 23, -1, 25, 75, 39726 }, // ⊛
    { 25, 24, 23, -1, 25, 75, 39801 }, // ⊜
    { 25, 24, 23, -1, 25, 75, 39876 }, // ⊝
    { 23, 23, 23, 0, 24, 67, 39951 }, // ⊞
    { 23, 23, 23, 0, 24, 67, 40018 }, // ⊟
    { 23, 23, 23, 0, 24, 67, 40085 }, // ⊠
    { 23, 23, 23, 0, 24, 67, 40152 }, // ⊡
    { 23, 24, 23, 0, 23, 69, 40219 }, // ⊢
    { 23, 24, 23, 0, 23, 69, 40288 }, // ⊣
    { 23, 24, 23, 0, 23, 69, 40357 }, // ⊤
    { 23, 23, 23, 0, 23, 67, 40426 }, // ⊥
    { 18, 28, 23, 2, 28, 63, 40493 }, // ⊴
    { 23, 7, 23, 0, 16, 21, 40556 }, // ⊸
    { 21, 26, 23, 1, 26, 69, 40577 }, // ⊻
    { 21, 26, 23, 1, 29, 69, 40646 }, // ⊼
    { 21, 26, 23, 1, 29, 69, 40715 }, // ⊽
    { 23, 29, 23, 0, 29, 84, 40784 }, // ⋂
    { 23, 28, 23, 0, 28, 81, 40868 }, // ⋃
    { 11, 11, 23, 6, 18, 16, 40949 }, // ⋄
    { 10, 10, 23, 6, 18, 13, 40965 }, // ⋆
    { 23, 25, 23, 0, 26, 72, 40978 }, // ⋈
    { 23, 25, 23, 0, 26, 72, 41050 }, // ⋉
    { 23, 25, 23, 0, 26, 72, 41122 }, // ⋊
    { 21, 22, 23, 1, 22, 58, 41194 }, // ⋎
    { 21, 22, 23, 1, 24, 58, 41252 }, // ⋐
    { 21, 36, 23, 1, 32, 95, 41310 }, // ⋢
    { 7, 23, 23, 8, 24, 21, 41405 }, // ⋮
    { 25, 6, 23, -1, 16, 19, 41426 }, // ⋯
    { 25, 23, 23, -1, 24, 72, 41445 }, // ⋰
    { 25, 23, 23, -1, 24, 72, 41517 }, // ⋱
    { 25, 29, 23, -1, 29, 91, 41589 }, // �
};

static const EpdUnicodeInterval jetbrainsmono_18_boldIntervals[] = {
    { 0xD, 0xD, 0x0 },
    { 0x20, 0x7E, 0x1 },
    { 0xA0, 0xAC, 0x60 },
    { 0xAE, 0xFF, 0x6D },
    { 0x100, 0x17F, 0xBF },
    { 0x300, 0x304, 0x13F },
    { 0x306, 0x30C, 0x144 },
    { 0x30F, 0x30F, 0x14B },
    { 0x312, 0x312, 0x14C },
    { 0x31B, 0x31B, 0x14D },
    { 0x323, 0x323, 0x14E },
    { 0x325, 0x328, 0x14F },
    { 0x336, 0x338, 0x153 },
    { 0x401, 0x40C, 0x156 },
    { 0x40E, 0x44F, 0x162 },
    { 0x451, 0x45C, 0x1A4 },
    { 0x45E, 0x45F, 0x1B0 },
    { 0x490, 0x493, 0x1B2 },
    { 0x49A, 0x49B, 0x1B6 },
    { 0x4A2, 0x4A3, 0x1B8 },
    { 0x4AE, 0x4B1, 0x1BA },
    { 0x4B6, 0x4B7, 0x1BE },
    { 0x4BA, 0x4BB, 0x1C0 },
    { 0x4D8, 0x4D9, 0x1C2 },
    { 0x4DC, 0x4DF, 0x1C4 },
    { 0x4E4, 0x4E9, 0x1C8 },
    { 0x4F4, 0x4F5, 0x1CE },
    { 0x2001, 0x2001, 0x1D0 },
    { 0x200B, 0x200B, 0x1D1 },
    { 0x2010, 0x2010, 0x1D2 },
    { 0x2013, 0x2014, 0x1D3 },
    { 0x2016, 0x2016, 0x1D5 },
    { 0x2018, 0x2022, 0x1D6 },
    { 0x2024, 0x2024, 0x1E1 },
    { 0x2026, 0x2026, 0x1E2 },
    { 0x2030, 0x2030, 0x1E3 },
    { 0x2032, 0x2034, 0x1E4 },
    { 0x2039, 0x203A, 0x1E7 },
    { 0x203C, 0x203F, 0x1E9 },
    { 0x2044, 0x2046, 0x1ED },
    { 0x2070, 0x2070, 0x1F0 },
    { 0x2074, 0x207A, 0x1F1 },
    { 0x207C, 0x207C, 0x1F8 },
    { 0x2080, 0x2089, 0x1F9 },
    { 0x20AB, 0x20AC, 0x203 },
    { 0x20AE, 0x20AE, 0x205 },
    { 0x20B4, 0x20B4, 0x206 },
    { 0x20BD, 0x20BD, 0x207 },
    { 0x20BF, 0x20BF, 0x208 },
    { 0x2190, 0x2199, 0x209 },
    { 0x219D, 0x219E, 0x213 },
    { 0x21A0, 0x21A0, 0x215 },
    { 0x21A2, 0x21A3, 0x216 },
    { 0x21A5, 0x21A7, 0x218 },
    { 0x21A9, 0x21AA, 0x21B },
    { 0x21AD, 0x21AD, 0x21D },
    { 0x21BE, 0x21BE, 0x21E },
    { 0x21C9, 0x21C9, 0x21F },
    { 0x21D0, 0x21D4, 0x220 },
    { 0x21DB, 0x21DB, 0x225 },
    { 0x21DE, 0x21DF, 0x226 },
    { 0x21E5, 0x21E5, 0x228 },
    { 0x21E7, 0x21E8, 0x229 },
    { 0x21EA, 0x21EA, 0x22B },
    { 0x2200, 0x220C, 0x22C },
    { 0x220E, 0x2213, 0x239 },
    { 0x2215, 0x2215, 0x23F },
    { 0x2218, 0x221A, 0x240 },
    { 0x221E, 0x221E, 0x243 },
    { 0x2223, 0x2225, 0x244 },
    { 0x2227, 0x222B, 0x247 },
    { 0x2234, 0x2239, 0x24C },
    { 0x223C, 0x223C, 0x252 },
    { 0x223E, 0x223E, 0x253 },
    { 0x2243, 0x2243, 0x254 },
    { 0x2245, 0x2245, 0x255 },
    { 0x2247, 0x2249, 0x256 },
    { 0x224B, 0x224B, 0x259 },
    { 0x224D, 0x224D, 0x25A },
    { 0x2254, 0x2254, 0x25B },
    { 0x2257, 0x2257, 0x25C },
    { 0x225F, 0x2265, 0x25D },
    { 0x226A, 0x2273, 0x264 },
    { 0x227A, 0x227C, 0x26E },
    { 0x2282, 0x2289, 0x271 },
    { 0x228E, 0x2299, 0x279 },
    { 0x229B, 0x22A5, 0x285 },
    { 0x22B4, 0x22B4, 0x290 },
    { 0x22B8, 0x22B8, 0x291 },
    { 0x22BB, 0x22BD, 0x292 },
    { 0x22C2, 0x22C4, 0x295 },
    { 0x22C6, 0x22C6, 0x298 },
    { 0x22C8, 0x22CA, 0x299 },
    { 0x22CE, 0x22CE, 0x29C },
    { 0x22D0, 0x22D0, 0x29D },
    { 0x22E2, 0x22E2, 0x29E },
    { 0x22EE, 0x22F1, 0x29F },
    { 0xFFFD, 0xFFFD, 0x2A3 },
};

static const EpdFontData jetbrainsmono_18_bold = {
    jetbrainsmono_18_boldBitmaps,
    jetbrainsmono_18_boldGlyphs,
    jetbrainsmono_18_boldIntervals,
    98,
    50,
    39,
    -12,
    false,
};
