/**
 * generated by fontconvert.py
 * name: jetbrainsmono_11_bold
 * size: 11
 * mode: 1-bit
 * Command used: fontconvert.py jetbrainsmono_11_bold 11 ../builtinFonts/source/JetBrainsMono/JetBrainsMono-Bold.ttf
 */
#pragma once
#include "EpdFontData.h"

static const uint8_t jetbrainsmono_11_boldBitmaps[16511] = {
    0x7B, 0xDE, 0xF7, 0xBD, 0xEF, 0x7B, 0xDE, 0xF0, 0x01, 0xCF, 0x78, 0xF3, 0xFC, 0xEF, 0x3B, 0xCE,
    0xF3, 0xBC, 0xEF, 0x38, 0x0E, 0x30, 0x73, 0x83, 0x9C, 0x18, 0xE7, 0xFF, 0xBF, 0xFD, 0xFF, 0xE3,
    0x9C, 0x1C, 0xE0, 0xC7, 0x1F, 0xFD, 0xFF, 0xFF, 0xFF, 0x9C, 0xE0, 0xE7, 0x06, 0x38, 0x71, 0xC0,
    0x06, 0x00, 0x60, 0x06, 0x01, 0xF8, 0x7F, 0xE7, 0xFE, 0xF6, 0xEF, 0x6E, 0xF6, 0x07, 0xE0, 0x7F,
    0x83, 0xFC, 0x0F, 0xE0, 0x7F, 0x06, 0xFF, 0x6F, 0xF6, 0xFF, 0xFE, 0x7F, 0xE3, 0xFC, 0x06, 0x00,
    0x60, 0x06, 0x00, 0x7C, 0x1F, 0xF8, 0xEE, 0xE3, 0xBB, 0x9C, 0xEE, 0xE3, 0xBB, 0x0F, 0xFC, 0x1F,
    0xE0, 0x07, 0x00, 0x1F, 0xE0, 0xFF, 0xC7, 0x77, 0x1D, 0x9C, 0xE6, 0x77, 0x1D, 0xDC, 0x7F, 0xE0,
    0xF8, 0x0F, 0x80, 0x3F, 0x80, 0xFF, 0x81, 0xC7, 0x03, 0x8E, 0x03, 0x80, 0x07, 0x80, 0x3F, 0x80,
    0x7F, 0x9D, 0xE7, 0x7B, 0xCF, 0xE7, 0x8F, 0x8F, 0x1F, 0x1E, 0x3E, 0x3F, 0xFE, 0x3F, 0xDE, 0x3F,
    0x1C, 0xFF, 0xFF, 0xFF, 0xF0, 0x00, 0x03, 0xC3, 0xE3, 0xE3, 0xE3, 0xE1, 0xE0, 0xE0, 0x70, 0x78,
    0x3C, 0x1E, 0x0F, 0x07, 0x81, 0xC0, 0xE0, 0x78, 0x3C, 0x0F, 0x07, 0xE1, 0xF8, 0x7C, 0x0C, 0x00,
    0xF0, 0xF8, 0xFC, 0x3E, 0x1E, 0x0F, 0x0F, 0x07, 0x07, 0x07, 0x07, 0x07, 0x07, 0x07, 0x0F, 0x0F,
    0x0F, 0x1E, 0x7E, 0xFC, 0xF0, 0xE0, 0x07, 0x00, 0x1C, 0x00, 0x70, 0x1D, 0xCE, 0x7F, 0xF9, 0xFF,
    0xE1, 0xFE, 0x03, 0xF0, 0x1F, 0xC0, 0x77, 0x83, 0xCF, 0x06, 0x18, 0x00, 0x00, 0x0F, 0x00, 0xF0,
    0x0F, 0x00, 0xF0, 0xFF, 0xFF, 0xFF, 0xFF, 0xF0, 0xF0, 0x0F, 0x00, 0xF0, 0x0F, 0x00, 0x7B, 0xDE,
    0xEF, 0x7B, 0xC0, 0xFF, 0xFF, 0xFF, 0x7B, 0xEF, 0x9E, 0x00, 0xF0, 0x0E, 0x01, 0xE0, 0x1E, 0x03,
    0xC0, 0x3C, 0x03, 0x80, 0x78, 0x07, 0x80, 0x70, 0x0F, 0x00, 0xF0, 0x1E, 0x01, 0xE0, 0x1C, 0x03,
    0xC0, 0x3C, 0x03, 0x80, 0x78, 0x07, 0x80, 0x70, 0x0F, 0x00, 0x1F, 0x87, 0xFC, 0x7F, 0xEF, 0x0E,
    0xF0, 0xFF, 0x0F, 0xF0, 0xFF, 0xFF, 0xFF, 0xFF, 0x6F, 0xF0, 0xFF, 0x0F, 0xF0, 0xFF, 0x0E, 0x7F,
    0xE7, 0xFC, 0x1F, 0x80, 0x0F, 0x83, 0xF8, 0x7F, 0x87, 0xF8, 0x77, 0x84, 0x78, 0x07, 0x80, 0x78,
    0x07, 0x80, 0x78, 0x07, 0x80, 0x78, 0x07, 0x80, 0x78, 0x7F, 0xF7, 0xFF, 0x7F, 0xF0, 0x1F, 0x87,
    0xFC, 0x7F, 0xEF, 0x1E, 0xF0, 0xE6, 0x0E, 0x00, 0xE0, 0x1E, 0x03, 0xC0, 0x7C, 0x0F, 0x81, 0xF0,
    0x3E, 0x07, 0xC0, 0xFF, 0xFF, 0xFF, 0xFF, 0xF0, 0x7F, 0xE7, 0xFE, 0x7F, 0xE0, 0x3C, 0x07, 0x80,
    0xF0, 0x1F, 0x81, 0xFC, 0x1F, 0xE0, 0x1E, 0x00, 0xE0, 0x0F, 0xF0, 0xEF, 0x1E, 0xFF, 0xE7, 0xFC,
    0x3F, 0x80, 0x03, 0xC0, 0xF0, 0x3E, 0x07, 0x81, 0xE0, 0x7C, 0x0F, 0x03, 0xCF, 0xF9, 0xFE, 0x3F,
    0x87, 0xFF, 0xFF, 0xFF, 0xFF, 0xC0, 0x78, 0x0F, 0x01, 0xE0, 0x7F, 0xE7, 0xFE, 0x7F, 0xE7, 0x00,
    0x70, 0x07, 0x00, 0x7F, 0x87, 0xFC, 0x7F, 0xE0, 0x1E, 0x00, 0xF0, 0x0F, 0xF0, 0xFF, 0x1E, 0x7F,
    0xE7, 0xFC, 0x3F, 0x80, 0x07, 0x80, 0xF0, 0x0F, 0x01, 0xE0, 0x1C, 0x03, 0xC0, 0x7F, 0xC7, 0xFE,
    0x7F, 0xEF, 0x0F, 0xF0, 0xFE, 0x0F, 0xF0, 0xFF, 0x0F, 0x7F, 0xE7, 0xFC, 0x1F, 0x80, 0xFF, 0xFF,
    0xFF, 0xFF, 0xFF, 0x0F, 0xF0, 0xEF, 0x1E, 0x01, 0xE0, 0x3C, 0x03, 0xC0, 0x78, 0x07, 0x80, 0x70,
    0x0F, 0x00, 0xF0, 0x1E, 0x01, 0xE0, 0x3C, 0x00, 0x1F, 0x87, 0xFC, 0x7F, 0xEF, 0x0E, 0xF0, 0xE7,
    0x0E, 0x7F, 0xE3, 0xFC, 0x7F, 0xE7, 0x9E, 0xF0, 0xFE, 0x0F, 0xF0, 0xFF, 0x0F, 0x7F, 0xE7, 0xFE,
    0x1F, 0x80, 0x1F, 0x87, 0xFC, 0x7F, 0xEF, 0x0F, 0xF0, 0xFE, 0x0F, 0xF0, 0xFF, 0x0F, 0x7F, 0xE7,
    0xFE, 0x3F, 0xC0, 0x3C, 0x07, 0x80, 0x78, 0x0F, 0x00, 0xF0, 0x1E, 0x00, 0x7B, 0xEF, 0x9E, 0x00,
    0x00, 0x00, 0x01, 0xEF, 0xBE, 0x78, 0x7B, 0xEF, 0x9E, 0x00, 0x00, 0x00, 0x00, 0x07, 0x9E, 0x7B,
    0xCF, 0x3C, 0xF0, 0x00, 0x60, 0x1E, 0x07, 0xE1, 0xFC, 0x7F, 0x0F, 0xC0, 0xF0, 0x0F, 0xC0, 0x7F,
    0x81, 0xFE, 0x03, 0xE0, 0x0E, 0x00, 0x20, 0x7F, 0xEF, 0xFD, 0xFF, 0x80, 0x00, 0x00, 0x00, 0x1F,
    0xFB, 0xFF, 0x7F, 0xE0, 0xC0, 0x0F, 0x00, 0xFE, 0x07, 0xF8, 0x0F, 0xE0, 0x3E, 0x00, 0xE0, 0x7E,
    0x1F, 0xE7, 0xF0, 0xFC, 0x0F, 0x00, 0xC0, 0x00, 0xFE, 0x3F, 0xEF, 0xF8, 0x0F, 0x03, 0xC0, 0xF0,
    0x3C, 0xFE, 0x3F, 0x8F, 0xC3, 0x80, 0xE0, 0x00, 0x00, 0x03, 0x81, 0xF0, 0x3C, 0x00, 0x0F, 0xE0,
    0xFF, 0xC3, 0xFF, 0x9E, 0x1E, 0x70, 0x39, 0xCF, 0xFF, 0x3F, 0xFD, 0xEF, 0xF7, 0x3F, 0xDC, 0xFF,
    0x73, 0xFD, 0xCF, 0xF7, 0x3B, 0xDF, 0xEF, 0x3F, 0x9C, 0x7C, 0x70, 0x01, 0xE0, 0x03, 0xFC, 0x0F,
    0xF0, 0x0F, 0xC0, 0x07, 0x80, 0x7C, 0x03, 0xF0, 0x1F, 0x80, 0xFC, 0x0F, 0xE0, 0x77, 0x83, 0x9C,
    0x1C, 0xE1, 0xE7, 0x0F, 0xFC, 0x7F, 0xE3, 0xFF, 0x3C, 0x39, 0xE1, 0xEE, 0x0F, 0x70, 0x38, 0xFF,
    0x8F, 0xFE, 0xFF, 0xEF, 0x0E, 0xF0, 0xFF, 0x0E, 0xF1, 0xEF, 0xFC, 0xFF, 0xCF, 0xFE, 0xF0, 0xFF,
    0x0F, 0xF0, 0xFF, 0x0F, 0xFF, 0xEF, 0xFE, 0xFF, 0xC0, 0x1F, 0x83, 0xFE, 0x7F, 0xE7, 0x0F, 0xF0,
    0xFF, 0x00, 0xF0, 0x0F, 0x00, 0xF0, 0x0F, 0x00, 0xF0, 0x0F, 0x00, 0xF0, 0xF7, 0x0F, 0x7F, 0xE3,
    0xFE, 0x1F, 0x80, 0xFF, 0x8F, 0xFC, 0xFF, 0xEF, 0x1E, 0xF0, 0xFF, 0x0F, 0xF0, 0xFF, 0x0F, 0xF0,
    0xFF, 0x0F, 0xF0, 0xFF, 0x0F, 0xF0, 0xFF, 0x1E, 0xFF, 0xEF, 0xFC, 0xFF, 0x80, 0xFF, 0xDF, 0xFB,
    0xFF, 0x70, 0x0E, 0x01, 0xC0, 0x38, 0x07, 0xFE, 0xFF, 0xDF, 0xFB, 0x80, 0x70, 0x0E, 0x01, 0xC0,
    0x3F, 0xF7, 0xFE, 0xFF, 0xC0, 0xFF, 0xFF, 0xFF, 0xFF, 0xFF, 0x00, 0xF0, 0x0F, 0x00, 0xF0, 0x0F,
    0xFE, 0xFF, 0xEF, 0xFE, 0xF0, 0x0F, 0x00, 0xF0, 0x0F, 0x00, 0xF0, 0x0F, 0x00, 0xF0, 0x00, 0x1F,
    0x83, 0xFC, 0x7F, 0xEF, 0x0F, 0xF0, 0xFF, 0x00, 0xF0, 0x0F, 0x7F, 0xF7, 0xFF, 0x7F, 0xF0, 0xFF,
    0x0F, 0xF0, 0xFF, 0x0E, 0x7F, 0xE3, 0xFC, 0x1F, 0x80, 0xF0, 0xEF, 0x0E, 0xF0, 0xEF, 0x0E, 0xF0,
    0xEF, 0x0E, 0xF0, 0xEF, 0xFE, 0xFF, 0xEF, 0xFE, 0xF0, 0xEF, 0x0E, 0xF0, 0xEF, 0x0E, 0xF0, 0xEF,
    0x0E, 0xF0, 0xE0, 0xFF, 0xFF, 0xFF, 0xFC, 0x78, 0x1E, 0x07, 0x81, 0xE0, 0x78, 0x1E, 0x07, 0x81,
    0xE0, 0x78, 0x1E, 0x07, 0x8F, 0xFF, 0xFF, 0xFF, 0xC0, 0x00, 0xF0, 0x0F, 0x00, 0xF0, 0x0F, 0x00,
    0xF0, 0x0F, 0x00, 0xF0, 0x0F, 0x00, 0xF0, 0x0F, 0x00, 0xF6, 0x0F, 0xF0, 0xF7, 0x8F, 0x7F, 0xE3,
    0xFE, 0x1F, 0xC0, 0xF0, 0xF7, 0x87, 0xBC, 0x79, 0xE3, 0xCF, 0x3C, 0x79, 0xE3, 0xDE, 0x1F, 0xF0,
    0xFF, 0x87, 0xFC, 0x3C, 0xF1, 0xE7, 0x8F, 0x1C, 0x78, 0xF3, 0xC7, 0x9E, 0x1E, 0xF0, 0xF0, 0xF0,
    0x1E, 0x03, 0xC0, 0x78, 0x0F, 0x01, 0xE0, 0x3C, 0x07, 0x80, 0xF0, 0x1E, 0x03, 0xC0, 0x78, 0x0F,
    0x01, 0xE0, 0x3F, 0xFF, 0xFF, 0xFF, 0xE0, 0xF1, 0xFF, 0x9F, 0xF9, 0xFF, 0xBF, 0xFF, 0xFF, 0xFF,
    0xFF, 0x7E, 0xF7, 0xEF, 0x7E, 0xEF, 0xE0, 0xFE, 0x0F, 0xE0, 0xFE, 0x0F, 0xE0, 0xFE, 0x0F, 0xE0,
    0xF0, 0xF8, 0xFF, 0x8F, 0xF8, 0xFF, 0xCF, 0xFC, 0xFF, 0xCF, 0xFE, 0xFF, 0xEF, 0xFE, 0xFF, 0x7F,
    0xF7, 0xFF, 0x7F, 0xF3, 0xFF, 0x3F, 0xF3, 0xFF, 0x1F, 0xF1, 0xF0, 0x1F, 0x87, 0xFC, 0x7F, 0xEF,
    0x1E, 0xF0, 0xEF, 0x0F, 0xF0, 0xFF, 0x0F, 0xF0, 0xFF, 0x0F, 0xF0, 0xFF, 0x0F, 0xF0, 0xEF, 0x1E,
    0x7F, 0xE7, 0xFC, 0x1F, 0x80, 0xFF, 0xCF, 0xFE, 0xFF, 0xFF, 0x0F, 0xF0, 0xFF, 0x07, 0xF0, 0xFF,
    0x1F, 0xFF, 0xEF, 0xFC, 0xFF, 0x8F, 0x00, 0xF0, 0x0F, 0x00, 0xF0, 0x0F, 0x00, 0xF0, 0x00, 0x1F,
    0x87, 0xFC, 0x7F, 0xEF, 0x1E, 0xF0, 0xFF, 0x0F, 0xF0, 0xFF, 0x0F, 0xF0, 0xFF, 0x0F, 0xF0, 0xFF,
    0x0F, 0xF0, 0xFF, 0x1E, 0x7F, 0xE7, 0xFC, 0x1F, 0x80, 0x3C, 0x01, 0xC0, 0x1E, 0x00, 0xF0, 0xFF,
    0x8F, 0xFE, 0xFF, 0xEF, 0x0F, 0xF0, 0xFF, 0x0F, 0xF0, 0xFF, 0xFE, 0xFF, 0xEF, 0xF8, 0xF3, 0x8F,
    0x3C, 0xF3, 0xCF, 0x1E, 0xF1, 0xEF, 0x0F, 0xF0, 0xF0, 0x1F, 0x87, 0xFC, 0x7F, 0xEF, 0x1E, 0xF0,
    0xEF, 0x00, 0x7C, 0x07, 0xF8, 0x3F, 0xC0, 0xFE, 0x01, 0xF0, 0x0F, 0xF0, 0xFF, 0x0F, 0x7F, 0xE7,
    0xFE, 0x3F, 0x80, 0xFF, 0xFF, 0xFF, 0xFF, 0xF0, 0xF0, 0x0F, 0x00, 0xF0, 0x0F, 0x00, 0xF0, 0x0F,
    0x00, 0xF0, 0x0F, 0x00, 0xF0, 0x0F, 0x00, 0xF0, 0x0F, 0x00, 0xF0, 0x0F, 0x00, 0xF0, 0xFF, 0x0F,
    0xF0, 0xFF, 0x0F, 0xF0, 0xFF, 0x0F, 0xF0, 0xFF, 0x0F, 0xF0, 0xFF, 0x0F, 0xF0, 0xFF, 0x0F, 0xF0,
    0xEF, 0x1E, 0x7F, 0xE7, 0xFC, 0x1F, 0x80, 0x70, 0x3B, 0x83, 0xDE, 0x1E, 0xF0, 0xF3, 0x87, 0x1C,
    0x78, 0xF3, 0xC7, 0x9E, 0x1C, 0xE0, 0xE7, 0x07, 0xF8, 0x3F, 0xC0, 0xFC, 0x07, 0xE0, 0x3F, 0x01,
    0xF8, 0x07, 0x80, 0xE7, 0x9F, 0x9E, 0x7E, 0x79, 0xF9, 0xEE, 0xE7, 0xB9, 0xDE, 0xE7, 0x7B, 0x9F,
    0xEE, 0x7F, 0xF9, 0xFF, 0xE7, 0xDF, 0x9F, 0x7E, 0x7C, 0xF9, 0xF3, 0xC7, 0xCF, 0x0F, 0x3C, 0x3C,
    0xF0, 0x78, 0x79, 0xE1, 0xC3, 0xCF, 0x0F, 0x38, 0x1F, 0xE0, 0x7F, 0x00, 0xFC, 0x03, 0xE0, 0x07,
    0x80, 0x3F, 0x00, 0xFC, 0x07, 0xF8, 0x1D, 0xE0, 0xF3, 0xC3, 0x8F, 0x1E, 0x1E, 0x70, 0x78, 0xF0,
    0x39, 0xE1, 0xE7, 0x87, 0x8E, 0x3C, 0x3C, 0xF0, 0x73, 0x81, 0xFE, 0x03, 0xF0, 0x0F, 0xC0, 0x3E,
    0x00, 0x78, 0x01, 0xE0, 0x07, 0x80, 0x1E, 0x00, 0x78, 0x01, 0xE0, 0x07, 0x80, 0x7F, 0xEF, 0xFD,
    0xFF, 0x80, 0xF0, 0x3C, 0x0F, 0x81, 0xE0, 0x78, 0x0F, 0x03, 0xC0, 0x78, 0x1E, 0x07, 0xC0, 0xF0,
    0x3F, 0xFF, 0xFF, 0xFF, 0xE0, 0xFF, 0xFF, 0xFF, 0x8F, 0x1E, 0x3C, 0x78, 0xF1, 0xE3, 0xC7, 0x8F,
    0x1E, 0x3C, 0x78, 0xF1, 0xE3, 0xC7, 0xFF, 0xFF, 0xC0, 0xF0, 0x07, 0x00, 0x78, 0x07, 0x80, 0x38,
    0x03, 0xC0, 0x3C, 0x01, 0xC0, 0x1E, 0x01, 0xE0, 0x0F, 0x00, 0xF0, 0x07, 0x00, 0x78, 0x07, 0x80,
    0x38, 0x03, 0xC0, 0x3C, 0x01, 0xC0, 0x1E, 0x01, 0xE0, 0x0F, 0xFF, 0xFF, 0xF8, 0xF1, 0xE3, 0xC7,
    0x8F, 0x1E, 0x3C, 0x78, 0xF1, 0xE3, 0xC7, 0x8F, 0x1E, 0x3C, 0x7F, 0xFF, 0xFF, 0xC0, 0x0F, 0x01,
    0xF0, 0x1F, 0x81, 0xF8, 0x3B, 0xC3, 0x9C, 0x79, 0xE7, 0x0E, 0xF0, 0xE0, 0xFF, 0xFF, 0xFF, 0xFF,
    0xF0, 0xF1, 0xE3, 0xC0, 0x1F, 0x87, 0xFC, 0x7F, 0xE7, 0x0E, 0x00, 0xE3, 0xFE, 0x7F, 0xEF, 0x0E,
    0xF0, 0xEF, 0x1E, 0xFF, 0xE7, 0xFE, 0x3E, 0xE0, 0xF0, 0x0F, 0x00, 0xF0, 0x0F, 0x00, 0xF7, 0xCF,
    0xFE, 0xFF, 0xEF, 0x0E, 0xF0, 0xFF, 0x0F, 0xF0, 0xFF, 0x0F, 0xF0, 0xFF, 0x0E, 0xFF, 0xEF, 0xFE,
    0xF7, 0xC0, 0x1F, 0x83, 0xFE, 0x7F, 0xE7, 0x0F, 0xF0, 0xFF, 0x00, 0xF0, 0x0F, 0x00, 0xF0, 0xF7,
    0x0F, 0x7F, 0xE3, 0xFE, 0x1F, 0x80, 0x00, 0xE0, 0x0E, 0x00, 0xE0, 0x0E, 0x3E, 0xE7, 0xFE, 0x7F,
    0xEF, 0x1E, 0xF0, 0xEF, 0x0E, 0xF0, 0xEF, 0x0E, 0xF0, 0xEF, 0x1E, 0x7F, 0xE7, 0xFE, 0x3E, 0xE0,
    0x1F, 0x87, 0xFC, 0x7F, 0xEF, 0x0E, 0xF0, 0xFF, 0xFF, 0xFF, 0xFF, 0x00, 0xF0, 0x0F, 0x0E, 0x7F,
    0xE7, 0xFC, 0x1F, 0x80, 0x07, 0xF0, 0xFF, 0x1F, 0xF1, 0xE0, 0x1E, 0x01, 0xE0, 0xFF, 0xFF, 0xFF,
    0xFF, 0xF1, 0xE0, 0x1E, 0x01, 0xE0, 0x1E, 0x01, 0xE0, 0x1E, 0x01, 0xE0, 0x1E, 0x00, 0x3E, 0xE7,
    0xFE, 0x7F, 0xEF, 0x1E, 0xF0, 0xEF, 0x0E, 0xF0, 0xEF, 0x0E, 0xF1, 0xE7, 0xFE, 0x7F, 0xE3, 0xEE,
    0x00, 0xE0, 0x0E, 0x3F, 0xE3, 0xFC, 0x3F, 0x80, 0xF0, 0x0F, 0x00, 0xF0, 0x0F, 0x00, 0xFF, 0xCF,
    0xFE, 0xFF, 0xEF, 0x1E, 0xF0, 0xEF, 0x0E, 0xF0, 0xEF, 0x0E, 0xF0, 0xEF, 0x0E, 0xF0, 0xEF, 0x0E,
    0xF0, 0xE0, 0x0F, 0x00, 0xF8, 0x0F, 0x00, 0x00, 0x00, 0x07, 0xF0, 0x7F, 0x07, 0xF0, 0x07, 0x00,
    0x70, 0x07, 0x00, 0x70, 0x07, 0x00, 0x70, 0x07, 0x0F, 0xFF, 0xFF, 0xFF, 0xFF, 0x03, 0xC0, 0xF0,
    0x3C, 0x00, 0x00, 0x3F, 0xFF, 0xFF, 0xFF, 0x03, 0xC0, 0xF0, 0x3C, 0x0F, 0x03, 0xC0, 0xF0, 0x3C,
    0x0F, 0x03, 0xC0, 0xF0, 0x3D, 0xFE, 0xFF, 0xBF, 0xC0, 0x70, 0x03, 0x80, 0x1C, 0x00, 0xE0, 0x07,
    0x0F, 0x38, 0xF9, 0xC7, 0x8E, 0x78, 0x73, 0xC3, 0xFC, 0x1F, 0xE0, 0xFF, 0x07, 0x3C, 0x39, 0xF1,
    0xC7, 0x8E, 0x1E, 0x70, 0xF0, 0xFF, 0x07, 0xF8, 0x3F, 0xC0, 0x1E, 0x00, 0xF0, 0x07, 0x80, 0x3C,
    0x01, 0xE0, 0x0F, 0x00, 0x78, 0x03, 0xC0, 0x1E, 0x00, 0xF0, 0x07, 0x80, 0x1F, 0xE0, 0xFF, 0x03,
    0xF8, 0xFD, 0xEF, 0xFF, 0xFF, 0xFE, 0xE7, 0xEE, 0x7E, 0xE7, 0xEE, 0x7E, 0xE7, 0xEE, 0x7E, 0xE7,
    0xEE, 0x7E, 0xE7, 0xEE, 0x70, 0xFF, 0xCF, 0xFE, 0xFF, 0xEF, 0x1E, 0xF0, 0xEF, 0x0E, 0xF0, 0xEF,
    0x0E, 0xF0, 0xEF, 0x0E, 0xF0, 0xEF, 0x0E, 0xF0, 0xE0, 0x1F, 0x87, 0xFC, 0x7F, 0xEF, 0x1E, 0xF0,
    0xFF, 0x0F, 0xF0, 0xFF, 0x0F, 0xF0, 0xFF, 0x1E, 0x7F, 0xE7, 0xFC, 0x1F, 0x80, 0xF7, 0xCF, 0xFE,
    0xFF, 0xEF, 0x0E, 0xF0, 0xFF, 0x0F, 0xF0, 0xFF, 0x0F, 0xF0, 0xFF, 0x0E, 0xFF, 0xEF, 0xFE, 0xF7,
    0xCF, 0x00, 0xF0, 0x0F, 0x00, 0xF0, 0x00, 0x3E, 0xE7, 0xFE, 0x7F, 0xEF, 0x1E, 0xF0, 0xEF, 0x0E,
    0xF0, 0xEF, 0x0E, 0xF0, 0xEF, 0x1E, 0x7F, 0xE7, 0xFE, 0x3E, 0xE0, 0x0E, 0x00, 0xE0, 0x0E, 0x00,
    0xE0, 0xEF, 0x9F, 0xFB, 0xFF, 0xF8, 0xFF, 0x1F, 0xC3, 0xF8, 0x07, 0x00, 0xE0, 0x1C, 0x03, 0x80,
    0x70, 0x0E, 0x00, 0x3F, 0xC7, 0xFE, 0xFF, 0xEF, 0x0E, 0xF8, 0x07, 0xFC, 0x7F, 0xE1, 0xFE, 0x00,
    0xFF, 0x0F, 0xFF, 0xE7, 0xFE, 0x3F, 0xC0, 0x0E, 0x00, 0x78, 0x03, 0xC0, 0x1E, 0x0F, 0xFF, 0xFF,
    0xFD, 0xFF, 0xE1, 0xE0, 0x0F, 0x00, 0x78, 0x03, 0xC0, 0x1E, 0x00, 0xF0, 0x07, 0x80, 0x3F, 0xC0,
    0xFF, 0x07, 0xF8, 0xF0, 0xEF, 0x0E, 0xF0, 0xEF, 0x0E, 0xF0, 0xEF, 0x0E, 0xF0, 0xEF, 0x0E, 0xF0,
    0xE7, 0x1E, 0x7F, 0xE3, 0xFC, 0x1F, 0x80, 0x70, 0x7B, 0xC3, 0xDE, 0x1E, 0x71, 0xE3, 0xCF, 0x1E,
    0x78, 0x73, 0x83, 0xFC, 0x1F, 0xE0, 0x7E, 0x03, 0xF0, 0x1F, 0x80, 0x78, 0x00, 0xE7, 0x9F, 0x9E,
    0x7E, 0x7B, 0x9D, 0xEE, 0x77, 0xB9, 0xFE, 0xE7, 0xFF, 0x9F, 0xFE, 0x7D, 0xF1, 0xF3, 0xC3, 0xCF,
    0x0F, 0x3C, 0x3C, 0xF0, 0x78, 0x79, 0xE7, 0x8F, 0x78, 0x3F, 0xC0, 0xFC, 0x07, 0xE0, 0x1E, 0x01,
    0xF8, 0x1F, 0xC0, 0xFF, 0x0F, 0x3C, 0xF1, 0xE7, 0x87, 0x80, 0x70, 0x7B, 0xC3, 0xDE, 0x1C, 0x79,
    0xE3, 0xCF, 0x0E, 0x70, 0x7F, 0x83, 0xFC, 0x0F, 0xC0, 0x7E, 0x01, 0xF0, 0x0F, 0x00, 0x78, 0x03,
    0x80, 0x3C, 0x01, 0xE0, 0x0E, 0x00, 0x7F, 0xEF, 0xFD, 0xFF, 0x81, 0xE0, 0x7C, 0x1F, 0x03, 0xC0,
    0xF0, 0x3C, 0x0F, 0x03, 0xFF, 0xFF, 0xFF, 0xFE, 0x01, 0xE0, 0x7C, 0x1F, 0x83, 0xC0, 0x70, 0x0E,
    0x01, 0xC0, 0x38, 0x07, 0x81, 0xE3, 0xFC, 0x7F, 0x0F, 0xF0, 0x0F, 0x01, 0xE0, 0x38, 0x07, 0x00,
    0xE0, 0x1C, 0x03, 0xF0, 0x7E, 0x07, 0xC0, 0xFF, 0xFF, 0xFF, 0xFF, 0xFF, 0xFF, 0xFF, 0xFF, 0xFF,
    0xFF, 0xFF, 0xF0, 0x1F, 0x03, 0xF0, 0x1E, 0x01, 0xC0, 0x78, 0x0F, 0x01, 0xE0, 0x3C, 0x07, 0x80,
    0x7F, 0x8F, 0xF1, 0xFC, 0x78, 0x0F, 0x01, 0xE0, 0x3C, 0x03, 0x80, 0xF0, 0x7E, 0x0F, 0xC1, 0xF0,
    0x00, 0x38, 0x07, 0xC7, 0xFE, 0x7E, 0xFF, 0xE7, 0xFE, 0x3E, 0x7B, 0xDC, 0x00, 0x3D, 0xEF, 0x7B,
    0xDE, 0xF7, 0xBD, 0xEF, 0x78, 0x06, 0x00, 0x60, 0x06, 0x01, 0xF8, 0x3F, 0xE7, 0xFE, 0x76, 0xFF,
    0x6F, 0xF6, 0x0F, 0x60, 0xF6, 0x0F, 0x6F, 0x76, 0xF7, 0xFE, 0x7F, 0xE1, 0xF8, 0x06, 0x00, 0x60,
    0x06, 0x00, 0x3F, 0x87, 0xFC, 0x7F, 0xEF, 0x1E, 0xF0, 0xEF, 0x00, 0x78, 0x0F, 0xF8, 0xFF, 0x8F,
    0xF8, 0x1C, 0x01, 0xC0, 0x3C, 0x07, 0x80, 0xFF, 0xFF, 0xFF, 0xFF, 0xF0, 0x20, 0x03, 0x81, 0xDF,
    0xFE, 0xFF, 0xE3, 0xFF, 0x1C, 0x38, 0xE1, 0xC7, 0x0E, 0x38, 0x71, 0xFF, 0x8F, 0xFC, 0xFF, 0xF7,
    0x03, 0x90, 0x00, 0xF0, 0x39, 0xE1, 0xE7, 0x87, 0x0F, 0x3C, 0x3C, 0xF0, 0x77, 0x81, 0xFE, 0x03,
    0xF0, 0x7F, 0xF9, 0xFF, 0xE7, 0xFF, 0x81, 0xE0, 0x7F, 0xF9, 0xFF, 0xE7, 0xFF, 0x81, 0xE0, 0x07,
    0x80, 0xFF, 0xFF, 0xFF, 0xFF, 0xF0, 0x00, 0x0F, 0xFF, 0xFF, 0xFF, 0xFF, 0x3F, 0xC7, 0xFE, 0x7F,
    0xEF, 0x0F, 0xF0, 0x07, 0xC0, 0x7F, 0x83, 0xFE, 0x71, 0xEF, 0x0F, 0xF0, 0xFF, 0x0F, 0x7F, 0xE7,
    0xFC, 0x1F, 0xE0, 0x1F, 0x00, 0xFF, 0x0F, 0xFF, 0xF7, 0xFE, 0x3F, 0xC0, 0xF3, 0xBC, 0xFF, 0x38,
    0x1F, 0x87, 0x9E, 0x60, 0x6C, 0xF3, 0xDF, 0xBD, 0xFB, 0xD9, 0xBD, 0x83, 0xD8, 0x3D, 0x9B, 0xDF,
    0xBC, 0xF3, 0x60, 0x67, 0x9E, 0x1F, 0x80, 0x3C, 0xFC, 0x1B, 0xF6, 0x6D, 0xDF, 0x80, 0x0F, 0x78,
    0x79, 0xE3, 0xCF, 0x0E, 0x78, 0x7B, 0xC3, 0xCF, 0x07, 0xBC, 0x1E, 0x78, 0x3C, 0xF0, 0x79, 0xE0,
    0xF7, 0x80, 0xFF, 0xFF, 0xFF, 0xFC, 0x0F, 0x03, 0xC0, 0xF0, 0x1F, 0x87, 0x9E, 0x60, 0x6C, 0x03,
    0xDF, 0x3D, 0xFB, 0xDB, 0xBD, 0xFB, 0xDF, 0x3D, 0xB3, 0xDB, 0xBD, 0x9B, 0x60, 0x67, 0x9E, 0x1F,
    0x80, 0x7F, 0xBF, 0xDF, 0xE0, 0x7C, 0xFE, 0xE7, 0xE7, 0xE7, 0xFE, 0x7E, 0x0F, 0x00, 0xF0, 0x0F,
    0x00, 0xF0, 0xFF, 0xFF, 0xFF, 0xFF, 0xF0, 0xF0, 0x0F, 0x00, 0xF0, 0x7F, 0xEF, 0xFF, 0xFF, 0xF0,
    0x7E, 0xFF, 0xE7, 0xC7, 0x0F, 0x1E, 0x3C, 0xF0, 0xFF, 0xFF, 0xFF, 0xFF, 0x0E, 0x1C, 0x1E, 0x07,
    0xC7, 0xE7, 0xFF, 0x7E, 0x3C, 0x79, 0xE0, 0xF0, 0xEF, 0x0E, 0xF0, 0xEF, 0x0E, 0xF0, 0xEF, 0x0E,
    0xF0, 0xEF, 0x0E, 0xF0, 0xEF, 0x1E, 0xFF, 0xEF, 0xFE, 0xFF, 0xEF, 0x00, 0xF0, 0x0F, 0x00, 0xF0,
    0x00, 0x3E, 0xEF, 0xDF, 0xFB, 0xFF, 0x7F, 0xEF, 0xFD, 0xFF, 0xBF, 0xF7, 0x7E, 0xE7, 0xDC, 0x3B,
    0x87, 0x70, 0xEE, 0x1D, 0xC3, 0xB8, 0x77, 0x0E, 0xE1, 0xDC, 0x3B, 0x87, 0x70, 0xEE, 0x7B, 0xEF,
    0x9E, 0x61, 0x87, 0x8F, 0x1F, 0xF6, 0x00, 0x3C, 0x7E, 0x3F, 0x13, 0x81, 0xC0, 0xE0, 0x70, 0x38,
    0xFF, 0x7F, 0xC0, 0x3C, 0xFD, 0x9B, 0x36, 0x6F, 0xCF, 0x00, 0xF3, 0xC1, 0xE7, 0x83, 0xCF, 0x07,
    0xBC, 0x1E, 0x78, 0x3C, 0xF1, 0xE7, 0x87, 0xBC, 0x3C, 0xF1, 0xE7, 0x87, 0x3C, 0x00, 0x1E, 0x0E,
    0x7C, 0x38, 0xF8, 0xF0, 0x71, 0xC0, 0xE7, 0x01, 0xDE, 0x1F, 0xF8, 0x1F, 0xE0, 0x03, 0xC0, 0x07,
    0x70, 0x1D, 0xC0, 0x7B, 0x80, 0xEF, 0xC3, 0x9F, 0x8E, 0x7F, 0x3C, 0x7E, 0x70, 0x1C, 0x1E, 0x0E,
    0x7C, 0x38, 0xF8, 0xF0, 0x71, 0xC0, 0xE7, 0x01, 0xDE, 0x1F, 0xF8, 0x3F, 0xE0, 0x03, 0xC0, 0x07,
    0xF0, 0x1F, 0xF0, 0x7F, 0x70, 0xEC, 0xC3, 0x87, 0x8E, 0x3C, 0x1C, 0x7F, 0x70, 0xFE, 0x3F, 0x0E,
    0x7C, 0x38, 0x30, 0xF0, 0x79, 0xC2, 0x77, 0x0F, 0xFE, 0x0F, 0xB8, 0x0E, 0xE0, 0x03, 0xC0, 0x07,
    0x70, 0x1D, 0xC0, 0x7B, 0x80, 0xEF, 0xC3, 0x9F, 0x8E, 0x7F, 0x3C, 0x7E, 0x70, 0x1C, 0x0F, 0x03,
    0xC0, 0x70, 0x00, 0x00, 0x01, 0xC0, 0x70, 0xFC, 0x7F, 0x3F, 0xCF, 0x03, 0xC0, 0xF0, 0x3C, 0x07,
    0xF9, 0xFF, 0x3F, 0xC0, 0x1E, 0x00, 0x78, 0x01, 0xE0, 0x00, 0x00, 0x00, 0x03, 0xC0, 0x3E, 0x01,
    0xF8, 0x0F, 0xC0, 0x7E, 0x07, 0xF0, 0x3B, 0xC1, 0xCE, 0x0E, 0x70, 0xF3, 0x87, 0xFE, 0x3F, 0xF1,
    0xFF, 0x9E, 0x1C, 0xF0, 0xF7, 0x07, 0xB8, 0x1C, 0x01, 0xE0, 0x1E, 0x01, 0xE0, 0x00, 0x00, 0x00,
    0x03, 0xC0, 0x3E, 0x01, 0xF8, 0x0F, 0xC0, 0x7E, 0x07, 0xF0, 0x3B, 0xC1, 0xCE, 0x0E, 0x70, 0xF3,
    0x87, 0xFE, 0x3F, 0xF1, 0xFF, 0x9E, 0x1C, 0xF0, 0xF7, 0x07, 0xB8, 0x1C, 0x07, 0x80, 0x7E, 0x07,
    0xF8, 0x79, 0xC0, 0x00, 0x00, 0x00, 0x1E, 0x01, 0xF0, 0x0F, 0xC0, 0x7E, 0x03, 0xF0, 0x3F, 0x81,
    0xDE, 0x0E, 0x70, 0x73, 0x87, 0x9C, 0x3F, 0xF1, 0xFF, 0x8F, 0xFC, 0xF0, 0xE7, 0x87, 0xB8, 0x3D,
    0xC0, 0xE0, 0x1F, 0x60, 0xFF, 0x06, 0xF8, 0x00, 0x00, 0x00, 0x03, 0xC0, 0x3E, 0x01, 0xF8, 0x0F,
    0xC0, 0x7E, 0x07, 0xF0, 0x3B, 0xC1, 0xCE, 0x0E, 0x70, 0xF3, 0x87, 0xFE, 0x3F, 0xF1, 0xFF, 0x9E,
    0x1C, 0xF0, 0xF7, 0x07, 0xB8, 0x1C, 0x3C, 0xE1, 0xE7, 0x8F, 0x38, 0x00, 0x00, 0x00, 0x03, 0xC0,
    0x3E, 0x01, 0xF8, 0x0F, 0xC0, 0x7E, 0x07, 0xF0, 0x3B, 0xC1, 0xCE, 0x0E, 0x70, 0xF3, 0x87, 0xFE,
    0x3F, 0xF1, 0xFF, 0x9E, 0x1C, 0xF0, 0xF7, 0x07, 0xB8, 0x1C, 0x0F, 0x80, 0x7E, 0x03, 0x30, 0x1B,
    0x80, 0xFC, 0x00, 0x00, 0x1E, 0x01, 0xF0, 0x0F, 0xC0, 0x7E, 0x03, 0xF0, 0x3F, 0x81, 0xDE, 0x0E,
    0x70, 0x73, 0x87, 0x9C, 0x3F, 0xF1, 0xFF, 0x8F, 0xFC, 0xF0, 0xE7, 0x87, 0xB8, 0x3D, 0xC0, 0xE0,
    0x1F, 0xFC, 0x7F, 0xF1, 0xFF, 0xCF, 0xF0, 0x3F, 0xC0, 0xEF, 0x03, 0xBC, 0x0E, 0xFE, 0x3B, 0xF9,
    0xEF, 0xE7, 0xFC, 0x1F, 0xF0, 0x7F, 0xC1, 0xCF, 0x0F, 0x3F, 0xFC, 0xFF, 0xF3, 0xFC, 0x1F, 0x83,
    0xFE, 0x7F, 0xE7, 0x0F, 0xF0, 0xFF, 0x00, 0xF0, 0x0F, 0x00, 0xF0, 0x0F, 0x00, 0xF0, 0x0F, 0x00,
    0xF0, 0xF7, 0x0F, 0x7F, 0xE3, 0xFE, 0x1F, 0x80, 0xE0, 0x0F, 0x80, 0x38, 0x1F, 0x80, 0xC0, 0x78,
    0x07, 0x80, 0x78, 0x00, 0x00, 0x01, 0xFF, 0xBF, 0xF7, 0xFE, 0xE0, 0x1C, 0x03, 0x80, 0x70, 0x0F,
    0xFD, 0xFF, 0xBF, 0xF7, 0x00, 0xE0, 0x1C, 0x03, 0x80, 0x7F, 0xEF, 0xFD, 0xFF, 0x80, 0x07, 0x81,
    0xE0, 0x78, 0x00, 0x00, 0x01, 0xFF, 0xBF, 0xF7, 0xFE, 0xE0, 0x1C, 0x03, 0x80, 0x70, 0x0F, 0xFD,
    0xFF, 0xBF, 0xF7, 0x00, 0xE0, 0x1C, 0x03, 0x80, 0x7F, 0xEF, 0xFD, 0xFF, 0x80, 0x1E, 0x07, 0xE1,
    0xFE, 0x39, 0xE0, 0x00, 0x00, 0x3F, 0xF7, 0xFE, 0xFF, 0xDC, 0x03, 0x80, 0x70, 0x0E, 0x01, 0xFF,
    0xBF, 0xF7, 0xFE, 0xE0, 0x1C, 0x03, 0x80, 0x70, 0x0F, 0xFD, 0xFF, 0xBF, 0xF0, 0x73, 0xDE, 0x79,
    0xCF, 0x00, 0x00, 0x01, 0xFF, 0xBF, 0xF7, 0xFE, 0xE0, 0x1C, 0x03, 0x80, 0x70, 0x0F, 0xFD, 0xFF,
    0xBF, 0xF7, 0x00, 0xE0, 0x1C, 0x03, 0x80, 0x7F, 0xEF, 0xFD, 0xFF, 0x80, 0x78, 0x0F, 0x01, 0xE0,
    0x00, 0x00, 0x3F, 0xFF, 0xFF, 0xFF, 0x1E, 0x07, 0x81, 0xE0, 0x78, 0x1E, 0x07, 0x81, 0xE0, 0x78,
    0x1E, 0x07, 0x81, 0xE3, 0xFF, 0xFF, 0xFF, 0xF0, 0x07, 0x83, 0xC1, 0xE0, 0x00, 0x00, 0x3F, 0xFF,
    0xFF, 0xFF, 0x1E, 0x07, 0x81, 0xE0, 0x78, 0x1E, 0x07, 0x81, 0xE0, 0x78, 0x1E, 0x07, 0x81, 0xE3,
    0xFF, 0xFF, 0xFF, 0xF0, 0x1E, 0x0F, 0xC7, 0xFB, 0xCE, 0x00, 0x00, 0x0F, 0xFF, 0xFF, 0xFF, 0xC7,
    0x81, 0xE0, 0x78, 0x1E, 0x07, 0x81, 0xE0, 0x78, 0x1E, 0x07, 0x81, 0xE0, 0x78, 0xFF, 0xFF, 0xFF,
    0xFC, 0xF3, 0xBC, 0xFF, 0x38, 0x00, 0x00, 0x3F, 0xFF, 0xFF, 0xFF, 0x1E, 0x07, 0x81, 0xE0, 0x78,
    0x1E, 0x07, 0x81, 0xE0, 0x78, 0x1E, 0x07, 0x81, 0xE3, 0xFF, 0xFF, 0xFF, 0xF0, 0x7F, 0xC3, 0xFF,
    0x1F, 0xFC, 0xF1, 0xE7, 0x87, 0xBC, 0x3D, 0xE1, 0xFF, 0xCF, 0xFE, 0x7F, 0xF3, 0xDE, 0x1E, 0xF0,
    0xF7, 0x87, 0xBC, 0x79, 0xFF, 0xCF, 0xFC, 0x7F, 0xC0, 0x3E, 0xC3, 0xFC, 0x37, 0xC0, 0x00, 0x00,
    0x0F, 0x8F, 0xF8, 0xFF, 0x8F, 0xFC, 0xFF, 0xCF, 0xFC, 0xFF, 0xEF, 0xFE, 0xFF, 0xEF, 0xF7, 0xFF,
    0x7F, 0xF7, 0xFF, 0x3F, 0xF3, 0xFF, 0x3F, 0xF1, 0xFF, 0x1F, 0x3C, 0x01, 0xE0, 0x0F, 0x00, 0x00,
    0x00, 0x01, 0xF8, 0x7F, 0xC7, 0xFE, 0xF1, 0xEF, 0x0E, 0xF0, 0xFF, 0x0F, 0xF0, 0xFF, 0x0F, 0xF0,
    0xFF, 0x0F, 0xF0, 0xFF, 0x0E, 0xF1, 0xE7, 0xFE, 0x7F, 0xC1, 0xF8, 0x03, 0xC0, 0x78, 0x0F, 0x00,
    0x00, 0x00, 0x01, 0xF8, 0x7F, 0xC7, 0xFE, 0xF1, 0xEF, 0x0E, 0xF0, 0xFF, 0x0F, 0xF0, 0xFF, 0x0F,
    0xF0, 0xFF, 0x0F, 0xF0, 0xFF, 0x0E, 0xF1, 0xE7, 0xFE, 0x7F, 0xC1, 0xF8, 0x0F, 0x01, 0xF8, 0x3F,
    0xC7, 0x9C, 0x00, 0x00, 0x00, 0x1F, 0x87, 0xFC, 0x7F, 0xEF, 0x1E, 0xF0, 0xEF, 0x0F, 0xF0, 0xFF,
    0x0F, 0xF0, 0xFF, 0x0F, 0xF0, 0xFF, 0x0F, 0xF0, 0xEF, 0x1E, 0x7F, 0xE7, 0xFC, 0x1F, 0x80, 0x3E,
    0xC3, 0xFC, 0x37, 0xC0, 0x00, 0x00, 0x01, 0xF8, 0x7F, 0xC7, 0xFE, 0xF1, 0xEF, 0x0E, 0xF0, 0xFF,
    0x0F, 0xF0, 0xFF, 0x0F, 0xF0, 0xFF, 0x0F, 0xF0, 0xFF, 0x0E, 0xF1, 0xE7, 0xFE, 0x7F, 0xC1, 0xF8,
    0x79, 0xC7, 0x9E, 0x79, 0xC0, 0x00, 0x00, 0x01, 0xF8, 0x7F, 0xC7, 0xFE, 0xF1, 0xEF, 0x0E, 0xF0,
    0xFF, 0x0F, 0xF0, 0xFF, 0x0F, 0xF0, 0xFF, 0x0F, 0xF0, 0xFF, 0x0E, 0xF1, 0xE7, 0xFE, 0x7F, 0xC1,
    0xF8, 0x00, 0x18, 0x6F, 0x3F, 0xFE, 0x7F, 0x0F, 0x83, 0xF1, 0xFE, 0xF3, 0xD8, 0xE0, 0x00, 0x0F,
    0xF8, 0xFF, 0xE3, 0xFF, 0x1E, 0x3C, 0x78, 0xF1, 0xE7, 0xE7, 0x9F, 0x9E, 0xFE, 0x7F, 0xF9, 0xFD,
    0xE7, 0xE7, 0x9F, 0x9E, 0x7C, 0x71, 0xF1, 0xC3, 0xFF, 0x1F, 0xF8, 0x7F, 0xC3, 0x80, 0x00, 0x3C,
    0x01, 0xE0, 0x0F, 0x00, 0x00, 0x00, 0x0F, 0x0F, 0xF0, 0xFF, 0x0F, 0xF0, 0xFF, 0x0F, 0xF0, 0xFF,
    0x0F, 0xF0, 0xFF, 0x0F, 0xF0, 0xFF, 0x0F, 0xF0, 0xFF, 0x0E, 0xF1, 0xE7, 0xFE, 0x7F, 0xC1, 0xF8,
    0x03, 0xC0, 0x78, 0x0F, 0x00, 0x00, 0x00, 0x0F, 0x0F, 0xF0, 0xFF, 0x0F, 0xF0, 0xFF, 0x0F, 0xF0,
    0xFF, 0x0F, 0xF0, 0xFF, 0x0F, 0xF0, 0xFF, 0x0F, 0xF0, 0xFF, 0x0E, 0xF1, 0xE7, 0xFE, 0x7F, 0xC1,
    0xF8, 0x0F, 0x01, 0xF8, 0x3F, 0xC7, 0x9C, 0x00, 0x00, 0x00, 0xF0, 0xFF, 0x0F, 0xF0, 0xFF, 0x0F,
    0xF0, 0xFF, 0x0F, 0xF0, 0xFF, 0x0F, 0xF0, 0xFF, 0x0F, 0xF0, 0xFF, 0x0F, 0xF0, 0xEF, 0x1E, 0x7F,
    0xE7, 0xFC, 0x1F, 0x80, 0x79, 0xC7, 0x9E, 0x79, 0xC0, 0x00, 0x00, 0x0F, 0x0F, 0xF0, 0xFF, 0x0F,
    0xF0, 0xFF, 0x0F, 0xF0, 0xFF, 0x0F, 0xF0, 0xFF, 0x0F, 0xF0, 0xFF, 0x0F, 0xF0, 0xFF, 0x0E, 0xF1,
    0xE7, 0xFE, 0x7F, 0xC1, 0xF8, 0x01, 0xE0, 0x0F, 0x00, 0x78, 0x00, 0x00, 0x00, 0x03, 0xC0, 0xE7,
    0x87, 0x9E, 0x1E, 0x38, 0xF0, 0xF3, 0xC1, 0xCE, 0x07, 0xF8, 0x0F, 0xC0, 0x3F, 0x00, 0xF8, 0x01,
    0xE0, 0x07, 0x80, 0x1E, 0x00, 0x78, 0x01, 0xE0, 0x07, 0x80, 0x1E, 0x00, 0xF0, 0x0F, 0x00, 0xF0,
    0x0F, 0xF8, 0xFF, 0xEF, 0xFF, 0xF1, 0xFF, 0x0F, 0xF0, 0x7F, 0x0F, 0xFF, 0xFF, 0xFE, 0xFF, 0xCF,
    0x00, 0xF0, 0x0F, 0x00, 0xF0, 0x00, 0x1F, 0x83, 0xFC, 0x7F, 0xE7, 0x9E, 0xF0, 0xFF, 0x0E, 0xF1,
    0xEF, 0x7C, 0xF7, 0xCF, 0x7E, 0xF0, 0xFF, 0x0F, 0xF0, 0xFF, 0x0F, 0xF7, 0xFF, 0x7E, 0xF7, 0xC0,
    0x3C, 0x01, 0xE0, 0x0F, 0x00, 0x00, 0x00, 0x01, 0xF8, 0x7F, 0xC7, 0xFE, 0x70, 0xE0, 0x0E, 0x3F,
    0xE7, 0xFE, 0xF0, 0xEF, 0x0E, 0xF1, 0xEF, 0xFE, 0x7F, 0xE3, 0xEE, 0x03, 0xC0, 0x78, 0x0F, 0x00,
    0x00, 0x00, 0x01, 0xF8, 0x7F, 0xC7, 0xFE, 0x70, 0xE0, 0x0E, 0x3F, 0xE7, 0xFE, 0xF0, 0xEF, 0x0E,
    0xF1, 0xEF, 0xFE, 0x7F, 0xE3, 0xEE, 0x0F, 0x01, 0xF8, 0x3F, 0xC3, 0x9E, 0x00, 0x00, 0x00, 0x1F,
    0x87, 0xFC, 0x7F, 0xE7, 0x0E, 0x00, 0xE3, 0xFE, 0x7F, 0xEF, 0x0E, 0xF0, 0xEF, 0x1E, 0xFF, 0xE7,
    0xFE, 0x3E, 0xE0, 0x3E, 0xC3, 0xFC, 0x37, 0xC0, 0x00, 0x00, 0x01, 0xF8, 0x7F, 0xC7, 0xFE, 0x70,
    0xE0, 0x0E, 0x3F, 0xE7, 0xFE, 0xF0, 0xEF, 0x0E, 0xF1, 0xEF, 0xFE, 0x7F, 0xE3, 0xEE, 0x39, 0xC7,
    0x9E, 0x39, 0xC0, 0x00, 0x00, 0x01, 0xF8, 0x7F, 0xC7, 0xFE, 0x70, 0xE0, 0x0E, 0x3F, 0xE7, 0xFE,
    0xF0, 0xEF, 0x0E, 0xF1, 0xEF, 0xFE, 0x7F, 0xE3, 0xEE, 0x0F, 0x01, 0xF8, 0x19, 0x81, 0xD8, 0x1F,
    0x80, 0x00, 0x1F, 0x87, 0xFC, 0x7F, 0xE7, 0x0E, 0x00, 0xE3, 0xFE, 0x7F, 0xEF, 0x0E, 0xF0, 0xEF,
    0x1E, 0xFF, 0xE7, 0xFE, 0x3E, 0xE0, 0x3D, 0xF1, 0xFF, 0xE7, 0x7B, 0x9D, 0xEE, 0x07, 0xB8, 0xFF,
    0xE7, 0xFF, 0x9D, 0xE0, 0xF7, 0x83, 0xDE, 0xE7, 0x7B, 0x9F, 0xFE, 0x3D, 0xF0, 0x1F, 0x83, 0xFE,
    0x7F, 0xE7, 0x0F, 0xF0, 0xFF, 0x00, 0xF0, 0x0F, 0x00, 0xF0, 0xF7, 0x0F, 0x7F, 0xE3, 0xFE, 0x1F,
    0x80, 0xE0, 0x0F, 0x80, 0x38, 0x1F, 0x80, 0xC0, 0x3C, 0x01, 0xE0, 0x0F, 0x00, 0x00, 0x00, 0x01,
    0xF8, 0x7F, 0xC7, 0xFE, 0xF0, 0xEF, 0x0F, 0xFF, 0xFF, 0xFF, 0xF0, 0x0F, 0x00, 0xF0, 0xE7, 0xFE,
    0x7F, 0xC1, 0xF8, 0x03, 0xC0, 0x78, 0x0F, 0x00, 0x00, 0x00, 0x01, 0xF8, 0x7F, 0xC7, 0xFE, 0xF0,
    0xEF, 0x0F, 0xFF, 0xFF, 0xFF, 0xF0, 0x0F, 0x00, 0xF0, 0xE7, 0xFE, 0x7F, 0xC1, 0xF8, 0x0F, 0x01,
    0xF8, 0x3F, 0xC7, 0x9C, 0x00, 0x00, 0x00, 0x1F, 0x87, 0xFC, 0x7F, 0xEF, 0x0E, 0xF0, 0xFF, 0xFF,
    0xFF, 0xFF, 0x00, 0xF0, 0x0F, 0x0E, 0x7F, 0xE7, 0xFC, 0x1F, 0x80, 0x79, 0xC7, 0x9E, 0x79, 0xC0,
    0x00, 0x00, 0x01, 0xF8, 0x7F, 0xC7, 0xFE, 0xF0, 0xEF, 0x0F, 0xFF, 0xFF, 0xFF, 0xF0, 0x0F, 0x00,
    0xF0, 0xE7, 0xFE, 0x7F, 0xC1, 0xF8, 0x3E, 0x01, 0xE0, 0x0F, 0x00, 0x00, 0x00, 0x07, 0xF0, 0x7F,
    0x07, 0xF0, 0x07, 0x00, 0x70, 0x07, 0x00, 0x70, 0x07, 0x00, 0x70, 0x07, 0x0F, 0xFF, 0xFF, 0xFF,
    0xFF, 0x03, 0xC0, 0x78, 0x07, 0x00, 0x00, 0x00, 0x07, 0xF0, 0x7F, 0x07, 0xF0, 0x07, 0x00, 0x70,
    0x07, 0x00, 0x70, 0x07, 0x00, 0x70, 0x07, 0x0F, 0xFF, 0xFF, 0xFF, 0xFF, 0x07, 0x00, 0xF8, 0x1F,
    0xC3, 0xDE, 0x00, 0x00, 0x00, 0x7F, 0x07, 0xF0, 0x7F, 0x00, 0x70, 0x07, 0x00, 0x70, 0x07, 0x00,
    0x70, 0x07, 0x00, 0x70, 0xFF, 0xFF, 0xFF, 0xFF, 0xF0, 0x39, 0xE3, 0xDE, 0x39, 0xE0, 0x00, 0x00,
    0x07, 0xF0, 0x7F, 0x07, 0xF0, 0x07, 0x00, 0x70, 0x07, 0x00, 0x70, 0x07, 0x00, 0x70, 0x07, 0x0F,
    0xFF, 0xFF, 0xFF, 0xFF, 0x00, 0x03, 0xDC, 0x1F, 0xC1, 0xFC, 0x7F, 0x07, 0xF8, 0x63, 0xC0, 0xDE,
    0x3F, 0xE7, 0xFE, 0xF9, 0xFF, 0x0F, 0xF0, 0xFF, 0x0F, 0xF0, 0xF7, 0xFE, 0x7F, 0xC3, 0xF8, 0x3E,
    0xC3, 0xFC, 0x37, 0xC0, 0x00, 0x00, 0x0F, 0xFC, 0xFF, 0xEF, 0xFE, 0xF1, 0xEF, 0x0E, 0xF0, 0xEF,
    0x0E, 0xF0, 0xEF, 0x0E, 0xF0, 0xEF, 0x0E, 0xF0, 0xEF, 0x0E, 0x3C, 0x01, 0xE0, 0x0F, 0x00, 0x00,
    0x00, 0x01, 0xF8, 0x7F, 0xC7, 0xFE, 0xF1, 0xEF, 0x0F, 0xF0, 0xFF, 0x0F, 0xF0, 0xFF, 0x0F, 0xF1,
    0xE7, 0xFE, 0x7F, 0xC1, 0xF8, 0x03, 0xC0, 0x78, 0x0F, 0x00, 0x00, 0x00, 0x01, 0xF8, 0x7F, 0xC7,
    0xFE, 0xF1, 0xEF, 0x0F, 0xF0, 0xFF, 0x0F, 0xF0, 0xFF, 0x0F, 0xF1, 0xE7, 0xFE, 0x7F, 0xC1, 0xF8,
    0x0F, 0x01, 0xF8, 0x3F, 0xC7, 0x9C, 0x00, 0x00, 0x00, 0x1F, 0x87, 0xFC, 0x7F, 0xEF, 0x1E, 0xF0,
    0xFF, 0x0F, 0xF0, 0xFF, 0x0F, 0xF0, 0xFF, 0x1E, 0x7F, 0xE7, 0xFC, 0x1F, 0x80, 0x3E, 0xC3, 0xFC,
    0x37, 0xC0, 0x00, 0x00, 0x01, 0xF8, 0x7F, 0xC7, 0xFE, 0xF1, 0xEF, 0x0F, 0xF0, 0xFF, 0x0F, 0xF0,
    0xFF, 0x0F, 0xF1, 0xE7, 0xFE, 0x7F, 0xC1, 0xF8, 0x79, 0xC7, 0x9E, 0x79, 0xC0, 0x00, 0x00, 0x01,
    0xF8, 0x7F, 0xC7, 0xFE, 0xF1, 0xEF, 0x0F, 0xF0, 0xFF, 0x0F, 0xF0, 0xFF, 0x0F, 0xF1, 0xE7, 0xFE,
    0x7F, 0xC1, 0xF8, 0x1E, 0x0F, 0x83, 0xE0, 0x78, 0x00, 0x00, 0x0F, 0xFF, 0xFF, 0xFF, 0xC0, 0x01,
    0xE0, 0xF8, 0x3E, 0x07, 0x80, 0x00, 0x38, 0x3F, 0xE3, 0xFF, 0x0F, 0xFC, 0x79, 0xF1, 0xE7, 0xC7,
    0xBF, 0x9F, 0xDE, 0x7F, 0x79, 0xF9, 0xC7, 0xC7, 0x0F, 0xFC, 0x3F, 0xE1, 0xFF, 0x06, 0x00, 0x00,
    0x3C, 0x01, 0xE0, 0x0F, 0x00, 0x00, 0x00, 0x0F, 0x0E, 0xF0, 0xEF, 0x0E, 0xF0, 0xEF, 0x0E, 0xF0,
    0xEF, 0x0E, 0xF0, 0xEF, 0x0E, 0x71, 0xE7, 0xFE, 0x3F, 0xC1, 0xF8, 0x03, 0xC0, 0x78, 0x0F, 0x00,
    0x00, 0x00, 0x0F, 0x0E, 0xF0, 0xEF, 0x0E, 0xF0, 0xEF, 0x0E, 0xF0, 0xEF, 0x0E, 0xF0, 0xEF, 0x0E,
    0x71, 0xE7, 0xFE, 0x3F, 0xC1, 0xF8, 0x0F, 0x01, 0xF8, 0x3F, 0xC7, 0x9C, 0x00, 0x00, 0x00, 0xF0,
    0xEF, 0x0E, 0xF0, 0xEF, 0x0E, 0xF0, 0xEF, 0x0E, 0xF0, 0xEF, 0x0E, 0xF0, 0xE7, 0x1E, 0x7F, 0xE3,
    0xFC, 0x1F, 0x80, 0x79, 0xC7, 0x9E, 0x79, 0xC0, 0x00, 0x00, 0x0F, 0x0E, 0xF0, 0xEF, 0x0E, 0xF0,
    0xEF, 0x0E, 0xF0, 0xEF, 0x0E, 0xF0, 0xEF, 0x0E, 0x71, 0xE7, 0xFE, 0x3F, 0xC1, 0xF8, 0x01, 0xE0,
    0x1E, 0x01, 0xE0, 0x00, 0x00, 0x00, 0x38, 0x3D, 0xE1, 0xEF, 0x0E, 0x3C, 0xF1, 0xE7, 0x87, 0x38,
    0x3F, 0xC1, 0xFE, 0x07, 0xE0, 0x3F, 0x00, 0xF8, 0x07, 0x80, 0x3C, 0x01, 0xC0, 0x1E, 0x00, 0xF0,
    0x07, 0x00, 0xF0, 0x0F, 0x00, 0xF0, 0x0F, 0x00, 0xFF, 0xCF, 0xFE, 0xFF, 0xEF, 0x1E, 0xF0, 0xEF,
    0x0F, 0xF0, 0xFF, 0x0F, 0xF0, 0xEF, 0x1E, 0xFF, 0xEF, 0xFE, 0xFF, 0xCF, 0x00, 0xF0, 0x0F, 0x00,
    0xF0, 0x00, 0x3C, 0xE1, 0xE7, 0x8F, 0x38, 0x00, 0x00, 0x00, 0x38, 0x3D, 0xE1, 0xEF, 0x0E, 0x3C,
    0xF1, 0xE7, 0x87, 0x38, 0x3F, 0xC1, 0xFE, 0x07, 0xE0, 0x3F, 0x00, 0xF8, 0x07, 0x80, 0x3C, 0x01,
    0xC0, 0x1E, 0x00, 0xF0, 0x07, 0x00, 0x1F, 0xE0, 0xFF, 0x07, 0xF8, 0x00, 0x00, 0x00, 0x03, 0xC0,
    0x3E, 0x01, 0xF8, 0x0F, 0xC0, 0x7E, 0x07, 0xF0, 0x3B, 0xC1, 0xCE, 0x0E, 0x70, 0xF3, 0x87, 0xFE,
    0x3F, 0xF1, 0xFF, 0x9E, 0x1C, 0xF0, 0xF7, 0x07, 0xB8, 0x1C, 0x3F, 0xC3, 0xFC, 0x3F, 0xC0, 0x00,
    0x00, 0x01, 0xF8, 0x7F, 0xC7, 0xFE, 0x70, 0xE0, 0x0E, 0x3F, 0xE7, 0xFE, 0xF0, 0xEF, 0x0E, 0xF1,
    0xEF, 0xFE, 0x7F, 0xE3, 0xEE, 0x18, 0xE0, 0xE7, 0x07, 0xF8, 0x1F, 0x80, 0x00, 0x00, 0x00, 0x1E,
    0x01, 0xF0, 0x0F, 0xC0, 0x7E, 0x03, 0xF0, 0x3F, 0x81, 0xDE, 0x0E, 0x70, 0x73, 0x87, 0x9C, 0x3F,
    0xF1, 0xFF, 0x8F, 0xFC, 0xF0, 0xE7, 0x87, 0xB8, 0x3D, 0xC0, 0xE0, 0x38, 0xC3, 0x9C, 0x3F, 0xC1,
    0xF8, 0x00, 0x00, 0x00, 0x1F, 0x87, 0xFC, 0x7F, 0xE7, 0x0E, 0x00, 0xE3, 0xFE, 0x7F, 0xEF, 0x0E,
    0xF0, 0xEF, 0x1E, 0xFF, 0xE7, 0xFE, 0x3E, 0xE0, 0x07, 0x80, 0x3E, 0x00, 0xFC, 0x03, 0xF0, 0x0F,
    0xC0, 0x7F, 0x01, 0xDE, 0x07, 0x38, 0x1C, 0xE0, 0xF3, 0x83, 0xFF, 0x0F, 0xFC, 0x3F, 0xF1, 0xE1,
    0xC7, 0x87, 0x9C, 0x1E, 0x70, 0x38, 0x01, 0xC0, 0x0E, 0x00, 0x3F, 0x00, 0xFC, 0x01, 0xF0, 0x1F,
    0x83, 0xFF, 0x1F, 0xF8, 0xE1, 0xC0, 0x0E, 0x1F, 0xF1, 0xFF, 0x9E, 0x1C, 0xF0, 0xE7, 0x8F, 0x3F,
    0xF8, 0xFF, 0xC3, 0xEE, 0x00, 0x70, 0x07, 0x00, 0x3F, 0x01, 0xF8, 0x07, 0xC0, 0x03, 0xC0, 0x78,
    0x0F, 0x00, 0x00, 0x00, 0x01, 0xF8, 0x3F, 0xE7, 0xFE, 0x70, 0xFF, 0x0F, 0xF0, 0x0F, 0x00, 0xF0,
    0x0F, 0x00, 0xF0, 0x0F, 0x00, 0xF0, 0x0F, 0x0F, 0x70, 0xF7, 0xFE, 0x3F, 0xE1, 0xF8, 0x03, 0xC0,
    0x78, 0x0F, 0x00, 0x00, 0x00, 0x01, 0xF8, 0x3F, 0xE7, 0xFE, 0x70, 0xFF, 0x0F, 0xF0, 0x0F, 0x00,
    0xF0, 0x0F, 0x0F, 0x70, 0xF7, 0xFE, 0x3F, 0xE1, 0xF8, 0x0F, 0x01, 0xF8, 0x3F, 0xC3, 0x9E, 0x00,
    0x00, 0x00, 0x1F, 0x83, 0xFE, 0x7F, 0xE7, 0x0F, 0xF0, 0xFF, 0x00, 0xF0, 0x0F, 0x00, 0xF0, 0x0F,
    0x00, 0xF0, 0x0F, 0x00, 0xF0, 0xF7, 0x0F, 0x7F, 0xE3, 0xFE, 0x1F, 0x80, 0x0F, 0x01, 0xF8, 0x3F,
    0xC3, 0x9E, 0x00, 0x00, 0x00, 0x1F, 0x83, 0xFE, 0x7F, 0xE7, 0x0F, 0xF0, 0xFF, 0x00, 0xF0, 0x0F,
    0x00, 0xF0, 0xF7, 0x0F, 0x7F, 0xE3, 0xFE, 0x1F, 0x80, 0x0F, 0x00, 0xF0, 0x0F, 0x00, 0x00, 0x00,
    0x01, 0xF8, 0x3F, 0xE7, 0xFE, 0x70, 0xFF, 0x0F, 0xF0, 0x0F, 0x00, 0xF0, 0x0F, 0x00, 0xF0, 0x0F,
    0x00, 0xF0, 0x0F, 0x0F, 0x70, 0xF7, 0xFE, 0x3F, 0xE1, 0xF8, 0x0F, 0x00, 0xF0, 0x0F, 0x00, 0x00,
    0x00, 0x01, 0xF8, 0x3F, 0xE7, 0xFE, 0x70, 0xFF, 0x0F, 0xF0, 0x0F, 0x00, 0xF0, 0x0F, 0x0F, 0x70,
    0xF7, 0xFE, 0x3F, 0xE1, 0xF8, 0x39, 0xE3, 0xFC, 0x1F, 0x80, 0xF0, 0x00, 0x00, 0x00, 0x1F, 0x83,
    0xFE, 0x7F, 0xE7, 0x0F, 0xF0, 0xFF, 0x00, 0xF0, 0x0F, 0x00, 0xF0, 0x0F, 0x00, 0xF0, 0x0F, 0x00,
    0xF0, 0xF7, 0x0F, 0x7F, 0xE3, 0xFE, 0x1F, 0x80, 0x39, 0xE3, 0xFC, 0x1F, 0x80, 0xF0, 0x00, 0x00,
    0x00, 0x1F, 0x83, 0xFE, 0x7F, 0xE7, 0x0F, 0xF0, 0xFF, 0x00, 0xF0, 0x0F, 0x00, 0xF0, 0xF7, 0x0F,
    0x7F, 0xE3, 0xFE, 0x1F, 0x80, 0x79, 0xC3, 0xFC, 0x1F, 0x80, 0xF0, 0x00, 0x00, 0x00, 0xFF, 0x8F,
    0xFC, 0xFF, 0xEF, 0x1E, 0xF0, 0xFF, 0x0F, 0xF0, 0xFF, 0x0F, 0xF0, 0xFF, 0x0F, 0xF0, 0xFF, 0x0F,
    0xF0, 0xFF, 0x1E, 0xFF, 0xEF, 0xFC, 0xFF, 0x80, 0x03, 0xF8, 0x0F, 0xE0, 0x3F, 0x80, 0xFE, 0x7F,
    0xC1, 0xFF, 0x0F, 0xFC, 0x3C, 0xF0, 0xE3, 0xC3, 0x8F, 0x0E, 0x3C, 0x38, 0xF0, 0xE3, 0xC3, 0xCF,
    0x0F, 0xFC, 0x1F, 0xF0, 0x7D, 0xC0, 0x7F, 0xC3, 0xFF, 0x1F, 0xFC, 0xF1, 0xE7, 0x87, 0xBC, 0x3D,
    0xE1, 0xFF, 0xCF, 0xFE, 0x7F, 0xF3, 0xDE, 0x1E, 0xF0, 0xF7, 0x87, 0xBC, 0x79, 0xFF, 0xCF, 0xFC,
    0x7F, 0xC0, 0x00, 0xE0, 0x7F, 0xC3, 0xFE, 0x1F, 0xF0, 0x0E, 0x1F, 0x71, 0xFF, 0x8F, 0xFC, 0xF1,
    0xE7, 0x87, 0x3C, 0x39, 0xE1, 0xCF, 0x0E, 0x78, 0xF1, 0xFF, 0x8F, 0xFC, 0x3E, 0xE0, 0x7F, 0x8F,
    0xF1, 0xFE, 0x00, 0x00, 0x01, 0xFF, 0xBF, 0xF7, 0xFE, 0xE0, 0x1C, 0x03, 0x80, 0x70, 0x0F, 0xFD,
    0xFF, 0xBF, 0xF7, 0x00, 0xE0, 0x1C, 0x03, 0x80, 0x7F, 0xEF, 0xFD, 0xFF, 0x80, 0x3F, 0xC3, 0xFC,
    0x3F, 0xC0, 0x00, 0x00, 0x01, 0xF8, 0x7F, 0xC7, 0xFE, 0xF0, 0xEF, 0x0F, 0xFF, 0xFF, 0xFF, 0xF0,
    0x0F, 0x00, 0xF0, 0xE7, 0xFE, 0x7F, 0xC1, 0xF8, 0x71, 0x8E, 0x71, 0xFE, 0x1F, 0x80, 0x00, 0x00,
    0x3F, 0xF7, 0xFE, 0xFF, 0xDC, 0x03, 0x80, 0x70, 0x0E, 0x01, 0xFF, 0xBF, 0xF7, 0xFE, 0xE0, 0x1C,
    0x03, 0x80, 0x70, 0x0F, 0xFD, 0xFF, 0xBF, 0xF0, 0x31, 0xC3, 0x9C, 0x3F, 0xC1, 0xF8, 0x00, 0x00,
    0x00, 0x1F, 0x87, 0xFC, 0x7F, 0xEF, 0x0E, 0xF0, 0xFF, 0xFF, 0xFF, 0xFF, 0x00, 0xF0, 0x0F, 0x0E,
    0x7F, 0xE7, 0xFC, 0x1F, 0x80, 0x1E, 0x03, 0xC0, 0x78, 0x00, 0x00, 0x01, 0xFF, 0xBF, 0xF7, 0xFE,
    0xE0, 0x1C, 0x03, 0x80, 0x70, 0x0F, 0xFD, 0xFF, 0xBF, 0xF7, 0x00, 0xE0, 0x1C, 0x03, 0x80, 0x7F,
    0xEF, 0xFD, 0xFF, 0x80, 0x0F, 0x00, 0xF0, 0x0F, 0x00, 0x00, 0x00, 0x01, 0xF8, 0x7F, 0xC7, 0xFE,
    0xF0, 0xEF, 0x0F, 0xFF, 0xFF, 0xFF, 0xF0, 0x0F, 0x00, 0xF0, 0xE7, 0xFE, 0x7F, 0xC1, 0xF8, 0xFF,
    0xDF, 0xFB, 0xFF, 0x70, 0x0E, 0x01, 0xC0, 0x38, 0x07, 0xFE, 0xFF, 0xDF, 0xFB, 0x80, 0x70, 0x0E,
    0x01, 0xC0, 0x3F, 0xF7, 0xFE, 0xFF, 0xC0, 0x70, 0x1C, 0x03, 0xE0, 0x7E, 0x07, 0xC0, 0x1F, 0x83,
    0xFC, 0x7F, 0xEF, 0x0E, 0xF0, 0xEF, 0xFF, 0xFF, 0xFF, 0x00, 0xF0, 0x0F, 0x0E, 0x7F, 0xE3, 0xFC,
    0x1F, 0x80, 0x70, 0x0E, 0x00, 0xF0, 0x0F, 0xC0, 0x7C, 0x73, 0xCF, 0xF0, 0xFC, 0x0F, 0x00, 0x00,
    0x00, 0x3F, 0xF7, 0xFE, 0xFF, 0xDC, 0x03, 0x80, 0x70, 0x0E, 0x01, 0xFF, 0xBF, 0xF7, 0xFE, 0xE0,
    0x1C, 0x03, 0x80, 0x70, 0x0F, 0xFD, 0xFF, 0xBF, 0xF0, 0x79, 0xC3, 0xFC, 0x1F, 0x80, 0xF0, 0x00,
    0x00, 0x00, 0x1F, 0x87, 0xFC, 0x7F, 0xEF, 0x0E, 0xF0, 0xFF, 0xFF, 0xFF, 0xFF, 0x00, 0xF0, 0x0F,
    0x0E, 0x7F, 0xE7, 0xFC, 0x1F, 0x80, 0x0F, 0x01, 0xF8, 0x3F, 0xC7, 0x9C, 0x00, 0x00, 0x00, 0x1F,
    0x83, 0xFC, 0x7F, 0xEF, 0x0F, 0xF0, 0xFF, 0x00, 0xF0, 0x0F, 0x7F, 0xF7, 0xFF, 0x7F, 0xF0, 0xFF,
    0x0F, 0xF0, 0xFF, 0x0E, 0x7F, 0xE3, 0xFC, 0x1F, 0x80, 0x0F, 0x01, 0xF8, 0x3F, 0x87, 0x9C, 0x00,
    0x00, 0x00, 0x3E, 0xE7, 0xFE, 0x7F, 0xEF, 0x1E, 0xF0, 0xEF, 0x0E, 0xF0, 0xEF, 0x0E, 0xF1, 0xE7,
    0xFE, 0x7F, 0xE3, 0xEE, 0x00, 0xE0, 0x0E, 0x3F, 0xE3, 0xFC, 0x3F, 0x80, 0x31, 0xC3, 0x9C, 0x3F,
    0xC1, 0xF8, 0x00, 0x00, 0x00, 0x1F, 0x83, 0xFC, 0x7F, 0xEF, 0x0F, 0xF0, 0xFF, 0x00, 0xF0, 0x0F,
    0x7F, 0xF7, 0xFF, 0x7F, 0xF0, 0xFF, 0x0F, 0xF0, 0xFF, 0x0E, 0x7F, 0xE3, 0xFC, 0x1F, 0x80, 0x31,
    0xC3, 0x9C, 0x3F, 0xC1, 0xF8, 0x00, 0x00, 0x00, 0x3E, 0xE7, 0xFE, 0x7F, 0xEF, 0x1E, 0xF0, 0xEF,
    0x0E, 0xF0, 0xEF, 0x0E, 0xF1, 0xE7, 0xFE, 0x7F, 0xE3, 0xEE, 0x00, 0xE0, 0x0E, 0x3F, 0xE3, 0xFC,
    0x3F, 0x80, 0x0F, 0x00, 0xF0, 0x0F, 0x00, 0x00, 0x00, 0x01, 0xF8, 0x3F, 0xC7, 0xFE, 0xF0, 0xFF,
    0x0F, 0xF0, 0x0F, 0x00, 0xF7, 0xFF, 0x7F, 0xF7, 0xFF, 0x0F, 0xF0, 0xFF, 0x0F, 0xF0, 0xE7, 0xFE,
    0x3F, 0xC1, 0xF8, 0x0F, 0x00, 0xF0, 0x0F, 0x00, 0x00, 0x00, 0x03, 0xEE, 0x7F, 0xE7, 0xFE, 0xF1,
    0xEF, 0x0E, 0xF0, 0xEF, 0x0E, 0xF0, 0xEF, 0x1E, 0x7F, 0xE7, 0xFE, 0x3E, 0xE0, 0x0E, 0x00, 0xE3,
    0xFE, 0x3F, 0xC3, 0xF8, 0x1F, 0x83, 0xFC, 0x7F, 0xEF, 0x0F, 0xF0, 0xFF, 0x00, 0xF0, 0x0F, 0x7F,
    0xF7, 0xFF, 0x7F, 0xF0, 0xFF, 0x0F, 0xF0, 0xFF, 0x0E, 0x7F, 0xE3, 0xFC, 0x1F, 0x80, 0x00, 0x00,
    0x00, 0x00, 0x07, 0x80, 0xF0, 0x1E, 0x00, 0x03, 0x80, 0x78, 0x07, 0x00, 0xF0, 0x1F, 0x00, 0x00,
    0x00, 0x03, 0xEE, 0x7F, 0xE7, 0xFE, 0xF1, 0xEF, 0x0E, 0xF0, 0xEF, 0x0E, 0xF0, 0xEF, 0x1E, 0x7F,
    0xE7, 0xFE, 0x3E, 0xE0, 0x0E, 0x00, 0xE3, 0xFE, 0x3F, 0xC3, 0xF8, 0x0F, 0x01, 0xF8, 0x3F, 0xC7,
    0x9C, 0x00, 0x00, 0x00, 0xF0, 0xEF, 0x0E, 0xF0, 0xEF, 0x0E, 0xF0, 0xEF, 0x0E, 0xF0, 0xEF, 0xFE,
    0xFF, 0xEF, 0xFE, 0xF0, 0xEF, 0x0E, 0xF0, 0xEF, 0x0E, 0xF0, 0xEF, 0x0E, 0xF0, 0xE0, 0x1E, 0x00,
    0x3E, 0x00, 0xFE, 0x03, 0x9E, 0x00, 0x00, 0x00, 0x00, 0x07, 0x80, 0x0F, 0x00, 0x1E, 0x00, 0x3C,
    0x00, 0x7F, 0xE0, 0xFF, 0xE1, 0xFF, 0xC3, 0xC7, 0x87, 0x87, 0x0F, 0x0E, 0x1E, 0x1C, 0x3C, 0x38,
    0x78, 0x70, 0xF0, 0xE1, 0xE1, 0xC3, 0xC3, 0x87, 0x87, 0x00, 0x78, 0x71, 0xE1, 0xCF, 0xFF, 0xFF,
    0xFF, 0xFF, 0xFD, 0xE1, 0xC7, 0x87, 0x1F, 0xFC, 0x7F, 0xF1, 0xFF, 0xC7, 0x87, 0x1E, 0x1C, 0x78,
    0x71, 0xE1, 0xC7, 0x87, 0x1E, 0x1C, 0x78, 0x70, 0x78, 0x07, 0xF8, 0x3F, 0xE1, 0xFF, 0x07, 0x80,
    0x3D, 0xE1, 0xFF, 0x8F, 0xFE, 0x7C, 0xF3, 0xC3, 0x9E, 0x1C, 0xF0, 0xE7, 0x87, 0x3C, 0x39, 0xE1,
    0xCF, 0x0E, 0x78, 0x70, 0x7D, 0x9F, 0xE6, 0xF8, 0x00, 0x00, 0x3F, 0xFF, 0xFF, 0xFF, 0x1E, 0x07,
    0x81, 0xE0, 0x78, 0x1E, 0x07, 0x81, 0xE0, 0x78, 0x1E, 0x07, 0x81, 0xE3, 0xFF, 0xFF, 0xFF, 0xF0,
    0x1E, 0xE3, 0xFC, 0x3F, 0xC0, 0x00, 0x00, 0x07, 0xF0, 0x7F, 0x07, 0xF0, 0x07, 0x00, 0x70, 0x07,
    0x00, 0x70, 0x07, 0x00, 0x70, 0x07, 0x0F, 0xFF, 0xFF, 0xFF, 0xFF, 0x7F, 0x9F, 0xE7, 0xF8, 0x00,
    0x00, 0x3F, 0xFF, 0xFF, 0xFF, 0x1E, 0x07, 0x81, 0xE0, 0x78, 0x1E, 0x07, 0x81, 0xE0, 0x78, 0x1E,
    0x07, 0x81, 0xE3, 0xFF, 0xFF, 0xFF, 0xF0, 0x3F, 0xE3, 0xFE, 0x3F, 0xE0, 0x00, 0x00, 0x07, 0xF0,
    0x7F, 0x07, 0xF0, 0x07, 0x00, 0x70, 0x07, 0x00, 0x70, 0x07, 0x00, 0x70, 0x07, 0x0F, 0xFF, 0xFF,
    0xFF, 0xFF, 0x63, 0x9C, 0xE7, 0xF8, 0xFC, 0x00, 0x00, 0x0F, 0xFF, 0xFF, 0xFF, 0xC7, 0x81, 0xE0,
    0x78, 0x1E, 0x07, 0x81, 0xE0, 0x78, 0x1E, 0x07, 0x81, 0xE0, 0x78, 0xFF, 0xFF, 0xFF, 0xFC, 0x38,
    0xE3, 0x9E, 0x3F, 0xC1, 0xF8, 0x00, 0x00, 0x00, 0x7F, 0x07, 0xF0, 0x7F, 0x00, 0x70, 0x07, 0x00,
    0x70, 0x07, 0x00, 0x70, 0x07, 0x00, 0x70, 0xFF, 0xFF, 0xFF, 0xFF, 0xF0, 0xFF, 0xFF, 0xFF, 0xFC,
    0x78, 0x1E, 0x07, 0x81, 0xE0, 0x78, 0x1E, 0x07, 0x81, 0xE0, 0x78, 0x1E, 0x07, 0x8F, 0xFF, 0xFF,
    0xFF, 0xC7, 0x03, 0x80, 0xF8, 0x3E, 0x0F, 0x80, 0x0F, 0x00, 0xF8, 0x0F, 0x00, 0x00, 0x00, 0x07,
    0xF0, 0x7F, 0x07, 0xF0, 0x07, 0x00, 0x70, 0x07, 0x00, 0x70, 0x07, 0x00, 0x70, 0x07, 0x0F, 0xFF,
    0xFF, 0xFF, 0xFF, 0x0E, 0x01, 0xC0, 0x1F, 0x81, 0xF8, 0x0F, 0x80, 0x1E, 0x07, 0x81, 0xE0, 0x00,
    0x00, 0x3F, 0xFF, 0xFF, 0xFF, 0x1E, 0x07, 0x81, 0xE0, 0x78, 0x1E, 0x07, 0x81, 0xE0, 0x78, 0x1E,
    0x07, 0x81, 0xE3, 0xFF, 0xFF, 0xFF, 0xF0, 0x7F, 0x07, 0xF0, 0x7F, 0x00, 0x70, 0x07, 0x00, 0x70,
    0x07, 0x00, 0x70, 0x07, 0x00, 0x70, 0xFF, 0xFF, 0xFF, 0xFF, 0xF0, 0xFE, 0x3B, 0xF8, 0xEF, 0xE3,
    0x8F, 0x0E, 0x3C, 0x38, 0xF0, 0xE3, 0xC3, 0x8F, 0x0E, 0x3C, 0x3B, 0xF8, 0xEF, 0xE3, 0xBF, 0x8E,
    0x38, 0x38, 0xF1, 0xE3, 0xFF, 0x87, 0xFC, 0x0F, 0xE0, 0x71, 0xEF, 0x9E, 0x71, 0xE0, 0x00, 0x00,
    0x07, 0x1E, 0x71, 0xE7, 0x1E, 0x71, 0xE7, 0x1E, 0x71, 0xE7, 0x1E, 0x71, 0xE7, 0x1E, 0x71, 0xE7,
    0x1E, 0x71, 0xE0, 0x1E, 0x01, 0xE7, 0xFC, 0x7F, 0xC7, 0xF8, 0x00, 0x70, 0x01, 0xF0, 0x07, 0xF0,
    0x1E, 0xF0, 0x00, 0x00, 0x00, 0x00, 0x3C, 0x00, 0x78, 0x00, 0xF0, 0x01, 0xE0, 0x03, 0xC0, 0x07,
    0x80, 0x0F, 0x00, 0x1E, 0x00, 0x3C, 0x00, 0x78, 0x00, 0xF0, 0xC1, 0xE3, 0xC3, 0xC3, 0xC7, 0x87,
    0xFE, 0x07, 0xFC, 0x07, 0xF0, 0x00, 0x03, 0xC0, 0x3F, 0x03, 0xF8, 0x3C, 0xE0, 0x00, 0x00, 0x03,
    0xFF, 0x1F, 0xF8, 0xFF, 0xC0, 0x1E, 0x00, 0xF0, 0x07, 0x80, 0x3C, 0x01, 0xE0, 0x0F, 0x00, 0x78,
    0x03, 0xC0, 0x1E, 0x00, 0xF0, 0x07, 0x87, 0xF8, 0x7F, 0xC3, 0xFC, 0x00, 0xF0, 0xF7, 0x87, 0xBC,
    0x79, 0xE3, 0xCF, 0x3C, 0x79, 0xE3, 0xDE, 0x1F, 0xF0, 0xFF, 0x87, 0xFC, 0x3C, 0xF1, 0xE7, 0x8F,
    0x1C, 0x78, 0xF3, 0xC7, 0x9E, 0x1E, 0xF0, 0xF0, 0x00, 0x00, 0x00, 0x00, 0x00, 0x70, 0x07, 0x80,
    0x78, 0x00, 0x70, 0x03, 0x80, 0x1C, 0x00, 0xE0, 0x07, 0x0F, 0x38, 0xF9, 0xC7, 0x8E, 0x78, 0x73,
    0xC3, 0xFC, 0x1F, 0xE0, 0xFF, 0x07, 0x3C, 0x39, 0xF1, 0xC7, 0x8E, 0x1E, 0x70, 0xF0, 0x00, 0x00,
    0x00, 0x00, 0x00, 0x70, 0x07, 0x80, 0x78, 0x00, 0x70, 0xF3, 0x87, 0x9C, 0x78, 0xE7, 0x87, 0x3C,
    0x3F, 0xC1, 0xFE, 0x0F, 0xF0, 0x73, 0xC3, 0x8F, 0x1C, 0x78, 0xE1, 0xE7, 0x0F, 0x00, 0x3C, 0x0F,
    0x03, 0xC0, 0x00, 0x00, 0x01, 0xE0, 0x3C, 0x07, 0x80, 0xF0, 0x1E, 0x03, 0xC0, 0x78, 0x0F, 0x01,
    0xE0, 0x3C, 0x07, 0x80, 0xF0, 0x1E, 0x03, 0xC0, 0x7F, 0xFF, 0xFF, 0xFF, 0xC0, 0x03, 0xC0, 0x3C,
    0x03, 0xC0, 0x00, 0x00, 0x00, 0x7F, 0x83, 0xFC, 0x1F, 0xE0, 0x0F, 0x00, 0x78, 0x03, 0xC0, 0x1E,
    0x00, 0xF0, 0x07, 0x80, 0x3C, 0x01, 0xE0, 0x0F, 0x00, 0x78, 0x03, 0xC0, 0x0F, 0xF0, 0x7F, 0x81,
    0xFC, 0xF0, 0x1E, 0x03, 0xC0, 0x78, 0x0F, 0x01, 0xE0, 0x3C, 0x07, 0x80, 0xF0, 0x1E, 0x03, 0xC0,
    0x78, 0x0F, 0x01, 0xE0, 0x3F, 0xFF, 0xFF, 0xFF, 0xE0, 0x00, 0x00, 0x00, 0x00, 0xF0, 0x1C, 0x07,
    0x80, 0xFF, 0x07, 0xF8, 0x3F, 0xC0, 0x1E, 0x00, 0xF0, 0x07, 0x80, 0x3C, 0x01, 0xE0, 0x0F, 0x00,
    0x78, 0x03, 0xC0, 0x1E, 0x00, 0xF0, 0x07, 0x80, 0x1F, 0xE0, 0xFF, 0x03, 0xF8, 0x00, 0x00, 0x00,
    0x00, 0x00, 0x3C, 0x03, 0xC0, 0x1C, 0x00, 0xF3, 0x9E, 0x73, 0xCE, 0x79, 0xCF, 0x01, 0xE0, 0x3C,
    0x07, 0x80, 0xF0, 0x1E, 0x03, 0xC0, 0x78, 0x0F, 0x01, 0xE0, 0x3F, 0xFF, 0xFF, 0xFF, 0xE0, 0xFF,
    0x3F, 0xFB, 0xFF, 0xDC, 0x1E, 0xE0, 0xF0, 0x07, 0x80, 0x3C, 0x01, 0xE0, 0x0F, 0x00, 0x78, 0x03,
    0xC0, 0x1E, 0x00, 0xF0, 0x07, 0x80, 0x1F, 0xE0, 0xFF, 0x03, 0xF8, 0xF0, 0x0F, 0x00, 0xF0, 0x0F,
    0x00, 0xF0, 0x0F, 0x00, 0xF0, 0x0F, 0x1E, 0xF1, 0xEF, 0x1E, 0xF1, 0xEF, 0x00, 0xF0, 0x0F, 0x00,
    0xFF, 0xEF, 0xFE, 0xFF, 0xE0, 0xFF, 0x00, 0xFF, 0x00, 0xFF, 0x00, 0x0F, 0x00, 0x0F, 0x00, 0x0F,
    0x00, 0x0F, 0x00, 0x0F, 0x1E, 0x0F, 0x3E, 0x0F, 0x3E, 0x0F, 0x1E, 0x0F, 0x00, 0x0F, 0x00, 0x0F,
    0x00, 0x0F, 0xF8, 0x07, 0xF8, 0x03, 0xF8, 0x1C, 0x00, 0xE0, 0x07, 0x00, 0x38, 0x01, 0xC8, 0x0F,
    0xC0, 0x7E, 0x07, 0xE0, 0x7E, 0x07, 0xE0, 0x3F, 0x01, 0x38, 0x01, 0xC0, 0x0E, 0x00, 0x7F, 0xE3,
    0xFF, 0x1F, 0xF8, 0xFF, 0x07, 0xF8, 0x3F, 0xC0, 0x1E, 0x00, 0xF6, 0x07, 0xF0, 0x3F, 0x81, 0xF8,
    0x3F, 0x01, 0xF8, 0x0F, 0xC0, 0x5E, 0x00, 0xF0, 0x07, 0x80, 0x1F, 0xE0, 0xFF, 0x03, 0xF8, 0x03,
    0xC0, 0x78, 0x0F, 0x00, 0x00, 0x00, 0x0F, 0x8F, 0xF8, 0xFF, 0x8F, 0xFC, 0xFF, 0xCF, 0xFC, 0xFF,
    0xEF, 0xFE, 0xFF, 0xEF, 0xF7, 0xFF, 0x7F, 0xF7, 0xFF, 0x3F, 0xF3, 0xFF, 0x3F, 0xF1, 0xFF, 0x1F,
    0x03, 0xC0, 0x78, 0x0F, 0x00, 0x00, 0x00, 0x0F, 0xFC, 0xFF, 0xEF, 0xFE, 0xF1, 0xEF, 0x0E, 0xF0,
    0xEF, 0x0E, 0xF0, 0xEF, 0x0E, 0xF0, 0xEF, 0x0E, 0xF0, 0xEF, 0x0E, 0xF8, 0xFF, 0x8F, 0xF8, 0xFF,
    0xCF, 0xFC, 0xFF, 0xCF, 0xFE, 0xFF, 0xEF, 0xFE, 0xFF, 0x7F, 0xF7, 0xFF, 0x7F, 0xF3, 0xFF, 0x3F,
    0xF3, 0xFF, 0x1F, 0xF1, 0xF0, 0x00, 0x00, 0x00, 0x00, 0x07, 0x00, 0xF0, 0x1E, 0x00, 0xFF, 0xCF,
    0xFE, 0xFF, 0xEF, 0x1E, 0xF0, 0xEF, 0x0E, 0xF0, 0xEF, 0x0E, 0xF0, 0xEF, 0x0E, 0xF0, 0xEF, 0x0E,
    0xF0, 0xE0, 0x00, 0x00, 0x00, 0x00, 0x07, 0x00, 0xF0, 0x1E, 0x00, 0x79, 0xC3, 0xFC, 0x1F, 0x80,
    0xF0, 0x00, 0x00, 0x00, 0xF8, 0xFF, 0x8F, 0xF8, 0xFF, 0xCF, 0xFC, 0xFF, 0xCF, 0xFE, 0xFF, 0xEF,
    0xFE, 0xFF, 0x7F, 0xF7, 0xFF, 0x7F, 0xF3, 0xFF, 0x3F, 0xF3, 0xFF, 0x1F, 0xF1, 0xF0, 0x39, 0xE3,
    0xFC, 0x1F, 0x80, 0xF0, 0x00, 0x00, 0x00, 0xFF, 0xCF, 0xFE, 0xFF, 0xEF, 0x1E, 0xF0, 0xEF, 0x0E,
    0xF0, 0xEF, 0x0E, 0xF0, 0xEF, 0x0E, 0xF0, 0xEF, 0x0E, 0xF0, 0xE0, 0x3C, 0x01, 0xE0, 0x0F, 0x00,
    0x00, 0x00, 0x3F, 0xF0, 0xFF, 0xE3, 0xFF, 0x8F, 0x1E, 0x3C, 0x38, 0xF0, 0xE3, 0xC3, 0x8F, 0x0E,
    0x3C, 0x38, 0xF0, 0xE3, 0xC3, 0x8F, 0x0E, 0x3C, 0x38, 0xF8, 0xFF, 0x8F, 0xFC, 0xFF, 0xCF, 0xFC,
    0xFF, 0xEF, 0xFE, 0xFF, 0xFF, 0xF7, 0xFF, 0x7F, 0xF3, 0xFF, 0x3F, 0xF3, 0xFF, 0x1F, 0xF1, 0xFF,
    0x0F, 0xF0, 0xE0, 0x0E, 0x0F, 0xE0, 0xFC, 0x0F, 0x80, 0xFF, 0xCF, 0xFE, 0xFF, 0xEF, 0x9E, 0xF0,
    0xEF, 0x0E, 0xF0, 0xEF, 0x0E, 0xF0, 0xEF, 0x0E, 0xF0, 0xEF, 0x0E, 0xF0, 0xE0, 0x1E, 0x0F, 0xE0,
    0xFC, 0x0F, 0x80, 0x3F, 0xC3, 0xFC, 0x3F, 0xC0, 0x00, 0x00, 0x01, 0xF8, 0x7F, 0xC7, 0xFE, 0xF1,
    0xEF, 0x0E, 0xF0, 0xFF, 0x0F, 0xF0, 0xFF, 0x0F, 0xF0, 0xFF, 0x0F, 0xF0, 0xFF, 0x0E, 0xF1, 0xE7,
    0xFE, 0x7F, 0xC1, 0xF8, 0x3F, 0xC3, 0xFC, 0x3F, 0xC0, 0x00, 0x00, 0x01, 0xF8, 0x7F, 0xC7, 0xFE,
    0xF1, 0xEF, 0x0F, 0xF0, 0xFF, 0x0F, 0xF0, 0xFF, 0x0F, 0xF1, 0xE7, 0xFE, 0x7F, 0xC1, 0xF8, 0x31,
    0xC3, 0x9C, 0x3F, 0xC1, 0xF8, 0x00, 0x00, 0x00, 0x1F, 0x87, 0xFC, 0x7F, 0xEF, 0x1E, 0xF0, 0xEF,
    0x0F, 0xF0, 0xFF, 0x0F, 0xF0, 0xFF, 0x0F, 0xF0, 0xFF, 0x0F, 0xF0, 0xEF, 0x1E, 0x7F, 0xE7, 0xFC,
    0x1F, 0x80, 0x31, 0xC3, 0x9C, 0x3F, 0xC1, 0xF8, 0x00, 0x00, 0x00, 0x1F, 0x87, 0xFC, 0x7F, 0xEF,
    0x1E, 0xF0, 0xFF, 0x0F, 0xF0, 0xFF, 0x0F, 0xF0, 0xFF, 0x1E, 0x7F, 0xE7, 0xFC, 0x1F, 0x80, 0x1E,
    0xF1, 0xDE, 0x3B, 0xC0, 0x00, 0x00, 0x01, 0xF8, 0x7F, 0xC7, 0xFE, 0xF1, 0xEF, 0x0E, 0xF0, 0xFF,
    0x0F, 0xF0, 0xFF, 0x0F, 0xF0, 0xFF, 0x0F, 0xF0, 0xFF, 0x0E, 0xF1, 0xE7, 0xFE, 0x7F, 0xC1, 0xF8,
    0x1E, 0xF1, 0xDE, 0x3B, 0xC0, 0x00, 0x00, 0x01, 0xF8, 0x7F, 0xC7, 0xFE, 0xF1, 0xEF, 0x0F, 0xF0,
    0xFF, 0x0F, 0xF0, 0xFF, 0x0F, 0xF1, 0xE7, 0xFE, 0x7F, 0xC1, 0xF8, 0x3F, 0xFD, 0xFF, 0xF7, 0xFF,
    0xDC, 0xF0, 0xF3, 0xC3, 0xCF, 0x0F, 0x3C, 0x3C, 0xFE, 0xF3, 0xFB, 0xCF, 0xEF, 0x3C, 0x3C, 0xF0,
    0xF3, 0xC1, 0xCF, 0x07, 0xFF, 0xDF, 0xFF, 0x3F, 0xFC, 0x3D, 0xF3, 0xFF, 0xDD, 0xEF, 0xEE, 0x7F,
    0x73, 0xFB, 0xFF, 0xDF, 0xFE, 0xE0, 0xF7, 0x07, 0xB9, 0xDD, 0xEE, 0xFF, 0xF3, 0xDF, 0x00, 0x03,
    0xC0, 0x78, 0x0F, 0x00, 0x00, 0x00, 0x0F, 0xF8, 0xFF, 0xEF, 0xFE, 0xF0, 0xFF, 0x0F, 0xF0, 0xFF,
    0x0F, 0xFF, 0xEF, 0xFE, 0xFF, 0x8F, 0x38, 0xF3, 0xCF, 0x3C, 0xF1, 0xEF, 0x1E, 0xF0, 0xFF, 0x0F,
    0x07, 0x81, 0xE0, 0x38, 0x00, 0x00, 0x01, 0xDF, 0x3F, 0xF7, 0xFF, 0xF1, 0xFE, 0x3F, 0x87, 0xF0,
    0x0E, 0x01, 0xC0, 0x38, 0x07, 0x00, 0xE0, 0x1C, 0x00, 0xFF, 0x8F, 0xFE, 0xFF, 0xEF, 0x0F, 0xF0,
    0xFF, 0x0F, 0xF0, 0xFF, 0xFE, 0xFF, 0xEF, 0xF8, 0xF3, 0x8F, 0x3C, 0xF3, 0xCF, 0x1E, 0xF1, 0xEF,
    0x0F, 0xF0, 0xF0, 0x00, 0x00, 0x00, 0x00, 0x07, 0x00, 0xF0, 0x1E, 0x00, 0x3B, 0xE1, 0xFF, 0x8F,
    0xFE, 0x78, 0xF3, 0xC7, 0x9C, 0x3C, 0xE0, 0x07, 0x00, 0x38, 0x01, 0xC0, 0x0E, 0x00, 0x70, 0x03,
    0x80, 0x00, 0x00, 0x00, 0x00, 0x00, 0x3C, 0x03, 0xC0, 0x1C, 0x00, 0x79, 0xC3, 0xFC, 0x1F, 0x80,
    0xF0, 0x00, 0x00, 0x00, 0xFF, 0x8F, 0xFE, 0xFF, 0xEF, 0x0F, 0xF0, 0xFF, 0x0F, 0xF0, 0xFF, 0xFE,
    0xFF, 0xEF, 0xF8, 0xF3, 0x8F, 0x3C, 0xF3, 0xCF, 0x1E, 0xF1, 0xEF, 0x0F, 0xF0, 0xF0, 0x71, 0xCF,
    0x70, 0xFE, 0x0F, 0x80, 0x00, 0x00, 0x3B, 0xE7, 0xFE, 0xFF, 0xFE, 0x3F, 0xC7, 0xF0, 0xFE, 0x01,
    0xC0, 0x38, 0x07, 0x00, 0xE0, 0x1C, 0x03, 0x80, 0x00, 0x03, 0xC0, 0x78, 0x0F, 0x00, 0x00, 0x00,
    0x01, 0xF8, 0x7F, 0xC7, 0xFE, 0xF1, 0xEF, 0x0E, 0xF0, 0x07, 0xC0, 0x7F, 0x83, 0xFC, 0x0F, 0xE0,
    0x1F, 0x00, 0xFF, 0x0F, 0xF0, 0xF7, 0xFE, 0x7F, 0xE3, 0xF8, 0x03, 0xC0, 0x78, 0x0F, 0x00, 0x00,
    0x00, 0x03, 0xFC, 0x7F, 0xEF, 0xFE, 0xF0, 0xEF, 0x80, 0x7F, 0xC7, 0xFE, 0x1F, 0xE0, 0x0F, 0xF0,
    0xFF, 0xFE, 0x7F, 0xE3, 0xFC, 0x0F, 0x01, 0xF8, 0x3F, 0xC7, 0x9C, 0x00, 0x00, 0x00, 0x1F, 0x87,
    0xFC, 0x7F, 0xEF, 0x1E, 0xF0, 0xEF, 0x00, 0x7C, 0x07, 0xF8, 0x3F, 0xC0, 0xFE, 0x01, 0xF0, 0x0F,
    0xF0, 0xFF, 0x0F, 0x7F, 0xE7, 0xFE, 0x3F, 0x80, 0x0F, 0x01, 0xF8, 0x3F, 0xC7, 0x9C, 0x00, 0x00,
    0x00, 0x3F, 0xC7, 0xFE, 0xFF, 0xEF, 0x0E, 0xF8, 0x07, 0xFC, 0x7F, 0xE1, 0xFE, 0x00, 0xFF, 0x0F,
    0xFF, 0xE7, 0xFE, 0x3F, 0xC0, 0x1F, 0x87, 0xFC, 0x7F, 0xEF, 0x1E, 0xF0, 0xEF, 0x00, 0x7C, 0x07,
    0xF8, 0x3F, 0xC0, 0xFE, 0x01, 0xF0, 0x0F, 0xF0, 0xFF, 0x0F, 0x7F, 0xE7, 0xFE, 0x3F, 0x80, 0xE0,
    0x0F, 0x80, 0x38, 0x1F, 0x80, 0xC0, 0x3F, 0xC7, 0xFE, 0xFF, 0xEF, 0x0E, 0xF0, 0x07, 0xF8, 0x3F,
    0xE0, 0xFE, 0x00, 0xFF, 0x0F, 0xFF, 0xE7, 0xFE, 0x3F, 0xC0, 0xE0, 0x0F, 0x80, 0x38, 0x1F, 0x80,
    0xC0, 0x79, 0xC3, 0xFC, 0x1F, 0x80, 0xF0, 0x00, 0x00, 0x00, 0x1F, 0x87, 0xFC, 0x7F, 0xEF, 0x1E,
    0xF0, 0xEF, 0x00, 0x7C, 0x07, 0xF8, 0x3F, 0xC0, 0xFE, 0x01, 0xF0, 0x0F, 0xF0, 0xFF, 0x0F, 0x7F,
    0xE7, 0xFE, 0x3F, 0x80, 0x79, 0xC3, 0xFC, 0x1F, 0x80, 0xF0, 0x00, 0x00, 0x00, 0x3F, 0xC7, 0xFE,
    0xFF, 0xEF, 0x0E, 0xF8, 0x07, 0xFC, 0x7F, 0xE1, 0xFE, 0x00, 0xFF, 0x0F, 0xFF, 0xE7, 0xFE, 0x3F,
    0xC0, 0xFF, 0xFF, 0xFF, 0xFF, 0xF0, 0xF0, 0x0F, 0x00, 0xF0, 0x0F, 0x00, 0xF0, 0x0F, 0x00, 0xF0,
    0x0F, 0x00, 0xF0, 0x0F, 0x00, 0xF0, 0x0F, 0x00, 0xF0, 0x0F, 0x00, 0x70, 0x07, 0x80, 0x1C, 0x01,
    0xC0, 0xFC, 0x06, 0x00, 0x0E, 0x00, 0x78, 0x03, 0xC0, 0x1E, 0x0F, 0xFF, 0xFF, 0xFD, 0xFF, 0xC1,
    0xE0, 0x0F, 0x00, 0x78, 0x03, 0xC0, 0x1E, 0x00, 0xF0, 0x07, 0x80, 0x3F, 0xC0, 0xFF, 0x03, 0xF8,
    0x1C, 0x00, 0xF8, 0x01, 0xC0, 0x0E, 0x01, 0xF0, 0x0E, 0x00, 0x79, 0xC3, 0xFC, 0x1F, 0x80, 0xF0,
    0x00, 0x00, 0x00, 0xFF, 0xFF, 0xFF, 0xFF, 0xF0, 0xF0, 0x0F, 0x00, 0xF0, 0x0F, 0x00, 0xF0, 0x0F,
    0x00, 0xF0, 0x0F, 0x00, 0xF0, 0x0F, 0x00, 0xF0, 0x0F, 0x00, 0xF0, 0x0F, 0x00, 0x00, 0x70, 0x03,
    0x83, 0x9C, 0x1F, 0xC0, 0xF0, 0x07, 0x83, 0xFF, 0xFF, 0xFF, 0x7F, 0xF8, 0x78, 0x03, 0xC0, 0x1E,
    0x00, 0xF0, 0x07, 0x80, 0x3C, 0x01, 0xE0, 0x0F, 0xF0, 0x3F, 0xC1, 0xFE, 0xFF, 0xFF, 0xFF, 0xFF,
    0xF0, 0xF0, 0x0F, 0x00, 0xF0, 0x0F, 0x00, 0xF0, 0x7F, 0xE7, 0xFE, 0x7F, 0xE0, 0xF0, 0x0F, 0x00,
    0xF0, 0x0F, 0x00, 0xF0, 0x0F, 0x00, 0x0E, 0x00, 0x78, 0x03, 0xC0, 0x1E, 0x0F, 0xFF, 0xFF, 0xFD,
    0xFF, 0xE1, 0xE0, 0x0F, 0x03, 0xFF, 0x1F, 0xFC, 0xFF, 0xE0, 0xF0, 0x07, 0x80, 0x3F, 0xC1, 0xFF,
    0x07, 0xF8, 0x3E, 0xC3, 0xFC, 0x37, 0xC0, 0x00, 0x00, 0x0F, 0x0F, 0xF0, 0xFF, 0x0F, 0xF0, 0xFF,
    0x0F, 0xF0, 0xFF, 0x0F, 0xF0, 0xFF, 0x0F, 0xF0, 0xFF, 0x0F, 0xF0, 0xFF, 0x0E, 0xF1, 0xE7, 0xFE,
    0x7F, 0xC1, 0xF8, 0x3E, 0xC3, 0xFC, 0x37, 0xC0, 0x00, 0x00, 0x0F, 0x0E, 0xF0, 0xEF, 0x0E, 0xF0,
    0xEF, 0x0E, 0xF0, 0xEF, 0x0E, 0xF0, 0xEF, 0x0E, 0x71, 0xE7, 0xFE, 0x3F, 0xC1, 0xF8, 0x3F, 0xC3,
    0xFC, 0x3F, 0xC0, 0x00, 0x00, 0x0F, 0x0F, 0xF0, 0xFF, 0x0F, 0xF0, 0xFF, 0x0F, 0xF0, 0xFF, 0x0F,
    0xF0, 0xFF, 0x0F, 0xF0, 0xFF, 0x0F, 0xF0, 0xFF, 0x0E, 0xF1, 0xE7, 0xFE, 0x7F, 0xC1, 0xF8, 0x3F,
    0xC3, 0xFC, 0x3F, 0xC0, 0x00, 0x00, 0x0F, 0x0E, 0xF0, 0xEF, 0x0E, 0xF0, 0xEF, 0x0E, 0xF0, 0xEF,
    0x0E, 0xF0, 0xEF, 0x0E, 0x71, 0xE7, 0xFE, 0x3F, 0xC1, 0xF8, 0x31, 0xC3, 0x9C, 0x3F, 0xC1, 0xF8,
    0x00, 0x00, 0x00, 0xF0, 0xFF, 0x0F, 0xF0, 0xFF, 0x0F, 0xF0, 0xFF, 0x0F, 0xF0, 0xFF, 0x0F, 0xF0,
    0xFF, 0x0F, 0xF0, 0xFF, 0x0F, 0xF0, 0xEF, 0x1E, 0x7F, 0xE7, 0xFC, 0x1F, 0x80, 0x31, 0xC3, 0x9C,
    0x3F, 0xC1, 0xF8, 0x00, 0x00, 0x00, 0xF0, 0xEF, 0x0E, 0xF0, 0xEF, 0x0E, 0xF0, 0xEF, 0x0E, 0xF0,
    0xEF, 0x0E, 0xF0, 0xE7, 0x1E, 0x7F, 0xE3, 0xFC, 0x1F, 0x80, 0x1F, 0x01, 0xF8, 0x19, 0x81, 0xB8,
    0x1F, 0x80, 0x00, 0xF0, 0xFF, 0x0F, 0xF0, 0xFF, 0x0F, 0xF0, 0xFF, 0x0F, 0xF0, 0xFF, 0x0F, 0xF0,
    0xFF, 0x0F, 0xF0, 0xFF, 0x0F, 0xF0, 0xEF, 0x1E, 0x7F, 0xE7, 0xFC, 0x1F, 0x80, 0x1F, 0x01, 0xF8,
    0x19, 0x81, 0xB8, 0x1F, 0x80, 0x00, 0xF0, 0xEF, 0x0E, 0xF0, 0xEF, 0x0E, 0xF0, 0xEF, 0x0E, 0xF0,
    0xEF, 0x0E, 0xF0, 0xE7, 0x1E, 0x7F, 0xE3, 0xFC, 0x1F, 0x80, 0x1E, 0xF1, 0xDE, 0x3B, 0xC0, 0x00,
    0x00, 0x0F, 0x0F, 0xF0, 0xFF, 0x0F, 0xF0, 0xFF, 0x0F, 0xF0, 0xFF, 0x0F, 0xF0, 0xFF, 0x0F, 0xF0,
    0xFF, 0x0F, 0xF0, 0xFF, 0x0E, 0xF1, 0xE7, 0xFE, 0x7F, 0xC1, 0xF8, 0x1E, 0xF1, 0xDE, 0x3B, 0xC0,
    0x00, 0x00, 0x0F, 0x0E, 0xF0, 0xEF, 0x0E, 0xF0, 0xEF, 0x0E, 0xF0, 0xEF, 0x0E, 0xF0, 0xEF, 0x0E,
    0x71, 0xE7, 0xFE, 0x3F, 0xC1, 0xF8, 0xF0, 0xFF, 0x0F, 0xF0, 0xFF, 0x0F, 0xF0, 0xFF, 0x0F, 0xF0,
    0xFF, 0x0F, 0xF0, 0xFF, 0x0F, 0xF0, 0xFF, 0x0F, 0xF0, 0xEF, 0x1E, 0x7F, 0xE7, 0xFC, 0x1F, 0x80,
    0x70, 0x0E, 0x00, 0xFC, 0x0F, 0xC0, 0x7C, 0xF0, 0xEF, 0x0E, 0xF0, 0xEF, 0x0E, 0xF0, 0xEF, 0x0E,
    0xF0, 0xEF, 0x0E, 0xF0, 0xE7, 0x1E, 0x7F, 0xE3, 0xFC, 0x1F, 0x80, 0x70, 0x0E, 0x00, 0xFC, 0x0F,
    0xC0, 0x7C, 0x07, 0x80, 0x3F, 0x01, 0xFE, 0x0F, 0x38, 0x00, 0x00, 0x00, 0x0E, 0x79, 0xF9, 0xE7,
    0xE7, 0x9F, 0x9E, 0xEE, 0x7B, 0x9D, 0xEE, 0x77, 0xB9, 0xFE, 0xE7, 0xFF, 0x9F, 0xFE, 0x7D, 0xF9,
    0xF7, 0xE7, 0xCF, 0x9F, 0x3C, 0x7C, 0xF0, 0xF3, 0xC3, 0xCF, 0x00, 0x07, 0x80, 0x3F, 0x01, 0xFE,
    0x0F, 0x38, 0x00, 0x00, 0x00, 0x0E, 0x79, 0xF9, 0xE7, 0xE7, 0xB9, 0xDE, 0xE7, 0x7B, 0x9F, 0xEE,
    0x7F, 0xF9, 0xFF, 0xE7, 0xDF, 0x1F, 0x3C, 0x3C, 0xF0, 0xF3, 0xC3, 0xCF, 0x00, 0x07, 0x80, 0x3F,
    0x01, 0xFE, 0x0F, 0x38, 0x00, 0x00, 0x00, 0x0F, 0x03, 0x9E, 0x1E, 0x78, 0x78, 0xE3, 0xC3, 0xCF,
    0x07, 0x38, 0x1F, 0xE0, 0x3F, 0x00, 0xFC, 0x03, 0xE0, 0x07, 0x80, 0x1E, 0x00, 0x78, 0x01, 0xE0,
    0x07, 0x80, 0x1E, 0x00, 0x78, 0x00, 0x07, 0x80, 0x7E, 0x07, 0xF8, 0x79, 0xC0, 0x00, 0x00, 0x01,
    0xC1, 0xEF, 0x0F, 0x78, 0x71, 0xE7, 0x8F, 0x3C, 0x39, 0xC1, 0xFE, 0x0F, 0xF0, 0x3F, 0x01, 0xF8,
    0x07, 0xC0, 0x3C, 0x01, 0xE0, 0x0E, 0x00, 0xF0, 0x07, 0x80, 0x38, 0x00, 0x3C, 0xE0, 0xF3, 0xC3,
    0xCE, 0x00, 0x00, 0x00, 0x03, 0xC0, 0xE7, 0x87, 0x9E, 0x1E, 0x38, 0xF0, 0xF3, 0xC1, 0xCE, 0x07,
    0xF8, 0x0F, 0xC0, 0x3F, 0x00, 0xF8, 0x01, 0xE0, 0x07, 0x80, 0x1E, 0x00, 0x78, 0x01, 0xE0, 0x07,
    0x80, 0x1E, 0x00, 0x03, 0xC0, 0xF0, 0x3C, 0x00, 0x00, 0x00, 0xFF, 0xDF, 0xFB, 0xFF, 0x01, 0xE0,
    0x78, 0x1F, 0x03, 0xC0, 0xF0, 0x1E, 0x07, 0x80, 0xF0, 0x3C, 0x0F, 0x81, 0xE0, 0x7F, 0xFF, 0xFF,
    0xFF, 0xC0, 0x03, 0xC0, 0xF0, 0x3C, 0x00, 0x00, 0x00, 0xFF, 0xDF, 0xFB, 0xFF, 0x03, 0xC0, 0xF8,
    0x3E, 0x07, 0x81, 0xE0, 0x78, 0x1E, 0x07, 0xFF, 0xFF, 0xFF, 0xFC, 0x0F, 0x01, 0xE0, 0x3C, 0x00,
    0x00, 0x00, 0xFF, 0xDF, 0xFB, 0xFF, 0x01, 0xE0, 0x78, 0x1F, 0x03, 0xC0, 0xF0, 0x1E, 0x07, 0x80,
    0xF0, 0x3C, 0x0F, 0x81, 0xE0, 0x7F, 0xFF, 0xFF, 0xFF, 0xC0, 0x0F, 0x01, 0xE0, 0x3C, 0x00, 0x00,
    0x00, 0xFF, 0xDF, 0xFB, 0xFF, 0x03, 0xC0, 0xF8, 0x3E, 0x07, 0x81, 0xE0, 0x78, 0x1E, 0x07, 0xFF,
    0xFF, 0xFF, 0xFC, 0x79, 0xC7, 0xF8, 0x7E, 0x07, 0x80, 0x00, 0x00, 0x1F, 0xFB, 0xFF, 0x7F, 0xE0,
    0x3C, 0x0F, 0x03, 0xE0, 0x78, 0x1E, 0x03, 0xC0, 0xF0, 0x1E, 0x07, 0x81, 0xF0, 0x3C, 0x0F, 0xFF,
    0xFF, 0xFF, 0xF8, 0x79, 0xC7, 0xF8, 0x7E, 0x07, 0x80, 0x00, 0x00, 0x1F, 0xFB, 0xFF, 0x7F, 0xE0,
    0x78, 0x1F, 0x07, 0xC0, 0xF0, 0x3C, 0x0F, 0x03, 0xC0, 0xFF, 0xFF, 0xFF, 0xFF, 0x80, 0x3F, 0x9F,
    0xEF, 0xFB, 0xC0, 0xF0, 0x3C, 0x0F, 0x03, 0xC0, 0xF0, 0x3C, 0x0F, 0x03, 0xC0, 0xF0, 0x3C, 0x0F,
    0x03, 0xC0, 0xF0, 0x00, 0xF8, 0xF0, 0xF0, 0x3D, 0xEF, 0x00, 0x1E, 0x0F, 0xC7, 0xF9, 0xCF, 0xFB,
    0x7F, 0xB7, 0xC0, 0xFF, 0x7F, 0xBF, 0xC0, 0xE3, 0x73, 0xBF, 0xCF, 0xC0, 0xFF, 0xF0, 0x73, 0xFC,
    0xF7, 0x3C, 0x79, 0xF1, 0xCE, 0x38, 0x7D, 0xFB, 0x37, 0x6F, 0xC0, 0x00, 0x3B, 0xDD, 0xEF, 0x70,
    0x73, 0xDF, 0xE3, 0xF0, 0x78, 0xF7, 0x8F, 0x70, 0xF7, 0x00, 0x1C, 0x78, 0xF3, 0xC7, 0x80, 0x39,
    0xCF, 0xFF, 0x00, 0xFF, 0xF0, 0x7B, 0xBC, 0xFB, 0x78, 0x3D, 0xEF, 0x00, 0x30, 0xE1, 0xE1, 0xE1,
    0xDF, 0x98, 0x00, 0x31, 0xCE, 0x38, 0xFD, 0xF0, 0xFF, 0xFF, 0xFF, 0xFF, 0xFF, 0xFF, 0x00, 0x38,
    0x00, 0xE0, 0x07, 0x00, 0x3C, 0x00, 0xE0, 0x07, 0x00, 0x3C, 0x00, 0xE0, 0x07, 0x00, 0x3C, 0x00,
    0xE0, 0x07, 0x00, 0x38, 0x01, 0xE0, 0x07, 0x00, 0x00, 0x01, 0xC0, 0x60, 0x38, 0x0E, 0x03, 0x01,
    0xC0, 0x60, 0x38, 0x0E, 0x03, 0x01, 0xC0, 0x60, 0x38, 0x0E, 0x03, 0x01, 0xC0, 0x60, 0x38, 0x00,
    0x73, 0xDE, 0x79, 0xCF, 0x00, 0x00, 0x01, 0xFF, 0xBF, 0xF7, 0xFE, 0xE0, 0x1C, 0x03, 0x80, 0x70,
    0x0F, 0xFD, 0xFF, 0xBF, 0xF7, 0x00, 0xE0, 0x1C, 0x03, 0x80, 0x7F, 0xEF, 0xFD, 0xFF, 0x80, 0xFF,
    0x07, 0xF8, 0x3F, 0xC0, 0x78, 0x03, 0xC0, 0x1F, 0xF0, 0xFF, 0xC7, 0xFF, 0x3E, 0x79, 0xE1, 0xCF,
    0x0E, 0x78, 0x73, 0xC3, 0x9E, 0x1C, 0xF0, 0xE7, 0x87, 0x3C, 0x38, 0x03, 0xC0, 0xFE, 0x07, 0xE0,
    0x3E, 0x00, 0x07, 0x81, 0xE0, 0x38, 0x00, 0x00, 0x01, 0xFF, 0xFF, 0xFF, 0xFF, 0xF0, 0x1E, 0x03,
    0xC0, 0x78, 0x0F, 0x01, 0xE0, 0x3C, 0x07, 0x80, 0xF0, 0x1E, 0x03, 0xC0, 0x78, 0x0F, 0x01, 0xE0,
    0x00, 0x1F, 0x83, 0xFE, 0x7F, 0xE7, 0x0F, 0xF0, 0xFF, 0x00, 0xFF, 0x8F, 0xF8, 0xFF, 0x8F, 0x00,
    0xF0, 0x0F, 0x00, 0xF0, 0xF7, 0x8F, 0x7F, 0xE3, 0xFE, 0x1F, 0x80, 0x1F, 0x87, 0xFC, 0x7F, 0xEF,
    0x1E, 0xF0, 0xEF, 0x00, 0x7C, 0x07, 0xF8, 0x3F, 0xC0, 0xFE, 0x01, 0xF0, 0x0F, 0xF0, 0xFF, 0x0F,
    0x7F, 0xE7, 0xFE, 0x3F, 0x80, 0xFF, 0xFF, 0xFF, 0xFC, 0x78, 0x1E, 0x07, 0x81, 0xE0, 0x78, 0x1E,
    0x07, 0x81, 0xE0, 0x78, 0x1E, 0x07, 0x8F, 0xFF, 0xFF, 0xFF, 0xC0, 0xF3, 0xBC, 0xFF, 0x38, 0x00,
    0x00, 0x3F, 0xFF, 0xFF, 0xFF, 0x1E, 0x07, 0x81, 0xE0, 0x78, 0x1E, 0x07, 0x81, 0xE0, 0x78, 0x1E,
    0x07, 0x81, 0xE3, 0xFF, 0xFF, 0xFF, 0xF0, 0x00, 0xF0, 0x0F, 0x00, 0xF0, 0x0F, 0x00, 0xF0, 0x0F,
    0x00, 0xF0, 0x0F, 0x00, 0xF0, 0x0F, 0x00, 0xF6, 0x0F, 0xF0, 0xF7, 0x8F, 0x7F, 0xE3, 0xFE, 0x1F,
    0xC0, 0x3F, 0xC0, 0x7F, 0x80, 0xFF, 0x01, 0xEE, 0x03, 0xDC, 0x07, 0xB8, 0x0F, 0x7C, 0x1E, 0xFE,
    0x3D, 0xFC, 0x7B, 0xBC, 0xF7, 0x39, 0xEE, 0x73, 0x9C, 0xE7, 0x3B, 0xDE, 0x7F, 0xFC, 0xFE, 0xF1,
    0xF8, 0xE7, 0x07, 0x38, 0x39, 0xC1, 0xCE, 0x0E, 0x70, 0x73, 0x83, 0xFE, 0x1F, 0xFC, 0xFF, 0xF7,
    0x3B, 0xF9, 0xCF, 0xCE, 0x7E, 0x73, 0xF3, 0x9F, 0x9F, 0xFC, 0xFE, 0xE7, 0xE0, 0xFF, 0x07, 0xF8,
    0x3F, 0xC0, 0x78, 0x03, 0xC0, 0x1E, 0xF0, 0xFF, 0xC7, 0xFF, 0x3F, 0x79, 0xE3, 0xCF, 0x0E, 0x78,
    0x73, 0xC3, 0x9E, 0x1C, 0xF0, 0xE7, 0x87, 0x3C, 0x38, 0x03, 0xC0, 0x3C, 0x03, 0xC0, 0x00, 0x00,
    0x00, 0x78, 0x7B, 0xC3, 0xDE, 0x3C, 0xF1, 0xE7, 0x9E, 0x3C, 0xF1, 0xEF, 0x0F, 0xF8, 0x7F, 0xC3,
    0xFE, 0x1E, 0x78, 0xF3, 0xC7, 0x8E, 0x3C, 0x79, 0xE3, 0xCF, 0x0F, 0x78, 0x78, 0x18, 0xE0, 0xE7,
    0x07, 0xF8, 0x1F, 0x80, 0x00, 0x00, 0x01, 0xC1, 0xEF, 0x0F, 0x78, 0x71, 0xC7, 0x8F, 0x3C, 0x39,
    0xC1, 0xEE, 0x0F, 0xF0, 0x3F, 0x01, 0xF8, 0x0F, 0xC0, 0x3C, 0x01, 0xE0, 0x0F, 0x00, 0x70, 0x07,
    0x80, 0x3C, 0x00, 0xF0, 0xFE, 0x1F, 0xC3, 0xF8, 0x7F, 0x0F, 0xE1, 0xFC, 0x3F, 0x87, 0xF0, 0xFE,
    0x1F, 0xC3, 0xF8, 0x7F, 0x0F, 0xE1, 0xFF, 0xFF, 0xFF, 0xFF, 0xE1, 0xE0, 0x3C, 0x07, 0x80, 0x07,
    0x80, 0x7C, 0x03, 0xF0, 0x1F, 0x80, 0xFC, 0x0F, 0xE0, 0x77, 0x83, 0x9C, 0x1C, 0xE1, 0xE7, 0x0F,
    0xFC, 0x7F, 0xE3, 0xFF, 0x3C, 0x39, 0xE1, 0xEE, 0x0F, 0x70, 0x38, 0xFF, 0xEF, 0xFE, 0xFF, 0xEF,
    0x00, 0xF0, 0x0F, 0x00, 0xFF, 0x0F, 0xFC, 0xFF, 0xEF, 0x1F, 0xF0, 0xFF, 0x0F, 0xF0, 0xFF, 0x0F,
    0xFF, 0xEF, 0xFE, 0xFF, 0x80, 0xFF, 0x8F, 0xFE, 0xFF, 0xEF, 0x0E, 0xF0, 0xFF, 0x0E, 0xF1, 0xEF,
    0xFC, 0xFF, 0xCF, 0xFE, 0xF0, 0xFF, 0x0F, 0xF0, 0xFF, 0x0F, 0xFF, 0xEF, 0xFE, 0xFF, 0xC0, 0xFF,
    0xFF, 0xFF, 0xFF, 0xF8, 0x0F, 0x01, 0xE0, 0x3C, 0x07, 0x80, 0xF0, 0x1E, 0x03, 0xC0, 0x78, 0x0F,
    0x01, 0xE0, 0x3C, 0x07, 0x80, 0xF0, 0x00, 0x3F, 0xF0, 0xFF, 0xC3, 0xFF, 0x0F, 0x1C, 0x3C, 0x70,
    0xF1, 0xC3, 0xC7, 0x0F, 0x1C, 0x3C, 0x70, 0xF1, 0xC3, 0xC7, 0x0F, 0x1C, 0x38, 0x71, 0xE1, 0xCF,
    0xFF, 0xFF, 0xFF, 0xFF, 0xFF, 0xC0, 0xFF, 0x03, 0xFC, 0x0F, 0xE0, 0x3C, 0xFF, 0xDF, 0xFB, 0xFF,
    0x70, 0x0E, 0x01, 0xC0, 0x38, 0x07, 0xFE, 0xFF, 0xDF, 0xFB, 0x80, 0x70, 0x0E, 0x01, 0xC0, 0x3F,
    0xF7, 0xFE, 0xFF, 0xC0, 0xE7, 0x1F, 0xDC, 0xE7, 0x73, 0x9D, 0xCE, 0x77, 0x70, 0xFD, 0xC3, 0xF7,
    0x0F, 0xFC, 0x3F, 0xE0, 0xFF, 0xC3, 0xF7, 0x1F, 0xDC, 0x77, 0x39, 0xDC, 0xEF, 0x73, 0xB9, 0xCF,
    0xE3, 0x1C, 0x1F, 0xC1, 0xFF, 0x0F, 0xFC, 0xF1, 0xE7, 0x87, 0x00, 0x78, 0x1F, 0xC1, 0xFC, 0x0F,
    0xF0, 0x0F, 0x80, 0x1E, 0x00, 0xF7, 0x07, 0xBC, 0x3D, 0xFF, 0xC7, 0xFC, 0x1F, 0xC0, 0xF1, 0xFF,
    0x1F, 0xF3, 0xFF, 0x3F, 0xF3, 0xFF, 0x7F, 0xF7, 0xFF, 0x7F, 0xFE, 0xFF, 0xEF, 0xFE, 0xFF, 0xCF,
    0xFC, 0xFF, 0xCF, 0xF8, 0xFF, 0x8F, 0xF8, 0xF0, 0x31, 0xC3, 0x9C, 0x3F, 0xC1, 0xF8, 0x00, 0x00,
    0x00, 0xF1, 0xFF, 0x1F, 0xF3, 0xFF, 0x3F, 0xF3, 0xFF, 0x7F, 0xF7, 0xFF, 0x7F, 0xFE, 0xFF, 0xEF,
    0xFE, 0xFF, 0xCF, 0xFC, 0xFF, 0xCF, 0xF8, 0xFF, 0x8F, 0xF8, 0xF0, 0xF0, 0xF7, 0x87, 0xBC, 0x79,
    0xE3, 0xCF, 0x3C, 0x79, 0xE3, 0xDE, 0x1F, 0xF0, 0xFF, 0x87, 0xFC, 0x3C, 0xF1, 0xE7, 0x8F, 0x1C,
    0x78, 0xF3, 0xC7, 0x9E, 0x1E, 0xF0, 0xF0, 0x3F, 0xF3, 0xFF, 0x3F, 0xF3, 0xC7, 0x3C, 0x73, 0xC7,
    0x3C, 0x73, 0xC7, 0x3C, 0x73, 0xC7, 0x3C, 0x73, 0xC7, 0x3C, 0x73, 0xC7, 0xF8, 0x7F, 0x87, 0xF0,
    0x70, 0xF1, 0xFF, 0x9F, 0xF9, 0xFF, 0xBF, 0xFF, 0xFF, 0xFF, 0xFF, 0x7E, 0xF7, 0xEF, 0x7E, 0xEF,
    0xE0, 0xFE, 0x0F, 0xE0, 0xFE, 0x0F, 0xE0, 0xFE, 0x0F, 0xE0, 0xF0, 0xF0, 0xEF, 0x0E, 0xF0, 0xEF,
    0x0E, 0xF0, 0xEF, 0x0E, 0xF0, 0xEF, 0xFE, 0xFF, 0xEF, 0xFE, 0xF0, 0xEF, 0x0E, 0xF0, 0xEF, 0x0E,
    0xF0, 0xEF, 0x0E, 0xF0, 0xE0, 0x1F, 0x87, 0xFC, 0x7F, 0xEF, 0x1E, 0xF0, 0xEF, 0x0F, 0xF0, 0xFF,
    0x0F, 0xF0, 0xFF, 0x0F, 0xF0, 0xFF, 0x0F, 0xF0, 0xEF, 0x1E, 0x7F, 0xE7, 0xFC, 0x1F, 0x80, 0xFF,
    0xFF, 0xFF, 0xFF, 0xF8, 0x7F, 0x0F, 0xE1, 0xFC, 0x3F, 0x87, 0xF0, 0xFE, 0x1F, 0xC3, 0xF8, 0x7F,
    0x0F, 0xE1, 0xFC, 0x3F, 0x87, 0xF0, 0xE0, 0xFF, 0xCF, 0xFE, 0xFF, 0xFF, 0x0F, 0xF0, 0xFF, 0x07,
    0xF0, 0xFF, 0x1F, 0xFF, 0xEF, 0xFC, 0xFF, 0x8F, 0x00, 0xF0, 0x0F, 0x00, 0xF0, 0x0F, 0x00, 0xF0,
    0x00, 0x1F, 0x83, 0xFE, 0x7F, 0xE7, 0x0F, 0xF0, 0xFF, 0x00, 0xF0, 0x0F, 0x00, 0xF0, 0x0F, 0x00,
    0xF0, 0x0F, 0x00, 0xF0, 0xF7, 0x0F, 0x7F, 0xE3, 0xFE, 0x1F, 0x80, 0xFF, 0xFF, 0xFF, 0xFF, 0xF0,
    0xF0, 0x0F, 0x00, 0xF0, 0x0F, 0x00, 0xF0, 0x0F, 0x00, 0xF0, 0x0F, 0x00, 0xF0, 0x0F, 0x00, 0xF0,
    0x0F, 0x00, 0xF0, 0x0F, 0x00, 0x70, 0x7B, 0xC3, 0xDE, 0x1C, 0x71, 0xE3, 0xCF, 0x0E, 0x70, 0x7B,
    0x83, 0xFC, 0x0F, 0xC0, 0x7E, 0x03, 0xF0, 0x0F, 0x00, 0x78, 0x03, 0xC0, 0x1C, 0x01, 0xE0, 0x0F,
    0x00, 0x07, 0x80, 0x1E, 0x01, 0xFE, 0x0F, 0xFC, 0x7F, 0xF9, 0xDC, 0xEF, 0x73, 0xBD, 0xCE, 0xF7,
    0x3B, 0xDC, 0xEF, 0x73, 0xBD, 0xCE, 0xF7, 0x39, 0xDC, 0xE7, 0xFF, 0x8F, 0xFC, 0x1F, 0xE0, 0x1E,
    0x00, 0x78, 0x00, 0x78, 0x79, 0xE1, 0xC3, 0xCF, 0x0F, 0x38, 0x1F, 0xE0, 0x7F, 0x00, 0xFC, 0x03,
    0xE0, 0x07, 0x80, 0x3F, 0x00, 0xFC, 0x07, 0xF8, 0x1D, 0xE0, 0xF3, 0xC3, 0x8F, 0x1E, 0x1E, 0x70,
    0x78, 0xF1, 0xE7, 0x8F, 0x3C, 0x79, 0xE3, 0xCF, 0x1E, 0x78, 0xF3, 0xC7, 0x9E, 0x3C, 0xF1, 0xE7,
    0x8F, 0x3C, 0x79, 0xE3, 0xCF, 0x1E, 0x78, 0xF3, 0xFF, 0xDF, 0xFF, 0xFF, 0xF8, 0x03, 0xC0, 0x1E,
    0x00, 0xF0, 0x07, 0x00, 0xF0, 0xFE, 0x1F, 0xC3, 0xF8, 0x7F, 0x0F, 0xE1, 0xFC, 0x3F, 0x87, 0xFF,
    0xEF, 0xFC, 0xFF, 0x80, 0x70, 0x0E, 0x01, 0xC0, 0x38, 0x07, 0x00, 0xE0, 0xEE, 0x7E, 0xE7, 0xEE,
    0x7E, 0xE7, 0xEE, 0x7E, 0xE7, 0xEE, 0x7E, 0xE7, 0xEE, 0x7E, 0xE7, 0xEE, 0x7E, 0xE7, 0xEE, 0x7E,
    0xE7, 0xFF, 0xFF, 0xFF, 0xFF, 0xF0, 0xEE, 0xF7, 0x77, 0xBB, 0xBD, 0xDD, 0xEE, 0xEF, 0x77, 0x7B,
    0xBB, 0xDD, 0xDE, 0xEE, 0xF7, 0x77, 0xBB, 0xBD, 0xDD, 0xEE, 0xEF, 0x77, 0x7B, 0xFF, 0xFF, 0xFF,
    0xFF, 0xF8, 0x01, 0xC0, 0x0E, 0x00, 0x70, 0x03, 0x80, 0x7E, 0x01, 0xF8, 0x07, 0xE0, 0x07, 0x80,
    0x1E, 0x00, 0x78, 0x01, 0xE0, 0x07, 0xFC, 0x1F, 0xF8, 0x7F, 0xF1, 0xE3, 0xC7, 0x87, 0x1E, 0x1C,
    0x78, 0xF1, 0xFF, 0xC7, 0xFE, 0x1F, 0xF0, 0xE0, 0x7E, 0x07, 0xE0, 0x7E, 0x07, 0xE0, 0x7E, 0x07,
    0xF8, 0x7F, 0xE7, 0xFF, 0x7E, 0xF7, 0xE7, 0x7E, 0x77, 0xE7, 0x7E, 0x77, 0xFF, 0x7F, 0xE7, 0xFC,
    0x70, 0xF0, 0x0F, 0x00, 0xF0, 0x0F, 0x00, 0xF0, 0x0F, 0x00, 0xFF, 0x8F, 0xFC, 0xFF, 0xEF, 0x1F,
    0xF0, 0xFF, 0x07, 0xF0, 0xFF, 0x0F, 0xFF, 0xFF, 0xFE, 0xFF, 0xC0, 0x3F, 0x87, 0xFC, 0x7F, 0xEF,
    0x1E, 0xF0, 0xE0, 0x0E, 0x1F, 0xE1, 0xFE, 0x1F, 0xE0, 0x0E, 0x00, 0xE0, 0x0E, 0xF0, 0xEF, 0x1E,
    0x7F, 0xE7, 0xFC, 0x3F, 0x80, 0xE3, 0xE7, 0x3F, 0xBB, 0xFD, 0xDC, 0xFE, 0xE7, 0xF7, 0x3F, 0xB9,
    0xFF, 0xCF, 0xFE, 0x7F, 0xF3, 0xFB, 0x9F, 0xDC, 0xFE, 0xE7, 0xF7, 0x3F, 0xBF, 0xDC, 0xFE, 0xE3,
    0xE0, 0x3F, 0xEF, 0xFD, 0xFF, 0xF8, 0x7F, 0x0F, 0xE1, 0xFC, 0x3F, 0xC7, 0x7F, 0xE7, 0xFC, 0x7F,
    0x9E, 0x73, 0xCE, 0xF1, 0xDE, 0x3F, 0x87, 0xF0, 0xE0, 0x1F, 0x87, 0xFC, 0x7F, 0xE7, 0x0E, 0x00,
    0xE3, 0xFE, 0x7F, 0xEF, 0x0E, 0xF0, 0xEF, 0x1E, 0xFF, 0xE7, 0xFE, 0x3E, 0xE0, 0x00, 0x01, 0xFE,
    0x3F, 0xE7, 0xFE, 0x78, 0x0F, 0x00, 0xFF, 0xCF, 0xFE, 0xFF, 0xEF, 0x1E, 0xF0, 0xFF, 0x0F, 0xF0,
    0xFF, 0x0F, 0xF1, 0xE7, 0xFE, 0x7F, 0xC1, 0xF8, 0xFF, 0xCF, 0xFE, 0xFF, 0xEF, 0x0E, 0xF1, 0xEF,
    0xFC, 0xFF, 0xEF, 0xFE, 0xF0, 0xFF, 0x0F, 0xFF, 0xFF, 0xFE, 0xFF, 0xC0, 0xFF, 0xFF, 0xFF, 0xFF,
    0xF8, 0x0F, 0x01, 0xE0, 0x3C, 0x07, 0x80, 0xF0, 0x1E, 0x03, 0xC0, 0x78, 0x0F, 0x00, 0x3F, 0xF0,
    0xFF, 0xC3, 0xFF, 0x0F, 0x1C, 0x3C, 0x70, 0xF1, 0xC3, 0xC7, 0x0F, 0x1C, 0x38, 0x70, 0xE1, 0xCF,
    0xFF, 0xBF, 0xFF, 0xFF, 0xFF, 0xC0, 0xFF, 0x03, 0xFC, 0x0F, 0xE0, 0x38, 0x1F, 0x87, 0xFC, 0x7F,
    0xEF, 0x0E, 0xF0, 0xFF, 0xFF, 0xFF, 0xFF, 0x00, 0xF0, 0x0F, 0x0E, 0x7F, 0xE7, 0xFC, 0x1F, 0x80,
    0xE7, 0x3D, 0xDC, 0xE7, 0x77, 0x9F, 0xDC, 0x3F, 0xF0, 0xFF, 0xC3, 0xFF, 0x0F, 0xDC, 0x7F, 0x71,
    0xDD, 0xE7, 0x73, 0xBD, 0xCF, 0xE7, 0x1C, 0x3F, 0xC7, 0xFE, 0xFF, 0xEF, 0x0E, 0x01, 0xE1, 0xFC,
    0x1F, 0xE1, 0xFF, 0x00, 0xFE, 0x0F, 0xFF, 0xF7, 0xFE, 0x3F, 0xC0, 0xF1, 0xEF, 0x1E, 0xF3, 0xEF,
    0x3E, 0xF7, 0xEF, 0x7E, 0xFE, 0xEF, 0xEE, 0xFE, 0xEF, 0xCE, 0xFC, 0xEF, 0x8E, 0xF8, 0xE0, 0x31,
    0xC3, 0x9C, 0x3F, 0xC1, 0xF8, 0x00, 0x00, 0x00, 0xF1, 0xEF, 0x1E, 0xF3, 0xEF, 0x3E, 0xF7, 0xEF,
    0x7E, 0xFE, 0xEF, 0xEE, 0xFE, 0xEF, 0xCE, 0xFC, 0xEF, 0x8E, 0xF8, 0xE0, 0x70, 0xF3, 0x87, 0x9C,
    0x78, 0xE7, 0x87, 0x3C, 0x3F, 0xC1, 0xFE, 0x0F, 0xF0, 0x73, 0xC3, 0x8F, 0x1C, 0x78, 0xE1, 0xE7,
    0x0F, 0x00, 0x3F, 0xF1, 0xFF, 0x8F, 0xFC, 0x78, 0xE3, 0xC7, 0x1E, 0x38, 0xF1, 0xC7, 0x8E, 0x3C,
    0x71, 0xE3, 0xBE, 0x1D, 0xF0, 0xEF, 0x07, 0x00, 0xF1, 0xFF, 0x9F, 0xF9, 0xFF, 0xBF, 0xFF, 0xFF,
    0xF7, 0xEF, 0x7E, 0xF7, 0xEE, 0x7E, 0x07, 0xE0, 0x7E, 0x07, 0xE0, 0x70, 0xF0, 0xEF, 0x0E, 0xF0,
    0xEF, 0x0E, 0xF0, 0xEF, 0xFE, 0xFF, 0xEF, 0xFE, 0xF0, 0xEF, 0x0E, 0xF0, 0xEF, 0x0E, 0xF0, 0xE0,
    0x1F, 0x87, 0xFC, 0x7F, 0xEF, 0x1E, 0xF0, 0xFF, 0x0F, 0xF0, 0xFF, 0x0F, 0xF0, 0xFF, 0x1E, 0x7F,
    0xE7, 0xFC, 0x1F, 0x80, 0xFF, 0xEF, 0xFE, 0xFF, 0xEF, 0x0E, 0xF0, 0xEF, 0x0E, 0xF0, 0xEF, 0x0E,
    0xF0, 0xEF, 0x0E, 0xF0, 0xEF, 0x0E, 0xF0, 0xE0, 0xF7, 0xCF, 0xFE, 0xFF, 0xEF, 0x0E, 0xF0, 0xFF,
    0x0F, 0xF0, 0xFF, 0x0F, 0xF0, 0xFF, 0x0E, 0xFF, 0xEF, 0xFE, 0xF7, 0xCF, 0x00, 0xF0, 0x0F, 0x00,
    0xF0, 0x00, 0x1F, 0x83, 0xFE, 0x7F, 0xE7, 0x0F, 0xF0, 0xFF, 0x00, 0xF0, 0x0F, 0x00, 0xF0, 0xF7,
    0x0F, 0x7F, 0xE3, 0xFE, 0x1F, 0x80, 0xFF, 0xFF, 0xFF, 0xFF, 0xF0, 0xF0, 0x0F, 0x00, 0xF0, 0x0F,
    0x00, 0xF0, 0x0F, 0x00, 0xF0, 0x0F, 0x00, 0xF0, 0x0F, 0x00, 0x70, 0x7B, 0xC3, 0xDE, 0x1C, 0x79,
    0xE3, 0xCF, 0x0E, 0x70, 0x7F, 0x83, 0xFC, 0x0F, 0xC0, 0x7E, 0x01, 0xF0, 0x0F, 0x00, 0x78, 0x03,
    0x80, 0x3C, 0x01, 0xE0, 0x0E, 0x00, 0x07, 0x80, 0x3C, 0x01, 0xE0, 0x0F, 0x01, 0xFE, 0x1F, 0xF9,
    0xFF, 0xEE, 0xEF, 0x77, 0x3B, 0xB9, 0xDD, 0xCE, 0xEE, 0x77, 0x73, 0xBB, 0xBD, 0xFF, 0xE7, 0xFE,
    0x1F, 0xE0, 0x3C, 0x01, 0xE0, 0x0F, 0x00, 0x78, 0x00, 0x78, 0x79, 0xE7, 0x8F, 0x78, 0x3F, 0xC0,
    0xFC, 0x07, 0xE0, 0x1E, 0x01, 0xF8, 0x1F, 0xC0, 0xFF, 0x0F, 0x3C, 0xF1, 0xE7, 0x87, 0x80, 0xF1,
    0xE7, 0x8F, 0x3C, 0x79, 0xE3, 0xCF, 0x1E, 0x78, 0xF3, 0xC7, 0x9E, 0x3C, 0xF1, 0xE7, 0x8F, 0x3F,
    0xFF, 0xFF, 0xFF, 0xFF, 0x80, 0x3C, 0x01, 0xE0, 0x0F, 0x00, 0x70, 0xF0, 0xFE, 0x1F, 0xC3, 0xF8,
    0x7F, 0x0F, 0xE1, 0xFF, 0xFB, 0xFF, 0x3F, 0xE0, 0x1C, 0x03, 0x80, 0x70, 0x0E, 0xEE, 0x7E, 0xE7,
    0xEE, 0x7E, 0xE7, 0xEE, 0x7E, 0xE7, 0xEE, 0x7E, 0xE7, 0xEE, 0x7E, 0xE7, 0xFF, 0xFF, 0xFF, 0xFF,
    0xF0, 0xEE, 0xF7, 0x77, 0xBB, 0xBD, 0xDD, 0xEE, 0xEF, 0x77, 0x7B, 0xBB, 0xDD, 0xDE, 0xEE, 0xF7,
    0x77, 0xBF, 0xFF, 0xFF, 0xFF, 0xFF, 0x80, 0x1C, 0x00, 0xE0, 0x07, 0x00, 0x38, 0xFE, 0x03, 0xF8,
    0x0F, 0xE0, 0x07, 0x80, 0x1F, 0xE0, 0x7F, 0xC1, 0xFF, 0x87, 0x9F, 0x1E, 0x3C, 0x78, 0xF1, 0xFF,
    0x87, 0xFE, 0x1F, 0xF0, 0xE0, 0x7E, 0x07, 0xE0, 0x7E, 0x07, 0xF0, 0x7F, 0xE7, 0xFF, 0x7E, 0xF7,
    0xE7, 0x7E, 0x77, 0xFF, 0x7F, 0xF7, 0xFE, 0x70, 0xE0, 0x1C, 0x03, 0x80, 0x70, 0x0F, 0xF1, 0xFF,
    0xBF, 0xFF, 0x0F, 0xE0, 0xFC, 0x3F, 0xFF, 0xFF, 0xEF, 0xF8, 0x3F, 0x87, 0xFC, 0xFF, 0xEF, 0x1E,
    0xE0, 0xE0, 0xFE, 0x0F, 0xE0, 0xFE, 0xF0, 0xEF, 0x1E, 0x7F, 0xE7, 0xFC, 0x3F, 0x80, 0xE7, 0xE7,
    0x3F, 0xBB, 0xFD, 0xDC, 0xEE, 0xE7, 0x7F, 0x3B, 0xF9, 0xDF, 0xCE, 0xEE, 0x77, 0x73, 0xBB, 0xFD,
    0xCF, 0xEE, 0x7E, 0x00, 0x3F, 0xE7, 0xFE, 0x7F, 0xEF, 0x0E, 0xF0, 0xEF, 0x8E, 0x7F, 0xE7, 0xFE,
    0x1F, 0xE3, 0xCE, 0x78, 0xE7, 0x8E, 0xF0, 0xE0, 0x79, 0xC7, 0x9E, 0x79, 0xC0, 0x00, 0x00, 0x01,
    0xF8, 0x7F, 0xC7, 0xFE, 0xF0, 0xEF, 0x0F, 0xFF, 0xFF, 0xFF, 0xF0, 0x0F, 0x00, 0xF0, 0xE7, 0xFE,
    0x7F, 0xC1, 0xF8, 0x78, 0x07, 0xF8, 0x3F, 0xE1, 0xFF, 0x07, 0x80, 0x3F, 0xF1, 0xFF, 0xCF, 0xFE,
    0x7C, 0xF3, 0xC3, 0x9E, 0x1C, 0xF0, 0xE7, 0x87, 0x3C, 0x39, 0xE1, 0xCF, 0x0E, 0x78, 0x70, 0x07,
    0x81, 0xFC, 0x0F, 0xC0, 0x7C, 0x00, 0x07, 0x80, 0xF0, 0x3C, 0x00, 0x00, 0x01, 0xFF, 0xFF, 0xFF,
    0xFF, 0xF0, 0x1E, 0x03, 0xC0, 0x78, 0x0F, 0x01, 0xE0, 0x3C, 0x07, 0x80, 0xF0, 0x1E, 0x00, 0x1F,
    0x83, 0xFE, 0x7F, 0xE7, 0x0F, 0xF0, 0xEF, 0xF0, 0xFF, 0x0F, 0xF0, 0xF0, 0xF7, 0x0F, 0x7F, 0xE3,
    0xFE, 0x1F, 0x80, 0x3F, 0xC7, 0xFE, 0xFF, 0xEF, 0x0E, 0xF8, 0x07, 0xFC, 0x7F, 0xE1, 0xFE, 0x00,
    0xFF, 0x0F, 0xFF, 0xE7, 0xFE, 0x3F, 0xC0, 0x0F, 0x00, 0xF8, 0x0F, 0x00, 0x00, 0x00, 0x07, 0xF0,
    0x7F, 0x07, 0xF0, 0x07, 0x00, 0x70, 0x07, 0x00, 0x70, 0x07, 0x00, 0x70, 0x07, 0x0F, 0xFF, 0xFF,
    0xFF, 0xFF, 0x39, 0xE3, 0xDE, 0x39, 0xE0, 0x00, 0x00, 0x07, 0xF0, 0x7F, 0x07, 0xF0, 0x07, 0x00,
    0x70, 0x07, 0x00, 0x70, 0x07, 0x00, 0x70, 0x07, 0x0F, 0xFF, 0xFF, 0xFF, 0xFF, 0x03, 0xC0, 0xF0,
    0x3C, 0x00, 0x00, 0x3F, 0xFF, 0xFF, 0xFF, 0x03, 0xC0, 0xF0, 0x3C, 0x0F, 0x03, 0xC0, 0xF0, 0x3C,
    0x0F, 0x03, 0xC0, 0xF0, 0x3D, 0xFE, 0xFF, 0xBF, 0xC0, 0x3F, 0xC0, 0x7F, 0x80, 0xFF, 0x01, 0xEE,
    0x03, 0xDF, 0x87, 0xBF, 0x8F, 0x7F, 0x9E, 0xEF, 0x3D, 0xCE, 0x73, 0x9D, 0xE7, 0xFB, 0xCF, 0xE7,
    0x1F, 0x80, 0xE7, 0x07, 0x38, 0x39, 0xC1, 0xCE, 0x0F, 0xF8, 0x7F, 0xFB, 0xFF, 0xDC, 0xEF, 0xE7,
    0x3F, 0x39, 0xF9, 0xFF, 0xCF, 0xEE, 0x7E, 0x00, 0x78, 0x07, 0xF8, 0x3F, 0xE1, 0xFF, 0x07, 0x80,
    0x3D, 0xE1, 0xFF, 0x8F, 0xFE, 0x7C, 0xF3, 0xC3, 0x9E, 0x1C, 0xF0, 0xE7, 0x87, 0x3C, 0x39, 0xE1,
    0xCF, 0x0E, 0x78, 0x70, 0x03, 0xC0, 0x3C, 0x03, 0xC0, 0x00, 0x00, 0x00, 0x38, 0x79, 0xC3, 0xCE,
    0x3C, 0x73, 0xC3, 0x9E, 0x1F, 0xE0, 0xFF, 0x07, 0xF8, 0x39, 0xE1, 0xC7, 0x8E, 0x3C, 0x70, 0xF3,
    0x87, 0x80, 0x18, 0xE0, 0xE7, 0x07, 0xF8, 0x1F, 0x80, 0x00, 0x00, 0x01, 0xC1, 0xEF, 0x0F, 0x78,
    0x71, 0xE7, 0x8F, 0x3C, 0x39, 0xC1, 0xFE, 0x0F, 0xF0, 0x3F, 0x01, 0xF8, 0x07, 0xC0, 0x3C, 0x01,
    0xE0, 0x0E, 0x00, 0xF0, 0x07, 0x80, 0x38, 0x00, 0xF0, 0xEF, 0x0E, 0xF0, 0xEF, 0x0E, 0xF0, 0xEF,
    0x0E, 0xF0, 0xEF, 0x0E, 0xF0, 0xEF, 0x0E, 0xFF, 0xEF, 0xFE, 0xFF, 0xE0, 0xF0, 0x0F, 0x00, 0xF0,
    0x00, 0xE0, 0x1F, 0xFF, 0xFF, 0xFF, 0xFF, 0xE0, 0x3C, 0x07, 0x80, 0xF0, 0x1E, 0x03, 0xC0, 0x78,
    0x0F, 0x01, 0xE0, 0x3C, 0x07, 0x80, 0xF0, 0x1E, 0x03, 0xC0, 0x00, 0x01, 0xE0, 0x3F, 0xFF, 0xFF,
    0xFF, 0xFD, 0xE0, 0x3C, 0x07, 0x80, 0xF0, 0x1E, 0x03, 0xC0, 0x78, 0x0F, 0x01, 0xE0, 0x3C, 0x00,
    0x3F, 0xF9, 0xFF, 0xCF, 0xFE, 0x78, 0x03, 0xC0, 0x1E, 0x00, 0xF0, 0x1F, 0xF0, 0xFF, 0x87, 0xFC,
    0x0F, 0x00, 0x78, 0x03, 0xC0, 0x1E, 0x00, 0xF0, 0x07, 0x80, 0x3C, 0x00, 0x1F, 0xF8, 0xFF, 0xC7,
    0xFE, 0x38, 0x01, 0xC0, 0x3F, 0xE3, 0xFF, 0x1F, 0xF8, 0x1C, 0x00, 0xE0, 0x07, 0x00, 0x38, 0x01,
    0xC0, 0x00, 0xF0, 0xF7, 0x8F, 0x3C, 0x79, 0xE7, 0x8F, 0x3C, 0x79, 0xC3, 0xDE, 0x1F, 0xF0, 0xFF,
    0x07, 0xFC, 0x3D, 0xE1, 0xE7, 0x8F, 0x3C, 0x78, 0xF3, 0xC7, 0xFE, 0x1F, 0xF0, 0xF8, 0x01, 0xC0,
    0x0E, 0x00, 0x70, 0xF0, 0xF7, 0x8F, 0x3C, 0x79, 0xE7, 0x8F, 0x3C, 0x7F, 0xC3, 0xFE, 0x1F, 0xF0,
    0xF3, 0xC7, 0x9F, 0x3C, 0x7F, 0xE3, 0xFF, 0x0F, 0x80, 0x3C, 0x01, 0xE0, 0x0F, 0xF0, 0xE7, 0x87,
    0x3C, 0x39, 0xE1, 0xCF, 0x0E, 0x78, 0x73, 0xC3, 0x9F, 0xFC, 0xFF, 0xE7, 0xFF, 0x3C, 0x39, 0xE1,
    0xCF, 0x0E, 0x78, 0x73, 0xC3, 0xFE, 0x1F, 0xF0, 0xF8, 0x03, 0xC0, 0x1E, 0x00, 0xF0, 0xF0, 0xE7,
    0x87, 0x3C, 0x39, 0xE1, 0xCF, 0x0E, 0x7F, 0xF3, 0xFF, 0x9F, 0xFC, 0xF0, 0xE7, 0x87, 0x3C, 0x3F,
    0xE1, 0xFF, 0x0F, 0x80, 0x3C, 0x01, 0xE0, 0x0F, 0xF0, 0x39, 0xE1, 0xE7, 0x87, 0x8E, 0x3C, 0x3C,
    0xF0, 0x73, 0x81, 0xFE, 0x03, 0xF0, 0x0F, 0xC0, 0x3E, 0x00, 0x78, 0x01, 0xE0, 0x07, 0x80, 0x1E,
    0x00, 0x78, 0x01, 0xE0, 0x07, 0x80, 0x70, 0x7B, 0xC3, 0xDE, 0x1C, 0x71, 0xE3, 0xCF, 0x1E, 0x70,
    0x73, 0x83, 0xFC, 0x0F, 0xC0, 0x7E, 0x03, 0xF0, 0x0F, 0x00, 0x78, 0x03, 0xC0, 0x1E, 0x00, 0xF0,
    0x07, 0x80, 0xF0, 0x39, 0xE1, 0xE7, 0x87, 0x8E, 0x3C, 0x3C, 0xF0, 0x73, 0x81, 0xFE, 0x07, 0xF0,
    0x0F, 0xC0, 0x3E, 0x00, 0x78, 0x0F, 0xF8, 0x3F, 0xE0, 0x1E, 0x00, 0x78, 0x01, 0xE0, 0x07, 0x80,
    0x70, 0x7B, 0xC3, 0xDE, 0x1C, 0x71, 0xE3, 0xCF, 0x1E, 0x70, 0x73, 0x83, 0xFC, 0x0F, 0xC0, 0x7E,
    0x03, 0xF0, 0x0F, 0x00, 0x78, 0x1F, 0xF0, 0xFF, 0x80, 0xF0, 0x07, 0x80, 0xE1, 0xEE, 0x1E, 0xE1,
    0xEE, 0x1E, 0xE1, 0xEE, 0x1E, 0xE1, 0xEF, 0x1E, 0xFF, 0xE7, 0xFE, 0x3F, 0xE0, 0x1E, 0x01, 0xE0,
    0x1E, 0x01, 0xF0, 0x1F, 0x01, 0xF0, 0x07, 0x00, 0x70, 0x07, 0xE1, 0xE7, 0x0F, 0x38, 0x79, 0xC3,
    0xCF, 0x1E, 0x78, 0xF3, 0xFF, 0x8F, 0xFC, 0x3F, 0xE0, 0x0F, 0x00, 0x7C, 0x03, 0xE0, 0x1F, 0x00,
    0x38, 0x01, 0xC0, 0x0E, 0xF0, 0x0F, 0x00, 0xF0, 0x0F, 0x00, 0xF0, 0x0F, 0x00, 0xFF, 0xCF, 0xFE,
    0xFF, 0xEF, 0x0F, 0xF0, 0xFF, 0x0F, 0xF0, 0xFF, 0x0F, 0xF0, 0xFF, 0x0F, 0xF0, 0xF0, 0x70, 0x07,
    0x00, 0x70, 0x07, 0x00, 0x7F, 0x87, 0xFE, 0x7F, 0xE7, 0x1F, 0x70, 0xF7, 0x0F, 0x70, 0xF7, 0x0F,
    0x70, 0xF0, 0x1F, 0x87, 0xFC, 0x7F, 0xEF, 0x1E, 0xF0, 0xE0, 0x0F, 0x00, 0xFF, 0xFF, 0xFF, 0xFF,
    0xFF, 0xF0, 0xFF, 0x0F, 0xF0, 0xEF, 0x1E, 0x7F, 0xE7, 0xFC, 0x1F, 0x80, 0x1F, 0x87, 0xFC, 0x7F,
    0xE7, 0x0E, 0x00, 0xF0, 0x0F, 0xFF, 0xFF, 0xFF, 0xF0, 0xFF, 0x0E, 0x7F, 0xE7, 0xFC, 0x1F, 0x80,
    0x3C, 0xE0, 0xF3, 0xC3, 0xCE, 0x00, 0x00, 0x00, 0x03, 0x9C, 0x7F, 0x73, 0x9D, 0xCE, 0x77, 0x39,
    0xDD, 0xC3, 0xF7, 0x0F, 0xDC, 0x3F, 0xF0, 0xFF, 0x83, 0xFF, 0x0F, 0xDC, 0x7F, 0x71, 0xDC, 0xE7,
    0x73, 0xBD, 0xCE, 0xE7, 0x3F, 0x8C, 0x70, 0x3C, 0xE0, 0xF3, 0xC3, 0xCE, 0x00, 0x00, 0x00, 0x03,
    0x9C, 0xF7, 0x73, 0x9D, 0xDE, 0x7F, 0x70, 0xFF, 0xC3, 0xFF, 0x0F, 0xFC, 0x3F, 0x71, 0xFD, 0xC7,
    0x77, 0x9D, 0xCE, 0xF7, 0x3F, 0x9C, 0x70, 0x3C, 0xE1, 0xE7, 0x8F, 0x38, 0x00, 0x00, 0x00, 0x0F,
    0xE0, 0xFF, 0x87, 0xFE, 0x78, 0xF3, 0xC3, 0x80, 0x3C, 0x0F, 0xE0, 0xFE, 0x07, 0xF8, 0x07, 0xC0,
    0x0F, 0x00, 0x7B, 0x83, 0xDE, 0x1E, 0xFF, 0xE3, 0xFE, 0x0F, 0xE0, 0x79, 0xC7, 0x9E, 0x79, 0xC0,
    0x00, 0x00, 0x03, 0xFC, 0x7F, 0xEF, 0xFE, 0xF0, 0xE0, 0x1E, 0x1F, 0xC1, 0xFE, 0x1F, 0xF0, 0x0F,
    0xE0, 0xFF, 0xFF, 0x7F, 0xE3, 0xFC, 0x79, 0xC7, 0x9E, 0x79, 0xC0, 0x00, 0x00, 0x0F, 0x1F, 0xF1,
    0xFF, 0x3F, 0xF3, 0xFF, 0x3F, 0xF7, 0xFF, 0x7F, 0xF7, 0xFF, 0xEF, 0xFE, 0xFF, 0xEF, 0xFC, 0xFF,
    0xCF, 0xFC, 0xFF, 0x8F, 0xF8, 0xFF, 0x8F, 0x79, 0xC7, 0x9E, 0x79, 0xC0, 0x00, 0x00, 0x0F, 0x1E,
    0xF1, 0xEF, 0x3E, 0xF3, 0xEF, 0x7E, 0xF7, 0xEF, 0xEE, 0xFE, 0xEF, 0xEE, 0xFC, 0xEF, 0xCE, 0xF8,
    0xEF, 0x8E, 0x79, 0xC7, 0x9E, 0x79, 0xC0, 0x00, 0x00, 0x01, 0xF8, 0x7F, 0xC7, 0xFE, 0xF1, 0xEF,
    0x0E, 0xF0, 0xFF, 0x0F, 0xF0, 0xFF, 0x0F, 0xF0, 0xFF, 0x0F, 0xF0, 0xFF, 0x0E, 0xF1, 0xE7, 0xFE,
    0x7F, 0xC1, 0xF8, 0x79, 0xC7, 0x9E, 0x79, 0xC0, 0x00, 0x00, 0x01, 0xF8, 0x7F, 0xC7, 0xFE, 0xF1,
    0xEF, 0x0F, 0xF0, 0xFF, 0x0F, 0xF0, 0xFF, 0x0F, 0xF1, 0xE7, 0xFE, 0x7F, 0xC1, 0xF8, 0x1F, 0x87,
    0xFC, 0x7F, 0xEF, 0x0E, 0xF0, 0xEF, 0x0F, 0xF0, 0xFF, 0xFF, 0xFF, 0xFF, 0xFF, 0xF0, 0xFF, 0x0F,
    0xF0, 0xEF, 0x0E, 0x7F, 0xE7, 0xFC, 0x1F, 0x80, 0x1F, 0x83, 0xFC, 0x7F, 0xEF, 0x0E, 0xF0, 0xEF,
    0xFF, 0xFF, 0xFF, 0xFF, 0xF0, 0xEF, 0x0E, 0x7F, 0xE3, 0xFC, 0x1F, 0x80, 0x79, 0xCF, 0x3D, 0xE7,
    0x00, 0x00, 0x01, 0xE1, 0xFC, 0x3F, 0x87, 0xF0, 0xFE, 0x1F, 0xC3, 0xF8, 0x7F, 0x0F, 0xFF, 0xDF,
    0xF9, 0xFF, 0x00, 0xE0, 0x1C, 0x03, 0x80, 0x70, 0x0E, 0x01, 0xC0, 0x79, 0xCF, 0x3D, 0xE7, 0x00,
    0x00, 0x01, 0xE1, 0xFC, 0x3F, 0x87, 0xF0, 0xFE, 0x1F, 0xC3, 0xFF, 0xF7, 0xFE, 0x7F, 0xC0, 0x38,
    0x07, 0x00, 0xE0, 0x1C, 0xFF, 0xFF, 0xFF, 0x7F, 0xEF, 0xFE, 0xFF, 0xE0, 0xFF, 0xFF, 0xFF, 0xFF,
    0xFF, 0xC0, 0xF3, 0xFC, 0xFF, 0x3F, 0xCF, 0xF3, 0xFC, 0xFF, 0x3F, 0xCF, 0xF3, 0xFC, 0xFF, 0x3F,
    0xCF, 0xF3, 0xFC, 0xFF, 0x3F, 0xCF, 0xF3, 0xFC, 0xFF, 0x3F, 0xCF, 0xF3, 0xFC, 0xF0, 0x79, 0xE7,
    0x3C, 0xF3, 0xC7, 0x80, 0x78, 0xF3, 0xCF, 0x79, 0xE7, 0x00, 0x78, 0xF3, 0xCF, 0x79, 0xE7, 0x00,
    0x7B, 0xCF, 0x3C, 0x71, 0xE7, 0x80, 0x3D, 0xEF, 0x3D, 0xEF, 0x39, 0xE7, 0x38, 0xE7, 0x9E, 0xF0,
    0x79, 0xE7, 0xBC, 0xF3, 0x9E, 0xF3, 0x9E, 0xF3, 0x9E, 0xF0, 0x79, 0xE3, 0xCE, 0x3C, 0xF3, 0xCE,
    0x39, 0xE7, 0x9E, 0x73, 0xC0, 0x79, 0xCE, 0x79, 0xCF, 0x39, 0xE7, 0xBC, 0xF3, 0xCF, 0x78, 0x0F,
    0x00, 0xF0, 0x0F, 0x00, 0xF0, 0x0F, 0x0F, 0xFE, 0xFF, 0xEF, 0xFE, 0x0F, 0x00, 0xF0, 0x0F, 0x00,
    0xF0, 0x0F, 0x00, 0xF0, 0x0F, 0x00, 0xF0, 0x0F, 0x00, 0xF0, 0x0F, 0x00, 0xF0, 0x0F, 0x00, 0xF0,
    0x0F, 0x00, 0xF0, 0x0F, 0x00, 0xF0, 0x0F, 0x0F, 0xFE, 0xFF, 0xEF, 0xFE, 0x0F, 0x00, 0xF0, 0x0F,
    0x00, 0xF0, 0x0F, 0x00, 0xF0, 0xFF, 0xEF, 0xFE, 0xFF, 0xE0, 0xF0, 0x0F, 0x00, 0xF0, 0x0F, 0x00,
    0xF0, 0x3C, 0xFD, 0xFB, 0xF7, 0xE7, 0x80, 0x7B, 0xEF, 0x9E, 0xEE, 0x7E, 0xF7, 0xEF, 0x7E, 0xE7,
    0x3C, 0x38, 0x7E, 0x30, 0x66, 0x70, 0x66, 0xE0, 0x66, 0xC0, 0x7F, 0xC0, 0x3D, 0x80, 0x03, 0x80,
    0x07, 0x00, 0x06, 0x00, 0x0F, 0xFE, 0x0F, 0xFF, 0x1F, 0xB7, 0x3B, 0x37, 0x33, 0xB7, 0x73, 0xFF,
    0x61, 0xFE, 0x7B, 0xDE, 0xEF, 0x7B, 0xC0, 0x3D, 0xE7, 0x3D, 0xE7, 0xBC, 0xE7, 0xBC, 0xE7, 0x9C,
    0xF0, 0x7F, 0xBD, 0xFE, 0xFF, 0x7B, 0xBD, 0xFE, 0xF7, 0x7B, 0xDD, 0xEE, 0xF7, 0x00, 0x0F, 0x1E,
    0x3C, 0x78, 0x70, 0xF0, 0x70, 0x78, 0x3C, 0x1E, 0x0F, 0xF0, 0x78, 0x3C, 0x1C, 0x1E, 0x0F, 0x1E,
    0x1C, 0x3C, 0x78, 0xF0, 0xF3, 0xFC, 0xFF, 0x3F, 0xCF, 0xF3, 0xFC, 0xFF, 0x3F, 0xCF, 0xF3, 0xBC,
    0xEF, 0x3B, 0xCE, 0x00, 0x00, 0x0F, 0x3B, 0xCF, 0xF3, 0xC0, 0xFF, 0x3F, 0xE7, 0xF8, 0x0F, 0x3B,
    0xCE, 0xF3, 0xFC, 0xFE, 0x3F, 0x0E, 0x03, 0x80, 0xE0, 0x00, 0x00, 0x03, 0x81, 0xF0, 0x3C, 0x00,
    0x7F, 0xFE, 0xFF, 0xFE, 0xFF, 0xFE, 0xE0, 0x3F, 0xFF, 0xFF, 0xFF, 0x9F, 0xFC, 0x00, 0x0E, 0x00,
    0x38, 0x00, 0xF0, 0x01, 0xC0, 0x07, 0x00, 0x1E, 0x00, 0x38, 0x00, 0xE0, 0x03, 0xC0, 0x07, 0x00,
    0x1C, 0x00, 0x78, 0x00, 0xE0, 0x03, 0x80, 0x0E, 0x00, 0x3C, 0x00, 0x70, 0x00, 0xFF, 0xFF, 0xFF,
    0x8F, 0x1E, 0x3C, 0x78, 0xF1, 0xFF, 0xFF, 0xFF, 0x1E, 0x3C, 0x78, 0xF1, 0xE3, 0xC7, 0xFF, 0xFF,
    0xC0, 0xFF, 0xFF, 0xF8, 0xF1, 0xE3, 0xC7, 0x8F, 0x1F, 0xFF, 0xFF, 0xF1, 0xE3, 0xC7, 0x8F, 0x1E,
    0x3C, 0x7F, 0xFF, 0xFF, 0xC0, 0x3F, 0x3F, 0xDC, 0xEC, 0x76, 0x3B, 0x1D, 0x8E, 0xE7, 0x7F, 0x9F,
    0x80, 0x1C, 0x1C, 0x38, 0x70, 0xE7, 0xE7, 0xFF, 0xFF, 0x07, 0x07, 0xFF, 0xFF, 0xE0, 0xFC, 0xFF,
    0x07, 0xC7, 0xE7, 0xFF, 0x7E, 0x0E, 0x0E, 0x06, 0x07, 0xE7, 0xFB, 0x9D, 0x8E, 0xE7, 0x7F, 0x9F,
    0x80, 0xFF, 0xFF, 0xE7, 0xC6, 0x0E, 0x0C, 0x1C, 0x1C, 0x38, 0x38, 0x3F, 0x3F, 0xDC, 0xEE, 0x73,
    0xF3, 0xFD, 0xCE, 0xE7, 0x7F, 0x9F, 0x80, 0x7E, 0xFF, 0xE7, 0xC7, 0xE7, 0xFE, 0x7E, 0x1C, 0x1C,
    0x38, 0x18, 0x18, 0xFF, 0xFE, 0x18, 0x18, 0xFF, 0xFF, 0x00, 0x00, 0xFF, 0xFF, 0x3F, 0x3F, 0xDC,
    0xEC, 0x76, 0x3B, 0x1D, 0x8E, 0xE7, 0x7F, 0x9F, 0x80, 0x3C, 0x7E, 0x3F, 0x13, 0x81, 0xC0, 0xE0,
    0x70, 0x38, 0xFF, 0x7F, 0xC0, 0x7E, 0xFF, 0xE7, 0xC7, 0x0F, 0x1E, 0x3C, 0xF0, 0xFF, 0xFF, 0xFF,
    0xFF, 0x0E, 0x1C, 0x1E, 0x07, 0xC7, 0xE7, 0xFF, 0x7E, 0x1C, 0x1C, 0x38, 0x70, 0xE7, 0xE7, 0xFF,
    0xFF, 0x07, 0x07, 0xFF, 0xFF, 0xE0, 0xFC, 0xFF, 0x07, 0xC7, 0xE7, 0xFF, 0x7E, 0x0E, 0x0E, 0x06,
    0x07, 0xE7, 0xFB, 0x9D, 0x8E, 0xE7, 0x7F, 0x9F, 0x80, 0xFF, 0xFF, 0xE7, 0xC6, 0x0E, 0x0C, 0x1C,
    0x1C, 0x38, 0x38, 0x3F, 0x3F, 0xDC, 0xEE, 0x73, 0xF3, 0xFD, 0xCE, 0xE7, 0x7F, 0x9F, 0x80, 0x7E,
    0xFF, 0xE7, 0xC7, 0xE7, 0xFE, 0x7E, 0x1C, 0x1C, 0x38, 0x00, 0xE0, 0x1F, 0xC1, 0xFE, 0x0F, 0xF0,
    0x0E, 0x0E, 0x70, 0xFF, 0x8F, 0xFC, 0x79, 0xE7, 0x87, 0x3C, 0x39, 0xE1, 0xCF, 0x1E, 0x3F, 0xF1,
    0xFF, 0x87, 0xDC, 0x00, 0x07, 0xFF, 0xBF, 0xFD, 0xFF, 0xC0, 0x0F, 0xE1, 0xFF, 0x8F, 0xFC, 0xF0,
    0xF7, 0x87, 0xFF, 0xC3, 0xFE, 0x1F, 0xF0, 0x78, 0x07, 0xFC, 0x3F, 0xE1, 0xFF, 0x07, 0x87, 0x9C,
    0x3C, 0xFF, 0xC3, 0xFE, 0x0F, 0xC0, 0x7F, 0xFB, 0xFF, 0xDF, 0xFE, 0x0F, 0x00, 0x78, 0x03, 0xF8,
    0x1F, 0xC7, 0xFE, 0x7F, 0xC3, 0xFD, 0x81, 0xFC, 0x3F, 0xE7, 0xFC, 0x3F, 0xC0, 0x9E, 0x00, 0xF0,
    0x07, 0x80, 0x1F, 0x83, 0xFE, 0x7F, 0xE7, 0x0E, 0x01, 0xEF, 0xFF, 0xFF, 0xFF, 0xFF, 0x00, 0x0F,
    0xFF, 0xFF, 0xFF, 0xFF, 0x70, 0xE7, 0x1E, 0x7F, 0xE7, 0xFC, 0x3F, 0x80, 0x3F, 0xE1, 0xFF, 0x8F,
    0xFE, 0x78, 0xF3, 0xC3, 0x9E, 0x1C, 0xF1, 0xFF, 0xFF, 0xFF, 0xF7, 0xFF, 0x0F, 0x01, 0xFF, 0x8F,
    0xFC, 0x7F, 0xE0, 0xF0, 0x07, 0x80, 0x3C, 0x00, 0x1B, 0x01, 0xB0, 0x1B, 0x0F, 0xF8, 0xFF, 0xEF,
    0xFE, 0xF0, 0xEF, 0x0F, 0xF0, 0xEF, 0x1E, 0xFF, 0xCF, 0xFC, 0xFF, 0xEF, 0x0F, 0xF0, 0xFF, 0x0F,
    0xF0, 0xFF, 0xFE, 0xFF, 0xEF, 0xFC, 0x1B, 0x01, 0xB0, 0x1B, 0x00, 0x07, 0x80, 0x3C, 0x01, 0xE0,
    0x0F, 0x00, 0x78, 0x01, 0xFF, 0xFF, 0xFF, 0xFF, 0xFF, 0x78, 0x00, 0xF0, 0x01, 0xE0, 0x07, 0x80,
    0x0F, 0x00, 0x1E, 0x00, 0x00, 0x00, 0x0C, 0x00, 0x78, 0x07, 0xF0, 0x3F, 0xE1, 0xFF, 0xEF, 0xFF,
    0xBD, 0xEE, 0xE7, 0x9A, 0x1E, 0x20, 0x78, 0x01, 0xE0, 0x07, 0x80, 0x1E, 0x00, 0x78, 0x01, 0xE0,
    0x07, 0x80, 0x1E, 0x00, 0x07, 0x80, 0x0F, 0x00, 0x1E, 0x00, 0x3C, 0x00, 0xF3, 0xFF, 0xEF, 0xFF,
    0xFF, 0xFE, 0x00, 0x78, 0x03, 0xC0, 0x1E, 0x00, 0xF0, 0x03, 0xC0, 0x1E, 0x00, 0x07, 0x80, 0x1E,
    0x00, 0x78, 0x01, 0xE0, 0x07, 0x80, 0x1E, 0x00, 0x78, 0x01, 0xE0, 0x87, 0x8B, 0x9E, 0x6F, 0x7B,
    0xBF, 0xFE, 0x7F, 0xF8, 0xFF, 0xC1, 0xFC, 0x01, 0xE0, 0x03, 0x00, 0x00, 0x00, 0x07, 0x9E, 0x01,
    0xE3, 0xC0, 0x3C, 0x3C, 0x0F, 0x03, 0xC3, 0xC0, 0x3C, 0xFF, 0xFF, 0xDF, 0xFF, 0xFB, 0xFF, 0xFF,
    0x3C, 0x03, 0xC3, 0xC0, 0xF0, 0x78, 0x3C, 0x07, 0x87, 0x80, 0x79, 0xE0, 0x07, 0x38, 0x00, 0x03,
    0x00, 0x1E, 0x00, 0xFC, 0x07, 0xF8, 0x3F, 0xF1, 0xFF, 0xEF, 0x7B, 0xB9, 0xE6, 0xC7, 0x88, 0x1E,
    0x00, 0x78, 0x01, 0xE0, 0x07, 0x80, 0x1E, 0x00, 0x78, 0x01, 0xE0, 0xC7, 0x8B, 0x9E, 0x6F, 0x7B,
    0xBF, 0xFE, 0x7F, 0xF8, 0xFF, 0x80, 0xFC, 0x01, 0xE0, 0x03, 0x00, 0x7F, 0xC7, 0xFF, 0x3F, 0xF9,
    0xF8, 0x0F, 0xE0, 0x7F, 0x83, 0xBE, 0x1C, 0xF8, 0xE3, 0xE7, 0x0F, 0xB8, 0x3C, 0x00, 0xC0, 0x00,
    0x00, 0x0F, 0xF1, 0xFF, 0xDF, 0xFE, 0x03, 0xF0, 0x3F, 0x83, 0xFC, 0x3F, 0xE3, 0xEF, 0x3E, 0x7B,
    0xE3, 0xDE, 0x1C, 0xE0, 0xC0, 0x00, 0x00, 0x20, 0x23, 0x83, 0x9E, 0x1C, 0x78, 0xF1, 0xE7, 0x87,
    0xBC, 0x1F, 0xE0, 0x7F, 0x01, 0xFB, 0xFF, 0xDF, 0xFE, 0x7F, 0xF0, 0x20, 0x63, 0x07, 0xB8, 0x7D,
    0xC7, 0xCE, 0x7C, 0x77, 0xC3, 0xFC, 0x1F, 0xC0, 0xFC, 0x07, 0xFF, 0xBF, 0xF9, 0xFF, 0x80, 0x01,
    0xF8, 0x07, 0xF0, 0x03, 0xDF, 0x1F, 0xFE, 0xFF, 0xBF, 0xFC, 0x7D, 0xC0, 0x39, 0xE1, 0xCF, 0x0F,
    0x38, 0x3F, 0xFF, 0xFF, 0xFF, 0x9C, 0x07, 0x3C, 0x0E, 0x78, 0x1C, 0xE0, 0x39, 0xC0, 0x73, 0xBF,
    0xFF, 0xFF, 0xFC, 0x1C, 0xE0, 0xE7, 0x07, 0x3C, 0x38, 0x3D, 0xC1, 0xEF, 0x0F, 0x3F, 0xF8, 0xFF,
    0xE3, 0x83, 0xC7, 0x07, 0x8E, 0x0F, 0xF0, 0xE1, 0xC1, 0xC3, 0x83, 0x87, 0xFF, 0x1F, 0xFC, 0xE0,
    0xE7, 0x87, 0x3C, 0x3C, 0x0C, 0x0F, 0x87, 0xFB, 0xFE, 0xED, 0xF3, 0x30, 0xC0, 0x30, 0x0C, 0x03,
    0x00, 0xC3, 0xFF, 0xFF, 0xC0, 0xC0, 0xE3, 0x01, 0xCC, 0x03, 0xBF, 0xFF, 0xFF, 0xFF, 0x00, 0xEC,
    0x07, 0x30, 0x3C, 0xFF, 0xFF, 0xF0, 0xC0, 0x30, 0x0C, 0x03, 0x00, 0xC2, 0x31, 0xCC, 0xFF, 0xF7,
    0xF8, 0xFC, 0x1E, 0x00, 0x01, 0xE0, 0x07, 0xC0, 0x1F, 0x80, 0x0F, 0x00, 0x3C, 0x78, 0x73, 0xC3,
    0xCE, 0x0F, 0x7F, 0xFB, 0xFF, 0xCF, 0xFE, 0x1E, 0x00, 0x3C, 0x00, 0x70, 0x00, 0xE0, 0x00, 0x1E,
    0x01, 0xF8, 0x07, 0xE0, 0x3C, 0x00, 0xE0, 0x03, 0x87, 0x8E, 0x0E, 0x3C, 0x1C, 0x7F, 0xF9, 0xFF,
    0xF1, 0xFF, 0xC0, 0x1E, 0x00, 0xF0, 0x07, 0x80, 0x1C, 0x00, 0x18, 0xE0, 0xE1, 0xC7, 0x7B, 0xBB,
    0xF7, 0xFD, 0xFF, 0xE3, 0xF7, 0x03, 0x8E, 0x1C, 0x18, 0xE0, 0x01, 0x83, 0x87, 0x8D, 0x99, 0xB1,
    0xE1, 0xC1, 0x83, 0x06, 0x0C, 0x18, 0x30, 0x60, 0xC1, 0x83, 0x06, 0x0C, 0x18, 0x30, 0x60, 0x00,
    0x70, 0x00, 0xE0, 0x01, 0xFF, 0xFF, 0xFF, 0xFC, 0x00, 0xE0, 0x07, 0x80, 0x1C, 0x00, 0x78, 0x00,
    0xEF, 0xFF, 0xFF, 0xFF, 0x00, 0x38, 0x01, 0xE0, 0x07, 0x00, 0x07, 0x00, 0x38, 0x01, 0xE0, 0x07,
    0x00, 0x3F, 0xFD, 0xFF, 0xFF, 0x00, 0x38, 0x00, 0xF0, 0x01, 0xFF, 0xF3, 0xFF, 0xC7, 0x00, 0x0E,
    0x00, 0x3C, 0x00, 0x00, 0x00, 0x06, 0x60, 0x0E, 0x70, 0x1E, 0x78, 0x36, 0x7C, 0x66, 0x6E, 0xC6,
    0x66, 0x06, 0x62, 0x06, 0x60, 0x06, 0x60, 0x06, 0x60, 0x06, 0x60, 0x06, 0x60, 0x06, 0x60, 0x06,
    0x60, 0x06, 0x60, 0x06, 0x60, 0x06, 0x60, 0x06, 0x60, 0x06, 0x60, 0x06, 0x60, 0x06, 0x60, 0x06,
    0x60, 0x06, 0x60, 0x03, 0x80, 0x0F, 0x00, 0x1C, 0x00, 0x38, 0xFF, 0xF3, 0xFF, 0xE0, 0x03, 0x80,
    0x07, 0x00, 0x3B, 0xFF, 0xEF, 0xFF, 0x00, 0x38, 0x01, 0xC0, 0x0E, 0x00, 0x06, 0x60, 0x06, 0x60,
    0x06, 0x60, 0x06, 0x60, 0x06, 0x60, 0x06, 0x60, 0x06, 0x60, 0x06, 0x60, 0x06, 0x60, 0x06, 0x60,
    0x06, 0x60, 0x06, 0x60, 0x06, 0x60, 0x06, 0x60, 0x06, 0x60, 0x06, 0x60, 0x06, 0x62, 0xC6, 0x66,
    0x66, 0x6E, 0x36, 0x7C, 0x1E, 0x78, 0x0E, 0x70, 0x06, 0x60, 0x00, 0x00, 0x07, 0x38, 0x03, 0xCF,
    0x00, 0xE1, 0xC0, 0x70, 0x38, 0x3F, 0xFF, 0x1F, 0xFF, 0xEF, 0x00, 0x3B, 0x80, 0x07, 0x70, 0x03,
    0x9F, 0xFF, 0xC3, 0xFF, 0xF0, 0x70, 0x78, 0x0E, 0x1C, 0x01, 0xCE, 0x00, 0x03, 0x80, 0x0F, 0x0F,
    0xFE, 0x3F, 0xF8, 0x00, 0x70, 0x00, 0xEF, 0xFF, 0xFF, 0xFF, 0x00, 0x38, 0x01, 0xCF, 0xFF, 0x3F,
    0xF8, 0x01, 0xC0, 0x0E, 0x00, 0x0C, 0x07, 0x83, 0xF1, 0xFC, 0xFF, 0xBF, 0xF1, 0xE0, 0x78, 0xFF,
    0xFF, 0xF1, 0xE0, 0x78, 0xFF, 0xFF, 0xF1, 0xE0, 0x78, 0x1E, 0x07, 0x00, 0x1C, 0x07, 0x81, 0xE0,
    0x78, 0xFF, 0xFF, 0xF1, 0xE0, 0x78, 0xFF, 0xFF, 0xF1, 0xE0, 0x78, 0xFF, 0xFF, 0xE7, 0xF0, 0xFC,
    0x1E, 0x03, 0x00, 0x0E, 0x3C, 0x3C, 0xF0, 0x7B, 0xFF, 0xEF, 0xFF, 0xFF, 0xFF, 0xF0, 0x3B, 0xC1,
    0xCF, 0x0F, 0x3C, 0x38, 0x70, 0x00, 0x00, 0x0C, 0x00, 0x78, 0x03, 0x30, 0x18, 0xE0, 0xC1, 0xC7,
    0x03, 0xBE, 0x3E, 0x08, 0xC0, 0x23, 0x00, 0x8C, 0x02, 0x30, 0x08, 0xC0, 0x23, 0x00, 0x8C, 0x02,
    0x30, 0x08, 0xC0, 0x23, 0x00, 0xFC, 0x00, 0x03, 0x00, 0x0E, 0x00, 0x3C, 0x00, 0xF8, 0xFF, 0x72,
    0x00, 0xE8, 0x01, 0xE0, 0x07, 0x80, 0x3B, 0xFD, 0xC0, 0x3E, 0x00, 0xF0, 0x03, 0x80, 0x0C, 0x00,
    0x00, 0x00, 0x0C, 0x00, 0x78, 0x03, 0x30, 0x18, 0xE0, 0xC1, 0xC7, 0x03, 0x3E, 0x3E, 0x08, 0xC0,
    0x23, 0x00, 0x8C, 0x02, 0x30, 0x0F, 0xC0, 0x00, 0x00, 0xFC, 0x02, 0x30, 0x08, 0xC0, 0x23, 0x00,
    0xFC, 0x00, 0x70, 0x3B, 0x83, 0xDE, 0x1E, 0xF0, 0xF7, 0xFF, 0x1F, 0xF8, 0xFF, 0xC7, 0x9E, 0x3C,
    0xE0, 0xE7, 0x07, 0x78, 0x3F, 0xC0, 0xFC, 0x07, 0xE0, 0x3F, 0x01, 0xF8, 0x07, 0x80, 0x7E, 0xFF,
    0xFF, 0xE7, 0xE7, 0xE0, 0xE0, 0xE0, 0xE7, 0xE7, 0xFF, 0xFF, 0x7E, 0x3F, 0x00, 0xF8, 0x07, 0xC0,
    0x3C, 0x01, 0xE0, 0xDE, 0x3F, 0xE7, 0xFE, 0x79, 0xFF, 0x0F, 0xF0, 0xFF, 0x0F, 0xF0, 0xEF, 0x0E,
    0x7F, 0xE7, 0xFC, 0x1F, 0x80, 0xFF, 0xFF, 0xFF, 0xFF, 0x80, 0x70, 0x0E, 0x01, 0xC0, 0x3B, 0xFF,
    0x7F, 0xEF, 0xFC, 0x03, 0x80, 0x70, 0x0E, 0x01, 0xFF, 0xFF, 0xFF, 0xFF, 0xE0, 0x00, 0xC0, 0x3B,
    0xFF, 0xFF, 0xFF, 0xFE, 0x07, 0xC0, 0xF8, 0x3F, 0x07, 0xEF, 0xFD, 0xFF, 0xBF, 0xF1, 0xCE, 0x39,
    0xC6, 0x39, 0xC7, 0xFF, 0xFF, 0xFF, 0xFF, 0xB0, 0x0E, 0x01, 0xC0, 0x00, 0x00, 0x0C, 0x00, 0x1C,
    0x0F, 0xFC, 0x1F, 0xF8, 0x3F, 0xFC, 0x7C, 0x7C, 0x78, 0xFE, 0x71, 0xCE, 0xF1, 0xCE, 0xF3, 0x8E,
    0x77, 0x0E, 0x7F, 0x1E, 0x7E, 0x7E, 0x3F, 0xFC, 0x1F, 0xF8, 0x3F, 0xF0, 0x70, 0x00, 0x07, 0x80,
    0x7C, 0x03, 0xF0, 0x1F, 0x80, 0xFC, 0x0F, 0xE0, 0x77, 0x83, 0x9C, 0x1C, 0xE1, 0xE7, 0x0F, 0x3C,
    0x71, 0xE3, 0x87, 0x3C, 0x39, 0xFF, 0xEF, 0xFF, 0x7F, 0xF8, 0x7F, 0xFB, 0xFF, 0xDF, 0xFE, 0xF0,
    0xF7, 0x87, 0x1C, 0x38, 0xF3, 0xC7, 0x9E, 0x3C, 0xE0, 0xE7, 0x07, 0x78, 0x3F, 0xC1, 0xFC, 0x07,
    0xE0, 0x3F, 0x01, 0xF8, 0x0F, 0x80, 0x3C, 0x00, 0x1F, 0xFC, 0xFF, 0xF7, 0xFF, 0xDE, 0x00, 0xF0,
    0x03, 0xC0, 0x0F, 0xFF, 0xFF, 0xFF, 0xFF, 0xFB, 0xC0, 0x07, 0x80, 0x1F, 0xFF, 0x3F, 0xFC, 0x7F,
    0xF0, 0x00, 0x60, 0x01, 0x80, 0x0E, 0x03, 0xFE, 0x3F, 0xFD, 0xFF, 0xF7, 0x98, 0x3C, 0x60, 0xF3,
    0x83, 0xFF, 0xFF, 0xFF, 0xFF, 0xFE, 0xF6, 0x01, 0xF8, 0x07, 0xFF, 0x8F, 0xFF, 0x1F, 0xFC, 0x70,
    0x01, 0x80, 0x0E, 0x00, 0x7F, 0x70, 0xC0, 0xFF, 0xC0, 0x60, 0x7F, 0x00, 0xFF, 0xE3, 0xFF, 0xCF,
    0xFF, 0x80, 0x3E, 0x00, 0x38, 0x00, 0xFF, 0xFF, 0xFF, 0xFF, 0x7F, 0xFC, 0x00, 0xE0, 0x07, 0xBF,
    0xFE, 0xFF, 0xF3, 0xFF, 0x80, 0x00, 0x60, 0x01, 0x80, 0x0E, 0x3F, 0xF8, 0xFF, 0xF3, 0xFF, 0xE0,
    0x1F, 0x80, 0x6E, 0x03, 0xBF, 0xFF, 0xFF, 0xFF, 0xDF, 0xFF, 0x06, 0x38, 0x39, 0xEF, 0xFF, 0xBF,
    0xFC, 0xFF, 0xE0, 0x70, 0x01, 0x80, 0x0E, 0x00, 0x7F, 0xBF, 0xEF, 0xFB, 0xFE, 0xFF, 0xBF, 0xEF,
    0xFB, 0xFE, 0xFF, 0xBF, 0xEF, 0xFB, 0xFE, 0xFF, 0xFB, 0xFF, 0xFF, 0xFF, 0xCE, 0x3C, 0x38, 0xF0,
    0xE3, 0xC3, 0x8F, 0x0E, 0x3C, 0x38, 0xF0, 0xE3, 0xC3, 0x8F, 0x0E, 0x3C, 0x38, 0xF0, 0xE3, 0xC3,
    0x8F, 0x0E, 0x3C, 0x38, 0xF0, 0xE3, 0xC3, 0x8F, 0x0E, 0x3C, 0x38, 0xF0, 0x38, 0xF0, 0xE3, 0xC3,
    0x8F, 0x0E, 0x3C, 0x38, 0xF0, 0xE3, 0xC3, 0x8F, 0x0E, 0x3C, 0x38, 0xF0, 0xE3, 0xC3, 0x8F, 0x0E,
    0x3C, 0x38, 0xF0, 0xE3, 0xC3, 0x8F, 0x0E, 0x3C, 0x38, 0xF0, 0xE3, 0xCF, 0xFF, 0xBF, 0xFF, 0xFF,
    0xFC, 0xFF, 0xFF, 0xFF, 0xFF, 0xF7, 0x80, 0x78, 0x03, 0xC0, 0x1E, 0x01, 0xF0, 0x0F, 0x00, 0x78,
    0x07, 0xC0, 0x78, 0x0F, 0x01, 0xF0, 0x1E, 0x03, 0xC0, 0x7C, 0x07, 0x80, 0xFF, 0xFF, 0xFF, 0xFF,
    0xF0, 0xFF, 0xFF, 0xFF, 0xFF, 0xFF, 0xFF, 0x7F, 0xE0, 0xF0, 0x0F, 0x00, 0xF0, 0xFF, 0xFF, 0xFF,
    0xFF, 0xF0, 0xF0, 0x0F, 0x00, 0xF0, 0x0F, 0x00, 0x00, 0x0E, 0x00, 0x38, 0x00, 0xF0, 0x01, 0xC0,
    0x07, 0x00, 0x1E, 0x00, 0x38, 0x00, 0xE0, 0x03, 0xC0, 0x07, 0x00, 0x1C, 0x00, 0x78, 0x00, 0xE0,
    0x03, 0x80, 0x0E, 0x00, 0x3C, 0x00, 0x70, 0x00, 0x7B, 0x7C, 0xF3, 0xDD, 0xE0, 0x7B, 0xEF, 0x9E,
    0x00, 0x1C, 0x00, 0xF0, 0x03, 0xC0, 0x0E, 0xF8, 0x7B, 0xE1, 0xEF, 0xC7, 0x0F, 0x1C, 0x1C, 0xF0,
    0x73, 0x81, 0xEE, 0x03, 0xB8, 0x0F, 0xE0, 0x3F, 0x00, 0xFC, 0x01, 0xF0, 0x07, 0x80, 0x3C, 0xF1,
    0xFF, 0xEE, 0x79, 0xB9, 0xC7, 0xE3, 0x1F, 0x9E, 0x67, 0xFF, 0x9F, 0x7C, 0xFF, 0xFF, 0xFF, 0xFF,
    0xFF, 0xFF, 0xFF, 0xFF, 0xF0, 0x0F, 0x01, 0xE0, 0x3C, 0x07, 0xF0, 0xFE, 0x1F, 0x83, 0xE0, 0x78,
    0x0F, 0x01, 0xE0, 0x7C, 0x1F, 0x83, 0xF0, 0xFE, 0x03, 0xC0, 0x78, 0x0F, 0x00, 0xE7, 0xE7, 0xE7,
    0xE7, 0xE7, 0xE7, 0xE7, 0xE7, 0xE7, 0xE7, 0xE7, 0xE7, 0xE7, 0xE7, 0xE7, 0xE7, 0xE7, 0x07, 0x80,
    0x7C, 0x03, 0xF0, 0x1F, 0x81, 0xFE, 0x0F, 0xF0, 0x73, 0x87, 0x9E, 0x38, 0xF3, 0xC3, 0x9E, 0x1E,
    0xE0, 0xF0, 0x70, 0x3B, 0xC3, 0xDE, 0x1E, 0x71, 0xE3, 0xCF, 0x1E, 0x70, 0x77, 0x83, 0xFC, 0x1F,
    0xC0, 0x7E, 0x03, 0xF0, 0x0F, 0x00, 0x0F, 0xC0, 0xFF, 0xC7, 0xFF, 0xBE, 0x3E, 0xF0, 0x3F, 0xC0,
    0xFF, 0x03, 0xFC, 0x0F, 0xF0, 0x3F, 0xC0, 0xFF, 0x03, 0xFC, 0x0F, 0xF0, 0x3F, 0xC0, 0xFF, 0x03,
    0xFC, 0x0F, 0xF0, 0x3F, 0xC0, 0xF0, 0xF0, 0x3F, 0xC0, 0xFF, 0x03, 0xFC, 0x0F, 0xF0, 0x3F, 0xC0,
    0xFF, 0x03, 0xFC, 0x0F, 0xF0, 0x3F, 0xC0, 0xFF, 0x03, 0xFC, 0x0F, 0xF0, 0x3F, 0xC1, 0xE7, 0xFF,
    0x9F, 0xFC, 0x1F, 0xE0, 0x03, 0xF8, 0x3F, 0xC1, 0xFE, 0x0E, 0x00, 0xF0, 0x07, 0x80, 0x3C, 0x01,
    0xE0, 0x0F, 0x00, 0x78, 0x03, 0xC0, 0x1E, 0x00, 0xF0, 0x07, 0x80, 0x3C, 0x01, 0xE0, 0x0F, 0x00,
    0x78, 0x3F, 0xC1, 0xFC, 0x0F, 0xC0, 0x00, 0x07, 0x80, 0x1E, 0x00, 0x78, 0x00, 0xC0, 0x00, 0x00,
    0x00, 0x00, 0x00, 0x00, 0x00, 0x00, 0x01, 0x80, 0x4F, 0x07, 0xFE, 0x1F, 0xF0, 0x38, 0xF0, 0x3B,
    0xE1, 0xFF, 0x07, 0xD8, 0x04, 0x00, 0x00, 0x00, 0x00, 0x00, 0x00, 0x00, 0x00, 0x00, 0x0C, 0x00,
    0x78, 0x01, 0xE0, 0x07, 0x80, 0x7B, 0xEF, 0x9E, 0x00, 0x00, 0x00, 0x01, 0xEF, 0xBE, 0x78, 0xF0,
    0xEF, 0x9F, 0xF9, 0xFF, 0x1F, 0x20, 0x40, 0x00, 0x00, 0x00, 0x04, 0xF1, 0xEF, 0x9F, 0xF9, 0xFF,
    0x0E, 0x3C, 0x7C, 0x3C, 0x18, 0x00, 0xFF, 0xFF, 0xFF, 0x00, 0x3C, 0x01, 0xF0, 0x07, 0xC0, 0x0F,
    0xFF, 0x03, 0xFC, 0x0F, 0xF0, 0x00, 0x0F, 0x00, 0x7C, 0x01, 0xF0, 0x03, 0xC0, 0x38, 0x07, 0xC7,
    0xFE, 0x7E, 0xFF, 0xE7, 0xFE, 0x3E, 0x00, 0x01, 0xF9, 0xC7, 0xF7, 0xBF, 0xCF, 0xE7, 0x9F, 0xCF,
    0xF7, 0x3F, 0x9C, 0x7C, 0x7C, 0x7F, 0xE7, 0xFF, 0x7E, 0x7F, 0xE3, 0xE0, 0x18, 0x00, 0x0F, 0xFF,
    0xFF, 0xFF, 0xFF, 0x10, 0x07, 0xC7, 0xFE, 0x7E, 0xFF, 0xE7, 0xFE, 0x3E, 0x00, 0x00, 0x00, 0xFF,
    0xFF, 0xFF, 0x7F, 0xE0, 0x00, 0x00, 0x07, 0xFE, 0xFF, 0xFF, 0xFF, 0x00, 0xC0, 0x0C, 0x7D, 0xFF,
    0xFF, 0xEF, 0xFE, 0x7F, 0xE3, 0xE0, 0x70, 0x07, 0x0F, 0xFF, 0xFF, 0xF7, 0xFE, 0x0C, 0x01, 0xC0,
    0x7F, 0xEF, 0xFF, 0xFF, 0xF3, 0x80, 0x30, 0x07, 0x00, 0x38, 0x07, 0xC7, 0xFE, 0x7E, 0xFF, 0xE7,
    0xFF, 0xBE, 0x7C, 0x7F, 0xE7, 0xEF, 0xFE, 0x7F, 0xE3, 0xE0, 0x00, 0xC0, 0x1C, 0x01, 0xC0, 0x18,
    0x13, 0x87, 0xFF, 0xFF, 0x7E, 0xFF, 0xE7, 0xFE, 0x7E, 0x1E, 0x07, 0xE7, 0xFE, 0x7F, 0xFF, 0xFF,
    0xFF, 0xBE, 0x38, 0x03, 0x80, 0x30, 0x03, 0x00, 0x10, 0x07, 0xC7, 0xFF, 0xFE, 0xFF, 0xE3, 0xE0,
    0x00, 0x7C, 0x7F, 0xF7, 0xFF, 0xFE, 0x7E, 0x01, 0x81, 0x00, 0x7C, 0x7F, 0xFF, 0xEF, 0xFE, 0x3E,
    0xE0, 0x3F, 0xC0, 0xFF, 0xFF, 0x9F, 0xFE, 0x3F, 0xF0, 0x00, 0x00, 0xF8, 0x0F, 0xFC, 0x7F, 0xFB,
    0xE1, 0xEF, 0x03, 0xC0, 0x78, 0x00, 0xF7, 0xFD, 0xEF, 0xFB, 0xDF, 0xF0, 0x00, 0x00, 0x00, 0x00,
    0x00, 0x3D, 0xFF, 0x7B, 0xFE, 0xF7, 0xFD, 0xE0, 0x00, 0x1F, 0x03, 0xF0, 0x66, 0x0D, 0xC1, 0xF8,
    0x00, 0x00, 0x00, 0x00, 0x7F, 0xEF, 0xFD, 0xFF, 0x80, 0x00, 0x00, 0xFF, 0xDF, 0xFB, 0xFF, 0x1F,
    0x83, 0xF0, 0x07, 0x00, 0xE0, 0xF8, 0x1C, 0x00, 0x00, 0x70, 0x0E, 0x00, 0x01, 0xFF, 0xBF, 0xF7,
    0xFE, 0x00, 0x00, 0x03, 0xFF, 0x7F, 0xEF, 0xFC, 0x00, 0xC0, 0x18, 0x07, 0x00, 0xE0, 0x18, 0x07,
    0x00, 0xE3, 0xFF, 0x7F, 0xEF, 0xFC, 0x18, 0x07, 0x07, 0xFE, 0xFF, 0xDF, 0xF8, 0xC0, 0x38, 0x07,
    0x00, 0xC0, 0x38, 0x00, 0x7F, 0xEF, 0xFD, 0xFF, 0x80, 0x00, 0x00, 0x00, 0x1F, 0xFB, 0xFF, 0x7F,
    0xE0, 0x00, 0x00, 0x3F, 0xF7, 0xFE, 0xFF, 0xC0, 0x00, 0xC0, 0x38, 0x07, 0x3F, 0xF7, 0xFE, 0xFF,
    0xC0, 0xC0, 0x18, 0x07, 0x0F, 0xFD, 0xFF, 0xBF, 0xF0, 0xC0, 0x18, 0x1F, 0xFB, 0xFF, 0x7F, 0xE7,
    0x00, 0xE0, 0x18, 0x00, 0x7F, 0xEF, 0xFC, 0x00, 0x00, 0x07, 0xFE, 0xFF, 0xC0, 0x00, 0x00, 0x7F,
    0xEF, 0xFC, 0x00, 0x00, 0x07, 0xFE, 0xFF, 0xC0, 0x00, 0x20, 0x0E, 0x07, 0xE1, 0xFE, 0x7F, 0x0F,
    0xC0, 0xF0, 0x0F, 0xC0, 0x7F, 0x01, 0xFE, 0x07, 0xE0, 0x1E, 0x00, 0x60, 0x00, 0xFF, 0xEF, 0xFE,
    0xFF, 0xE0, 0xC0, 0x0F, 0x00, 0xFC, 0x07, 0xF0, 0x1F, 0xE0, 0x7E, 0x00, 0xE0, 0x3E, 0x0F, 0xE7,
    0xF8, 0xFE, 0x0F, 0x00, 0xC0, 0x00, 0x00, 0xFF, 0xEF, 0xFE, 0xFF, 0xE0, 0x03, 0x04, 0x1C, 0x71,
    0xF3, 0xCF, 0xBE, 0xF9, 0xF3, 0xCF, 0x0E, 0x38, 0x3C, 0xF0, 0x79, 0xF0, 0xFB, 0xE0, 0xF3, 0xC1,
    0xC7, 0x03, 0x04, 0x83, 0x03, 0x8E, 0x0F, 0x3C, 0x1F, 0x7C, 0x3E, 0xF8, 0x3C, 0xF0, 0x71, 0xC7,
    0xCF, 0x3E, 0xF9, 0xE7, 0xCF, 0x3C, 0x30, 0xE0, 0x82, 0x00, 0xE7, 0x7E, 0x3C, 0x66, 0x66, 0xC3,
    0xC3, 0xC3, 0xC3, 0xC3, 0x66, 0x66, 0x3E, 0x3C, 0x7F, 0x00, 0x00, 0xE0, 0x03, 0x8E, 0x0F, 0xFC,
    0x7F, 0xFF, 0xF9, 0xFF, 0xE3, 0xFF, 0x00, 0xC0, 0x0F, 0x80, 0xFF, 0xC7, 0xFF, 0xBF, 0x9E, 0xFC,
    0x3D, 0xF0, 0x61, 0xC0, 0x06, 0x00, 0x00, 0xC0, 0x1C, 0x01, 0x80, 0x1A, 0x03, 0xE0, 0x3E, 0x0F,
    0xE3, 0xF8, 0xFE, 0x0F, 0xE0, 0xFE, 0x07, 0xF0, 0x1F, 0xC1, 0xFE, 0x19, 0xE3, 0x86, 0x38, 0x03,
    0x00, 0x70, 0x00, 0x00, 0xC0, 0x1C, 0x01, 0x80, 0x18, 0xF3, 0x8F, 0xF0, 0x7F, 0x01, 0xFC, 0x07,
    0xE0, 0xFE, 0x0F, 0xE0, 0xFE, 0x3F, 0x8F, 0xE0, 0xF8, 0x0F, 0x80, 0x38, 0x03, 0x00, 0x70, 0x00,
    0x00, 0xC0, 0x0E, 0x01, 0xE0, 0x7E, 0x1F, 0xE7, 0xF8, 0xFF, 0x0F, 0x30, 0xFF, 0x07, 0xF0, 0x1F,
    0xE0, 0xFE, 0x0D, 0xE0, 0xC6, 0x1C, 0x0F, 0xFE, 0xFF, 0xEF, 0xFE, 0x30, 0x03, 0x00, 0x70, 0x00,
    0x00, 0xCC, 0x0C, 0xF1, 0xCF, 0xD8, 0x7F, 0x81, 0xFE, 0x07, 0xE0, 0x3E, 0x07, 0xE0, 0xFE, 0x7F,
    0x8F, 0xE0, 0xFC, 0x0C, 0xC0, 0x1C, 0x0F, 0xFE, 0xFF, 0xEF, 0xFE, 0x30, 0x03, 0x00, 0x70, 0x00,
    0x00, 0x00, 0x06, 0x01, 0xE0, 0x7E, 0x1F, 0xC7, 0xF0, 0xFC, 0x0F, 0x80, 0xFE, 0x03, 0xF8, 0x0F,
    0xE0, 0x3E, 0x00, 0xE0, 0x02, 0x7C, 0x77, 0xFF, 0xFF, 0xEE, 0x3C, 0x00, 0x0E, 0x00, 0xF8, 0x0F,
    0xE0, 0x3F, 0x80, 0xFE, 0x03, 0xE0, 0x1E, 0x07, 0xE1, 0xFC, 0x7F, 0x0F, 0xC0, 0xF0, 0x0C, 0x00,
    0x3C, 0xF7, 0xFE, 0xFF, 0xEE, 0x3C, 0x00, 0xE0, 0x0E, 0x01, 0xE0, 0x3C, 0x3F, 0x8F, 0xF0, 0xFC,
    0x0F, 0xF0, 0x3F, 0x80, 0x3C, 0x01, 0xE0, 0x0E, 0x00, 0xE0, 0xF0, 0x07, 0x00, 0x78, 0x03, 0xC0,
    0x3F, 0xC0, 0xFF, 0x07, 0xF1, 0xFF, 0x3F, 0x87, 0xC0, 0x78, 0x07, 0x00, 0xF0, 0x00, 0x00, 0xE0,
    0x0E, 0x01, 0xE0, 0x3C, 0x3F, 0xCF, 0xF0, 0xFC, 0x0F, 0xF0, 0xFF, 0x80, 0x7C, 0x01, 0xE0, 0x0E,
    0x00, 0xE0, 0x00, 0xFF, 0xEF, 0xFE, 0xFF, 0xE0, 0x0F, 0xF8, 0xFF, 0xF7, 0xFF, 0xDF, 0x00, 0xF0,
    0x03, 0xC0, 0x0F, 0x00, 0x3C, 0x00, 0x78, 0x01, 0xFF, 0xE3, 0xFF, 0xC7, 0xFF, 0xFF, 0xC3, 0xFF,
    0xCF, 0xFF, 0x80, 0x3E, 0x00, 0x38, 0x00, 0xE0, 0x03, 0xC0, 0x0E, 0x00, 0x7B, 0xFF, 0xEF, 0xFF,
    0x3F, 0xF8, 0x00, 0x60, 0x01, 0x80, 0x0E, 0x00, 0x30, 0x0F, 0xF8, 0xFF, 0xF7, 0xFF, 0xDF, 0xE0,
    0xF3, 0x83, 0xCC, 0x0F, 0x70, 0x3D, 0xC0, 0x7E, 0x01, 0xFF, 0xE3, 0xFF, 0xC7, 0xFF, 0x1C, 0x00,
    0x70, 0x01, 0x80, 0x0E, 0x00, 0x00, 0x60, 0x01, 0x80, 0x0E, 0x00, 0x30, 0xFF, 0xC3, 0xFF, 0xCF,
    0xFF, 0x80, 0xFE, 0x03, 0xB8, 0x0C, 0xE0, 0x33, 0xC1, 0xCE, 0x06, 0x7B, 0xFF, 0xEF, 0xFF, 0x3F,
    0xF8, 0x1C, 0x00, 0x70, 0x01, 0x80, 0x0E, 0x00, 0x1F, 0xFC, 0xFF, 0xF7, 0xFF, 0x9E, 0x00, 0xF0,
    0x03, 0xC0, 0x0F, 0x00, 0x3C, 0x00, 0x78, 0x01, 0xFF, 0xF3, 0xFF, 0xC3, 0xFE, 0x00, 0x01, 0xFF,
    0xE7, 0xFF, 0xDF, 0xFF, 0xFF, 0xE3, 0xFF, 0xCF, 0xFF, 0x80, 0x1E, 0x00, 0x38, 0x00, 0xF0, 0x03,
    0x80, 0x0E, 0x00, 0xFB, 0xFF, 0xEF, 0xFF, 0x3F, 0xF0, 0x00, 0x03, 0xFF, 0xEF, 0xFF, 0xBF, 0xFE,
    0x00, 0x30, 0x01, 0xC0, 0x06, 0x07, 0xFF, 0x3F, 0xFD, 0xFF, 0xE7, 0x9C, 0x3C, 0x70, 0xF1, 0x83,
    0xCE, 0x0F, 0x38, 0x1F, 0xC0, 0x7F, 0xFC, 0xFF, 0xF0, 0xFF, 0x83, 0x80, 0x7F, 0xF9, 0xFF, 0xF7,
    0xFF, 0xC6, 0x00, 0x38, 0x00, 0xC0, 0x00, 0x00, 0x30, 0x01, 0xC0, 0x06, 0x3F, 0xF8, 0xFF, 0xF3,
    0xFF, 0xE0, 0x1F, 0x80, 0x7E, 0x01, 0xBC, 0x0E, 0xE0, 0x3B, 0x80, 0xFE, 0xFF, 0xFB, 0xFF, 0xCF,
    0xFC, 0x03, 0x80, 0xFF, 0xFB, 0xFF, 0xEF, 0xFF, 0x86, 0x00, 0x38, 0x00, 0xC0, 0x00, 0xC0, 0x3C,
    0x03, 0xC0, 0x3C, 0x03, 0xC0, 0x3C, 0x03, 0xC0, 0x3C, 0x03, 0xC6, 0x3C, 0x63, 0xC6, 0x3F, 0xFB,
    0xC6, 0x3C, 0x66, 0x66, 0x67, 0x9E, 0x3F, 0xC0, 0xFF, 0xFF, 0xFF, 0xFF, 0xFF, 0xFC, 0x00, 0xF0,
    0x03, 0xC0, 0x0F, 0x00, 0x3C, 0x00, 0xF0, 0x03, 0xFF, 0xFF, 0xFF, 0xFF, 0xFF, 0xFF, 0xFB, 0xFF,
    0xFF, 0xFF, 0xC0, 0x0F, 0x00, 0x3C, 0x00, 0xF0, 0x03, 0xC0, 0x0F, 0x00, 0x3F, 0xFF, 0xFF, 0xFF,
    0xFF, 0xFF, 0xFF, 0xFF, 0xFF, 0xFF, 0xFF, 0xBC, 0x00, 0xF0, 0x03, 0xC0, 0x0F, 0x00, 0x3C, 0x00,
    0xF0, 0x03, 0xFF, 0xFF, 0xFF, 0xFF, 0xFE, 0x00, 0x03, 0xFF, 0xEF, 0xFF, 0xFF, 0xFF, 0xFF, 0xFF,
    0xFF, 0xFF, 0xFF, 0xC0, 0x0F, 0x00, 0x3C, 0x00, 0xF0, 0x03, 0xC0, 0x0F, 0x00, 0x3F, 0xFF, 0xFF,
    0xFF, 0xFF, 0xFE, 0x00, 0x03, 0xFF, 0xEF, 0xFF, 0xFF, 0xFF, 0xFF, 0xFF, 0xFF, 0xFF, 0xFE, 0x0F,
    0xE0, 0xFE, 0x0F, 0xE0, 0xFE, 0x0F, 0xE0, 0xFE, 0x0F, 0xE0, 0xFE, 0x0F, 0xE0, 0xF0, 0xE0, 0xFE,
    0x0F, 0xE0, 0xFE, 0x0F, 0xE0, 0xFE, 0x0F, 0xE0, 0xFE, 0x0F, 0xE0, 0xFE, 0x0F, 0xFF, 0xFF, 0xFF,
    0xFF, 0xF0, 0x03, 0xC0, 0x0F, 0xF0, 0x3F, 0xF8, 0x33, 0xCC, 0x63, 0xC6, 0x63, 0xC6, 0x7F, 0xFE,
    0xFF, 0xFE, 0xFF, 0xFE, 0x63, 0xC6, 0x63, 0xC6, 0x73, 0xCC, 0x3B, 0xDC, 0x1F, 0xF8, 0x0F, 0xE0,
    0x0F, 0xE0, 0x1E, 0x78, 0x30, 0x1C, 0x60, 0x0E, 0x60, 0x06, 0x4F, 0xF6, 0xCF, 0xF6, 0xCF, 0xF6,
    0x40, 0x06, 0x60, 0x06, 0x60, 0x0E, 0x30, 0x1C, 0x1E, 0x78, 0x0F, 0xE0, 0x07, 0xC0, 0x1F, 0xF0,
    0x3E, 0x78, 0x3C, 0x3C, 0x7E, 0x7E, 0x7F, 0xFE, 0x4F, 0xF6, 0xC7, 0xE6, 0xC7, 0xE6, 0x6F, 0xF6,
    0x7E, 0xFE, 0x7C, 0x7C, 0x3C, 0x3C, 0x1F, 0xF8, 0x0F, 0xE0, 0x07, 0xC0, 0x1F, 0xF0, 0x3E, 0x78,
    0x30, 0x7C, 0x60, 0x7E, 0x60, 0xE6, 0x41, 0xC6, 0xC1, 0x86, 0xC3, 0x86, 0x67, 0x06, 0x66, 0x06,
    0x7E, 0x0C, 0x3C, 0x3C, 0x1F, 0xF8, 0x0F, 0xE0, 0x0F, 0xE0, 0x1E, 0x78, 0x30, 0x1C, 0x60, 0x0E,
    0x60, 0x06, 0x41, 0x86, 0xC3, 0xC6, 0xC1, 0x86, 0x40, 0x06, 0x60, 0x06, 0x60, 0x0E, 0x30, 0x1C,
    0x1E, 0x78, 0x0F, 0xE0, 0x03, 0xC0, 0x0F, 0xF0, 0x3F, 0xF8, 0x33, 0x8C, 0x73, 0x8E, 0x7F, 0xFE,
    0x7F, 0xFE, 0xDF, 0xF6, 0xC7, 0xC6, 0x67, 0xE6, 0x6E, 0xF6, 0x7E, 0x7C, 0x3C, 0x3C, 0x1F, 0xF8,
    0x0F, 0xE0, 0x07, 0xC0, 0x1F, 0xF0, 0x3E, 0x78, 0x30, 0x0C, 0x7F, 0xFE, 0x7F, 0xFE, 0x7F, 0xFE,
    0xC0, 0x06, 0xC0, 0x06, 0x7F, 0xFE, 0x7F, 0xFE, 0x7F, 0xFC, 0x38, 0x1C, 0x1F, 0xF8, 0x0F, 0xE0,
    0x07, 0xC0, 0x1F, 0xF0, 0x3E, 0x78, 0x30, 0x0C, 0x60, 0x06, 0x60, 0x06, 0x7F, 0xFE, 0xFF, 0xFE,
    0xFF, 0xFE, 0x60, 0x06, 0x60, 0x06, 0x70, 0x0C, 0x38, 0x3C, 0x1F, 0xF8, 0x0F, 0xE0, 0xFF, 0xFF,
    0xC0, 0xFF, 0x87, 0xFF, 0x3F, 0xFF, 0xFF, 0x7F, 0xBC, 0xFC, 0xF3, 0xF3, 0xDF, 0xEF, 0xFF, 0xFF,
    0xCF, 0xFE, 0x1F, 0xF0, 0x3F, 0xFF, 0xF0, 0xFF, 0xFF, 0xFF, 0xFC, 0x00, 0xF0, 0x03, 0xC0, 0x0F,
    0x00, 0x3D, 0xFE, 0xF7, 0xFB, 0xDF, 0xEF, 0x00, 0x3C, 0x00, 0xF0, 0x03, 0xC0, 0x0F, 0xFF, 0xFF,
    0xFF, 0xC0, 0xFF, 0xFF, 0xFF, 0xFC, 0x78, 0xF1, 0xE3, 0xC7, 0x8F, 0x1E, 0x3F, 0xFF, 0xFF, 0xFF,
    0xFF, 0xFF, 0x1E, 0x3C, 0x78, 0xF1, 0xE3, 0xC7, 0x8F, 0xFF, 0xFF, 0xFF, 0xC0, 0xFF, 0xFF, 0xFF,
    0xFC, 0x00, 0xF0, 0x03, 0xC0, 0x0F, 0x00, 0x3C, 0x30, 0xF1, 0xE3, 0xC3, 0x0F, 0x00, 0x3C, 0x00,
    0xF0, 0x03, 0xC0, 0x0F, 0xFF, 0xFF, 0xFF, 0xC0, 0xE0, 0x03, 0x80, 0x0E, 0x00, 0x38, 0x00, 0xE0,
    0x03, 0xFF, 0xFF, 0xFF, 0xFF, 0xFF, 0xE0, 0x03, 0x80, 0x0E, 0x00, 0x38, 0x00, 0xE0, 0x03, 0x80,
    0x00, 0x00, 0x1C, 0x00, 0x70, 0x01, 0xC0, 0x07, 0x00, 0x1F, 0xFF, 0xFF, 0xFF, 0xFF, 0xFF, 0x00,
    0x1C, 0x00, 0x70, 0x01, 0xC0, 0x07, 0x00, 0x1C, 0x00, 0x70, 0xFF, 0xFF, 0xFF, 0xFF, 0xFF, 0xC1,
    0xE0, 0x07, 0x80, 0x1E, 0x00, 0x78, 0x01, 0xE0, 0x07, 0x80, 0x1E, 0x00, 0x78, 0x01, 0xE0, 0x07,
    0x80, 0x1E, 0x00, 0x07, 0x80, 0x1E, 0x00, 0x78, 0x01, 0xE0, 0x07, 0x80, 0x1E, 0x00, 0x78, 0x01,
    0xE0, 0x07, 0x80, 0x1E, 0x00, 0x78, 0x3F, 0xFF, 0xFF, 0xFF, 0xFF, 0xF0, 0x00, 0x20, 0x0E, 0x07,
    0xE1, 0xFE, 0x7F, 0xEF, 0xCE, 0xF0, 0xEF, 0xCE, 0x7F, 0xE1, 0xFE, 0x07, 0xE0, 0x1E, 0x00, 0x60,
    0x00, 0xFF, 0xEF, 0xFE, 0xFF, 0xE0, 0x00, 0x7B, 0xFF, 0xB0, 0x06, 0xC0, 0x0E, 0x70, 0x7B, 0xC3,
    0xDE, 0x1C, 0x79, 0xE3, 0xCF, 0x0E, 0x70, 0x7F, 0x83, 0xFC, 0x0F, 0xC0, 0x7E, 0x03, 0xF0, 0x0F,
    0x00, 0x00, 0x3F, 0xF9, 0xFF, 0xEF, 0xFF, 0x7F, 0xFB, 0xFF, 0xEF, 0xFF, 0x80, 0x00, 0x00, 0x00,
    0x3E, 0x00, 0xFC, 0x03, 0xF0, 0x1F, 0xC0, 0x7F, 0x81, 0xDE, 0x0F, 0x38, 0x3C, 0xF0, 0xE3, 0xC7,
    0x87, 0x9E, 0x1E, 0x70, 0x38, 0x7F, 0xFB, 0xFF, 0xEF, 0xFF, 0x80, 0x00, 0x00, 0x01, 0xE1, 0xE7,
    0x87, 0x9E, 0x1C, 0x3C, 0xF0, 0xF3, 0xC1, 0xCE, 0x07, 0xF8, 0x1F, 0xE0, 0x3F, 0x00, 0xFC, 0x03,
    0xE0, 0x07, 0x80, 0x0F, 0xC0, 0xFF, 0xC7, 0xFF, 0xBE, 0x3E, 0xF0, 0x3F, 0xC0, 0xFF, 0x03, 0xFC,
    0x0F, 0xF0, 0x3F, 0xC0, 0xFF, 0x03, 0xFC, 0x0F, 0xF0, 0x3F, 0xC0, 0xFF, 0x03, 0xFC, 0x0F, 0xF0,
    0x3F, 0xC0, 0xF0, 0xF0, 0x3F, 0xC0, 0xFF, 0x03, 0xFC, 0x0F, 0xF0, 0x3F, 0xC0, 0xFF, 0x03, 0xFC,
    0x0F, 0xF0, 0x3F, 0xC0, 0xFF, 0x03, 0xFC, 0x0F, 0xF0, 0x3F, 0xC1, 0xE7, 0xFF, 0x9F, 0xFC, 0x1F,
    0xE0, 0x18, 0x3C, 0x6E, 0x66, 0x7E, 0x3C, 0x18, 0x00, 0x83, 0x3F, 0x71, 0xE0, 0x00, 0x00, 0x02,
    0x00, 0x3E, 0x01, 0xFC, 0x0F, 0xF8, 0x7F, 0x73, 0xBC, 0xFC, 0xF1, 0xE3, 0xC7, 0x8F, 0x37, 0x3D,
    0x86, 0xFC, 0x0F, 0xE0, 0x1F, 0x00, 0x38, 0x00, 0x40, 0x00, 0x02, 0x00, 0x3E, 0x01, 0xFC, 0x0E,
    0xF8, 0x73, 0x73, 0x8C, 0xFC, 0x31, 0xE0, 0xC7, 0x83, 0x37, 0x0D, 0x8E, 0x3C, 0x0C, 0xE0, 0x1B,
    0x00, 0x38, 0x00, 0x00, 0x00, 0x03, 0x00, 0x3E, 0x01, 0xDC, 0x0F, 0x38, 0x7C, 0x73, 0xB0, 0xFC,
    0xC1, 0xE3, 0x07, 0x8C, 0x37, 0x31, 0x86, 0xDC, 0x0F, 0xE0, 0x1F, 0x00, 0x30, 0x00, 0x40, 0xE0,
    0x1B, 0xC1, 0xFF, 0x8F, 0xCF, 0x3C, 0x1D, 0xE0, 0x3F, 0x00, 0xFC, 0x03, 0xE0, 0x07, 0x80, 0x1E,
    0x00, 0x78, 0x01, 0xE0, 0x07, 0x80, 0x1F, 0xFC, 0xFF, 0xF7, 0xC0, 0x1C, 0x00, 0xE7, 0xFF, 0xBF,
    0xFE, 0xE0, 0x3B, 0x80, 0xEF, 0xFF, 0x9F, 0xF7, 0x00, 0x1E, 0x00, 0x3F, 0xFC, 0x7F, 0xF0, 0x00,
    0x30, 0x01, 0xC0, 0x06, 0x3F, 0xFF, 0xFF, 0xFF, 0xFF, 0xEF, 0x1C, 0x3C, 0x70, 0xF1, 0x83, 0xCE,
    0x0F, 0x38, 0x3C, 0xC0, 0xFF, 0xFF, 0xFF, 0xFF, 0xFF, 0x83, 0x80, 0xFF, 0xFB, 0xFF, 0xFF, 0xFF,
    0xC6, 0x00, 0x38, 0x00, 0xC0, 0x00, 0xFF, 0xF6, 0x0F, 0xFF, 0x60, 0x6F, 0xFF, 0x73, 0xCE, 0xFB,
    0xDE, 0xFB, 0xDE, 0x73, 0xCE, 0x00, 0x0E, 0x00, 0x1E, 0x00, 0x1E, 0x00, 0x0C, 0x00, 0x00, 0x03,
    0xC0, 0x03, 0xC0, 0x03, 0xC0, 0x01, 0x80, 0x00, 0x00, 0x70, 0x00, 0x78, 0x00, 0xF8, 0x00, 0x70,
    0x00, 0x70, 0x00, 0xF8, 0x00, 0x78, 0x00, 0x70, 0x00, 0x00, 0x00, 0x03, 0xC0, 0x03, 0xC0, 0x03,
    0xC0, 0x01, 0x80, 0x00, 0x00, 0x00, 0x0C, 0x00, 0x1E, 0x00, 0x1E, 0x00, 0x0E, 0x03, 0xC0, 0x07,
    0xC0, 0x07, 0xE0, 0x0F, 0xF0, 0x1F, 0xF8, 0x3F, 0xFC, 0x7F, 0xFC, 0x7F, 0xBE, 0xFE, 0xFE, 0x7E,
    0xFE, 0x7F, 0xFE, 0x3E, 0xFC, 0x1E, 0xF8, 0x0F, 0xF0, 0x07, 0xE0, 0x07, 0xC0, 0x03, 0xC0,
};

static const EpdGlyph jetbrainsmono_11_boldGlyphs[] = {
    { 0, 0, 14, 0, 0, 0, 0 }, // 
    { 0, 0, 14, 0, 0, 0, 0 }, //  
    { 5, 17, 14, 4, 17, 11, 0 }, // !
    { 10, 7, 14, 2, 17, 9, 11 }, // "
    { 13, 17, 14, 0, 17, 28, 20 }, // #
    { 12, 23, 14, 1, 20, 35, 48 }, // $
    { 14, 17, 14, 0, 17, 30, 83 }, // %
    { 15, 17, 14, 0, 17, 32, 113 }, // &
    { 4, 7, 14, 5, 17, 4, 145 }, // '
    { 9, 23, 14, 3, 20, 26, 149 }, // (
    { 8, 23, 14, 2, 20, 23, 175 }, // )
    { 14, 13, 14, 0, 14, 23, 198 }, // *
    { 12, 11, 14, 1, 13, 17, 221 }, // +
    { 5, 7, 14, 4, 3, 5, 238 }, // ,
    { 8, 3, 14, 3, 9, 3, 243 }, // -
    { 6, 4, 14, 4, 4, 3, 246 }, // .
    { 12, 22, 14, 1, 19, 33, 249 }, // /
    { 12, 17, 14, 1, 17, 26, 282 }, // 0
    { 12, 17, 14, 1, 17, 26, 308 }, // 1
    { 12, 17, 14, 1, 17, 26, 334 }, // 2
    { 12, 17, 14, 1, 17, 26, 360 }, // 3
    { 11, 17, 14, 1, 17, 24, 386 }, // 4
    { 12, 17, 14, 1, 17, 26, 410 }, // 5
    { 12, 17, 14, 1, 17, 26, 436 }, // 6
    { 12, 17, 14, 1, 17, 26, 462 }, // 7
    { 12, 17, 14, 1, 17, 26, 488 }, // 8
    { 12, 17, 14, 1, 17, 26, 514 }, // 9
    { 6, 13, 14, 4, 13, 10, 540 }, // :
    { 6, 17, 14, 4, 13, 13, 550 }, // ;
    { 12, 13, 14, 1, 14, 20, 563 }, // <
    { 11, 9, 14, 1, 12, 13, 583 }, // =
    { 12, 13, 14, 1, 14, 20, 596 }, // >
    { 10, 17, 14, 2, 17, 22, 616 }, // ?
    { 14, 21, 14, 0, 17, 37, 638 }, // @
    { 13, 17, 14, 0, 17, 28, 675 }, // A
    { 12, 17, 14, 1, 17, 26, 703 }, // B
    { 12, 17, 14, 1, 17, 26, 729 }, // C
    { 12, 17, 14, 1, 17, 26, 755 }, // D
    { 11, 17, 14, 2, 17, 24, 781 }, // E
    { 12, 17, 14, 1, 17, 26, 805 }, // F
    { 12, 17, 14, 1, 17, 26, 831 }, // G
    { 12, 17, 14, 1, 17, 26, 857 }, // H
    { 10, 17, 14, 2, 17, 22, 883 }, // I
    { 12, 17, 14, 0, 17, 26, 905 }, // J
    { 13, 17, 14, 1, 17, 28, 931 }, // K
    { 11, 17, 14, 2, 17, 24, 959 }, // L
    { 12, 17, 14, 1, 17, 26, 983 }, // M
    { 12, 17, 14, 1, 17, 26, 1009 }, // N
    { 12, 17, 14, 1, 17, 26, 1035 }, // O
    { 12, 17, 14, 1, 17, 26, 1061 }, // P
    { 12, 21, 14, 1, 17, 32, 1087 }, // Q
    { 12, 17, 14, 1, 17, 26, 1119 }, // R
    { 12, 17, 14, 1, 17, 26, 1145 }, // S
    { 12, 17, 14, 1, 17, 26, 1171 }, // T
    { 12, 17, 14, 1, 17, 26, 1197 }, // U
    { 13, 17, 14, 0, 17, 28, 1223 }, // V
    { 14, 17, 14, 0, 17, 30, 1251 }, // W
    { 14, 17, 14, 0, 17, 30, 1281 }, // X
    { 14, 17, 14, 0, 17, 30, 1311 }, // Y
    { 11, 17, 14, 1, 17, 24, 1341 }, // Z
    { 7, 22, 14, 4, 19, 20, 1365 }, // [
    { 12, 22, 14, 1, 19, 33, 1385 }, // <backslash>
    { 7, 22, 14, 3, 19, 20, 1418 }, // ]
    { 12, 9, 14, 1, 17, 14, 1438 }, // ^
    { 12, 3, 14, 1, 0, 5, 1452 }, // _
    { 6, 3, 14, 3, 18, 3, 1457 }, // `
    { 12, 13, 14, 1, 13, 20, 1460 }, // a
    { 12, 17, 14, 1, 17, 26, 1480 }, // b
    { 12, 13, 14, 1, 13, 20, 1506 }, // c
    { 12, 17, 14, 1, 17, 26, 1526 }, // d
    { 12, 13, 14, 1, 13, 20, 1552 }, // e
    { 12, 17, 14, 1, 17, 26, 1572 }, // f
    { 12, 17, 14, 1, 13, 26, 1598 }, // g
    { 12, 17, 14, 1, 17, 26, 1624 }, // h
    { 12, 18, 14, 1, 18, 27, 1650 }, // i
    { 10, 22, 14, 1, 18, 28, 1677 }, // j
    { 13, 17, 14, 1, 17, 28, 1705 }, // k
    { 13, 17, 14, 0, 17, 28, 1733 }, // l
    { 12, 13, 14, 1, 13, 20, 1761 }, // m
    { 12, 13, 14, 1, 13, 20, 1781 }, // n
    { 12, 13, 14, 1, 13, 20, 1801 }, // o
    { 12, 17, 14, 1, 13, 26, 1821 }, // p
    { 12, 17, 14, 1, 13, 26, 1847 }, // q
    { 11, 13, 14, 2, 13, 18, 1873 }, // r
    { 12, 13, 14, 1, 13, 20, 1891 }, // s
    { 13, 17, 14, 0, 17, 28, 1911 }, // t
    { 12, 13, 14, 1, 13, 20, 1939 }, // u
    { 13, 13, 14, 0, 13, 22, 1959 }, // v
    { 14, 13, 14, 0, 13, 23, 1981 }, // w
    { 13, 13, 14, 0, 13, 22, 2004 }, // x
    { 13, 17, 14, 0, 13, 28, 2026 }, // y
    { 11, 13, 14, 1, 13, 18, 2054 }, // z
    { 11, 22, 14, 1, 19, 31, 2072 }, // {
    { 4, 22, 14, 5, 19, 11, 2103 }, // |
    { 11, 22, 14, 2, 19, 31, 2114 }, // }
    { 12, 6, 14, 1, 11, 9, 2145 }, // ~
    { 0, 0, 14, 0, 0, 0, 2154 }, //  
    { 5, 17, 14, 4, 13, 11, 2154 }, // ¡
    { 12, 19, 14, 1, 16, 29, 2165 }, // ¢
    { 12, 17, 14, 1, 17, 26, 2194 }, // £
    { 13, 14, 14, 0, 15, 23, 2220 }, // ¤
    { 14, 17, 14, 0, 17, 30, 2243 }, // ¥
    { 4, 22, 14, 5, 19, 11, 2273 }, // ¦
    { 12, 21, 14, 1, 17, 32, 2284 }, // §
    { 10, 3, 14, 2, 18, 4, 2316 }, // ¨
    { 12, 15, 14, 1, 18, 23, 2320 }, // ©
    { 7, 7, 14, 3, 17, 7, 2343 }, // ª
    { 14, 11, 14, 0, 12, 20, 2350 }, // «
    { 10, 6, 14, 2, 10, 8, 2370 }, // ¬
    { 12, 15, 14, 1, 18, 23, 2378 }, // ®
    { 9, 3, 14, 2, 18, 4, 2401 }, // ¯
    { 8, 7, 14, 3, 17, 7, 2405 }, // °
    { 12, 13, 14, 1, 13, 20, 2412 }, // ±
    { 8, 10, 14, 3, 19, 10, 2432 }, // ²
    { 8, 10, 14, 3, 19, 10, 2442 }, // ³
    { 7, 3, 14, 4, 18, 3, 2452 }, // ´
    { 12, 17, 14, 1, 13, 26, 2455 }, // µ
    { 11, 21, 14, 1, 17, 29, 2481 }, // ¶
    { 6, 4, 14, 4, 10, 3, 2510 }, // ·
    { 6, 7, 14, 4, 1, 6, 2513 }, // ¸
    { 9, 10, 14, 3, 19, 12, 2519 }, // ¹
    { 7, 7, 14, 3, 17, 7, 2531 }, // º
    { 14, 11, 14, 0, 12, 20, 2538 }, // »
    { 15, 17, 14, -1, 17, 32, 2558 }, // ¼
    { 15, 17, 14, -1, 17, 32, 2590 }, // ½
    { 15, 17, 14, -1, 17, 32, 2622 }, // ¾
    { 10, 17, 14, 2, 13, 22, 2654 }, // ¿
    { 13, 22, 14, 0, 22, 36, 2676 }, // À
    { 13, 22, 14, 0, 22, 36, 2712 }, // Á
    { 13, 23, 14, 0, 23, 38, 2748 }, // Â
    { 13, 22, 14, 0, 22, 36, 2786 }, // Ã
    { 13, 22, 14, 0, 22, 36, 2822 }, // Ä
    { 13, 23, 14, 0, 23, 38, 2858 }, // Å
    { 14, 17, 14, 0, 17, 30, 2896 }, // Æ
    { 12, 22, 14, 1, 17, 33, 2926 }, // Ç
    { 11, 22, 14, 2, 22, 31, 2959 }, // È
    { 11, 22, 14, 2, 22, 31, 2990 }, // É
    { 11, 23, 14, 2, 23, 32, 3021 }, // Ê
    { 11, 22, 14, 2, 22, 31, 3053 }, // Ë
    { 10, 22, 14, 2, 22, 28, 3084 }, // Ì
    { 10, 22, 14, 2, 22, 28, 3112 }, // Í
    { 10, 23, 14, 2, 23, 29, 3140 }, // Î
    { 10, 22, 14, 2, 22, 28, 3169 }, // Ï
    { 13, 17, 14, 0, 17, 28, 3197 }, // Ð
    { 12, 22, 14, 1, 22, 33, 3225 }, // Ñ
    { 12, 22, 14, 1, 22, 33, 3258 }, // Ò
    { 12, 22, 14, 1, 22, 33, 3291 }, // Ó
    { 12, 23, 14, 1, 23, 35, 3324 }, // Ô
    { 12, 22, 14, 1, 22, 33, 3359 }, // Õ
    { 12, 22, 14, 1, 22, 33, 3392 }, // Ö
    { 10, 11, 14, 2, 13, 14, 3425 }, // ×
    { 14, 18, 14, 0, 17, 32, 3439 }, // Ø
    { 12, 22, 14, 1, 22, 33, 3471 }, // Ù
    { 12, 22, 14, 1, 22, 33, 3504 }, // Ú
    { 12, 23, 14, 1, 23, 35, 3537 }, // Û
    { 12, 22, 14, 1, 22, 33, 3572 }, // Ü
    { 14, 22, 14, 0, 22, 39, 3605 }, // Ý
    { 12, 17, 14, 1, 17, 26, 3644 }, // Þ
    { 12, 17, 14, 1, 17, 26, 3670 }, // ß
    { 12, 18, 14, 1, 18, 27, 3696 }, // à
    { 12, 18, 14, 1, 18, 27, 3723 }, // á
    { 12, 19, 14, 1, 19, 29, 3750 }, // â
    { 12, 18, 14, 1, 18, 27, 3779 }, // ã
    { 12, 18, 14, 1, 18, 27, 3806 }, // ä
    { 12, 19, 14, 1, 19, 29, 3833 }, // å
    { 14, 13, 14, 0, 13, 23, 3862 }, // æ
    { 12, 18, 14, 1, 13, 27, 3885 }, // ç
    { 12, 18, 14, 1, 18, 27, 3912 }, // è
    { 12, 18, 14, 1, 18, 27, 3939 }, // é
    { 12, 19, 14, 1, 19, 29, 3966 }, // ê
    { 12, 18, 14, 1, 18, 27, 3995 }, // ë
    { 12, 18, 14, 1, 18, 27, 4022 }, // ì
    { 12, 18, 14, 1, 18, 27, 4049 }, // í
    { 12, 19, 14, 1, 19, 29, 4076 }, // î
    { 12, 18, 14, 1, 18, 27, 4105 }, // ï
    { 12, 18, 14, 1, 18, 27, 4132 }, // ð
    { 12, 18, 14, 1, 18, 27, 4159 }, // ñ
    { 12, 18, 14, 1, 18, 27, 4186 }, // ò
    { 12, 18, 14, 1, 18, 27, 4213 }, // ó
    { 12, 19, 14, 1, 19, 29, 4240 }, // ô
    { 12, 18, 14, 1, 18, 27, 4269 }, // õ
    { 12, 18, 14, 1, 18, 27, 4296 }, // ö
    { 10, 14, 14, 2, 15, 18, 4323 }, // ÷
    { 14, 15, 14, 0, 14, 27, 4341 }, // ø
    { 12, 18, 14, 1, 18, 27, 4368 }, // ù
    { 12, 18, 14, 1, 18, 27, 4395 }, // ú
    { 12, 19, 14, 1, 19, 29, 4422 }, // û
    { 12, 18, 14, 1, 18, 27, 4451 }, // ü
    { 13, 22, 14, 0, 18, 36, 4478 }, // ý
    { 12, 21, 14, 1, 17, 32, 4514 }, // þ
    { 13, 22, 14, 0, 18, 36, 4546 }, // ÿ
    { 13, 22, 14, 0, 22, 36, 4582 }, // Ā
    { 12, 18, 14, 1, 18, 27, 4618 }, // ā
    { 13, 23, 14, 0, 23, 38, 4645 }, // Ă
    { 12, 19, 14, 1, 19, 29, 4683 }, // ă
    { 14, 22, 14, 0, 17, 39, 4712 }, // Ą
    { 13, 18, 14, 1, 13, 30, 4751 }, // ą
    { 12, 22, 14, 1, 22, 33, 4781 }, // Ć
    { 12, 18, 14, 1, 18, 27, 4814 }, // ć
    { 12, 23, 14, 1, 23, 35, 4841 }, // Ĉ
    { 12, 19, 14, 1, 19, 29, 4876 }, // ĉ
    { 12, 22, 14, 1, 22, 33, 4905 }, // Ċ
    { 12, 18, 14, 1, 18, 27, 4938 }, // ċ
    { 12, 23, 14, 1, 23, 35, 4965 }, // Č
    { 12, 19, 14, 1, 19, 29, 5000 }, // č
    { 12, 23, 14, 1, 23, 35, 5029 }, // Ď
    { 14, 17, 14, 1, 17, 30, 5064 }, // ď
    { 13, 17, 14, 0, 17, 28, 5094 }, // Đ
    { 13, 17, 14, 1, 17, 28, 5122 }, // đ
    { 11, 22, 14, 2, 22, 31, 5150 }, // Ē
    { 12, 18, 14, 1, 18, 27, 5181 }, // ē
    { 11, 23, 14, 2, 23, 32, 5208 }, // Ĕ
    { 12, 19, 14, 1, 19, 29, 5240 }, // ĕ
    { 11, 22, 14, 2, 22, 31, 5269 }, // Ė
    { 12, 18, 14, 1, 18, 27, 5300 }, // ė
    { 11, 22, 14, 2, 17, 31, 5327 }, // Ę
    { 12, 18, 14, 1, 13, 27, 5358 }, // ę
    { 11, 23, 14, 2, 23, 32, 5385 }, // Ě
    { 12, 19, 14, 1, 19, 29, 5417 }, // ě
    { 12, 23, 14, 1, 23, 35, 5446 }, // Ĝ
    { 12, 23, 14, 1, 19, 35, 5481 }, // ĝ
    { 12, 23, 14, 1, 23, 35, 5516 }, // Ğ
    { 12, 23, 14, 1, 19, 35, 5551 }, // ğ
    { 12, 22, 14, 1, 22, 33, 5586 }, // Ġ
    { 12, 22, 14, 1, 18, 33, 5619 }, // ġ
    { 12, 23, 14, 1, 17, 35, 5652 }, // Ģ
    { 12, 24, 14, 1, 20, 36, 5687 }, // ģ
    { 12, 23, 14, 1, 23, 35, 5723 }, // Ĥ
    { 15, 23, 14, -2, 23, 44, 5758 }, // ĥ
    { 14, 17, 14, 0, 17, 30, 5802 }, // Ħ
    { 13, 17, 14, 0, 17, 28, 5832 }, // ħ
    { 10, 22, 14, 2, 22, 28, 5860 }, // Ĩ
    { 12, 18, 14, 1, 18, 27, 5888 }, // ĩ
    { 10, 22, 14, 2, 22, 28, 5915 }, // Ī
    { 12, 18, 14, 1, 18, 27, 5943 }, // ī
    { 10, 23, 14, 2, 23, 29, 5970 }, // Ĭ
    { 12, 19, 14, 1, 19, 29, 5999 }, // ĭ
    { 10, 22, 14, 2, 17, 28, 6028 }, // Į
    { 12, 23, 14, 1, 18, 35, 6056 }, // į
    { 10, 22, 14, 2, 22, 28, 6091 }, // İ
    { 12, 13, 14, 1, 13, 20, 6119 }, // ı
    { 14, 17, 14, 0, 17, 30, 6139 }, // Ĳ
    { 12, 22, 14, 1, 18, 33, 6169 }, // ĳ
    { 15, 23, 14, 0, 23, 44, 6202 }, // Ĵ
    { 13, 23, 14, 1, 19, 38, 6246 }, // ĵ
    { 13, 23, 14, 1, 17, 38, 6284 }, // Ķ
    { 13, 23, 14, 1, 17, 38, 6322 }, // ķ
    { 13, 13, 14, 1, 13, 22, 6360 }, // ĸ
    { 11, 22, 14, 2, 22, 31, 6382 }, // Ĺ
    { 13, 22, 14, 0, 22, 36, 6413 }, // ĺ
    { 11, 23, 14, 2, 17, 32, 6449 }, // Ļ
    { 13, 23, 14, 0, 17, 38, 6481 }, // ļ
    { 11, 17, 14, 2, 17, 24, 6519 }, // Ľ
    { 13, 17, 14, 0, 17, 28, 6543 }, // ľ
    { 12, 17, 14, 2, 17, 26, 6571 }, // Ŀ
    { 16, 17, 14, 0, 17, 34, 6597 }, // ŀ
    { 13, 17, 14, 0, 17, 28, 6631 }, // Ł
    { 13, 17, 14, 0, 17, 28, 6659 }, // ł
    { 12, 22, 14, 1, 22, 33, 6687 }, // Ń
    { 12, 18, 14, 1, 18, 27, 6720 }, // ń
    { 12, 23, 14, 1, 17, 35, 6747 }, // Ņ
    { 12, 19, 14, 1, 13, 29, 6782 }, // ņ
    { 12, 23, 14, 1, 23, 35, 6811 }, // Ň
    { 12, 19, 14, 1, 19, 29, 6846 }, // ň
    { 14, 17, 14, -1, 17, 30, 6875 }, // ŉ
    { 12, 21, 14, 1, 17, 32, 6905 }, // Ŋ
    { 12, 17, 14, 1, 13, 26, 6937 }, // ŋ
    { 12, 22, 14, 1, 22, 33, 6963 }, // Ō
    { 12, 18, 14, 1, 18, 27, 6996 }, // ō
    { 12, 23, 14, 1, 23, 35, 7023 }, // Ŏ
    { 12, 19, 14, 1, 19, 29, 7058 }, // ŏ
    { 12, 22, 14, 1, 22, 33, 7087 }, // Ő
    { 12, 18, 14, 1, 18, 27, 7120 }, // ő
    { 14, 17, 14, 0, 17, 30, 7147 }, // Œ
    { 13, 13, 14, 0, 13, 22, 7177 }, // œ
    { 12, 22, 14, 1, 22, 33, 7199 }, // Ŕ
    { 11, 18, 14, 2, 18, 25, 7232 }, // ŕ
    { 12, 23, 14, 1, 17, 35, 7257 }, // Ŗ
    { 13, 19, 14, 0, 13, 31, 7292 }, // ŗ
    { 12, 23, 14, 1, 23, 35, 7323 }, // Ř
    { 11, 19, 14, 2, 19, 27, 7358 }, // ř
    { 12, 22, 14, 1, 22, 33, 7385 }, // Ś
    { 12, 18, 14, 1, 18, 27, 7418 }, // ś
    { 12, 23, 14, 1, 23, 35, 7445 }, // Ŝ
    { 12, 19, 14, 1, 19, 29, 7480 }, // ŝ
    { 12, 22, 14, 1, 17, 33, 7509 }, // Ş
    { 12, 18, 14, 1, 13, 27, 7542 }, // ş
    { 12, 23, 14, 1, 23, 35, 7569 }, // Š
    { 12, 19, 14, 1, 19, 29, 7604 }, // š
    { 12, 23, 14, 1, 17, 35, 7633 }, // Ţ
    { 13, 23, 14, 0, 17, 38, 7668 }, // ţ
    { 12, 23, 14, 1, 23, 35, 7706 }, // Ť
    { 13, 19, 14, 0, 19, 31, 7741 }, // ť
    { 12, 17, 14, 1, 17, 26, 7772 }, // Ŧ
    { 13, 17, 14, 0, 17, 28, 7798 }, // ŧ
    { 12, 22, 14, 1, 22, 33, 7826 }, // Ũ
    { 12, 18, 14, 1, 18, 27, 7859 }, // ũ
    { 12, 22, 14, 1, 22, 33, 7886 }, // Ū
    { 12, 18, 14, 1, 18, 27, 7919 }, // ū
    { 12, 23, 14, 1, 23, 35, 7946 }, // Ŭ
    { 12, 19, 14, 1, 19, 29, 7981 }, // ŭ
    { 12, 23, 14, 1, 23, 35, 8010 }, // Ů
    { 12, 19, 14, 1, 19, 29, 8045 }, // ů
    { 12, 22, 14, 1, 22, 33, 8074 }, // Ű
    { 12, 18, 14, 1, 18, 27, 8107 }, // ű
    { 12, 22, 14, 1, 17, 33, 8134 }, // Ų
    { 12, 18, 14, 1, 13, 27, 8167 }, // ų
    { 14, 23, 14, 0, 23, 41, 8194 }, // Ŵ
    { 14, 19, 14, 0, 19, 34, 8235 }, // ŵ
    { 14, 23, 14, 0, 23, 41, 8269 }, // Ŷ
    { 13, 23, 14, 0, 19, 38, 8310 }, // ŷ
    { 14, 22, 14, 0, 22, 39, 8348 }, // Ÿ
    { 11, 22, 14, 1, 22, 31, 8387 }, // Ź
    { 11, 18, 14, 1, 18, 25, 8418 }, // ź
    { 11, 22, 14, 1, 22, 31, 8443 }, // Ż
    { 11, 18, 14, 1, 18, 25, 8474 }, // ż
    { 11, 23, 14, 1, 23, 32, 8499 }, // Ž
    { 11, 19, 14, 1, 19, 27, 8531 }, // ž
    { 10, 17, 14, 3, 17, 22, 8558 }, // ſ
    { 7, 3, 0, -11, 18, 3, 8580 }, // ̀
    { 6, 3, 0, -9, 18, 3, 8583 }, // ́
    { 10, 4, 0, -12, 19, 5, 8586 }, // ̂
    { 9, 3, 0, -11, 18, 4, 8591 }, // ̃
    { 9, 3, 0, -11, 18, 4, 8595 }, // ̄
    { 9, 4, 0, -11, 19, 5, 8599 }, // ̆
    { 4, 3, 0, -9, 18, 2, 8604 }, // ̇
    { 10, 3, 0, -12, 18, 4, 8606 }, // ̈
    { 6, 5, 0, -10, 20, 4, 8610 }, // ̉
    { 7, 6, 0, -10, 19, 6, 8614 }, // ̊
    { 10, 3, 0, -11, 18, 4, 8620 }, // ̋
    { 10, 4, 0, -12, 19, 5, 8624 }, // ̌
    { 11, 3, 0, -13, 18, 5, 8629 }, // ̏
    { 7, 5, 0, -10, 20, 5, 8634 }, // ̒
    { 5, 5, 0, -6, 16, 4, 8639 }, // ̛
    { 4, 3, 0, -9, -2, 2, 8643 }, // ̣
    { 6, 5, 0, -10, -1, 4, 8645 }, // ̥
    { 6, 3, 0, -10, -3, 3, 8649 }, // ̦
    { 7, 7, 0, -10, 1, 7, 8652 }, // ̧
    { 6, 6, 0, -10, 1, 5, 8659 }, // ̨
    { 16, 3, 0, -15, 9, 6, 8664 }, // ̶
    { 14, 15, 0, -14, 14, 27, 8670 }, // ̷
    { 10, 18, 0, -12, 15, 23, 8697 }, // ̸
    { 11, 22, 14, 2, 22, 31, 8720 }, // Ё
    { 13, 21, 14, 0, 17, 35, 8751 }, // Ђ
    { 11, 22, 14, 2, 22, 31, 8786 }, // Ѓ
    { 12, 17, 14, 1, 17, 26, 8817 }, // Є
    { 12, 17, 14, 1, 17, 26, 8843 }, // Ѕ
    { 10, 17, 14, 2, 17, 22, 8869 }, // І
    { 10, 22, 14, 2, 22, 28, 8891 }, // Ї
    { 12, 17, 14, 0, 17, 26, 8919 }, // Ј
    { 15, 17, 14, -1, 17, 32, 8945 }, // Љ
    { 13, 17, 14, 1, 17, 28, 8977 }, // Њ
    { 13, 17, 14, 0, 17, 28, 9005 }, // Ћ
    { 13, 22, 14, 1, 22, 36, 9033 }, // Ќ
    { 13, 23, 14, 0, 23, 38, 9069 }, // Ў
    { 11, 20, 14, 1, 17, 28, 9107 }, // Џ
    { 13, 17, 14, 0, 17, 28, 9135 }, // А
    { 12, 17, 14, 1, 17, 26, 9163 }, // Б
    { 12, 17, 14, 1, 17, 26, 9189 }, // В
    { 11, 17, 14, 2, 17, 24, 9215 }, // Г
    { 14, 21, 14, 0, 17, 37, 9239 }, // Д
    { 11, 17, 14, 2, 17, 24, 9276 }, // Е
    { 14, 17, 14, 0, 17, 30, 9300 }, // Ж
    { 13, 17, 14, 0, 17, 28, 9330 }, // З
    { 12, 17, 14, 1, 17, 26, 9358 }, // И
    { 12, 23, 14, 1, 23, 35, 9384 }, // Й
    { 13, 17, 14, 1, 17, 28, 9419 }, // К
    { 12, 17, 14, 0, 17, 26, 9447 }, // Л
    { 12, 17, 14, 1, 17, 26, 9473 }, // М
    { 12, 17, 14, 1, 17, 26, 9499 }, // Н
    { 12, 17, 14, 1, 17, 26, 9525 }, // О
    { 11, 17, 14, 1, 17, 24, 9551 }, // П
    { 12, 17, 14, 1, 17, 26, 9575 }, // Р
    { 12, 17, 14, 1, 17, 26, 9601 }, // С
    { 12, 17, 14, 1, 17, 26, 9627 }, // Т
    { 13, 17, 14, 0, 17, 28, 9653 }, // У
    { 14, 19, 14, 0, 18, 34, 9681 }, // Ф
    { 14, 17, 14, 0, 17, 30, 9715 }, // Х
    { 13, 21, 14, 1, 17, 35, 9745 }, // Ц
    { 11, 17, 14, 1, 17, 24, 9780 }, // Ч
    { 12, 17, 14, 1, 17, 26, 9804 }, // Ш
    { 13, 21, 14, 1, 17, 35, 9830 }, // Щ
    { 14, 17, 14, -1, 17, 30, 9865 }, // Ъ
    { 12, 17, 14, 1, 17, 26, 9895 }, // Ы
    { 12, 17, 14, 1, 17, 26, 9921 }, // Ь
    { 12, 17, 14, 1, 17, 26, 9947 }, // Э
    { 13, 17, 14, 1, 17, 28, 9973 }, // Ю
    { 11, 17, 14, 1, 17, 24, 10001 }, // Я
    { 12, 13, 14, 1, 13, 20, 10025 }, // а
    { 12, 18, 14, 1, 18, 27, 10045 }, // б
    { 12, 13, 14, 1, 13, 20, 10072 }, // в
    { 11, 13, 14, 2, 13, 18, 10092 }, // г
    { 14, 17, 14, 0, 13, 30, 10110 }, // д
    { 12, 13, 14, 1, 13, 20, 10140 }, // е
    { 14, 13, 14, 0, 13, 23, 10160 }, // ж
    { 12, 13, 14, 1, 13, 20, 10183 }, // з
    { 12, 13, 14, 1, 13, 20, 10203 }, // и
    { 12, 19, 14, 1, 19, 29, 10223 }, // й
    { 13, 13, 14, 1, 13, 22, 10252 }, // к
    { 13, 13, 14, 0, 13, 22, 10274 }, // л
    { 12, 13, 14, 1, 13, 20, 10296 }, // м
    { 12, 13, 14, 1, 13, 20, 10316 }, // н
    { 12, 13, 14, 1, 13, 20, 10336 }, // о
    { 12, 13, 14, 1, 13, 20, 10356 }, // п
    { 12, 17, 14, 1, 13, 26, 10376 }, // р
    { 12, 13, 14, 1, 13, 20, 10402 }, // с
    { 12, 13, 14, 1, 13, 20, 10422 }, // т
    { 13, 17, 14, 0, 13, 28, 10442 }, // у
    { 13, 21, 14, 0, 17, 35, 10470 }, // ф
    { 13, 13, 14, 0, 13, 22, 10505 }, // х
    { 13, 17, 14, 1, 13, 28, 10527 }, // ц
    { 11, 13, 14, 1, 13, 18, 10555 }, // ч
    { 12, 13, 14, 1, 13, 20, 10573 }, // ш
    { 13, 17, 14, 1, 13, 28, 10593 }, // щ
    { 14, 13, 14, 0, 13, 23, 10621 }, // ъ
    { 12, 13, 14, 1, 13, 20, 10644 }, // ы
    { 11, 13, 14, 2, 13, 18, 10664 }, // ь
    { 12, 13, 14, 1, 13, 20, 10682 }, // э
    { 13, 13, 14, 1, 13, 22, 10702 }, // ю
    { 12, 13, 14, 1, 13, 20, 10724 }, // я
    { 12, 18, 14, 1, 18, 27, 10744 }, // ё
    { 13, 21, 14, 0, 17, 35, 10771 }, // ђ
    { 11, 18, 14, 2, 18, 25, 10806 }, // ѓ
    { 12, 13, 14, 1, 13, 20, 10831 }, // є
    { 12, 13, 14, 1, 13, 20, 10851 }, // ѕ
    { 12, 18, 14, 1, 18, 27, 10871 }, // і
    { 12, 18, 14, 1, 18, 27, 10898 }, // ї
    { 10, 22, 14, 1, 18, 28, 10925 }, // ј
    { 15, 13, 14, -1, 13, 25, 10953 }, // љ
    { 13, 13, 14, 1, 13, 22, 10978 }, // њ
    { 13, 17, 14, 0, 17, 28, 11000 }, // ћ
    { 13, 18, 14, 1, 18, 30, 11028 }, // ќ
    { 13, 23, 14, 0, 19, 38, 11058 }, // ў
    { 12, 16, 14, 1, 13, 24, 11096 }, // џ
    { 11, 19, 14, 2, 19, 27, 11120 }, // Ґ
    { 11, 15, 14, 2, 15, 21, 11147 }, // ґ
    { 13, 17, 14, 0, 17, 28, 11168 }, // Ғ
    { 13, 13, 14, 0, 13, 22, 11196 }, // ғ
    { 13, 20, 14, 1, 17, 33, 11218 }, // Қ
    { 13, 16, 14, 1, 13, 26, 11251 }, // қ
    { 13, 20, 14, 1, 17, 33, 11277 }, // Ң
    { 13, 16, 14, 1, 13, 26, 11310 }, // ң
    { 14, 17, 14, 0, 17, 30, 11336 }, // Ү
    { 13, 17, 14, 0, 13, 28, 11366 }, // ү
    { 14, 17, 14, 0, 17, 30, 11394 }, // Ұ
    { 13, 17, 14, 0, 13, 28, 11424 }, // ұ
    { 12, 20, 14, 1, 17, 30, 11452 }, // Ҷ
    { 13, 16, 14, 1, 13, 26, 11482 }, // ҷ
    { 12, 17, 14, 1, 17, 26, 11508 }, // Һ
    { 12, 13, 14, 1, 13, 20, 11534 }, // һ
    { 12, 17, 14, 1, 17, 26, 11554 }, // Ә
    { 12, 13, 14, 1, 13, 20, 11580 }, // ә
    { 14, 22, 14, 0, 22, 39, 11600 }, // Ӝ
    { 14, 18, 14, 0, 18, 32, 11639 }, // ӝ
    { 13, 22, 14, 0, 22, 36, 11671 }, // Ӟ
    { 12, 18, 14, 1, 18, 27, 11707 }, // ӟ
    { 12, 22, 14, 1, 22, 33, 11734 }, // Ӥ
    { 12, 18, 14, 1, 18, 27, 11767 }, // ӥ
    { 12, 22, 14, 1, 22, 33, 11794 }, // Ӧ
    { 12, 18, 14, 1, 18, 27, 11827 }, // ӧ
    { 12, 17, 14, 1, 17, 26, 11854 }, // Ө
    { 12, 13, 14, 1, 13, 20, 11880 }, // ө
    { 11, 22, 14, 1, 22, 31, 11900 }, // Ӵ
    { 11, 18, 14, 1, 18, 25, 11931 }, // ӵ
    { 0, 0, 14, 0, 0, 0, 11956 }, //  
    { 0, 0, 14, 0, 0, 0, 11956 }, // ​
    { 8, 3, 14, 3, 9, 3, 11956 }, // ‐
    { 12, 3, 14, 1, 9, 5, 11959 }, // –
    { 14, 3, 14, 0, 9, 6, 11964 }, // —
    { 10, 22, 14, 2, 19, 28, 11970 }, // ‖
    { 6, 7, 14, 4, 17, 6, 11998 }, // ‘
    { 6, 7, 14, 4, 16, 6, 12004 }, // ’
    { 6, 7, 14, 4, 3, 6, 12010 }, // ‚
    { 6, 7, 14, 4, 17, 6, 12016 }, // ‛
    { 11, 7, 14, 1, 17, 10, 12022 }, // “
    { 11, 7, 14, 1, 17, 10, 12032 }, // ”
    { 12, 7, 14, 1, 3, 11, 12042 }, // „
    { 11, 7, 14, 1, 17, 10, 12053 }, // ‟
    { 12, 22, 14, 1, 19, 33, 12063 }, // †
    { 12, 22, 14, 1, 19, 33, 12096 }, // ‡
    { 7, 6, 14, 3, 11, 6, 12129 }, // •
    { 6, 4, 14, 4, 4, 3, 12135 }, // ․
    { 12, 4, 14, 1, 4, 6, 12138 }, // …
    { 16, 17, 14, -1, 17, 34, 12144 }, // ‰
    { 5, 7, 14, 4, 16, 5, 12178 }, // ′
    { 11, 7, 14, 1, 16, 10, 12183 }, // ″
    { 14, 7, 14, 0, 16, 13, 12193 }, // ‴
    { 8, 11, 14, 3, 12, 11, 12206 }, // ‹
    { 8, 11, 14, 3, 12, 11, 12217 }, // ›
    { 10, 17, 14, 2, 17, 22, 12228 }, // ‼
    { 10, 17, 14, 2, 17, 22, 12250 }, // ‽
    { 16, 3, 14, -1, 20, 6, 12272 }, // ‾
    { 14, 4, 14, 0, 0, 7, 12278 }, // ‿
    { 15, 17, 14, -1, 17, 32, 12285 }, // ⁄
    { 7, 22, 14, 4, 19, 20, 12317 }, // ⁅
    { 7, 22, 14, 3, 19, 20, 12337 }, // ⁆
    { 9, 10, 14, 2, 19, 12, 12357 }, // ⁰
    { 8, 10, 14, 3, 19, 10, 12369 }, // ⁴
    { 8, 10, 14, 3, 19, 10, 12379 }, // ⁵
    { 9, 10, 14, 2, 19, 12, 12389 }, // ⁶
    { 8, 10, 14, 3, 19, 10, 12401 }, // ⁷
    { 9, 10, 14, 2, 19, 12, 12411 }, // ⁸
    { 8, 10, 14, 3, 19, 10, 12423 }, // ⁹
    { 8, 6, 14, 3, 13, 6, 12433 }, // ⁺
    { 8, 6, 14, 3, 16, 6, 12439 }, // ⁼
    { 9, 10, 14, 2, 7, 12, 12445 }, // ₀
    { 9, 10, 14, 3, 7, 12, 12457 }, // ₁
    { 8, 10, 14, 3, 7, 10, 12469 }, // ₂
    { 8, 10, 14, 3, 7, 10, 12479 }, // ₃
    { 8, 10, 14, 3, 7, 10, 12489 }, // ₄
    { 8, 10, 14, 3, 7, 10, 12499 }, // ₅
    { 9, 10, 14, 2, 7, 12, 12509 }, // ₆
    { 8, 10, 14, 3, 7, 10, 12521 }, // ₇
    { 9, 10, 14, 2, 7, 12, 12531 }, // ₈
    { 8, 10, 14, 3, 7, 10, 12543 }, // ₉
    { 13, 20, 14, 1, 17, 33, 12553 }, // ₫
    { 13, 17, 14, 0, 17, 28, 12586 }, // €
    { 13, 17, 14, 0, 17, 28, 12614 }, // ₮
    { 12, 17, 14, 1, 17, 26, 12642 }, // ₴
    { 13, 17, 14, 0, 17, 28, 12668 }, // ₽
    { 12, 23, 14, 1, 20, 35, 12696 }, // ₿
    { 14, 14, 14, 0, 14, 25, 12731 }, // ←
    { 14, 18, 14, 0, 18, 32, 12756 }, // ↑
    { 14, 14, 14, 0, 14, 25, 12788 }, // →
    { 14, 18, 14, 0, 17, 32, 12813 }, // ↓
    { 19, 14, 14, -3, 14, 34, 12845 }, // ↔
    { 14, 25, 14, 0, 21, 44, 12879 }, // ↕
    { 13, 13, 14, 1, 17, 22, 12923 }, // ↖
    { 13, 13, 14, 0, 17, 22, 12945 }, // ↗
    { 13, 12, 14, 0, 12, 20, 12967 }, // ↘
    { 13, 12, 14, 1, 12, 20, 12987 }, // ↙
    { 14, 7, 14, 0, 11, 13, 13007 }, // ↝
    { 14, 8, 14, 0, 10, 14, 13020 }, // ↞
    { 14, 8, 14, 0, 10, 14, 13034 }, // ↠
    { 14, 8, 14, 0, 10, 14, 13048 }, // ↢
    { 14, 8, 14, 0, 10, 14, 13062 }, // ↣
    { 10, 13, 14, 2, 13, 17, 13076 }, // ↥
    { 14, 8, 14, 0, 10, 14, 13093 }, // ↦
    { 10, 13, 14, 2, 13, 17, 13107 }, // ↧
    { 14, 15, 14, 0, 17, 27, 13124 }, // ↩
    { 14, 15, 14, 0, 17, 27, 13151 }, // ↪
    { 14, 9, 14, 0, 11, 16, 13178 }, // ↭
    { 7, 24, 14, 5, 20, 21, 13194 }, // ↾
    { 14, 15, 14, 0, 14, 27, 13215 }, // ⇉
    { 14, 14, 14, 0, 15, 25, 13242 }, // ⇐
    { 16, 24, 14, -1, 20, 48, 13267 }, // ⇑
    { 14, 14, 14, 0, 15, 25, 13315 }, // ⇒
    { 16, 24, 14, -1, 19, 48, 13340 }, // ⇓
    { 18, 14, 14, -2, 15, 32, 13388 }, // ⇔
    { 14, 14, 14, 0, 15, 25, 13420 }, // ⇛
    { 10, 18, 14, 2, 18, 23, 13445 }, // ⇞
    { 10, 18, 14, 2, 17, 23, 13468 }, // ⇟
    { 14, 10, 14, 0, 12, 18, 13491 }, // ⇥
    { 14, 19, 14, 0, 19, 34, 13509 }, // ⇧
    { 14, 14, 14, 0, 15, 25, 13543 }, // ⇨
    { 14, 19, 14, 0, 19, 34, 13568 }, // ⇪
    { 13, 17, 14, 0, 17, 28, 13602 }, // ∀
    { 8, 13, 14, 3, 13, 13, 13630 }, // ∁
    { 12, 17, 14, 1, 17, 26, 13643 }, // ∂
    { 11, 17, 14, 1, 17, 24, 13669 }, // ∃
    { 11, 22, 14, 1, 19, 31, 13693 }, // ∄
    { 16, 17, 14, -1, 17, 34, 13724 }, // ∅
    { 13, 17, 14, 0, 17, 28, 13758 }, // ∆
    { 13, 18, 14, 0, 17, 30, 13786 }, // ∇
    { 14, 14, 14, 0, 15, 25, 13816 }, // ∈
    { 14, 20, 14, 0, 18, 35, 13841 }, // ∉
    { 8, 8, 14, 3, 11, 8, 13876 }, // ∊
    { 14, 14, 14, 0, 15, 25, 13884 }, // ∋
    { 14, 20, 14, 0, 18, 35, 13909 }, // ∌
    { 10, 12, 14, 2, 12, 15, 13944 }, // ∎
    { 14, 21, 14, 0, 17, 37, 13959 }, // ∏
    { 14, 21, 14, 0, 17, 37, 13996 }, // ∐
    { 12, 21, 14, 1, 17, 32, 14033 }, // ∑
    { 8, 3, 14, 3, 9, 3, 14065 }, // −
    { 12, 13, 14, 1, 13, 20, 14068 }, // ∓
    { 15, 17, 14, -1, 17, 32, 14088 }, // ∕
    { 6, 6, 14, 4, 11, 5, 14120 }, // ∘
    { 6, 4, 14, 4, 10, 3, 14125 }, // ∙
    { 14, 17, 14, 0, 17, 30, 14128 }, // √
    { 14, 8, 14, 0, 12, 14, 14158 }, // ∞
    { 4, 17, 14, 5, 17, 9, 14172 }, // ∣
    { 11, 17, 14, 1, 17, 24, 14181 }, // ∤
    { 8, 17, 14, 3, 17, 17, 14205 }, // ∥
    { 13, 12, 14, 0, 13, 20, 14222 }, // ∧
    { 13, 12, 14, 0, 13, 20, 14242 }, // ∨
    { 14, 18, 14, 0, 17, 32, 14262 }, // ∩
    { 14, 17, 14, 0, 17, 30, 14294 }, // ∪
    { 13, 21, 14, 0, 17, 35, 14324 }, // ∫
    { 14, 13, 14, 0, 13, 23, 14359 }, // ∴
    { 14, 13, 14, 0, 13, 23, 14382 }, // ∵
    { 6, 13, 14, 4, 13, 10, 14405 }, // ∶
    { 12, 12, 14, 1, 12, 18, 14415 }, // ∷
    { 8, 8, 14, 3, 11, 8, 14433 }, // ∸
    { 14, 11, 14, 0, 13, 20, 14441 }, // ∹
    { 12, 6, 14, 1, 11, 9, 14461 }, // ∼
    { 14, 8, 14, 0, 12, 14, 14470 }, // ∾
    { 12, 10, 14, 1, 13, 15, 14484 }, // ≃
    { 12, 16, 14, 1, 17, 24, 14499 }, // ≅
    { 12, 20, 14, 1, 18, 30, 14523 }, // ≇
    { 12, 11, 14, 1, 13, 17, 14553 }, // ≈
    { 12, 20, 14, 1, 18, 30, 14570 }, // ≉
    { 12, 16, 14, 1, 16, 24, 14600 }, // ≋
    { 14, 11, 14, 0, 13, 20, 14624 }, // ≍
    { 15, 11, 14, -1, 13, 21, 14644 }, // ≔
    { 11, 16, 14, 1, 17, 22, 14665 }, // ≗
    { 11, 18, 14, 1, 19, 25, 14687 }, // ≟
    { 11, 20, 14, 1, 18, 28, 14712 }, // ≠
    { 11, 14, 14, 1, 15, 20, 14740 }, // ≡
    { 11, 20, 14, 1, 18, 28, 14760 }, // ≢
    { 11, 14, 14, 1, 15, 20, 14788 }, // ≣
    { 12, 17, 14, 1, 17, 26, 14808 }, // ≤
    { 12, 17, 14, 1, 17, 26, 14834 }, // ≥
    { 14, 13, 14, 0, 14, 23, 14860 }, // ≪
    { 14, 13, 14, 0, 14, 23, 14883 }, // ≫
    { 8, 16, 14, 3, 14, 16, 14906 }, // ≬
    { 14, 16, 14, 0, 15, 28, 14922 }, // ≭
    { 12, 19, 14, 1, 17, 29, 14950 }, // ≮
    { 12, 19, 14, 1, 17, 29, 14979 }, // ≯
    { 12, 21, 14, 1, 18, 32, 15008 }, // ≰
    { 12, 21, 14, 1, 18, 32, 15040 }, // ≱
    { 12, 18, 14, 1, 18, 27, 15072 }, // ≲
    { 12, 18, 14, 1, 18, 27, 15099 }, // ≳
    { 12, 13, 14, 1, 14, 20, 15126 }, // ≺
    { 12, 13, 14, 1, 14, 20, 15146 }, // ≻
    { 12, 17, 14, 1, 17, 26, 15166 }, // ≼
    { 14, 12, 14, 0, 15, 21, 15192 }, // ⊂
    { 14, 12, 14, 0, 15, 21, 15213 }, // ⊃
    { 14, 20, 14, 0, 19, 35, 15234 }, // ⊄
    { 14, 20, 14, 0, 19, 35, 15269 }, // ⊅
    { 14, 16, 14, 0, 16, 28, 15304 }, // ⊆
    { 14, 16, 14, 0, 16, 28, 15332 }, // ⊇
    { 14, 22, 14, 0, 19, 39, 15360 }, // ⊈
    { 14, 22, 14, 0, 19, 39, 15399 }, // ⊉
    { 12, 17, 14, 1, 17, 26, 15438 }, // ⊎
    { 14, 12, 14, 0, 14, 21, 15464 }, // ⊏
    { 14, 12, 14, 0, 14, 21, 15485 }, // ⊐
    { 14, 16, 14, 0, 16, 28, 15506 }, // ⊑
    { 14, 16, 14, 0, 16, 28, 15534 }, // ⊒
    { 12, 13, 14, 1, 13, 20, 15562 }, // ⊓
    { 12, 13, 14, 1, 13, 20, 15582 }, // ⊔
    { 16, 15, 14, -1, 15, 30, 15602 }, // ⊕
    { 16, 14, 14, -1, 15, 28, 15632 }, // ⊖
    { 16, 15, 14, -1, 15, 30, 15660 }, // ⊗
    { 16, 15, 14, -1, 15, 30, 15690 }, // ⊘
    { 16, 14, 14, -1, 14, 28, 15720 }, // ⊙
    { 16, 15, 14, -1, 15, 30, 15748 }, // ⊛
    { 16, 15, 14, -1, 15, 30, 15778 }, // ⊜
    { 16, 15, 14, -1, 15, 30, 15808 }, // ⊝
    { 14, 14, 14, 0, 15, 25, 15838 }, // ⊞
    { 14, 15, 14, 0, 15, 27, 15863 }, // ⊟
    { 14, 15, 14, 0, 15, 27, 15890 }, // ⊠
    { 14, 15, 14, 0, 15, 27, 15917 }, // ⊡
    { 14, 14, 14, 0, 14, 25, 15944 }, // ⊢
    { 14, 14, 14, 0, 14, 25, 15969 }, // ⊣
    { 14, 14, 14, 0, 14, 25, 15994 }, // ⊤
    { 14, 14, 14, 0, 14, 25, 16019 }, // ⊥
    { 12, 17, 14, 1, 17, 26, 16044 }, // ⊴
    { 14, 4, 14, 0, 9, 7, 16070 }, // ⊸
    { 13, 16, 14, 0, 16, 26, 16077 }, // ⊻
    { 14, 17, 14, 0, 18, 30, 16103 }, // ⊼
    { 14, 17, 14, 0, 18, 30, 16133 }, // ⊽
    { 14, 18, 14, 0, 17, 32, 16163 }, // ⋂
    { 14, 17, 14, 0, 17, 30, 16195 }, // ⋃
    { 8, 7, 14, 3, 11, 7, 16225 }, // ⋄
    { 6, 7, 14, 4, 12, 6, 16232 }, // ⋆
    { 14, 15, 14, 0, 16, 27, 16238 }, // ⋈
    { 14, 15, 14, 0, 16, 27, 16265 }, // ⋉
    { 14, 15, 14, 0, 16, 27, 16292 }, // ⋊
    { 14, 13, 14, 0, 13, 23, 16319 }, // ⋎
    { 14, 14, 14, 0, 15, 25, 16342 }, // ⋐
    { 14, 22, 14, 0, 19, 39, 16367 }, // ⋢
    { 4, 14, 14, 5, 15, 7, 16406 }, // ⋮
    { 16, 4, 14, -1, 10, 8, 16413 }, // ⋯
    { 16, 14, 14, -1, 15, 28, 16421 }, // ⋰
    { 16, 14, 14, -1, 15, 28, 16449 }, // ⋱
    { 16, 17, 14, -1, 17, 34, 16477 }, // �
};

static const EpdUnicodeInterval jetbrainsmono_11_boldIntervals[] = {
    { 0xD, 0xD, 0x0 },
    { 0x20, 0x7E, 0x1 },
    { 0xA0, 0xAC, 0x60 },
    { 0xAE, 0xFF, 0x6D },
    { 0x100, 0x17F, 0xBF },
    { 0x300, 0x304, 0x13F },
    { 0x306, 0x30C, 0x144 },
    { 0x30F, 0x30F, 0x14B },
    { 0x312, 0x312, 0x14C },
    { 0x31B, 0x31B, 0x14D },
    { 0x323, 0x323, 0x14E },
    { 0x325, 0x328, 0x14F },
    { 0x336, 0x338, 0x153 },
    { 0x401, 0x40C, 0x156 },
    { 0x40E, 0x44F, 0x162 },
    { 0x451, 0x45C, 0x1A4 },
    { 0x45E, 0x45F, 0x1B0 },
    { 0x490, 0x493, 0x1B2 },
    { 0x49A, 0x49B, 0x1B6 },
    { 0x4A2, 0x4A3, 0x1B8 },
    { 0x4AE, 0x4B1, 0x1BA },
    { 0x4B6, 0x4B7, 0x1BE },
    { 0x4BA, 0x4BB, 0x1C0 },
    { 0x4D8, 0x4D9, 0x1C2 },
    { 0x4DC, 0x4DF, 0x1C4 },
    { 0x4E4, 0x4E9, 0x1C8 },
    { 0x4F4, 0x4F5, 0x1CE },
    { 0x2001, 0x2001, 0x1D0 },
    { 0x200B, 0x200B, 0x1D1 },
    { 0x2010, 0x2010, 0x1D2 },
    { 0x2013, 0x2014, 0x1D3 },
    { 0x2016, 0x2016, 0x1D5 },
    { 0x2018, 0x2022, 0x1D6 },
    { 0x2024, 0x2024, 0x1E1 },
    { 0x2026, 0x2026, 0x1E2 },
    { 0x2030, 0x2030, 0x1E3 },
    { 0x2032, 0x2034, 0x1E4 },
    { 0x2039, 0x203A, 0x1E7 },
    { 0x203C, 0x203F, 0x1E9 },
    { 0x2044, 0x2046, 0x1ED },
    { 0x2070, 0x2070, 0x1F0 },
    { 0x2074, 0x207A, 0x1F1 },
    { 0x207C, 0x207C, 0x1F8 },
    { 0x2080, 0x2089, 0x1F9 },
    { 0x20AB, 0x20AC, 0x203 },
    { 0x20AE, 0x20AE, 0x205 },
    { 0x20B4, 0x20B4, 0x206 },
    { 0x20BD, 0x20BD, 0x207 },
    { 0x20BF, 0x20BF, 0x208 },
    { 0x2190, 0x2199, 0x209 },
    { 0x219D, 0x219E, 0x213 },
    { 0x21A0, 0x21A0, 0x215 },
    { 0x21A2, 0x21A3, 0x216 },
    { 0x21A5, 0x21A7, 0x218 },
    { 0x21A9, 0x21AA, 0x21B },
    { 0x21AD, 0x21AD, 0x21D },
    { 0x21BE, 0x21BE, 0x21E },
    { 0x21C9, 0x21C9, 0x21F },
    { 0x21D0, 0x21D4, 0x220 },
    { 0x21DB, 0x21DB, 0x225 },
    { 0x21DE, 0x21DF, 0x226 },
    { 0x21E5, 0x21E5, 0x228 },
    { 0x21E7, 0x21E8, 0x229 },
    { 0x21EA, 0x21EA, 0x22B },
    { 0x2200, 0x220C, 0x22C },
    { 0x220E, 0x2213, 0x239 },
    { 0x2215, 0x2215, 0x23F },
    { 0x2218, 0x221A, 0x240 },
    { 0x221E, 0x221E, 0x243 },
    { 0x2223, 0x2225, 0x244 },
    { 0x2227, 0x222B, 0x247 },
    { 0x2234, 0x2239, 0x24C },
    { 0x223C, 0x223C, 0x252 },
    { 0x223E, 0x223E, 0x253 },
    { 0x2243, 0x2243, 0x254 },
    { 0x2245, 0x2245, 0x255 },
    { 0x2247, 0x2249, 0x256 },
    { 0x224B, 0x224B, 0x259 },
    { 0x224D, 0x224D, 0x25A },
    { 0x2254, 0x2254, 0x25B },
    { 0x2257, 0x2257, 0x25C },
    { 0x225F, 0x2265, 0x25D },
    { 0x226A, 0x2273, 0x264 },
    { 0x227A, 0x227C, 0x26E },
    { 0x2282, 0x2289, 0x271 },
    { 0x228E, 0x2299, 0x279 },
    { 0x229B, 0x22A5, 0x285 },
    { 0x22B4, 0x22B4, 0x290 },
    { 0x22B8, 0x22B8, 0x291 },
    { 0x22BB, 0x22BD, 0x292 },
    { 0x22C2, 0x22C4, 0x295 },
    { 0x22C6, 0x22C6, 0x298 },
    { 0x22C8, 0x22CA, 0x299 },
    { 0x22CE, 0x22CE, 0x29C },
    { 0x22D0, 0x22D0, 0x29D },
    { 0x22E2, 0x22E2, 0x29E },
    { 0x22EE, 0x22F1, 0x29F },
    { 0xFFFD, 0xFFFD, 0x2A3 },
};

static const EpdFontData jetbrainsmono_11_bold = {
    jetbrainsmono_11_boldBitmaps,
    jetbrainsmono_11_boldGlyphs,
    jetbrainsmono_11_boldIntervals,
    98,
    30,
    24,
    -7,
    false,
};
