/**
 * generated by fontconvert.py
 * name: jetbrainsmono_9_regular
 * size: 9
 * mode: 1-bit
 * Command used: fontconvert.py jetbrainsmono_9_regular 9 ../builtinFonts/source/JetBrainsMono/JetBrainsMono-Regular.ttf
 */
#pragma once
#include "EpdFontData.h"

static const uint8_t jetbrainsmono_9_regularBitmaps[11172] = {
    0xEE, 0xEE, 0xEE, 0xEE, 0x66, 0x04, 0xEE, 0xEF, 0xDF, 0xBF, 0x7E, 0xFC, 0xC0, 0x0C, 0xC3, 0x98,
    0x63, 0x3F, 0xF7, 0xFE, 0x33, 0x06, 0x61, 0x8C, 0xFF, 0xDF, 0xF8, 0xCC, 0x19, 0x87, 0x30, 0xC6,
    0x00, 0x0C, 0x03, 0x01, 0xC0, 0xFC, 0x7F, 0x9B, 0x6E, 0xD9, 0xB0, 0x7C, 0x0F, 0x81, 0xF0, 0x3E,
    0x0D, 0xB3, 0x6E, 0xD9, 0xFE, 0x7F, 0x07, 0x80, 0xC0, 0x30, 0x78, 0x6F, 0xCE, 0xCC, 0xCC, 0xD8,
    0xFF, 0x87, 0xB0, 0x06, 0x00, 0xFC, 0x0F, 0xE1, 0xB6, 0x37, 0x63, 0x76, 0x63, 0xEC, 0x3E, 0x1F,
    0x03, 0xF8, 0x31, 0x83, 0x18, 0x38, 0x03, 0xC0, 0x7C, 0x0F, 0x67, 0xE7, 0xEE, 0x3C, 0xE3, 0xCE,
    0x7C, 0x7E, 0xE3, 0xC7, 0xFF, 0xFE, 0xC0, 0x0E, 0x3C, 0xE3, 0x86, 0x1C, 0x38, 0x70, 0xE1, 0xC3,
    0x87, 0x0E, 0x0C, 0x1C, 0x3C, 0x3C, 0x3C, 0x00, 0xC3, 0xC7, 0x8E, 0x1C, 0x30, 0xC3, 0x0C, 0x30,
    0xC3, 0x0C, 0x71, 0xCE, 0xF3, 0x88, 0x00, 0x06, 0x00, 0xC0, 0x18, 0x3B, 0xF7, 0xFE, 0x3F, 0x03,
    0xC0, 0xDC, 0x39, 0x86, 0x30, 0x00, 0x00, 0x1C, 0x07, 0x01, 0xC3, 0xFE, 0xFF, 0xC7, 0x01, 0xC0,
    0x70, 0x1C, 0x00, 0x33, 0x9C, 0xE6, 0x30, 0xFF, 0xFC, 0xEF, 0xE0, 0x01, 0x81, 0xC0, 0xE0, 0x60,
    0x70, 0x38, 0x18, 0x1C, 0x0C, 0x06, 0x07, 0x03, 0x03, 0x81, 0xC0, 0xC0, 0xE0, 0x70, 0x30, 0x38,
    0x00, 0x3F, 0x3F, 0xF8, 0xFC, 0x3E, 0x1F, 0x0F, 0xF7, 0xFB, 0xE1, 0xF0, 0xF8, 0x7C, 0x77, 0xF9,
    0xF8, 0x1E, 0x1F, 0x8F, 0xE3, 0x38, 0x0E, 0x03, 0x80, 0xE0, 0x38, 0x0E, 0x03, 0x80, 0xE0, 0x38,
    0xFF, 0xFF, 0xF0, 0x3F, 0x1F, 0xCE, 0x3B, 0x86, 0x01, 0x80, 0xE0, 0x30, 0x1C, 0x0E, 0x07, 0x03,
    0x81, 0xC0, 0xFF, 0xBF, 0xE0, 0xFF, 0xFF, 0xC1, 0xC1, 0xC1, 0xC0, 0xF0, 0x7C, 0x07, 0x01, 0x80,
    0xF8, 0x7C, 0x77, 0xF1, 0xF0, 0x06, 0x07, 0x07, 0x03, 0x83, 0x81, 0x81, 0xCF, 0xC7, 0xE3, 0xFF,
    0xFF, 0xE0, 0x70, 0x38, 0x1C, 0x7F, 0xBF, 0xD8, 0x0C, 0x06, 0x03, 0xF9, 0xFC, 0x07, 0x01, 0x80,
    0xF8, 0x7C, 0x77, 0xF1, 0xF0, 0x0E, 0x07, 0x01, 0x80, 0xE0, 0x30, 0x1F, 0xC7, 0xFB, 0x8E, 0xC1,
    0xB0, 0x7E, 0x1B, 0x8E, 0x7F, 0x8F, 0x80, 0xFF, 0xFF, 0xFE, 0x1B, 0x8E, 0x03, 0x80, 0xC0, 0x70,
    0x18, 0x0E, 0x03, 0x80, 0xC0, 0x70, 0x18, 0x0E, 0x00, 0x3F, 0x1F, 0xEE, 0x3B, 0x86, 0x63, 0x9F,
    0xC7, 0xF1, 0xDE, 0xE1, 0xB0, 0x6C, 0x1B, 0x8E, 0x7F, 0x8F, 0xC0, 0x3F, 0x1F, 0xEE, 0x3B, 0x06,
    0xC1, 0xF8, 0x6F, 0x79, 0xFE, 0x3F, 0x01, 0xC0, 0xE0, 0x38, 0x1C, 0x06, 0x00, 0xEF, 0xE0, 0x00,
    0x00, 0xEF, 0xE0, 0x73, 0xDC, 0x00, 0x00, 0x00, 0x03, 0x9C, 0xE7, 0x31, 0x80, 0x00, 0x01, 0xC3,
    0xE7, 0xC7, 0x87, 0x03, 0xC0, 0xF8, 0x1F, 0x03, 0xC0, 0x60, 0xFF, 0xFF, 0xC0, 0x00, 0x0F, 0xFF,
    0xFC, 0x00, 0x70, 0x3E, 0x07, 0xC0, 0xF8, 0x1C, 0x1E, 0x3E, 0x7C, 0x78, 0x30, 0x00, 0xFC, 0xFE,
    0x0E, 0x07, 0x07, 0x06, 0x3E, 0x3C, 0x30, 0x30, 0x00, 0x20, 0x70, 0x70, 0x1F, 0x87, 0xF9, 0xC3,
    0xB0, 0x76, 0x07, 0xCF, 0xFB, 0xFF, 0x73, 0xEC, 0x7D, 0x8F, 0xB1, 0xF7, 0x76, 0x7C, 0xC7, 0x18,
    0x03, 0x80, 0x3F, 0x83, 0xF0, 0x0E, 0x01, 0xE0, 0x3C, 0x0F, 0x81, 0xB0, 0x37, 0x06, 0x61, 0xCC,
    0x3F, 0x87, 0xF9, 0xC3, 0x38, 0x66, 0x0C, 0xC1, 0xC0, 0xFF, 0x3F, 0xEE, 0x3B, 0x86, 0xE1, 0xB9,
    0xEF, 0xF3, 0xFC, 0xE3, 0xB8, 0x6E, 0x1B, 0x8E, 0xFF, 0xBF, 0xC0, 0x3F, 0x3F, 0xD8, 0xFC, 0x3E,
    0x07, 0x03, 0x81, 0xC0, 0xE0, 0x70, 0x38, 0x6C, 0x77, 0xF9, 0xF8, 0xFE, 0x7F, 0xB8, 0xFC, 0x3E,
    0x1F, 0x0F, 0x87, 0xC3, 0xE1, 0xF0, 0xF8, 0x7C, 0x7F, 0xF7, 0xF0, 0x7F, 0xBF, 0xD8, 0x0C, 0x06,
    0x03, 0x01, 0xFE, 0xFE, 0x60, 0x30, 0x18, 0x0C, 0x07, 0xFB, 0xFC, 0xFF, 0xFF, 0xF8, 0x1C, 0x0E,
    0x07, 0x03, 0xFF, 0xFF, 0xE0, 0x70, 0x38, 0x1C, 0x0E, 0x07, 0x00, 0x3F, 0x3F, 0xD8, 0xFC, 0x3E,
    0x07, 0x03, 0xBF, 0xDF, 0xE1, 0xF0, 0xF8, 0x6C, 0x77, 0xF1, 0xF8, 0xE1, 0xF0, 0xF8, 0x7C, 0x3E,
    0x1F, 0x0F, 0xFF, 0xFF, 0xE1, 0xF0, 0xF8, 0x7C, 0x3E, 0x1F, 0x0C, 0xFF, 0xFF, 0x38, 0x38, 0x38,
    0x38, 0x38, 0x38, 0x38, 0x38, 0x38, 0x38, 0xFF, 0xFF, 0x01, 0xC0, 0x70, 0x1C, 0x07, 0x01, 0xC0,
    0x70, 0x1C, 0x07, 0x01, 0xD0, 0x76, 0x1D, 0xC6, 0x7F, 0x8F, 0xC0, 0xE1, 0xF8, 0xEE, 0x3B, 0x9C,
    0xE7, 0x3B, 0x8F, 0xE3, 0xF8, 0xE6, 0x39, 0xCE, 0x33, 0x8E, 0xE1, 0xB8, 0x70, 0xE0, 0x70, 0x38,
    0x1C, 0x0E, 0x07, 0x03, 0x81, 0xC0, 0xE0, 0x70, 0x38, 0x1C, 0x0F, 0xFF, 0xFC, 0xE3, 0xBC, 0xEF,
    0x7B, 0xDE, 0xDF, 0xB7, 0x6D, 0xDB, 0x76, 0xC1, 0xB0, 0x6C, 0x1B, 0x06, 0xC1, 0xB0, 0x60, 0xF1,
    0xF8, 0xFC, 0x7F, 0x3F, 0x9F, 0xCF, 0xF7, 0xDB, 0xED, 0xF7, 0xF9, 0xFC, 0xFE, 0x7F, 0x1C, 0x3E,
    0x3F, 0x98, 0xFC, 0x3E, 0x1F, 0x0F, 0x87, 0xC3, 0xE1, 0xF0, 0xF8, 0x6C, 0x77, 0xF1, 0xF0, 0xFF,
    0x3F, 0xEE, 0x1F, 0x87, 0xE1, 0xF8, 0x7F, 0xFB, 0xFC, 0xE0, 0x38, 0x0E, 0x03, 0x80, 0xE0, 0x38,
    0x00, 0x3F, 0x3F, 0xF8, 0xFC, 0x3E, 0x1F, 0x0F, 0x87, 0xC3, 0xE1, 0xF0, 0xF8, 0x7C, 0x77, 0xF9,
    0xF8, 0x1C, 0x0E, 0x03, 0x81, 0xC0, 0xFF, 0x3F, 0xEE, 0x3B, 0x86, 0xE1, 0xB8, 0xEF, 0xFB, 0xFC,
    0xE6, 0x39, 0xCE, 0x73, 0x8E, 0xE3, 0xB8, 0x70, 0x3E, 0x1F, 0xC6, 0x3B, 0x86, 0xE0, 0x1E, 0x03,
    0xE0, 0x7E, 0x03, 0x80, 0x6E, 0x1B, 0x8E, 0x7F, 0x8F, 0xC0, 0xFF, 0xFF, 0xF1, 0xC0, 0x70, 0x1C,
    0x07, 0x01, 0xC0, 0x70, 0x1C, 0x07, 0x01, 0xC0, 0x70, 0x1C, 0x07, 0x00, 0xE1, 0xF0, 0xF8, 0x7C,
    0x3E, 0x1F, 0x0F, 0x87, 0xC3, 0xE1, 0xF0, 0xF8, 0x6C, 0x77, 0xF1, 0xF8, 0x60, 0xEC, 0x19, 0xC3,
    0x38, 0xE3, 0x1C, 0x63, 0x0E, 0x61, 0xCC, 0x1B, 0x83, 0x60, 0x7C, 0x07, 0x80, 0xF0, 0x1C, 0x00,
    0xCE, 0x6C, 0xE6, 0xEE, 0x6E, 0xE6, 0x6F, 0x66, 0xF6, 0x6F, 0xE7, 0xBC, 0x7B, 0xC7, 0xBC, 0x7B,
    0xC7, 0x9C, 0x79, 0xC3, 0x9C, 0x70, 0xEE, 0x38, 0xE6, 0x1D, 0xC1, 0xF0, 0x1E, 0x03, 0x80, 0x70,
    0x1F, 0x03, 0x70, 0xEE, 0x18, 0xE7, 0x1C, 0xC1, 0xC0, 0x60, 0xEE, 0x19, 0xC7, 0x1C, 0xC3, 0xB8,
    0x37, 0x07, 0xC0, 0x78, 0x0E, 0x01, 0xC0, 0x38, 0x07, 0x00, 0xE0, 0x1C, 0x00, 0xFF, 0xFF, 0xC0,
    0xE0, 0xE0, 0x60, 0x70, 0x30, 0x38, 0x38, 0x18, 0x1C, 0x0C, 0x0F, 0xFF, 0xFC, 0x7D, 0xF6, 0x18,
    0x61, 0x86, 0x18, 0x61, 0x86, 0x18, 0x61, 0x86, 0x18, 0x61, 0xF7, 0xC0, 0xE0, 0x70, 0x18, 0x0E,
    0x07, 0x01, 0x80, 0xE0, 0x30, 0x1C, 0x0E, 0x03, 0x01, 0xC0, 0xE0, 0x30, 0x1C, 0x06, 0x03, 0x01,
    0xC0, 0x60, 0x7F, 0xF1, 0xC7, 0x1C, 0x71, 0xC7, 0x1C, 0x71, 0xC7, 0x1C, 0x71, 0xC7, 0x1D, 0xFF,
    0xC0, 0x0C, 0x0E, 0x07, 0x86, 0xC3, 0x73, 0x99, 0x8F, 0xC3, 0xFF, 0xFF, 0xF0, 0xE3, 0x1C, 0x3F,
    0x3F, 0x98, 0xE0, 0x37, 0xFF, 0xFF, 0x87, 0x87, 0xE3, 0xFF, 0xDF, 0x60, 0xE0, 0x70, 0x38, 0x1F,
    0xEF, 0xF7, 0x1F, 0x87, 0xC3, 0xE1, 0xF0, 0xF8, 0x7C, 0x7F, 0xF7, 0xF8, 0x3F, 0x3F, 0xD8, 0xFC,
    0x3E, 0x07, 0x03, 0x81, 0xC3, 0x63, 0xBF, 0xCF, 0xC0, 0x01, 0x80, 0xC0, 0x67, 0xF7, 0xFB, 0x1F,
    0x8F, 0xC3, 0xE1, 0xF0, 0xF8, 0xEC, 0x77, 0xF9, 0xFC, 0x3E, 0x3F, 0x98, 0xFC, 0x3F, 0xFF, 0xFF,
    0x81, 0xC0, 0x63, 0xBF, 0xCF, 0xC0, 0x0F, 0x87, 0xE1, 0x80, 0x60, 0xFF, 0xBF, 0xE1, 0x80, 0x60,
    0x18, 0x06, 0x01, 0x80, 0x60, 0x18, 0x06, 0x00, 0x3F, 0xBF, 0xD8, 0xFC, 0x7E, 0x1F, 0x0F, 0x87,
    0xC7, 0x63, 0xBF, 0xCF, 0xE0, 0x30, 0x39, 0xF8, 0xFC, 0xE0, 0x70, 0x38, 0x1F, 0xEF, 0xF7, 0x1F,
    0x87, 0xC3, 0xE1, 0xF0, 0xF8, 0x7C, 0x3E, 0x1F, 0x0C, 0x0C, 0x07, 0x80, 0xC0, 0x00, 0x00, 0x1F,
    0x07, 0xC0, 0x30, 0x0C, 0x03, 0x00, 0xC0, 0x30, 0x0C, 0x03, 0x0F, 0xFF, 0xFF, 0x07, 0x07, 0x07,
    0x00, 0x00, 0xFF, 0xFF, 0x07, 0x07, 0x07, 0x07, 0x07, 0x07, 0x07, 0x07, 0x07, 0x07, 0x06, 0xFE,
    0xFC, 0xE0, 0x38, 0x0E, 0x03, 0x87, 0xE3, 0xB9, 0xCE, 0x73, 0xF8, 0xFE, 0x3B, 0x8E, 0x73, 0x8E,
    0xE3, 0xB8, 0x70, 0xFC, 0x1F, 0x80, 0x30, 0x06, 0x00, 0xC0, 0x18, 0x03, 0x00, 0x60, 0x0C, 0x01,
    0x80, 0x30, 0x06, 0x00, 0xFE, 0x0F, 0xC0, 0xFF, 0xBF, 0xEC, 0xDF, 0x37, 0xCD, 0xF3, 0x7C, 0xDF,
    0x37, 0xCD, 0xF3, 0x7C, 0xDC, 0xFF, 0x7F, 0xB8, 0xFC, 0x3E, 0x1F, 0x0F, 0x87, 0xC3, 0xE1, 0xF0,
    0xF8, 0x60, 0x3E, 0x3F, 0x98, 0xFC, 0x3E, 0x1F, 0x0F, 0x87, 0xC3, 0x63, 0xBF, 0x8F, 0x80, 0xFF,
    0x7F, 0xB8, 0xFC, 0x3E, 0x1F, 0x0F, 0x87, 0xC3, 0xE3, 0xFF, 0xBF, 0xDC, 0x0E, 0x07, 0x03, 0x80,
    0x3F, 0xBF, 0xD8, 0xFC, 0x7E, 0x1F, 0x0F, 0x87, 0xC7, 0x63, 0xBF, 0xCF, 0x60, 0x30, 0x18, 0x0C,
    0x06, 0xFE, 0x7F, 0xB8, 0xD8, 0x6C, 0x36, 0x03, 0x01, 0x80, 0xC0, 0x60, 0x30, 0x00, 0x3F, 0x3F,
    0xF8, 0xFC, 0x07, 0xE3, 0xF8, 0x1E, 0x83, 0xE1, 0xBF, 0xDF, 0xC0, 0x0C, 0x03, 0x00, 0xC1, 0xFF,
    0x7F, 0xC3, 0x00, 0xC0, 0x30, 0x0C, 0x03, 0x00, 0xC0, 0x30, 0x0F, 0xC1, 0xF0, 0xE1, 0xF0, 0xF8,
    0x7C, 0x3E, 0x1F, 0x0F, 0x87, 0xC3, 0x63, 0xBF, 0x8F, 0x80, 0xC1, 0xF8, 0x6E, 0x39, 0x8E, 0x73,
    0x1D, 0xC3, 0x70, 0xF8, 0x3E, 0x07, 0x81, 0xC0, 0xEE, 0x7D, 0xCD, 0xB9, 0xB7, 0xB6, 0xFC, 0xD7,
    0x9E, 0xF3, 0xDE, 0x3B, 0xC7, 0x38, 0xE6, 0x00, 0x70, 0xC7, 0x38, 0xEE, 0x0F, 0x80, 0xF0, 0x1C,
    0x07, 0xC0, 0xFC, 0x3B, 0x86, 0x39, 0xC3, 0x80, 0xC1, 0xF8, 0x66, 0x39, 0x8E, 0x73, 0x0D, 0xC3,
    0xE0, 0xF8, 0x1E, 0x07, 0x01, 0xC0, 0x70, 0x18, 0x06, 0x03, 0x80, 0xFF, 0xBF, 0xC1, 0xC0, 0xE0,
    0xE0, 0xE0, 0xE0, 0x60, 0x70, 0x7F, 0xFF, 0xE0, 0x03, 0x87, 0xC3, 0x81, 0x80, 0xC0, 0x60, 0x38,
    0x1C, 0x1C, 0x7C, 0x3F, 0x01, 0x80, 0xE0, 0x70, 0x30, 0x18, 0x0C, 0x07, 0xC1, 0xE0, 0x7F, 0xFF,
    0xFF, 0xFF, 0xFF, 0xFF, 0xFF, 0x80, 0x70, 0x7C, 0x0E, 0x03, 0x81, 0x80, 0xC0, 0x60, 0x30, 0x1C,
    0x07, 0xC7, 0xE3, 0x01, 0x80, 0xC0, 0x60, 0x38, 0x1C, 0x3C, 0x3C, 0x00, 0x00, 0x9E, 0x6F, 0xDB,
    0x3E, 0xCF, 0xB0, 0xC0, 0xEE, 0x40, 0x06, 0x6E, 0xEE, 0xEE, 0xEE, 0xE0, 0x0C, 0x06, 0x07, 0x87,
    0xE7, 0xFF, 0x6F, 0xB7, 0xD8, 0xEC, 0x76, 0x7B, 0x6F, 0xF7, 0xF0, 0xF0, 0x30, 0x18, 0x3F, 0x1F,
    0xEE, 0x3B, 0x86, 0xE0, 0x1C, 0x0F, 0xF3, 0xFC, 0x38, 0x0E, 0x07, 0x03, 0xC0, 0xFF, 0xBF, 0xF0,
    0x00, 0x0C, 0x19, 0xFF, 0x9F, 0xE3, 0x1C, 0x61, 0x8C, 0x31, 0x8E, 0x3F, 0xCF, 0xFD, 0x83, 0x00,
    0x00, 0x60, 0xEE, 0x18, 0xC7, 0x1C, 0xC1, 0xB8, 0x3E, 0x03, 0xC3, 0xFF, 0x7F, 0xE1, 0xC1, 0xFF,
    0xBF, 0xF0, 0xE0, 0x1C, 0x00, 0xFF, 0xFF, 0xF8, 0x00, 0x7F, 0xFF, 0xFC, 0x3F, 0x3F, 0xF8, 0xFC,
    0x07, 0x03, 0xF1, 0xFC, 0xC3, 0xE1, 0xF1, 0xDF, 0xE7, 0xE1, 0xF8, 0x0F, 0x87, 0xC7, 0x7F, 0x9F,
    0x00, 0xE6, 0xEE, 0xEE, 0x1F, 0x87, 0x39, 0xBF, 0x2F, 0xB5, 0x97, 0xB0, 0xF6, 0x1A, 0xDB, 0x5F,
    0x6D, 0xD8, 0xE7, 0x0F, 0xC0, 0x03, 0xFE, 0x1F, 0xFF, 0xE5, 0x1C, 0xE3, 0x38, 0xEE, 0x3B, 0x8E,
    0x70, 0xEE, 0x0E, 0xE0, 0xCE, 0x1C, 0xE0, 0x7F, 0xBF, 0xC0, 0x60, 0x30, 0x18, 0x0F, 0x07, 0xF1,
    0xE7, 0x3F, 0xF5, 0xF7, 0xB6, 0xF6, 0xDE, 0xFB, 0x5E, 0x6F, 0x6D, 0xE7, 0x1F, 0xE1, 0xF8, 0xFF,
    0xFC, 0x3C, 0xFD, 0x9B, 0x37, 0xE7, 0x80, 0x1C, 0x07, 0x01, 0xC3, 0xFE, 0xFF, 0xC7, 0x01, 0xC0,
    0x70, 0x1C, 0x3F, 0xEF, 0xF8, 0x3C, 0xFD, 0x98, 0x30, 0xC3, 0x8C, 0x3F, 0x7E, 0x7E, 0xFC, 0x70,
    0xE1, 0xE0, 0xF1, 0xBF, 0x7C, 0x33, 0xB8, 0xE1, 0xF0, 0xF8, 0x7C, 0x3E, 0x1F, 0x0F, 0x87, 0xC7,
    0xE3, 0xFF, 0xFF, 0xFC, 0x0E, 0x07, 0x03, 0x80, 0x7D, 0xFE, 0xFF, 0x7F, 0xBF, 0xDF, 0xEF, 0xF6,
    0xFB, 0x1D, 0x8E, 0xC7, 0x63, 0xB1, 0xD8, 0xEC, 0x76, 0x3B, 0x1D, 0x8E, 0xC0, 0xEF, 0xE0, 0x63,
    0x8E, 0xF7, 0x80, 0x38, 0x78, 0x58, 0x18, 0x18, 0x18, 0x18, 0x7E, 0xFF, 0x03, 0xFF, 0x9C, 0xED,
    0xE4, 0x77, 0x0E, 0x70, 0xE7, 0x0E, 0x60, 0xCE, 0x39, 0x8E, 0x73, 0x9C, 0x77, 0x00, 0x30, 0x67,
    0x06, 0x70, 0xC3, 0x1C, 0x31, 0x83, 0x30, 0xFF, 0x00, 0x60, 0x0C, 0xC1, 0xD8, 0x19, 0x83, 0x36,
    0x76, 0x66, 0x7E, 0xC0, 0x60, 0x30, 0x67, 0x06, 0x70, 0xC3, 0x1C, 0x31, 0x83, 0x30, 0xFF, 0x0F,
    0xE0, 0x0D, 0xC0, 0xFE, 0x1B, 0x63, 0x06, 0x71, 0xC6, 0x3E, 0xC3, 0xE0, 0x78, 0x61, 0x8E, 0x38,
    0xC1, 0xD8, 0xDF, 0x87, 0xF0, 0x06, 0x00, 0xEC, 0x1D, 0x81, 0x98, 0x3B, 0x67, 0x66, 0x67, 0xEC,
    0x06, 0x1C, 0x38, 0x20, 0x00, 0xC3, 0x87, 0x3E, 0xFD, 0xC3, 0x06, 0x0E, 0x0F, 0xCF, 0x80, 0x1C,
    0x01, 0x80, 0x38, 0x00, 0x00, 0x00, 0x1C, 0x03, 0xC0, 0x78, 0x1F, 0x03, 0x60, 0x6E, 0x0C, 0xC3,
    0x98, 0x7F, 0x0F, 0xF3, 0x86, 0x70, 0xCC, 0x19, 0x83, 0x80, 0x03, 0x80, 0xE0, 0x18, 0x00, 0x00,
    0x00, 0x1C, 0x03, 0xC0, 0x78, 0x1F, 0x03, 0x60, 0x6E, 0x0C, 0xC3, 0x98, 0x7F, 0x0F, 0xF3, 0x86,
    0x70, 0xCC, 0x19, 0x83, 0x80, 0x0E, 0x03, 0xE0, 0xEE, 0x00, 0x00, 0x00, 0x1C, 0x03, 0xC0, 0x78,
    0x1F, 0x03, 0x60, 0x6E, 0x0C, 0xC3, 0x98, 0x7F, 0x0F, 0xF3, 0x86, 0x70, 0xCC, 0x19, 0x83, 0x80,
    0x1F, 0x86, 0xF0, 0x40, 0x00, 0x00, 0xE0, 0x1E, 0x03, 0xC0, 0xF8, 0x1B, 0x03, 0x70, 0x66, 0x1C,
    0xC3, 0xF8, 0x7F, 0x9C, 0x33, 0x86, 0x60, 0xCC, 0x1C, 0x39, 0x87, 0x70, 0xEE, 0x00, 0x00, 0x00,
    0x1C, 0x03, 0xC0, 0x78, 0x1F, 0x03, 0x60, 0x6E, 0x0C, 0xC3, 0x98, 0x7F, 0x0F, 0xF3, 0x86, 0x70,
    0xCC, 0x19, 0x83, 0x80, 0x0E, 0x03, 0xE0, 0x6C, 0x0F, 0x80, 0xF0, 0x00, 0x03, 0x80, 0x78, 0x0F,
    0x03, 0xE0, 0x6C, 0x0D, 0xC1, 0x98, 0x73, 0x0F, 0xE1, 0xFE, 0x70, 0xCE, 0x19, 0x83, 0x30, 0x70,
    0x1F, 0xE3, 0xFC, 0xFC, 0x1F, 0x83, 0x70, 0x6E, 0x0D, 0xFB, 0xBF, 0x7F, 0x0F, 0xE1, 0x9C, 0x33,
    0x8E, 0x7F, 0xCF, 0xC0, 0x3F, 0x3F, 0xD8, 0xFC, 0x3E, 0x07, 0x03, 0x81, 0xC0, 0xE0, 0x70, 0x38,
    0x6C, 0x77, 0xF9, 0xF8, 0x70, 0x3C, 0x1E, 0x0F, 0x00, 0x38, 0x0C, 0x07, 0x00, 0x00, 0x03, 0xFD,
    0xFE, 0xC0, 0x60, 0x30, 0x18, 0x0F, 0xF7, 0xF3, 0x01, 0x80, 0xC0, 0x60, 0x3F, 0xDF, 0xE0, 0x07,
    0x07, 0x03, 0x00, 0x00, 0x03, 0xFD, 0xFE, 0xC0, 0x60, 0x30, 0x18, 0x0F, 0xF7, 0xF3, 0x01, 0x80,
    0xC0, 0x60, 0x3F, 0xDF, 0xE0, 0x1E, 0x1F, 0x1D, 0xC0, 0x00, 0x03, 0xFD, 0xFE, 0xC0, 0x60, 0x30,
    0x18, 0x0F, 0xF7, 0xF3, 0x01, 0x80, 0xC0, 0x60, 0x3F, 0xDF, 0xE0, 0x33, 0x3B, 0xDC, 0xC0, 0x00,
    0x03, 0xFD, 0xFE, 0xC0, 0x60, 0x30, 0x18, 0x0F, 0xF7, 0xF3, 0x01, 0x80, 0xC0, 0x60, 0x3F, 0xDF,
    0xE0, 0x70, 0x30, 0x38, 0x00, 0x00, 0xFF, 0xFF, 0x38, 0x38, 0x38, 0x38, 0x38, 0x38, 0x38, 0x38,
    0x38, 0x38, 0xFF, 0xFF, 0x0E, 0x1C, 0x18, 0x00, 0x00, 0xFF, 0xFF, 0x38, 0x38, 0x38, 0x38, 0x38,
    0x38, 0x38, 0x38, 0x38, 0x38, 0xFF, 0xFF, 0x38, 0x7C, 0xEE, 0x00, 0x00, 0xFF, 0xFF, 0x38, 0x38,
    0x38, 0x38, 0x38, 0x38, 0x38, 0x38, 0x38, 0x38, 0xFF, 0xFF, 0xE6, 0xEE, 0xEE, 0x00, 0x00, 0xFF,
    0xFF, 0x38, 0x38, 0x38, 0x38, 0x38, 0x38, 0x38, 0x38, 0x38, 0x38, 0xFF, 0xFF, 0x7F, 0x1F, 0xE7,
    0x1D, 0xC3, 0x70, 0xDC, 0x3F, 0xCF, 0xF3, 0x70, 0xDC, 0x37, 0x0D, 0xC7, 0x7F, 0x9F, 0xC0, 0x3F,
    0x37, 0x88, 0x00, 0x0F, 0x1F, 0x8F, 0xC7, 0xF3, 0xF9, 0xFC, 0xFF, 0x7D, 0xBE, 0xDF, 0x7F, 0x9F,
    0xCF, 0xE7, 0xF1, 0xC0, 0x38, 0x0C, 0x07, 0x00, 0x00, 0x01, 0xF1, 0xFC, 0xC7, 0xE1, 0xF0, 0xF8,
    0x7C, 0x3E, 0x1F, 0x0F, 0x87, 0xC3, 0x63, 0xBF, 0x8F, 0x80, 0x07, 0x07, 0x03, 0x00, 0x00, 0x01,
    0xF1, 0xFC, 0xC7, 0xE1, 0xF0, 0xF8, 0x7C, 0x3E, 0x1F, 0x0F, 0x87, 0xC3, 0x63, 0xBF, 0x8F, 0x80,
    0x1C, 0x1F, 0x1D, 0xC0, 0x00, 0x01, 0xF1, 0xFC, 0xC7, 0xE1, 0xF0, 0xF8, 0x7C, 0x3E, 0x1F, 0x0F,
    0x87, 0xC3, 0x63, 0xBF, 0x8F, 0x80, 0x3F, 0x37, 0x88, 0x00, 0x03, 0xE3, 0xF9, 0x8F, 0xC3, 0xE1,
    0xF0, 0xF8, 0x7C, 0x3E, 0x1F, 0x0F, 0x86, 0xC7, 0x7F, 0x1F, 0x00, 0x73, 0x3B, 0x9D, 0xC0, 0x00,
    0x01, 0xF1, 0xFC, 0xC7, 0xE1, 0xF0, 0xF8, 0x7C, 0x3E, 0x1F, 0x0F, 0x87, 0xC3, 0x63, 0xBF, 0x8F,
    0x80, 0xC6, 0xEE, 0x7C, 0x38, 0x7C, 0xEE, 0xC6, 0x02, 0x1F, 0xE7, 0xF8, 0xC7, 0x38, 0xE7, 0x3C,
    0xEF, 0x9D, 0xB3, 0xF6, 0x7C, 0xCF, 0x99, 0xE3, 0x18, 0xE7, 0xF8, 0xFF, 0x18, 0x00, 0x38, 0x0C,
    0x07, 0x00, 0x00, 0x07, 0x0F, 0x87, 0xC3, 0xE1, 0xF0, 0xF8, 0x7C, 0x3E, 0x1F, 0x0F, 0x87, 0xC3,
    0x63, 0xBF, 0x8F, 0xC0, 0x07, 0x07, 0x03, 0x00, 0x00, 0x07, 0x0F, 0x87, 0xC3, 0xE1, 0xF0, 0xF8,
    0x7C, 0x3E, 0x1F, 0x0F, 0x87, 0xC3, 0x63, 0xBF, 0x8F, 0xC0, 0x1C, 0x1F, 0x1D, 0xC0, 0x00, 0x07,
    0x0F, 0x87, 0xC3, 0xE1, 0xF0, 0xF8, 0x7C, 0x3E, 0x1F, 0x0F, 0x87, 0xC3, 0x63, 0xBF, 0x8F, 0xC0,
    0x73, 0x3B, 0x9D, 0xC0, 0x00, 0x07, 0x0F, 0x87, 0xC3, 0xE1, 0xF0, 0xF8, 0x7C, 0x3E, 0x1F, 0x0F,
    0x87, 0xC3, 0x63, 0xBF, 0x8F, 0xC0, 0x03, 0x80, 0xE0, 0x18, 0x00, 0x00, 0x00, 0xC1, 0xDC, 0x33,
    0x8E, 0x39, 0x87, 0x70, 0x6E, 0x0F, 0x80, 0xF0, 0x1C, 0x03, 0x80, 0x70, 0x0E, 0x01, 0xC0, 0x38,
    0x00, 0xE0, 0x38, 0x0F, 0xE3, 0xFE, 0xE3, 0xB8, 0x7E, 0x1F, 0x87, 0xE3, 0xBF, 0xEF, 0xE3, 0x80,
    0xE0, 0x38, 0x00, 0x3F, 0x1F, 0xE6, 0x3B, 0x86, 0xE1, 0xB9, 0xCE, 0xF3, 0xBE, 0xE3, 0xB8, 0x6E,
    0x1F, 0x8E, 0xEF, 0xBB, 0xC0, 0x38, 0x0C, 0x07, 0x00, 0x00, 0x01, 0xF9, 0xFC, 0xC7, 0x01, 0xBF,
    0xFF, 0xFC, 0x3C, 0x3F, 0x1F, 0xFE, 0xFB, 0x07, 0x07, 0x03, 0x00, 0x00, 0x01, 0xF9, 0xFC, 0xC7,
    0x01, 0xBF, 0xFF, 0xFC, 0x3C, 0x3F, 0x1F, 0xFE, 0xFB, 0x1C, 0x1F, 0x1D, 0xC0, 0x00, 0x01, 0xF9,
    0xFC, 0xC7, 0x01, 0xBF, 0xFF, 0xFC, 0x3C, 0x3F, 0x1F, 0xFE, 0xFB, 0x3F, 0x37, 0x88, 0x00, 0x03,
    0xF3, 0xF9, 0x8E, 0x03, 0x7F, 0xFF, 0xF8, 0x78, 0x7E, 0x3F, 0xFD, 0xF6, 0x73, 0x3B, 0x9C, 0xC0,
    0x00, 0x01, 0xF9, 0xFC, 0xC7, 0x01, 0xBF, 0xFF, 0xFC, 0x3C, 0x3F, 0x1F, 0xFE, 0xFB, 0x1C, 0x1F,
    0x0D, 0x87, 0xC1, 0xE0, 0x00, 0xFC, 0xFE, 0x63, 0x80, 0xDF, 0xFF, 0xFE, 0x1E, 0x1F, 0x8F, 0xFF,
    0x7D, 0x80, 0x7F, 0xCF, 0xFD, 0x99, 0x83, 0x33, 0xFE, 0xFF, 0xF9, 0x87, 0x30, 0xE6, 0x6F, 0xFD,
    0xEF, 0x00, 0x3F, 0x3F, 0xD8, 0xFC, 0x3E, 0x07, 0x03, 0x81, 0xC3, 0x63, 0xBF, 0xCF, 0xC3, 0x81,
    0xE0, 0xF0, 0x78, 0x38, 0x0C, 0x07, 0x00, 0x00, 0x01, 0xF1, 0xFC, 0xC7, 0xE1, 0xFF, 0xFF, 0xFC,
    0x0E, 0x03, 0x1D, 0xFE, 0x7E, 0x07, 0x07, 0x03, 0x00, 0x00, 0x01, 0xF1, 0xFC, 0xC7, 0xE1, 0xFF,
    0xFF, 0xFC, 0x0E, 0x03, 0x1D, 0xFE, 0x7E, 0x1C, 0x1F, 0x1D, 0xC0, 0x00, 0x01, 0xF1, 0xFC, 0xC7,
    0xE1, 0xFF, 0xFF, 0xFC, 0x0E, 0x03, 0x1D, 0xFE, 0x7E, 0x73, 0x3B, 0x9D, 0xC0, 0x00, 0x01, 0xF1,
    0xFC, 0xC7, 0xE1, 0xFF, 0xFF, 0xFC, 0x0E, 0x03, 0x1D, 0xFE, 0x7E, 0x38, 0x07, 0x00, 0xC0, 0x00,
    0x00, 0x1F, 0x07, 0xC0, 0x30, 0x0C, 0x03, 0x00, 0xC0, 0x30, 0x0C, 0x03, 0x0F, 0xFF, 0xFF, 0x07,
    0x03, 0x80, 0xC0, 0x00, 0x00, 0x1F, 0x07, 0xC0, 0x30, 0x0C, 0x03, 0x00, 0xC0, 0x30, 0x0C, 0x03,
    0x0F, 0xFF, 0xFF, 0x1E, 0x0F, 0xC3, 0x30, 0x00, 0x00, 0x1F, 0x07, 0xC0, 0x30, 0x0C, 0x03, 0x00,
    0xC0, 0x30, 0x0C, 0x03, 0x0F, 0xFF, 0xFF, 0x33, 0x1C, 0xE3, 0x30, 0x00, 0x00, 0x1F, 0x07, 0xC0,
    0x30, 0x0C, 0x03, 0x00, 0xC0, 0x30, 0x0C, 0x03, 0x0F, 0xFF, 0xFF, 0x00, 0x0E, 0xC1, 0xF1, 0xF0,
    0x7E, 0x11, 0xC3, 0xF1, 0xFE, 0xF7, 0xB8, 0x6C, 0x1B, 0x86, 0xE3, 0x9F, 0xE3, 0xF0, 0x3F, 0x37,
    0x88, 0x00, 0x0F, 0xF7, 0xFB, 0x8F, 0xC3, 0xE1, 0xF0, 0xF8, 0x7C, 0x3E, 0x1F, 0x0F, 0x86, 0x38,
    0x0C, 0x07, 0x00, 0x00, 0x01, 0xF1, 0xFC, 0xC7, 0xE1, 0xF0, 0xF8, 0x7C, 0x3E, 0x1B, 0x1D, 0xFC,
    0x7C, 0x07, 0x07, 0x03, 0x00, 0x00, 0x01, 0xF1, 0xFC, 0xC7, 0xE1, 0xF0, 0xF8, 0x7C, 0x3E, 0x1B,
    0x1D, 0xFC, 0x7C, 0x1C, 0x1F, 0x1D, 0xC0, 0x00, 0x01, 0xF1, 0xFC, 0xC7, 0xE1, 0xF0, 0xF8, 0x7C,
    0x3E, 0x1B, 0x1D, 0xFC, 0x7C, 0x3F, 0x37, 0x88, 0x00, 0x03, 0xE3, 0xF9, 0x8F, 0xC3, 0xE1, 0xF0,
    0xF8, 0x7C, 0x36, 0x3B, 0xF8, 0xF8, 0x73, 0x3B, 0x9D, 0xC0, 0x00, 0x01, 0xF1, 0xFC, 0xC7, 0xE1,
    0xF0, 0xF8, 0x7C, 0x3E, 0x1B, 0x1D, 0xFC, 0x7C, 0x1C, 0x0F, 0x07, 0x00, 0x00, 0x03, 0xFD, 0xFE,
    0x00, 0x1C, 0x0F, 0x07, 0x00, 0x00, 0xE3, 0xF8, 0xFF, 0x19, 0xE7, 0x3C, 0xEF, 0x9F, 0xB3, 0xE6,
    0x7C, 0xC7, 0x38, 0xFE, 0x3F, 0x86, 0x00, 0x38, 0x0C, 0x07, 0x00, 0x00, 0x07, 0x0F, 0x87, 0xC3,
    0xE1, 0xF0, 0xF8, 0x7C, 0x3E, 0x1B, 0x1D, 0xFC, 0x7C, 0x07, 0x07, 0x03, 0x00, 0x00, 0x07, 0x0F,
    0x87, 0xC3, 0xE1, 0xF0, 0xF8, 0x7C, 0x3E, 0x1B, 0x1D, 0xFC, 0x7C, 0x1C, 0x1F, 0x1D, 0xC0, 0x00,
    0x07, 0x0F, 0x87, 0xC3, 0xE1, 0xF0, 0xF8, 0x7C, 0x3E, 0x1B, 0x1D, 0xFC, 0x7C, 0x73, 0x3B, 0x9D,
    0xC0, 0x00, 0x07, 0x0F, 0x87, 0xC3, 0xE1, 0xF0, 0xF8, 0x7C, 0x3E, 0x1B, 0x1D, 0xFC, 0x7C, 0x07,
    0x03, 0x80, 0xC0, 0x00, 0x00, 0x30, 0x7E, 0x19, 0x8E, 0x63, 0x9C, 0xC3, 0x70, 0xF8, 0x3E, 0x07,
    0x81, 0xC0, 0x70, 0x1C, 0x06, 0x01, 0x80, 0xE0, 0xE0, 0x70, 0x38, 0x1F, 0xEF, 0xF7, 0x1F, 0x8F,
    0xC3, 0xE1, 0xF0, 0xF8, 0xFC, 0x7F, 0xF7, 0xFB, 0x81, 0xC0, 0xE0, 0x70, 0x00, 0x73, 0x1D, 0xC7,
    0x70, 0x00, 0x00, 0x30, 0x7E, 0x19, 0x8E, 0x63, 0x9C, 0xC3, 0x70, 0xF8, 0x3E, 0x07, 0x81, 0xC0,
    0x70, 0x1C, 0x06, 0x01, 0x80, 0xE0, 0x3F, 0x87, 0xF0, 0x00, 0x00, 0x00, 0xE0, 0x1E, 0x03, 0xC0,
    0xF8, 0x1B, 0x03, 0x70, 0x66, 0x1C, 0xC3, 0xF8, 0x7F, 0x9C, 0x33, 0x86, 0x60, 0xCC, 0x1C, 0x7F,
    0x3F, 0x80, 0x00, 0x03, 0xF3, 0xF9, 0x8E, 0x03, 0x7F, 0xFF, 0xF8, 0x78, 0x7E, 0x3F, 0xFD, 0xF6,
    0x39, 0x83, 0xF0, 0x7C, 0x00, 0x00, 0x00, 0x1C, 0x03, 0xC0, 0x78, 0x1F, 0x03, 0x60, 0x6E, 0x0C,
    0xC3, 0x98, 0x7F, 0x0F, 0xF3, 0x86, 0x70, 0xCC, 0x19, 0x83, 0x80, 0x73, 0x1F, 0x8F, 0x80, 0x00,
    0x01, 0xF9, 0xFC, 0xC7, 0x01, 0xBF, 0xFF, 0xFC, 0x3C, 0x3F, 0x1F, 0xFE, 0xFB, 0x0E, 0x00, 0xF0,
    0x0F, 0x01, 0xF0, 0x1B, 0x01, 0xB8, 0x19, 0x83, 0x98, 0x3F, 0x83, 0xFC, 0x70, 0xC7, 0x0C, 0x60,
    0xC6, 0x0E, 0x00, 0xC0, 0x18, 0x01, 0xE0, 0x0E, 0x3F, 0x1F, 0xE6, 0x38, 0x06, 0x3F, 0x9F, 0xEE,
    0x1B, 0x06, 0xE3, 0xBF, 0xE7, 0xD8, 0x0C, 0x03, 0x00, 0xF0, 0x3C, 0x07, 0x07, 0x03, 0x00, 0x00,
    0x01, 0xF9, 0xFE, 0xC7, 0xE1, 0xF0, 0x38, 0x1C, 0x0E, 0x07, 0x03, 0x81, 0xC3, 0x63, 0xBF, 0xCF,
    0xC0, 0x07, 0x07, 0x03, 0x00, 0x00, 0x01, 0xF9, 0xFE, 0xC7, 0xE1, 0xF0, 0x38, 0x1C, 0x0E, 0x1B,
    0x1D, 0xFE, 0x7E, 0x1C, 0x1F, 0x1D, 0xC0, 0x00, 0x01, 0xF9, 0xFE, 0xC7, 0xE1, 0xF0, 0x38, 0x1C,
    0x0E, 0x07, 0x03, 0x81, 0xC3, 0x63, 0xBF, 0xCF, 0xC0, 0x1E, 0x1F, 0x1D, 0xC0, 0x00, 0x01, 0xF9,
    0xFE, 0xC7, 0xE1, 0xF0, 0x38, 0x1C, 0x0E, 0x1B, 0x1D, 0xFE, 0x7E, 0x1C, 0x0E, 0x07, 0x00, 0x00,
    0x01, 0xF9, 0xFE, 0xC7, 0xE1, 0xF0, 0x38, 0x1C, 0x0E, 0x07, 0x03, 0x81, 0xC3, 0x63, 0xBF, 0xCF,
    0xC0, 0x1C, 0x0F, 0x07, 0x00, 0x00, 0x01, 0xF9, 0xFE, 0xC7, 0xE1, 0xF0, 0x38, 0x1C, 0x0E, 0x1B,
    0x1D, 0xFE, 0x7E, 0x77, 0x1F, 0x07, 0x80, 0x00, 0x01, 0xF9, 0xFE, 0xC7, 0xE1, 0xF0, 0x38, 0x1C,
    0x0E, 0x07, 0x03, 0x81, 0xC3, 0x63, 0xBF, 0xCF, 0xC0, 0x77, 0x1F, 0x07, 0x80, 0x00, 0x01, 0xF9,
    0xFE, 0xC7, 0xE1, 0xF0, 0x38, 0x1C, 0x0E, 0x1B, 0x1D, 0xFE, 0x7E, 0x77, 0x1F, 0x07, 0x00, 0x00,
    0x07, 0xF3, 0xFD, 0xC7, 0xE1, 0xF0, 0xF8, 0x7C, 0x3E, 0x1F, 0x0F, 0x87, 0xC3, 0xE3, 0xFF, 0xBF,
    0x80, 0x03, 0xE0, 0x7C, 0x0F, 0x3F, 0x8F, 0xF1, 0xCE, 0x31, 0xC6, 0x18, 0xC3, 0x18, 0x63, 0x1C,
    0x73, 0x8F, 0xF0, 0xFE, 0x00, 0x7F, 0x1F, 0xE7, 0x1D, 0xC3, 0x70, 0xDC, 0x3F, 0xCF, 0xF3, 0x70,
    0xDC, 0x37, 0x0D, 0xC7, 0x7F, 0x9F, 0xC0, 0x01, 0x83, 0xFC, 0x7F, 0x80, 0xC3, 0xF8, 0xFF, 0x18,
    0xE7, 0x1C, 0xE1, 0x9C, 0x33, 0x8E, 0x31, 0xC7, 0xF8, 0x7F, 0x00, 0x3F, 0x3F, 0x80, 0x00, 0x07,
    0xFB, 0xFD, 0x80, 0xC0, 0x60, 0x30, 0x1F, 0xEF, 0xE6, 0x03, 0x01, 0x80, 0xC0, 0x7F, 0xBF, 0xC0,
    0x7F, 0x3F, 0x80, 0x00, 0x03, 0xE3, 0xF9, 0x8F, 0xC3, 0xFF, 0xFF, 0xF8, 0x1C, 0x06, 0x3B, 0xFC,
    0xFC, 0x33, 0x1F, 0x87, 0x80, 0x00, 0x03, 0xFD, 0xFE, 0xC0, 0x60, 0x30, 0x18, 0x0F, 0xF7, 0xF3,
    0x01, 0x80, 0xC0, 0x60, 0x3F, 0xDF, 0xE0, 0x73, 0x1F, 0x8F, 0x80, 0x00, 0x01, 0xF1, 0xFC, 0xC7,
    0xE1, 0xFF, 0xFF, 0xFC, 0x0E, 0x03, 0x1D, 0xFE, 0x7E, 0x0C, 0x0F, 0x07, 0x00, 0x00, 0x03, 0xFD,
    0xFE, 0xC0, 0x60, 0x30, 0x18, 0x0F, 0xF7, 0xF3, 0x01, 0x80, 0xC0, 0x60, 0x3F, 0xDF, 0xE0, 0x1C,
    0x0E, 0x07, 0x00, 0x00, 0x01, 0xF1, 0xFC, 0xC7, 0xE1, 0xFF, 0xFF, 0xFC, 0x0E, 0x03, 0x1D, 0xFE,
    0x7E, 0x7F, 0xBF, 0xD8, 0x0C, 0x06, 0x03, 0x01, 0xFE, 0xFE, 0x60, 0x30, 0x18, 0x0C, 0x07, 0xFB,
    0xFC, 0x0C, 0x0C, 0x07, 0x83, 0xC0, 0x3E, 0x3F, 0x98, 0xFC, 0x3F, 0xFF, 0xFF, 0x81, 0xC0, 0x63,
    0xBF, 0xCF, 0xC1, 0x80, 0xC0, 0xF0, 0x3C, 0x77, 0x1F, 0x07, 0x80, 0x00, 0x03, 0xFD, 0xFE, 0xC0,
    0x60, 0x30, 0x18, 0x0F, 0xF7, 0xF3, 0x01, 0x80, 0xC0, 0x60, 0x3F, 0xDF, 0xE0, 0x77, 0x1F, 0x07,
    0x00, 0x00, 0x01, 0xF1, 0xFC, 0xC7, 0xE1, 0xFF, 0xFF, 0xFC, 0x0E, 0x03, 0x1D, 0xFE, 0x7E, 0x1C,
    0x1F, 0x1D, 0xC0, 0x00, 0x01, 0xF9, 0xFE, 0xC7, 0xE1, 0xF0, 0x38, 0x1D, 0xFE, 0xFF, 0x0F, 0x87,
    0xC3, 0x63, 0xBF, 0x8F, 0xC0, 0x1C, 0x1F, 0x1D, 0xC0, 0x00, 0x01, 0xFD, 0xFE, 0xC7, 0xE3, 0xF0,
    0xF8, 0x7C, 0x3E, 0x3B, 0x1D, 0xFE, 0x7F, 0x01, 0x81, 0xCF, 0xC7, 0xE0, 0x73, 0x1F, 0x8F, 0x80,
    0x00, 0x01, 0xF9, 0xFE, 0xC7, 0xE1, 0xF0, 0x38, 0x1D, 0xFE, 0xFF, 0x0F, 0x87, 0xC3, 0x63, 0xBF,
    0x8F, 0xC0, 0x63, 0x1F, 0x8F, 0x80, 0x00, 0x01, 0xFD, 0xFE, 0xC7, 0xE3, 0xF0, 0xF8, 0x7C, 0x3E,
    0x3B, 0x1D, 0xFE, 0x7F, 0x01, 0x81, 0xCF, 0xC7, 0xE0, 0x1C, 0x0E, 0x07, 0x00, 0x00, 0x01, 0xF9,
    0xFE, 0xC7, 0xE1, 0xF0, 0x38, 0x1D, 0xFE, 0xFF, 0x0F, 0x87, 0xC3, 0x63, 0xBF, 0x8F, 0xC0, 0x1C,
    0x0E, 0x07, 0x00, 0x00, 0x01, 0xFD, 0xFE, 0xC7, 0xE3, 0xF0, 0xF8, 0x7C, 0x3E, 0x3B, 0x1D, 0xFE,
    0x7F, 0x01, 0x81, 0xCF, 0xC7, 0xE0, 0x3F, 0x3F, 0xD8, 0xFC, 0x3E, 0x07, 0x03, 0xBF, 0xDF, 0xE1,
    0xF0, 0xF8, 0x6C, 0x77, 0xF1, 0xF8, 0x00, 0x00, 0x0E, 0x0E, 0x06, 0x00, 0x06, 0x07, 0x03, 0x83,
    0x81, 0xC0, 0x00, 0x00, 0x7F, 0x7F, 0xB1, 0xF8, 0xFC, 0x3E, 0x1F, 0x0F, 0x8E, 0xC7, 0x7F, 0x9F,
    0xC0, 0x60, 0x73, 0xF1, 0xF8, 0x1C, 0x1F, 0x1D, 0xC0, 0x00, 0x07, 0x0F, 0x87, 0xC3, 0xE1, 0xF0,
    0xF8, 0x7F, 0xFF, 0xFF, 0x0F, 0x87, 0xC3, 0xE1, 0xF0, 0xF8, 0x60, 0x38, 0x0F, 0x83, 0xB8, 0x00,
    0x00, 0x00, 0x70, 0x0E, 0x01, 0xC0, 0x3F, 0xC7, 0xF8, 0xE3, 0x9C, 0x33, 0x86, 0x70, 0xCE, 0x19,
    0xC3, 0x38, 0x67, 0x0C, 0xE1, 0x80, 0x70, 0xC7, 0x0C, 0xFF, 0xFF, 0xFE, 0x70, 0xC7, 0x0C, 0x7F,
    0xC7, 0xFC, 0x70, 0xC7, 0x0C, 0x70, 0xC7, 0x0C, 0x70, 0xC7, 0x0C, 0x70, 0x3F, 0x8F, 0xE1, 0xC0,
    0x7F, 0x9F, 0xE7, 0x1D, 0xC3, 0x70, 0xDC, 0x37, 0x0D, 0xC3, 0x70, 0xDC, 0x30, 0x7E, 0xDE, 0x40,
    0x00, 0xFF, 0xFF, 0x38, 0x38, 0x38, 0x38, 0x38, 0x38, 0x38, 0x38, 0x38, 0x38, 0xFF, 0xFF, 0x3F,
    0x0F, 0xC2, 0x20, 0x00, 0x7C, 0x1F, 0x00, 0xC0, 0x30, 0x0C, 0x03, 0x00, 0xC0, 0x30, 0x0C, 0x3F,
    0xFF, 0xFC, 0xFE, 0xFE, 0x00, 0x00, 0xFF, 0xFF, 0x38, 0x38, 0x38, 0x38, 0x38, 0x38, 0x38, 0x38,
    0x38, 0x38, 0xFF, 0xFF, 0x3F, 0x0F, 0xC0, 0x00, 0x00, 0x7C, 0x1F, 0x00, 0xC0, 0x30, 0x0C, 0x03,
    0x00, 0xC0, 0x30, 0x0C, 0x3F, 0xFF, 0xFC, 0xE6, 0x7E, 0x7C, 0x00, 0x00, 0xFF, 0xFF, 0x38, 0x38,
    0x38, 0x38, 0x38, 0x38, 0x38, 0x38, 0x38, 0x38, 0xFF, 0xFF, 0x33, 0x0F, 0xC1, 0xE0, 0x00, 0x00,
    0x1F, 0x07, 0xC0, 0x30, 0x0C, 0x03, 0x00, 0xC0, 0x30, 0x0C, 0x03, 0x0F, 0xFF, 0xFF, 0xFF, 0xFF,
    0x38, 0x38, 0x38, 0x38, 0x38, 0x38, 0x38, 0x38, 0x38, 0x38, 0xFF, 0xFF, 0x30, 0x70, 0x7C, 0x3C,
    0x0C, 0x07, 0x80, 0xC0, 0x00, 0x7C, 0x1F, 0x00, 0xC0, 0x30, 0x0C, 0x03, 0x00, 0xC0, 0x30, 0x0C,
    0x3F, 0xFF, 0xFC, 0x70, 0x18, 0x07, 0x81, 0xE0, 0x38, 0x38, 0x38, 0x00, 0x00, 0xFF, 0xFF, 0x38,
    0x38, 0x38, 0x38, 0x38, 0x38, 0x38, 0x38, 0x38, 0x38, 0xFF, 0xFF, 0x7C, 0x1F, 0x00, 0xC0, 0x30,
    0x0C, 0x03, 0x00, 0xC0, 0x30, 0x0C, 0x3F, 0xFF, 0xFC, 0xFC, 0x7F, 0x8C, 0xC1, 0x98, 0x33, 0x06,
    0x60, 0xCC, 0x1F, 0xE3, 0xFC, 0x60, 0x0C, 0xC3, 0x9C, 0x71, 0xFC, 0x1F, 0x00, 0xE3, 0xF9, 0xF8,
    0xE0, 0x06, 0x3B, 0x1D, 0x8E, 0xC7, 0x63, 0xB1, 0xD8, 0xEC, 0x76, 0x3B, 0x1D, 0x8E, 0x07, 0x03,
    0x3F, 0x9F, 0x80, 0x01, 0xC0, 0x3E, 0x07, 0x70, 0x00, 0x00, 0x00, 0x1C, 0x01, 0xC0, 0x1C, 0x01,
    0xC0, 0x1C, 0x01, 0xC0, 0x1C, 0x01, 0xC0, 0x1C, 0x41, 0xC6, 0x1C, 0x71, 0x87, 0xF8, 0x3F, 0x00,
    0x07, 0x03, 0xE1, 0xDC, 0x00, 0x00, 0x3F, 0xCF, 0xF0, 0x1C, 0x07, 0x01, 0xC0, 0x70, 0x1C, 0x07,
    0x01, 0xC0, 0x70, 0x1C, 0x07, 0x01, 0x8F, 0xE3, 0xF0, 0xE1, 0xF8, 0xEE, 0x3B, 0x9C, 0xE7, 0x3B,
    0x8F, 0xE3, 0xF8, 0xE6, 0x39, 0xCE, 0x33, 0x8E, 0xE1, 0xB8, 0x70, 0x00, 0x00, 0x0E, 0x07, 0x03,
    0x80, 0xE0, 0x38, 0x0E, 0x03, 0x87, 0xE3, 0xB9, 0xCE, 0x73, 0xF8, 0xFE, 0x3B, 0x8E, 0x73, 0x8E,
    0xE3, 0xB8, 0x70, 0x00, 0x00, 0x0E, 0x07, 0x03, 0x80, 0x61, 0xD8, 0xE6, 0x31, 0x9C, 0x7E, 0x1F,
    0x86, 0x61, 0x9C, 0x63, 0x98, 0xE6, 0x1C, 0x70, 0x30, 0x38, 0x00, 0x00, 0x07, 0x03, 0x81, 0xC0,
    0xE0, 0x70, 0x38, 0x1C, 0x0E, 0x07, 0x03, 0x81, 0xC0, 0xE0, 0x7F, 0xFF, 0xE0, 0x06, 0x01, 0xC0,
    0x70, 0x00, 0x00, 0x01, 0xF8, 0x3F, 0x00, 0x60, 0x0C, 0x01, 0x80, 0x30, 0x06, 0x00, 0xC0, 0x18,
    0x03, 0x00, 0x60, 0x0C, 0x01, 0xFC, 0x1F, 0x80, 0xE0, 0x70, 0x38, 0x1C, 0x0E, 0x07, 0x03, 0x81,
    0xC0, 0xE0, 0x70, 0x38, 0x1C, 0x0F, 0xFF, 0xFC, 0x00, 0x00, 0x1C, 0x0E, 0x0E, 0x00, 0xFC, 0x1F,
    0x80, 0x30, 0x06, 0x00, 0xC0, 0x18, 0x03, 0x00, 0x60, 0x0C, 0x01, 0x80, 0x30, 0x06, 0x00, 0xFE,
    0x0F, 0xC0, 0x00, 0x00, 0x07, 0x01, 0xC0, 0x38, 0x00, 0xEE, 0x77, 0x3B, 0x1C, 0x0E, 0x07, 0x03,
    0x81, 0xC0, 0xE0, 0x70, 0x38, 0x1C, 0x0F, 0xFF, 0xFC, 0xFC, 0xDF, 0x98, 0x37, 0x06, 0x00, 0xC0,
    0x18, 0x03, 0x00, 0x60, 0x0C, 0x01, 0x80, 0x30, 0x06, 0x00, 0xFE, 0x0F, 0xC0, 0xE0, 0x70, 0x38,
    0x1C, 0x0E, 0x07, 0x03, 0x9D, 0xCF, 0xE7, 0x70, 0x38, 0x1C, 0x0F, 0xFF, 0xFC, 0xFC, 0x0F, 0xC0,
    0x1C, 0x01, 0xC0, 0x1C, 0x01, 0xC0, 0x1C, 0x71, 0xCF, 0x1C, 0x71, 0xC0, 0x1C, 0x00, 0xC0, 0x0F,
    0xC0, 0xFC, 0x38, 0x07, 0x00, 0xE0, 0x1D, 0x83, 0xF0, 0x7C, 0x0F, 0x03, 0xC0, 0xF8, 0x17, 0x00,
    0xE0, 0x1C, 0x03, 0xFE, 0x7F, 0xC0, 0xFC, 0x1F, 0x80, 0x30, 0x06, 0x40, 0xD8, 0x1F, 0x03, 0x81,
    0xE0, 0x3C, 0x05, 0x80, 0x30, 0x06, 0x00, 0xFE, 0x0F, 0xC0, 0x07, 0x07, 0x03, 0x00, 0x00, 0x07,
    0x8F, 0xC7, 0xE3, 0xF9, 0xFC, 0xFE, 0x7F, 0xBE, 0xDF, 0x6F, 0xBF, 0xCF, 0xE7, 0xF3, 0xF8, 0xE0,
    0x07, 0x07, 0x03, 0x00, 0x00, 0x07, 0xFB, 0xFD, 0xC7, 0xE1, 0xF0, 0xF8, 0x7C, 0x3E, 0x1F, 0x0F,
    0x87, 0xC3, 0xF1, 0xF8, 0xFC, 0x7F, 0x3F, 0x9F, 0xCF, 0xF7, 0xDB, 0xED, 0xF7, 0xF9, 0xFC, 0xFE,
    0x7F, 0x1C, 0x00, 0x00, 0x0E, 0x0E, 0x0E, 0x00, 0xFF, 0x7F, 0xB8, 0xFC, 0x3E, 0x1F, 0x0F, 0x87,
    0xC3, 0xE1, 0xF0, 0xF8, 0x60, 0x00, 0x00, 0x70, 0x70, 0x70, 0x77, 0x1F, 0x07, 0x00, 0x00, 0x07,
    0x8F, 0xC7, 0xE3, 0xF9, 0xFC, 0xFE, 0x7F, 0xBE, 0xDF, 0x6F, 0xBF, 0xCF, 0xE7, 0xF3, 0xF8, 0xE0,
    0x77, 0x1F, 0x07, 0x80, 0x00, 0x07, 0xFB, 0xFD, 0xC7, 0xE1, 0xF0, 0xF8, 0x7C, 0x3E, 0x1F, 0x0F,
    0x87, 0xC3, 0x38, 0x0E, 0x01, 0x80, 0x00, 0x03, 0xFC, 0x7F, 0x8E, 0x39, 0xC3, 0x38, 0x67, 0x0C,
    0xE1, 0x9C, 0x33, 0x86, 0x70, 0xCE, 0x18, 0xF1, 0xF8, 0xFC, 0x7F, 0x3F, 0x9F, 0xEF, 0xB7, 0xDB,
    0xEF, 0xF3, 0xF9, 0xFC, 0x7E, 0x3F, 0x1C, 0x06, 0x07, 0x1F, 0x0F, 0x80, 0xFF, 0x7F, 0xB8, 0xFC,
    0x7E, 0x1F, 0x0F, 0x87, 0xC3, 0xE1, 0xF0, 0xF8, 0x60, 0x30, 0x38, 0xF8, 0x78, 0x7F, 0x3F, 0x80,
    0x00, 0x03, 0xE3, 0xF9, 0x8F, 0xC3, 0xE1, 0xF0, 0xF8, 0x7C, 0x3E, 0x1F, 0x0F, 0x86, 0xC7, 0x7F,
    0x1F, 0x00, 0x7F, 0x3F, 0x80, 0x00, 0x03, 0xE3, 0xF9, 0x8F, 0xC3, 0xE1, 0xF0, 0xF8, 0x7C, 0x36,
    0x3B, 0xF8, 0xF8, 0x73, 0x1F, 0x8F, 0x80, 0x00, 0x01, 0xF1, 0xFC, 0xC7, 0xE1, 0xF0, 0xF8, 0x7C,
    0x3E, 0x1F, 0x0F, 0x87, 0xC3, 0x63, 0xBF, 0x8F, 0x80, 0x73, 0x1F, 0x8F, 0x80, 0x00, 0x01, 0xF1,
    0xFC, 0xC7, 0xE1, 0xF0, 0xF8, 0x7C, 0x3E, 0x1B, 0x1D, 0xFC, 0x7C, 0x1D, 0x8E, 0xC3, 0x70, 0x00,
    0x00, 0x0F, 0x87, 0xF1, 0x8E, 0xE1, 0xB8, 0x6E, 0x1B, 0x86, 0xE1, 0xB8, 0x6E, 0x1B, 0x86, 0x63,
    0x9F, 0xC3, 0xE0, 0x1D, 0x8E, 0xC3, 0x70, 0x00, 0x00, 0x0F, 0x87, 0xF1, 0x8E, 0xE1, 0xB8, 0x6E,
    0x1B, 0x86, 0xE1, 0x98, 0xE7, 0xF0, 0xF8, 0x3F, 0xEF, 0xFD, 0x9C, 0x73, 0x8E, 0x31, 0xC7, 0xF8,
    0xFF, 0x18, 0xE3, 0x1C, 0x63, 0x9C, 0x33, 0x87, 0xFE, 0x7F, 0xC0, 0x7B, 0xCF, 0xFF, 0xB9, 0xF3,
    0x3E, 0x7F, 0xCF, 0xF9, 0x87, 0x30, 0xEE, 0x6F, 0xFD, 0xEF, 0x00, 0x07, 0x03, 0x80, 0xC0, 0x00,
    0x00, 0x3F, 0xCF, 0xFB, 0x8E, 0xE1, 0xB8, 0x6E, 0x3B, 0xFE, 0xFF, 0x39, 0x8E, 0x73, 0x9C, 0xE3,
    0xB8, 0xEE, 0x1C, 0x0E, 0x06, 0x07, 0x00, 0x00, 0x07, 0xF3, 0xFD, 0xC6, 0xC3, 0x61, 0xB0, 0x18,
    0x0C, 0x06, 0x03, 0x01, 0x80, 0xFF, 0x3F, 0xEE, 0x3B, 0x86, 0xE1, 0xB8, 0xEF, 0xFB, 0xFC, 0xE6,
    0x39, 0xCE, 0x73, 0x8E, 0xE3, 0xB8, 0x70, 0x00, 0x00, 0x0E, 0x07, 0x03, 0x80, 0x3F, 0x87, 0xF8,
    0xE3, 0x18, 0x63, 0x0C, 0x60, 0x0C, 0x01, 0x80, 0x30, 0x06, 0x00, 0xC0, 0x00, 0x00, 0x00, 0x70,
    0x1C, 0x03, 0x00, 0x77, 0x0F, 0x81, 0xC0, 0x00, 0x00, 0x3F, 0xCF, 0xFB, 0x8E, 0xE1, 0xB8, 0x6E,
    0x3B, 0xFE, 0xFF, 0x39, 0x8E, 0x73, 0x9C, 0xE3, 0xB8, 0xEE, 0x1C, 0x67, 0x3F, 0x0F, 0x00, 0x00,
    0x07, 0xF3, 0xFD, 0xC6, 0xC3, 0x61, 0xB0, 0x18, 0x0C, 0x06, 0x03, 0x01, 0x80, 0x07, 0x03, 0x80,
    0xC0, 0x00, 0x00, 0x0F, 0x87, 0xF1, 0x8E, 0xE1, 0xB8, 0x07, 0x80, 0xF8, 0x1F, 0x80, 0xE0, 0x1B,
    0x86, 0xE3, 0x9F, 0xE3, 0xF0, 0x07, 0x07, 0x03, 0x00, 0x00, 0x01, 0xF9, 0xFF, 0xC7, 0xE0, 0x3F,
    0x1F, 0xC0, 0xF4, 0x1F, 0x0D, 0xFE, 0xFE, 0x1C, 0x0F, 0x87, 0x70, 0x00, 0x00, 0x0F, 0x87, 0xF1,
    0x8E, 0xE1, 0xB8, 0x07, 0x80, 0xF8, 0x1F, 0x80, 0xE0, 0x1B, 0x86, 0xE3, 0x9F, 0xE3, 0xF0, 0x1C,
    0x1F, 0x1D, 0xC0, 0x00, 0x01, 0xF9, 0xFF, 0xC7, 0xE0, 0x3F, 0x1F, 0xC0, 0xF4, 0x1F, 0x0D, 0xFE,
    0xFE, 0x3E, 0x1F, 0xC6, 0x3B, 0x86, 0xE0, 0x1E, 0x03, 0xE0, 0x7E, 0x03, 0x80, 0x6E, 0x1B, 0x8E,
    0x7F, 0x8F, 0xC1, 0xC0, 0x78, 0x1E, 0x07, 0x80, 0x3F, 0x3F, 0xF8, 0xFC, 0x07, 0xE3, 0xF8, 0x1E,
    0x83, 0xE1, 0xBF, 0xDF, 0xC3, 0x81, 0xE0, 0xF0, 0x78, 0x77, 0x0F, 0x81, 0xC0, 0x00, 0x00, 0x0F,
    0x87, 0xF1, 0x8E, 0xE1, 0xB8, 0x07, 0x80, 0xF8, 0x1F, 0x80, 0xE0, 0x1B, 0x86, 0xE3, 0x9F, 0xE3,
    0xF0, 0x77, 0x1F, 0x07, 0x00, 0x00, 0x01, 0xF9, 0xFF, 0xC7, 0xE0, 0x3F, 0x1F, 0xC0, 0xF4, 0x1F,
    0x0D, 0xFE, 0xFE, 0xFF, 0xFF, 0xF1, 0xC0, 0x70, 0x1C, 0x07, 0x01, 0xC0, 0x70, 0x1C, 0x07, 0x01,
    0xC0, 0x70, 0x1C, 0x07, 0x00, 0xC0, 0x3C, 0x1F, 0x07, 0x80, 0x0C, 0x03, 0x00, 0xC1, 0xFF, 0x7F,
    0xC3, 0x00, 0xC0, 0x30, 0x0C, 0x03, 0x00, 0xC0, 0x30, 0x0F, 0xC1, 0xF0, 0x70, 0x0E, 0x07, 0x81,
    0xE0, 0x77, 0x0F, 0x81, 0xC0, 0x00, 0x00, 0x3F, 0xFF, 0xFC, 0x70, 0x1C, 0x07, 0x01, 0xC0, 0x70,
    0x1C, 0x07, 0x01, 0xC0, 0x70, 0x1C, 0x07, 0x01, 0xC0, 0x01, 0x83, 0x60, 0xD8, 0x30, 0x7F, 0xDF,
    0xF0, 0xC0, 0x30, 0x0C, 0x03, 0x00, 0xC0, 0x30, 0x0C, 0x03, 0xF0, 0x7C, 0xFF, 0xFF, 0xF1, 0xC0,
    0x70, 0x1C, 0x07, 0x07, 0xF9, 0xFE, 0x1C, 0x07, 0x01, 0xC0, 0x70, 0x1C, 0x07, 0x00, 0x0C, 0x03,
    0x00, 0xC1, 0xFF, 0x7F, 0xC3, 0x00, 0xC0, 0x30, 0x7F, 0x9F, 0xE0, 0xC0, 0x30, 0x0F, 0xC3, 0xF0,
    0x3F, 0x37, 0x88, 0x00, 0x0E, 0x1F, 0x0F, 0x87, 0xC3, 0xE1, 0xF0, 0xF8, 0x7C, 0x3E, 0x1F, 0x0F,
    0x86, 0xC7, 0x7F, 0x1F, 0x80, 0x3F, 0x37, 0x88, 0x00, 0x0E, 0x1F, 0x0F, 0x87, 0xC3, 0xE1, 0xF0,
    0xF8, 0x7C, 0x36, 0x3B, 0xF8, 0xF8, 0x7F, 0x3F, 0x80, 0x00, 0x0E, 0x1F, 0x0F, 0x87, 0xC3, 0xE1,
    0xF0, 0xF8, 0x7C, 0x3E, 0x1F, 0x0F, 0x86, 0xC7, 0x7F, 0x1F, 0x80, 0x7F, 0x3F, 0x80, 0x00, 0x0E,
    0x1F, 0x0F, 0x87, 0xC3, 0xE1, 0xF0, 0xF8, 0x7C, 0x36, 0x3B, 0xF8, 0xF8, 0x73, 0x1F, 0x8F, 0x80,
    0x00, 0x07, 0x0F, 0x87, 0xC3, 0xE1, 0xF0, 0xF8, 0x7C, 0x3E, 0x1F, 0x0F, 0x87, 0xC3, 0x63, 0xBF,
    0x8F, 0xC0, 0x73, 0x1F, 0x8F, 0x80, 0x00, 0x07, 0x0F, 0x87, 0xC3, 0xE1, 0xF0, 0xF8, 0x7C, 0x3E,
    0x1B, 0x1D, 0xFC, 0x7C, 0x1C, 0x1F, 0x0D, 0x87, 0xC1, 0xE0, 0x03, 0x87, 0xC3, 0xE1, 0xF0, 0xF8,
    0x7C, 0x3E, 0x1F, 0x0F, 0x87, 0xC3, 0xE1, 0xB1, 0xDF, 0xC7, 0xE0, 0x1C, 0x1F, 0x0D, 0x87, 0xC1,
    0xE0, 0x03, 0x87, 0xC3, 0xE1, 0xF0, 0xF8, 0x7C, 0x3E, 0x1F, 0x0D, 0x8E, 0xFE, 0x3E, 0x00, 0x1D,
    0x8E, 0xC3, 0x70, 0x00, 0x00, 0x38, 0x6E, 0x1B, 0x86, 0xE1, 0xB8, 0x6E, 0x1B, 0x86, 0xE1, 0xB8,
    0x6E, 0x1B, 0x86, 0x63, 0x9F, 0xC3, 0xF0, 0x1D, 0x8E, 0xC3, 0x70, 0x00, 0x00, 0x38, 0x6E, 0x1B,
    0x86, 0xE1, 0xB8, 0x6E, 0x1B, 0x86, 0xE1, 0x98, 0xE7, 0xF0, 0xF8, 0xE1, 0xF0, 0xF8, 0x7C, 0x3E,
    0x1F, 0x0F, 0x87, 0xC3, 0xE1, 0xF0, 0xF8, 0x6C, 0x77, 0xF1, 0xF0, 0x30, 0x18, 0x0F, 0x07, 0x80,
    0xE1, 0xF0, 0xF8, 0x7C, 0x3E, 0x1F, 0x0F, 0x87, 0xC3, 0x63, 0xBF, 0x8F, 0xC1, 0xC0, 0xC0, 0xF0,
    0x3C, 0x0E, 0x01, 0xF0, 0x3B, 0x80, 0x00, 0x00, 0x0C, 0xE6, 0xCE, 0x6E, 0xE6, 0xEE, 0x66, 0xF6,
    0x6F, 0x66, 0xFE, 0x7B, 0xC7, 0xBC, 0x7B, 0xC7, 0xBC, 0x79, 0xC7, 0x9C, 0x39, 0xC0, 0x0E, 0x03,
    0xE0, 0xEE, 0x00, 0x00, 0x01, 0xDC, 0xFB, 0x9B, 0x73, 0x6F, 0x6D, 0xF9, 0xAF, 0x3D, 0xE7, 0xBC,
    0x77, 0x8E, 0x71, 0xCC, 0x0E, 0x03, 0xE0, 0xEE, 0x00, 0x00, 0x00, 0xC1, 0xDC, 0x33, 0x8E, 0x39,
    0x87, 0x70, 0x6E, 0x0F, 0x80, 0xF0, 0x1C, 0x03, 0x80, 0x70, 0x0E, 0x01, 0xC0, 0x38, 0x00, 0x1C,
    0x0F, 0x87, 0x70, 0x00, 0x00, 0x30, 0x7E, 0x19, 0x8E, 0x63, 0x9C, 0xC3, 0x70, 0xF8, 0x3E, 0x07,
    0x81, 0xC0, 0x70, 0x1C, 0x06, 0x01, 0x80, 0xE0, 0x39, 0x87, 0x70, 0xEE, 0x00, 0x00, 0x00, 0xC1,
    0xDC, 0x33, 0x8E, 0x39, 0x87, 0x70, 0x6E, 0x0F, 0x80, 0xF0, 0x1C, 0x03, 0x80, 0x70, 0x0E, 0x01,
    0xC0, 0x38, 0x00, 0x07, 0x07, 0x03, 0x00, 0x00, 0x07, 0xFF, 0xFE, 0x07, 0x07, 0x03, 0x03, 0x81,
    0x81, 0xC1, 0xC0, 0xC0, 0xE0, 0x60, 0x7F, 0xFF, 0xE0, 0x07, 0x07, 0x03, 0x00, 0x00, 0x07, 0xFD,
    0xFE, 0x0E, 0x07, 0x07, 0x07, 0x07, 0x03, 0x03, 0x83, 0xFF, 0xFF, 0x1C, 0x0E, 0x07, 0x00, 0x00,
    0x07, 0xFF, 0xFE, 0x07, 0x07, 0x03, 0x03, 0x81, 0x81, 0xC1, 0xC0, 0xC0, 0xE0, 0x60, 0x7F, 0xFF,
    0xE0, 0x1C, 0x0E, 0x07, 0x00, 0x00, 0x07, 0xFD, 0xFE, 0x0E, 0x07, 0x07, 0x07, 0x07, 0x03, 0x03,
    0x83, 0xFF, 0xFF, 0x77, 0x1F, 0x07, 0x00, 0x00, 0x07, 0xFF, 0xFE, 0x07, 0x07, 0x03, 0x03, 0x81,
    0x81, 0xC1, 0xC0, 0xC0, 0xE0, 0x60, 0x7F, 0xFF, 0xE0, 0x77, 0x1F, 0x07, 0x00, 0x00, 0x07, 0xFD,
    0xFE, 0x0E, 0x07, 0x07, 0x07, 0x07, 0x03, 0x03, 0x83, 0xFF, 0xFF, 0x7F, 0xFF, 0x06, 0x0C, 0x18,
    0x30, 0x60, 0xC1, 0x83, 0x06, 0x0C, 0x18, 0x00, 0x63, 0x8E, 0x76, 0xE0, 0x1C, 0x3E, 0x77, 0xF7,
    0xFA, 0x20, 0xFF, 0xFC, 0xCF, 0xF9, 0xF0, 0x77, 0x70, 0x67, 0x77, 0x77, 0xF7, 0x8E, 0x67, 0x00,
    0x77, 0xF7, 0xFF, 0x00, 0x37, 0x7E, 0xEC, 0x77, 0x3E, 0x1C, 0x6E, 0x1B, 0x8E, 0xC0, 0x19, 0xCC,
    0xEF, 0x00, 0x27, 0x7E, 0x40, 0x77, 0x70, 0xF7, 0xFF, 0xE0, 0x73, 0x38, 0x63, 0x0F, 0xFF, 0x00,
    0x6C, 0xCF, 0x30, 0xFF, 0xFF, 0xFF, 0xC0, 0x00, 0xC0, 0x38, 0x0E, 0x01, 0x80, 0x70, 0x1C, 0x03,
    0x00, 0xE0, 0x38, 0x06, 0x01, 0x80, 0x70, 0x00, 0x03, 0x03, 0x06, 0x06, 0x04, 0x0C, 0x0C, 0x18,
    0x18, 0x10, 0x30, 0x30, 0x60, 0x60, 0x40, 0x33, 0x3B, 0xDC, 0xC0, 0x00, 0x03, 0xFD, 0xFE, 0xC0,
    0x60, 0x30, 0x18, 0x0F, 0xF7, 0xF3, 0x01, 0x80, 0xC0, 0x60, 0x3F, 0xDF, 0xE0, 0xFC, 0x1F, 0x80,
    0xC0, 0x18, 0x03, 0x38, 0x7F, 0x8F, 0x71, 0xC6, 0x30, 0xE6, 0x1C, 0xC3, 0x98, 0x73, 0x0E, 0x61,
    0xC0, 0x38, 0x06, 0x07, 0xC0, 0xF0, 0x0E, 0x06, 0x07, 0x00, 0x00, 0x07, 0xFF, 0xFF, 0xC0, 0xE0,
    0x70, 0x38, 0x1C, 0x0E, 0x07, 0x03, 0x81, 0xC0, 0xE0, 0x70, 0x38, 0x00, 0x3F, 0x3F, 0xD8, 0xFC,
    0x3E, 0x07, 0xF3, 0xF9, 0xC0, 0xE0, 0x70, 0xF8, 0x6C, 0x77, 0xF9, 0xF8, 0x3E, 0x1F, 0xC6, 0x3B,
    0x86, 0xE0, 0x1E, 0x03, 0xE0, 0x7E, 0x03, 0x80, 0x6E, 0x1B, 0x8E, 0x7F, 0x8F, 0xC0, 0xFF, 0xFF,
    0x38, 0x38, 0x38, 0x38, 0x38, 0x38, 0x38, 0x38, 0x38, 0x38, 0xFF, 0xFF, 0xE6, 0xEE, 0xEE, 0x00,
    0x00, 0xFF, 0xFF, 0x38, 0x38, 0x38, 0x38, 0x38, 0x38, 0x38, 0x38, 0x38, 0x38, 0xFF, 0xFF, 0x01,
    0xC0, 0x70, 0x1C, 0x07, 0x01, 0xC0, 0x70, 0x1C, 0x07, 0x01, 0xD0, 0x76, 0x1D, 0xC6, 0x7F, 0x8F,
    0xC0, 0x3F, 0x01, 0xF8, 0x0C, 0xC0, 0x66, 0x03, 0x30, 0x19, 0xF0, 0xCF, 0xC6, 0x6E, 0x33, 0x31,
    0x99, 0x8C, 0xCC, 0x66, 0x67, 0x3F, 0x31, 0xF0, 0xCC, 0x19, 0x83, 0x30, 0x66, 0x0C, 0xC1, 0xFC,
    0x3F, 0xE7, 0xFE, 0xCC, 0xD9, 0x9B, 0x33, 0x66, 0x6C, 0xFD, 0x9F, 0x00, 0xFC, 0x1F, 0x80, 0xC0,
    0x18, 0x03, 0x78, 0x7F, 0x8F, 0x31, 0xC7, 0x30, 0xE6, 0x1C, 0xC3, 0x98, 0x73, 0x0E, 0x61, 0xC0,
    0x07, 0x03, 0x80, 0xC0, 0x00, 0x00, 0x38, 0x7E, 0x3B, 0x8E, 0xE7, 0x39, 0xCE, 0xE3, 0xF8, 0xFE,
    0x39, 0x8E, 0x73, 0x8C, 0xE3, 0xB8, 0x6E, 0x1C, 0x39, 0x83, 0xF0, 0x7C, 0x00, 0x00, 0x00, 0xC1,
    0xDC, 0x31, 0x8E, 0x31, 0xC7, 0x30, 0x6E, 0x0F, 0xC0, 0xF0, 0x1E, 0x03, 0x80, 0x30, 0x0E, 0x01,
    0x80, 0x70, 0x00, 0xE1, 0xF0, 0xF8, 0x7C, 0x3E, 0x1F, 0x0F, 0x87, 0xC3, 0xE1, 0xF0, 0xF8, 0x7C,
    0x3F, 0xFF, 0xFC, 0x70, 0x38, 0x0C, 0x00, 0x0E, 0x01, 0xE0, 0x3C, 0x0F, 0x81, 0xB0, 0x37, 0x06,
    0x61, 0xCC, 0x3F, 0x87, 0xF9, 0xC3, 0x38, 0x66, 0x0C, 0xC1, 0xC0, 0xFF, 0xBF, 0xEE, 0x03, 0x80,
    0xE0, 0x3F, 0x8F, 0xF3, 0x9E, 0xE1, 0xB8, 0x6E, 0x1B, 0x8E, 0xFF, 0xBF, 0xC0, 0xFF, 0x3F, 0xEE,
    0x3B, 0x86, 0xE1, 0xB9, 0xEF, 0xF3, 0xFC, 0xE3, 0xB8, 0x6E, 0x1B, 0x8E, 0xFF, 0xBF, 0xC0, 0xFF,
    0xFF, 0xF8, 0x1C, 0x0E, 0x07, 0x03, 0x81, 0xC0, 0xE0, 0x70, 0x38, 0x1C, 0x0E, 0x07, 0x00, 0x3F,
    0xC7, 0xF8, 0xC3, 0x18, 0x63, 0x0C, 0x61, 0x8C, 0x31, 0x86, 0x30, 0xC6, 0x18, 0xC3, 0x38, 0x6F,
    0xFF, 0xFF, 0xF0, 0x1E, 0x03, 0xC0, 0x60, 0x7F, 0xBF, 0xD8, 0x0C, 0x06, 0x03, 0x01, 0xFE, 0xFE,
    0x60, 0x30, 0x18, 0x0C, 0x07, 0xFB, 0xFC, 0xE6, 0x6E, 0x6E, 0x66, 0xE7, 0x6C, 0x77, 0xC3, 0x7C,
    0x3F, 0x83, 0xF8, 0x37, 0xC7, 0x6C, 0x66, 0xC6, 0x6E, 0xE6, 0x6C, 0x66, 0x1F, 0x87, 0xF9, 0xC7,
    0x30, 0x60, 0x1C, 0x1F, 0x03, 0xE0, 0x1E, 0x00, 0xCC, 0x19, 0x83, 0x38, 0xE3, 0xFC, 0x3F, 0x00,
    0xE3, 0xF3, 0xF9, 0xFC, 0xFE, 0xFF, 0x6F, 0xB7, 0xFB, 0xF9, 0xFC, 0xFE, 0x7E, 0x3F, 0x1F, 0x8C,
    0x73, 0x1F, 0x8F, 0x80, 0x00, 0x07, 0x1F, 0x9F, 0xCF, 0xE7, 0xF7, 0xFB, 0x7D, 0xBF, 0xDF, 0xCF,
    0xE7, 0xF3, 0xF1, 0xF8, 0xFC, 0x60, 0xE1, 0xF8, 0xEE, 0x3B, 0x9C, 0xE7, 0x3B, 0x8F, 0xE3, 0xF8,
    0xE6, 0x39, 0xCE, 0x33, 0x8E, 0xE1, 0xB8, 0x70, 0x3F, 0xCF, 0xF3, 0x8C, 0xC3, 0x30, 0xCC, 0x33,
    0x0C, 0xC3, 0x30, 0xCC, 0x33, 0x0C, 0xC3, 0xF0, 0xF8, 0x30, 0xE3, 0xBC, 0xEF, 0x7B, 0xDE, 0xDF,
    0xB7, 0x6D, 0xDB, 0x76, 0xC1, 0xB0, 0x6C, 0x1B, 0x06, 0xC1, 0xB0, 0x60, 0xE1, 0xF0, 0xF8, 0x7C,
    0x3E, 0x1F, 0x0F, 0xFF, 0xFF, 0xE1, 0xF0, 0xF8, 0x7C, 0x3E, 0x1F, 0x0C, 0x3E, 0x3F, 0x98, 0xFC,
    0x3E, 0x1F, 0x0F, 0x87, 0xC3, 0xE1, 0xF0, 0xF8, 0x6C, 0x77, 0xF1, 0xF0, 0xFF, 0xFF, 0xF8, 0x7C,
    0x3E, 0x1F, 0x0F, 0x87, 0xC3, 0xE1, 0xF0, 0xF8, 0x7C, 0x3E, 0x1F, 0x0C, 0xFF, 0x3F, 0xEE, 0x1F,
    0x87, 0xE1, 0xF8, 0x7F, 0xFB, 0xFC, 0xE0, 0x38, 0x0E, 0x03, 0x80, 0xE0, 0x38, 0x00, 0x3F, 0x3F,
    0xD8, 0xFC, 0x3E, 0x07, 0x03, 0x81, 0xC0, 0xE0, 0x70, 0x38, 0x6C, 0x77, 0xF9, 0xF8, 0xFF, 0xFF,
    0xF1, 0xC0, 0x70, 0x1C, 0x07, 0x01, 0xC0, 0x70, 0x1C, 0x07, 0x01, 0xC0, 0x70, 0x1C, 0x07, 0x00,
    0x60, 0xEE, 0x18, 0xC7, 0x18, 0xE3, 0x98, 0x37, 0x07, 0xE0, 0x78, 0x0F, 0x01, 0xC0, 0x18, 0x07,
    0x00, 0xC0, 0x38, 0x00, 0x0E, 0x03, 0xE0, 0xFF, 0x3F, 0xE6, 0x6E, 0xCC, 0xF9, 0x9F, 0x33, 0xE6,
    0x6C, 0xCD, 0x9B, 0xB3, 0x77, 0xFC, 0x7F, 0x03, 0x80, 0x30, 0x70, 0xEE, 0x38, 0xE6, 0x1D, 0xC1,
    0xF0, 0x1E, 0x03, 0x80, 0x70, 0x1F, 0x03, 0x70, 0xEE, 0x18, 0xE7, 0x1C, 0xC1, 0xC0, 0xE3, 0xB8,
    0xEE, 0x3B, 0x8E, 0xE3, 0xB8, 0xEE, 0x3B, 0x8E, 0xE3, 0xB8, 0xEE, 0x3B, 0x8E, 0xFF, 0xFF, 0xF0,
    0x0C, 0x03, 0x00, 0xC0, 0xE1, 0xF0, 0xF8, 0x7C, 0x3E, 0x1F, 0x0F, 0xC6, 0xFF, 0x3F, 0x80, 0xC0,
    0x60, 0x30, 0x18, 0x0C, 0xCD, 0xF3, 0x7C, 0xDF, 0x37, 0xCD, 0xF3, 0x7C, 0xDF, 0x37, 0xCD, 0xF3,
    0x7C, 0xDF, 0x37, 0xFF, 0xFF, 0xF0, 0xCD, 0x99, 0xB3, 0x36, 0x66, 0xCC, 0xD9, 0x9B, 0x33, 0x66,
    0x6C, 0xCD, 0x99, 0xB3, 0x36, 0x66, 0xCF, 0xFF, 0xFF, 0xC0, 0x38, 0x07, 0x00, 0x60, 0x7C, 0x07,
    0xC0, 0x1C, 0x01, 0xC0, 0x1C, 0x01, 0xF8, 0x1F, 0xE1, 0xCE, 0x1C, 0x71, 0xC7, 0x1C, 0x71, 0xC6,
    0x1F, 0xE1, 0xFC, 0xC1, 0xF0, 0x7C, 0x1F, 0x07, 0xC1, 0xFE, 0x7F, 0xDF, 0x77, 0xCF, 0xF3, 0xFC,
    0xFF, 0x3F, 0xFD, 0xFE, 0x70, 0xE0, 0x38, 0x0E, 0x03, 0x80, 0xE0, 0x3F, 0x8F, 0xFB, 0x8E, 0xE1,
    0xF8, 0x7E, 0x1F, 0x86, 0xFF, 0xBF, 0xC0, 0x3E, 0x3F, 0xB8, 0xFC, 0x30, 0x19, 0xFC, 0xFE, 0x03,
    0x01, 0xA0, 0xF8, 0xFC, 0x77, 0xF1, 0xF0, 0xCF, 0xB3, 0xFD, 0xCF, 0x63, 0xD8, 0xFE, 0x3F, 0x8F,
    0x63, 0xD8, 0xF6, 0x3D, 0x8F, 0x73, 0xCF, 0xF3, 0xE0, 0x3F, 0xBF, 0xF8, 0x78, 0x3C, 0x1F, 0x0D,
    0xFE, 0x7F, 0x39, 0x98, 0xDC, 0x6E, 0x3E, 0x1F, 0x0C, 0x3F, 0x3F, 0x98, 0xE0, 0x37, 0xFF, 0xFF,
    0x87, 0x87, 0xE3, 0xFF, 0xDF, 0x60, 0x1F, 0x9F, 0xDE, 0x0C, 0x0F, 0xE7, 0xFB, 0xDF, 0xC7, 0xE1,
    0xF0, 0xF8, 0x7C, 0x36, 0x3B, 0xF8, 0xF8, 0xFF, 0x7F, 0xF8, 0x7C, 0x3F, 0xF7, 0xFB, 0x8F, 0xC3,
    0xE1, 0xFF, 0xFF, 0xC0, 0xFF, 0x7F, 0xB8, 0x1C, 0x0E, 0x07, 0x03, 0x81, 0xC0, 0xE0, 0x70, 0x38,
    0x00, 0x3F, 0xC7, 0xF8, 0xC7, 0x18, 0xE3, 0x1C, 0x63, 0x8C, 0x71, 0x8E, 0x71, 0xDF, 0xFF, 0xFF,
    0xE0, 0x3C, 0x07, 0x80, 0xC0, 0x3E, 0x3F, 0x98, 0xFC, 0x3F, 0xFF, 0xFF, 0x81, 0xC0, 0x63, 0xBF,
    0xCF, 0xC0, 0xE6, 0x66, 0x6E, 0x76, 0xC3, 0x7C, 0x3F, 0x83, 0xF8, 0x37, 0xC7, 0x6C, 0x66, 0xEE,
    0x6E, 0xE6, 0x60, 0x7F, 0x3F, 0xF8, 0xE0, 0x71, 0xF1, 0xF8, 0x0E, 0x03, 0xE1, 0xFF, 0xDF, 0xC0,
    0xE3, 0xF3, 0xF9, 0xFD, 0xFE, 0xDF, 0x6F, 0xE7, 0xF3, 0xF1, 0xF8, 0xFC, 0x60, 0x73, 0x1F, 0x8F,
    0x80, 0x00, 0x07, 0x1F, 0x9F, 0xCF, 0xEF, 0xF6, 0xFB, 0x7F, 0x3F, 0x9F, 0x8F, 0xC7, 0xE3, 0x61,
    0xD8, 0xE6, 0x31, 0x9C, 0x7E, 0x1F, 0x86, 0x61, 0x9C, 0x63, 0x98, 0xE6, 0x1C, 0x3F, 0xCF, 0xF3,
    0x8C, 0xC3, 0x30, 0xCC, 0x33, 0x0C, 0xC3, 0x30, 0xFC, 0x3E, 0x0C, 0xE3, 0xBC, 0xEF, 0x7B, 0xDE,
    0xDF, 0xB7, 0x6D, 0xDB, 0x06, 0xC1, 0xB0, 0x6C, 0x18, 0xE1, 0xF0, 0xF8, 0x7C, 0x3F, 0xFF, 0xFF,
    0x87, 0xC3, 0xE1, 0xF0, 0xF8, 0x60, 0x3E, 0x3F, 0x98, 0xFC, 0x3E, 0x1F, 0x0F, 0x87, 0xC3, 0x63,
    0xBF, 0x8F, 0x80, 0xFF, 0xFF, 0xF8, 0x7C, 0x3E, 0x1F, 0x0F, 0x87, 0xC3, 0xE1, 0xF0, 0xF8, 0x60,
    0xFF, 0x7F, 0xB8, 0xFC, 0x3E, 0x1F, 0x0F, 0x87, 0xC3, 0xE3, 0xFF, 0xBF, 0xDC, 0x0E, 0x07, 0x03,
    0x80, 0x3F, 0x3F, 0xD8, 0xFC, 0x3E, 0x07, 0x03, 0x81, 0xC3, 0x63, 0xBF, 0xCF, 0xC0, 0xFF, 0xFF,
    0xF1, 0xC0, 0x70, 0x1C, 0x07, 0x01, 0xC0, 0x70, 0x1C, 0x07, 0x01, 0xC0, 0xC1, 0xF8, 0x66, 0x39,
    0x8E, 0x73, 0x0D, 0xC3, 0xE0, 0xF8, 0x1E, 0x07, 0x01, 0xC0, 0x70, 0x18, 0x06, 0x03, 0x80, 0x0E,
    0x01, 0xC0, 0x38, 0x1F, 0xC7, 0xFC, 0xCD, 0xD9, 0xBB, 0x37, 0x66, 0xEC, 0xDD, 0x9B, 0xB3, 0x77,
    0xFC, 0x7F, 0x03, 0x80, 0x70, 0x0E, 0x01, 0xC0, 0x70, 0xC7, 0x38, 0xEE, 0x0F, 0x80, 0xF0, 0x1C,
    0x07, 0xC0, 0xFC, 0x3B, 0x86, 0x39, 0xC3, 0x80, 0xE3, 0xB8, 0xEE, 0x3B, 0x8E, 0xE3, 0xB8, 0xEE,
    0x3B, 0x8E, 0xE3, 0xBF, 0xFF, 0xFC, 0x03, 0x00, 0xC0, 0x30, 0xE3, 0xF1, 0xF8, 0xFC, 0x7E, 0x3B,
    0xFD, 0xFE, 0x07, 0x03, 0x81, 0xC0, 0xE0, 0xCD, 0xF3, 0x7C, 0xDF, 0x37, 0xCD, 0xF3, 0x7C, 0xDF,
    0x37, 0xCD, 0xFF, 0xFF, 0xFC, 0xCD, 0x99, 0xB3, 0x36, 0x66, 0xCC, 0xD9, 0x9B, 0x33, 0x66, 0x6C,
    0xCD, 0x9F, 0xFF, 0xFF, 0x80, 0x70, 0x0E, 0x00, 0xC0, 0xF8, 0x1F, 0x00, 0x60, 0x0C, 0x01, 0xFC,
    0x3F, 0xC6, 0x38, 0xC3, 0x18, 0xE3, 0xFC, 0x7F, 0x00, 0xC1, 0xF0, 0x7C, 0x1F, 0x07, 0xFD, 0xFF,
    0x7C, 0xFF, 0x3F, 0xCF, 0xFF, 0x7F, 0x9C, 0xC0, 0x60, 0x30, 0x18, 0x0F, 0xE7, 0xFB, 0x0F, 0x87,
    0xC3, 0xFF, 0xBF, 0x80, 0x3E, 0x3F, 0xB8, 0xFC, 0x31, 0xF8, 0xFC, 0x07, 0xC3, 0xE3, 0xBF, 0x8F,
    0x80, 0xCF, 0xB3, 0xFD, 0xDF, 0x63, 0xF8, 0xFE, 0x3D, 0x8F, 0x63, 0xDD, 0xF3, 0xFC, 0xF8, 0x3F,
    0xBF, 0xF8, 0x7C, 0x3E, 0x1B, 0xFD, 0xFE, 0x73, 0x71, 0xB8, 0xF8, 0x60, 0x73, 0x3B, 0x9D, 0xC0,
    0x00, 0x01, 0xF1, 0xFC, 0xC7, 0xE1, 0xFF, 0xFF, 0xFC, 0x0E, 0x03, 0x1D, 0xFE, 0x7E, 0x70, 0x1C,
    0x0F, 0xE3, 0xF8, 0x77, 0x1F, 0xE7, 0xBD, 0xC7, 0x70, 0xDC, 0x37, 0x0D, 0xC3, 0x70, 0xDC, 0x30,
    0x1C, 0x07, 0x0F, 0x83, 0xC0, 0x0E, 0x06, 0x07, 0x00, 0x00, 0x07, 0xFB, 0xFD, 0xC0, 0xE0, 0x70,
    0x38, 0x1C, 0x0E, 0x07, 0x03, 0x81, 0xC0, 0x3F, 0x3F, 0xD8, 0xFC, 0x3F, 0xC7, 0xE3, 0x81, 0xC3,
    0x63, 0xBF, 0xCF, 0xC0, 0x3F, 0x3F, 0xF8, 0xFC, 0x07, 0xE3, 0xF8, 0x1E, 0x83, 0xE1, 0xBF, 0xDF,
    0xC0, 0x0C, 0x07, 0x80, 0xC0, 0x00, 0x00, 0x1F, 0x07, 0xC0, 0x30, 0x0C, 0x03, 0x00, 0xC0, 0x30,
    0x0C, 0x03, 0x0F, 0xFF, 0xFF, 0x33, 0x1C, 0xE3, 0x30, 0x00, 0x00, 0x1F, 0x07, 0xC0, 0x30, 0x0C,
    0x03, 0x00, 0xC0, 0x30, 0x0C, 0x03, 0x0F, 0xFF, 0xFF, 0x07, 0x07, 0x07, 0x00, 0x00, 0xFF, 0xFF,
    0x07, 0x07, 0x07, 0x07, 0x07, 0x07, 0x07, 0x07, 0x07, 0x07, 0x06, 0xFE, 0xFC, 0x7E, 0x0F, 0xC1,
    0xD8, 0x3B, 0x06, 0x7C, 0xCF, 0xD9, 0x9B, 0x33, 0x66, 0x7C, 0xFF, 0x1F, 0x00, 0xCC, 0x33, 0x0C,
    0xC3, 0xF8, 0xFF, 0xBF, 0xFC, 0xCF, 0x33, 0xCC, 0xF3, 0xFC, 0xF8, 0x70, 0x3F, 0x8F, 0xE1, 0xC0,
    0x7F, 0x9F, 0xE7, 0x1D, 0xC3, 0x70, 0xDC, 0x37, 0x0D, 0xC3, 0x70, 0xDC, 0x30, 0x07, 0x03, 0x80,
    0xC0, 0x00, 0x00, 0x18, 0x76, 0x39, 0x8C, 0x67, 0x1F, 0x87, 0xE1, 0x98, 0x67, 0x18, 0xE6, 0x39,
    0x87, 0x73, 0x0F, 0xC3, 0xE0, 0x00, 0x00, 0x30, 0x7E, 0x19, 0x8E, 0x63, 0x9C, 0xC3, 0x70, 0xF8,
    0x3E, 0x07, 0x81, 0xC0, 0x70, 0x1C, 0x06, 0x01, 0x80, 0xE0, 0xE1, 0xF0, 0xF8, 0x7C, 0x3E, 0x1F,
    0x0F, 0x87, 0xC3, 0xE1, 0xFF, 0xFF, 0xE3, 0x81, 0xC0, 0x60, 0x01, 0x80, 0xFF, 0xFF, 0xFE, 0x07,
    0x03, 0x81, 0xC0, 0xE0, 0x70, 0x38, 0x1C, 0x0E, 0x07, 0x03, 0x81, 0xC0, 0x03, 0x03, 0xFF, 0xFF,
    0xE0, 0xE0, 0xE0, 0xE0, 0xE0, 0xE0, 0xE0, 0xE0, 0xE0, 0x3F, 0xE7, 0xFC, 0xE0, 0x1C, 0x03, 0x80,
    0x70, 0x3F, 0xC7, 0xF0, 0x38, 0x07, 0x00, 0xE0, 0x1C, 0x03, 0x80, 0x70, 0x00, 0x3F, 0xE7, 0xFC,
    0xE0, 0x1C, 0x03, 0x80, 0xFE, 0x1F, 0xC1, 0xC0, 0x38, 0x07, 0x00, 0xE0, 0x00, 0xE1, 0x9C, 0x73,
    0x8C, 0x73, 0x8E, 0x61, 0xDC, 0x3F, 0x07, 0xF0, 0xEE, 0x1C, 0xC3, 0x9C, 0x71, 0x8E, 0x39, 0xC3,
    0x80, 0x30, 0x06, 0x00, 0xC0, 0xE1, 0xB8, 0xEE, 0x73, 0x98, 0xFE, 0x3F, 0x0E, 0xE3, 0x98, 0xE7,
    0x38, 0xEE, 0x1C, 0x03, 0x00, 0xC0, 0x30, 0xE3, 0xB8, 0xEE, 0x3B, 0x8E, 0xE3, 0xB8, 0xEF, 0xFB,
    0xFE, 0xE3, 0xB8, 0xEE, 0x3B, 0x8E, 0xE3, 0xB8, 0xF0, 0x0C, 0x03, 0x00, 0xC0, 0xE3, 0xB8, 0xEE,
    0x3B, 0x8E, 0xE3, 0xBF, 0xEF, 0xFB, 0x8E, 0xE3, 0xB8, 0xEE, 0x3C, 0x03, 0x00, 0xC0, 0x30, 0x60,
    0xEE, 0x19, 0xC7, 0x1C, 0xC3, 0xB8, 0x37, 0x07, 0xC0, 0x78, 0x0E, 0x01, 0xC0, 0x38, 0x07, 0x00,
    0xE0, 0x1C, 0x00, 0xC1, 0xB8, 0x66, 0x39, 0x8E, 0x73, 0x0D, 0xC3, 0x70, 0xF8, 0x1E, 0x07, 0x81,
    0xC0, 0x70, 0x1C, 0x07, 0x01, 0xC0, 0x60, 0xEE, 0x19, 0xC7, 0x18, 0xC3, 0xB8, 0x37, 0x07, 0xC0,
    0x78, 0x1F, 0x87, 0xF0, 0xFE, 0x07, 0x00, 0xE0, 0x1C, 0x00, 0xC1, 0xB8, 0x66, 0x39, 0x8E, 0x73,
    0x1C, 0xC3, 0x70, 0xF8, 0x3E, 0x07, 0x81, 0xC0, 0xFC, 0x7F, 0x1F, 0xC1, 0xC0, 0xC3, 0xB0, 0xEC,
    0x3B, 0x0E, 0xC3, 0xB0, 0xEE, 0x39, 0xFE, 0x3F, 0x80, 0xE0, 0x38, 0x0E, 0x03, 0x80, 0xF0, 0x1C,
    0x07, 0x01, 0xC0, 0xC3, 0xB0, 0xEC, 0x3B, 0x0E, 0xE3, 0xBF, 0xE7, 0xF8, 0x0E, 0x03, 0x80, 0xE0,
    0x3C, 0x07, 0x01, 0xC0, 0x70, 0xE0, 0x70, 0x38, 0x1C, 0x0E, 0x07, 0xFB, 0xFF, 0xC3, 0xE1, 0xF0,
    0xF8, 0x7C, 0x3E, 0x1F, 0x0C, 0x60, 0x30, 0x18, 0x0C, 0x07, 0xF3, 0xFD, 0x86, 0xC3, 0x61, 0xB0,
    0xD8, 0x60, 0x3E, 0x3F, 0xB8, 0xFC, 0x30, 0x18, 0x0F, 0xFF, 0xFF, 0xE1, 0xF0, 0xF8, 0x7C, 0x77,
    0xF1, 0xF0, 0x3E, 0x3F, 0xB8, 0xE0, 0x30, 0x1F, 0xFF, 0xFF, 0xC3, 0x63, 0xBF, 0x8F, 0x80, 0x39,
    0x83, 0xB8, 0x3B, 0x80, 0x00, 0x00, 0x0E, 0x66, 0xE6, 0xE6, 0x6E, 0x76, 0xC7, 0x7C, 0x37, 0xC3,
    0xF8, 0x3F, 0x83, 0x7C, 0x76, 0xC6, 0x6C, 0x66, 0xEE, 0x66, 0xC6, 0x60, 0x39, 0x83, 0xB8, 0x3B,
    0x80, 0x00, 0x00, 0x0E, 0x66, 0x66, 0xE7, 0x6C, 0x37, 0xC3, 0xF8, 0x3F, 0x83, 0x7C, 0x76, 0xC6,
    0x6E, 0xE6, 0xEE, 0x66, 0x39, 0x87, 0x70, 0xEE, 0x00, 0x00, 0x00, 0x3F, 0x0F, 0xF3, 0x8E, 0x60,
    0xC0, 0x38, 0x3E, 0x07, 0xC0, 0x3C, 0x01, 0x98, 0x33, 0x06, 0x71, 0xC7, 0xF8, 0x7E, 0x00, 0x73,
    0x3B, 0x9D, 0xC0, 0x00, 0x03, 0xF9, 0xFF, 0xC7, 0x03, 0x8F, 0x8F, 0xC0, 0x70, 0x1F, 0x0F, 0xFE,
    0xFE, 0x73, 0x3B, 0x9D, 0xC0, 0x00, 0x07, 0x1F, 0x9F, 0xCF, 0xE7, 0xF7, 0xFB, 0x7D, 0xBF, 0xDF,
    0xCF, 0xE7, 0xF3, 0xF1, 0xF8, 0xFC, 0x60, 0x73, 0x3B, 0x9D, 0xC0, 0x00, 0x07, 0x1F, 0x9F, 0xCF,
    0xEF, 0xF6, 0xFB, 0x7F, 0x3F, 0x9F, 0x8F, 0xC7, 0xE3, 0x73, 0x3B, 0x9D, 0xC0, 0x00, 0x01, 0xF1,
    0xFC, 0xC7, 0xE1, 0xF0, 0xF8, 0x7C, 0x3E, 0x1F, 0x0F, 0x87, 0xC3, 0x63, 0xBF, 0x8F, 0x80, 0x73,
    0x3B, 0x9D, 0xC0, 0x00, 0x01, 0xF1, 0xFC, 0xC7, 0xE1, 0xF0, 0xF8, 0x7C, 0x3E, 0x1B, 0x1D, 0xFC,
    0x7C, 0x3E, 0x3F, 0x98, 0xFC, 0x3E, 0x1F, 0x0F, 0xFF, 0xFF, 0xE1, 0xF0, 0xF8, 0x6C, 0x77, 0xF1,
    0xF0, 0x3E, 0x3F, 0x98, 0xFC, 0x3F, 0xFF, 0xFF, 0x87, 0xC3, 0x63, 0xBF, 0x8F, 0x80, 0x73, 0x3B,
    0x9D, 0xC0, 0x00, 0x07, 0x0F, 0x87, 0xC3, 0xE1, 0xF0, 0xF8, 0x7E, 0x37, 0xF9, 0xFC, 0x06, 0x03,
    0x01, 0x80, 0xC0, 0x60, 0x73, 0x3B, 0x9D, 0xC0, 0x00, 0x07, 0x1F, 0x8F, 0xC7, 0xE3, 0xF1, 0xDF,
    0xEF, 0xF0, 0x38, 0x1C, 0x0E, 0x07, 0xFF, 0xFC, 0xFF, 0xFF, 0xC0, 0xFF, 0xFF, 0xFF, 0xC6, 0xC6,
    0xC6, 0xC6, 0xC6, 0xC6, 0xC6, 0xC6, 0xC6, 0xC6, 0xC6, 0xC6, 0xC6, 0xC6, 0xC6, 0xC6, 0xC6, 0xC6,
    0xC6, 0x33, 0x9C, 0xC6, 0x38, 0x67, 0x76, 0xEE, 0x67, 0x76, 0xEE, 0x73, 0x18, 0xE7, 0x18, 0x67,
    0xEE, 0xEE, 0xCC, 0xCC, 0xEE, 0xE6, 0x67, 0x77, 0x66, 0xEE, 0xCE, 0xE7, 0x63, 0x73, 0x67, 0xE7,
    0xCE, 0xEE, 0xCC, 0xCC, 0xEE, 0xEE, 0x67, 0x1C, 0x0E, 0x07, 0x03, 0x8F, 0xFF, 0xFC, 0x70, 0x38,
    0x1C, 0x0E, 0x07, 0x03, 0x81, 0xC0, 0xE0, 0x70, 0x38, 0x1C, 0x0E, 0x03, 0x00, 0x0C, 0x0E, 0x07,
    0x03, 0x81, 0xC7, 0xFF, 0xFE, 0x38, 0x1C, 0x0E, 0x07, 0x03, 0x8F, 0xFF, 0xFC, 0x70, 0x38, 0x1C,
    0x0E, 0x07, 0x00, 0x7F, 0xFF, 0xF7, 0x80, 0xEF, 0xE0, 0xDD, 0xF7, 0x7D, 0xDC, 0x78, 0x63, 0xE6,
    0x1B, 0x60, 0xDB, 0x07, 0xF0, 0x1D, 0x80, 0x18, 0x01, 0x80, 0x0F, 0xF8, 0xFF, 0xC7, 0xB6, 0x6D,
    0xB6, 0x7F, 0xB1, 0xFC, 0x33, 0x9C, 0xE6, 0x30, 0x33, 0xB9, 0x9C, 0xCE, 0xE6, 0x73, 0x38, 0x77,
    0x67, 0x6E, 0x6E, 0xEE, 0xEE, 0xEE, 0xCE, 0xCC, 0x0E, 0x38, 0xE3, 0x86, 0x0E, 0x0E, 0x0E, 0x0E,
    0x70, 0x70, 0xE0, 0xE0, 0xE3, 0x86, 0x1C, 0x70, 0xE6, 0xE6, 0xE6, 0xE6, 0xE6, 0xE6, 0xE6, 0xE6,
    0xE6, 0xE6, 0x00, 0x40, 0xEF, 0xEF, 0xFC, 0xFE, 0x06, 0x37, 0x37, 0x36, 0x3E, 0x3C, 0x30, 0x30,
    0x00, 0x20, 0x78, 0x70, 0x7F, 0xFF, 0xFF, 0xC0, 0xC0, 0x6E, 0x06, 0xFF, 0xE7, 0xFC, 0x00, 0x60,
    0x0E, 0x00, 0xC0, 0x18, 0x03, 0x80, 0x70, 0x06, 0x00, 0xE0, 0x1C, 0x01, 0x80, 0x38, 0x07, 0x00,
    0x60, 0x0C, 0x00, 0x7D, 0xF6, 0x18, 0x61, 0x86, 0x18, 0x61, 0xF7, 0xD8, 0x61, 0x86, 0x18, 0x61,
    0xF7, 0xC0, 0x7F, 0xF1, 0xC7, 0x1C, 0x71, 0xC7, 0x1F, 0xF7, 0xC7, 0x1C, 0x71, 0xC7, 0x1D, 0xF7,
    0xC0, 0x7C, 0xFF, 0x1E, 0x3C, 0x78, 0xF1, 0xBF, 0x7C, 0x1C, 0x30, 0xC3, 0x86, 0x7C, 0xFF, 0xBF,
    0x06, 0x7E, 0xF9, 0x83, 0xE7, 0xE0, 0xF1, 0xBF, 0x7C, 0x18, 0x70, 0xC3, 0xE7, 0xF8, 0xF1, 0xBF,
    0x7C, 0xFF, 0xFF, 0x18, 0x60, 0xC3, 0x06, 0x1C, 0x30, 0x7C, 0xFF, 0x9B, 0x77, 0xDF, 0xF1, 0xFF,
    0x7C, 0x7C, 0xFF, 0x9E, 0x36, 0xEF, 0x87, 0x0C, 0x38, 0x30, 0xCF, 0xFE, 0x30, 0x01, 0xFD, 0xF0,
    0x0F, 0xEF, 0x80, 0x7C, 0xFF, 0x1E, 0x3C, 0x78, 0xF1, 0xBF, 0x7C, 0x38, 0x78, 0x58, 0x18, 0x18,
    0x18, 0x18, 0x7E, 0xFF, 0x3C, 0xFD, 0x98, 0x30, 0xC3, 0x8C, 0x3F, 0x7E, 0x7E, 0xFC, 0x70, 0xE1,
    0xE0, 0xF1, 0xBF, 0x7C, 0x1C, 0x30, 0xC3, 0x86, 0x7C, 0xFF, 0xBF, 0x06, 0x7E, 0xF9, 0x83, 0xE7,
    0xE0, 0xF1, 0xBF, 0x7C, 0x18, 0x70, 0xC3, 0xE7, 0xF8, 0xF1, 0xBF, 0x7C, 0xFF, 0xFF, 0x18, 0x60,
    0xC3, 0x06, 0x1C, 0x30, 0x7C, 0xFF, 0x9B, 0x77, 0xDF, 0xF1, 0xFF, 0x7C, 0x7C, 0xFF, 0x9E, 0x36,
    0xEF, 0x87, 0x0C, 0x38, 0x01, 0x81, 0xFC, 0x3F, 0x80, 0xC3, 0xD8, 0xFF, 0x1D, 0xE7, 0x1C, 0xE1,
    0x9C, 0x71, 0x8E, 0x3F, 0xC3, 0xF8, 0x00, 0x3F, 0xE7, 0xFC, 0x1F, 0x8F, 0xF3, 0x1D, 0xC3, 0xFE,
    0x3F, 0x87, 0x03, 0xF8, 0xFE, 0x1C, 0x07, 0x0C, 0xC7, 0x3F, 0xC7, 0xE0, 0xFF, 0xEF, 0xFC, 0x38,
    0x07, 0x00, 0xEC, 0x1F, 0x9F, 0xE3, 0xF2, 0x0F, 0xC7, 0xF9, 0xF8, 0x37, 0x00, 0xE0, 0x1C, 0x00,
    0x1F, 0x87, 0xF8, 0xC7, 0x00, 0xE7, 0xFE, 0xFF, 0xC0, 0x03, 0xFF, 0x7F, 0xE7, 0x00, 0xC3, 0x18,
    0xE3, 0xF8, 0x3E, 0x00, 0x3F, 0x87, 0xF8, 0xC3, 0x98, 0x73, 0x0E, 0x63, 0xBF, 0xF7, 0xF8, 0x30,
    0x1F, 0xE3, 0xFE, 0x18, 0x03, 0x00, 0x60, 0x00, 0x3C, 0x0F, 0x03, 0xC3, 0xFC, 0xFF, 0x38, 0xEE,
    0x1B, 0x86, 0xE7, 0xBF, 0xCF, 0xFB, 0x8E, 0xE1, 0xB8, 0x6E, 0x3B, 0xFE, 0xFF, 0x0F, 0x03, 0xC0,
    0xD0, 0x1C, 0x01, 0xC0, 0x38, 0x07, 0x00, 0xFF, 0xEF, 0xFE, 0x70, 0x03, 0x00, 0x38, 0x01, 0xC0,
    0x0C, 0x00, 0x00, 0x00, 0xC0, 0x7C, 0x1F, 0xC7, 0xFD, 0xCD, 0xF1, 0x98, 0x30, 0x06, 0x00, 0xC0,
    0x18, 0x03, 0x00, 0x60, 0x0C, 0x01, 0x80, 0x00, 0x00, 0x70, 0x03, 0x80, 0x38, 0x01, 0xC0, 0x0E,
    0xFF, 0xE0, 0x0E, 0x01, 0xC0, 0x38, 0x07, 0x00, 0x60, 0x06, 0x00, 0xC0, 0x18, 0x03, 0x00, 0x60,
    0x0C, 0x01, 0x80, 0x30, 0xC6, 0x7C, 0xDD, 0xFF, 0x1F, 0xC1, 0xF0, 0x0C, 0x00, 0x00, 0x0E, 0x70,
    0x38, 0x60, 0xE0, 0xE3, 0x80, 0xE7, 0xFF, 0xFF, 0xFF, 0xDC, 0x03, 0x1C, 0x0C, 0x1C, 0x38, 0x38,
    0xE0, 0x39, 0x80, 0x00, 0x01, 0xC0, 0x7C, 0x1F, 0xC7, 0xFD, 0xCD, 0xF1, 0x98, 0x30, 0x06, 0x00,
    0xC0, 0x18, 0x03, 0x00, 0x60, 0x0C, 0x01, 0x86, 0x33, 0xE6, 0xEE, 0xFC, 0xFE, 0x0F, 0x80, 0xE0,
    0x00, 0x00, 0xFF, 0xBF, 0xEF, 0x83, 0xF0, 0xDE, 0x33, 0xCC, 0x7B, 0x0F, 0x41, 0x80, 0x00, 0x3F,
    0xE7, 0xFC, 0x0F, 0x83, 0xF0, 0xEE, 0x39, 0xCE, 0x3B, 0x86, 0x60, 0x80, 0x00, 0x00, 0x0C, 0x11,
    0xC3, 0x1C, 0x71, 0xCE, 0x1D, 0xC1, 0xF8, 0x1F, 0x3F, 0xE7, 0xFC, 0x7F, 0x00, 0x00, 0x90, 0x7C,
    0x3B, 0x1C, 0xCE, 0x37, 0x0F, 0x83, 0xC0, 0xFF, 0xBF, 0xC0, 0x03, 0xE0, 0x3F, 0x79, 0xFF, 0xFF,
    0xCF, 0x70, 0x02, 0x33, 0x86, 0x70, 0xFF, 0xEF, 0xFF, 0xEE, 0x07, 0x70, 0x33, 0x80, 0x19, 0xC0,
    0xCE, 0xFF, 0xEF, 0xFF, 0x0E, 0xE1, 0xDC, 0x19, 0x80, 0x30, 0xE6, 0x1C, 0xFF, 0x8F, 0xF8, 0xE1,
    0xC7, 0x0E, 0x30, 0x60, 0xE1, 0xC7, 0x0E, 0x3F, 0xE3, 0xFF, 0x38, 0xE7, 0x1C, 0xE1, 0x80, 0x18,
    0x7C, 0xFE, 0xFF, 0xBB, 0x38, 0x38, 0x38, 0x38, 0xFF, 0xFF, 0xC1, 0xCC, 0x0E, 0xFF, 0xEF, 0xFF,
    0xC0, 0xEC, 0x1C, 0xC1, 0x80, 0xFF, 0xFF, 0x38, 0x38, 0x38, 0x38, 0xB9, 0xFB, 0xFF, 0x7E, 0x38,
    0x07, 0x00, 0x7C, 0x01, 0xE0, 0x06, 0x18, 0x73, 0x86, 0x70, 0xEF, 0xFE, 0xFF, 0x87, 0x00, 0x30,
    0x03, 0x80, 0x1C, 0x07, 0xC0, 0xF0, 0x0E, 0x00, 0xC3, 0x8C, 0x18, 0xE0, 0xC7, 0xFE, 0x3F, 0xE0,
    0x0E, 0x01, 0xC0, 0x38, 0x31, 0x87, 0xFC, 0xFF, 0xEF, 0xBF, 0xF1, 0xE6, 0x0E, 0x31, 0xC0, 0x03,
    0x0E, 0x3C, 0xDB, 0x3C, 0x30, 0xC3, 0x0C, 0x30, 0xC3, 0x0C, 0x30, 0xC3, 0x0C, 0x30, 0x01, 0xC0,
    0x0E, 0xFF, 0xEF, 0xFF, 0x00, 0xE0, 0x0C, 0x01, 0xC0, 0x0E, 0xFF, 0xEF, 0xFF, 0x00, 0xE0, 0x1C,
    0x0C, 0x01, 0xC0, 0x38, 0x03, 0xFF, 0x7F, 0xFE, 0x00, 0xE0, 0x07, 0xFF, 0x3F, 0xF3, 0x80, 0x1C,
    0x00, 0xC0, 0x00, 0x00, 0x64, 0x07, 0x30, 0x79, 0xC6, 0xCB, 0x66, 0x4C, 0x32, 0x01, 0x90, 0x0C,
    0x80, 0x64, 0x03, 0x20, 0x19, 0x00, 0xC8, 0x06, 0x40, 0x32, 0x01, 0x90, 0x0C, 0x80, 0x64, 0x03,
    0x20, 0x19, 0x00, 0x06, 0x00, 0x70, 0x03, 0x8F, 0xFC, 0xFF, 0xE0, 0x0E, 0x00, 0xEF, 0xFE, 0xFF,
    0xC0, 0x38, 0x07, 0x00, 0x60, 0x0C, 0x80, 0x64, 0x03, 0x20, 0x19, 0x00, 0xC8, 0x06, 0x40, 0x32,
    0x01, 0x90, 0x0C, 0x80, 0x64, 0x03, 0x20, 0x19, 0x00, 0xC8, 0x06, 0x43, 0x32, 0x6D, 0x96, 0x3C,
    0xE0, 0xE6, 0x03, 0x20, 0x00, 0x00, 0x0E, 0xE0, 0x1C, 0xE0, 0x70, 0xE1, 0xFF, 0xC7, 0xFF, 0xDE,
    0x01, 0xF8, 0x03, 0xBF, 0xFE, 0x3F, 0xF8, 0x38, 0x70, 0x39, 0xC0, 0x77, 0x00, 0x06, 0x00, 0x70,
    0xFF, 0x8F, 0xFC, 0x00, 0xC0, 0x0E, 0xFF, 0xFF, 0xFE, 0x01, 0xCF, 0xF8, 0xFF, 0x00, 0x70, 0x00,
    0x06, 0x07, 0x87, 0xE7, 0xF8, 0x60, 0x30, 0xFF, 0x7F, 0x86, 0x1F, 0xEF, 0xF0, 0xC0, 0x60, 0x30,
    0x0C, 0x06, 0x03, 0x0F, 0xF7, 0xF8, 0x61, 0xFE, 0xFF, 0x0C, 0x06, 0x1F, 0xEF, 0xE3, 0xE0, 0xE0,
    0x30, 0x0C, 0x60, 0xE6, 0x07, 0x6F, 0xFE, 0xFF, 0xE0, 0x76, 0x06, 0x60, 0xE6, 0x00, 0x00, 0x60,
    0x0F, 0x01, 0xB0, 0x31, 0x86, 0x0C, 0xF9, 0xE1, 0x90, 0x19, 0x01, 0x90, 0x19, 0x01, 0x90, 0x19,
    0x01, 0x90, 0x19, 0x01, 0xF0, 0x00, 0x00, 0x60, 0x07, 0x00, 0x78, 0xFE, 0xC8, 0x06, 0x80, 0x38,
    0x06, 0xFE, 0xC0, 0x78, 0x07, 0x00, 0x60, 0x00, 0x00, 0x00, 0x00, 0x60, 0x0F, 0x01, 0xB0, 0x31,
    0x86, 0x0C, 0xF9, 0xE1, 0x90, 0x19, 0x01, 0x90, 0x1F, 0x00, 0x00, 0x1F, 0x01, 0x90, 0x19, 0x01,
    0xF0, 0x60, 0x4C, 0x1D, 0x83, 0x38, 0x63, 0xFC, 0x7F, 0x8F, 0xE1, 0xCC, 0x1B, 0x83, 0x70, 0x6C,
    0x0F, 0x80, 0xF0, 0x1E, 0x03, 0x80, 0x3C, 0xFD, 0x9B, 0x36, 0x0C, 0x18, 0x33, 0x66, 0xFC, 0xF0,
    0x3C, 0x0F, 0x01, 0xC0, 0x60, 0x39, 0xFD, 0xFE, 0xC7, 0xE1, 0xF0, 0xF8, 0x7C, 0x77, 0xF9, 0xF8,
    0x30, 0xFF, 0xFF, 0xC0, 0xE0, 0x70, 0x38, 0x1D, 0xFE, 0xFF, 0x03, 0x81, 0xC0, 0xE0, 0x7F, 0xFF,
    0xFC, 0x03, 0x01, 0xBF, 0xFF, 0xF0, 0x78, 0x3C, 0x3E, 0x1F, 0x7F, 0xBF, 0xC6, 0xE6, 0x73, 0x3B,
    0x9F, 0xFF, 0xFF, 0xE0, 0x60, 0x00, 0x00, 0x30, 0xFF, 0x0F, 0xF8, 0xF1, 0xE7, 0x1F, 0x30, 0xDF,
    0x8C, 0xEC, 0xC7, 0x66, 0x3B, 0xE1, 0x8E, 0x3C, 0x7F, 0xC3, 0xFC, 0x30, 0x00, 0x0E, 0x01, 0xE0,
    0x3C, 0x0F, 0x81, 0xB0, 0x37, 0x06, 0xE1, 0xCC, 0x31, 0x86, 0x39, 0xC7, 0x38, 0x67, 0xFC, 0xFF,
    0xC0, 0x7F, 0xEF, 0xF9, 0xC3, 0x38, 0x63, 0x1C, 0x63, 0x0E, 0x61, 0xCC, 0x1B, 0x83, 0x60, 0x7C,
    0x0F, 0x80, 0xF0, 0x1C, 0x03, 0x80, 0x00, 0x07, 0xFD, 0xFF, 0xB0, 0x0E, 0x01, 0xC0, 0x3F, 0xFF,
    0xFF, 0xE0, 0x0C, 0x01, 0xE0, 0x1F, 0xF0, 0xFE, 0x00, 0x80, 0x30, 0x06, 0x1F, 0xF7, 0xFE, 0xE6,
    0x39, 0x87, 0xFF, 0xFF, 0xFD, 0x83, 0xB0, 0x3E, 0x07, 0xFE, 0x7F, 0xC6, 0x01, 0x80, 0x30, 0x00,
    0xFF, 0x08, 0x3F, 0xC3, 0xF0, 0x00, 0x1F, 0xF1, 0xFF, 0x00, 0x70, 0x06, 0x00, 0xFF, 0xFB, 0xFF,
    0x00, 0x60, 0x1C, 0x07, 0x7F, 0xE7, 0xE0, 0x00, 0x80, 0x30, 0x06, 0x7F, 0xC7, 0xFC, 0x07, 0xC1,
    0x98, 0x33, 0xFF, 0xEF, 0xFC, 0x31, 0x86, 0x71, 0xDD, 0xFF, 0x1F, 0x81, 0x80, 0x30, 0x00, 0xFE,
    0xFF, 0xFF, 0xFF, 0xFF, 0xFF, 0xFF, 0xFF, 0xFF, 0xFF, 0xFF, 0xFF, 0xFC, 0xC7, 0x18, 0xE3, 0x1C,
    0x63, 0x8C, 0x71, 0x8E, 0x31, 0xC6, 0x38, 0xC7, 0x18, 0xE3, 0x1C, 0x63, 0x8C, 0x71, 0x8E, 0x31,
    0xC6, 0x38, 0x31, 0xC6, 0x38, 0xC7, 0x18, 0xE3, 0x1C, 0x63, 0x8C, 0x71, 0x8E, 0x31, 0xC6, 0x38,
    0xC7, 0x18, 0xE3, 0x1C, 0x63, 0x8C, 0x71, 0x8E, 0xFF, 0xFF, 0xFC, 0xFF, 0xFF, 0xFE, 0x01, 0xC0,
    0x38, 0x06, 0x01, 0xC0, 0x38, 0x07, 0x03, 0x81, 0xC0, 0x70, 0x38, 0x1C, 0x0E, 0x03, 0xFF, 0xFF,
    0xC0, 0xFF, 0xFC, 0xFF, 0x9F, 0xE1, 0xC0, 0x70, 0x1C, 0x3F, 0xFF, 0xFC, 0x70, 0x1C, 0x07, 0x00,
    0xC0, 0x00, 0x60, 0x0E, 0x00, 0xC0, 0x18, 0x03, 0x80, 0x70, 0x06, 0x00, 0xE0, 0x1C, 0x01, 0x80,
    0x38, 0x07, 0x00, 0x60, 0x0C, 0x00, 0x7E, 0xF3, 0xB7, 0x80, 0xEF, 0xE0, 0x00, 0x60, 0x06, 0x00,
    0x60, 0x0E, 0xF0, 0xCF, 0x8C, 0x19, 0xC1, 0x98, 0x19, 0x81, 0xD8, 0x0F, 0x80, 0xF0, 0x0F, 0x00,
    0x70, 0x06, 0x00, 0x7B, 0xDD, 0xEF, 0x39, 0xE3, 0x3E, 0xF6, 0xF7, 0x80, 0xFF, 0xFF, 0xFF, 0xFF,
    0xFF, 0xC0, 0x38, 0x38, 0x38, 0x3E, 0x3E, 0x3C, 0x38, 0x38, 0x38, 0x78, 0x78, 0xF8, 0x38, 0x38,
    0x6E, 0xDD, 0xBB, 0x76, 0xED, 0xDB, 0xB7, 0x6E, 0xDD, 0xBB, 0x76, 0xED, 0xC0, 0x1C, 0x07, 0x83,
    0xE0, 0xF8, 0x37, 0x1D, 0xC6, 0x31, 0x8E, 0xE1, 0xB0, 0x60, 0xC1, 0xB8, 0x6E, 0x39, 0x8E, 0x73,
    0x0D, 0xC3, 0x60, 0xF8, 0x1E, 0x07, 0x00, 0x1F, 0x07, 0xF9, 0xC7, 0xB0, 0x7E, 0x0F, 0xC1, 0xF8,
    0x3F, 0x07, 0xE0, 0xFC, 0x1F, 0x83, 0xF0, 0x7E, 0x0F, 0xC1, 0xD8, 0x18, 0xE0, 0xFC, 0x1F, 0x83,
    0xF0, 0x7E, 0x0F, 0xC1, 0xF8, 0x3F, 0x07, 0xE0, 0xFC, 0x1F, 0x83, 0xB0, 0x77, 0xFC, 0x7F, 0x00,
    0x07, 0xC1, 0xFC, 0x38, 0x06, 0x00, 0xC0, 0x18, 0x03, 0x00, 0x60, 0x0C, 0x01, 0x80, 0x30, 0x06,
    0x00, 0xC0, 0x18, 0x03, 0x00, 0xE0, 0xFC, 0x1F, 0x00, 0x0E, 0x01, 0xC0, 0x18, 0x00, 0x00, 0x00,
    0x00, 0x00, 0x00, 0x00, 0x60, 0x5E, 0x1F, 0x83, 0x80, 0xE0, 0xFE, 0x1D, 0x81, 0x00, 0x00, 0x00,
    0x00, 0x00, 0x00, 0x00, 0x06, 0x01, 0xC0, 0x38, 0x00, 0xEF, 0xE0, 0x00, 0x00, 0xEF, 0xE0, 0xE3,
    0xB8, 0xFE, 0x38, 0x00, 0x00, 0x00, 0x00, 0x03, 0x8E, 0xE3, 0xF8, 0xE0, 0x10, 0x70, 0xF1, 0xC0,
    0x1F, 0xFF, 0x80, 0x00, 0xE0, 0x0F, 0x00, 0xE0, 0x00, 0xFE, 0x0F, 0xE0, 0x00, 0xE0, 0x0F, 0x00,
    0xE0, 0x00, 0x9E, 0x6F, 0xDB, 0x3E, 0xCF, 0xB0, 0xC0, 0x7C, 0xCF, 0x9F, 0xB9, 0xF3, 0x37, 0x3C,
    0x00, 0x00, 0x00, 0x1E, 0x6F, 0xFB, 0x3E, 0xC3, 0x00, 0x0F, 0xFB, 0xFE, 0x00, 0x1E, 0x6F, 0xDB,
    0x3E, 0xCF, 0xB0, 0x87, 0xFB, 0xFE, 0xFF, 0x80, 0x07, 0xFB, 0xFE, 0xFF, 0x80, 0x01, 0x00, 0xC0,
    0x31, 0xEE, 0xFF, 0xB3, 0xEC, 0xFB, 0x38, 0x7F, 0xBF, 0xEF, 0xF8, 0x60, 0x7F, 0xBF, 0xEF, 0xF8,
    0xC0, 0x60, 0x18, 0x00, 0x00, 0x9E, 0x6F, 0xDB, 0x3E, 0xCF, 0xB0, 0xE7, 0x9B, 0xF6, 0xCF, 0xB3,
    0xEC, 0x30, 0x03, 0x00, 0xC0, 0x30, 0x18, 0x06, 0x1F, 0xEF, 0xFB, 0x3E, 0xCF, 0x06, 0x07, 0x9B,
    0xFE, 0xFF, 0xBC, 0xC3, 0x01, 0x80, 0x60, 0x00, 0x00, 0x1E, 0x7F, 0xFB, 0x3E, 0xC3, 0x1E, 0x7F,
    0xFB, 0x3E, 0xC3, 0x1E, 0x7F, 0xFB, 0x3E, 0xC2, 0x00, 0x60, 0x6E, 0x1D, 0xFF, 0x1F, 0xC0, 0x00,
    0x7F, 0x1F, 0xF3, 0x87, 0x60, 0x60, 0xE0, 0x0E, 0xFF, 0xEF, 0xF4, 0x00, 0x00, 0x04, 0x00, 0xEF,
    0xFE, 0xFF, 0xE0, 0x00, 0x00, 0x0F, 0x0F, 0x87, 0xC3, 0xE0, 0x60, 0x00, 0xFE, 0xFF, 0xBF, 0xC0,
    0x0F, 0xEF, 0xFB, 0xFC, 0x18, 0x1F, 0x07, 0xC1, 0xE1, 0xE0, 0xE0, 0x60, 0x10, 0x7F, 0x7F, 0xDF,
    0xE0, 0x07, 0xF7, 0xFD, 0xFE, 0x01, 0x01, 0x80, 0xC0, 0xC0, 0x60, 0x33, 0xFF, 0xFF, 0x0C, 0x0C,
    0x3F, 0xFF, 0xF3, 0x01, 0x80, 0xC0, 0xC0, 0x60, 0x00, 0x7F, 0x7F, 0xDF, 0xE0, 0x07, 0xF7, 0xFD,
    0xFE, 0x00, 0x7F, 0x7F, 0xDF, 0xE0, 0x01, 0x01, 0x80, 0xCF, 0xEF, 0xFB, 0xFC, 0x30, 0xFE, 0xFF,
    0xBF, 0xC6, 0x0F, 0xEF, 0xFB, 0xFC, 0xC0, 0xC0, 0xFF, 0xFF, 0xC0, 0x1F, 0xFF, 0xF8, 0x03, 0xFF,
    0xFF, 0xFF, 0xFF, 0xC0, 0x00, 0x81, 0xC3, 0xE7, 0x8F, 0x07, 0x03, 0xE0, 0x7C, 0x0F, 0x81, 0xC0,
    0x20, 0x0F, 0xFF, 0xFC, 0xC0, 0x78, 0x1F, 0x03, 0xE0, 0x78, 0x1C, 0x3E, 0x7C, 0xF8, 0x70, 0x00,
    0x00, 0x0F, 0xFF, 0xFC, 0x00, 0x00, 0xE3, 0x1C, 0xF3, 0x9C, 0xF7, 0x8C, 0x60, 0xE7, 0x07, 0xBC,
    0x3D, 0xE0, 0xE7, 0x06, 0x30, 0x00, 0x0C, 0x60, 0xE7, 0x07, 0xBC, 0x1C, 0xE0, 0xE7, 0x1E, 0xF3,
    0x9C, 0xF7, 0x8C, 0x70, 0x84, 0x00, 0xCF, 0xF7, 0xB6, 0xCE, 0x38, 0xE3, 0xCF, 0x37, 0x9E, 0xFC,
    0x00, 0x01, 0x80, 0x71, 0x8D, 0xB9, 0xF7, 0xFC, 0x7F, 0x01, 0x81, 0xFC, 0x7F, 0xCF, 0xBD, 0xE3,
    0x8C, 0x01, 0x80, 0x03, 0x01, 0x81, 0xA0, 0xF0, 0xF9, 0xF3, 0xF1, 0xD0, 0xF8, 0x1F, 0x0F, 0xE6,
    0x73, 0x0B, 0x01, 0x80, 0x03, 0x01, 0xA1, 0x9C, 0xCF, 0xE1, 0xF0, 0x3E, 0x1F, 0x1F, 0x8F, 0x9E,
    0x1E, 0x0B, 0x03, 0x01, 0x80, 0x03, 0x01, 0xC1, 0xE1, 0xF3, 0xE7, 0xB3, 0xB1, 0xF8, 0x3E, 0x0F,
    0xC6, 0xE3, 0x13, 0x07, 0xFF, 0xFE, 0xC0, 0x60, 0x00, 0x03, 0x61, 0xBC, 0xCF, 0xC1, 0xF0, 0x3C,
    0x3E, 0x1F, 0x3E, 0x7C, 0x3E, 0x03, 0x03, 0x07, 0xFF, 0xFE, 0xC0, 0x60, 0x00, 0x00, 0x00, 0x60,
    0x78, 0x7C, 0x7C, 0x3C, 0x0F, 0x01, 0xF0, 0x1F, 0x01, 0xE0, 0x18, 0x02, 0xFF, 0xBF, 0xEC, 0x70,
    0xC0, 0x78, 0x1F, 0x03, 0xE0, 0x78, 0x1C, 0x3E, 0x7C, 0xF8, 0x70, 0x00, 0x0F, 0x3F, 0xFF, 0x7D,
    0x08, 0x01, 0x81, 0xC1, 0xC7, 0xCF, 0xC7, 0xE0, 0xF8, 0x0E, 0x03, 0x80, 0xC0, 0x60, 0xE0, 0x18,
    0x07, 0x00, 0xF8, 0x1F, 0xC7, 0xF3, 0xF1, 0xE0, 0x60, 0x38, 0x0E, 0x00, 0x01, 0x81, 0xC1, 0xC7,
    0xCF, 0xC7, 0xE0, 0xF8, 0x0E, 0x03, 0x80, 0xC0, 0x60, 0x0F, 0xFF, 0xFC, 0x3F, 0xEF, 0xFD, 0xC0,
    0x70, 0x0E, 0x01, 0xC0, 0x1C, 0x03, 0xFF, 0x3F, 0xE0, 0xFF, 0x9F, 0xF8, 0x03, 0x80, 0x30, 0x06,
    0x00, 0xC0, 0x3F, 0xFE, 0xFF, 0x80, 0x00, 0x80, 0x30, 0x06, 0x01, 0x83, 0xFE, 0xFF, 0xD9, 0x87,
    0x30, 0xE6, 0x1D, 0x81, 0xB0, 0x3F, 0xF3, 0xFE, 0x30, 0x06, 0x01, 0x80, 0x30, 0x00, 0x00, 0x80,
    0x30, 0x06, 0x00, 0x8F, 0xF9, 0xFF, 0x80, 0xF8, 0x33, 0x06, 0x61, 0x8C, 0x33, 0xFF, 0xEF, 0xF8,
    0x30, 0x06, 0x01, 0x80, 0x30, 0x00, 0x3F, 0xEF, 0xFD, 0x80, 0x70, 0x0E, 0x01, 0xC0, 0x18, 0x03,
    0xFF, 0x3F, 0xE0, 0x00, 0x00, 0x3F, 0xF7, 0xFE, 0xFF, 0x9F, 0xF8, 0x03, 0x80, 0x30, 0x06, 0x00,
    0xC0, 0x3F, 0xFE, 0xFF, 0x80, 0x00, 0x00, 0x7F, 0xFF, 0xFE, 0x00, 0xC0, 0x18, 0x06, 0x1F, 0xF7,
    0xFE, 0xC6, 0x38, 0xC7, 0x30, 0xE6, 0x0C, 0xC1, 0xFF, 0x9F, 0xF0, 0xC0, 0x30, 0x1F, 0xFB, 0xFF,
    0x30, 0x06, 0x00, 0x00, 0xC0, 0x18, 0x06, 0x7F, 0xCF, 0xFC, 0x07, 0xC0, 0xD8, 0x33, 0x06, 0x60,
    0xDF, 0xFF, 0x7F, 0xC0, 0xC0, 0x30, 0x3F, 0xFF, 0xFF, 0x30, 0x06, 0x00, 0xC0, 0xB0, 0x2C, 0x0B,
    0x02, 0xC0, 0xB0, 0x2C, 0x0B, 0x22, 0xC8, 0xBF, 0xEC, 0x8B, 0x26, 0x7F, 0x9F, 0xC0, 0xFF, 0xFF,
    0xFF, 0x80, 0x70, 0x0E, 0x01, 0xC0, 0x38, 0x07, 0xFF, 0xFF, 0xE0, 0xFF, 0xFF, 0xFC, 0x01, 0x80,
    0x30, 0x06, 0x00, 0xC0, 0x1F, 0xFF, 0xFF, 0xE0, 0xFF, 0xFF, 0xFF, 0x80, 0x70, 0x0E, 0x01, 0xC0,
    0x38, 0x07, 0xFF, 0xFF, 0xE0, 0x00, 0x00, 0x7F, 0xFF, 0xFE, 0xFF, 0xFF, 0xFC, 0x01, 0x80, 0x30,
    0x06, 0x00, 0xC0, 0x1F, 0xFF, 0xFF, 0xE0, 0x00, 0x00, 0x7F, 0xFF, 0xFE, 0xFF, 0xFF, 0xFC, 0x1F,
    0x07, 0xC1, 0xF0, 0x7C, 0x1F, 0x07, 0xC1, 0xF0, 0x7C, 0x1C, 0xC1, 0xF0, 0x7C, 0x1F, 0x07, 0xC1,
    0xF0, 0x7C, 0x1F, 0x07, 0xFF, 0xFF, 0xF0, 0x07, 0x80, 0xFF, 0x0D, 0xDC, 0xCE, 0x64, 0x71, 0xBF,
    0xFF, 0xFF, 0xE8, 0xE3, 0x67, 0x13, 0xB9, 0x8F, 0xF8, 0x3F, 0x80, 0x0F, 0xC1, 0xE7, 0x1C, 0x0C,
    0xC0, 0x24, 0x01, 0xEF, 0xEF, 0x7F, 0x68, 0x03, 0x60, 0x13, 0x81, 0x8F, 0x38, 0x1F, 0x80, 0x00,
    0x00, 0xFE, 0x0F, 0xF8, 0xE0, 0xE7, 0x8F, 0x2E, 0xED, 0x3E, 0x78, 0xE3, 0x4F, 0xDB, 0xE7, 0x9E,
    0x1C, 0x7B, 0xC1, 0xFC, 0x01, 0x80, 0x00, 0x00, 0xFE, 0x0F, 0xF8, 0xE1, 0xE6, 0x1F, 0x20, 0xCD,
    0x0C, 0x78, 0xC3, 0x46, 0x1B, 0x60, 0x9E, 0x0C, 0x7B, 0xC1, 0xFC, 0x01, 0x80, 0x0F, 0xC1, 0xE7,
    0x1C, 0x0C, 0xC0, 0x24, 0x01, 0xE3, 0x8F, 0x1C, 0x68, 0x03, 0x60, 0x13, 0x81, 0x8F, 0x38, 0x1F,
    0x80, 0x0F, 0x80, 0xFF, 0x0C, 0xCC, 0xC6, 0x67, 0xFF, 0xBF, 0xFF, 0x1E, 0x69, 0xF3, 0x7D, 0xDB,
    0xE7, 0x8F, 0x78, 0x3F, 0x80, 0x30, 0x00, 0x00, 0x00, 0xFE, 0x0F, 0xF8, 0xE0, 0xE6, 0x03, 0x3F,
    0xFD, 0xFF, 0xF8, 0x03, 0x7F, 0xFB, 0xFF, 0x9C, 0x0C, 0x7B, 0xC1, 0xFC, 0x01, 0x80, 0x00, 0x00,
    0xFE, 0x0F, 0xF8, 0xE0, 0xE6, 0x03, 0x30, 0x0D, 0x00, 0x7F, 0xFF, 0x7F, 0xFB, 0x00, 0x9C, 0x0C,
    0x7B, 0xC1, 0xFC, 0x01, 0x80, 0xFF, 0xFE, 0x0F, 0xF1, 0xFB, 0xBB, 0x9F, 0x38, 0xE3, 0x9F, 0x3B,
    0xBB, 0xF1, 0xFE, 0x0F, 0xFF, 0xF0, 0xFF, 0xF8, 0x03, 0x80, 0x38, 0x03, 0xBF, 0xBB, 0xFB, 0x80,
    0x38, 0x03, 0x80, 0x38, 0x03, 0xFF, 0xF0, 0xFF, 0xFF, 0xFF, 0x8E, 0x38, 0xE3, 0x8E, 0x3F, 0xFF,
    0xFF, 0xF8, 0xE3, 0x8E, 0x38, 0xE3, 0xFF, 0xFF, 0xFF, 0xFF, 0xF8, 0x03, 0x80, 0x38, 0x03, 0x8E,
    0x38, 0xE3, 0x80, 0x38, 0x03, 0x80, 0x38, 0x03, 0xFF, 0xF0, 0xC0, 0x0C, 0x00, 0xC0, 0x0C, 0x00,
    0xC0, 0x0F, 0xFF, 0xFF, 0xFC, 0x00, 0xC0, 0x0C, 0x00, 0xC0, 0x0C, 0x00, 0x00, 0x70, 0x07, 0x00,
    0x70, 0x07, 0x00, 0x7F, 0xFF, 0xFF, 0xF0, 0x07, 0x00, 0x70, 0x07, 0x00, 0x70, 0x07, 0xFF, 0xFF,
    0xFF, 0x0E, 0x00, 0xE0, 0x0E, 0x00, 0xE0, 0x0E, 0x00, 0xE0, 0x0E, 0x00, 0xE0, 0x0E, 0x00, 0xE0,
    0x06, 0x00, 0xE0, 0x0E, 0x00, 0xE0, 0x0E, 0x00, 0xE0, 0x0E, 0x00, 0xE0, 0x0E, 0x00, 0xE0, 0xFF,
    0xFF, 0xFF, 0x00, 0x81, 0xC3, 0xE7, 0xFF, 0x1F, 0x0F, 0xE6, 0x7F, 0x0F, 0x81, 0xC0, 0x20, 0x0F,
    0xFF, 0xFC, 0x00, 0xE0, 0x1A, 0xFF, 0xA0, 0x0E, 0xC1, 0xB8, 0x6E, 0x39, 0x8E, 0x73, 0x0D, 0xC3,
    0x60, 0xF8, 0x1E, 0x07, 0x00, 0x00, 0x00, 0xFF, 0xBF, 0xE0, 0x7F, 0xFF, 0xFC, 0x00, 0x02, 0x00,
    0xE0, 0x1E, 0x07, 0xC0, 0xDC, 0x1B, 0x87, 0x30, 0xC7, 0x38, 0xE7, 0x0C, 0xC1, 0x80, 0x7F, 0xFF,
    0xFC, 0x00, 0x00, 0x26, 0x0C, 0xE1, 0x8C, 0x71, 0xCC, 0x39, 0x83, 0x70, 0x7C, 0x0F, 0x80, 0xF0,
    0x1C, 0x00, 0x1F, 0x07, 0xF9, 0xC7, 0xB0, 0x7E, 0x0F, 0xC1, 0xF8, 0x3F, 0x07, 0xE0, 0xFC, 0x1F,
    0x83, 0xF0, 0x7E, 0x0F, 0xC1, 0xD8, 0x18, 0xE0, 0xFC, 0x1F, 0x83, 0xF0, 0x7E, 0x0F, 0xC1, 0xF8,
    0x3F, 0x07, 0xE0, 0xFC, 0x1F, 0x83, 0xB0, 0x77, 0xFC, 0x7F, 0x00, 0x31, 0xEC, 0xF6, 0x70, 0x80,
    0x21, 0x1E, 0xE5, 0x00, 0x80, 0x1C, 0x03, 0xE0, 0xFB, 0x1F, 0x9B, 0xB8, 0xF3, 0x8E, 0x39, 0xB3,
    0xB1, 0xBE, 0x0F, 0xC0, 0x78, 0x03, 0x00, 0x00, 0x80, 0x0C, 0x03, 0xE0, 0x6B, 0x1C, 0x9B, 0x88,
    0xF0, 0x8E, 0x09, 0xB0, 0xB1, 0x8E, 0x0E, 0xC0, 0x78, 0x02, 0x00, 0x00, 0x00, 0x1C, 0x03, 0xE0,
    0xF3, 0x1F, 0x1B, 0xB0, 0xF3, 0x0E, 0x31, 0xB3, 0x31, 0xB6, 0x0F, 0xC0, 0x78, 0x03, 0x00, 0x00,
    0xC0, 0x7E, 0x1F, 0xE7, 0x9D, 0xC1, 0xF0, 0x1E, 0x03, 0x80, 0x70, 0x0E, 0x01, 0xC0, 0x38, 0x00,
    0x3F, 0xEF, 0xFD, 0x80, 0x77, 0xFE, 0xFF, 0xF8, 0x3B, 0x07, 0x7F, 0x63, 0xEF, 0x00, 0xFF, 0x83,
    0xF0, 0x00, 0xC0, 0x18, 0x06, 0x7F, 0xFF, 0xFF, 0xC6, 0x38, 0xC7, 0x30, 0xE6, 0x1C, 0xC3, 0xFF,
    0xFF, 0xF0, 0xC0, 0x30, 0x3F, 0xFF, 0xFF, 0x30, 0x06, 0x00, 0xEE, 0xE0, 0x0E, 0xEE, 0x0E, 0xEE,
    0x67, 0x3F, 0xB9, 0xDD, 0xCE, 0x00, 0x30, 0x01, 0xC0, 0x0E, 0x00, 0x00, 0x00, 0x03, 0x80, 0x1C,
    0x00, 0xE0, 0x00, 0x03, 0x00, 0x3C, 0x00, 0xE0, 0x00, 0x60, 0x07, 0x80, 0x1C, 0x00, 0x00, 0x00,
    0x00, 0x03, 0x80, 0x1C, 0x00, 0xE0, 0x00, 0x00, 0x01, 0x80, 0x0E, 0x00, 0x70, 0x07, 0x00, 0x7C,
    0x03, 0xF0, 0x3F, 0xC3, 0xEE, 0x3F, 0xF9, 0xFF, 0xEF, 0xBF, 0x7F, 0xF1, 0xEF, 0x87, 0xF8, 0x3F,
    0x80, 0xF8, 0x03, 0x80,
};

static const EpdGlyph jetbrainsmono_9_regularGlyphs[] = {
    { 0, 0, 11, 0, 0, 0, 0 }, // 
    { 0, 0, 11, 0, 0, 0, 0 }, //  
    { 4, 14, 11, 4, 14, 7, 0 }, // !
    { 7, 6, 11, 2, 14, 6, 7 }, // "
    { 11, 14, 11, 0, 14, 20, 13 }, // #
    { 10, 20, 11, 1, 17, 25, 33 }, // $
    { 12, 14, 11, 0, 14, 21, 58 }, // %
    { 12, 14, 11, 0, 14, 21, 79 }, // &
    { 3, 6, 11, 4, 14, 3, 100 }, // '
    { 7, 19, 11, 3, 16, 17, 103 }, // (
    { 6, 19, 11, 2, 16, 15, 120 }, // )
    { 11, 11, 11, 0, 12, 16, 135 }, // *
    { 10, 9, 11, 1, 11, 12, 151 }, // +
    { 5, 6, 11, 3, 2, 4, 163 }, // ,
    { 7, 2, 11, 2, 8, 2, 167 }, // -
    { 4, 3, 11, 4, 3, 2, 169 }, // .
    { 9, 19, 11, 1, 17, 22, 171 }, // /
    { 9, 14, 11, 1, 14, 16, 193 }, // 0
    { 10, 14, 11, 1, 14, 18, 209 }, // 1
    { 10, 14, 11, 1, 14, 18, 227 }, // 2
    { 9, 14, 11, 1, 14, 16, 245 }, // 3
    { 9, 14, 11, 1, 14, 16, 261 }, // 4
    { 9, 14, 11, 1, 14, 16, 277 }, // 5
    { 10, 14, 11, 1, 14, 18, 293 }, // 6
    { 10, 14, 11, 1, 14, 18, 311 }, // 7
    { 10, 14, 11, 1, 14, 18, 329 }, // 8
    { 10, 14, 11, 1, 14, 18, 347 }, // 9
    { 4, 11, 11, 4, 11, 6, 365 }, // :
    { 5, 15, 11, 3, 11, 10, 371 }, // ;
    { 9, 11, 11, 1, 12, 13, 381 }, // <
    { 9, 6, 11, 1, 9, 7, 394 }, // =
    { 9, 11, 11, 1, 12, 13, 401 }, // >
    { 8, 14, 11, 2, 14, 14, 414 }, // ?
    { 11, 18, 11, 0, 14, 25, 428 }, // @
    { 11, 14, 11, 0, 14, 20, 453 }, // A
    { 10, 14, 11, 1, 14, 18, 473 }, // B
    { 9, 14, 11, 1, 14, 16, 491 }, // C
    { 9, 14, 11, 1, 14, 16, 507 }, // D
    { 9, 14, 11, 1, 14, 16, 523 }, // E
    { 9, 14, 11, 1, 14, 16, 539 }, // F
    { 9, 14, 11, 1, 14, 16, 555 }, // G
    { 9, 14, 11, 1, 14, 16, 571 }, // H
    { 8, 14, 11, 2, 14, 14, 587 }, // I
    { 10, 14, 11, 0, 14, 18, 601 }, // J
    { 10, 14, 11, 1, 14, 18, 619 }, // K
    { 9, 14, 11, 2, 14, 16, 637 }, // L
    { 10, 14, 11, 1, 14, 18, 653 }, // M
    { 9, 14, 11, 1, 14, 16, 671 }, // N
    { 9, 14, 11, 1, 14, 16, 687 }, // O
    { 10, 14, 11, 1, 14, 18, 703 }, // P
    { 9, 18, 11, 1, 14, 21, 721 }, // Q
    { 10, 14, 11, 1, 14, 18, 742 }, // R
    { 10, 14, 11, 1, 14, 18, 760 }, // S
    { 10, 14, 11, 1, 14, 18, 778 }, // T
    { 9, 14, 11, 1, 14, 16, 796 }, // U
    { 11, 14, 11, 0, 14, 20, 812 }, // V
    { 12, 14, 11, 0, 14, 21, 832 }, // W
    { 11, 14, 11, 0, 14, 20, 853 }, // X
    { 11, 14, 11, 0, 14, 20, 873 }, // Y
    { 9, 14, 11, 1, 14, 16, 893 }, // Z
    { 6, 19, 11, 3, 17, 15, 909 }, // [
    { 9, 19, 11, 1, 17, 22, 924 }, // <backslash>
    { 6, 19, 11, 2, 17, 15, 946 }, // ]
    { 9, 8, 11, 1, 15, 9, 961 }, // ^
    { 10, 2, 11, 1, 0, 3, 970 }, // _
    { 5, 3, 11, 3, 16, 2, 973 }, // `
    { 9, 11, 11, 1, 11, 13, 975 }, // a
    { 9, 14, 11, 1, 14, 16, 988 }, // b
    { 9, 11, 11, 1, 11, 13, 1004 }, // c
    { 9, 14, 11, 1, 14, 16, 1017 }, // d
    { 9, 11, 11, 1, 11, 13, 1033 }, // e
    { 10, 14, 11, 1, 14, 18, 1046 }, // f
    { 9, 15, 11, 1, 11, 17, 1064 }, // g
    { 9, 14, 11, 1, 14, 16, 1081 }, // h
    { 10, 16, 11, 1, 16, 20, 1097 }, // i
    { 8, 20, 11, 1, 16, 20, 1117 }, // j
    { 10, 14, 11, 1, 14, 18, 1137 }, // k
    { 11, 14, 11, 0, 14, 20, 1155 }, // l
    { 10, 11, 11, 1, 11, 14, 1175 }, // m
    { 9, 11, 11, 1, 11, 13, 1189 }, // n
    { 9, 11, 11, 1, 11, 13, 1202 }, // o
    { 9, 15, 11, 1, 11, 17, 1215 }, // p
    { 9, 15, 11, 1, 11, 17, 1232 }, // q
    { 9, 11, 11, 2, 11, 13, 1249 }, // r
    { 9, 11, 11, 1, 11, 13, 1262 }, // s
    { 10, 14, 11, 0, 14, 18, 1275 }, // t
    { 9, 11, 11, 1, 11, 13, 1293 }, // u
    { 10, 11, 11, 1, 11, 14, 1306 }, // v
    { 11, 11, 11, 0, 11, 16, 1320 }, // w
    { 11, 11, 11, 0, 11, 16, 1336 }, // x
    { 10, 15, 11, 1, 11, 19, 1352 }, // y
    { 9, 11, 11, 1, 11, 13, 1371 }, // z
    { 9, 19, 11, 1, 17, 22, 1384 }, // {
    { 3, 19, 11, 4, 17, 8, 1406 }, // |
    { 9, 19, 11, 1, 17, 22, 1414 }, // }
    { 10, 6, 11, 1, 10, 8, 1436 }, // ~
    { 0, 0, 11, 0, 0, 0, 1444 }, //  
    { 4, 15, 11, 4, 11, 8, 1444 }, // ¡
    { 9, 16, 11, 1, 13, 18, 1452 }, // ¢
    { 10, 14, 11, 1, 14, 18, 1470 }, // £
    { 11, 12, 11, 0, 13, 17, 1488 }, // ¤
    { 11, 14, 11, 0, 14, 20, 1505 }, // ¥
    { 3, 18, 11, 4, 16, 7, 1525 }, // ¦
    { 9, 18, 11, 1, 14, 21, 1532 }, // §
    { 8, 3, 11, 2, 16, 3, 1553 }, // ¨
    { 11, 12, 11, 0, 14, 17, 1556 }, // ©
    { 5, 8, 11, 3, 16, 5, 1573 }, // ª
    { 11, 9, 11, 0, 10, 13, 1578 }, // «
    { 9, 5, 11, 1, 8, 6, 1591 }, // ¬
    { 11, 13, 11, 0, 15, 18, 1597 }, // ®
    { 7, 2, 11, 2, 15, 2, 1615 }, // ¯
    { 7, 6, 11, 2, 15, 6, 1617 }, // °
    { 10, 11, 11, 1, 11, 14, 1623 }, // ±
    { 7, 9, 11, 2, 16, 8, 1637 }, // ²
    { 7, 9, 11, 2, 16, 8, 1645 }, // ³
    { 5, 3, 11, 4, 16, 2, 1653 }, // ´
    { 9, 15, 11, 1, 11, 17, 1655 }, // µ
    { 9, 18, 11, 1, 14, 21, 1672 }, // ¶
    { 4, 3, 11, 4, 8, 2, 1693 }, // ·
    { 5, 5, 11, 3, 1, 4, 1695 }, // ¸
    { 8, 9, 11, 2, 16, 9, 1699 }, // ¹
    { 5, 8, 11, 3, 15, 5, 1708 }, // º
    { 11, 9, 11, 0, 10, 13, 1713 }, // »
    { 12, 15, 11, 0, 15, 23, 1726 }, // ¼
    { 12, 15, 11, 0, 15, 23, 1749 }, // ½
    { 12, 14, 11, 0, 14, 21, 1772 }, // ¾
    { 7, 15, 11, 2, 11, 14, 1793 }, // ¿
    { 11, 19, 11, 0, 19, 27, 1807 }, // À
    { 11, 19, 11, 0, 19, 27, 1834 }, // Á
    { 11, 19, 11, 0, 19, 27, 1861 }, // Â
    { 11, 18, 11, 0, 18, 25, 1888 }, // Ã
    { 11, 19, 11, 0, 19, 27, 1913 }, // Ä
    { 11, 20, 11, 0, 20, 28, 1940 }, // Å
    { 11, 14, 11, 0, 14, 20, 1968 }, // Æ
    { 9, 18, 11, 1, 14, 21, 1988 }, // Ç
    { 9, 19, 11, 1, 19, 22, 2009 }, // È
    { 9, 19, 11, 1, 19, 22, 2031 }, // É
    { 9, 19, 11, 1, 19, 22, 2053 }, // Ê
    { 9, 19, 11, 1, 19, 22, 2075 }, // Ë
    { 8, 19, 11, 2, 19, 19, 2097 }, // Ì
    { 8, 19, 11, 2, 19, 19, 2116 }, // Í
    { 8, 19, 11, 2, 19, 19, 2135 }, // Î
    { 8, 19, 11, 2, 19, 19, 2154 }, // Ï
    { 10, 14, 11, 0, 14, 18, 2173 }, // Ð
    { 9, 18, 11, 1, 18, 21, 2191 }, // Ñ
    { 9, 19, 11, 1, 19, 22, 2212 }, // Ò
    { 9, 19, 11, 1, 19, 22, 2234 }, // Ó
    { 9, 19, 11, 1, 19, 22, 2256 }, // Ô
    { 9, 18, 11, 1, 18, 21, 2278 }, // Õ
    { 9, 19, 11, 1, 19, 22, 2299 }, // Ö
    { 8, 8, 11, 2, 10, 8, 2321 }, // ×
    { 11, 15, 11, 0, 14, 21, 2329 }, // Ø
    { 9, 19, 11, 1, 19, 22, 2350 }, // Ù
    { 9, 19, 11, 1, 19, 22, 2372 }, // Ú
    { 9, 19, 11, 1, 19, 22, 2394 }, // Û
    { 9, 19, 11, 1, 19, 22, 2416 }, // Ü
    { 11, 19, 11, 0, 19, 27, 2438 }, // Ý
    { 10, 14, 11, 1, 14, 18, 2465 }, // Þ
    { 10, 14, 11, 1, 14, 18, 2483 }, // ß
    { 9, 16, 11, 1, 16, 18, 2501 }, // à
    { 9, 16, 11, 1, 16, 18, 2519 }, // á
    { 9, 16, 11, 1, 16, 18, 2537 }, // â
    { 9, 15, 11, 1, 15, 17, 2555 }, // ã
    { 9, 16, 11, 1, 16, 18, 2572 }, // ä
    { 9, 17, 11, 1, 17, 20, 2590 }, // å
    { 11, 11, 11, 0, 11, 16, 2610 }, // æ
    { 9, 15, 11, 1, 11, 17, 2626 }, // ç
    { 9, 16, 11, 1, 16, 18, 2643 }, // è
    { 9, 16, 11, 1, 16, 18, 2661 }, // é
    { 9, 16, 11, 1, 16, 18, 2679 }, // ê
    { 9, 16, 11, 1, 16, 18, 2697 }, // ë
    { 10, 16, 11, 1, 16, 20, 2715 }, // ì
    { 10, 16, 11, 1, 16, 20, 2735 }, // í
    { 10, 16, 11, 1, 16, 20, 2755 }, // î
    { 10, 16, 11, 1, 16, 20, 2775 }, // ï
    { 10, 15, 11, 1, 15, 19, 2795 }, // ð
    { 9, 15, 11, 1, 15, 17, 2814 }, // ñ
    { 9, 16, 11, 1, 16, 18, 2831 }, // ò
    { 9, 16, 11, 1, 16, 18, 2849 }, // ó
    { 9, 16, 11, 1, 16, 18, 2867 }, // ô
    { 9, 15, 11, 1, 15, 17, 2885 }, // õ
    { 9, 16, 11, 1, 16, 18, 2902 }, // ö
    { 9, 11, 11, 1, 12, 13, 2920 }, // ÷
    { 11, 13, 11, 0, 12, 18, 2933 }, // ø
    { 9, 16, 11, 1, 16, 18, 2951 }, // ù
    { 9, 16, 11, 1, 16, 18, 2969 }, // ú
    { 9, 16, 11, 1, 16, 18, 2987 }, // û
    { 9, 16, 11, 1, 16, 18, 3005 }, // ü
    { 10, 20, 11, 1, 16, 25, 3023 }, // ý
    { 9, 18, 11, 1, 14, 21, 3048 }, // þ
    { 10, 20, 11, 1, 16, 25, 3069 }, // ÿ
    { 11, 18, 11, 0, 18, 25, 3094 }, // Ā
    { 9, 15, 11, 1, 15, 17, 3119 }, // ā
    { 11, 19, 11, 0, 19, 27, 3136 }, // Ă
    { 9, 16, 11, 1, 16, 18, 3163 }, // ă
    { 12, 18, 11, 0, 14, 27, 3181 }, // Ą
    { 10, 15, 11, 1, 11, 19, 3208 }, // ą
    { 9, 19, 11, 1, 19, 22, 3227 }, // Ć
    { 9, 16, 11, 1, 16, 18, 3249 }, // ć
    { 9, 19, 11, 1, 19, 22, 3267 }, // Ĉ
    { 9, 16, 11, 1, 16, 18, 3289 }, // ĉ
    { 9, 19, 11, 1, 19, 22, 3307 }, // Ċ
    { 9, 16, 11, 1, 16, 18, 3329 }, // ċ
    { 9, 19, 11, 1, 19, 22, 3347 }, // Č
    { 9, 16, 11, 1, 16, 18, 3369 }, // č
    { 9, 19, 11, 1, 19, 22, 3387 }, // Ď
    { 11, 14, 11, 1, 14, 20, 3409 }, // ď
    { 10, 14, 11, 0, 14, 18, 3429 }, // Đ
    { 11, 14, 11, 1, 14, 20, 3447 }, // đ
    { 9, 18, 11, 1, 18, 21, 3467 }, // Ē
    { 9, 15, 11, 1, 15, 17, 3488 }, // ē
    { 9, 19, 11, 1, 19, 22, 3505 }, // Ĕ
    { 9, 16, 11, 1, 16, 18, 3527 }, // ĕ
    { 9, 19, 11, 1, 19, 22, 3545 }, // Ė
    { 9, 16, 11, 1, 16, 18, 3567 }, // ė
    { 9, 18, 11, 1, 14, 21, 3585 }, // Ę
    { 9, 15, 11, 1, 11, 17, 3606 }, // ę
    { 9, 19, 11, 1, 19, 22, 3623 }, // Ě
    { 9, 16, 11, 1, 16, 18, 3645 }, // ě
    { 9, 19, 11, 1, 19, 22, 3663 }, // Ĝ
    { 9, 20, 11, 1, 16, 23, 3685 }, // ĝ
    { 9, 19, 11, 1, 19, 22, 3708 }, // Ğ
    { 9, 20, 11, 1, 16, 23, 3730 }, // ğ
    { 9, 19, 11, 1, 19, 22, 3753 }, // Ġ
    { 9, 20, 11, 1, 16, 23, 3775 }, // ġ
    { 9, 19, 11, 1, 14, 22, 3798 }, // Ģ
    { 9, 22, 11, 1, 18, 25, 3820 }, // ģ
    { 9, 19, 11, 1, 19, 22, 3845 }, // Ĥ
    { 11, 19, 11, -1, 19, 27, 3867 }, // ĥ
    { 12, 14, 11, 0, 14, 21, 3894 }, // Ħ
    { 10, 14, 11, 0, 14, 18, 3915 }, // ħ
    { 8, 18, 11, 2, 18, 18, 3933 }, // Ĩ
    { 10, 15, 11, 1, 15, 19, 3951 }, // ĩ
    { 8, 18, 11, 2, 18, 18, 3970 }, // Ī
    { 10, 15, 11, 1, 15, 19, 3988 }, // ī
    { 8, 19, 11, 2, 19, 19, 4007 }, // Ĭ
    { 10, 16, 11, 1, 16, 20, 4026 }, // ĭ
    { 8, 18, 11, 2, 14, 18, 4046 }, // Į
    { 10, 19, 11, 1, 15, 24, 4064 }, // į
    { 8, 19, 11, 2, 19, 19, 4088 }, // İ
    { 10, 11, 11, 1, 11, 14, 4107 }, // ı
    { 11, 14, 11, 0, 14, 20, 4121 }, // Ĳ
    { 9, 19, 11, 1, 15, 22, 4141 }, // ĳ
    { 12, 19, 11, 0, 19, 29, 4163 }, // Ĵ
    { 10, 20, 11, 1, 16, 25, 4192 }, // ĵ
    { 10, 19, 11, 1, 14, 24, 4217 }, // Ķ
    { 10, 19, 11, 1, 14, 24, 4241 }, // ķ
    { 10, 11, 11, 1, 11, 14, 4265 }, // ĸ
    { 9, 19, 11, 2, 19, 22, 4279 }, // Ĺ
    { 11, 19, 11, 0, 19, 27, 4301 }, // ĺ
    { 9, 19, 11, 2, 14, 22, 4328 }, // Ļ
    { 11, 19, 11, 0, 14, 27, 4350 }, // ļ
    { 9, 14, 11, 2, 14, 16, 4377 }, // Ľ
    { 11, 14, 11, 0, 14, 20, 4393 }, // ľ
    { 9, 14, 11, 2, 14, 16, 4413 }, // Ŀ
    { 12, 14, 11, 0, 14, 21, 4429 }, // ŀ
    { 11, 14, 11, 0, 14, 20, 4450 }, // Ł
    { 11, 14, 11, 0, 14, 20, 4470 }, // ł
    { 9, 19, 11, 1, 19, 22, 4490 }, // Ń
    { 9, 16, 11, 1, 16, 18, 4512 }, // ń
    { 9, 19, 11, 1, 14, 22, 4530 }, // Ņ
    { 9, 16, 11, 1, 11, 18, 4552 }, // ņ
    { 9, 19, 11, 1, 19, 22, 4570 }, // Ň
    { 9, 16, 11, 1, 16, 18, 4592 }, // ň
    { 11, 15, 11, -1, 15, 21, 4610 }, // ŉ
    { 9, 18, 11, 1, 14, 21, 4631 }, // Ŋ
    { 9, 15, 11, 1, 11, 17, 4652 }, // ŋ
    { 9, 18, 11, 1, 18, 21, 4669 }, // Ō
    { 9, 15, 11, 1, 15, 17, 4690 }, // ō
    { 9, 19, 11, 1, 19, 22, 4707 }, // Ŏ
    { 9, 16, 11, 1, 16, 18, 4729 }, // ŏ
    { 10, 19, 11, 1, 19, 24, 4747 }, // Ő
    { 10, 16, 11, 1, 16, 20, 4771 }, // ő
    { 11, 14, 11, 0, 14, 20, 4791 }, // Œ
    { 11, 11, 11, 0, 11, 16, 4811 }, // œ
    { 10, 19, 11, 1, 19, 24, 4827 }, // Ŕ
    { 9, 16, 11, 2, 16, 18, 4851 }, // ŕ
    { 10, 19, 11, 1, 14, 24, 4869 }, // Ŗ
    { 11, 16, 11, 0, 11, 22, 4893 }, // ŗ
    { 10, 19, 11, 1, 19, 24, 4915 }, // Ř
    { 9, 16, 11, 2, 16, 18, 4939 }, // ř
    { 10, 19, 11, 1, 19, 24, 4957 }, // Ś
    { 9, 16, 11, 1, 16, 18, 4981 }, // ś
    { 10, 19, 11, 1, 19, 24, 4999 }, // Ŝ
    { 9, 16, 11, 1, 16, 18, 5023 }, // ŝ
    { 10, 18, 11, 1, 14, 23, 5041 }, // Ş
    { 9, 15, 11, 1, 11, 17, 5064 }, // ş
    { 10, 19, 11, 1, 19, 24, 5081 }, // Š
    { 9, 16, 11, 1, 16, 18, 5105 }, // š
    { 10, 18, 11, 1, 14, 23, 5123 }, // Ţ
    { 10, 18, 11, 0, 14, 23, 5146 }, // ţ
    { 10, 19, 11, 1, 19, 24, 5169 }, // Ť
    { 10, 15, 11, 0, 15, 19, 5193 }, // ť
    { 10, 14, 11, 1, 14, 18, 5212 }, // Ŧ
    { 10, 14, 11, 0, 14, 18, 5230 }, // ŧ
    { 9, 18, 11, 1, 18, 21, 5248 }, // Ũ
    { 9, 15, 11, 1, 15, 17, 5269 }, // ũ
    { 9, 18, 11, 1, 18, 21, 5286 }, // Ū
    { 9, 15, 11, 1, 15, 17, 5307 }, // ū
    { 9, 19, 11, 1, 19, 22, 5324 }, // Ŭ
    { 9, 16, 11, 1, 16, 18, 5346 }, // ŭ
    { 9, 20, 11, 1, 20, 23, 5364 }, // Ů
    { 9, 17, 11, 1, 17, 20, 5387 }, // ů
    { 10, 19, 11, 1, 19, 24, 5407 }, // Ű
    { 10, 16, 11, 1, 16, 20, 5431 }, // ű
    { 9, 18, 11, 1, 14, 21, 5451 }, // Ų
    { 9, 15, 11, 1, 11, 17, 5472 }, // ų
    { 12, 19, 11, 0, 19, 29, 5489 }, // Ŵ
    { 11, 16, 11, 0, 16, 22, 5518 }, // ŵ
    { 11, 19, 11, 0, 19, 27, 5540 }, // Ŷ
    { 10, 20, 11, 1, 16, 25, 5567 }, // ŷ
    { 11, 19, 11, 0, 19, 27, 5592 }, // Ÿ
    { 9, 19, 11, 1, 19, 22, 5619 }, // Ź
    { 9, 16, 11, 1, 16, 18, 5641 }, // ź
    { 9, 19, 11, 1, 19, 22, 5659 }, // Ż
    { 9, 16, 11, 1, 16, 18, 5681 }, // ż
    { 9, 19, 11, 1, 19, 22, 5699 }, // Ž
    { 9, 16, 11, 1, 16, 18, 5721 }, // ž
    { 7, 14, 11, 3, 14, 13, 5739 }, // ſ
    { 5, 3, 0, -9, 16, 2, 5752 }, // ̀
    { 4, 3, 0, -7, 16, 2, 5754 }, // ́
    { 8, 3, 0, -10, 16, 3, 5756 }, // ̂
    { 7, 3, 0, -9, 15, 3, 5759 }, // ̃
    { 7, 2, 0, -9, 15, 2, 5762 }, // ̄
    { 7, 3, 0, -9, 16, 3, 5764 }, // ̆
    { 4, 3, 0, -8, 16, 2, 5767 }, // ̇
    { 8, 3, 0, -10, 16, 3, 5769 }, // ̈
    { 5, 5, 0, -8, 17, 4, 5772 }, // ̉
    { 5, 5, 0, -8, 17, 4, 5776 }, // ̊
    { 8, 3, 0, -9, 16, 3, 5780 }, // ̋
    { 8, 3, 0, -10, 16, 3, 5783 }, // ̌
    { 9, 3, 0, -11, 16, 4, 5786 }, // ̏
    { 5, 5, 0, -8, 18, 4, 5790 }, // ̒
    { 4, 5, 0, -5, 14, 3, 5794 }, // ̛
    { 4, 3, 0, -8, -1, 2, 5797 }, // ̣
    { 5, 4, 0, -8, -1, 3, 5799 }, // ̥
    { 5, 3, 0, -8, -2, 2, 5802 }, // ̦
    { 5, 5, 0, -8, 1, 4, 5804 }, // ̧
    { 4, 5, 0, -8, 0, 3, 5808 }, // ̨
    { 13, 2, 0, -12, 8, 4, 5811 }, // ̶
    { 11, 12, 0, -11, 11, 17, 5815 }, // ̷
    { 8, 15, 0, -10, 13, 15, 5832 }, // ̸
    { 9, 19, 11, 1, 19, 22, 5847 }, // Ё
    { 11, 18, 11, 0, 14, 25, 5869 }, // Ђ
    { 9, 19, 11, 2, 19, 22, 5894 }, // Ѓ
    { 9, 14, 11, 1, 14, 16, 5916 }, // Є
    { 10, 14, 11, 1, 14, 18, 5932 }, // Ѕ
    { 8, 14, 11, 2, 14, 14, 5950 }, // І
    { 8, 19, 11, 2, 19, 19, 5964 }, // Ї
    { 10, 14, 11, 0, 14, 18, 5983 }, // Ј
    { 13, 14, 11, -1, 14, 23, 6001 }, // Љ
    { 11, 14, 11, 1, 14, 20, 6024 }, // Њ
    { 11, 14, 11, 0, 14, 20, 6044 }, // Ћ
    { 10, 19, 11, 1, 19, 24, 6064 }, // Ќ
    { 11, 19, 11, 0, 19, 27, 6088 }, // Ў
    { 9, 17, 11, 1, 14, 20, 6115 }, // Џ
    { 11, 14, 11, 0, 14, 20, 6135 }, // А
    { 10, 14, 11, 1, 14, 18, 6155 }, // Б
    { 10, 14, 11, 1, 14, 18, 6173 }, // В
    { 9, 14, 11, 2, 14, 16, 6191 }, // Г
    { 11, 17, 11, 0, 14, 24, 6207 }, // Д
    { 9, 14, 11, 1, 14, 16, 6231 }, // Е
    { 12, 14, 11, 0, 14, 21, 6247 }, // Ж
    { 11, 14, 11, 0, 14, 20, 6268 }, // З
    { 9, 14, 11, 1, 14, 16, 6288 }, // И
    { 9, 19, 11, 1, 19, 22, 6304 }, // Й
    { 10, 14, 11, 1, 14, 18, 6326 }, // К
    { 10, 14, 11, 0, 14, 18, 6344 }, // Л
    { 10, 14, 11, 1, 14, 18, 6362 }, // М
    { 9, 14, 11, 1, 14, 16, 6380 }, // Н
    { 9, 14, 11, 1, 14, 16, 6396 }, // О
    { 9, 14, 11, 1, 14, 16, 6412 }, // П
    { 10, 14, 11, 1, 14, 18, 6428 }, // Р
    { 9, 14, 11, 1, 14, 16, 6446 }, // С
    { 10, 14, 11, 1, 14, 18, 6462 }, // Т
    { 11, 14, 11, 0, 14, 20, 6480 }, // У
    { 11, 16, 11, 0, 15, 22, 6500 }, // Ф
    { 11, 14, 11, 0, 14, 20, 6522 }, // Х
    { 10, 17, 11, 1, 14, 22, 6542 }, // Ц
    { 9, 14, 11, 1, 14, 16, 6564 }, // Ч
    { 10, 14, 11, 1, 14, 18, 6580 }, // Ш
    { 11, 17, 11, 1, 14, 24, 6598 }, // Щ
    { 12, 14, 11, -1, 14, 21, 6622 }, // Ъ
    { 10, 14, 11, 1, 14, 18, 6643 }, // Ы
    { 10, 14, 11, 1, 14, 18, 6661 }, // Ь
    { 9, 14, 11, 1, 14, 16, 6679 }, // Э
    { 10, 14, 11, 1, 14, 18, 6695 }, // Ю
    { 9, 14, 11, 1, 14, 16, 6713 }, // Я
    { 9, 11, 11, 1, 11, 13, 6729 }, // а
    { 9, 15, 11, 1, 15, 17, 6742 }, // б
    { 9, 11, 11, 1, 11, 13, 6759 }, // в
    { 9, 11, 11, 2, 11, 13, 6772 }, // г
    { 11, 14, 11, 0, 11, 20, 6785 }, // д
    { 9, 11, 11, 1, 11, 13, 6805 }, // е
    { 12, 11, 11, 0, 11, 17, 6818 }, // ж
    { 9, 11, 11, 1, 11, 13, 6835 }, // з
    { 9, 11, 11, 1, 11, 13, 6848 }, // и
    { 9, 16, 11, 1, 16, 18, 6861 }, // й
    { 10, 11, 11, 1, 11, 14, 6879 }, // к
    { 10, 11, 11, 0, 11, 14, 6893 }, // л
    { 10, 11, 11, 1, 11, 14, 6907 }, // м
    { 9, 11, 11, 1, 11, 13, 6921 }, // н
    { 9, 11, 11, 1, 11, 13, 6934 }, // о
    { 9, 11, 11, 1, 11, 13, 6947 }, // п
    { 9, 15, 11, 1, 11, 17, 6960 }, // р
    { 9, 11, 11, 1, 11, 13, 6977 }, // с
    { 10, 11, 11, 1, 11, 14, 6990 }, // т
    { 10, 15, 11, 1, 11, 19, 7004 }, // у
    { 11, 18, 11, 0, 14, 25, 7023 }, // ф
    { 11, 11, 11, 0, 11, 16, 7048 }, // х
    { 10, 14, 11, 1, 11, 18, 7064 }, // ц
    { 9, 11, 11, 1, 11, 13, 7082 }, // ч
    { 10, 11, 11, 1, 11, 14, 7095 }, // ш
    { 11, 14, 11, 1, 11, 20, 7109 }, // щ
    { 11, 11, 11, 0, 11, 16, 7129 }, // ъ
    { 10, 11, 11, 1, 11, 14, 7145 }, // ы
    { 9, 11, 11, 2, 11, 13, 7159 }, // ь
    { 9, 11, 11, 1, 11, 13, 7172 }, // э
    { 10, 11, 11, 1, 11, 14, 7185 }, // ю
    { 9, 11, 11, 1, 11, 13, 7199 }, // я
    { 9, 16, 11, 1, 16, 18, 7212 }, // ё
    { 10, 18, 11, 0, 14, 23, 7230 }, // ђ
    { 9, 16, 11, 2, 16, 18, 7253 }, // ѓ
    { 9, 11, 11, 1, 11, 13, 7271 }, // є
    { 9, 11, 11, 1, 11, 13, 7284 }, // ѕ
    { 10, 16, 11, 1, 16, 20, 7297 }, // і
    { 10, 16, 11, 1, 16, 20, 7317 }, // ї
    { 8, 20, 11, 1, 16, 20, 7337 }, // ј
    { 11, 11, 11, 0, 11, 16, 7357 }, // љ
    { 10, 11, 11, 1, 11, 14, 7373 }, // њ
    { 10, 14, 11, 0, 14, 18, 7387 }, // ћ
    { 10, 16, 11, 1, 16, 20, 7405 }, // ќ
    { 10, 20, 11, 1, 16, 25, 7425 }, // ў
    { 9, 14, 11, 1, 11, 16, 7450 }, // џ
    { 9, 16, 11, 2, 16, 18, 7466 }, // Ґ
    { 8, 13, 11, 2, 13, 13, 7484 }, // ґ
    { 11, 14, 11, 0, 14, 20, 7497 }, // Ғ
    { 11, 11, 11, 0, 11, 16, 7517 }, // ғ
    { 11, 17, 11, 1, 14, 24, 7533 }, // Қ
    { 10, 14, 11, 1, 11, 18, 7557 }, // қ
    { 10, 17, 11, 1, 14, 22, 7575 }, // Ң
    { 10, 14, 11, 1, 11, 18, 7597 }, // ң
    { 11, 14, 11, 0, 14, 20, 7615 }, // Ү
    { 10, 15, 11, 1, 11, 19, 7635 }, // ү
    { 11, 14, 11, 0, 14, 20, 7654 }, // Ұ
    { 10, 15, 11, 1, 11, 19, 7674 }, // ұ
    { 10, 17, 11, 1, 14, 22, 7693 }, // Ҷ
    { 10, 14, 11, 1, 11, 18, 7715 }, // ҷ
    { 9, 14, 11, 1, 14, 16, 7733 }, // Һ
    { 9, 11, 11, 1, 11, 13, 7749 }, // һ
    { 9, 14, 11, 1, 14, 16, 7762 }, // Ә
    { 9, 11, 11, 1, 11, 13, 7778 }, // ә
    { 12, 19, 11, 0, 19, 29, 7791 }, // Ӝ
    { 12, 16, 11, 0, 16, 24, 7820 }, // ӝ
    { 11, 19, 11, 0, 19, 27, 7844 }, // Ӟ
    { 9, 16, 11, 1, 16, 18, 7871 }, // ӟ
    { 9, 19, 11, 1, 19, 22, 7889 }, // Ӥ
    { 9, 16, 11, 1, 16, 18, 7911 }, // ӥ
    { 9, 19, 11, 1, 19, 22, 7929 }, // Ӧ
    { 9, 16, 11, 1, 16, 18, 7951 }, // ӧ
    { 9, 14, 11, 1, 14, 16, 7969 }, // Ө
    { 9, 11, 11, 1, 11, 13, 7985 }, // ө
    { 9, 19, 11, 1, 19, 22, 7998 }, // Ӵ
    { 9, 16, 11, 1, 16, 18, 8020 }, // ӵ
    { 0, 0, 11, 0, 0, 0, 8038 }, //  
    { 0, 0, 11, 0, 0, 0, 8038 }, // ​
    { 7, 2, 11, 2, 8, 2, 8038 }, // ‐
    { 9, 2, 11, 1, 8, 3, 8040 }, // –
    { 12, 2, 11, 0, 8, 3, 8043 }, // —
    { 8, 19, 11, 2, 17, 19, 8046 }, // ‖
    { 5, 6, 11, 3, 14, 4, 8065 }, // ‘
    { 4, 6, 11, 4, 13, 3, 8069 }, // ’
    { 4, 6, 11, 4, 2, 3, 8072 }, // ‚
    { 5, 6, 11, 3, 14, 4, 8075 }, // ‛
    { 8, 6, 11, 2, 14, 6, 8079 }, // “
    { 8, 6, 11, 2, 13, 6, 8085 }, // ”
    { 8, 6, 11, 2, 2, 6, 8091 }, // „
    { 8, 6, 11, 2, 14, 6, 8097 }, // ‟
    { 9, 19, 11, 1, 16, 22, 8103 }, // †
    { 9, 19, 11, 1, 17, 22, 8125 }, // ‡
    { 5, 5, 11, 3, 10, 4, 8147 }, // •
    { 4, 3, 11, 4, 3, 2, 8151 }, // ․
    { 10, 3, 11, 1, 3, 4, 8153 }, // …
    { 13, 14, 11, -1, 14, 23, 8157 }, // ‰
    { 5, 6, 11, 3, 13, 4, 8180 }, // ′
    { 9, 6, 11, 1, 13, 7, 8184 }, // ″
    { 12, 6, 11, 0, 13, 9, 8191 }, // ‴
    { 7, 9, 11, 2, 10, 8, 8200 }, // ‹
    { 7, 9, 11, 2, 10, 8, 8208 }, // ›
    { 8, 14, 11, 2, 14, 14, 8216 }, // ‼
    { 8, 14, 11, 2, 14, 14, 8230 }, // ‽
    { 13, 2, 11, -1, 17, 4, 8244 }, // ‾
    { 12, 4, 11, 0, 0, 6, 8248 }, // ‿
    { 12, 14, 11, 0, 14, 21, 8254 }, // ⁄
    { 6, 19, 11, 3, 17, 15, 8275 }, // ⁅
    { 6, 19, 11, 2, 17, 15, 8290 }, // ⁆
    { 7, 9, 11, 2, 16, 8, 8305 }, // ⁰
    { 7, 9, 11, 2, 16, 8, 8313 }, // ⁴
    { 7, 9, 11, 2, 16, 8, 8321 }, // ⁵
    { 7, 9, 11, 2, 16, 8, 8329 }, // ⁶
    { 7, 9, 11, 2, 16, 8, 8337 }, // ⁷
    { 7, 9, 11, 2, 16, 8, 8345 }, // ⁸
    { 7, 9, 11, 2, 16, 8, 8353 }, // ⁹
    { 6, 5, 11, 3, 11, 4, 8361 }, // ⁺
    { 7, 6, 11, 2, 14, 6, 8365 }, // ⁼
    { 7, 9, 11, 2, 6, 8, 8371 }, // ₀
    { 8, 9, 11, 2, 6, 9, 8379 }, // ₁
    { 7, 9, 11, 2, 6, 8, 8388 }, // ₂
    { 7, 9, 11, 2, 6, 8, 8396 }, // ₃
    { 7, 9, 11, 2, 6, 8, 8404 }, // ₄
    { 7, 9, 11, 2, 6, 8, 8412 }, // ₅
    { 7, 9, 11, 2, 6, 8, 8420 }, // ₆
    { 7, 9, 11, 2, 6, 8, 8428 }, // ₇
    { 7, 9, 11, 2, 6, 8, 8436 }, // ₈
    { 7, 9, 11, 2, 6, 8, 8444 }, // ₉
    { 11, 16, 11, 1, 14, 22, 8452 }, // ₫
    { 10, 14, 11, 0, 14, 18, 8474 }, // €
    { 11, 14, 11, 0, 14, 20, 8492 }, // ₮
    { 11, 14, 11, 0, 14, 20, 8512 }, // ₴
    { 11, 14, 11, 0, 14, 20, 8532 }, // ₽
    { 10, 20, 11, 1, 17, 25, 8552 }, // ₿
    { 12, 11, 11, 0, 12, 17, 8577 }, // ←
    { 11, 15, 11, 0, 15, 21, 8594 }, // ↑
    { 12, 12, 11, 0, 13, 18, 8615 }, // →
    { 11, 15, 11, 0, 14, 21, 8633 }, // ↓
    { 15, 11, 11, -2, 12, 21, 8654 }, // ↔
    { 11, 22, 11, 0, 18, 31, 8675 }, // ↕
    { 10, 10, 11, 1, 14, 13, 8706 }, // ↖
    { 11, 10, 11, 0, 14, 14, 8719 }, // ↗
    { 11, 11, 11, 0, 10, 16, 8733 }, // ↘
    { 10, 10, 11, 1, 10, 13, 8749 }, // ↙
    { 12, 6, 11, 0, 8, 9, 8762 }, // ↝
    { 12, 7, 11, 0, 8, 11, 8771 }, // ↞
    { 12, 7, 11, 0, 8, 11, 8782 }, // ↠
    { 12, 7, 11, 0, 8, 11, 8793 }, // ↢
    { 12, 7, 11, 0, 8, 11, 8804 }, // ↣
    { 8, 11, 11, 2, 11, 11, 8815 }, // ↥
    { 12, 7, 11, 0, 8, 11, 8826 }, // ↦
    { 8, 11, 11, 2, 11, 11, 8837 }, // ↧
    { 12, 12, 11, 0, 14, 18, 8848 }, // ↩
    { 12, 12, 11, 0, 14, 18, 8866 }, // ↪
    { 12, 7, 11, 0, 9, 11, 8884 }, // ↭
    { 6, 20, 11, 4, 17, 15, 8895 }, // ↾
    { 12, 12, 11, 0, 12, 18, 8910 }, // ⇉
    { 12, 12, 11, 0, 12, 18, 8928 }, // ⇐
    { 13, 20, 11, -1, 17, 33, 8946 }, // ⇑
    { 12, 12, 11, 0, 12, 18, 8979 }, // ⇒
    { 13, 20, 11, -1, 16, 33, 8997 }, // ⇓
    { 15, 12, 11, -2, 12, 23, 9030 }, // ⇔
    { 12, 12, 11, 0, 13, 18, 9053 }, // ⇛
    { 9, 15, 11, 1, 15, 17, 9071 }, // ⇞
    { 9, 15, 11, 1, 14, 17, 9088 }, // ⇟
    { 12, 8, 11, 0, 11, 12, 9105 }, // ⇥
    { 12, 16, 11, 0, 16, 24, 9117 }, // ⇧
    { 12, 13, 11, 0, 13, 20, 9141 }, // ⇨
    { 12, 16, 11, 0, 16, 24, 9161 }, // ⇪
    { 11, 15, 11, 0, 15, 21, 9185 }, // ∀
    { 7, 11, 11, 2, 11, 10, 9206 }, // ∁
    { 9, 15, 11, 1, 14, 17, 9216 }, // ∂
    { 9, 14, 11, 1, 14, 16, 9233 }, // ∃
    { 9, 18, 11, 1, 16, 21, 9249 }, // ∄
    { 13, 14, 11, -1, 14, 23, 9270 }, // ∅
    { 11, 14, 11, 0, 14, 20, 9293 }, // ∆
    { 11, 15, 11, 0, 14, 21, 9313 }, // ∇
    { 11, 13, 11, 0, 14, 18, 9334 }, // ∈
    { 11, 17, 11, 0, 15, 24, 9352 }, // ∉
    { 6, 6, 11, 3, 9, 5, 9376 }, // ∊
    { 11, 13, 11, 0, 14, 18, 9381 }, // ∋
    { 11, 17, 11, 0, 16, 24, 9399 }, // ∌
    { 8, 10, 11, 2, 10, 10, 9423 }, // ∎
    { 11, 18, 11, 0, 14, 25, 9433 }, // ∏
    { 11, 18, 11, 0, 15, 25, 9458 }, // ∐
    { 10, 17, 11, 1, 14, 22, 9483 }, // ∑
    { 7, 2, 11, 2, 8, 2, 9505 }, // −
    { 10, 11, 11, 1, 10, 14, 9507 }, // ∓
    { 12, 14, 11, 0, 14, 21, 9521 }, // ∕
    { 5, 5, 11, 3, 9, 4, 9542 }, // ∘
    { 4, 3, 11, 4, 8, 2, 9546 }, // ∙
    { 12, 15, 11, 0, 14, 23, 9548 }, // √
    { 11, 6, 11, 0, 9, 9, 9571 }, // ∞
    { 3, 14, 11, 4, 14, 6, 9580 }, // ∣
    { 8, 14, 11, 2, 14, 14, 9586 }, // ∤
    { 7, 14, 11, 2, 14, 13, 9600 }, // ∥
    { 10, 10, 11, 1, 11, 13, 9613 }, // ∧
    { 10, 10, 11, 1, 11, 13, 9626 }, // ∨
    { 11, 15, 11, 0, 14, 21, 9639 }, // ∩
    { 11, 14, 11, 0, 14, 20, 9660 }, // ∪
    { 11, 18, 11, 0, 15, 25, 9680 }, // ∫
    { 11, 11, 11, 0, 11, 16, 9705 }, // ∴
    { 11, 11, 11, 0, 11, 16, 9721 }, // ∵
    { 4, 11, 11, 4, 11, 6, 9737 }, // ∶
    { 10, 10, 11, 1, 10, 13, 9743 }, // ∷
    { 7, 7, 11, 2, 10, 7, 9756 }, // ∸
    { 12, 9, 11, 0, 11, 14, 9763 }, // ∹
    { 10, 6, 11, 1, 10, 8, 9777 }, // ∼
    { 11, 6, 11, 0, 9, 9, 9785 }, // ∾
    { 10, 8, 11, 1, 11, 10, 9794 }, // ≃
    { 10, 13, 11, 1, 14, 17, 9804 }, // ≅
    { 10, 18, 11, 1, 16, 23, 9821 }, // ≇
    { 10, 11, 11, 1, 12, 14, 9844 }, // ≈
    { 10, 17, 11, 1, 15, 22, 9858 }, // ≉
    { 10, 13, 11, 1, 13, 17, 9880 }, // ≋
    { 11, 9, 11, 0, 11, 13, 9897 }, // ≍
    { 12, 9, 11, 0, 11, 14, 9910 }, // ≔
    { 9, 14, 11, 1, 15, 16, 9924 }, // ≗
    { 9, 15, 11, 1, 16, 17, 9940 }, // ≟
    { 9, 17, 11, 1, 15, 20, 9957 }, // ≠
    { 9, 11, 11, 1, 12, 13, 9977 }, // ≡
    { 9, 16, 11, 1, 15, 18, 9990 }, // ≢
    { 9, 10, 11, 1, 12, 12, 10008 }, // ≣
    { 9, 14, 11, 1, 14, 16, 10020 }, // ≤
    { 9, 14, 11, 1, 14, 16, 10036 }, // ≥
    { 12, 11, 11, 0, 12, 17, 10052 }, // ≪
    { 12, 11, 11, 0, 12, 17, 10069 }, // ≫
    { 6, 14, 11, 3, 12, 11, 10086 }, // ≬
    { 11, 13, 11, 0, 13, 18, 10097 }, // ≭
    { 9, 15, 11, 1, 14, 17, 10115 }, // ≮
    { 9, 15, 11, 1, 14, 17, 10132 }, // ≯
    { 9, 17, 11, 1, 15, 20, 10149 }, // ≰
    { 9, 17, 11, 1, 15, 20, 10169 }, // ≱
    { 10, 15, 11, 1, 14, 19, 10189 }, // ≲
    { 9, 15, 11, 1, 14, 17, 10208 }, // ≳
    { 9, 11, 11, 1, 11, 13, 10225 }, // ≺
    { 10, 11, 11, 1, 11, 14, 10238 }, // ≻
    { 9, 14, 11, 1, 14, 16, 10252 }, // ≼
    { 11, 9, 11, 0, 11, 13, 10268 }, // ⊂
    { 11, 9, 11, 0, 11, 13, 10281 }, // ⊃
    { 11, 17, 11, 0, 15, 24, 10294 }, // ⊄
    { 11, 17, 11, 0, 15, 24, 10318 }, // ⊅
    { 11, 13, 11, 0, 13, 18, 10342 }, // ⊆
    { 11, 13, 11, 0, 13, 18, 10360 }, // ⊇
    { 11, 18, 11, 0, 16, 25, 10378 }, // ⊈
    { 11, 18, 11, 0, 16, 25, 10403 }, // ⊉
    { 10, 14, 11, 1, 14, 18, 10428 }, // ⊎
    { 11, 9, 11, 0, 11, 13, 10446 }, // ⊏
    { 11, 9, 11, 0, 11, 13, 10459 }, // ⊐
    { 11, 13, 11, 0, 13, 18, 10472 }, // ⊑
    { 11, 13, 11, 0, 13, 18, 10490 }, // ⊒
    { 10, 11, 11, 1, 11, 14, 10508 }, // ⊓
    { 10, 10, 11, 1, 10, 13, 10522 }, // ⊔
    { 13, 12, 11, -1, 13, 20, 10535 }, // ⊕
    { 13, 12, 11, -1, 12, 20, 10555 }, // ⊖
    { 13, 14, 11, -1, 13, 23, 10575 }, // ⊗
    { 13, 14, 11, -1, 13, 23, 10598 }, // ⊘
    { 13, 12, 11, -1, 12, 20, 10621 }, // ⊙
    { 13, 13, 11, -1, 12, 22, 10641 }, // ⊛
    { 13, 14, 11, -1, 13, 23, 10663 }, // ⊜
    { 13, 14, 11, -1, 13, 23, 10686 }, // ⊝
    { 12, 11, 11, 0, 12, 17, 10709 }, // ⊞
    { 12, 11, 11, 0, 12, 17, 10726 }, // ⊟
    { 12, 12, 11, 0, 13, 18, 10743 }, // ⊠
    { 12, 11, 11, 0, 12, 17, 10761 }, // ⊡
    { 12, 12, 11, 0, 12, 18, 10778 }, // ⊢
    { 12, 12, 11, 0, 12, 18, 10796 }, // ⊣
    { 12, 12, 11, 0, 12, 18, 10814 }, // ⊤
    { 12, 12, 11, 0, 12, 18, 10832 }, // ⊥
    { 9, 14, 11, 1, 14, 16, 10850 }, // ⊴
    { 12, 4, 11, 0, 8, 6, 10866 }, // ⊸
    { 10, 14, 11, 1, 14, 18, 10872 }, // ⊻
    { 11, 14, 11, 0, 15, 20, 10890 }, // ⊼
    { 11, 14, 11, 0, 15, 20, 10910 }, // ⊽
    { 11, 15, 11, 0, 14, 21, 10930 }, // ⋂
    { 11, 14, 11, 0, 14, 20, 10951 }, // ⋃
    { 6, 6, 11, 3, 9, 5, 10971 }, // ⋄
    { 5, 5, 11, 3, 9, 4, 10976 }, // ⋆
    { 12, 13, 11, 0, 13, 20, 10980 }, // ⋈
    { 12, 13, 11, 0, 13, 20, 11000 }, // ⋉
    { 12, 13, 11, 0, 13, 20, 11020 }, // ⋊
    { 11, 11, 11, 0, 11, 16, 11040 }, // ⋎
    { 11, 12, 11, 0, 13, 17, 11056 }, // ⋐
    { 11, 18, 11, 0, 16, 25, 11073 }, // ⋢
    { 4, 12, 11, 4, 12, 6, 11098 }, // ⋮
    { 13, 3, 11, -1, 8, 5, 11104 }, // ⋯
    { 13, 12, 11, -1, 12, 20, 11109 }, // ⋰
    { 13, 12, 11, -1, 12, 20, 11129 }, // ⋱
    { 13, 14, 11, -1, 14, 23, 11149 }, // �
};

static const EpdUnicodeInterval jetbrainsmono_9_regularIntervals[] = {
    { 0xD, 0xD, 0x0 },
    { 0x20, 0x7E, 0x1 },
    { 0xA0, 0xAC, 0x60 },
    { 0xAE, 0xFF, 0x6D },
    { 0x100, 0x17F, 0xBF },
    { 0x300, 0x304, 0x13F },
    { 0x306, 0x30C, 0x144 },
    { 0x30F, 0x30F, 0x14B },
    { 0x312, 0x312, 0x14C },
    { 0x31B, 0x31B, 0x14D },
    { 0x323, 0x323, 0x14E },
    { 0x325, 0x328, 0x14F },
    { 0x336, 0x338, 0x153 },
    { 0x401, 0x40C, 0x156 },
    { 0x40E, 0x44F, 0x162 },
    { 0x451, 0x45C, 0x1A4 },
    { 0x45E, 0x45F, 0x1B0 },
    { 0x490, 0x493, 0x1B2 },
    { 0x49A, 0x49B, 0x1B6 },
    { 0x4A2, 0x4A3, 0x1B8 },
    { 0x4AE, 0x4B1, 0x1BA },
    { 0x4B6, 0x4B7, 0x1BE },
    { 0x4BA, 0x4BB, 0x1C0 },
    { 0x4D8, 0x4D9, 0x1C2 },
    { 0x4DC, 0x4DF, 0x1C4 },
    { 0x4E4, 0x4E9, 0x1C8 },
    { 0x4F4, 0x4F5, 0x1CE },
    { 0x2001, 0x2001, 0x1D0 },
    { 0x200B, 0x200B, 0x1D1 },
    { 0x2010, 0x2010, 0x1D2 },
    { 0x2013, 0x2014, 0x1D3 },
    { 0x2016, 0x2016, 0x1D5 },
    { 0x2018, 0x2022, 0x1D6 },
    { 0x2024, 0x2024, 0x1E1 },
    { 0x2026, 0x2026, 0x1E2 },
    { 0x2030, 0x2030, 0x1E3 },
    { 0x2032, 0x2034, 0x1E4 },
    { 0x2039, 0x203A, 0x1E7 },
    { 0x203C, 0x203F, 0x1E9 },
    { 0x2044, 0x2046, 0x1ED },
    { 0x2070, 0x2070, 0x1F0 },
    { 0x2074, 0x207A, 0x1F1 },
    { 0x207C, 0x207C, 0x1F8 },
    { 0x2080, 0x2089, 0x1F9 },
    { 0x20AB, 0x20AC, 0x203 },
    { 0x20AE, 0x20AE, 0x205 },
    { 0x20B4, 0x20B4, 0x206 },
    { 0x20BD, 0x20BD, 0x207 },
    { 0x20BF, 0x20BF, 0x208 },
    { 0x2190, 0x2199, 0x209 },
    { 0x219D, 0x219E, 0x213 },
    { 0x21A0, 0x21A0, 0x215 },
    { 0x21A2, 0x21A3, 0x216 },
    { 0x21A5, 0x21A7, 0x218 },
    { 0x21A9, 0x21AA, 0x21B },
    { 0x21AD, 0x21AD, 0x21D },
    { 0x21BE, 0x21BE, 0x21E },
    { 0x21C9, 0x21C9, 0x21F },
    { 0x21D0, 0x21D4, 0x220 },
    { 0x21DB, 0x21DB, 0x225 },
    { 0x21DE, 0x21DF, 0x226 },
    { 0x21E5, 0x21E5, 0x228 },
    { 0x21E7, 0x21E8, 0x229 },
    { 0x21EA, 0x21EA, 0x22B },
    { 0x2200, 0x220C, 0x22C },
    { 0x220E, 0x2213, 0x239 },
    { 0x2215, 0x2215, 0x23F },
    { 0x2218, 0x221A, 0x240 },
    { 0x221E, 0x221E, 0x243 },
    { 0x2223, 0x2225, 0x244 },
    { 0x2227, 0x222B, 0x247 },
    { 0x2234, 0x2239, 0x24C },
    { 0x223C, 0x223C, 0x252 },
    { 0x223E, 0x223E, 0x253 },
    { 0x2243, 0x2243, 0x254 },
    { 0x2245, 0x2245, 0x255 },
    { 0x2247, 0x2249, 0x256 },
    { 0x224B, 0x224B, 0x259 },
    { 0x224D, 0x224D, 0x25A },
    { 0x2254, 0x2254, 0x25B },
    { 0x2257, 0x2257, 0x25C },
    { 0x225F, 0x2265, 0x25D },
    { 0x226A, 0x2273, 0x264 },
    { 0x227A, 0x227C, 0x26E },
    { 0x2282, 0x2289, 0x271 },
    { 0x228E, 0x2299, 0x279 },
    { 0x229B, 0x22A5, 0x285 },
    { 0x22B4, 0x22B4, 0x290 },
    { 0x22B8, 0x22B8, 0x291 },
    { 0x22BB, 0x22BD, 0x292 },
    { 0x22C2, 0x22C4, 0x295 },
    { 0x22C6, 0x22C6, 0x298 },
    { 0x22C8, 0x22CA, 0x299 },
    { 0x22CE, 0x22CE, 0x29C },
    { 0x22D0, 0x22D0, 0x29D },
    { 0x22E2, 0x22E2, 0x29E },
    { 0x22EE, 0x22F1, 0x29F },
    { 0xFFFD, 0xFFFD, 0x2A3 },
};

static const EpdFontData jetbrainsmono_9_regular = {
    jetbrainsmono_9_regularBitmaps,
    jetbrainsmono_9_regularGlyphs,
    jetbrainsmono_9_regularIntervals,
    98,
    25,
    20,
    -6,
    false,
};
