/**
 * generated by fontconvert.py
 * name: jetbrainsmono_11_regular
 * size: 11
 * mode: 1-bit
 * Command used: fontconvert.py jetbrainsmono_11_regular 11 ../builtinFonts/source/JetBrainsMono/JetBrainsMono-Regular.ttf
 */
#pragma once
#include "EpdFontData.h"

static const uint8_t jetbrainsmono_11_regularBitmaps[15464] = {
    0xEE, 0xEE, 0xEE, 0xEE, 0xE6, 0x66, 0x00, 0xFF, 0xF0, 0xE7, 0xE7, 0xE7, 0xE7, 0xE7, 0xE7, 0xE7,
    0x06, 0x30, 0x71, 0x83, 0x9C, 0x18, 0xE0, 0xC6, 0x3F, 0xFD, 0xFF, 0xE3, 0x8C, 0x18, 0xE0, 0xC6,
    0x3F, 0xFF, 0xFF, 0xF3, 0x8C, 0x1C, 0xE0, 0xC7, 0x06, 0x30, 0x31, 0x80, 0x06, 0x00, 0x60, 0x06,
    0x00, 0xF0, 0x3F, 0xC7, 0xFE, 0x76, 0xE7, 0x6E, 0x76, 0x07, 0x60, 0x7E, 0x03, 0xF0, 0x1F, 0xC0,
    0x7E, 0x06, 0xE0, 0x66, 0xE6, 0x6E, 0x66, 0x76, 0xE7, 0xFC, 0x3F, 0x80, 0x60, 0x06, 0x00, 0x60,
    0x7C, 0x1F, 0xF8, 0xEE, 0xE3, 0x31, 0x9C, 0xC6, 0xE3, 0xBB, 0x0F, 0xFC, 0x1F, 0xE0, 0x03, 0x00,
    0x1F, 0xC0, 0xFF, 0x83, 0x77, 0x19, 0x9C, 0xE6, 0x73, 0x19, 0xD8, 0x7E, 0xE0, 0xF8, 0x0F, 0x80,
    0x3F, 0x80, 0xF7, 0x81, 0xC7, 0x03, 0x86, 0x03, 0x80, 0x03, 0x00, 0x1F, 0x00, 0x7F, 0x1D, 0xE7,
    0x73, 0x8F, 0xE7, 0x0F, 0x8E, 0x0E, 0x1C, 0x3E, 0x1C, 0xFE, 0x3F, 0xDC, 0x3F, 0x1C, 0xEE, 0xEE,
    0xEE, 0x60, 0x00, 0x0F, 0x1E, 0x3C, 0x78, 0x70, 0xE0, 0xE0, 0xE0, 0xE0, 0xE0, 0xE0, 0xE0, 0xE0,
    0xE0, 0xE0, 0xE0, 0x70, 0x70, 0x38, 0x3E, 0x1F, 0x06, 0x00, 0xF0, 0xF8, 0x3C, 0x1E, 0x0E, 0x06,
    0x07, 0x07, 0x07, 0x07, 0x07, 0x07, 0x07, 0x07, 0x07, 0x07, 0x0E, 0x0E, 0x1C, 0x78, 0xF0, 0xE0,
    0x03, 0x00, 0x18, 0x00, 0xC0, 0xC6, 0x37, 0xFF, 0xBF, 0xFC, 0x3F, 0x00, 0xF0, 0x0F, 0xC0, 0xE7,
    0x0F, 0x38, 0x30, 0xC0, 0x06, 0x00, 0x60, 0x06, 0x00, 0x60, 0x06, 0x0F, 0xFF, 0xFF, 0xF0, 0x60,
    0x06, 0x00, 0x60, 0x06, 0x00, 0x3B, 0xDC, 0xE7, 0x39, 0x80, 0xFF, 0xFF, 0xFF, 0xFF, 0x00, 0xE0,
    0x0E, 0x00, 0xE0, 0x1C, 0x01, 0xC0, 0x38, 0x03, 0x80, 0x38, 0x07, 0x00, 0x70, 0x07, 0x00, 0xE0,
    0x0E, 0x01, 0xC0, 0x1C, 0x01, 0xC0, 0x38, 0x03, 0x80, 0x38, 0x07, 0x00, 0x70, 0x06, 0x00, 0x1F,
    0x87, 0xF9, 0xE7, 0xB8, 0x7E, 0x07, 0xC0, 0xF8, 0x1F, 0x73, 0xEF, 0x7C, 0xCF, 0x81, 0xF0, 0x3E,
    0x06, 0xE1, 0xDE, 0x79, 0xFE, 0x1F, 0x80, 0x1E, 0x0F, 0xC3, 0xF8, 0x77, 0x0C, 0xE0, 0x1C, 0x03,
    0x80, 0x70, 0x0E, 0x01, 0xC0, 0x38, 0x07, 0x00, 0xE0, 0x1C, 0x03, 0x87, 0xFF, 0xFF, 0xE0, 0x1F,
    0x83, 0xFC, 0x79, 0xE7, 0x0E, 0xE0, 0xE0, 0x0E, 0x00, 0xE0, 0x1E, 0x01, 0xC0, 0x38, 0x07, 0x00,
    0xE0, 0x1E, 0x03, 0xC0, 0x78, 0x07, 0xFE, 0x7F, 0xF0, 0x7F, 0xEF, 0xFC, 0x07, 0x01, 0xC0, 0x70,
    0x1C, 0x03, 0xE0, 0xFE, 0x03, 0xE0, 0x1C, 0x03, 0x80, 0x7E, 0x0F, 0xC1, 0xDC, 0x7B, 0xFE, 0x3F,
    0x80, 0x03, 0x80, 0xF0, 0x1C, 0x07, 0x01, 0xE0, 0x38, 0x0E, 0x01, 0xC7, 0x70, 0xFE, 0x1F, 0x83,
    0xFF, 0xFF, 0xFE, 0x01, 0xC0, 0x38, 0x07, 0x00, 0xE0, 0x7F, 0xEF, 0xFD, 0xC0, 0x38, 0x07, 0x00,
    0xE0, 0x1F, 0xE3, 0xFE, 0x01, 0xE0, 0x1C, 0x03, 0x80, 0x7E, 0x0E, 0xC1, 0xDE, 0x7B, 0xFE, 0x1F,
    0x80, 0x07, 0x00, 0x70, 0x0E, 0x00, 0xE0, 0x1C, 0x03, 0x80, 0x3F, 0x87, 0xFC, 0x79, 0xEF, 0x0E,
    0xE0, 0x7E, 0x07, 0xE0, 0x7E, 0x0E, 0x79, 0xE3, 0xFC, 0x1F, 0x80, 0x7F, 0xF7, 0xFF, 0x60, 0x76,
    0x0E, 0x60, 0xE0, 0x0E, 0x01, 0xC0, 0x1C, 0x03, 0x80, 0x38, 0x03, 0x80, 0x70, 0x07, 0x00, 0xE0,
    0x0E, 0x00, 0xE0, 0x1C, 0x00, 0x1F, 0x83, 0xFC, 0x79, 0xE7, 0x0E, 0x60, 0xE7, 0x0E, 0x79, 0xC3,
    0xF8, 0x3F, 0xC7, 0x9E, 0xE0, 0xEE, 0x07, 0xE0, 0x7E, 0x0E, 0x79, 0xE7, 0xFC, 0x1F, 0x80, 0x1F,
    0x83, 0xFC, 0x79, 0xEE, 0x0E, 0xE0, 0x7E, 0x07, 0xE0, 0x7F, 0x0E, 0x79, 0xE7, 0xFC, 0x1F, 0xC0,
    0x38, 0x03, 0x80, 0x70, 0x07, 0x00, 0xE0, 0x1E, 0x00, 0x7B, 0xDE, 0x00, 0x00, 0x00, 0x00, 0x1E,
    0xF7, 0x80, 0x7B, 0xDE, 0x00, 0x00, 0x00, 0x00, 0x0E, 0xE7, 0x39, 0xCE, 0xE0, 0x00, 0x20, 0x1C,
    0x0F, 0x87, 0xC3, 0xE0, 0xF0, 0x1C, 0x03, 0xE0, 0x3F, 0x01, 0xF8, 0x0F, 0x80, 0x70, 0x02, 0x7F,
    0xEF, 0xFC, 0x00, 0x00, 0x00, 0x00, 0x00, 0x1F, 0xFB, 0xFF, 0x40, 0x0E, 0x01, 0xF0, 0x1F, 0x80,
    0xFC, 0x07, 0xC0, 0x38, 0x1F, 0x0F, 0xC7, 0xE1, 0xF0, 0x38, 0x04, 0x00, 0x7E, 0x1F, 0xC0, 0x78,
    0x0E, 0x01, 0x80, 0x60, 0x38, 0x1E, 0x3F, 0x0F, 0x83, 0x80, 0xE0, 0x00, 0x00, 0x03, 0x80, 0xF0,
    0x3C, 0x00, 0x1F, 0xC7, 0xFE, 0x78, 0xEE, 0x07, 0xE0, 0x3C, 0x7F, 0xC7, 0xFC, 0xF7, 0xCE, 0x3C,
    0xE3, 0xCE, 0x3C, 0xE3, 0xCE, 0x3C, 0xF7, 0xC7, 0xEC, 0x3E, 0xE0, 0x0E, 0x00, 0x78, 0x03, 0xF8,
    0x1F, 0x80, 0x0F, 0x00, 0xF0, 0x1F, 0x01, 0xF8, 0x1F, 0x81, 0xB8, 0x39, 0x83, 0x9C, 0x39, 0xC3,
    0x9C, 0x70, 0xC7, 0xFE, 0x7F, 0xE7, 0x0E, 0xE0, 0x6E, 0x07, 0xE0, 0x70, 0xFF, 0x1F, 0xF3, 0x8F,
    0x70, 0xEE, 0x1D, 0xC3, 0xB8, 0xE7, 0xFC, 0xFF, 0x9C, 0x7B, 0x87, 0x70, 0x6E, 0x0F, 0xC3, 0xB8,
    0xF7, 0xFE, 0xFF, 0x00, 0x3F, 0x1F, 0xEF, 0x3F, 0x87, 0xE0, 0xF8, 0x0E, 0x03, 0x80, 0xE0, 0x38,
    0x0E, 0x03, 0x80, 0xE0, 0xF8, 0x7F, 0x3D, 0xFE, 0x3F, 0x00, 0xFF, 0x3F, 0xEE, 0x3F, 0x87, 0xE1,
    0xF8, 0x7E, 0x1F, 0x87, 0xE1, 0xF8, 0x7E, 0x1F, 0x87, 0xE1, 0xF8, 0x7E, 0x3F, 0xFE, 0xFF, 0x00,
    0xFF, 0xFF, 0xFE, 0x03, 0x80, 0xE0, 0x38, 0x0E, 0x03, 0xFF, 0xFF, 0xF8, 0x0E, 0x03, 0x80, 0xE0,
    0x38, 0x0E, 0x03, 0xFF, 0xFF, 0xC0, 0xFF, 0xDF, 0xFB, 0x80, 0x70, 0x0E, 0x01, 0xC0, 0x38, 0x07,
    0x00, 0xFF, 0xDF, 0xFB, 0x80, 0x70, 0x0E, 0x01, 0xC0, 0x38, 0x07, 0x00, 0xE0, 0x00, 0x3F, 0x1F,
    0xEF, 0x3F, 0x87, 0xE1, 0xF0, 0x0C, 0x03, 0x00, 0xCF, 0xF3, 0xFC, 0x1F, 0x07, 0xE1, 0xF8, 0x7F,
    0x3D, 0xFE, 0x3F, 0x00, 0xE1, 0xF8, 0x7E, 0x1F, 0x87, 0xE1, 0xF8, 0x7E, 0x1F, 0xFF, 0xFF, 0xF8,
    0x7E, 0x1F, 0x87, 0xE1, 0xF8, 0x7E, 0x1F, 0x87, 0xE1, 0xC0, 0xFF, 0xFF, 0xF1, 0xC0, 0x70, 0x1C,
    0x07, 0x01, 0xC0, 0x70, 0x1C, 0x07, 0x01, 0xC0, 0x70, 0x1C, 0x07, 0x01, 0xC3, 0xFF, 0xFF, 0xC0,
    0x00, 0xE0, 0x1C, 0x03, 0x80, 0x70, 0x0E, 0x01, 0xC0, 0x38, 0x07, 0x00, 0xE0, 0x1C, 0x03, 0x80,
    0x7E, 0x0F, 0xC1, 0xFC, 0x73, 0xFE, 0x3F, 0x00, 0xE0, 0xFC, 0x3B, 0x87, 0x71, 0xCE, 0x39, 0xCE,
    0x39, 0xC7, 0xF0, 0xFE, 0x1D, 0xE3, 0x9C, 0x73, 0xCE, 0x39, 0xC7, 0xB8, 0x77, 0x0F, 0xE0, 0xE0,
    0x60, 0x0C, 0x01, 0x80, 0x30, 0x06, 0x00, 0xC0, 0x18, 0x03, 0x00, 0x60, 0x0C, 0x01, 0x80, 0x30,
    0x06, 0x00, 0xC0, 0x18, 0x03, 0xFF, 0x7F, 0xE0, 0xF0, 0xFF, 0x9F, 0xF9, 0xFF, 0x9F, 0xFB, 0xFF,
    0xF7, 0xEF, 0x7E, 0xF7, 0xEE, 0x7E, 0x67, 0xE0, 0x7E, 0x07, 0xE0, 0x7E, 0x07, 0xE0, 0x7E, 0x07,
    0xE0, 0x70, 0xE1, 0xFC, 0x7F, 0x1F, 0xC7, 0xF9, 0xF6, 0x7D, 0x9F, 0x77, 0xCD, 0xF3, 0xFC, 0xFF,
    0x1F, 0xC7, 0xF1, 0xFC, 0x3F, 0x0F, 0xC3, 0xC0, 0x3F, 0x1F, 0xEF, 0x3F, 0x87, 0xE1, 0xF0, 0x7C,
    0x1F, 0x07, 0xC1, 0xF0, 0x7C, 0x1F, 0x07, 0xE1, 0xF8, 0x7F, 0x3D, 0xFE, 0x3F, 0x00, 0xFF, 0x9F,
    0xFB, 0x87, 0x70, 0x7E, 0x0F, 0xC1, 0xF8, 0x3F, 0x0E, 0xFF, 0xDF, 0xF3, 0x80, 0x70, 0x0E, 0x01,
    0xC0, 0x38, 0x07, 0x00, 0xE0, 0x00, 0x1F, 0x83, 0xFC, 0x79, 0xE7, 0x0E, 0xE0, 0xEE, 0x06, 0xE0,
    0x6E, 0x06, 0xE0, 0x6E, 0x06, 0xE0, 0x6E, 0x06, 0xE0, 0xE7, 0x0E, 0x79, 0xE3, 0xFC, 0x1F, 0x80,
    0x38, 0x01, 0xC0, 0x1E, 0x00, 0xE0, 0xFF, 0x1F, 0xF3, 0x8F, 0x70, 0xEE, 0x0F, 0xC1, 0xF8, 0x77,
    0x1E, 0xFF, 0x9F, 0xE3, 0x9C, 0x73, 0x8E, 0x39, 0xC7, 0x38, 0x77, 0x0E, 0xE0, 0xE0, 0x1F, 0x83,
    0xFC, 0x79, 0xE7, 0x0E, 0x70, 0xE7, 0x00, 0x78, 0x03, 0xF0, 0x1F, 0xC0, 0x3E, 0x00, 0xE0, 0x06,
    0xE0, 0x6E, 0x0E, 0x79, 0xE7, 0xFC, 0x1F, 0x80, 0xFF, 0xFF, 0xFF, 0x0E, 0x00, 0xE0, 0x0E, 0x00,
    0xE0, 0x0E, 0x00, 0xE0, 0x0E, 0x00, 0xE0, 0x0E, 0x00, 0xE0, 0x0E, 0x00, 0xE0, 0x0E, 0x00, 0xE0,
    0x0E, 0x00, 0xE1, 0xF8, 0x7E, 0x1F, 0x87, 0xE1, 0xF8, 0x7E, 0x1F, 0x87, 0xE1, 0xF8, 0x7E, 0x1F,
    0x87, 0xE1, 0xF8, 0x7F, 0x3D, 0xFE, 0x3F, 0x00, 0xE0, 0x7E, 0x07, 0xE0, 0x67, 0x0E, 0x70, 0xE7,
    0x0E, 0x70, 0xC3, 0x9C, 0x39, 0xC3, 0x9C, 0x39, 0x81, 0xB8, 0x1F, 0x81, 0xF8, 0x1F, 0x00, 0xF0,
    0x0F, 0x00, 0xE7, 0x9F, 0x9E, 0x7E, 0x79, 0xB9, 0xE6, 0x67, 0x99, 0x9E, 0x66, 0x7B, 0x9F, 0xEE,
    0x7F, 0xB9, 0xF7, 0xE7, 0xCF, 0x1F, 0x3C, 0x3C, 0xF0, 0xF3, 0xC3, 0xCF, 0x0F, 0x3C, 0x3C, 0xF0,
    0x70, 0x39, 0xC3, 0x8E, 0x1C, 0x39, 0xC1, 0xCE, 0x07, 0xE0, 0x3E, 0x00, 0xF0, 0x07, 0x80, 0x3C,
    0x03, 0xF0, 0x1F, 0x81, 0xCE, 0x1E, 0x70, 0xE1, 0xCE, 0x0E, 0x70, 0x38, 0x70, 0x3B, 0x81, 0xCE,
    0x1C, 0x70, 0xE1, 0xCE, 0x0E, 0x70, 0x77, 0x01, 0xF8, 0x0F, 0x80, 0x3C, 0x01, 0xC0, 0x0E, 0x00,
    0x70, 0x03, 0x80, 0x1C, 0x00, 0xE0, 0x07, 0x00, 0x7F, 0xEF, 0xFC, 0x03, 0x80, 0xE0, 0x1C, 0x07,
    0x01, 0xE0, 0x38, 0x0E, 0x01, 0xC0, 0x70, 0x0E, 0x03, 0x80, 0xE0, 0x1C, 0x03, 0xFF, 0x7F, 0xE0,
    0xFF, 0xFF, 0x87, 0x0E, 0x1C, 0x38, 0x70, 0xE1, 0xC3, 0x87, 0x0E, 0x1C, 0x38, 0x70, 0xE1, 0xC3,
    0x87, 0x0F, 0xFF, 0xC0, 0x60, 0x07, 0x00, 0x70, 0x03, 0x80, 0x38, 0x03, 0x80, 0x1C, 0x01, 0xC0,
    0x1C, 0x00, 0xE0, 0x0E, 0x00, 0x70, 0x07, 0x00, 0x70, 0x03, 0x80, 0x38, 0x03, 0x80, 0x1C, 0x01,
    0xC0, 0x0E, 0x00, 0xE0, 0x0E, 0xFD, 0xF8, 0x30, 0x60, 0xC1, 0x83, 0x06, 0x0C, 0x18, 0x30, 0x60,
    0xC1, 0x83, 0x06, 0x0C, 0x18, 0x30, 0x6F, 0xDF, 0x80, 0x0F, 0x01, 0xE0, 0x7C, 0x0F, 0xC1, 0x98,
    0x73, 0x8C, 0x33, 0x87, 0x60, 0xE0, 0xFF, 0xFF, 0xFF, 0x61, 0xC3, 0x87, 0x1F, 0x8F, 0xF9, 0xC7,
    0xB0, 0x70, 0x0E, 0x7F, 0xDF, 0xFF, 0x87, 0xE0, 0xFC, 0x1F, 0xC7, 0xBF, 0xF3, 0xFE, 0xE0, 0x38,
    0x0E, 0x03, 0x80, 0xFF, 0x3F, 0xEF, 0x3F, 0x87, 0xE1, 0xF8, 0x7E, 0x1F, 0x87, 0xE1, 0xF8, 0x7F,
    0x3F, 0xFE, 0xFF, 0x00, 0x3F, 0x0F, 0xF3, 0xCF, 0x70, 0xEE, 0x0D, 0x80, 0x30, 0x06, 0x00, 0xE0,
    0xDC, 0x3B, 0xCF, 0x3F, 0xC3, 0xF0, 0x01, 0xC0, 0x70, 0x1C, 0x07, 0x7F, 0xDF, 0xFF, 0x3F, 0x87,
    0xC1, 0xF0, 0x7C, 0x1F, 0x07, 0xC1, 0xF8, 0x7F, 0x3D, 0xFF, 0x7F, 0xC0, 0x1F, 0x87, 0xF9, 0xE7,
    0xB8, 0x76, 0x0E, 0xFF, 0xDF, 0xFB, 0x00, 0x60, 0x0E, 0x1D, 0xE7, 0x9F, 0xE1, 0xF8, 0x07, 0xF0,
    0xFF, 0x0E, 0x00, 0xC0, 0x0C, 0x00, 0xC0, 0xFF, 0xFF, 0xFF, 0x0C, 0x00, 0xC0, 0x0C, 0x00, 0xC0,
    0x0C, 0x00, 0xC0, 0x0C, 0x00, 0xC0, 0x0C, 0x00, 0x7F, 0xDF, 0xFF, 0x3F, 0x87, 0xC1, 0xF0, 0x7C,
    0x1F, 0x07, 0xE1, 0xFC, 0xF7, 0xFD, 0xFF, 0x01, 0xC0, 0x70, 0x3D, 0xFE, 0x7F, 0x00, 0xE0, 0x38,
    0x0E, 0x03, 0x80, 0xFF, 0x3F, 0xEF, 0x3F, 0x87, 0xE1, 0xF8, 0x7E, 0x1F, 0x87, 0xE1, 0xF8, 0x7E,
    0x1F, 0x87, 0xE1, 0xC0, 0x07, 0x00, 0xF0, 0x07, 0x00, 0x00, 0x00, 0x07, 0xF0, 0x7F, 0x00, 0x70,
    0x07, 0x00, 0x70, 0x07, 0x00, 0x70, 0x07, 0x00, 0x70, 0x07, 0x00, 0x70, 0x7F, 0xF7, 0xFF, 0x03,
    0x80, 0xF0, 0x38, 0x00, 0x00, 0x1F, 0xE7, 0xF8, 0x06, 0x01, 0x80, 0x60, 0x18, 0x06, 0x01, 0x80,
    0x60, 0x18, 0x06, 0x01, 0x80, 0xE0, 0x38, 0x1E, 0x7F, 0x1F, 0x80, 0xE0, 0x1C, 0x03, 0x80, 0x70,
    0x0E, 0x1F, 0xC3, 0xB8, 0xE7, 0x3C, 0xE7, 0x1F, 0xC3, 0xF8, 0x73, 0x8E, 0x79, 0xC7, 0x38, 0xF7,
    0x0E, 0xE0, 0xE0, 0xFF, 0x07, 0xF8, 0x01, 0xC0, 0x0E, 0x00, 0x70, 0x03, 0x80, 0x1C, 0x00, 0xE0,
    0x07, 0x00, 0x38, 0x01, 0xC0, 0x0E, 0x00, 0x70, 0x03, 0x80, 0x1C, 0x00, 0xFF, 0x03, 0xF8, 0xFD,
    0xEF, 0xFE, 0xEE, 0x7E, 0x67, 0xE6, 0x7E, 0x67, 0xE6, 0x7E, 0x67, 0xE6, 0x7E, 0x67, 0xE6, 0x7E,
    0x67, 0xE6, 0x70, 0xFF, 0x3F, 0xEF, 0x3F, 0x87, 0xE1, 0xF8, 0x7E, 0x1F, 0x87, 0xE1, 0xF8, 0x7E,
    0x1F, 0x87, 0xE1, 0xC0, 0x1F, 0x87, 0xF9, 0xE7, 0xB8, 0x76, 0x0E, 0xC1, 0xD8, 0x3B, 0x07, 0x60,
    0xEE, 0x1D, 0xE7, 0x9F, 0xE1, 0xF8, 0xFF, 0x3F, 0xEF, 0x3F, 0x87, 0xE1, 0xF8, 0x7E, 0x1F, 0x87,
    0xE1, 0xF8, 0x7F, 0x3F, 0xFE, 0xFF, 0x38, 0x0E, 0x03, 0x80, 0xE0, 0x00, 0x7F, 0xDF, 0xFF, 0x3F,
    0x87, 0xC1, 0xF0, 0x7C, 0x1F, 0x07, 0xC1, 0xF8, 0x7F, 0x3D, 0xFF, 0x7F, 0xC0, 0x70, 0x1C, 0x07,
    0x01, 0xC0, 0xEF, 0x9F, 0xFB, 0xC7, 0x70, 0x6E, 0x0F, 0xC1, 0xF8, 0x07, 0x00, 0xE0, 0x1C, 0x03,
    0x80, 0x70, 0x0E, 0x00, 0x3F, 0x8F, 0xF9, 0xC3, 0xB8, 0x77, 0x00, 0xFF, 0x0F, 0xF0, 0x3F, 0x00,
    0xEC, 0x1D, 0xC3, 0xBF, 0xF3, 0xFC, 0x1C, 0x03, 0x80, 0x70, 0x0E, 0x0F, 0xFF, 0xFF, 0xC7, 0x00,
    0xE0, 0x1C, 0x03, 0x80, 0x70, 0x0E, 0x01, 0xC0, 0x38, 0x07, 0x80, 0x7F, 0x07, 0xE0, 0xE1, 0xF8,
    0x7E, 0x1F, 0x87, 0xE1, 0xF8, 0x7E, 0x1F, 0x87, 0xE1, 0xF8, 0x7F, 0x3D, 0xFE, 0x3F, 0x00, 0xE0,
    0x7E, 0x06, 0x70, 0xE7, 0x0E, 0x70, 0xC3, 0x9C, 0x39, 0xC3, 0x98, 0x1F, 0x81, 0xF8, 0x1F, 0x00,
    0xF0, 0x0F, 0x00, 0xE7, 0x19, 0x9E, 0x66, 0x79, 0x99, 0xEE, 0x77, 0xB9, 0xDE, 0xE7, 0xFB, 0x0F,
    0x7C, 0x3C, 0xF0, 0xF3, 0xC3, 0xCF, 0x0F, 0x3C, 0x3C, 0xE0, 0xF0, 0xE7, 0x0E, 0x39, 0xC3, 0xB8,
    0x1F, 0x80, 0xF0, 0x0F, 0x01, 0xF0, 0x1F, 0x83, 0x9C, 0x79, 0xC7, 0x0E, 0xE0, 0xF0, 0xE0, 0x7E,
    0x0E, 0x70, 0xE7, 0x0E, 0x39, 0xC3, 0x9C, 0x39, 0xC1, 0xF8, 0x1F, 0x80, 0xF0, 0x0F, 0x00, 0xF0,
    0x0E, 0x00, 0xE0, 0x0E, 0x01, 0xC0, 0x1C, 0x00, 0xFF, 0xFF, 0xF0, 0x3C, 0x1E, 0x07, 0x03, 0x81,
    0xC0, 0xF0, 0x38, 0x1C, 0x0E, 0x03, 0xFF, 0xFF, 0xC0, 0x01, 0xE0, 0x7C, 0x1E, 0x03, 0x80, 0x70,
    0x0E, 0x01, 0xC0, 0x38, 0x07, 0x00, 0xE3, 0xF8, 0x7F, 0x00, 0xF0, 0x0E, 0x01, 0xC0, 0x38, 0x07,
    0x00, 0xE0, 0x1C, 0x03, 0x80, 0x7E, 0x03, 0xC0, 0xFF, 0xFF, 0xFF, 0xFF, 0xFF, 0xFF, 0xFF, 0xFF,
    0xC0, 0xF0, 0x1F, 0x00, 0xF0, 0x0E, 0x01, 0xC0, 0x38, 0x06, 0x00, 0xC0, 0x38, 0x03, 0x80, 0x7F,
    0x0F, 0xE1, 0xC0, 0x70, 0x0E, 0x00, 0xC0, 0x1C, 0x03, 0x80, 0x70, 0x1E, 0x0F, 0x81, 0xE0, 0x00,
    0x3C, 0x77, 0xE7, 0xEE, 0x6E, 0x7E, 0xE3, 0xC0, 0xFF, 0xF0, 0x06, 0x66, 0xEE, 0xEE, 0xEE, 0xEE,
    0xE0, 0x0C, 0x01, 0x80, 0x30, 0x1F, 0x87, 0xF9, 0xFF, 0xBB, 0x77, 0x66, 0xCC, 0x19, 0x83, 0x30,
    0x76, 0x6E, 0xDD, 0xFB, 0x9F, 0xE1, 0xF8, 0x0C, 0x01, 0x80, 0x30, 0x00, 0x1F, 0x87, 0xFC, 0x79,
    0xE7, 0x0E, 0x60, 0x67, 0x00, 0x70, 0x03, 0x80, 0xFF, 0x8F, 0xF8, 0x1C, 0x01, 0xC0, 0x38, 0x07,
    0x80, 0xF0, 0x0F, 0xFF, 0xFF, 0xF0, 0x20, 0x03, 0x81, 0xDF, 0xFE, 0x7F, 0xE3, 0xCE, 0x1C, 0x38,
    0xC1, 0xC6, 0x0E, 0x38, 0x71, 0xE7, 0x0F, 0xFC, 0xFF, 0xF7, 0x03, 0x80, 0x00, 0x70, 0x3B, 0x81,
    0xCE, 0x1C, 0x70, 0xE1, 0xCE, 0x0E, 0x70, 0x77, 0x01, 0xF8, 0x0F, 0x83, 0xFF, 0xDF, 0xFE, 0x0E,
    0x07, 0xFF, 0xBF, 0xFC, 0x1C, 0x00, 0xE0, 0x07, 0x00, 0xFF, 0xFF, 0xFF, 0xE0, 0x01, 0xFF, 0xFF,
    0xFF, 0xC0, 0x3F, 0xC7, 0xFE, 0x70, 0xE7, 0x0E, 0x70, 0x07, 0x80, 0x3F, 0x83, 0xFC, 0x70, 0xE7,
    0x0E, 0x70, 0xE7, 0x0E, 0x7F, 0xE3, 0xFC, 0x1F, 0xE0, 0x0E, 0x00, 0xEE, 0x0E, 0x71, 0xE7, 0xFE,
    0x3F, 0x80, 0x73, 0xB9, 0xDC, 0xE0, 0x3F, 0x87, 0xFE, 0xEF, 0x6D, 0xFB, 0xD9, 0xBD, 0x9B, 0xD8,
    0x3D, 0x83, 0xD9, 0xBD, 0xFB, 0xCF, 0x3E, 0x06, 0x79, 0xE3, 0xFC, 0x04, 0x00, 0x03, 0xEF, 0xFF,
    0xFF, 0xFF, 0xDB, 0x0F, 0x38, 0xF3, 0x87, 0x38, 0x73, 0xC7, 0x1C, 0x39, 0xC1, 0xCF, 0x07, 0x3C,
    0x1C, 0xE0, 0xF3, 0x83, 0xCE, 0xFF, 0xFF, 0xF0, 0x1C, 0x07, 0x01, 0xC0, 0x1F, 0x87, 0x9E, 0x60,
    0x6C, 0x03, 0xDF, 0x3D, 0x9B, 0xD9, 0xBD, 0xF3, 0xDB, 0x3D, 0xB3, 0xD9, 0xBD, 0x9B, 0x60, 0x67,
    0x9E, 0x1F, 0x80, 0xFF, 0xFF, 0x7C, 0x7E, 0xE7, 0xC7, 0xE7, 0x7E, 0x7C, 0x06, 0x00, 0x60, 0x06,
    0x00, 0x60, 0xFF, 0xFF, 0xFF, 0x06, 0x00, 0x60, 0x06, 0x00, 0x60, 0x06, 0x0F, 0xFE, 0xFF, 0xF0,
    0x7E, 0x7E, 0xE7, 0x47, 0x06, 0x1E, 0x3C, 0x70, 0xFF, 0xFF, 0xFF, 0xFF, 0x0E, 0x1C, 0x1E, 0x07,
    0xC3, 0xC7, 0xFF, 0x7E, 0x39, 0xDD, 0xC0, 0xE1, 0xF8, 0x7E, 0x1F, 0x87, 0xE1, 0xF8, 0x7E, 0x1F,
    0x87, 0xE1, 0xF8, 0x7F, 0x3F, 0xFF, 0xFF, 0xF8, 0x0E, 0x03, 0x80, 0xE0, 0x00, 0x3E, 0xEF, 0xDF,
    0xFB, 0xFF, 0x7F, 0xEF, 0xFD, 0xFF, 0xBF, 0xF7, 0x7E, 0xE7, 0xDC, 0x3B, 0x87, 0x70, 0xEE, 0x1D,
    0xC3, 0xB8, 0x77, 0x0E, 0xE1, 0xDC, 0x3B, 0x87, 0x70, 0xEE, 0xFF, 0xFF, 0x61, 0xE1, 0xFF, 0xF8,
    0x3C, 0x7E, 0x3F, 0x03, 0x81, 0xC0, 0xE0, 0x70, 0x38, 0xFF, 0x7F, 0x80, 0x01, 0xEF, 0xF3, 0xCF,
    0xFF, 0x8C, 0x73, 0xC0, 0xE7, 0x03, 0xCE, 0x07, 0x1C, 0x0E, 0x78, 0x1C, 0xE0, 0xE7, 0x87, 0x9C,
    0x3C, 0xE0, 0xE7, 0x07, 0x3C, 0x00, 0x38, 0x1D, 0xE0, 0xE5, 0x87, 0x06, 0x1C, 0x18, 0xE0, 0x67,
    0x0F, 0xFC, 0x1F, 0xE0, 0x07, 0x00, 0x1D, 0xC0, 0xE6, 0x07, 0x30, 0x1D, 0xD8, 0xE6, 0x67, 0x1F,
    0x9C, 0x7E, 0xE0, 0x18, 0x38, 0x1D, 0xE0, 0xE7, 0x83, 0x86, 0x1C, 0x18, 0x60, 0x63, 0x01, 0x9C,
    0x3F, 0xE0, 0x7F, 0x00, 0x1C, 0x00, 0xEF, 0x03, 0x7E, 0x1D, 0x98, 0xE0, 0x63, 0x07, 0x1C, 0x78,
    0xE1, 0xFB, 0x07, 0xE0, 0x7C, 0x1D, 0xF0, 0xE1, 0x83, 0x07, 0x1C, 0x0E, 0xE3, 0x1B, 0x06, 0xFC,
    0x1F, 0xE0, 0x17, 0x00, 0x1C, 0x80, 0xE6, 0x07, 0x38, 0x1D, 0xD8, 0xE6, 0x67, 0x1F, 0x9C, 0x7E,
    0xE0, 0x18, 0x0F, 0x07, 0x83, 0xC0, 0x00, 0x00, 0x30, 0x18, 0x3C, 0x3E, 0x3C, 0x3C, 0x1C, 0x0E,
    0x07, 0x01, 0xE0, 0x7F, 0x1F, 0x80, 0x38, 0x01, 0xC0, 0x0E, 0x00, 0xE0, 0x00, 0x00, 0x00, 0x0F,
    0x00, 0xF0, 0x1F, 0x01, 0xF8, 0x1F, 0x81, 0xB8, 0x39, 0x83, 0x9C, 0x39, 0xC3, 0x9C, 0x70, 0xC7,
    0xFE, 0x7F, 0xE7, 0x0E, 0xE0, 0x6E, 0x07, 0xE0, 0x70, 0x01, 0x80, 0x38, 0x07, 0x00, 0xE0, 0x00,
    0x00, 0x00, 0x0F, 0x00, 0xF0, 0x1F, 0x01, 0xF8, 0x1F, 0x81, 0xB8, 0x39, 0x83, 0x9C, 0x39, 0xC3,
    0x9C, 0x70, 0xC7, 0xFE, 0x7F, 0xE7, 0x0E, 0xE0, 0x6E, 0x07, 0xE0, 0x70, 0x0E, 0x00, 0xF0, 0x1F,
    0x83, 0x9C, 0x00, 0x00, 0x00, 0x0F, 0x00, 0xF0, 0x1F, 0x01, 0xF8, 0x1F, 0x81, 0xB8, 0x39, 0x83,
    0x9C, 0x39, 0xC3, 0x9C, 0x70, 0xC7, 0xFE, 0x7F, 0xE7, 0x0E, 0xE0, 0x6E, 0x07, 0xE0, 0x70, 0x00,
    0x03, 0xCC, 0x3F, 0xC3, 0x78, 0x31, 0x00, 0x00, 0x0F, 0x00, 0xF0, 0x1F, 0x01, 0xF8, 0x1F, 0x81,
    0xB8, 0x39, 0x83, 0x9C, 0x39, 0xC3, 0x9C, 0x70, 0xC7, 0xFE, 0x7F, 0xE7, 0x0E, 0xE0, 0x6E, 0x07,
    0xE0, 0x70, 0x39, 0xC3, 0x9C, 0x39, 0xC0, 0x00, 0x00, 0x00, 0xF0, 0x0F, 0x01, 0xF0, 0x1F, 0x81,
    0xF8, 0x1B, 0x83, 0x98, 0x39, 0xC3, 0x9C, 0x39, 0xC7, 0x0C, 0x7F, 0xE7, 0xFE, 0x70, 0xEE, 0x06,
    0xE0, 0x7E, 0x07, 0x0F, 0x01, 0xB8, 0x19, 0x81, 0xB8, 0x0F, 0x00, 0x00, 0x0F, 0x00, 0xF0, 0x1F,
    0x01, 0xF8, 0x1F, 0x81, 0xB8, 0x39, 0x83, 0x9C, 0x39, 0xC3, 0x9C, 0x70, 0xC7, 0xFE, 0x7F, 0xE7,
    0x0E, 0xE0, 0x6E, 0x07, 0xE0, 0x70, 0x0F, 0xF8, 0x7F, 0xE1, 0xD8, 0x07, 0x60, 0x1D, 0x80, 0x66,
    0x03, 0x98, 0x0E, 0x7E, 0x39, 0xF8, 0xE6, 0x03, 0xF8, 0x1F, 0xE0, 0x71, 0x81, 0xC6, 0x07, 0x18,
    0x18, 0x7E, 0xE1, 0xF8, 0x3F, 0x1F, 0xEF, 0x3F, 0x87, 0xE0, 0xF8, 0x0E, 0x03, 0x80, 0xE0, 0x38,
    0x0E, 0x03, 0x80, 0xE0, 0xF8, 0x7F, 0x3D, 0xFE, 0x3F, 0x07, 0x01, 0xE0, 0x1C, 0x3F, 0x0F, 0x80,
    0x30, 0x0E, 0x01, 0xC0, 0x38, 0x00, 0x00, 0x0F, 0xFF, 0xFF, 0xE0, 0x38, 0x0E, 0x03, 0x80, 0xE0,
    0x3F, 0xFF, 0xFF, 0x80, 0xE0, 0x38, 0x0E, 0x03, 0x80, 0xE0, 0x3F, 0xFF, 0xFC, 0x03, 0x81, 0xC0,
    0xE0, 0x38, 0x00, 0x00, 0x0F, 0xFF, 0xFF, 0xE0, 0x38, 0x0E, 0x03, 0x80, 0xE0, 0x3F, 0xFF, 0xFF,
    0x80, 0xE0, 0x38, 0x0E, 0x03, 0x80, 0xE0, 0x3F, 0xFF, 0xFC, 0x0E, 0x07, 0x83, 0xF1, 0xCE, 0x00,
    0x00, 0x0F, 0xFF, 0xFF, 0xE0, 0x38, 0x0E, 0x03, 0x80, 0xE0, 0x3F, 0xFF, 0xFF, 0x80, 0xE0, 0x38,
    0x0E, 0x03, 0x80, 0xE0, 0x3F, 0xFF, 0xFC, 0x73, 0x9C, 0xE7, 0x38, 0x00, 0x00, 0x3F, 0xFF, 0xFF,
    0x80, 0xE0, 0x38, 0x0E, 0x03, 0x80, 0xFF, 0xFF, 0xFE, 0x03, 0x80, 0xE0, 0x38, 0x0E, 0x03, 0x80,
    0xFF, 0xFF, 0xF0, 0x70, 0x0E, 0x01, 0xC0, 0x70, 0x00, 0x00, 0x0F, 0xFF, 0xFF, 0x1C, 0x07, 0x01,
    0xC0, 0x70, 0x1C, 0x07, 0x01, 0xC0, 0x70, 0x1C, 0x07, 0x01, 0xC0, 0x70, 0x1C, 0x3F, 0xFF, 0xFC,
    0x03, 0x01, 0xC0, 0xE0, 0x70, 0x00, 0x00, 0x0F, 0xFF, 0xFF, 0x1C, 0x07, 0x01, 0xC0, 0x70, 0x1C,
    0x07, 0x01, 0xC0, 0x70, 0x1C, 0x07, 0x01, 0xC0, 0x70, 0x1C, 0x3F, 0xFF, 0xFC, 0x1C, 0x07, 0x83,
    0xF1, 0xCE, 0x00, 0x00, 0x0F, 0xFF, 0xFF, 0x1C, 0x07, 0x01, 0xC0, 0x70, 0x1C, 0x07, 0x01, 0xC0,
    0x70, 0x1C, 0x07, 0x01, 0xC0, 0x70, 0x1C, 0x3F, 0xFF, 0xFC, 0x73, 0x9C, 0xE7, 0x38, 0x00, 0x00,
    0x3F, 0xFF, 0xFC, 0x70, 0x1C, 0x07, 0x01, 0xC0, 0x70, 0x1C, 0x07, 0x01, 0xC0, 0x70, 0x1C, 0x07,
    0x01, 0xC0, 0x70, 0xFF, 0xFF, 0xF0, 0x3F, 0xC3, 0xFE, 0x38, 0xF3, 0x87, 0x38, 0x73, 0x87, 0x38,
    0x7F, 0xE7, 0xFE, 0x73, 0x87, 0x38, 0x73, 0x87, 0x38, 0x73, 0x87, 0x38, 0xF3, 0xFE, 0x3F, 0xC0,
    0x00, 0x1E, 0x67, 0xF9, 0xBC, 0x62, 0x00, 0x0E, 0x1F, 0xC7, 0xF1, 0xFC, 0x7F, 0x9F, 0x67, 0xD9,
    0xF7, 0x7C, 0xDF, 0x3F, 0xCF, 0xF1, 0xFC, 0x7F, 0x1F, 0xC3, 0xF0, 0xFC, 0x3C, 0x70, 0x0E, 0x01,
    0xC0, 0x70, 0x00, 0x00, 0x03, 0xF1, 0xFE, 0xF3, 0xF8, 0x7E, 0x1F, 0x07, 0xC1, 0xF0, 0x7C, 0x1F,
    0x07, 0xC1, 0xF0, 0x7E, 0x1F, 0x87, 0xF3, 0xDF, 0xE3, 0xF0, 0x03, 0x01, 0xC0, 0xE0, 0x70, 0x00,
    0x00, 0x03, 0xF1, 0xFE, 0xF3, 0xF8, 0x7E, 0x1F, 0x07, 0xC1, 0xF0, 0x7C, 0x1F, 0x07, 0xC1, 0xF0,
    0x7E, 0x1F, 0x87, 0xF3, 0xDF, 0xE3, 0xF0, 0x1C, 0x07, 0x83, 0xF1, 0xCE, 0x00, 0x00, 0x03, 0xF1,
    0xFE, 0xF3, 0xF8, 0x7E, 0x1F, 0x07, 0xC1, 0xF0, 0x7C, 0x1F, 0x07, 0xC1, 0xF0, 0x7E, 0x1F, 0x87,
    0xF3, 0xDF, 0xE3, 0xF0, 0x00, 0x1E, 0x67, 0xF9, 0xBC, 0x62, 0x00, 0x03, 0xF1, 0xFE, 0xF3, 0xF8,
    0x7E, 0x1F, 0x07, 0xC1, 0xF0, 0x7C, 0x1F, 0x07, 0xC1, 0xF0, 0x7E, 0x1F, 0x87, 0xF3, 0xDF, 0xE3,
    0xF0, 0x73, 0x9C, 0xE7, 0x38, 0x00, 0x00, 0x0F, 0xC7, 0xFB, 0xCF, 0xE1, 0xF8, 0x7C, 0x1F, 0x07,
    0xC1, 0xF0, 0x7C, 0x1F, 0x07, 0xC1, 0xF8, 0x7E, 0x1F, 0xCF, 0x7F, 0x8F, 0xC0, 0x00, 0x18, 0x6F,
    0x39, 0xFC, 0x3E, 0x07, 0x83, 0xF1, 0xDE, 0xE3, 0x90, 0x60, 0x0F, 0xF8, 0xFF, 0xCF, 0x3C, 0x70,
    0xE3, 0x8F, 0x18, 0xF8, 0xC7, 0xC6, 0x7E, 0x33, 0x71, 0xBB, 0x8F, 0x9C, 0x7C, 0xE3, 0xC7, 0x1E,
    0x38, 0xF3, 0xC7, 0xFC, 0x7F, 0xC3, 0x00, 0x00, 0x70, 0x0E, 0x01, 0xC0, 0x70, 0x00, 0x00, 0x0E,
    0x1F, 0x87, 0xE1, 0xF8, 0x7E, 0x1F, 0x87, 0xE1, 0xF8, 0x7E, 0x1F, 0x87, 0xE1, 0xF8, 0x7E, 0x1F,
    0x87, 0xF3, 0xDF, 0xE3, 0xF0, 0x03, 0x01, 0xC0, 0xE0, 0x70, 0x00, 0x00, 0x0E, 0x1F, 0x87, 0xE1,
    0xF8, 0x7E, 0x1F, 0x87, 0xE1, 0xF8, 0x7E, 0x1F, 0x87, 0xE1, 0xF8, 0x7E, 0x1F, 0x87, 0xF3, 0xDF,
    0xE3, 0xF0, 0x1C, 0x07, 0x83, 0xF1, 0xCE, 0x00, 0x00, 0x0E, 0x1F, 0x87, 0xE1, 0xF8, 0x7E, 0x1F,
    0x87, 0xE1, 0xF8, 0x7E, 0x1F, 0x87, 0xE1, 0xF8, 0x7E, 0x1F, 0x87, 0xF3, 0xDF, 0xE3, 0xF0, 0x73,
    0x9C, 0xE7, 0x38, 0x00, 0x00, 0x38, 0x7E, 0x1F, 0x87, 0xE1, 0xF8, 0x7E, 0x1F, 0x87, 0xE1, 0xF8,
    0x7E, 0x1F, 0x87, 0xE1, 0xF8, 0x7E, 0x1F, 0xCF, 0x7F, 0x8F, 0xC0, 0x00, 0xC0, 0x0E, 0x00, 0xE0,
    0x0E, 0x00, 0x00, 0x00, 0x01, 0xC0, 0xEE, 0x07, 0x38, 0x71, 0xC3, 0x87, 0x38, 0x39, 0xC1, 0xDC,
    0x07, 0xE0, 0x3E, 0x00, 0xF0, 0x07, 0x00, 0x38, 0x01, 0xC0, 0x0E, 0x00, 0x70, 0x03, 0x80, 0x1C,
    0x00, 0xE0, 0x1C, 0x03, 0x80, 0x7F, 0xCF, 0xFD, 0xC7, 0xB8, 0x3F, 0x07, 0xE0, 0xFC, 0x1F, 0x8F,
    0x7F, 0xEF, 0xF9, 0xC0, 0x38, 0x07, 0x00, 0xE0, 0x00, 0x3F, 0x0F, 0xF3, 0xCF, 0x70, 0xEE, 0x1D,
    0xC3, 0xB8, 0xE7, 0x78, 0xEF, 0x9C, 0x7B, 0x87, 0x70, 0x7E, 0x0F, 0xC3, 0xF8, 0xF7, 0x7E, 0xEF,
    0x00, 0x18, 0x03, 0x80, 0x38, 0x07, 0x80, 0x00, 0x00, 0x07, 0xE3, 0xFE, 0x71, 0xEC, 0x1C, 0x03,
    0x9F, 0xF7, 0xFF, 0xE1, 0xF8, 0x3F, 0x07, 0xF1, 0xEF, 0xFC, 0xFF, 0x80, 0x01, 0x80, 0x70, 0x1C,
    0x03, 0x80, 0x00, 0x00, 0x07, 0xE3, 0xFE, 0x71, 0xEC, 0x1C, 0x03, 0x9F, 0xF7, 0xFF, 0xE1, 0xF8,
    0x3F, 0x07, 0xF1, 0xEF, 0xFC, 0xFF, 0x80, 0x06, 0x01, 0xE0, 0x7E, 0x1C, 0xE0, 0x00, 0x00, 0x07,
    0xE3, 0xFE, 0x71, 0xEC, 0x1C, 0x03, 0x9F, 0xF7, 0xFF, 0xE1, 0xF8, 0x3F, 0x07, 0xF1, 0xEF, 0xFC,
    0xFF, 0x80, 0x00, 0x03, 0x98, 0xFF, 0x1B, 0xE3, 0x10, 0x00, 0x07, 0xE3, 0xFE, 0x71, 0xEC, 0x1C,
    0x03, 0x9F, 0xF7, 0xFF, 0xE1, 0xF8, 0x3F, 0x07, 0xF1, 0xEF, 0xFC, 0xFF, 0x80, 0x39, 0xC7, 0x38,
    0xE7, 0x00, 0x00, 0x00, 0x3F, 0x1F, 0xF3, 0x8F, 0x60, 0xE0, 0x1C, 0xFF, 0xBF, 0xFF, 0x0F, 0xC1,
    0xF8, 0x3F, 0x8F, 0x7F, 0xE7, 0xFC, 0x0F, 0x03, 0xF0, 0x66, 0x0F, 0xC0, 0xF0, 0x00, 0x07, 0xE3,
    0xFE, 0x71, 0xEC, 0x1C, 0x03, 0x9F, 0xF7, 0xFF, 0xE1, 0xF8, 0x3F, 0x07, 0xF1, 0xEF, 0xFC, 0xFF,
    0x80, 0x3F, 0xF3, 0xFF, 0xDD, 0xEE, 0xC6, 0x30, 0x31, 0x9F, 0xFD, 0xFF, 0xEE, 0x60, 0xE3, 0x07,
    0x18, 0xD9, 0xEE, 0xFF, 0xF3, 0xCF, 0x00, 0x3F, 0x0F, 0xF3, 0xCF, 0x70, 0xEE, 0x0D, 0x80, 0x30,
    0x06, 0x00, 0xE0, 0xDC, 0x3B, 0xCF, 0x3F, 0xC3, 0xF0, 0x38, 0x07, 0x80, 0x38, 0x3F, 0x07, 0xC0,
    0x38, 0x03, 0x80, 0x38, 0x07, 0x00, 0x00, 0x00, 0x07, 0xE1, 0xFE, 0x79, 0xEE, 0x1D, 0x83, 0xBF,
    0xF7, 0xFE, 0xC0, 0x18, 0x03, 0x87, 0x79, 0xE7, 0xF8, 0x7E, 0x00, 0x01, 0x80, 0x70, 0x1C, 0x07,
    0x00, 0x00, 0x00, 0x07, 0xE1, 0xFE, 0x79, 0xEE, 0x1D, 0x83, 0xBF, 0xF7, 0xFE, 0xC0, 0x18, 0x03,
    0x87, 0x79, 0xE7, 0xF8, 0x7E, 0x00, 0x0E, 0x01, 0xE0, 0x7E, 0x1C, 0xE0, 0x00, 0x00, 0x07, 0xE1,
    0xFE, 0x79, 0xEE, 0x1D, 0x83, 0xBF, 0xF7, 0xFE, 0xC0, 0x18, 0x03, 0x87, 0x79, 0xE7, 0xF8, 0x7E,
    0x00, 0x39, 0xC7, 0x38, 0xE7, 0x00, 0x00, 0x00, 0x3F, 0x0F, 0xF3, 0xCF, 0x70, 0xEC, 0x1D, 0xFF,
    0xBF, 0xF6, 0x00, 0xC0, 0x1C, 0x3B, 0xCF, 0x3F, 0xC3, 0xF0, 0x1C, 0x01, 0xC0, 0x0E, 0x00, 0x70,
    0x00, 0x00, 0x00, 0x7F, 0x07, 0xF0, 0x07, 0x00, 0x70, 0x07, 0x00, 0x70, 0x07, 0x00, 0x70, 0x07,
    0x00, 0x70, 0x07, 0x07, 0xFF, 0x7F, 0xF0, 0x01, 0xC0, 0x38, 0x03, 0x80, 0x70, 0x00, 0x00, 0x00,
    0x7F, 0x07, 0xF0, 0x07, 0x00, 0x70, 0x07, 0x00, 0x70, 0x07, 0x00, 0x70, 0x07, 0x00, 0x70, 0x07,
    0x07, 0xFF, 0x7F, 0xF0, 0x07, 0x00, 0xF8, 0x1F, 0xC3, 0x9C, 0x00, 0x00, 0x00, 0x7F, 0x07, 0xF0,
    0x07, 0x00, 0x70, 0x07, 0x00, 0x70, 0x07, 0x00, 0x70, 0x07, 0x00, 0x70, 0x07, 0x07, 0xFF, 0x7F,
    0xF0, 0x39, 0xC3, 0x9E, 0x39, 0xC0, 0x00, 0x00, 0x07, 0xF0, 0x7F, 0x00, 0x70, 0x07, 0x00, 0x70,
    0x07, 0x00, 0x70, 0x07, 0x00, 0x70, 0x07, 0x00, 0x70, 0x7F, 0xF7, 0xFF, 0x00, 0x01, 0xCC, 0x1F,
    0xC1, 0xF8, 0x3F, 0x07, 0xF8, 0x63, 0x80, 0x1C, 0x1F, 0xC7, 0xFE, 0x71, 0xEE, 0x0E, 0xE0, 0x7E,
    0x06, 0xE0, 0xE7, 0x9E, 0x3F, 0xC1, 0xF8, 0x00, 0x0E, 0x67, 0xF9, 0xBE, 0x62, 0x00, 0x0F, 0xF3,
    0xFE, 0xF3, 0xF8, 0x7E, 0x1F, 0x87, 0xE1, 0xF8, 0x7E, 0x1F, 0x87, 0xE1, 0xF8, 0x7E, 0x1C, 0x38,
    0x03, 0x80, 0x38, 0x07, 0x00, 0x00, 0x00, 0x07, 0xE1, 0xFE, 0x79, 0xEE, 0x1D, 0x83, 0xB0, 0x76,
    0x0E, 0xC1, 0xD8, 0x3B, 0x87, 0x79, 0xE7, 0xF8, 0x7E, 0x00, 0x01, 0x80, 0x70, 0x1C, 0x07, 0x00,
    0x00, 0x00, 0x07, 0xE1, 0xFE, 0x79, 0xEE, 0x1D, 0x83, 0xB0, 0x76, 0x0E, 0xC1, 0xD8, 0x3B, 0x87,
    0x79, 0xE7, 0xF8, 0x7E, 0x00, 0x0E, 0x01, 0xE0, 0x7E, 0x1C, 0xE0, 0x00, 0x00, 0x07, 0xE1, 0xFE,
    0x79, 0xEE, 0x1D, 0x83, 0xB0, 0x76, 0x0E, 0xC1, 0xD8, 0x3B, 0x87, 0x79, 0xE7, 0xF8, 0x7E, 0x00,
    0x00, 0x07, 0x98, 0xFF, 0x1B, 0xC3, 0x10, 0x00, 0x07, 0xE1, 0xFE, 0x79, 0xEE, 0x1D, 0x83, 0xB0,
    0x76, 0x0E, 0xC1, 0xD8, 0x3B, 0x87, 0x79, 0xE7, 0xF8, 0x7E, 0x00, 0x39, 0xC7, 0x38, 0xE7, 0x00,
    0x00, 0x00, 0x3F, 0x0F, 0xF3, 0xCF, 0x70, 0xEC, 0x1D, 0x83, 0xB0, 0x76, 0x0E, 0xC1, 0xDC, 0x3B,
    0xCF, 0x3F, 0xC3, 0xF0, 0x1E, 0x07, 0x81, 0xE0, 0x00, 0x00, 0x00, 0x0F, 0xFF, 0xFF, 0x00, 0x00,
    0x01, 0xE0, 0x78, 0x1E, 0x00, 0x00, 0x38, 0x7F, 0x87, 0xFC, 0x79, 0xE3, 0x8F, 0x18, 0xF8, 0xCF,
    0xC6, 0xEE, 0x37, 0x71, 0xF3, 0x8F, 0x1C, 0x79, 0xE3, 0xFE, 0x3F, 0xE1, 0x80, 0x00, 0x70, 0x0E,
    0x01, 0xC0, 0x70, 0x00, 0x00, 0x0E, 0x1F, 0x87, 0xE1, 0xF8, 0x7E, 0x1F, 0x87, 0xE1, 0xF8, 0x7E,
    0x1F, 0x87, 0xF3, 0xDF, 0xE3, 0xF0, 0x03, 0x01, 0xC0, 0xE0, 0x70, 0x00, 0x00, 0x0E, 0x1F, 0x87,
    0xE1, 0xF8, 0x7E, 0x1F, 0x87, 0xE1, 0xF8, 0x7E, 0x1F, 0x87, 0xF3, 0xDF, 0xE3, 0xF0, 0x1C, 0x07,
    0x83, 0xF1, 0xCE, 0x00, 0x00, 0x0E, 0x1F, 0x87, 0xE1, 0xF8, 0x7E, 0x1F, 0x87, 0xE1, 0xF8, 0x7E,
    0x1F, 0x87, 0xF3, 0xDF, 0xE3, 0xF0, 0x73, 0x9C, 0xE7, 0x38, 0x00, 0x00, 0x38, 0x7E, 0x1F, 0x87,
    0xE1, 0xF8, 0x7E, 0x1F, 0x87, 0xE1, 0xF8, 0x7E, 0x1F, 0xCF, 0x7F, 0x8F, 0xC0, 0x01, 0x80, 0x38,
    0x07, 0x00, 0xE0, 0x00, 0x00, 0x00, 0xE0, 0x7E, 0x0E, 0x70, 0xE7, 0x0E, 0x39, 0xC3, 0x9C, 0x39,
    0xC1, 0xF8, 0x1F, 0x80, 0xF0, 0x0F, 0x00, 0xF0, 0x0E, 0x00, 0xE0, 0x0E, 0x01, 0xC0, 0x1C, 0x00,
    0xC0, 0x30, 0x0C, 0x03, 0x00, 0xDF, 0x3F, 0xEF, 0x3F, 0x87, 0xE1, 0xF0, 0x7C, 0x1F, 0x07, 0xE1,
    0xF8, 0x7F, 0x3F, 0xFE, 0xDF, 0x30, 0x0C, 0x03, 0x00, 0xC0, 0x00, 0x39, 0xC3, 0x9C, 0x39, 0xC0,
    0x00, 0x00, 0x0E, 0x07, 0xE0, 0xE7, 0x0E, 0x70, 0xE3, 0x9C, 0x39, 0xC3, 0x9C, 0x1F, 0x81, 0xF8,
    0x0F, 0x00, 0xF0, 0x0F, 0x00, 0xE0, 0x0E, 0x00, 0xE0, 0x1C, 0x01, 0xC0, 0x3F, 0xC3, 0xFC, 0x00,
    0x00, 0x00, 0x0F, 0x00, 0xF0, 0x1F, 0x01, 0xF8, 0x1F, 0x81, 0xB8, 0x39, 0x83, 0x9C, 0x39, 0xC3,
    0x9C, 0x70, 0xC7, 0xFE, 0x7F, 0xE7, 0x0E, 0xE0, 0x6E, 0x07, 0xE0, 0x70, 0x3F, 0xC7, 0xF8, 0x00,
    0x00, 0x00, 0x00, 0x3F, 0x1F, 0xF3, 0x8F, 0x60, 0xE0, 0x1C, 0xFF, 0xBF, 0xFF, 0x0F, 0xC1, 0xF8,
    0x3F, 0x8F, 0x7F, 0xE7, 0xFC, 0x30, 0xC3, 0x9C, 0x3F, 0x81, 0xF0, 0x00, 0x00, 0x00, 0x0F, 0x00,
    0xF0, 0x1F, 0x01, 0xF8, 0x1F, 0x81, 0xB8, 0x39, 0x83, 0x9C, 0x39, 0xC3, 0x9C, 0x70, 0xC7, 0xFE,
    0x7F, 0xE7, 0x0E, 0xE0, 0x6E, 0x07, 0xE0, 0x70, 0x30, 0xC7, 0x38, 0x7F, 0x0F, 0xC0, 0x00, 0x00,
    0x07, 0xE3, 0xFE, 0x71, 0xEC, 0x1C, 0x03, 0x9F, 0xF7, 0xFF, 0xE1, 0xF8, 0x3F, 0x07, 0xF1, 0xEF,
    0xFC, 0xFF, 0x80, 0x0F, 0x00, 0x78, 0x07, 0xC0, 0x3F, 0x01, 0xF8, 0x0D, 0xC0, 0xE6, 0x07, 0x38,
    0x39, 0xC1, 0xCE, 0x1C, 0x30, 0xFF, 0xC7, 0xFE, 0x38, 0x73, 0x81, 0x9C, 0x0E, 0xE0, 0x70, 0x07,
    0x00, 0x30, 0x01, 0xC0, 0x0F, 0x80, 0x7C, 0x1F, 0x87, 0xFC, 0x71, 0xE6, 0x0E, 0x00, 0xE3, 0xFE,
    0x7F, 0xEF, 0x0E, 0xE0, 0xEE, 0x0E, 0xF1, 0xE7, 0xFE, 0x3F, 0xE0, 0x0C, 0x01, 0xC0, 0x1C, 0x01,
    0xF0, 0x0F, 0x03, 0x01, 0xC0, 0xE0, 0x38, 0x00, 0x00, 0x03, 0xF1, 0xFE, 0xF3, 0xF8, 0x7E, 0x0F,
    0x80, 0xE0, 0x38, 0x0E, 0x03, 0x80, 0xE0, 0x38, 0x0E, 0x0F, 0x87, 0xF3, 0xDF, 0xE3, 0xF0, 0x03,
    0x00, 0xE0, 0x38, 0x07, 0x00, 0x00, 0x00, 0x0F, 0xC3, 0xFC, 0xF3, 0xDC, 0x3B, 0x83, 0x60, 0x0C,
    0x01, 0x80, 0x38, 0x37, 0x0E, 0xF3, 0xCF, 0xF0, 0xFC, 0x00, 0x0C, 0x07, 0x83, 0xF1, 0xCE, 0x00,
    0x00, 0x03, 0xF1, 0xFE, 0xF3, 0xF8, 0x7E, 0x0F, 0x80, 0xE0, 0x38, 0x0E, 0x03, 0x80, 0xE0, 0x38,
    0x0E, 0x0F, 0x87, 0xF3, 0xDF, 0xE3, 0xF0, 0x0E, 0x03, 0xC0, 0xFC, 0x39, 0xC0, 0x00, 0x00, 0x0F,
    0xC3, 0xFC, 0xF3, 0xDC, 0x3B, 0x83, 0x60, 0x0C, 0x01, 0x80, 0x38, 0x37, 0x0E, 0xF3, 0xCF, 0xF0,
    0xFC, 0x00, 0x1E, 0x07, 0x81, 0xE0, 0x00, 0x00, 0x0F, 0xC7, 0xFB, 0xCF, 0xE1, 0xF8, 0x3E, 0x03,
    0x80, 0xE0, 0x38, 0x0E, 0x03, 0x80, 0xE0, 0x38, 0x3E, 0x1F, 0xCF, 0x7F, 0x8F, 0xC0, 0x1E, 0x03,
    0xC0, 0x78, 0x00, 0x00, 0x00, 0x7E, 0x1F, 0xE7, 0x9E, 0xE1, 0xDC, 0x1B, 0x00, 0x60, 0x0C, 0x01,
    0xC1, 0xB8, 0x77, 0x9E, 0x7F, 0x87, 0xE0, 0x73, 0x9F, 0xE3, 0xF0, 0x78, 0x00, 0x00, 0x03, 0xF1,
    0xFE, 0xF3, 0xF8, 0x7E, 0x0F, 0x80, 0xE0, 0x38, 0x0E, 0x03, 0x80, 0xE0, 0x38, 0x0E, 0x0F, 0x87,
    0xF3, 0xDF, 0xE3, 0xF0, 0x73, 0x8F, 0xF0, 0xFC, 0x0F, 0x00, 0x00, 0x00, 0x0F, 0xC3, 0xFC, 0xF3,
    0xDC, 0x3B, 0x83, 0x60, 0x0C, 0x01, 0x80, 0x38, 0x37, 0x0E, 0xF3, 0xCF, 0xF0, 0xFC, 0x00, 0x73,
    0x9D, 0xE3, 0xF0, 0x78, 0x00, 0x00, 0x0F, 0xF3, 0xFE, 0xE3, 0xF8, 0x7E, 0x1F, 0x87, 0xE1, 0xF8,
    0x7E, 0x1F, 0x87, 0xE1, 0xF8, 0x7E, 0x1F, 0x87, 0xE3, 0xFF, 0xEF, 0xF0, 0x01, 0xD8, 0x0F, 0xC0,
    0x7E, 0x03, 0xF3, 0xFC, 0x3F, 0xE3, 0xCF, 0x1C, 0x38, 0xE1, 0xC7, 0x0E, 0x38, 0x71, 0xC3, 0x8E,
    0x1C, 0x70, 0xE3, 0xCF, 0x0F, 0xF8, 0x3F, 0xC0, 0x3F, 0xC3, 0xFE, 0x38, 0xF3, 0x87, 0x38, 0x73,
    0x87, 0x38, 0x7F, 0xE7, 0xFE, 0x73, 0x87, 0x38, 0x73, 0x87, 0x38, 0x73, 0x87, 0x38, 0xF3, 0xFE,
    0x3F, 0xC0, 0x01, 0xC0, 0x1C, 0x1F, 0xF1, 0xFF, 0x01, 0xC3, 0xFC, 0x7F, 0xCF, 0x3C, 0xE1, 0xCE,
    0x1C, 0xE1, 0xCE, 0x1C, 0xE1, 0xCE, 0x1C, 0xF3, 0xC7, 0xFC, 0x3F, 0xC0, 0x7F, 0x9F, 0xE0, 0x00,
    0x00, 0xFF, 0xFF, 0xFE, 0x03, 0x80, 0xE0, 0x38, 0x0E, 0x03, 0xFF, 0xFF, 0xF8, 0x0E, 0x03, 0x80,
    0xE0, 0x38, 0x0E, 0x03, 0xFF, 0xFF, 0xC0, 0x3F, 0xC7, 0xF8, 0x00, 0x00, 0x00, 0x00, 0x3F, 0x0F,
    0xF3, 0xCF, 0x70, 0xEC, 0x1D, 0xFF, 0xBF, 0xF6, 0x00, 0xC0, 0x1C, 0x3B, 0xCF, 0x3F, 0xC3, 0xF0,
    0x61, 0x9C, 0xE3, 0xF8, 0x7C, 0x00, 0x00, 0x0F, 0xFF, 0xFF, 0xE0, 0x38, 0x0E, 0x03, 0x80, 0xE0,
    0x3F, 0xFF, 0xFF, 0x80, 0xE0, 0x38, 0x0E, 0x03, 0x80, 0xE0, 0x3F, 0xFF, 0xFC, 0x30, 0xC7, 0x38,
    0xFE, 0x0F, 0x80, 0x00, 0x00, 0x07, 0xE1, 0xFE, 0x79, 0xEE, 0x1D, 0x83, 0xBF, 0xF7, 0xFE, 0xC0,
    0x18, 0x03, 0x87, 0x79, 0xE7, 0xF8, 0x7E, 0x00, 0x1E, 0x07, 0x81, 0xE0, 0x00, 0x00, 0x3F, 0xFF,
    0xFF, 0x80, 0xE0, 0x38, 0x0E, 0x03, 0x80, 0xFF, 0xFF, 0xFE, 0x03, 0x80, 0xE0, 0x38, 0x0E, 0x03,
    0x80, 0xFF, 0xFF, 0xF0, 0x0F, 0x01, 0xE0, 0x3C, 0x00, 0x00, 0x00, 0x3F, 0x0F, 0xF3, 0xCF, 0x70,
    0xEC, 0x1D, 0xFF, 0xBF, 0xF6, 0x00, 0xC0, 0x1C, 0x3B, 0xCF, 0x3F, 0xC3, 0xF0, 0xFF, 0xDF, 0xFB,
    0x80, 0x70, 0x0E, 0x01, 0xC0, 0x38, 0x07, 0xFE, 0xFF, 0xDC, 0x03, 0x80, 0x70, 0x0E, 0x01, 0xC0,
    0x38, 0x07, 0xFE, 0xFF, 0xC0, 0x70, 0x1C, 0x03, 0x80, 0x7C, 0x07, 0x80, 0x3F, 0x1F, 0xEF, 0x3F,
    0x87, 0xC1, 0xFF, 0xFF, 0xFF, 0x00, 0xC0, 0x38, 0x7F, 0x3D, 0xFE, 0x3F, 0x03, 0x80, 0xC0, 0x78,
    0x0F, 0x80, 0xC0, 0x73, 0x9E, 0xE3, 0xF0, 0x78, 0x00, 0x00, 0x0F, 0xFF, 0xFF, 0xE0, 0x38, 0x0E,
    0x03, 0x80, 0xE0, 0x3F, 0xFF, 0xFF, 0x80, 0xE0, 0x38, 0x0E, 0x03, 0x80, 0xE0, 0x3F, 0xFF, 0xFC,
    0x39, 0xC7, 0x78, 0x7E, 0x07, 0x80, 0x00, 0x00, 0x07, 0xE1, 0xFE, 0x79, 0xEE, 0x1D, 0x83, 0xBF,
    0xF7, 0xFE, 0xC0, 0x18, 0x03, 0x87, 0x79, 0xE7, 0xF8, 0x7E, 0x00, 0x1C, 0x07, 0x83, 0xF1, 0xCE,
    0x00, 0x00, 0x03, 0xF1, 0xFE, 0xF3, 0xF8, 0x7E, 0x1F, 0x00, 0xC0, 0x30, 0x0C, 0xFF, 0x3F, 0xC1,
    0xF0, 0x7E, 0x1F, 0x87, 0xF3, 0xDF, 0xE3, 0xF0, 0x1C, 0x0F, 0x83, 0xF1, 0xCE, 0x00, 0x00, 0x07,
    0xFD, 0xFF, 0xF3, 0xF8, 0x7C, 0x1F, 0x07, 0xC1, 0xF0, 0x7E, 0x1F, 0xCF, 0x7F, 0xDF, 0xF0, 0x1C,
    0x07, 0x03, 0xDF, 0xE7, 0xF0, 0x61, 0x9C, 0xE7, 0xF0, 0xF8, 0x00, 0x00, 0x03, 0xF1, 0xFE, 0xF3,
    0xF8, 0x7E, 0x1F, 0x00, 0xC0, 0x30, 0x0C, 0xFF, 0x3F, 0xC1, 0xF0, 0x7E, 0x1F, 0x87, 0xF3, 0xDF,
    0xE3, 0xF0, 0x61, 0x9C, 0xE7, 0xF0, 0xF8, 0x00, 0x00, 0x07, 0xFD, 0xFF, 0xF3, 0xF8, 0x7C, 0x1F,
    0x07, 0xC1, 0xF0, 0x7E, 0x1F, 0xCF, 0x7F, 0xDF, 0xF0, 0x1C, 0x07, 0x03, 0xDF, 0xE7, 0xF0, 0x1E,
    0x07, 0x81, 0xE0, 0x00, 0x00, 0x0F, 0xC7, 0xFB, 0xCF, 0xE1, 0xF8, 0x7C, 0x03, 0x00, 0xC0, 0x33,
    0xFC, 0xFF, 0x07, 0xC1, 0xF8, 0x7E, 0x1F, 0xCF, 0x7F, 0x8F, 0xC0, 0x1E, 0x07, 0x81, 0xE0, 0x00,
    0x00, 0x1F, 0xF7, 0xFF, 0xCF, 0xE1, 0xF0, 0x7C, 0x1F, 0x07, 0xC1, 0xF8, 0x7F, 0x3D, 0xFF, 0x7F,
    0xC0, 0x70, 0x1C, 0x0F, 0x7F, 0x9F, 0xC0, 0x3F, 0x1F, 0xEF, 0x3F, 0x87, 0xE1, 0xF0, 0x0C, 0x03,
    0x00, 0xCF, 0xF3, 0xFC, 0x1F, 0x07, 0xE1, 0xF8, 0x7F, 0x3D, 0xFE, 0x3F, 0x00, 0x00, 0x00, 0x38,
    0x0E, 0x07, 0x03, 0x80, 0x07, 0x01, 0xC0, 0xE0, 0x38, 0x1E, 0x07, 0x00, 0x00, 0x00, 0x7F, 0xDF,
    0xFF, 0x3F, 0x87, 0xC1, 0xF0, 0x7C, 0x1F, 0x07, 0xE1, 0xFC, 0xF7, 0xFD, 0xFF, 0x01, 0xC0, 0x70,
    0x3D, 0xFE, 0x7F, 0x00, 0x1C, 0x07, 0x83, 0xF1, 0xCE, 0x00, 0x00, 0x0E, 0x1F, 0x87, 0xE1, 0xF8,
    0x7E, 0x1F, 0x87, 0xE1, 0xFF, 0xFF, 0xFF, 0x87, 0xE1, 0xF8, 0x7E, 0x1F, 0x87, 0xE1, 0xF8, 0x7E,
    0x1C, 0x0E, 0x00, 0x78, 0x03, 0xF0, 0x1C, 0xE0, 0x00, 0x00, 0x00, 0x00, 0xE0, 0x03, 0x80, 0x0E,
    0x00, 0x38, 0x00, 0xFF, 0x03, 0xFE, 0x0F, 0x3C, 0x38, 0x70, 0xE1, 0xC3, 0x87, 0x0E, 0x1C, 0x38,
    0x70, 0xE1, 0xC3, 0x87, 0x0E, 0x1C, 0x38, 0x70, 0xE1, 0xC0, 0x38, 0x70, 0xE1, 0xC3, 0x87, 0x3F,
    0xFF, 0xFF, 0xFC, 0xE1, 0xC3, 0x87, 0x0F, 0xFC, 0x3F, 0xF0, 0xE1, 0xC3, 0x87, 0x0E, 0x1C, 0x38,
    0x70, 0xE1, 0xC3, 0x87, 0x0E, 0x1C, 0x38, 0x70, 0x38, 0x03, 0x80, 0xFF, 0x0F, 0xF0, 0x38, 0x03,
    0xFC, 0x3F, 0xE3, 0xCF, 0x38, 0x73, 0x87, 0x38, 0x73, 0x87, 0x38, 0x73, 0x87, 0x38, 0x73, 0x87,
    0x38, 0x70, 0x00, 0x1E, 0x67, 0xF9, 0xBC, 0x62, 0x00, 0x0F, 0xFF, 0xFF, 0x1C, 0x07, 0x01, 0xC0,
    0x70, 0x1C, 0x07, 0x01, 0xC0, 0x70, 0x1C, 0x07, 0x01, 0xC0, 0x70, 0x1C, 0x3F, 0xFF, 0xFC, 0x00,
    0x01, 0xEC, 0x3F, 0xC3, 0x3C, 0x11, 0x80, 0x00, 0x7F, 0x07, 0xF0, 0x07, 0x00, 0x70, 0x07, 0x00,
    0x70, 0x07, 0x00, 0x70, 0x07, 0x00, 0x70, 0x07, 0x07, 0xFF, 0x7F, 0xF0, 0x7F, 0x9F, 0xE0, 0x00,
    0x00, 0xFF, 0xFF, 0xF1, 0xC0, 0x70, 0x1C, 0x07, 0x01, 0xC0, 0x70, 0x1C, 0x07, 0x01, 0xC0, 0x70,
    0x1C, 0x07, 0x01, 0xC3, 0xFF, 0xFF, 0xC0, 0x3F, 0xC3, 0xFC, 0x00, 0x00, 0x00, 0x00, 0x07, 0xF0,
    0x7F, 0x00, 0x70, 0x07, 0x00, 0x70, 0x07, 0x00, 0x70, 0x07, 0x00, 0x70, 0x07, 0x00, 0x70, 0x7F,
    0xF7, 0xFF, 0x61, 0x9C, 0xE7, 0xF0, 0xF8, 0x00, 0x00, 0x0F, 0xFF, 0xFF, 0x1C, 0x07, 0x01, 0xC0,
    0x70, 0x1C, 0x07, 0x01, 0xC0, 0x70, 0x1C, 0x07, 0x01, 0xC0, 0x70, 0x1C, 0x3F, 0xFF, 0xFC, 0x30,
    0xC3, 0x9C, 0x1F, 0xC0, 0xF8, 0x00, 0x00, 0x00, 0x7F, 0x07, 0xF0, 0x07, 0x00, 0x70, 0x07, 0x00,
    0x70, 0x07, 0x00, 0x70, 0x07, 0x00, 0x70, 0x07, 0x07, 0xFF, 0x7F, 0xF0, 0xFF, 0xFF, 0xF1, 0xC0,
    0x70, 0x1C, 0x07, 0x01, 0xC0, 0x70, 0x1C, 0x07, 0x01, 0xC0, 0x70, 0x1C, 0x07, 0x01, 0xC3, 0xFF,
    0xFF, 0xC7, 0x03, 0x80, 0xE0, 0x3E, 0x07, 0x80, 0x07, 0x00, 0xF0, 0x07, 0x00, 0x00, 0x00, 0x07,
    0xF0, 0x7F, 0x00, 0x70, 0x07, 0x00, 0x70, 0x07, 0x00, 0x70, 0x07, 0x00, 0x70, 0x07, 0x00, 0x70,
    0x7F, 0xF7, 0xFF, 0x0E, 0x00, 0xC0, 0x1C, 0x01, 0xF8, 0x0F, 0x80, 0x1E, 0x07, 0x81, 0xE0, 0x00,
    0x00, 0x3F, 0xFF, 0xFC, 0x70, 0x1C, 0x07, 0x01, 0xC0, 0x70, 0x1C, 0x07, 0x01, 0xC0, 0x70, 0x1C,
    0x07, 0x01, 0xC0, 0x70, 0xFF, 0xFF, 0xF0, 0x7F, 0x07, 0xF0, 0x07, 0x00, 0x70, 0x07, 0x00, 0x70,
    0x07, 0x00, 0x70, 0x07, 0x00, 0x70, 0x07, 0x07, 0xFF, 0x7F, 0xF0, 0xFE, 0x3F, 0xF1, 0xCE, 0x0E,
    0x70, 0x73, 0x83, 0x9C, 0x1C, 0xE0, 0xE7, 0x07, 0x38, 0x3F, 0xF1, 0xFF, 0x8E, 0x00, 0x71, 0x83,
    0x8E, 0x1C, 0x79, 0xE3, 0xFE, 0x07, 0xE0, 0x70, 0xEE, 0x3D, 0xC3, 0x80, 0x00, 0x00, 0xE1, 0xDC,
    0x3B, 0x87, 0x70, 0xEE, 0x1D, 0xC3, 0xB8, 0x77, 0x0E, 0xE1, 0xDC, 0x3B, 0x87, 0x70, 0xEE, 0x1C,
    0x03, 0x80, 0xE7, 0xFC, 0xFE, 0x00, 0x00, 0xE0, 0x07, 0xC0, 0x3F, 0x81, 0xCF, 0x00, 0x00, 0x00,
    0x00, 0x0E, 0x00, 0x38, 0x00, 0xE0, 0x03, 0x80, 0x0E, 0x00, 0x38, 0x00, 0xE0, 0x03, 0x80, 0x0E,
    0x00, 0x38, 0x00, 0xE0, 0x03, 0x8E, 0x0E, 0x38, 0x38, 0xF1, 0xC1, 0xFF, 0x03, 0xF0, 0x00, 0x03,
    0x80, 0x7C, 0x0F, 0xE0, 0xE7, 0x00, 0x00, 0x00, 0x7F, 0x87, 0xF8, 0x01, 0x80, 0x18, 0x01, 0x80,
    0x18, 0x01, 0x80, 0x18, 0x01, 0x80, 0x18, 0x01, 0x80, 0x18, 0x03, 0x80, 0x38, 0x07, 0x87, 0xF0,
    0x7E, 0x00, 0xE0, 0xFC, 0x3B, 0x87, 0x71, 0xCE, 0x39, 0xCE, 0x39, 0xC7, 0xF0, 0xFE, 0x1D, 0xE3,
    0x9C, 0x73, 0xCE, 0x39, 0xC7, 0xB8, 0x77, 0x0F, 0xE0, 0xE0, 0x00, 0x00, 0x07, 0x00, 0xE0, 0x38,
    0x0E, 0x00, 0xE0, 0x1C, 0x03, 0x80, 0x70, 0x0E, 0x1F, 0xC3, 0xB8, 0xE7, 0x3C, 0xE7, 0x1F, 0xC3,
    0xF8, 0x73, 0x8E, 0x79, 0xC7, 0x38, 0xF7, 0x0E, 0xE0, 0xE0, 0x00, 0x00, 0x07, 0x00, 0xE0, 0x38,
    0x0E, 0x00, 0xE0, 0xFC, 0x3B, 0x8E, 0x71, 0xCE, 0x71, 0xFC, 0x3F, 0x87, 0x38, 0xE7, 0x9C, 0x73,
    0x87, 0x70, 0xEE, 0x0E, 0x18, 0x07, 0x01, 0xC0, 0x38, 0x00, 0x00, 0x00, 0x18, 0x03, 0x00, 0x60,
    0x0C, 0x01, 0x80, 0x30, 0x06, 0x00, 0xC0, 0x18, 0x03, 0x00, 0x60, 0x0C, 0x01, 0x80, 0x30, 0x06,
    0x00, 0xFF, 0xDF, 0xF8, 0x03, 0x80, 0x3C, 0x01, 0xC0, 0x1C, 0x00, 0x00, 0x00, 0x03, 0xFC, 0x1F,
    0xE0, 0x07, 0x00, 0x38, 0x01, 0xC0, 0x0E, 0x00, 0x70, 0x03, 0x80, 0x1C, 0x00, 0xE0, 0x07, 0x00,
    0x38, 0x01, 0xC0, 0x0E, 0x00, 0x70, 0x03, 0xFC, 0x0F, 0xE0, 0x60, 0x0C, 0x01, 0x80, 0x30, 0x06,
    0x00, 0xC0, 0x18, 0x03, 0x00, 0x60, 0x0C, 0x01, 0x80, 0x30, 0x06, 0x00, 0xC0, 0x18, 0x03, 0xFF,
    0x7F, 0xE0, 0x00, 0x00, 0x03, 0x80, 0xF0, 0x1C, 0x07, 0x00, 0xFF, 0x07, 0xF8, 0x01, 0xC0, 0x0E,
    0x00, 0x70, 0x03, 0x80, 0x1C, 0x00, 0xE0, 0x07, 0x00, 0x38, 0x01, 0xC0, 0x0E, 0x00, 0x70, 0x03,
    0x80, 0x1C, 0x00, 0xFF, 0x03, 0xF8, 0x00, 0x00, 0x00, 0x03, 0x80, 0x38, 0x03, 0x80, 0x1C, 0x00,
    0x63, 0x8C, 0x61, 0x8C, 0x31, 0x86, 0x00, 0xC0, 0x18, 0x03, 0x00, 0x60, 0x0C, 0x01, 0x80, 0x30,
    0x06, 0x00, 0xC0, 0x18, 0x03, 0xFF, 0x7F, 0xE0, 0xFF, 0x77, 0xFB, 0x81, 0xDC, 0x0E, 0xE0, 0x70,
    0x03, 0x80, 0x1C, 0x00, 0xE0, 0x07, 0x00, 0x38, 0x01, 0xC0, 0x0E, 0x00, 0x70, 0x03, 0x80, 0x1C,
    0x00, 0xFF, 0x03, 0xF8, 0x60, 0x0C, 0x01, 0x80, 0x30, 0x06, 0x00, 0xC0, 0x18, 0x03, 0x0E, 0x61,
    0xEC, 0x3D, 0x87, 0x30, 0x06, 0x00, 0xC0, 0x18, 0x03, 0xFF, 0x7F, 0xE0, 0xFE, 0x01, 0xFC, 0x00,
    0x38, 0x00, 0x70, 0x00, 0xE0, 0x01, 0xC0, 0x03, 0x80, 0x07, 0x0E, 0x0E, 0x3E, 0x1C, 0x7C, 0x38,
    0x70, 0x70, 0x00, 0xE0, 0x01, 0xC0, 0x03, 0x80, 0x03, 0xFC, 0x03, 0xF8, 0x18, 0x00, 0xC0, 0x06,
    0x00, 0x30, 0x01, 0x88, 0x0D, 0xC0, 0x7E, 0x03, 0xC0, 0x3C, 0x07, 0xC0, 0x3E, 0x01, 0x30, 0x01,
    0x80, 0x0C, 0x00, 0x60, 0x03, 0xFF, 0x1F, 0xF8, 0xFF, 0x07, 0xF8, 0x01, 0xC0, 0x0E, 0x00, 0x72,
    0x03, 0xF0, 0x1F, 0x80, 0xF0, 0x0F, 0x01, 0xF8, 0x0F, 0xC0, 0x4E, 0x00, 0x70, 0x03, 0x80, 0x1C,
    0x00, 0xFF, 0x03, 0xF8, 0x03, 0x01, 0xC0, 0xE0, 0x70, 0x00, 0x00, 0x0E, 0x1F, 0xC7, 0xF1, 0xFC,
    0x7F, 0x9F, 0x67, 0xD9, 0xF7, 0x7C, 0xDF, 0x3F, 0xCF, 0xF1, 0xFC, 0x7F, 0x1F, 0xC3, 0xF0, 0xFC,
    0x3C, 0x03, 0x01, 0xC0, 0xE0, 0x38, 0x00, 0x00, 0x0F, 0xF3, 0xFE, 0xF3, 0xF8, 0x7E, 0x1F, 0x87,
    0xE1, 0xF8, 0x7E, 0x1F, 0x87, 0xE1, 0xF8, 0x7E, 0x1C, 0xE1, 0xFC, 0x7F, 0x1F, 0xC7, 0xF9, 0xF6,
    0x7D, 0x9F, 0x77, 0xCD, 0xF3, 0xFC, 0xFF, 0x1F, 0xC7, 0xF1, 0xFC, 0x3F, 0x0F, 0xC3, 0xC0, 0x00,
    0x00, 0x38, 0x0E, 0x07, 0x03, 0x80, 0xFF, 0x3F, 0xEF, 0x3F, 0x87, 0xE1, 0xF8, 0x7E, 0x1F, 0x87,
    0xE1, 0xF8, 0x7E, 0x1F, 0x87, 0xE1, 0xC0, 0x00, 0x00, 0x38, 0x0E, 0x07, 0x03, 0x80, 0x73, 0x9D,
    0xE3, 0xF0, 0x78, 0x00, 0x00, 0x0E, 0x1F, 0xC7, 0xF1, 0xFC, 0x7F, 0x9F, 0x67, 0xD9, 0xF7, 0x7C,
    0xDF, 0x3F, 0xCF, 0xF1, 0xFC, 0x7F, 0x1F, 0xC3, 0xF0, 0xFC, 0x3C, 0x73, 0x9F, 0xE3, 0xF0, 0x78,
    0x00, 0x00, 0x0F, 0xF3, 0xFE, 0xF3, 0xF8, 0x7E, 0x1F, 0x87, 0xE1, 0xF8, 0x7E, 0x1F, 0x87, 0xE1,
    0xF8, 0x7E, 0x1C, 0x18, 0x01, 0xC0, 0x1C, 0x00, 0xE0, 0x00, 0x00, 0x0F, 0xF0, 0x7F, 0xC3, 0xCF,
    0x1C, 0x38, 0xE1, 0xC7, 0x0E, 0x38, 0x71, 0xC3, 0x8E, 0x1C, 0x70, 0xE3, 0x87, 0x1C, 0x38, 0xE1,
    0xC0, 0xE1, 0xFC, 0x7F, 0x1F, 0xE7, 0xF9, 0xF6, 0x7D, 0xDF, 0x37, 0xCF, 0xF3, 0xFC, 0x7F, 0x1F,
    0xC3, 0xF0, 0xFC, 0x3F, 0x07, 0xC1, 0xC0, 0x70, 0x3C, 0x7E, 0x1F, 0x00, 0xFF, 0x3F, 0xEF, 0x3F,
    0x87, 0xE1, 0xF8, 0x7E, 0x1F, 0x87, 0xE1, 0xF8, 0x7E, 0x1F, 0x87, 0xE1, 0xC0, 0x70, 0x3C, 0x7E,
    0x1F, 0x00, 0x7F, 0x9F, 0xE0, 0x00, 0x00, 0x3F, 0x1F, 0xEF, 0x3F, 0x87, 0xE1, 0xF0, 0x7C, 0x1F,
    0x07, 0xC1, 0xF0, 0x7C, 0x1F, 0x07, 0xE1, 0xF8, 0x7F, 0x3D, 0xFE, 0x3F, 0x00, 0x3F, 0xC7, 0xF8,
    0x00, 0x00, 0x00, 0x00, 0x3F, 0x0F, 0xF3, 0xCF, 0x70, 0xEC, 0x1D, 0x83, 0xB0, 0x76, 0x0E, 0xC1,
    0xDC, 0x3B, 0xCF, 0x3F, 0xC3, 0xF0, 0x61, 0x9C, 0xE7, 0xF0, 0xF8, 0x00, 0x00, 0x03, 0xF1, 0xFE,
    0xF3, 0xF8, 0x7E, 0x1F, 0x07, 0xC1, 0xF0, 0x7C, 0x1F, 0x07, 0xC1, 0xF0, 0x7E, 0x1F, 0x87, 0xF3,
    0xDF, 0xE3, 0xF0, 0x30, 0xC7, 0x38, 0xFE, 0x0F, 0x80, 0x00, 0x00, 0x07, 0xE1, 0xFE, 0x79, 0xEE,
    0x1D, 0x83, 0xB0, 0x76, 0x0E, 0xC1, 0xD8, 0x3B, 0x87, 0x79, 0xE7, 0xF8, 0x7E, 0x00, 0x1D, 0xC7,
    0x71, 0xDC, 0x00, 0x00, 0x00, 0x7E, 0x1F, 0xE7, 0x9E, 0xE1, 0xDC, 0x3B, 0x07, 0x60, 0xEC, 0x1D,
    0x83, 0xB0, 0x76, 0x0E, 0xC1, 0xDC, 0x3B, 0x87, 0x79, 0xE7, 0xF8, 0x7E, 0x00, 0x0E, 0xE1, 0xDC,
    0x3B, 0x80, 0x00, 0x00, 0x01, 0xF8, 0x3F, 0xC7, 0x9E, 0x70, 0xE6, 0x0E, 0x60, 0xE6, 0x0E, 0x60,
    0xE6, 0x0E, 0x70, 0xE7, 0x9E, 0x3F, 0xC1, 0xF8, 0x3F, 0xFD, 0xFF, 0xF7, 0x3C, 0x18, 0x70, 0x61,
    0xC1, 0x87, 0x06, 0x1C, 0x18, 0x7E, 0x61, 0xF9, 0x87, 0x06, 0x1C, 0x18, 0x70, 0x61, 0xC1, 0x87,
    0x07, 0x3C, 0x1F, 0xFF, 0x3F, 0xFC, 0x3D, 0xF3, 0xFF, 0xDD, 0xEF, 0xCE, 0x3E, 0x31, 0xF1, 0xFF,
    0x8F, 0xFC, 0x60, 0xE3, 0x07, 0x38, 0xDD, 0xEE, 0xFF, 0xF3, 0xDF, 0x00, 0x03, 0x00, 0xE0, 0x38,
    0x0E, 0x00, 0x00, 0x00, 0x3F, 0xC7, 0xFC, 0xE3, 0xDC, 0x3B, 0x83, 0xF0, 0x7E, 0x1D, 0xC7, 0xBF,
    0xE7, 0xF8, 0xE7, 0x1C, 0xE3, 0x8E, 0x71, 0xCE, 0x1D, 0xC3, 0xB8, 0x38, 0x03, 0x80, 0xE0, 0x1C,
    0x07, 0x00, 0x00, 0x00, 0x3B, 0xE7, 0xFE, 0xF1, 0xDC, 0x1B, 0x83, 0xF0, 0x7E, 0x01, 0xC0, 0x38,
    0x07, 0x00, 0xE0, 0x1C, 0x03, 0x80, 0x00, 0xFF, 0x1F, 0xF3, 0x8F, 0x70, 0xEE, 0x0F, 0xC1, 0xF8,
    0x77, 0x1E, 0xFF, 0x9F, 0xE3, 0x9C, 0x73, 0x8E, 0x39, 0xC7, 0x38, 0x77, 0x0E, 0xE0, 0xE0, 0x00,
    0x00, 0x07, 0x00, 0xE0, 0x38, 0x0E, 0x00, 0x3B, 0xE1, 0xFF, 0x8F, 0x1C, 0x70, 0x63, 0x83, 0x9C,
    0x1C, 0xE0, 0x07, 0x00, 0x38, 0x01, 0xC0, 0x0E, 0x00, 0x70, 0x03, 0x80, 0x00, 0x00, 0x00, 0x03,
    0x00, 0x38, 0x03, 0x80, 0x1C, 0x00, 0x73, 0x8E, 0xF0, 0xFC, 0x0F, 0x00, 0x00, 0x00, 0x3F, 0xC7,
    0xFC, 0xE3, 0xDC, 0x3B, 0x83, 0xF0, 0x7E, 0x1D, 0xC7, 0xBF, 0xE7, 0xF8, 0xE7, 0x1C, 0xE3, 0x8E,
    0x71, 0xCE, 0x1D, 0xC3, 0xB8, 0x38, 0x71, 0xC7, 0x70, 0x7C, 0x0F, 0x00, 0x00, 0x00, 0x3B, 0xE7,
    0xFE, 0xF1, 0xDC, 0x1B, 0x83, 0xF0, 0x7E, 0x01, 0xC0, 0x38, 0x07, 0x00, 0xE0, 0x1C, 0x03, 0x80,
    0x00, 0x01, 0x80, 0x38, 0x07, 0x00, 0xE0, 0x00, 0x00, 0x00, 0x1F, 0x83, 0xFC, 0x79, 0xE7, 0x0E,
    0x70, 0xE7, 0x00, 0x78, 0x03, 0xF0, 0x1F, 0xC0, 0x3E, 0x00, 0xE0, 0x06, 0xE0, 0x6E, 0x0E, 0x79,
    0xE7, 0xFC, 0x1F, 0x80, 0x01, 0x80, 0x70, 0x1C, 0x07, 0x00, 0x00, 0x00, 0x0F, 0xE3, 0xFE, 0x70,
    0xEE, 0x1D, 0xC0, 0x3F, 0xC3, 0xFC, 0x0F, 0xC0, 0x3B, 0x07, 0x70, 0xEF, 0xFC, 0xFF, 0x00, 0x0E,
    0x00, 0xF0, 0x1F, 0x83, 0x9C, 0x00, 0x00, 0x00, 0x1F, 0x83, 0xFC, 0x79, 0xE7, 0x0E, 0x70, 0xE7,
    0x00, 0x78, 0x03, 0xF0, 0x1F, 0xC0, 0x3E, 0x00, 0xE0, 0x06, 0xE0, 0x6E, 0x0E, 0x79, 0xE7, 0xFC,
    0x1F, 0x80, 0x0E, 0x01, 0xE0, 0x7E, 0x1C, 0xE0, 0x00, 0x00, 0x0F, 0xE3, 0xFE, 0x70, 0xEE, 0x1D,
    0xC0, 0x3F, 0xC3, 0xFC, 0x0F, 0xC0, 0x3B, 0x07, 0x70, 0xEF, 0xFC, 0xFF, 0x00, 0x1F, 0x83, 0xFC,
    0x79, 0xE7, 0x0E, 0x70, 0xE7, 0x00, 0x78, 0x03, 0xF0, 0x1F, 0xC0, 0x3E, 0x00, 0xE0, 0x06, 0xE0,
    0x6E, 0x0E, 0x79, 0xE7, 0xFC, 0x1F, 0x80, 0xE0, 0x0F, 0x00, 0x38, 0x1F, 0x81, 0xF0, 0x3F, 0x8F,
    0xF9, 0xC3, 0xB8, 0x77, 0x00, 0xFF, 0x0F, 0xF0, 0x3F, 0x00, 0xEC, 0x1D, 0xC3, 0xBF, 0xF3, 0xFC,
    0x1C, 0x03, 0xE0, 0x1C, 0x0F, 0x81, 0xE0, 0x39, 0xC3, 0xBC, 0x1F, 0x80, 0xF0, 0x00, 0x00, 0x00,
    0x1F, 0x83, 0xFC, 0x79, 0xE7, 0x0E, 0x70, 0xE7, 0x00, 0x78, 0x03, 0xF0, 0x1F, 0xC0, 0x3E, 0x00,
    0xE0, 0x06, 0xE0, 0x6E, 0x0E, 0x79, 0xE7, 0xFC, 0x1F, 0x80, 0x39, 0xC7, 0x78, 0x7E, 0x07, 0x80,
    0x00, 0x00, 0x0F, 0xE3, 0xFE, 0x70, 0xEE, 0x1D, 0xC0, 0x3F, 0xC3, 0xFC, 0x0F, 0xC0, 0x3B, 0x07,
    0x70, 0xEF, 0xFC, 0xFF, 0x00, 0xFF, 0xFF, 0xFF, 0x0E, 0x00, 0xE0, 0x0E, 0x00, 0xE0, 0x0E, 0x00,
    0xE0, 0x0E, 0x00, 0xE0, 0x0E, 0x00, 0xE0, 0x0E, 0x00, 0xE0, 0x0E, 0x00, 0xE0, 0x0E, 0x00, 0x60,
    0x07, 0x80, 0x1C, 0x0F, 0xC0, 0xF8, 0x1C, 0x03, 0x80, 0x70, 0x0E, 0x0F, 0xFF, 0xFF, 0xC7, 0x00,
    0xE0, 0x1C, 0x03, 0x80, 0x70, 0x0E, 0x01, 0xC0, 0x38, 0x07, 0x00, 0x7F, 0x07, 0xE0, 0xE0, 0x1F,
    0x00, 0xE0, 0x7C, 0x0F, 0x00, 0x39, 0xC3, 0xBC, 0x1F, 0x80, 0xF0, 0x00, 0x00, 0x00, 0xFF, 0xFF,
    0xFF, 0x0E, 0x00, 0xE0, 0x0E, 0x00, 0xE0, 0x0E, 0x00, 0xE0, 0x0E, 0x00, 0xE0, 0x0E, 0x00, 0xE0,
    0x0E, 0x00, 0xE0, 0x0E, 0x00, 0xE0, 0x0E, 0x00, 0x01, 0xC0, 0x38, 0x77, 0x0E, 0xE1, 0xC0, 0x38,
    0x3F, 0xFF, 0xFF, 0x1C, 0x03, 0x80, 0x70, 0x0E, 0x01, 0xC0, 0x38, 0x07, 0x00, 0xE0, 0x1E, 0x01,
    0xFC, 0x1F, 0x80, 0xFF, 0xFF, 0xFF, 0x0E, 0x00, 0xE0, 0x0E, 0x00, 0xE0, 0x0E, 0x00, 0xE0, 0x7F,
    0xE7, 0xFE, 0x0E, 0x00, 0xE0, 0x0E, 0x00, 0xE0, 0x0E, 0x00, 0xE0, 0x0E, 0x00, 0x1C, 0x03, 0x80,
    0x70, 0x0E, 0x0F, 0xFF, 0xFF, 0xC7, 0x00, 0xE0, 0x1C, 0x03, 0x81, 0xFF, 0x3F, 0xE1, 0xC0, 0x38,
    0x07, 0x00, 0x7F, 0x07, 0xE0, 0x00, 0x1E, 0x67, 0xF9, 0xBC, 0x62, 0x00, 0x0E, 0x1F, 0x87, 0xE1,
    0xF8, 0x7E, 0x1F, 0x87, 0xE1, 0xF8, 0x7E, 0x1F, 0x87, 0xE1, 0xF8, 0x7E, 0x1F, 0x87, 0xF3, 0xDF,
    0xE3, 0xF0, 0x00, 0x1E, 0x67, 0xF9, 0xBC, 0x62, 0x00, 0x0E, 0x1F, 0x87, 0xE1, 0xF8, 0x7E, 0x1F,
    0x87, 0xE1, 0xF8, 0x7E, 0x1F, 0x87, 0xF3, 0xDF, 0xE3, 0xF0, 0x7F, 0x9F, 0xE0, 0x00, 0x00, 0xE1,
    0xF8, 0x7E, 0x1F, 0x87, 0xE1, 0xF8, 0x7E, 0x1F, 0x87, 0xE1, 0xF8, 0x7E, 0x1F, 0x87, 0xE1, 0xF8,
    0x7F, 0x3D, 0xFE, 0x3F, 0x00, 0x7F, 0x9F, 0xE0, 0x00, 0x00, 0x00, 0x38, 0x7E, 0x1F, 0x87, 0xE1,
    0xF8, 0x7E, 0x1F, 0x87, 0xE1, 0xF8, 0x7E, 0x1F, 0xCF, 0x7F, 0x8F, 0xC0, 0x61, 0x9C, 0xE7, 0xF0,
    0xF8, 0x00, 0x00, 0x0E, 0x1F, 0x87, 0xE1, 0xF8, 0x7E, 0x1F, 0x87, 0xE1, 0xF8, 0x7E, 0x1F, 0x87,
    0xE1, 0xF8, 0x7E, 0x1F, 0x87, 0xF3, 0xDF, 0xE3, 0xF0, 0x61, 0x9C, 0xE7, 0xF0, 0xF8, 0x00, 0x00,
    0x0E, 0x1F, 0x87, 0xE1, 0xF8, 0x7E, 0x1F, 0x87, 0xE1, 0xF8, 0x7E, 0x1F, 0x87, 0xF3, 0xDF, 0xE3,
    0xF0, 0x1E, 0x0D, 0xC3, 0x30, 0xDC, 0x1E, 0x00, 0x0E, 0x1F, 0x87, 0xE1, 0xF8, 0x7E, 0x1F, 0x87,
    0xE1, 0xF8, 0x7E, 0x1F, 0x87, 0xE1, 0xF8, 0x7E, 0x1F, 0x87, 0xF3, 0xDF, 0xE3, 0xF0, 0x1E, 0x0D,
    0xC3, 0x30, 0xDC, 0x1E, 0x00, 0x0E, 0x1F, 0x87, 0xE1, 0xF8, 0x7E, 0x1F, 0x87, 0xE1, 0xF8, 0x7E,
    0x1F, 0x87, 0xF3, 0xDF, 0xE3, 0xF0, 0x1D, 0xC7, 0x71, 0xDC, 0x00, 0x00, 0x01, 0xC3, 0xB8, 0x77,
    0x0E, 0xE1, 0xDC, 0x3B, 0x87, 0x70, 0xEE, 0x1D, 0xC3, 0xB8, 0x77, 0x0E, 0xE1, 0xDC, 0x3B, 0x87,
    0x79, 0xE7, 0xF8, 0x7E, 0x00, 0x1D, 0xC7, 0x71, 0xDC, 0x00, 0x00, 0x01, 0xC3, 0xB8, 0x77, 0x0E,
    0xE1, 0xDC, 0x3B, 0x87, 0x70, 0xEE, 0x1D, 0xC3, 0xB8, 0x77, 0x9E, 0x7F, 0x87, 0xE0, 0xE1, 0xF8,
    0x7E, 0x1F, 0x87, 0xE1, 0xF8, 0x7E, 0x1F, 0x87, 0xE1, 0xF8, 0x7E, 0x1F, 0x87, 0xE1, 0xF8, 0x7F,
    0x3D, 0xFE, 0x3F, 0x03, 0x80, 0xC0, 0x38, 0x0F, 0x81, 0xE0, 0xE1, 0xF8, 0x7E, 0x1F, 0x87, 0xE1,
    0xF8, 0x7E, 0x1F, 0x87, 0xE1, 0xF8, 0x7F, 0x3D, 0xFE, 0x3F, 0x03, 0x80, 0xC0, 0x78, 0x0F, 0x80,
    0xC0, 0x07, 0x00, 0x1E, 0x00, 0xFC, 0x07, 0x38, 0x00, 0x00, 0x00, 0x0E, 0x79, 0xF9, 0xE7, 0xE7,
    0x9B, 0x9E, 0x66, 0x79, 0x99, 0xE6, 0x67, 0xB9, 0xFE, 0xE7, 0xFB, 0x9F, 0x7E, 0x7C, 0xF1, 0xF3,
    0xC3, 0xCF, 0x0F, 0x3C, 0x3C, 0xF0, 0xF3, 0xC3, 0xCF, 0x00, 0x07, 0x00, 0x1E, 0x00, 0xFC, 0x07,
    0x38, 0x00, 0x00, 0x00, 0x0E, 0x71, 0x99, 0xE6, 0x67, 0x99, 0x9E, 0xE7, 0x7B, 0x9D, 0xEE, 0x7F,
    0xB0, 0xF7, 0xC3, 0xCF, 0x0F, 0x3C, 0x3C, 0xF0, 0xF3, 0xC3, 0xCE, 0x00, 0x07, 0x00, 0x3C, 0x03,
    0xF0, 0x39, 0xC0, 0x00, 0x00, 0x01, 0xC0, 0xEE, 0x07, 0x38, 0x71, 0xC3, 0x87, 0x38, 0x39, 0xC1,
    0xDC, 0x07, 0xE0, 0x3E, 0x00, 0xF0, 0x07, 0x00, 0x38, 0x01, 0xC0, 0x0E, 0x00, 0x70, 0x03, 0x80,
    0x1C, 0x00, 0x0E, 0x00, 0xF0, 0x1F, 0x83, 0x9C, 0x00, 0x00, 0x00, 0xE0, 0x7E, 0x0E, 0x70, 0xE7,
    0x0E, 0x39, 0xC3, 0x9C, 0x39, 0xC1, 0xF8, 0x1F, 0x80, 0xF0, 0x0F, 0x00, 0xF0, 0x0E, 0x00, 0xE0,
    0x0E, 0x01, 0xC0, 0x1C, 0x00, 0x1C, 0xE0, 0xE7, 0x07, 0x38, 0x00, 0x00, 0x00, 0x38, 0x1D, 0xC0,
    0xE7, 0x0E, 0x38, 0x70, 0xE7, 0x07, 0x38, 0x3B, 0x80, 0xFC, 0x07, 0xC0, 0x1E, 0x00, 0xE0, 0x07,
    0x00, 0x38, 0x01, 0xC0, 0x0E, 0x00, 0x70, 0x03, 0x80, 0x01, 0x80, 0x70, 0x1C, 0x07, 0x00, 0x00,
    0x00, 0x1F, 0xFB, 0xFF, 0x00, 0xE0, 0x38, 0x07, 0x01, 0xC0, 0x78, 0x0E, 0x03, 0x80, 0x70, 0x1C,
    0x03, 0x80, 0xE0, 0x38, 0x07, 0x00, 0xFF, 0xDF, 0xF8, 0x03, 0x01, 0xC0, 0xE0, 0x70, 0x00, 0x00,
    0x0F, 0xFF, 0xFF, 0x03, 0xC1, 0xE0, 0x70, 0x38, 0x1C, 0x0F, 0x03, 0x81, 0xC0, 0xE0, 0x3F, 0xFF,
    0xFC, 0x0F, 0x01, 0xE0, 0x3C, 0x00, 0x00, 0x00, 0xFF, 0xDF, 0xF8, 0x07, 0x01, 0xC0, 0x38, 0x0E,
    0x03, 0xC0, 0x70, 0x1C, 0x03, 0x80, 0xE0, 0x1C, 0x07, 0x01, 0xC0, 0x38, 0x07, 0xFE, 0xFF, 0xC0,
    0x1E, 0x07, 0x81, 0xE0, 0x00, 0x00, 0x3F, 0xFF, 0xFC, 0x0F, 0x07, 0x81, 0xC0, 0xE0, 0x70, 0x3C,
    0x0E, 0x07, 0x03, 0x80, 0xFF, 0xFF, 0xF0, 0x39, 0xC7, 0x78, 0x7E, 0x07, 0x80, 0x00, 0x00, 0x1F,
    0xFB, 0xFF, 0x00, 0xE0, 0x38, 0x07, 0x01, 0xC0, 0x78, 0x0E, 0x03, 0x80, 0x70, 0x1C, 0x03, 0x80,
    0xE0, 0x38, 0x07, 0x00, 0xFF, 0xDF, 0xF8, 0x73, 0x9D, 0xE3, 0xF0, 0x78, 0x00, 0x00, 0x0F, 0xFF,
    0xFF, 0x03, 0xC1, 0xE0, 0x70, 0x38, 0x1C, 0x0F, 0x03, 0x81, 0xC0, 0xE0, 0x3F, 0xFF, 0xFC, 0x3F,
    0xBF, 0xDC, 0x1C, 0x0E, 0x07, 0x03, 0x81, 0xC0, 0xE0, 0x70, 0x38, 0x1C, 0x0E, 0x07, 0x03, 0x81,
    0xC0, 0xE0, 0x00, 0x71, 0xC3, 0x87, 0x18, 0xE7, 0x38, 0x0E, 0x07, 0x83, 0xF1, 0xCE, 0x00, 0x73,
    0xFF, 0xCF, 0xC4, 0xFF, 0xFF, 0xC3, 0xE7, 0x7F, 0x3E, 0xFF, 0xF0, 0xE7, 0x73, 0xB9, 0xC0, 0xF7,
    0xCE, 0x67, 0x00, 0x7B, 0xBC, 0xFB, 0x78, 0x3B, 0x9C, 0xC6, 0x70, 0x73, 0x9E, 0xE3, 0xF0, 0x78,
    0x77, 0x0E, 0xE1, 0xDC, 0x19, 0xCC, 0xEF, 0x70, 0x33, 0xFE, 0xFF, 0xF0, 0x7B, 0xBC, 0xFB, 0x78,
    0x38, 0xE7, 0x3C, 0x71, 0xE1, 0xDF, 0x78, 0x31, 0x8E, 0x3C, 0x78, 0xE0, 0xFF, 0xFF, 0xFF, 0xFF,
    0x00, 0x30, 0x03, 0x80, 0x38, 0x01, 0xC0, 0x1C, 0x01, 0xC0, 0x1C, 0x00, 0xE0, 0x0E, 0x00, 0xE0,
    0x07, 0x00, 0x70, 0x07, 0x00, 0x38, 0x03, 0x80, 0x00, 0x01, 0xC0, 0x60, 0x18, 0x0C, 0x03, 0x01,
    0xC0, 0x60, 0x18, 0x0C, 0x03, 0x01, 0xC0, 0x60, 0x18, 0x0C, 0x03, 0x01, 0xC0, 0x60, 0x18, 0x00,
    0x73, 0x9C, 0xE7, 0x38, 0x00, 0x00, 0x3F, 0xFF, 0xFF, 0x80, 0xE0, 0x38, 0x0E, 0x03, 0x80, 0xFF,
    0xFF, 0xFE, 0x03, 0x80, 0xE0, 0x38, 0x0E, 0x03, 0x80, 0xFF, 0xFF, 0xF0, 0xFF, 0x07, 0xF8, 0x0E,
    0x00, 0x70, 0x03, 0x80, 0x1D, 0xF0, 0xFF, 0xC7, 0xEE, 0x3C, 0x39, 0xC1, 0xCE, 0x0E, 0x70, 0x73,
    0x83, 0x9C, 0x1C, 0xE0, 0xE7, 0x07, 0x38, 0x38, 0x01, 0xC0, 0x1C, 0x07, 0xE0, 0x3E, 0x00, 0x03,
    0x80, 0xE0, 0x1C, 0x07, 0x00, 0x00, 0x00, 0x1F, 0xFB, 0xFF, 0x60, 0x0C, 0x01, 0x80, 0x30, 0x06,
    0x00, 0xC0, 0x18, 0x03, 0x00, 0x60, 0x0C, 0x01, 0x80, 0x30, 0x06, 0x00, 0xC0, 0x18, 0x00, 0x3F,
    0x1F, 0xEF, 0x3F, 0x87, 0xE0, 0xF8, 0x0E, 0x03, 0xFC, 0xFF, 0x38, 0x0E, 0x03, 0x80, 0xE0, 0xF8,
    0x7F, 0x3D, 0xFE, 0x3F, 0x00, 0x1F, 0x83, 0xFC, 0x79, 0xE7, 0x0E, 0x70, 0xE7, 0x00, 0x78, 0x03,
    0xF0, 0x1F, 0xC0, 0x3E, 0x00, 0xE0, 0x06, 0xE0, 0x6E, 0x0E, 0x79, 0xE7, 0xFC, 0x1F, 0x80, 0xFF,
    0xFF, 0xF1, 0xC0, 0x70, 0x1C, 0x07, 0x01, 0xC0, 0x70, 0x1C, 0x07, 0x01, 0xC0, 0x70, 0x1C, 0x07,
    0x01, 0xC3, 0xFF, 0xFF, 0xC0, 0x73, 0x9C, 0xE7, 0x38, 0x00, 0x00, 0x3F, 0xFF, 0xFC, 0x70, 0x1C,
    0x07, 0x01, 0xC0, 0x70, 0x1C, 0x07, 0x01, 0xC0, 0x70, 0x1C, 0x07, 0x01, 0xC0, 0x70, 0xFF, 0xFF,
    0xF0, 0x00, 0xE0, 0x1C, 0x03, 0x80, 0x70, 0x0E, 0x01, 0xC0, 0x38, 0x07, 0x00, 0xE0, 0x1C, 0x03,
    0x80, 0x7E, 0x0F, 0xC1, 0xFC, 0x73, 0xFE, 0x3F, 0x00, 0x3F, 0xC0, 0x7F, 0x80, 0xE7, 0x01, 0xCE,
    0x03, 0x9C, 0x07, 0x38, 0x0E, 0x70, 0x1C, 0xFC, 0x39, 0xFC, 0x73, 0x9C, 0xE7, 0x39, 0xCE, 0x73,
    0x9C, 0xE7, 0x39, 0xCE, 0x73, 0xB8, 0xFE, 0x71, 0xF8, 0xC7, 0x06, 0x38, 0x31, 0xC1, 0x8E, 0x0C,
    0x70, 0x63, 0x83, 0x1C, 0x1F, 0xFC, 0xFF, 0xF6, 0x39, 0xF1, 0xCF, 0x8E, 0x7C, 0x73, 0xE3, 0x9F,
    0x1C, 0xF8, 0xFE, 0xC7, 0xE0, 0xFF, 0x07, 0xF8, 0x0E, 0x00, 0x70, 0x03, 0x80, 0x1D, 0xF0, 0xFF,
    0xC7, 0xEE, 0x3C, 0x39, 0xC1, 0xCE, 0x0E, 0x70, 0x73, 0x83, 0x9C, 0x1C, 0xE0, 0xE7, 0x07, 0x38,
    0x38, 0x03, 0x00, 0xE0, 0x38, 0x0E, 0x00, 0x00, 0x00, 0x38, 0x3F, 0x0E, 0xE1, 0xDC, 0x73, 0x8E,
    0x73, 0x8E, 0x71, 0xFC, 0x3F, 0x87, 0x78, 0xE7, 0x1C, 0xF3, 0x8E, 0x71, 0xEE, 0x1D, 0xC3, 0xF8,
    0x38, 0x30, 0xC3, 0x9C, 0x3F, 0x81, 0xF0, 0x00, 0x00, 0x00, 0xE0, 0x7E, 0x07, 0x70, 0xE7, 0x0E,
    0x30, 0xC3, 0x9C, 0x39, 0xC1, 0x98, 0x1F, 0x81, 0xF8, 0x0F, 0x00, 0xF0, 0x07, 0x00, 0xE0, 0x0E,
    0x00, 0xE0, 0x1C, 0x00, 0xE1, 0xF8, 0x7E, 0x1F, 0x87, 0xE1, 0xF8, 0x7E, 0x1F, 0x87, 0xE1, 0xF8,
    0x7E, 0x1F, 0x87, 0xE1, 0xF8, 0x7E, 0x1F, 0xFF, 0xFF, 0xC7, 0x01, 0xC0, 0x70, 0x0F, 0x00, 0xF0,
    0x1F, 0x01, 0xF8, 0x1F, 0x81, 0xB8, 0x39, 0x83, 0x9C, 0x39, 0xC3, 0x9C, 0x70, 0xC7, 0xFE, 0x7F,
    0xE7, 0x0E, 0xE0, 0x6E, 0x07, 0xE0, 0x70, 0xFF, 0xDF, 0xFB, 0x80, 0x70, 0x0E, 0x01, 0xC0, 0x38,
    0x07, 0xF8, 0xFF, 0x9C, 0x7B, 0x87, 0x70, 0x7E, 0x0F, 0xC3, 0xB8, 0xF7, 0xFC, 0xFF, 0x00, 0xFF,
    0x1F, 0xF3, 0x8F, 0x70, 0xEE, 0x1D, 0xC3, 0xB8, 0xE7, 0xFC, 0xFF, 0x9C, 0x7B, 0x87, 0x70, 0x6E,
    0x0F, 0xC3, 0xB8, 0xF7, 0xFE, 0xFF, 0x00, 0x7F, 0xEF, 0xFD, 0x80, 0x30, 0x06, 0x00, 0xC0, 0x18,
    0x03, 0x00, 0x60, 0x0C, 0x01, 0x80, 0x30, 0x06, 0x00, 0xC0, 0x18, 0x03, 0x00, 0x60, 0x00, 0x1F,
    0xF0, 0x7F, 0xC1, 0x87, 0x06, 0x1C, 0x18, 0x70, 0x61, 0xC1, 0x87, 0x06, 0x1C, 0x18, 0x70, 0xE1,
    0xC3, 0x87, 0x0E, 0x1C, 0x38, 0x70, 0xE1, 0xC3, 0x07, 0x3F, 0xFF, 0xFF, 0xFF, 0x80, 0x7E, 0x01,
    0xF8, 0x07, 0x40, 0x08, 0xFF, 0xFF, 0xFE, 0x03, 0x80, 0xE0, 0x38, 0x0E, 0x03, 0xFF, 0xFF, 0xF8,
    0x0E, 0x03, 0x80, 0xE0, 0x38, 0x0E, 0x03, 0xFF, 0xFF, 0xC0, 0xE3, 0x1D, 0x8C, 0xE7, 0x33, 0x9C,
    0xCE, 0x33, 0x70, 0xED, 0xC3, 0xB6, 0x07, 0xF8, 0x1F, 0xE0, 0xED, 0x83, 0xB7, 0x0C, 0xDC, 0x73,
    0x31, 0xCC, 0xE6, 0x33, 0xB8, 0xC7, 0xE3, 0x1C, 0x1F, 0x87, 0xFC, 0x79, 0xEE, 0x0E, 0xE0, 0xE0,
    0x0E, 0x01, 0xC1, 0xF8, 0x1F, 0xC0, 0x1E, 0x00, 0xE0, 0x07, 0xE0, 0x7E, 0x0E, 0xF1, 0xE7, 0xFC,
    0x3F, 0x80, 0xC3, 0xF0, 0xFC, 0x3F, 0x1F, 0xC7, 0xF1, 0xFC, 0xFF, 0x3F, 0xCD, 0xF7, 0x7D, 0xDF,
    0x67, 0xF9, 0xFC, 0x7F, 0x1F, 0xC7, 0xE1, 0xC0, 0x61, 0x9C, 0xE7, 0xF0, 0xF8, 0x00, 0x00, 0x0C,
    0x3F, 0x0F, 0xC3, 0xF1, 0xFC, 0x7F, 0x1F, 0xCF, 0xF3, 0xFC, 0xDF, 0x77, 0xDD, 0xF6, 0x7F, 0x9F,
    0xC7, 0xF1, 0xFC, 0x7E, 0x1C, 0xE0, 0xFC, 0x3B, 0x87, 0x71, 0xCE, 0x39, 0xCE, 0x39, 0xC7, 0xF0,
    0xFE, 0x1D, 0xE3, 0x9C, 0x73, 0xCE, 0x39, 0xC7, 0xB8, 0x77, 0x0F, 0xE0, 0xE0, 0x1F, 0xF1, 0xFF,
    0x18, 0x71, 0x87, 0x18, 0x71, 0x87, 0x18, 0x73, 0x87, 0x38, 0x73, 0x87, 0x38, 0x73, 0x87, 0x38,
    0x73, 0x87, 0x38, 0x7F, 0x07, 0xF0, 0x70, 0xF0, 0xFF, 0x9F, 0xF9, 0xFF, 0x9F, 0xFB, 0xFF, 0xF7,
    0xEF, 0x7E, 0xF7, 0xEE, 0x7E, 0x67, 0xE0, 0x7E, 0x07, 0xE0, 0x7E, 0x07, 0xE0, 0x7E, 0x07, 0xE0,
    0x70, 0xE1, 0xF8, 0x7E, 0x1F, 0x87, 0xE1, 0xF8, 0x7E, 0x1F, 0xFF, 0xFF, 0xF8, 0x7E, 0x1F, 0x87,
    0xE1, 0xF8, 0x7E, 0x1F, 0x87, 0xE1, 0xC0, 0x3F, 0x1F, 0xEF, 0x3F, 0x87, 0xE1, 0xF0, 0x7C, 0x1F,
    0x07, 0xC1, 0xF0, 0x7C, 0x1F, 0x07, 0xE1, 0xF8, 0x7F, 0x3D, 0xFE, 0x3F, 0x00, 0xFF, 0xFF, 0xFE,
    0x1F, 0x87, 0xE1, 0xF8, 0x7E, 0x1F, 0x87, 0xE1, 0xF8, 0x7E, 0x1F, 0x87, 0xE1, 0xF8, 0x7E, 0x1F,
    0x87, 0xE1, 0xC0, 0xFF, 0x9F, 0xFB, 0x87, 0x70, 0x7E, 0x0F, 0xC1, 0xF8, 0x3F, 0x0E, 0xFF, 0xDF,
    0xF3, 0x80, 0x70, 0x0E, 0x01, 0xC0, 0x38, 0x07, 0x00, 0xE0, 0x00, 0x3F, 0x1F, 0xEF, 0x3F, 0x87,
    0xE0, 0xF8, 0x0E, 0x03, 0x80, 0xE0, 0x38, 0x0E, 0x03, 0x80, 0xE0, 0xF8, 0x7F, 0x3D, 0xFE, 0x3F,
    0x00, 0xFF, 0xFF, 0xFF, 0x0E, 0x00, 0xE0, 0x0E, 0x00, 0xE0, 0x0E, 0x00, 0xE0, 0x0E, 0x00, 0xE0,
    0x0E, 0x00, 0xE0, 0x0E, 0x00, 0xE0, 0x0E, 0x00, 0xE0, 0x0E, 0x00, 0xE0, 0x7E, 0x07, 0x70, 0xE7,
    0x0E, 0x30, 0xC3, 0x9C, 0x39, 0xC1, 0x98, 0x1F, 0x81, 0xF8, 0x0F, 0x00, 0xF0, 0x07, 0x00, 0xE0,
    0x0E, 0x00, 0xE0, 0x1C, 0x00, 0x06, 0x00, 0xE0, 0x3F, 0xC7, 0xFE, 0xFE, 0xEE, 0x67, 0xC6, 0x7C,
    0x67, 0xC6, 0x7C, 0x67, 0xC6, 0x7C, 0x67, 0xC6, 0x7E, 0x67, 0xF6, 0xF7, 0xFE, 0x3F, 0xC0, 0xE0,
    0x0E, 0x00, 0x70, 0x39, 0xC3, 0x8E, 0x1C, 0x39, 0xC1, 0xCE, 0x07, 0xE0, 0x3E, 0x00, 0xF0, 0x07,
    0x80, 0x3C, 0x03, 0xF0, 0x1F, 0x81, 0xCE, 0x1E, 0x70, 0xE1, 0xCE, 0x0E, 0x70, 0x38, 0xE1, 0xDC,
    0x3B, 0x87, 0x70, 0xEE, 0x1D, 0xC3, 0xB8, 0x77, 0x0E, 0xE1, 0xDC, 0x3B, 0x87, 0x70, 0xEE, 0x1D,
    0xC3, 0xB8, 0x77, 0xFF, 0xFF, 0xE0, 0x0C, 0x01, 0x80, 0x30, 0x02, 0xE0, 0xFC, 0x1F, 0x83, 0xF0,
    0x7E, 0x0F, 0xC1, 0xF8, 0x3F, 0x07, 0x78, 0xEF, 0xFC, 0xFF, 0x80, 0x70, 0x0E, 0x01, 0xC0, 0x38,
    0x07, 0x00, 0xE0, 0xE6, 0x7E, 0x67, 0xE6, 0x7E, 0x67, 0xE6, 0x7E, 0x67, 0xE6, 0x7E, 0x67, 0xE6,
    0x7E, 0x67, 0xE6, 0x7E, 0x67, 0xE6, 0x7E, 0x67, 0xE6, 0x7F, 0xFF, 0xFF, 0xF0, 0xE6, 0x77, 0x33,
    0xB9, 0x9D, 0xCC, 0xEE, 0x67, 0x73, 0x3B, 0x99, 0xDC, 0xCE, 0xE6, 0x77, 0x33, 0xB9, 0x9D, 0xCC,
    0xEE, 0x67, 0x73, 0x3B, 0x99, 0xDF, 0xFF, 0xFF, 0xF8, 0x01, 0xC0, 0x0E, 0x00, 0x70, 0x01, 0x80,
    0x7E, 0x01, 0xF8, 0x00, 0xE0, 0x03, 0x80, 0x0E, 0x00, 0x38, 0x00, 0xE0, 0x03, 0xFC, 0x0F, 0xF8,
    0x38, 0xE0, 0xE1, 0xC3, 0x87, 0x0E, 0x1C, 0x38, 0x70, 0xE3, 0x83, 0xFE, 0x0F, 0xF0, 0xE0, 0x7E,
    0x07, 0xE0, 0x7E, 0x07, 0xE0, 0x7E, 0x07, 0xE0, 0x7F, 0xC7, 0xFE, 0x7E, 0x77, 0xE7, 0x7E, 0x37,
    0xE3, 0x7E, 0x77, 0xE7, 0x7F, 0xE7, 0xFC, 0x70, 0xE0, 0x1C, 0x03, 0x80, 0x70, 0x0E, 0x01, 0xC0,
    0x38, 0x07, 0xFC, 0xFF, 0xDC, 0x3B, 0x83, 0xF0, 0x7E, 0x0F, 0xC1, 0xF8, 0x77, 0xFE, 0xFF, 0x80,
    0x1F, 0x8F, 0xF9, 0xC7, 0xB0, 0x76, 0x0E, 0x01, 0xC0, 0x38, 0xFF, 0x1F, 0xE0, 0x1C, 0x03, 0x80,
    0x7E, 0x0E, 0xE1, 0xDC, 0x7B, 0xFE, 0x1F, 0x80, 0xE3, 0xE7, 0x3F, 0xBB, 0x9D, 0xDC, 0x6E, 0xE3,
    0x77, 0x1B, 0xB8, 0xDF, 0xC6, 0xFE, 0x37, 0x71, 0xBB, 0x8D, 0xDC, 0x6E, 0xE3, 0x77, 0x1B, 0xB9,
    0xDC, 0xFE, 0xE3, 0xE0, 0x3F, 0xEF, 0xFD, 0xC3, 0xF0, 0x7E, 0x0F, 0xC1, 0xF8, 0x3B, 0xC7, 0x7F,
    0xE3, 0xFC, 0x73, 0x9E, 0x73, 0x8E, 0x71, 0xDC, 0x3B, 0x87, 0xE0, 0xE0, 0x1F, 0x8F, 0xF9, 0xC7,
    0xB0, 0x70, 0x0E, 0x7F, 0xDF, 0xFF, 0x87, 0xE0, 0xFC, 0x1F, 0xC7, 0xBF, 0xF3, 0xFE, 0x00, 0x41,
    0xF8, 0xFF, 0x3F, 0x07, 0x00, 0xC0, 0x1B, 0xE3, 0xFE, 0x79, 0xEE, 0x1D, 0x83, 0xB0, 0x76, 0x0E,
    0xC1, 0xDC, 0x3B, 0xCF, 0x3F, 0xC3, 0xF0, 0xFF, 0x9F, 0xFB, 0x87, 0x70, 0xEE, 0x1D, 0xFF, 0x3F,
    0xE7, 0x1E, 0xE0, 0xDC, 0x1B, 0x87, 0x7F, 0xEF, 0xF8, 0xFF, 0xFF, 0xFE, 0x03, 0x80, 0xE0, 0x38,
    0x0E, 0x03, 0x80, 0xE0, 0x38, 0x0E, 0x03, 0x80, 0xE0, 0x00, 0x1F, 0xF0, 0x7F, 0xC1, 0x87, 0x06,
    0x1C, 0x18, 0x70, 0x61, 0xC3, 0x87, 0x0E, 0x1C, 0x38, 0x70, 0xE1, 0xC3, 0x87, 0x3F, 0xFE, 0xFF,
    0xFB, 0x80, 0x6E, 0x01, 0xB8, 0x06, 0x40, 0x08, 0x1F, 0x87, 0xF9, 0xE7, 0xB8, 0x76, 0x0E, 0xFF,
    0xDF, 0xFB, 0x00, 0x60, 0x0E, 0x1D, 0xE7, 0x9F, 0xE1, 0xF8, 0xE3, 0x19, 0xCC, 0xE7, 0x33, 0x8C,
    0xDC, 0x3B, 0x70, 0x7F, 0x81, 0xFE, 0x0E, 0xDC, 0x3B, 0x71, 0xCC, 0xC7, 0x33, 0x98, 0xCE, 0xE3,
    0x1C, 0x3F, 0xC7, 0xFE, 0x70, 0xE6, 0x0E, 0x00, 0xE1, 0xFC, 0x1F, 0xC0, 0x1E, 0x00, 0xEE, 0x0E,
    0xF0, 0xE7, 0xFE, 0x3F, 0xC0, 0xC3, 0xF0, 0xFC, 0x3F, 0x1F, 0xC7, 0xF3, 0xFC, 0xDF, 0x77, 0xF9,
    0xFE, 0x7F, 0x1F, 0xC7, 0xE1, 0xC0, 0x61, 0x9C, 0xE7, 0xF0, 0xF8, 0x00, 0x00, 0x0C, 0x3F, 0x0F,
    0xC3, 0xF1, 0xFC, 0x7F, 0x3F, 0xCD, 0xF7, 0x7F, 0x9F, 0xE7, 0xF1, 0xFC, 0x7E, 0x1C, 0xE0, 0xFC,
    0x3B, 0x8E, 0x71, 0xCE, 0x71, 0xFC, 0x3F, 0x87, 0x38, 0xE7, 0x9C, 0x73, 0x87, 0x70, 0xEE, 0x0E,
    0x1F, 0xF1, 0xFF, 0x18, 0x71, 0x87, 0x18, 0x71, 0x87, 0x38, 0x73, 0x87, 0x38, 0x73, 0x87, 0x38,
    0x7F, 0x07, 0xF0, 0x70, 0xF0, 0xFF, 0x1F, 0xF9, 0xFF, 0x9F, 0xFF, 0xFE, 0xF7, 0xEF, 0x7E, 0xE7,
    0xE0, 0x7E, 0x07, 0xE0, 0x7E, 0x07, 0xE0, 0x70, 0xE1, 0xF8, 0x7E, 0x1F, 0x87, 0xE1, 0xFF, 0xFF,
    0xFF, 0x87, 0xE1, 0xF8, 0x7E, 0x1F, 0x87, 0xE1, 0xC0, 0x1F, 0x87, 0xF9, 0xE7, 0xB8, 0x76, 0x0E,
    0xC1, 0xD8, 0x3B, 0x07, 0x60, 0xEE, 0x1D, 0xE7, 0x9F, 0xE1, 0xF8, 0xFF, 0xFF, 0xFE, 0x1F, 0x87,
    0xE1, 0xF8, 0x7E, 0x1F, 0x87, 0xE1, 0xF8, 0x7E, 0x1F, 0x87, 0xE1, 0xC0, 0xFF, 0x3F, 0xEF, 0x3F,
    0x87, 0xE1, 0xF8, 0x7E, 0x1F, 0x87, 0xE1, 0xF8, 0x7F, 0x3F, 0xFE, 0xFF, 0x38, 0x0E, 0x03, 0x80,
    0xE0, 0x00, 0x3F, 0x0F, 0xF3, 0xCF, 0x70, 0xEE, 0x0D, 0x80, 0x30, 0x06, 0x00, 0xE0, 0xDC, 0x3B,
    0xCF, 0x3F, 0xC3, 0xF0, 0xFF, 0xFF, 0xFF, 0x0E, 0x00, 0xE0, 0x0E, 0x00, 0xE0, 0x0E, 0x00, 0xE0,
    0x0E, 0x00, 0xE0, 0x0E, 0x00, 0xE0, 0x0E, 0x00, 0xE0, 0x7E, 0x0E, 0x70, 0xE7, 0x0E, 0x39, 0xC3,
    0x9C, 0x39, 0xC1, 0xF8, 0x1F, 0x80, 0xF0, 0x0F, 0x00, 0xF0, 0x0E, 0x00, 0xE0, 0x0E, 0x01, 0xC0,
    0x1C, 0x00, 0x0E, 0x00, 0xE0, 0x0E, 0x00, 0xE0, 0x3F, 0xC7, 0xFE, 0xF6, 0xFE, 0x67, 0xC6, 0x7C,
    0x67, 0xC6, 0x7C, 0x67, 0xC6, 0x7E, 0x67, 0xF6, 0xF7, 0xFE, 0x3F, 0xC0, 0xE0, 0x0E, 0x00, 0xE0,
    0x0E, 0x00, 0xF0, 0xE7, 0x0E, 0x39, 0xC3, 0xB8, 0x1F, 0x80, 0xF0, 0x0F, 0x01, 0xF0, 0x1F, 0x83,
    0x9C, 0x79, 0xC7, 0x0E, 0xE0, 0xF0, 0xE1, 0xCE, 0x1C, 0xE1, 0xCE, 0x1C, 0xE1, 0xCE, 0x1C, 0xE1,
    0xCE, 0x1C, 0xE1, 0xCE, 0x1C, 0xE1, 0xCF, 0xFE, 0xFF, 0xE0, 0x06, 0x00, 0x60, 0x06, 0x00, 0x20,
    0xE0, 0xFC, 0x1F, 0x83, 0xF0, 0x7E, 0x0F, 0xC1, 0xDC, 0x3B, 0xFF, 0x3F, 0xE0, 0x1C, 0x03, 0x80,
    0x70, 0x0E, 0xE6, 0x7E, 0x67, 0xE6, 0x7E, 0x67, 0xE6, 0x7E, 0x67, 0xE6, 0x7E, 0x67, 0xE6, 0x7E,
    0x67, 0xE6, 0x7F, 0xFF, 0xFF, 0xF0, 0xE6, 0x77, 0x33, 0xB9, 0x9D, 0xCC, 0xEE, 0x67, 0x73, 0x3B,
    0x99, 0xDC, 0xCE, 0xE6, 0x77, 0x33, 0xB9, 0x9D, 0xFF, 0xFF, 0xFF, 0x80, 0x1C, 0x00, 0xE0, 0x07,
    0x00, 0x18, 0xFC, 0x03, 0xF0, 0x01, 0xC0, 0x07, 0x00, 0x1C, 0x00, 0x7F, 0xC1, 0xFF, 0x87, 0x0E,
    0x1C, 0x18, 0x70, 0x61, 0xC3, 0x87, 0xFE, 0x1F, 0xF0, 0xE0, 0x7E, 0x07, 0xE0, 0x7E, 0x07, 0xE0,
    0x7F, 0xE7, 0xFF, 0x7E, 0x77, 0xE3, 0x7E, 0x37, 0xE7, 0x7F, 0xF7, 0xFE, 0x70, 0xE0, 0x1C, 0x03,
    0x80, 0x70, 0x0E, 0x01, 0xFF, 0x3F, 0xF7, 0x0F, 0xE0, 0xFC, 0x1F, 0x87, 0xFF, 0xEF, 0xF8, 0x3F,
    0x8F, 0xF9, 0xC7, 0xB0, 0x70, 0x0E, 0x1F, 0xC3, 0xF8, 0x07, 0x60, 0xEE, 0x1D, 0xE7, 0xBF, 0xE1,
    0xF8, 0xE3, 0xEE, 0x7F, 0xEE, 0x7E, 0xE3, 0xEE, 0x3F, 0xE3, 0xFE, 0x3E, 0xE3, 0xEE, 0x3E, 0xE3,
    0xEE, 0x7E, 0x7F, 0xE3, 0xE0, 0x3F, 0xEF, 0xFD, 0xC3, 0xF0, 0x7E, 0x0E, 0xE1, 0xDF, 0xF9, 0xFF,
    0x1C, 0xE7, 0x1C, 0xE3, 0xB8, 0x7F, 0x0E, 0x39, 0xC7, 0x38, 0xE7, 0x00, 0x00, 0x00, 0x3F, 0x0F,
    0xF3, 0xCF, 0x70, 0xEC, 0x1D, 0xFF, 0xBF, 0xF6, 0x00, 0xC0, 0x1C, 0x3B, 0xCF, 0x3F, 0xC3, 0xF0,
    0x38, 0x03, 0x80, 0xFF, 0x0F, 0xF0, 0x38, 0x03, 0xFC, 0x3F, 0xE3, 0xCF, 0x38, 0x73, 0x87, 0x38,
    0x73, 0x87, 0x38, 0x73, 0x87, 0x38, 0x73, 0x87, 0x38, 0x70, 0x07, 0x00, 0xF0, 0x7E, 0x07, 0xC0,
    0x07, 0x01, 0xC0, 0xE0, 0x70, 0x00, 0x00, 0x0F, 0xFF, 0xFF, 0xE0, 0x38, 0x0E, 0x03, 0x80, 0xE0,
    0x38, 0x0E, 0x03, 0x80, 0xE0, 0x38, 0x0E, 0x00, 0x3F, 0x1F, 0xEF, 0x3F, 0x87, 0xC0, 0x3F, 0x8F,
    0xE3, 0x00, 0xE0, 0xF8, 0x7F, 0x3D, 0xFE, 0x3F, 0x00, 0x3F, 0x8F, 0xF9, 0xC3, 0xB8, 0x77, 0x00,
    0xFF, 0x0F, 0xF0, 0x3F, 0x00, 0xEC, 0x1D, 0xC3, 0xBF, 0xF3, 0xFC, 0x07, 0x00, 0xF0, 0x07, 0x00,
    0x00, 0x00, 0x07, 0xF0, 0x7F, 0x00, 0x70, 0x07, 0x00, 0x70, 0x07, 0x00, 0x70, 0x07, 0x00, 0x70,
    0x07, 0x00, 0x70, 0x7F, 0xF7, 0xFF, 0x39, 0xC3, 0x9E, 0x39, 0xC0, 0x00, 0x00, 0x07, 0xF0, 0x7F,
    0x00, 0x70, 0x07, 0x00, 0x70, 0x07, 0x00, 0x70, 0x07, 0x00, 0x70, 0x07, 0x00, 0x70, 0x7F, 0xF7,
    0xFF, 0x03, 0x80, 0xF0, 0x38, 0x00, 0x00, 0x1F, 0xE7, 0xF8, 0x06, 0x01, 0x80, 0x60, 0x18, 0x06,
    0x01, 0x80, 0x60, 0x18, 0x06, 0x01, 0x80, 0xE0, 0x38, 0x1E, 0x7F, 0x1F, 0x80, 0x3F, 0x80, 0xFE,
    0x03, 0x38, 0x1C, 0xE0, 0x73, 0x81, 0xCF, 0xC7, 0x3F, 0x9C, 0xEF, 0x73, 0x9D, 0xCE, 0x77, 0x3B,
    0xF8, 0xFE, 0xE3, 0xF0, 0xE7, 0x07, 0x38, 0x39, 0xC1, 0xCE, 0x0E, 0x70, 0x7F, 0xF3, 0xFF, 0xDC,
    0xE7, 0xE7, 0x3F, 0x39, 0xF9, 0xCF, 0xCF, 0xEE, 0x7E, 0x00, 0x38, 0x03, 0x80, 0xFF, 0x0F, 0xF0,
    0x38, 0x03, 0xFC, 0x3F, 0xE3, 0xCF, 0x38, 0x73, 0x87, 0x38, 0x73, 0x87, 0x38, 0x73, 0x87, 0x38,
    0x73, 0x87, 0x38, 0x70, 0x03, 0x00, 0xE0, 0x38, 0x07, 0x00, 0x00, 0x00, 0x38, 0x3F, 0x0E, 0xE3,
    0x9C, 0x73, 0x9C, 0x7F, 0x0F, 0xE1, 0xCE, 0x39, 0xE7, 0x1C, 0xE1, 0xDC, 0x3B, 0x83, 0x80, 0x30,
    0xC3, 0x9C, 0x3F, 0x81, 0xF0, 0x00, 0x00, 0x00, 0xE0, 0x7E, 0x0E, 0x70, 0xE7, 0x0E, 0x39, 0xC3,
    0x9C, 0x39, 0xC1, 0xF8, 0x1F, 0x80, 0xF0, 0x0F, 0x00, 0xF0, 0x0E, 0x00, 0xE0, 0x0E, 0x01, 0xC0,
    0x1C, 0x00, 0xE1, 0xF8, 0x7E, 0x1F, 0x87, 0xE1, 0xF8, 0x7E, 0x1F, 0x87, 0xE1, 0xF8, 0x7E, 0x1F,
    0xFF, 0xFF, 0xC7, 0x01, 0xC0, 0x70, 0x00, 0xE0, 0x1D, 0xFF, 0xBF, 0xF6, 0x00, 0xC0, 0x18, 0x03,
    0x00, 0x60, 0x0C, 0x01, 0x80, 0x30, 0x06, 0x00, 0xC0, 0x18, 0x03, 0x00, 0x60, 0x0C, 0x01, 0x80,
    0x00, 0x00, 0xC0, 0x19, 0xFF, 0x3F, 0xE6, 0x00, 0xC0, 0x18, 0x03, 0x00, 0x60, 0x0C, 0x01, 0x80,
    0x30, 0x06, 0x00, 0xC0, 0x18, 0x00, 0x1F, 0xF8, 0xFF, 0xC6, 0x00, 0x30, 0x01, 0x80, 0x0C, 0x00,
    0x60, 0x03, 0x00, 0xFF, 0x87, 0xFC, 0x06, 0x00, 0x30, 0x01, 0x80, 0x0C, 0x00, 0x60, 0x03, 0x00,
    0x18, 0x00, 0x3F, 0xF3, 0xFF, 0x38, 0x03, 0x80, 0x38, 0x03, 0x80, 0xFF, 0x8F, 0xF8, 0x38, 0x03,
    0x80, 0x38, 0x03, 0x80, 0x38, 0x00, 0xE0, 0xF7, 0x07, 0x38, 0x71, 0xC3, 0x8E, 0x38, 0x71, 0xC3,
    0x9C, 0x1F, 0xE0, 0xFF, 0x07, 0x38, 0x38, 0xE1, 0xC7, 0x0E, 0x1C, 0x70, 0xE3, 0x83, 0x9C, 0x1F,
    0xE0, 0x78, 0x01, 0xC0, 0x0E, 0x00, 0x70, 0xE1, 0xEE, 0x1C, 0xE3, 0x8E, 0x70, 0xEF, 0x0F, 0xE0,
    0xFE, 0x0E, 0xF0, 0xE7, 0x0E, 0x38, 0xE3, 0x8E, 0x1E, 0xE1, 0xE0, 0x06, 0x00, 0x60, 0x06, 0xC1,
    0xD8, 0x3B, 0x07, 0x60, 0xEC, 0x1D, 0x83, 0xB0, 0x77, 0xFE, 0xFF, 0xD8, 0x3B, 0x07, 0x60, 0xEC,
    0x1D, 0x83, 0xB0, 0x76, 0x0F, 0xC1, 0xE0, 0x1C, 0x03, 0x80, 0x70, 0xE1, 0xDC, 0x3B, 0x87, 0x70,
    0xEE, 0x1D, 0xFF, 0xBF, 0xF7, 0x0E, 0xE1, 0xDC, 0x3B, 0x87, 0x70, 0xFE, 0x1E, 0x01, 0xC0, 0x38,
    0x07, 0x70, 0x3B, 0x81, 0xCE, 0x1C, 0x70, 0xE1, 0xCE, 0x0E, 0x70, 0x77, 0x01, 0xF8, 0x0F, 0x80,
    0x3C, 0x01, 0xC0, 0x0E, 0x00, 0x70, 0x03, 0x80, 0x1C, 0x00, 0xE0, 0x07, 0x00, 0xE0, 0x76, 0x0E,
    0x70, 0xE7, 0x0E, 0x31, 0xC3, 0x9C, 0x39, 0xC1, 0xB8, 0x1F, 0x81, 0xF0, 0x0F, 0x00, 0xF0, 0x0E,
    0x00, 0xE0, 0x0E, 0x00, 0xE0, 0x0E, 0x00, 0x70, 0x3B, 0x81, 0xCE, 0x1C, 0x70, 0xE3, 0x8E, 0x0E,
    0x70, 0x73, 0x01, 0xF8, 0x0F, 0x80, 0x3C, 0x01, 0xE0, 0x7F, 0xC1, 0xFE, 0x03, 0x80, 0x1C, 0x00,
    0xE0, 0x07, 0x00, 0xE0, 0x76, 0x0E, 0x70, 0xE7, 0x0E, 0x31, 0xC3, 0x9C, 0x39, 0xC1, 0x98, 0x1F,
    0x81, 0xF8, 0x0F, 0x00, 0xF0, 0x0E, 0x07, 0xFC, 0x3F, 0xC0, 0xE0, 0x0E, 0x00, 0xE0, 0xEE, 0x0E,
    0xE0, 0xEE, 0x0E, 0xE0, 0xEE, 0x0E, 0xE0, 0xEE, 0x0E, 0xF0, 0xE7, 0xFE, 0x3F, 0xE0, 0x0E, 0x00,
    0xE0, 0x0E, 0x00, 0xE0, 0x0F, 0x00, 0xF0, 0x07, 0x00, 0x70, 0x07, 0xE0, 0xEE, 0x0E, 0xE0, 0xEE,
    0x0E, 0xE0, 0xEE, 0x0E, 0x70, 0xE7, 0xFE, 0x3F, 0xE0, 0x0E, 0x00, 0xE0, 0x0F, 0x00, 0xF0, 0x07,
    0x00, 0x70, 0x07, 0xE0, 0x1C, 0x03, 0x80, 0x70, 0x0E, 0x01, 0xC0, 0x3F, 0xC7, 0xFE, 0xE3, 0xDC,
    0x3B, 0x83, 0x70, 0x6E, 0x0D, 0xC1, 0xB8, 0x37, 0x06, 0xE0, 0xC0, 0xE0, 0x38, 0x0E, 0x03, 0x80,
    0xE0, 0x3F, 0xEF, 0xFF, 0x87, 0xE0, 0xF8, 0x3E, 0x0F, 0x83, 0xE0, 0xC0, 0x1F, 0x87, 0xF9, 0xE7,
    0xB8, 0x76, 0x0E, 0x01, 0xC0, 0x3B, 0xFF, 0x7F, 0xEC, 0x1D, 0x83, 0xB0, 0x76, 0x0E, 0xE1, 0xDE,
    0x79, 0xFE, 0x1F, 0x80, 0x1F, 0x8F, 0xF9, 0xC7, 0xB0, 0x70, 0x0E, 0x01, 0xDF, 0xFB, 0xFF, 0x60,
    0xEE, 0x1D, 0xE7, 0x9F, 0xE1, 0xF8, 0x1C, 0xE0, 0x73, 0x81, 0xCE, 0x00, 0x00, 0x00, 0x03, 0x8C,
    0x76, 0x33, 0x9C, 0xCE, 0x73, 0x38, 0xCD, 0xC3, 0xB7, 0x0E, 0xD8, 0x1F, 0xE0, 0x7F, 0x83, 0xB6,
    0x0E, 0xDC, 0x33, 0x71, 0xCC, 0xC7, 0x33, 0x98, 0xCE, 0xE3, 0x1F, 0x8C, 0x70, 0x1C, 0xE0, 0x73,
    0x81, 0xCE, 0x00, 0x00, 0x00, 0x03, 0x8C, 0x67, 0x33, 0x9C, 0xCE, 0x33, 0x70, 0xED, 0xC1, 0xFE,
    0x07, 0xF8, 0x3B, 0x70, 0xED, 0xC7, 0x33, 0x1C, 0xCE, 0x63, 0x3B, 0x8C, 0x70, 0x39, 0xC3, 0x9C,
    0x39, 0xC0, 0x00, 0x00, 0x01, 0xF8, 0x7F, 0xC7, 0x9E, 0xE0, 0xEE, 0x0E, 0x00, 0xE0, 0x1C, 0x1F,
    0x81, 0xFC, 0x01, 0xE0, 0x0E, 0x00, 0x7E, 0x07, 0xE0, 0xEF, 0x1E, 0x7F, 0xC3, 0xF8, 0x39, 0xC3,
    0x9C, 0x39, 0xC0, 0x00, 0x00, 0x03, 0xFC, 0x7F, 0xE7, 0x0E, 0x60, 0xE0, 0x0E, 0x1F, 0xC1, 0xFC,
    0x01, 0xE0, 0x0E, 0xE0, 0xEF, 0x0E, 0x7F, 0xE3, 0xFC, 0x73, 0x9C, 0xE7, 0x38, 0x00, 0x00, 0x30,
    0xFC, 0x3F, 0x0F, 0xC7, 0xF1, 0xFC, 0x7F, 0x3F, 0xCF, 0xF3, 0x7D, 0xDF, 0x77, 0xD9, 0xFE, 0x7F,
    0x1F, 0xC7, 0xF1, 0xF8, 0x70, 0x73, 0x9C, 0xE7, 0x38, 0x00, 0x00, 0x30, 0xFC, 0x3F, 0x0F, 0xC7,
    0xF1, 0xFC, 0xFF, 0x37, 0xDD, 0xFE, 0x7F, 0x9F, 0xC7, 0xF1, 0xF8, 0x70, 0x73, 0x9C, 0xE7, 0x38,
    0x00, 0x00, 0x0F, 0xC7, 0xFB, 0xCF, 0xE1, 0xF8, 0x7C, 0x1F, 0x07, 0xC1, 0xF0, 0x7C, 0x1F, 0x07,
    0xC1, 0xF8, 0x7E, 0x1F, 0xCF, 0x7F, 0x8F, 0xC0, 0x39, 0xC7, 0x38, 0xE7, 0x00, 0x00, 0x00, 0x3F,
    0x0F, 0xF3, 0xCF, 0x70, 0xEC, 0x1D, 0x83, 0xB0, 0x76, 0x0E, 0xC1, 0xDC, 0x3B, 0xCF, 0x3F, 0xC3,
    0xF0, 0x3F, 0x1F, 0xEF, 0x3F, 0x87, 0xE1, 0xF0, 0x7C, 0x1F, 0xFF, 0xFF, 0xF0, 0x7C, 0x1F, 0x07,
    0xE1, 0xF8, 0x7F, 0x3D, 0xFE, 0x3F, 0x00, 0x3F, 0x1F, 0xEF, 0x3F, 0x87, 0xC1, 0xFF, 0xFF, 0xFF,
    0x07, 0xE1, 0xF8, 0x7F, 0x3D, 0xFE, 0x3F, 0x00, 0x39, 0xC7, 0x38, 0xE7, 0x00, 0x00, 0x01, 0xC1,
    0xF8, 0x3F, 0x07, 0xE0, 0xFC, 0x1F, 0x83, 0xF0, 0x7E, 0x0E, 0xF1, 0xDF, 0xF9, 0xFF, 0x00, 0xE0,
    0x1C, 0x03, 0x80, 0x70, 0x0E, 0x01, 0xC0, 0x39, 0xC7, 0x38, 0xE7, 0x00, 0x00, 0x01, 0xC1, 0xF8,
    0x3F, 0x07, 0xE0, 0xFC, 0x1F, 0x83, 0xB8, 0x77, 0xFE, 0x7F, 0xC0, 0x38, 0x07, 0x00, 0xE0, 0x1C,
    0xFF, 0xFF, 0xFF, 0xFF, 0xFC, 0xFF, 0xFF, 0xFF, 0xF0, 0xE3, 0xF1, 0xF8, 0xFC, 0x7E, 0x3F, 0x1F,
    0x8F, 0xC7, 0xE3, 0xF1, 0xF8, 0xFC, 0x7E, 0x3F, 0x1F, 0x8F, 0xC7, 0xE3, 0xF1, 0xF8, 0xFC, 0x7E,
    0x3F, 0x1C, 0x3B, 0x9C, 0xEE, 0x39, 0xC0, 0x77, 0x77, 0x7E, 0xE0, 0x77, 0x77, 0x7E, 0xE0, 0x73,
    0xB8, 0xE7, 0x38, 0xE0, 0x73, 0xDC, 0xE7, 0x3B, 0x9C, 0xE7, 0x39, 0xC7, 0x38, 0x73, 0x8E, 0x73,
    0x9C, 0xE7, 0x73, 0x9C, 0xEE, 0x70, 0x73, 0xCE, 0x73, 0x9C, 0xE7, 0x71, 0xDC, 0xEE, 0x38, 0x73,
    0xB9, 0xCE, 0x73, 0x9C, 0x73, 0x9C, 0xE7, 0x3C, 0x0E, 0x01, 0xC0, 0x38, 0x07, 0x00, 0xE1, 0xFF,
    0xFF, 0xF8, 0x70, 0x0E, 0x01, 0xC0, 0x38, 0x07, 0x00, 0xE0, 0x1C, 0x03, 0x80, 0x70, 0x0E, 0x01,
    0xC0, 0x38, 0x07, 0x00, 0xE0, 0x0C, 0x00, 0x0E, 0x01, 0xC0, 0x38, 0x07, 0x00, 0xE1, 0xFF, 0xFF,
    0xF8, 0x70, 0x0E, 0x01, 0xC0, 0x38, 0x07, 0x00, 0xE0, 0x1C, 0x3F, 0xFF, 0xFF, 0x0E, 0x01, 0xC0,
    0x38, 0x07, 0x00, 0xE0, 0x1C, 0x00, 0x7B, 0xFF, 0xFF, 0xFD, 0xE0, 0xFF, 0xFF, 0xE6, 0x7E, 0xE7,
    0xEE, 0x7E, 0x67, 0x3C, 0x38, 0x7E, 0x30, 0x66, 0x60, 0x66, 0xE0, 0x66, 0xC0, 0x7F, 0xC0, 0x3D,
    0x80, 0x03, 0x00, 0x03, 0x00, 0x06, 0x00, 0x0F, 0xFE, 0x0F, 0xFF, 0x1B, 0x33, 0x1B, 0x33, 0x33,
    0x33, 0x73, 0xF7, 0x61, 0xFE, 0x3B, 0xDC, 0xE7, 0x39, 0x80, 0x73, 0xDC, 0xE7, 0x39, 0xCE, 0xE3,
    0xB8, 0xCE, 0x70, 0x73, 0xBD, 0xCE, 0xE7, 0x7B, 0x9D, 0xCE, 0x77, 0x3B, 0x9D, 0xCE, 0x77, 0x00,
    0x0E, 0x1E, 0x3C, 0x38, 0x70, 0xE0, 0x70, 0x38, 0x3C, 0x1E, 0x0E, 0xF0, 0x78, 0x38, 0x1C, 0x0E,
    0x07, 0x0E, 0x1C, 0x38, 0x78, 0xF0, 0x73, 0x9C, 0xE7, 0x39, 0xCE, 0x73, 0x9C, 0xE7, 0x39, 0xCE,
    0x73, 0x9C, 0xE6, 0x39, 0x8E, 0x00, 0x00, 0x0F, 0x3B, 0xCF, 0xF3, 0x80, 0xFC, 0x7F, 0x03, 0xC0,
    0xE7, 0x3B, 0x9D, 0xDC, 0x7E, 0x3E, 0x1E, 0x0C, 0x06, 0x00, 0x00, 0x01, 0xE0, 0xF0, 0x78, 0x00,
    0xFF, 0xFE, 0xFF, 0xFE, 0xE0, 0x1F, 0x80, 0xF7, 0xFF, 0x9F, 0xFC, 0x00, 0x1C, 0x00, 0xE0, 0x03,
    0x00, 0x1C, 0x00, 0xE0, 0x03, 0x00, 0x1C, 0x00, 0xE0, 0x07, 0x00, 0x1C, 0x00, 0xE0, 0x07, 0x00,
    0x1C, 0x00, 0xE0, 0x07, 0x00, 0x1C, 0x00, 0xE0, 0x00, 0xFF, 0xFF, 0x87, 0x0E, 0x1C, 0x38, 0x70,
    0xE1, 0xC3, 0xFF, 0xFE, 0x1C, 0x38, 0x70, 0xE1, 0xC3, 0x87, 0x0F, 0xFF, 0xC0, 0xFD, 0xF8, 0x30,
    0x60, 0xC1, 0x83, 0x06, 0x0C, 0x1B, 0xF7, 0xE0, 0xC1, 0x83, 0x06, 0x0C, 0x18, 0x30, 0x6F, 0xDF,
    0x80, 0x7C, 0xFE, 0xE7, 0xC3, 0xC3, 0xC3, 0xC3, 0xE7, 0xFE, 0x7C, 0x1C, 0x18, 0x38, 0x70, 0x67,
    0xFF, 0xFF, 0xFF, 0x07, 0x07, 0xFF, 0xFE, 0xF0, 0xFE, 0x7F, 0x07, 0xC3, 0xE7, 0xFE, 0x7E, 0x1C,
    0x38, 0x30, 0x7E, 0xFF, 0xC7, 0xC3, 0xC7, 0xFE, 0x7E, 0xFF, 0xFF, 0xC7, 0x46, 0x0E, 0x0C, 0x1C,
    0x18, 0x38, 0x30, 0x7E, 0xFF, 0xC7, 0xFE, 0x7E, 0xFF, 0xC3, 0xC3, 0xFF, 0x7E, 0x7E, 0xFE, 0xC7,
    0xC7, 0xFF, 0x7E, 0x3E, 0x1C, 0x18, 0x38, 0x18, 0x7E, 0xFF, 0x7E, 0x18, 0x18, 0x7E, 0xFF, 0xFF,
    0x00, 0x7E, 0xFF, 0xFF, 0x7C, 0xFE, 0xE7, 0xC3, 0xC3, 0xC3, 0xC3, 0xE7, 0xFE, 0x7C, 0x3C, 0x7E,
    0x3F, 0x03, 0x81, 0xC0, 0xE0, 0x70, 0x38, 0xFF, 0x7F, 0x80, 0x7E, 0x7E, 0xE7, 0x47, 0x06, 0x1E,
    0x3C, 0x70, 0xFF, 0xFF, 0xFF, 0xFF, 0x0E, 0x1C, 0x1E, 0x07, 0xC3, 0xC7, 0xFF, 0x7E, 0x1C, 0x18,
    0x38, 0x70, 0x67, 0xFF, 0xFF, 0xFF, 0x07, 0x07, 0xFF, 0xFE, 0xF0, 0xFE, 0x7F, 0x07, 0xC3, 0xE7,
    0xFE, 0x7E, 0x1C, 0x38, 0x30, 0x7E, 0xFF, 0xC7, 0xC3, 0xC7, 0xFE, 0x7E, 0xFF, 0xFF, 0xC7, 0x46,
    0x0E, 0x0C, 0x1C, 0x18, 0x38, 0x30, 0x7E, 0xFF, 0xC7, 0xFE, 0x7E, 0xFF, 0xC3, 0xC3, 0xFF, 0x7E,
    0x7E, 0xFE, 0xC7, 0xC7, 0xFF, 0x7E, 0x3E, 0x1C, 0x18, 0x38, 0x01, 0xC0, 0x1C, 0x07, 0xF0, 0x7F,
    0x01, 0xC3, 0xDC, 0x7F, 0xCF, 0x3C, 0xE1, 0xCE, 0x1C, 0xE1, 0xCE, 0x1C, 0xE1, 0xCF, 0x3C, 0x7F,
    0xC3, 0xFC, 0x00, 0x0F, 0xFC, 0xFF, 0xC0, 0x0F, 0xC1, 0xFE, 0x3C, 0xF3, 0x87, 0x38, 0x33, 0x80,
    0xFF, 0x8F, 0xF8, 0x38, 0x0F, 0xF8, 0xFF, 0x83, 0x80, 0x38, 0x33, 0x87, 0x3C, 0xF1, 0xFE, 0x0F,
    0xC0, 0xFF, 0xFF, 0xFF, 0x06, 0x00, 0x60, 0x06, 0x00, 0x66, 0x07, 0xE3, 0xFE, 0xFE, 0x06, 0x66,
    0x07, 0xE3, 0xFE, 0xFE, 0x0F, 0x60, 0x06, 0x00, 0x60, 0x06, 0x00, 0x1F, 0x83, 0xFC, 0x79, 0xE7,
    0x0E, 0x00, 0xE0, 0x1C, 0xFF, 0xFF, 0xFF, 0x00, 0x0F, 0xFF, 0xFF, 0xF7, 0x80, 0x70, 0xE7, 0x0E,
    0x71, 0xE7, 0xFC, 0x1F, 0x80, 0x3F, 0xE1, 0xFF, 0x8E, 0x1C, 0x70, 0x73, 0x83, 0x9C, 0x1C, 0xE0,
    0xE7, 0x1E, 0xFF, 0xF7, 0xFF, 0x0E, 0x01, 0xFF, 0x8F, 0xFC, 0x1C, 0x00, 0xE0, 0x07, 0x00, 0x38,
    0x00, 0x36, 0x06, 0xC0, 0xD8, 0x7F, 0x8F, 0xF9, 0xC7, 0xB8, 0x77, 0x0E, 0xE1, 0xDC, 0x7B, 0xFE,
    0x7F, 0xCE, 0x3D, 0xC3, 0xB8, 0x37, 0x07, 0xE1, 0xDC, 0x7B, 0xFE, 0x7F, 0x83, 0x60, 0x6C, 0x0D,
    0x80, 0x07, 0x00, 0x38, 0x01, 0xE0, 0x07, 0x00, 0x38, 0x01, 0xC0, 0x0F, 0xFF, 0xFF, 0xFF, 0x70,
    0x00, 0xE0, 0x03, 0xC0, 0x07, 0x80, 0x0E, 0x00, 0x1C, 0x00, 0x00, 0x00, 0x18, 0x01, 0xE0, 0x3F,
    0x83, 0xFE, 0x3D, 0xBD, 0xCC, 0xEC, 0x63, 0x43, 0x08, 0x18, 0x00, 0xC0, 0x06, 0x00, 0x30, 0x01,
    0x80, 0x0C, 0x00, 0x60, 0x03, 0x00, 0x18, 0x00, 0x03, 0x80, 0x0F, 0x00, 0x1E, 0x00, 0x38, 0x00,
    0x70, 0x01, 0xEF, 0xFF, 0xFF, 0xFF, 0x00, 0x38, 0x01, 0xC0, 0x0E, 0x00, 0x78, 0x03, 0xC0, 0x0E,
    0x00, 0x03, 0x00, 0x18, 0x00, 0xC0, 0x06, 0x00, 0x30, 0x01, 0x80, 0x0C, 0x00, 0x60, 0x03, 0x02,
    0x18, 0x58, 0xC6, 0xE6, 0x77, 0xB7, 0x9F, 0xF8, 0x7F, 0x00, 0xF0, 0x03, 0x00, 0x00, 0x00, 0x07,
    0x38, 0x03, 0x87, 0x01, 0xE1, 0xE0, 0xF0, 0x38, 0x38, 0x07, 0x1C, 0x00, 0xEF, 0xFF, 0xFF, 0xFF,
    0xFF, 0x70, 0x03, 0x8E, 0x01, 0xC3, 0xC0, 0xE0, 0x70, 0x78, 0x0E, 0x1C, 0x01, 0xCE, 0x00, 0x03,
    0x00, 0x3C, 0x03, 0xF0, 0x3F, 0xC3, 0xB7, 0x39, 0x9D, 0x8C, 0x68, 0x61, 0x03, 0x00, 0x18, 0x00,
    0xC0, 0x06, 0x00, 0x30, 0x01, 0x80, 0x0C, 0x00, 0x60, 0x03, 0x02, 0x18, 0x58, 0xC6, 0xE6, 0x77,
    0xB7, 0x9F, 0xF0, 0x3F, 0x00, 0xF0, 0x03, 0x00, 0xFF, 0xCF, 0xFE, 0xF0, 0x0F, 0x80, 0xFC, 0x0E,
    0xE0, 0xE7, 0x0E, 0x38, 0xE1, 0xCE, 0x0E, 0x60, 0x70, 0x02, 0x3F, 0xF7, 0xFF, 0x01, 0xF0, 0x3F,
    0x07, 0xF0, 0xF7, 0x1E, 0x73, 0xC7, 0x78, 0x7F, 0x07, 0xE0, 0x64, 0x00, 0x00, 0x0E, 0x04, 0xF0,
    0x67, 0x87, 0x3C, 0x71, 0xE7, 0x0F, 0x70, 0x7F, 0x03, 0xF0, 0x1F, 0x7F, 0xF3, 0xFF, 0x00, 0x26,
    0x07, 0xE0, 0xFE, 0x1E, 0xE3, 0xCE, 0x78, 0xEF, 0x0F, 0xE0, 0xFC, 0x0F, 0x80, 0xFF, 0xEF, 0xFC,
    0x01, 0xF8, 0x07, 0xF0, 0x03, 0xDF, 0x1F, 0xFE, 0xFF, 0xBF, 0xFC, 0x7D, 0xC0, 0x39, 0xE1, 0xCF,
    0x0F, 0x38, 0x3F, 0xFF, 0xFF, 0xFF, 0x9C, 0x07, 0x3C, 0x0E, 0x78, 0x1C, 0xE0, 0x39, 0xC0, 0x73,
    0xBF, 0xFF, 0xFF, 0xFC, 0x1C, 0xE0, 0xE7, 0x07, 0x3C, 0x38, 0x3D, 0xC1, 0xEF, 0x0F, 0x3F, 0xF8,
    0xFF, 0xE3, 0x83, 0xC7, 0x07, 0x8E, 0x0F, 0xF0, 0xE1, 0xC1, 0xC3, 0x83, 0x87, 0xFF, 0x1F, 0xFC,
    0xE0, 0xE7, 0x87, 0x3C, 0x3C, 0x0C, 0x0F, 0x87, 0xFB, 0xFE, 0xED, 0xF3, 0x30, 0xC0, 0x30, 0x0C,
    0x03, 0x00, 0xC3, 0xFF, 0xFF, 0xC0, 0xC0, 0xE3, 0x01, 0xCC, 0x03, 0xBF, 0xFF, 0xFF, 0xFF, 0x00,
    0xEC, 0x07, 0x30, 0x3C, 0xFF, 0xFF, 0xF0, 0xC0, 0x30, 0x0C, 0x03, 0x00, 0xC2, 0x31, 0xCC, 0xFF,
    0xF7, 0xF8, 0xFC, 0x1E, 0x00, 0x01, 0xE0, 0x07, 0xC0, 0x0F, 0x80, 0x0E, 0x00, 0x1C, 0x70, 0x71,
    0xC1, 0xCE, 0x07, 0x70, 0x7B, 0xFF, 0xCF, 0xFE, 0x1C, 0x00, 0x38, 0x00, 0x70, 0x01, 0xC0, 0x00,
    0x1E, 0x00, 0xF8, 0x07, 0x80, 0x38, 0x00, 0xE0, 0x03, 0x83, 0x0E, 0x0E, 0x38, 0x1C, 0x78, 0x39,
    0xFF, 0xF1, 0xFF, 0xC0, 0x0E, 0x00, 0x70, 0x03, 0x80, 0x0C, 0x00, 0x18, 0xE0, 0xE1, 0xC7, 0x7B,
    0xBB, 0xF7, 0xFD, 0xFF, 0xE3, 0xF7, 0x03, 0x8E, 0x1C, 0x18, 0xE0, 0x01, 0x83, 0x87, 0x8D, 0x99,
    0xB1, 0xE1, 0xC1, 0x83, 0x06, 0x0C, 0x18, 0x30, 0x60, 0xC1, 0x83, 0x06, 0x0C, 0x18, 0x30, 0x60,
    0x00, 0x70, 0x00, 0xE0, 0x01, 0xFF, 0xFF, 0xFF, 0xFC, 0x00, 0xE0, 0x07, 0x80, 0x1C, 0x00, 0x78,
    0x00, 0xEF, 0xFF, 0xFF, 0xFF, 0x00, 0x38, 0x01, 0xE0, 0x07, 0x00, 0x07, 0x00, 0x38, 0x01, 0xE0,
    0x07, 0x00, 0x3F, 0xFD, 0xFF, 0xFF, 0x00, 0x38, 0x00, 0xF0, 0x01, 0xFF, 0xF3, 0xFF, 0xC7, 0x00,
    0x0E, 0x00, 0x3C, 0x00, 0x00, 0x00, 0x06, 0x60, 0x0E, 0x70, 0x1E, 0x78, 0x36, 0x7C, 0x66, 0x6E,
    0xC6, 0x66, 0x06, 0x62, 0x06, 0x60, 0x06, 0x60, 0x06, 0x60, 0x06, 0x60, 0x06, 0x60, 0x06, 0x60,
    0x06, 0x60, 0x06, 0x60, 0x06, 0x60, 0x06, 0x60, 0x06, 0x60, 0x06, 0x60, 0x06, 0x60, 0x06, 0x60,
    0x06, 0x60, 0x06, 0x60, 0x03, 0x80, 0x0F, 0x00, 0x1C, 0x00, 0x38, 0xFF, 0xF3, 0xFF, 0xE0, 0x03,
    0x80, 0x07, 0x00, 0x3B, 0xFF, 0xEF, 0xFF, 0x00, 0x38, 0x01, 0xC0, 0x0E, 0x00, 0x06, 0x60, 0x06,
    0x60, 0x06, 0x60, 0x06, 0x60, 0x06, 0x60, 0x06, 0x60, 0x06, 0x60, 0x06, 0x60, 0x06, 0x60, 0x06,
    0x60, 0x06, 0x60, 0x06, 0x60, 0x06, 0x60, 0x06, 0x60, 0x06, 0x60, 0x06, 0x60, 0x06, 0x62, 0xC6,
    0x66, 0x66, 0x6E, 0x36, 0x7C, 0x1E, 0x78, 0x0E, 0x70, 0x06, 0x60, 0x00, 0x00, 0x07, 0x38, 0x03,
    0xCF, 0x00, 0xE1, 0xC0, 0x70, 0x38, 0x3F, 0xFF, 0x1F, 0xFF, 0xEF, 0x00, 0x3B, 0x80, 0x07, 0x70,
    0x03, 0x9F, 0xFF, 0xC3, 0xFF, 0xF0, 0x70, 0x78, 0x0E, 0x1C, 0x01, 0xCE, 0x00, 0x03, 0x80, 0x0F,
    0x0F, 0xFE, 0x3F, 0xF8, 0x00, 0x70, 0x00, 0xEF, 0xFF, 0xFF, 0xFF, 0x00, 0x38, 0x01, 0xCF, 0xFF,
    0x3F, 0xF8, 0x01, 0xC0, 0x0E, 0x00, 0x0C, 0x07, 0x81, 0xE0, 0xFC, 0x7F, 0xBF, 0xF0, 0xC0, 0x30,
    0xFF, 0xFF, 0xF0, 0xC0, 0x30, 0xFF, 0xFF, 0xF0, 0xC0, 0x30, 0x0C, 0x03, 0x00, 0x0C, 0x03, 0x00,
    0xC0, 0x30, 0xFF, 0xFF, 0xF0, 0xC0, 0x30, 0xFF, 0xFF, 0xF0, 0xC0, 0x30, 0x0C, 0x3F, 0xF7, 0xF8,
    0xFC, 0x1E, 0x03, 0x00, 0x00, 0x06, 0x1C, 0x1C, 0x70, 0x39, 0xC0, 0x77, 0xFF, 0xFF, 0xFF, 0xF0,
    0x1D, 0xC0, 0xE7, 0x07, 0x1C, 0x18, 0x70, 0x00, 0x00, 0x0C, 0x00, 0x78, 0x03, 0x30, 0x18, 0xE0,
    0xC1, 0xC7, 0x03, 0xBE, 0x3E, 0x08, 0xC0, 0x23, 0x00, 0x8C, 0x02, 0x30, 0x08, 0xC0, 0x23, 0x00,
    0x8C, 0x02, 0x30, 0x08, 0xC0, 0x23, 0x00, 0xFC, 0x00, 0x03, 0x00, 0x0E, 0x00, 0x3C, 0x00, 0xF8,
    0xFF, 0x72, 0x00, 0xE8, 0x01, 0xE0, 0x07, 0x80, 0x3B, 0xFD, 0xC0, 0x3E, 0x00, 0xF0, 0x03, 0x80,
    0x0C, 0x00, 0x00, 0x00, 0x0C, 0x00, 0x78, 0x03, 0x30, 0x18, 0xE0, 0xC1, 0xC7, 0x03, 0x3E, 0x3E,
    0x08, 0xC0, 0x23, 0x00, 0x8C, 0x02, 0x30, 0x0F, 0xC0, 0x00, 0x00, 0xFC, 0x02, 0x30, 0x08, 0xC0,
    0x23, 0x00, 0xFC, 0x00, 0xE0, 0x7E, 0x07, 0xE0, 0x76, 0x0E, 0x70, 0xE7, 0xFE, 0x7F, 0xC3, 0x1C,
    0x39, 0xC3, 0x9C, 0x39, 0x81, 0xB8, 0x1F, 0x81, 0xF8, 0x1F, 0x00, 0xF0, 0x0F, 0x00, 0xF0, 0x3C,
    0x7E, 0xE7, 0xE7, 0xE7, 0xE0, 0xE0, 0xE0, 0xE7, 0xE7, 0xE7, 0x7E, 0x3C, 0x3C, 0x03, 0x80, 0x70,
    0x0E, 0x03, 0x8F, 0x77, 0xFF, 0xCF, 0xE1, 0xF8, 0x7E, 0x1F, 0x87, 0xE1, 0xF8, 0x7E, 0x3D, 0xFE,
    0x3F, 0x00, 0xFF, 0xFF, 0xFC, 0x03, 0x80, 0x70, 0x0E, 0x01, 0xC0, 0x3B, 0xFF, 0x7F, 0xE0, 0x1C,
    0x03, 0x80, 0x70, 0x0E, 0x01, 0xC0, 0x3F, 0xFF, 0xFF, 0xE0, 0x00, 0xC0, 0x3B, 0xFF, 0xFF, 0xF0,
    0x3E, 0x07, 0xC0, 0xF8, 0x3F, 0x06, 0xEF, 0xFD, 0xFF, 0x86, 0x71, 0xCE, 0x31, 0xC6, 0x39, 0xC7,
    0x30, 0xFF, 0xFF, 0xFF, 0xB0, 0x06, 0x01, 0x80, 0x00, 0x00, 0x0C, 0x00, 0x0C, 0x0F, 0xF8, 0x1F,
    0xF8, 0x3C, 0x7C, 0x78, 0x7C, 0x70, 0xEE, 0x60, 0xCE, 0xE1, 0x86, 0xE3, 0x86, 0x63, 0x0E, 0x76,
    0x0E, 0x7E, 0x1E, 0x3C, 0x3C, 0x1F, 0xF8, 0x3F, 0xE0, 0x70, 0x00, 0x0F, 0x00, 0xF0, 0x1F, 0x01,
    0xF8, 0x1F, 0x81, 0xB8, 0x39, 0x83, 0x9C, 0x39, 0xC3, 0x1C, 0x70, 0xC7, 0x0E, 0x70, 0xE6, 0x0E,
    0xE0, 0x6F, 0xFF, 0xFF, 0xF0, 0xFF, 0xFF, 0xFF, 0xE0, 0x66, 0x0E, 0x70, 0xE7, 0x0E, 0x70, 0xC3,
    0x1C, 0x39, 0xC3, 0x9C, 0x39, 0x81, 0xB8, 0x1F, 0x81, 0xF8, 0x1F, 0x00, 0xF0, 0x0F, 0x00, 0x1F,
    0xF8, 0xFF, 0xE7, 0x00, 0x1C, 0x00, 0xE0, 0x03, 0xFF, 0xEF, 0xFF, 0xB8, 0x00, 0xE0, 0x01, 0xC0,
    0x07, 0x80, 0x0F, 0xFE, 0x1F, 0xF8, 0x00, 0x60, 0x01, 0x80, 0x06, 0x00, 0x38, 0x1F, 0xF8, 0xFF,
    0xE7, 0x98, 0x1C, 0x60, 0xE3, 0x83, 0xFF, 0xEF, 0xFF, 0xB9, 0xC0, 0xE6, 0x01, 0xD8, 0x07, 0xE0,
    0x0F, 0xFE, 0x1F, 0xF8, 0x60, 0x01, 0x80, 0x06, 0x00, 0x7F, 0x70, 0xC0, 0xFF, 0xC0, 0x60, 0x7F,
    0x00, 0xFF, 0xE1, 0xFF, 0xC0, 0x07, 0x80, 0x0E, 0x00, 0x19, 0xFF, 0xEF, 0xFF, 0x80, 0x06, 0x00,
    0x18, 0x00, 0xE0, 0x07, 0x9F, 0xFC, 0xFF, 0xE0, 0x00, 0x60, 0x01, 0x80, 0x06, 0x00, 0x30, 0xFF,
    0xE1, 0xFF, 0xC0, 0x1F, 0x80, 0x6E, 0x03, 0x99, 0xFF, 0xEF, 0xFF, 0x81, 0xC6, 0x06, 0x18, 0x18,
    0xE0, 0xE7, 0x9F, 0xFC, 0xFF, 0xE0, 0x60, 0x01, 0x80, 0x06, 0x00, 0x7F, 0xBF, 0xEF, 0xFB, 0xFE,
    0xFF, 0xBF, 0xEF, 0xFB, 0xFE, 0xFF, 0xBF, 0xEF, 0xFB, 0xFE, 0x7F, 0xFB, 0xFF, 0xCE, 0x1C, 0x70,
    0xE3, 0x87, 0x1C, 0x38, 0xE1, 0xC7, 0x0E, 0x38, 0x71, 0xC3, 0x8E, 0x1C, 0x70, 0xE3, 0x87, 0x1C,
    0x38, 0xE1, 0xC7, 0x0E, 0x38, 0x71, 0xC3, 0x8E, 0x1C, 0x70, 0xE3, 0x87, 0x00, 0x38, 0x71, 0xC3,
    0x8E, 0x1C, 0x70, 0xE3, 0x87, 0x1C, 0x38, 0xE1, 0xC7, 0x0E, 0x38, 0x71, 0xC3, 0x8E, 0x1C, 0x70,
    0xE3, 0x87, 0x1C, 0x38, 0xE1, 0xC7, 0x0E, 0x38, 0x71, 0xC3, 0x8E, 0x1C, 0xFF, 0xF7, 0xFF, 0x80,
    0xFF, 0xFF, 0xFF, 0xF0, 0x07, 0x00, 0x38, 0x03, 0xC0, 0x1C, 0x00, 0xE0, 0x07, 0x00, 0x78, 0x03,
    0x80, 0x38, 0x07, 0x00, 0xE0, 0x1E, 0x01, 0xC0, 0x38, 0x07, 0x00, 0xF0, 0x0F, 0xFF, 0xFF, 0xF0,
    0xFF, 0xFF, 0xFF, 0xFF, 0xFF, 0x06, 0x00, 0x60, 0x06, 0x00, 0x60, 0x06, 0x0F, 0xFF, 0xFF, 0xF0,
    0x60, 0x06, 0x00, 0x60, 0x06, 0x00, 0x60, 0x00, 0x1C, 0x00, 0xE0, 0x03, 0x00, 0x1C, 0x00, 0xE0,
    0x03, 0x00, 0x1C, 0x00, 0xE0, 0x07, 0x00, 0x1C, 0x00, 0xE0, 0x07, 0x00, 0x1C, 0x00, 0xE0, 0x07,
    0x00, 0x1C, 0x00, 0xE0, 0x00, 0x7B, 0x7C, 0xF3, 0xDD, 0xE0, 0xFF, 0xFF, 0x00, 0x1C, 0x00, 0x60,
    0x03, 0x80, 0x0E, 0xF8, 0x3B, 0xE0, 0xC1, 0xC7, 0x07, 0x1C, 0x0C, 0x60, 0x31, 0x80, 0xEE, 0x03,
    0xB8, 0x06, 0xC0, 0x1F, 0x00, 0x7C, 0x01, 0xE0, 0x03, 0x80, 0x3C, 0xF3, 0xFF, 0xD9, 0xC7, 0xCE,
    0x3E, 0x31, 0xB1, 0xCD, 0xDE, 0xEF, 0xBE, 0x00, 0x40, 0xFF, 0xFF, 0xFF, 0xFF, 0xFF, 0xFF, 0xE0,
    0x1C, 0x0E, 0x07, 0x03, 0xB1, 0xF8, 0xF8, 0x7C, 0x3C, 0x1C, 0x0E, 0x07, 0x07, 0x87, 0xC3, 0xE0,
    0x70, 0x38, 0x1C, 0x00, 0xE7, 0xE7, 0xE7, 0xE7, 0xE7, 0xE7, 0xE7, 0xE7, 0xE7, 0xE7, 0xE7, 0xE7,
    0xE7, 0xE7, 0xE7, 0xE7, 0xE7, 0x0F, 0x00, 0xF0, 0x1F, 0x01, 0xF8, 0x1F, 0x83, 0x98, 0x39, 0xC3,
    0x1C, 0x70, 0xE7, 0x0E, 0x60, 0xEE, 0x07, 0xE0, 0x7E, 0x06, 0x70, 0xE7, 0x0E, 0x70, 0xC3, 0x9C,
    0x39, 0xC1, 0xB8, 0x1F, 0x81, 0xF8, 0x0F, 0x00, 0xF0, 0x1F, 0xE1, 0xFF, 0x9E, 0x3E, 0xE0, 0x77,
    0x03, 0xB0, 0x1D, 0x80, 0xEC, 0x07, 0x60, 0x3B, 0x01, 0xD8, 0x0E, 0xC0, 0x76, 0x03, 0xB0, 0x1D,
    0x80, 0xEC, 0x07, 0x60, 0x38, 0x60, 0x3B, 0x01, 0xD8, 0x0E, 0xC0, 0x76, 0x03, 0xB0, 0x1D, 0x80,
    0xEC, 0x07, 0x60, 0x3B, 0x01, 0xD8, 0x0E, 0xC0, 0x77, 0x03, 0xB8, 0x1D, 0xE1, 0xE7, 0xFE, 0x1F,
    0xE0, 0x03, 0xF8, 0x3F, 0xC1, 0xC0, 0x0E, 0x00, 0x70, 0x03, 0x80, 0x1C, 0x00, 0xE0, 0x07, 0x00,
    0x38, 0x01, 0xC0, 0x0E, 0x00, 0x70, 0x03, 0x80, 0x1C, 0x00, 0xE0, 0x06, 0x00, 0x70, 0x03, 0x81,
    0xFC, 0x0F, 0x80, 0x00, 0x07, 0x80, 0x1E, 0x00, 0x78, 0x00, 0x00, 0x00, 0x00, 0x00, 0x00, 0x00,
    0x00, 0x00, 0x00, 0x00, 0x00, 0x07, 0x03, 0xBC, 0x0E, 0x70, 0x38, 0x70, 0x3B, 0xC0, 0xE7, 0x03,
    0x80, 0x00, 0x00, 0x00, 0x00, 0x00, 0x00, 0x00, 0x00, 0x00, 0x00, 0x00, 0x00, 0x78, 0x01, 0xE0,
    0x07, 0x80, 0x7B, 0xDE, 0x00, 0x00, 0x00, 0x00, 0x1E, 0xF7, 0x80, 0xF0, 0xEF, 0x1F, 0xF1, 0xF7,
    0x0E, 0x00, 0x00, 0x00, 0x00, 0x00, 0x00, 0x70, 0xEF, 0x1F, 0xF1, 0xFF, 0x0E, 0x3C, 0x3C, 0x3C,
    0x3C, 0x00, 0x00, 0xFF, 0xFF, 0x00, 0x3C, 0x00, 0xF0, 0x03, 0xFF, 0xC0, 0xFF, 0x03, 0xFC, 0x00,
    0x00, 0x00, 0x0F, 0x00, 0x3C, 0x00, 0xF0, 0x3C, 0x77, 0xE7, 0xEE, 0x6E, 0x7E, 0xE3, 0xC0, 0x3C,
    0x73, 0xF3, 0xD9, 0xC7, 0xCE, 0x36, 0x39, 0xB9, 0xFC, 0xC7, 0xC0, 0x7C, 0x77, 0xE7, 0xEF, 0x6E,
    0x7E, 0xE3, 0xC0, 0x00, 0x00, 0x0F, 0xFF, 0xFF, 0xF0, 0x3C, 0x67, 0xE7, 0xEE, 0x6E, 0x7E, 0xE3,
    0xC0, 0x00, 0x00, 0x0F, 0xFF, 0xFF, 0xF0, 0x00, 0x00, 0x00, 0x00, 0xFF, 0xFF, 0xFF, 0x00, 0xC0,
    0x0C, 0x3D, 0xE7, 0xFF, 0xEF, 0xEE, 0x7E, 0xE3, 0xC0, 0x30, 0x06, 0x0F, 0xFF, 0xFF, 0xF0, 0xC0,
    0x0C, 0x00, 0xC0, 0xFF, 0xFF, 0xFF, 0x18, 0x03, 0x00, 0x30, 0x03, 0x00, 0x3C, 0x77, 0xE7, 0xEE,
    0x6E, 0x7E, 0xE3, 0xC3, 0xC7, 0x7E, 0x7E, 0xE6, 0xE7, 0xEE, 0x3C, 0x00, 0xC0, 0x0C, 0x00, 0xC0,
    0x18, 0x01, 0x80, 0x18, 0x7F, 0x77, 0xF7, 0xEF, 0x6E, 0x7E, 0xE7, 0xC3, 0xE6, 0x7E, 0x7E, 0xE6,
    0xFF, 0xEF, 0xBC, 0x18, 0x03, 0x00, 0x30, 0x03, 0x00, 0x3C, 0x77, 0xE7, 0xEF, 0xEE, 0x3E, 0x00,
    0x03, 0xC7, 0x7E, 0x7E, 0xFE, 0xE3, 0xE0, 0x00, 0x3C, 0x77, 0xE7, 0xEF, 0xEE, 0x3E, 0xE0, 0x7E,
    0x0F, 0xFF, 0xE7, 0xFC, 0x00, 0x00, 0x00, 0x3F, 0xC7, 0xFE, 0xF0, 0xFE, 0x07, 0xE0, 0x03, 0xC0,
    0x0F, 0x7F, 0xFD, 0xFF, 0x00, 0x00, 0x00, 0x00, 0x00, 0x39, 0xFF, 0xF7, 0xFF, 0xC0, 0x0F, 0x00,
    0x00, 0x0F, 0x03, 0x70, 0x66, 0x0D, 0xC0, 0xF0, 0x00, 0x00, 0x00, 0x00, 0x7F, 0xEF, 0xFC, 0x00,
    0x00, 0x00, 0x00, 0xFF, 0xDF, 0xF8, 0x1F, 0x03, 0xF0, 0x06, 0x00, 0xC0, 0xF8, 0x08, 0x00, 0x00,
    0x70, 0x0E, 0x00, 0x01, 0xFF, 0xBF, 0xF0, 0x00, 0x00, 0x00, 0x03, 0xFF, 0x7F, 0xE0, 0x00, 0xC0,
    0x18, 0x07, 0x00, 0xC0, 0x18, 0x07, 0x00, 0xC3, 0xFF, 0x7F, 0xE0, 0xC0, 0x18, 0x06, 0x07, 0xFE,
    0xFF, 0xC6, 0x00, 0xC0, 0x38, 0x06, 0x00, 0xC0, 0x18, 0x00, 0x7F, 0xEF, 0xFC, 0x00, 0x00, 0x00,
    0x00, 0xFF, 0xDF, 0xF8, 0x00, 0x00, 0x00, 0x01, 0xFF, 0xBF, 0xF0, 0x00, 0xC0, 0x30, 0x06, 0x3F,
    0xF7, 0xFE, 0x06, 0x00, 0xC0, 0x30, 0x7F, 0xEF, 0xFC, 0x38, 0x06, 0x00, 0xC0, 0xFF, 0xDF, 0xF8,
    0xC0, 0x38, 0x06, 0x00, 0x7F, 0xEF, 0xFC, 0x00, 0x00, 0x07, 0xFE, 0xFF, 0xC0, 0x03, 0xFF, 0x7F,
    0xE0, 0x01, 0xFF, 0xBF, 0xF0, 0x00, 0x20, 0x1C, 0x0F, 0x87, 0xC3, 0xE0, 0xF0, 0x1C, 0x03, 0xC0,
    0x3E, 0x01, 0xF0, 0x0F, 0x80, 0x70, 0x02, 0x00, 0x00, 0x03, 0xFF, 0x7F, 0xE0, 0x40, 0x0E, 0x01,
    0xF0, 0x1F, 0x80, 0xFC, 0x07, 0xC0, 0x38, 0x0F, 0x0F, 0xC7, 0xE1, 0xF0, 0x38, 0x04, 0x00, 0x00,
    0x00, 0x03, 0xFF, 0x7F, 0xE0, 0x01, 0x04, 0x1C, 0x70, 0xF3, 0xCF, 0x3E, 0x79, 0xE3, 0xCF, 0x0C,
    0x38, 0x3C, 0xF0, 0x79, 0xE0, 0x79, 0xE0, 0xF3, 0xC0, 0xC3, 0x01, 0x04, 0x82, 0x03, 0x0E, 0x0F,
    0x3C, 0x1E, 0x7C, 0x1E, 0x78, 0x3C, 0xF0, 0x71, 0xC3, 0xCF, 0x3C, 0x79, 0xE7, 0x8F, 0x3C, 0x30,
    0xC0, 0x82, 0x00, 0xE7, 0x7E, 0x3C, 0x66, 0x66, 0xC3, 0xC3, 0xC3, 0xC3, 0xC3, 0x66, 0x66, 0x3E,
    0x3C, 0x7F, 0x00, 0x00, 0xC0, 0x1C, 0x01, 0x8E, 0x3F, 0xE3, 0xFF, 0xFE, 0x7F, 0xC0, 0x60, 0x06,
    0x03, 0xFC, 0xFF, 0xEF, 0xCF, 0xF8, 0x71, 0x80, 0x38, 0x03, 0x00, 0x00, 0xC0, 0x38, 0x06, 0x00,
    0xC0, 0x3E, 0x07, 0xC3, 0xF1, 0xF8, 0x7E, 0x0E, 0xC1, 0xF8, 0x3F, 0x01, 0xF8, 0x3F, 0xC6, 0x78,
    0xC3, 0x30, 0x06, 0x00, 0xC0, 0x00, 0x00, 0xC0, 0x38, 0x06, 0x00, 0xC6, 0x38, 0xF6, 0x0F, 0xC0,
    0x7C, 0x07, 0xE0, 0xDC, 0x3F, 0x87, 0xF1, 0xF8, 0xFC, 0x1E, 0x03, 0xC0, 0x30, 0x06, 0x00, 0xC0,
    0x00, 0x00, 0xC0, 0x1C, 0x07, 0x81, 0xF0, 0xF8, 0x7F, 0x1E, 0xC3, 0x98, 0x7F, 0x07, 0xE0, 0x3F,
    0x07, 0xF0, 0xCE, 0x18, 0x47, 0x00, 0xC0, 0x7F, 0xEF, 0xFC, 0xC0, 0x18, 0x03, 0x00, 0x00, 0xC8,
    0x19, 0xC7, 0x3E, 0xC3, 0xF8, 0x1F, 0x80, 0xF8, 0x1F, 0x07, 0xE1, 0xF8, 0xFC, 0x3F, 0x07, 0xC0,
    0x98, 0x07, 0x00, 0xC0, 0x7F, 0xEF, 0xFC, 0xC0, 0x18, 0x03, 0x00, 0x00, 0x00, 0x06, 0x01, 0xE0,
    0x7C, 0x1F, 0x07, 0xC0, 0x70, 0x07, 0x80, 0x7E, 0x01, 0xF8, 0x07, 0xE0, 0x1E, 0x00, 0x60, 0x00,
    0x7E, 0x7F, 0xFE, 0xE7, 0xE0, 0x40, 0x0E, 0x01, 0xF0, 0x0F, 0x80, 0x7C, 0x03, 0xC0, 0x38, 0x1F,
    0x0F, 0xC7, 0xE1, 0xF0, 0x38, 0x00, 0x00, 0x78, 0xDF, 0x9B, 0x7F, 0xE3, 0xC0, 0x00, 0x60, 0x1C,
    0x03, 0x80, 0xE0, 0x7D, 0xFE, 0x3F, 0x87, 0xF0, 0x3F, 0x80, 0x78, 0x07, 0x80, 0x70, 0x0E, 0x60,
    0x07, 0x00, 0x70, 0x03, 0x80, 0x3E, 0x01, 0xFE, 0x07, 0xF0, 0xFF, 0x1F, 0xC3, 0xC0, 0x78, 0x07,
    0x00, 0x60, 0x00, 0x00, 0x60, 0x1C, 0x03, 0x80, 0xE0, 0x79, 0xFE, 0x3F, 0x07, 0xF8, 0x3F, 0x80,
    0x78, 0x07, 0x80, 0x70, 0x0E, 0x00, 0x00, 0x07, 0xFF, 0xFF, 0xE0, 0x1F, 0xF8, 0xFF, 0xE7, 0x80,
    0x1C, 0x00, 0xE0, 0x03, 0x80, 0x0E, 0x00, 0x1C, 0x00, 0x78, 0x00, 0xFF, 0xE1, 0xFF, 0x80, 0xFF,
    0xE7, 0xFF, 0x80, 0x1E, 0x00, 0x70, 0x03, 0x80, 0x0C, 0x00, 0xE0, 0x07, 0x00, 0x7F, 0xFF, 0xBF,
    0xF8, 0x00, 0x60, 0x01, 0x80, 0x0C, 0x00, 0x30, 0x1F, 0xF8, 0xFF, 0xE7, 0x98, 0x1C, 0xE0, 0xE3,
    0x03, 0x8C, 0x06, 0x70, 0x1D, 0x80, 0x7E, 0x00, 0xFF, 0xE1, 0xFF, 0x83, 0x00, 0x1C, 0x00, 0x60,
    0x01, 0x80, 0x00, 0x00, 0x60, 0x03, 0x00, 0x38, 0x01, 0x8F, 0xFE, 0x7F, 0xF8, 0x07, 0xE0, 0x37,
    0x03, 0x38, 0x18, 0xC1, 0xCE, 0x0C, 0x70, 0x67, 0xFF, 0xFB, 0xFF, 0x81, 0x80, 0x1C, 0x00, 0xC0,
    0x06, 0x00, 0x1F, 0xF8, 0xFF, 0xE7, 0x80, 0x1C, 0x00, 0xE0, 0x03, 0x80, 0x0E, 0x00, 0x1C, 0x00,
    0x78, 0x00, 0xFF, 0xE1, 0xFF, 0x80, 0x00, 0x00, 0x00, 0x00, 0x07, 0xFF, 0x9F, 0xFE, 0xFF, 0xE7,
    0xFF, 0x80, 0x1E, 0x00, 0x70, 0x03, 0x80, 0x0C, 0x00, 0xE0, 0x07, 0x00, 0x7F, 0xFF, 0xBF, 0xF8,
    0x00, 0x00, 0x00, 0x00, 0x03, 0xFF, 0xFF, 0xFF, 0x00, 0x30, 0x01, 0xC0, 0x06, 0x07, 0xFE, 0x3F,
    0xF9, 0xE3, 0x07, 0x1C, 0x38, 0x60, 0xE1, 0x83, 0x8E, 0x07, 0x30, 0x1F, 0xC0, 0x3F, 0xF8, 0x7F,
    0xE0, 0xE0, 0x03, 0x00, 0x0C, 0x01, 0xFF, 0xE7, 0xFF, 0x86, 0x00, 0x38, 0x00, 0xC0, 0x00, 0x00,
    0x30, 0x03, 0x80, 0x19, 0xFF, 0xCF, 0xFF, 0x00, 0x7C, 0x07, 0xE0, 0x37, 0x01, 0x98, 0x1D, 0xC0,
    0xCE, 0x06, 0xFF, 0xFF, 0x7F, 0xF0, 0x38, 0x01, 0x80, 0x0C, 0x07, 0xFF, 0xFF, 0xFE, 0x30, 0x03,
    0x80, 0x18, 0x00, 0xC0, 0x3C, 0x03, 0xC0, 0x3C, 0x03, 0xC0, 0x3C, 0x03, 0xC0, 0x3C, 0x03, 0xC6,
    0x3C, 0x63, 0xC6, 0x3F, 0xFB, 0xC6, 0x3C, 0x66, 0x66, 0x67, 0x9E, 0x3F, 0xC0, 0x00, 0x03, 0xFF,
    0xEF, 0xFF, 0xB8, 0x00, 0xE0, 0x03, 0x80, 0x0E, 0x00, 0x38, 0x00, 0xE0, 0x03, 0x80, 0x0F, 0xFF,
    0xBF, 0xFE, 0xFF, 0xFF, 0xFF, 0xC0, 0x06, 0x00, 0x30, 0x01, 0x80, 0x0C, 0x00, 0x60, 0x03, 0x00,
    0x1F, 0xFF, 0xFF, 0xFE, 0xFF, 0xFB, 0xFF, 0xEE, 0x00, 0x38, 0x00, 0xE0, 0x03, 0x80, 0x0E, 0x00,
    0x38, 0x00, 0xE0, 0x03, 0xFF, 0xEF, 0xFF, 0x80, 0x00, 0x00, 0x00, 0x00, 0x0F, 0xFF, 0xBF, 0xFE,
    0xFF, 0xFF, 0xFF, 0xC0, 0x06, 0x00, 0x30, 0x01, 0x80, 0x0C, 0x00, 0x60, 0x03, 0x00, 0x1F, 0xFF,
    0xFF, 0xFE, 0x00, 0x00, 0x00, 0x00, 0x03, 0xFF, 0xFF, 0xFF, 0xFF, 0xFF, 0xFF, 0xE0, 0x7E, 0x07,
    0xE0, 0x7E, 0x07, 0xE0, 0x7E, 0x07, 0xE0, 0x7E, 0x07, 0xE0, 0x7E, 0x07, 0xE0, 0x70, 0xE0, 0x7E,
    0x07, 0xE0, 0x7E, 0x07, 0xE0, 0x7E, 0x07, 0xE0, 0x7E, 0x07, 0xE0, 0x7E, 0x07, 0xE0, 0x7F, 0xFF,
    0xFF, 0xF0, 0x0F, 0xE0, 0x1F, 0xF8, 0x39, 0x9C, 0x71, 0x8E, 0x61, 0x86, 0x61, 0x86, 0xFF, 0xFE,
    0xFF, 0xFE, 0x41, 0x86, 0x61, 0x86, 0x61, 0x8E, 0x39, 0x9C, 0x1F, 0xF8, 0x0F, 0xE0, 0x0F, 0xE0,
    0x1E, 0x78, 0x30, 0x1C, 0x60, 0x0E, 0x60, 0x06, 0x40, 0x06, 0xCF, 0xF6, 0xCF, 0xF6, 0x40, 0x06,
    0x60, 0x06, 0x60, 0x0E, 0x30, 0x1C, 0x1E, 0x78, 0x0F, 0xE0, 0x07, 0xC0, 0x1F, 0xF0, 0x3E, 0x78,
    0x38, 0x1C, 0x7C, 0x3E, 0x6E, 0x76, 0x47, 0xE6, 0xC3, 0xC6, 0xC7, 0xC6, 0x6F, 0xE6, 0x7E, 0x76,
    0x7C, 0x3C, 0x38, 0x3C, 0x1F, 0xF8, 0x0F, 0xE0, 0x07, 0xC0, 0x1F, 0xF0, 0x3E, 0x78, 0x30, 0x3C,
    0x60, 0x6E, 0x60, 0xE6, 0x41, 0xC6, 0xC1, 0x86, 0xC3, 0x86, 0x67, 0x06, 0x66, 0x06, 0x7C, 0x0C,
    0x3C, 0x3C, 0x1F, 0xF8, 0x0F, 0xE0, 0x0F, 0xE0, 0x1E, 0x78, 0x30, 0x1C, 0x60, 0x0E, 0x60, 0x06,
    0x41, 0x86, 0xC3, 0xC6, 0xC1, 0x86, 0x40, 0x06, 0x60, 0x06, 0x60, 0x0E, 0x30, 0x1C, 0x1E, 0x78,
    0x0F, 0xE0, 0x03, 0xC0, 0x0F, 0xF0, 0x3D, 0xB8, 0x31, 0x8C, 0x61, 0x8E, 0x7D, 0xBE, 0x7F, 0xFE,
    0xCF, 0xF6, 0xC3, 0xC6, 0x67, 0xE6, 0x6E, 0x76, 0x7E, 0x7C, 0x3C, 0x3C, 0x1F, 0xF8, 0x0F, 0xE0,
    0x07, 0xC0, 0x1F, 0xF0, 0x3E, 0x78, 0x38, 0x1C, 0x60, 0x0E, 0x7F, 0xFE, 0x7F, 0xFE, 0xC0, 0x06,
    0xC0, 0x06, 0x7F, 0xFE, 0x7F, 0xFE, 0x70, 0x0C, 0x38, 0x3C, 0x1F, 0xF8, 0x0F, 0xE0, 0x07, 0xC0,
    0x1F, 0xF0, 0x3E, 0x78, 0x30, 0x1C, 0x60, 0x0E, 0x60, 0x06, 0x40, 0x06, 0xFF, 0xFE, 0xFF, 0xFE,
    0x60, 0x06, 0x60, 0x06, 0x70, 0x0C, 0x38, 0x3C, 0x1F, 0xF8, 0x0F, 0xE0, 0xFF, 0xFF, 0x80, 0xFF,
    0x07, 0xFE, 0x3F, 0xDF, 0xEF, 0x3F, 0x3C, 0x78, 0xF1, 0xE3, 0xCF, 0xCF, 0x77, 0xBF, 0x8F, 0xFC,
    0x1F, 0xE0, 0x3F, 0xFF, 0xF0, 0xFF, 0xFF, 0xFF, 0xFC, 0x00, 0xF0, 0x03, 0xC0, 0x0F, 0x00, 0x3D,
    0xFE, 0xF7, 0xFB, 0xC0, 0x0F, 0x00, 0x3C, 0x00, 0xF0, 0x03, 0xC0, 0x0F, 0xFF, 0xFF, 0xFF, 0xC0,
    0xFF, 0xFF, 0xFF, 0xFC, 0x30, 0xF0, 0xC3, 0xC3, 0x0F, 0x0C, 0x3F, 0xFF, 0xFF, 0xFF, 0xC3, 0x0F,
    0x0C, 0x3C, 0x30, 0xF0, 0xC3, 0xC3, 0x0F, 0xFF, 0xFF, 0xFF, 0xC0, 0xFF, 0xFF, 0xFF, 0xFC, 0x00,
    0xF0, 0x03, 0xC0, 0x0F, 0x00, 0x3C, 0x30, 0xF1, 0xE3, 0xC3, 0x0F, 0x00, 0x3C, 0x00, 0xF0, 0x03,
    0xC0, 0x0F, 0xFF, 0xFF, 0xFF, 0xC0, 0xC0, 0x03, 0x00, 0x0C, 0x00, 0x30, 0x00, 0xC0, 0x03, 0x00,
    0x0F, 0xFF, 0xFF, 0xFF, 0xC0, 0x03, 0x00, 0x0C, 0x00, 0x30, 0x00, 0xC0, 0x03, 0x00, 0x00, 0x00,
    0x1C, 0x00, 0x70, 0x01, 0xC0, 0x07, 0x00, 0x1C, 0x00, 0x7F, 0xFF, 0xFF, 0xFF, 0x00, 0x1C, 0x00,
    0x70, 0x01, 0xC0, 0x07, 0x00, 0x1C, 0x00, 0x70, 0xFF, 0xFF, 0xFF, 0xF0, 0x70, 0x01, 0xC0, 0x07,
    0x00, 0x1C, 0x00, 0x70, 0x01, 0xC0, 0x07, 0x00, 0x1C, 0x00, 0x70, 0x01, 0xC0, 0x07, 0x00, 0x1C,
    0x00, 0x07, 0x00, 0x1C, 0x00, 0x70, 0x01, 0xC0, 0x07, 0x00, 0x1C, 0x00, 0x70, 0x01, 0xC0, 0x07,
    0x00, 0x1C, 0x00, 0x70, 0x01, 0xC0, 0xFF, 0xFF, 0xFF, 0xF0, 0x00, 0x20, 0x1C, 0x0F, 0x87, 0xF3,
    0xF6, 0xF0, 0xDC, 0x1B, 0xC3, 0x3F, 0x61, 0xFC, 0x0F, 0x80, 0x70, 0x02, 0x00, 0x00, 0x03, 0xFF,
    0x7F, 0xE0, 0x00, 0x7B, 0xFF, 0xB0, 0x06, 0xC0, 0x0E, 0xE0, 0x76, 0x0E, 0x70, 0xE7, 0x0E, 0x39,
    0xC3, 0x9C, 0x39, 0x81, 0xF8, 0x1F, 0x81, 0xF0, 0x0F, 0x00, 0xF0, 0x00, 0x00, 0x00, 0x7F, 0xE7,
    0xFE, 0xFF, 0xFF, 0xFF, 0x00, 0x00, 0x00, 0x0F, 0x00, 0xF0, 0x1F, 0x81, 0xF8, 0x1B, 0x83, 0x9C,
    0x39, 0xC7, 0x1C, 0x70, 0xE7, 0x0E, 0xE0, 0x6E, 0x07, 0xFF, 0xFF, 0xFF, 0x00, 0x00, 0x00, 0xE0,
    0x7E, 0x0E, 0x70, 0xE7, 0x0E, 0x31, 0xC3, 0x9C, 0x39, 0x81, 0xF8, 0x1F, 0x81, 0xF0, 0x0F, 0x00,
    0xF0, 0x1F, 0xE1, 0xFF, 0x9E, 0x3E, 0xE0, 0x77, 0x03, 0xB0, 0x1D, 0x80, 0xEC, 0x07, 0x60, 0x3B,
    0x01, 0xD8, 0x0E, 0xC0, 0x76, 0x03, 0xB0, 0x1D, 0x80, 0xEC, 0x07, 0x60, 0x38, 0x60, 0x3B, 0x01,
    0xD8, 0x0E, 0xC0, 0x76, 0x03, 0xB0, 0x1D, 0x80, 0xEC, 0x07, 0x60, 0x3B, 0x01, 0xD8, 0x0E, 0xC0,
    0x77, 0x03, 0xB8, 0x1D, 0xE1, 0xE7, 0xFE, 0x1F, 0xE0, 0x18, 0x3C, 0x6E, 0x66, 0x7E, 0x3C, 0x18,
    0x00, 0x83, 0x3F, 0x71, 0xE0, 0x00, 0x00, 0x02, 0x00, 0x3E, 0x01, 0xFC, 0x0F, 0xF8, 0x7F, 0x73,
    0xBC, 0xFC, 0xF1, 0xE3, 0xC7, 0x8F, 0x37, 0x3D, 0x86, 0xFC, 0x0F, 0xE0, 0x1F, 0x00, 0x38, 0x00,
    0x40, 0x00, 0x02, 0x00, 0x3E, 0x01, 0xFC, 0x0E, 0xF8, 0x73, 0x73, 0x8C, 0xFC, 0x31, 0xE0, 0xC7,
    0x83, 0x37, 0x0D, 0x8E, 0x3C, 0x0C, 0xE0, 0x1B, 0x00, 0x38, 0x00, 0x00, 0x00, 0x03, 0x00, 0x3E,
    0x01, 0xDC, 0x0F, 0x38, 0x7C, 0x73, 0xB0, 0xFC, 0xC1, 0xE3, 0x07, 0x8C, 0x37, 0x31, 0x86, 0xDC,
    0x0F, 0xE0, 0x1F, 0x00, 0x30, 0x00, 0x40, 0xE0, 0x1B, 0xC1, 0xFF, 0x8F, 0x8F, 0x38, 0x1D, 0xC0,
    0x3F, 0x00, 0x78, 0x01, 0xE0, 0x07, 0x80, 0x1C, 0x00, 0x70, 0x01, 0xC0, 0x07, 0x00, 0x1F, 0xF9,
    0xFF, 0xDE, 0x00, 0xE0, 0x06, 0x7F, 0xF3, 0xFF, 0xB8, 0x1D, 0xC0, 0xEE, 0x03, 0x3F, 0xDD, 0xFE,
    0xF0, 0x03, 0xFF, 0x8F, 0xFC, 0x00, 0x30, 0x01, 0xC0, 0x06, 0x3F, 0xFE, 0xFF, 0xFB, 0x83, 0x0E,
    0x1C, 0x38, 0x60, 0xE1, 0x83, 0x8E, 0x0E, 0x30, 0x39, 0xC0, 0xFF, 0xFB, 0xFF, 0xE0, 0xE0, 0x03,
    0x00, 0x0C, 0x03, 0xFF, 0xEF, 0xFF, 0x86, 0x00, 0x38, 0x00, 0xC0, 0x00, 0x4F, 0xFF, 0x00, 0xFF,
    0xF4, 0x04, 0xFF, 0xF0, 0x73, 0xCE, 0xF3, 0xDE, 0x73, 0xCE, 0x00, 0x04, 0x00, 0x0E, 0x00, 0x1E,
    0x00, 0x0E, 0x00, 0x00, 0x00, 0x00, 0x03, 0xC0, 0x03, 0xC0, 0x03, 0xC0, 0x01, 0x00, 0x00, 0x00,
    0x20, 0x00, 0x70, 0x00, 0xF0, 0x00, 0x70, 0x00, 0x20, 0x00, 0x70, 0x00, 0xF0, 0x00, 0x70, 0x00,
    0x00, 0x00, 0x00, 0x00, 0x03, 0xC0, 0x03, 0xC0, 0x03, 0xC0, 0x01, 0x00, 0x00, 0x00, 0x00, 0x04,
    0x00, 0x0E, 0x00, 0x1E, 0x00, 0x0E, 0x03, 0xC0, 0x07, 0xC0, 0x07, 0xE0, 0x0F, 0xF0, 0x1F, 0xF8,
    0x3F, 0xFC, 0x7F, 0xFC, 0x7F, 0xBE, 0xFE, 0xFE, 0x7E, 0xFE, 0x7F, 0xFE, 0x3E, 0xFC, 0x1E, 0xF8,
    0x0F, 0xF0, 0x07, 0xE0, 0x07, 0xC0, 0x03, 0xC0,
};

static const EpdGlyph jetbrainsmono_11_regularGlyphs[] = {
    { 0, 0, 14, 0, 0, 0, 0 }, // 
    { 0, 0, 14, 0, 0, 0, 0 }, //  
    { 4, 17, 14, 5, 17, 9, 0 }, // !
    { 8, 7, 14, 3, 17, 7, 9 }, // "
    { 13, 17, 14, 0, 17, 28, 16 }, // #
    { 12, 24, 14, 1, 21, 36, 44 }, // $
    { 14, 17, 14, 0, 17, 30, 80 }, // %
    { 15, 17, 14, 0, 17, 32, 110 }, // &
    { 4, 7, 14, 5, 17, 4, 142 }, // '
    { 8, 23, 14, 4, 20, 23, 146 }, // (
    { 8, 23, 14, 2, 20, 23, 169 }, // )
    { 13, 12, 14, 0, 14, 20, 192 }, // *
    { 12, 11, 14, 1, 13, 17, 212 }, // +
    { 5, 7, 14, 4, 3, 5, 229 }, // ,
    { 8, 2, 14, 3, 9, 2, 234 }, // -
    { 4, 4, 14, 5, 4, 2, 236 }, // .
    { 12, 22, 14, 1, 19, 33, 238 }, // /
    { 11, 17, 14, 1, 17, 24, 271 }, // 0
    { 11, 17, 14, 2, 17, 24, 295 }, // 1
    { 12, 17, 14, 1, 17, 26, 319 }, // 2
    { 11, 17, 14, 1, 17, 24, 345 }, // 3
    { 11, 17, 14, 1, 17, 24, 369 }, // 4
    { 11, 17, 14, 1, 17, 24, 393 }, // 5
    { 12, 17, 14, 1, 17, 26, 417 }, // 6
    { 12, 17, 14, 1, 17, 26, 443 }, // 7
    { 12, 17, 14, 1, 17, 26, 469 }, // 8
    { 12, 17, 14, 1, 17, 26, 495 }, // 9
    { 5, 13, 14, 4, 13, 9, 521 }, // :
    { 5, 17, 14, 4, 13, 11, 530 }, // ;
    { 11, 13, 14, 1, 14, 18, 541 }, // <
    { 11, 8, 14, 1, 12, 11, 559 }, // =
    { 11, 13, 14, 1, 14, 18, 570 }, // >
    { 10, 17, 14, 2, 17, 22, 588 }, // ?
    { 12, 21, 14, 1, 17, 32, 610 }, // @
    { 12, 17, 14, 1, 17, 26, 642 }, // A
    { 11, 17, 14, 2, 17, 24, 668 }, // B
    { 10, 17, 14, 2, 17, 22, 692 }, // C
    { 10, 17, 14, 2, 17, 22, 714 }, // D
    { 10, 17, 14, 2, 17, 22, 736 }, // E
    { 11, 17, 14, 2, 17, 24, 758 }, // F
    { 10, 17, 14, 2, 17, 22, 782 }, // G
    { 10, 17, 14, 2, 17, 22, 804 }, // H
    { 10, 17, 14, 2, 17, 22, 826 }, // I
    { 11, 17, 14, 1, 17, 24, 848 }, // J
    { 11, 17, 14, 2, 17, 24, 872 }, // K
    { 11, 17, 14, 2, 17, 24, 896 }, // L
    { 12, 17, 14, 1, 17, 26, 920 }, // M
    { 10, 17, 14, 2, 17, 22, 946 }, // N
    { 10, 17, 14, 2, 17, 22, 968 }, // O
    { 11, 17, 14, 2, 17, 24, 990 }, // P
    { 12, 21, 14, 1, 17, 32, 1014 }, // Q
    { 11, 17, 14, 2, 17, 24, 1046 }, // R
    { 12, 17, 14, 1, 17, 26, 1070 }, // S
    { 12, 17, 14, 1, 17, 26, 1096 }, // T
    { 10, 17, 14, 2, 17, 22, 1122 }, // U
    { 12, 17, 14, 1, 17, 26, 1144 }, // V
    { 14, 17, 14, 0, 17, 30, 1170 }, // W
    { 13, 17, 14, 0, 17, 28, 1200 }, // X
    { 13, 17, 14, 0, 17, 28, 1228 }, // Y
    { 11, 17, 14, 1, 17, 24, 1256 }, // Z
    { 7, 22, 14, 4, 19, 20, 1280 }, // [
    { 12, 22, 14, 1, 19, 33, 1300 }, // <backslash>
    { 7, 22, 14, 3, 19, 20, 1333 }, // ]
    { 11, 9, 14, 1, 17, 13, 1353 }, // ^
    { 12, 2, 14, 1, 0, 3, 1366 }, // _
    { 6, 4, 14, 3, 19, 3, 1369 }, // `
    { 11, 13, 14, 1, 13, 18, 1372 }, // a
    { 10, 17, 14, 2, 17, 22, 1390 }, // b
    { 11, 13, 14, 2, 13, 18, 1412 }, // c
    { 10, 17, 14, 2, 17, 22, 1430 }, // d
    { 11, 13, 14, 1, 13, 18, 1452 }, // e
    { 12, 17, 14, 1, 17, 26, 1470 }, // f
    { 10, 17, 14, 2, 13, 22, 1496 }, // g
    { 10, 17, 14, 2, 17, 22, 1518 }, // h
    { 12, 18, 14, 1, 18, 27, 1540 }, // i
    { 10, 22, 14, 1, 18, 28, 1567 }, // j
    { 11, 17, 14, 2, 17, 24, 1595 }, // k
    { 13, 17, 14, 0, 17, 28, 1619 }, // l
    { 12, 13, 14, 1, 13, 20, 1647 }, // m
    { 10, 13, 14, 2, 13, 17, 1667 }, // n
    { 11, 13, 14, 1, 13, 18, 1684 }, // o
    { 10, 17, 14, 2, 13, 22, 1702 }, // p
    { 10, 17, 14, 2, 13, 22, 1724 }, // q
    { 11, 13, 14, 2, 13, 18, 1746 }, // r
    { 11, 13, 14, 1, 13, 18, 1764 }, // s
    { 11, 17, 14, 1, 17, 24, 1782 }, // t
    { 10, 13, 14, 2, 13, 17, 1806 }, // u
    { 12, 13, 14, 1, 13, 20, 1823 }, // v
    { 14, 13, 14, 0, 13, 23, 1843 }, // w
    { 12, 13, 14, 1, 13, 20, 1866 }, // x
    { 12, 17, 14, 1, 13, 26, 1886 }, // y
    { 10, 13, 14, 2, 13, 17, 1912 }, // z
    { 11, 22, 14, 1, 19, 31, 1929 }, // {
    { 3, 22, 14, 5, 19, 9, 1960 }, // |
    { 11, 22, 14, 2, 19, 31, 1969 }, // }
    { 12, 5, 14, 1, 11, 8, 2000 }, // ~
    { 0, 0, 14, 0, 0, 0, 2008 }, //  
    { 4, 17, 14, 5, 13, 9, 2008 }, // ¡
    { 11, 19, 14, 2, 16, 27, 2017 }, // ¢
    { 12, 17, 14, 1, 17, 26, 2044 }, // £
    { 13, 14, 14, 0, 15, 23, 2070 }, // ¤
    { 13, 17, 14, 0, 17, 28, 2093 }, // ¥
    { 3, 22, 14, 5, 19, 9, 2121 }, // ¦
    { 12, 21, 14, 1, 17, 32, 2130 }, // §
    { 9, 3, 14, 2, 18, 4, 2162 }, // ¨
    { 12, 15, 14, 1, 17, 23, 2166 }, // ©
    { 6, 8, 14, 4, 17, 6, 2189 }, // ª
    { 13, 11, 14, 0, 12, 18, 2195 }, // «
    { 10, 5, 14, 2, 9, 7, 2213 }, // ¬
    { 12, 15, 14, 1, 18, 23, 2220 }, // ®
    { 8, 2, 14, 3, 18, 2, 2243 }, // ¯
    { 8, 7, 14, 3, 17, 7, 2245 }, // °
    { 12, 13, 14, 1, 13, 20, 2252 }, // ±
    { 8, 10, 14, 3, 19, 10, 2272 }, // ²
    { 8, 10, 14, 3, 19, 10, 2282 }, // ³
    { 5, 4, 14, 5, 19, 3, 2292 }, // ´
    { 10, 17, 14, 2, 13, 22, 2295 }, // µ
    { 11, 21, 14, 1, 17, 29, 2317 }, // ¶
    { 4, 4, 14, 5, 10, 2, 2346 }, // ·
    { 6, 5, 14, 4, 0, 4, 2348 }, // ¸
    { 9, 10, 14, 3, 19, 12, 2352 }, // ¹
    { 6, 8, 14, 4, 17, 6, 2364 }, // º
    { 14, 11, 14, 0, 12, 20, 2370 }, // »
    { 14, 17, 14, 0, 17, 30, 2390 }, // ¼
    { 14, 18, 14, 0, 17, 32, 2420 }, // ½
    { 14, 17, 14, 0, 17, 30, 2452 }, // ¾
    { 9, 17, 14, 2, 13, 20, 2482 }, // ¿
    { 12, 23, 14, 1, 23, 35, 2502 }, // À
    { 12, 23, 14, 1, 23, 35, 2537 }, // Á
    { 12, 23, 14, 1, 23, 35, 2572 }, // Â
    { 12, 23, 14, 1, 23, 35, 2607 }, // Ã
    { 12, 22, 14, 1, 22, 33, 2642 }, // Ä
    { 12, 23, 14, 1, 23, 35, 2675 }, // Å
    { 14, 17, 14, 0, 17, 30, 2710 }, // Æ
    { 10, 22, 14, 2, 17, 28, 2740 }, // Ç
    { 10, 23, 14, 2, 23, 29, 2768 }, // È
    { 10, 23, 14, 2, 23, 29, 2797 }, // É
    { 10, 23, 14, 2, 23, 29, 2826 }, // Ê
    { 10, 22, 14, 2, 22, 28, 2855 }, // Ë
    { 10, 23, 14, 2, 23, 29, 2883 }, // Ì
    { 10, 23, 14, 2, 23, 29, 2912 }, // Í
    { 10, 23, 14, 2, 23, 29, 2941 }, // Î
    { 10, 22, 14, 2, 22, 28, 2970 }, // Ï
    { 12, 17, 14, 0, 17, 26, 2998 }, // Ð
    { 10, 23, 14, 2, 23, 29, 3024 }, // Ñ
    { 10, 23, 14, 2, 23, 29, 3053 }, // Ò
    { 10, 23, 14, 2, 23, 29, 3082 }, // Ó
    { 10, 23, 14, 2, 23, 29, 3111 }, // Ô
    { 10, 23, 14, 2, 23, 29, 3140 }, // Õ
    { 10, 22, 14, 2, 22, 28, 3169 }, // Ö
    { 10, 10, 14, 2, 13, 13, 3197 }, // ×
    { 13, 18, 14, 0, 17, 30, 3210 }, // Ø
    { 10, 23, 14, 2, 23, 29, 3240 }, // Ù
    { 10, 23, 14, 2, 23, 29, 3269 }, // Ú
    { 10, 23, 14, 2, 23, 29, 3298 }, // Û
    { 10, 22, 14, 2, 22, 28, 3327 }, // Ü
    { 13, 23, 14, 0, 23, 38, 3355 }, // Ý
    { 11, 17, 14, 2, 17, 24, 3393 }, // Þ
    { 11, 17, 14, 2, 17, 24, 3417 }, // ß
    { 11, 19, 14, 1, 19, 27, 3441 }, // à
    { 11, 19, 14, 1, 19, 27, 3468 }, // á
    { 11, 19, 14, 1, 19, 27, 3495 }, // â
    { 11, 19, 14, 1, 19, 27, 3522 }, // ã
    { 11, 18, 14, 1, 18, 25, 3549 }, // ä
    { 11, 19, 14, 1, 19, 27, 3574 }, // å
    { 13, 13, 14, 0, 13, 22, 3601 }, // æ
    { 11, 18, 14, 2, 13, 25, 3623 }, // ç
    { 11, 19, 14, 1, 19, 27, 3648 }, // è
    { 11, 19, 14, 1, 19, 27, 3675 }, // é
    { 11, 19, 14, 1, 19, 27, 3702 }, // ê
    { 11, 18, 14, 1, 18, 25, 3729 }, // ë
    { 12, 19, 14, 1, 19, 29, 3754 }, // ì
    { 12, 19, 14, 1, 19, 29, 3783 }, // í
    { 12, 19, 14, 1, 19, 29, 3812 }, // î
    { 12, 18, 14, 1, 18, 27, 3841 }, // ï
    { 12, 18, 14, 1, 18, 27, 3868 }, // ð
    { 10, 19, 14, 2, 19, 24, 3895 }, // ñ
    { 11, 19, 14, 1, 19, 27, 3919 }, // ò
    { 11, 19, 14, 1, 19, 27, 3946 }, // ó
    { 11, 19, 14, 1, 19, 27, 3973 }, // ô
    { 11, 19, 14, 1, 19, 27, 4000 }, // õ
    { 11, 18, 14, 1, 18, 25, 4027 }, // ö
    { 10, 13, 14, 2, 14, 17, 4052 }, // ÷
    { 13, 15, 14, 0, 14, 25, 4069 }, // ø
    { 10, 19, 14, 2, 19, 24, 4094 }, // ù
    { 10, 19, 14, 2, 19, 24, 4118 }, // ú
    { 10, 19, 14, 2, 19, 24, 4142 }, // û
    { 10, 18, 14, 2, 18, 23, 4166 }, // ü
    { 12, 23, 14, 1, 19, 35, 4189 }, // ý
    { 10, 21, 14, 2, 17, 27, 4224 }, // þ
    { 12, 22, 14, 1, 18, 33, 4251 }, // ÿ
    { 12, 21, 14, 1, 21, 32, 4284 }, // Ā
    { 11, 18, 14, 1, 18, 25, 4316 }, // ā
    { 12, 23, 14, 1, 23, 35, 4341 }, // Ă
    { 11, 19, 14, 1, 19, 27, 4376 }, // ă
    { 13, 22, 14, 1, 17, 36, 4403 }, // Ą
    { 12, 18, 14, 1, 13, 27, 4439 }, // ą
    { 10, 23, 14, 2, 23, 29, 4466 }, // Ć
    { 11, 19, 14, 2, 19, 27, 4495 }, // ć
    { 10, 23, 14, 2, 23, 29, 4522 }, // Ĉ
    { 11, 19, 14, 2, 19, 27, 4551 }, // ĉ
    { 10, 22, 14, 2, 22, 28, 4578 }, // Ċ
    { 11, 18, 14, 2, 18, 25, 4606 }, // ċ
    { 10, 23, 14, 2, 23, 29, 4631 }, // Č
    { 11, 19, 14, 2, 19, 27, 4660 }, // č
    { 10, 23, 14, 2, 23, 29, 4687 }, // Ď
    { 13, 17, 14, 1, 17, 28, 4716 }, // ď
    { 12, 17, 14, 0, 17, 26, 4744 }, // Đ
    { 12, 17, 14, 2, 17, 26, 4770 }, // đ
    { 10, 21, 14, 2, 21, 27, 4796 }, // Ē
    { 11, 18, 14, 1, 18, 25, 4823 }, // ē
    { 10, 23, 14, 2, 23, 29, 4848 }, // Ĕ
    { 11, 19, 14, 1, 19, 27, 4877 }, // ĕ
    { 10, 22, 14, 2, 22, 28, 4904 }, // Ė
    { 11, 18, 14, 1, 18, 25, 4932 }, // ė
    { 11, 22, 14, 2, 17, 31, 4957 }, // Ę
    { 10, 18, 14, 2, 13, 23, 4988 }, // ę
    { 10, 23, 14, 2, 23, 29, 5011 }, // Ě
    { 11, 19, 14, 1, 19, 27, 5040 }, // ě
    { 10, 23, 14, 2, 23, 29, 5067 }, // Ĝ
    { 10, 23, 14, 2, 19, 29, 5096 }, // ĝ
    { 10, 23, 14, 2, 23, 29, 5125 }, // Ğ
    { 10, 23, 14, 2, 19, 29, 5154 }, // ğ
    { 10, 22, 14, 2, 22, 28, 5183 }, // Ġ
    { 10, 22, 14, 2, 18, 28, 5211 }, // ġ
    { 10, 23, 14, 2, 17, 29, 5239 }, // Ģ
    { 10, 25, 14, 2, 21, 32, 5268 }, // ģ
    { 10, 23, 14, 2, 23, 29, 5300 }, // Ĥ
    { 14, 23, 14, -2, 23, 41, 5329 }, // ĥ
    { 14, 17, 14, 0, 17, 30, 5370 }, // Ħ
    { 12, 17, 14, 0, 17, 26, 5400 }, // ħ
    { 10, 23, 14, 2, 23, 29, 5426 }, // Ĩ
    { 12, 19, 14, 1, 19, 29, 5455 }, // ĩ
    { 10, 21, 14, 2, 21, 27, 5484 }, // Ī
    { 12, 18, 14, 1, 18, 27, 5511 }, // ī
    { 10, 23, 14, 2, 23, 29, 5538 }, // Ĭ
    { 12, 19, 14, 1, 19, 29, 5567 }, // ĭ
    { 10, 22, 14, 2, 17, 28, 5596 }, // Į
    { 12, 23, 14, 1, 18, 35, 5624 }, // į
    { 10, 22, 14, 2, 22, 28, 5659 }, // İ
    { 12, 13, 14, 1, 13, 20, 5687 }, // ı
    { 13, 17, 14, 0, 17, 28, 5707 }, // Ĳ
    { 11, 22, 14, 1, 18, 31, 5735 }, // ĳ
    { 14, 23, 14, 1, 23, 41, 5766 }, // Ĵ
    { 12, 23, 14, 1, 19, 35, 5807 }, // ĵ
    { 11, 23, 14, 2, 17, 32, 5842 }, // Ķ
    { 11, 23, 14, 2, 17, 32, 5874 }, // ķ
    { 11, 13, 14, 2, 13, 18, 5906 }, // ĸ
    { 11, 23, 14, 2, 23, 32, 5924 }, // Ĺ
    { 13, 23, 14, 0, 23, 38, 5956 }, // ĺ
    { 11, 23, 14, 2, 17, 32, 5994 }, // Ļ
    { 13, 23, 14, 0, 17, 38, 6026 }, // ļ
    { 11, 17, 14, 2, 17, 24, 6064 }, // Ľ
    { 13, 17, 14, 0, 17, 28, 6088 }, // ľ
    { 11, 17, 14, 2, 17, 24, 6116 }, // Ŀ
    { 15, 17, 14, 0, 17, 32, 6140 }, // ŀ
    { 13, 17, 14, 0, 17, 28, 6172 }, // Ł
    { 13, 17, 14, 0, 17, 28, 6200 }, // ł
    { 10, 23, 14, 2, 23, 29, 6228 }, // Ń
    { 10, 19, 14, 2, 19, 24, 6257 }, // ń
    { 10, 23, 14, 2, 17, 29, 6281 }, // Ņ
    { 10, 19, 14, 2, 13, 24, 6310 }, // ņ
    { 10, 23, 14, 2, 23, 29, 6334 }, // Ň
    { 10, 19, 14, 2, 19, 24, 6363 }, // ň
    { 13, 18, 14, -1, 18, 30, 6387 }, // ŉ
    { 10, 21, 14, 2, 17, 27, 6417 }, // Ŋ
    { 10, 17, 14, 2, 13, 22, 6444 }, // ŋ
    { 10, 21, 14, 2, 21, 27, 6466 }, // Ō
    { 11, 18, 14, 1, 18, 25, 6493 }, // ō
    { 10, 23, 14, 2, 23, 29, 6518 }, // Ŏ
    { 11, 19, 14, 1, 19, 27, 6547 }, // ŏ
    { 11, 22, 14, 2, 22, 31, 6574 }, // Ő
    { 12, 18, 14, 1, 18, 27, 6605 }, // ő
    { 14, 17, 14, 0, 17, 30, 6632 }, // Œ
    { 13, 13, 14, 0, 13, 22, 6662 }, // œ
    { 11, 23, 14, 2, 23, 32, 6684 }, // Ŕ
    { 11, 19, 14, 2, 19, 27, 6716 }, // ŕ
    { 11, 23, 14, 2, 17, 32, 6743 }, // Ŗ
    { 13, 19, 14, 0, 13, 31, 6775 }, // ŗ
    { 11, 23, 14, 2, 23, 32, 6806 }, // Ř
    { 11, 19, 14, 2, 19, 27, 6838 }, // ř
    { 12, 23, 14, 1, 23, 35, 6865 }, // Ś
    { 11, 19, 14, 1, 19, 27, 6900 }, // ś
    { 12, 23, 14, 1, 23, 35, 6927 }, // Ŝ
    { 11, 19, 14, 1, 19, 27, 6962 }, // ŝ
    { 12, 22, 14, 1, 17, 33, 6989 }, // Ş
    { 11, 18, 14, 1, 13, 25, 7022 }, // ş
    { 12, 23, 14, 1, 23, 35, 7047 }, // Š
    { 11, 19, 14, 1, 19, 27, 7082 }, // š
    { 12, 22, 14, 1, 17, 33, 7109 }, // Ţ
    { 11, 22, 14, 1, 17, 31, 7142 }, // ţ
    { 12, 23, 14, 1, 23, 35, 7173 }, // Ť
    { 11, 19, 14, 1, 19, 27, 7208 }, // ť
    { 12, 17, 14, 1, 17, 26, 7235 }, // Ŧ
    { 11, 17, 14, 1, 17, 24, 7261 }, // ŧ
    { 10, 23, 14, 2, 23, 29, 7285 }, // Ũ
    { 10, 19, 14, 2, 19, 24, 7314 }, // ũ
    { 10, 21, 14, 2, 21, 27, 7338 }, // Ū
    { 10, 18, 14, 2, 18, 23, 7365 }, // ū
    { 10, 23, 14, 2, 23, 29, 7388 }, // Ŭ
    { 10, 19, 14, 2, 19, 24, 7417 }, // ŭ
    { 10, 23, 14, 2, 23, 29, 7441 }, // Ů
    { 10, 19, 14, 2, 19, 24, 7470 }, // ů
    { 11, 22, 14, 2, 22, 31, 7494 }, // Ű
    { 11, 18, 14, 2, 18, 25, 7525 }, // ű
    { 10, 22, 14, 2, 17, 28, 7550 }, // Ų
    { 10, 18, 14, 2, 13, 23, 7578 }, // ų
    { 14, 23, 14, 0, 23, 41, 7601 }, // Ŵ
    { 14, 19, 14, 0, 19, 34, 7642 }, // ŵ
    { 13, 23, 14, 0, 23, 38, 7676 }, // Ŷ
    { 12, 23, 14, 1, 19, 35, 7714 }, // ŷ
    { 13, 22, 14, 0, 22, 36, 7749 }, // Ÿ
    { 11, 23, 14, 1, 23, 32, 7785 }, // Ź
    { 10, 19, 14, 2, 19, 24, 7817 }, // ź
    { 11, 22, 14, 1, 22, 31, 7841 }, // Ż
    { 10, 18, 14, 2, 18, 23, 7872 }, // ż
    { 11, 23, 14, 1, 23, 32, 7895 }, // Ž
    { 10, 19, 14, 2, 19, 24, 7927 }, // ž
    { 9, 17, 14, 3, 17, 20, 7951 }, // ſ
    { 6, 4, 0, -11, 19, 3, 7971 }, // ̀
    { 6, 4, 0, -9, 19, 3, 7974 }, // ́
    { 10, 4, 0, -12, 19, 5, 7977 }, // ̂
    { 8, 5, 0, -11, 19, 5, 7982 }, // ̃
    { 8, 2, 0, -11, 18, 2, 7987 }, // ̄
    { 8, 4, 0, -11, 19, 4, 7989 }, // ̆
    { 4, 3, 0, -9, 18, 2, 7993 }, // ̇
    { 9, 3, 0, -11, 18, 4, 7995 }, // ̈
    { 5, 5, 0, -9, 20, 4, 7999 }, // ̉
    { 6, 5, 0, -10, 19, 4, 8003 }, // ̊
    { 10, 3, 0, -11, 18, 4, 8007 }, // ̋
    { 10, 4, 0, -12, 19, 5, 8011 }, // ̌
    { 10, 3, 0, -13, 18, 4, 8016 }, // ̏
    { 5, 6, 0, -9, 21, 4, 8020 }, // ̒
    { 4, 4, 0, -6, 15, 2, 8024 }, // ̛
    { 4, 3, 0, -9, -2, 2, 8026 }, // ̣
    { 6, 5, 0, -10, -1, 4, 8028 }, // ̥
    { 6, 4, 0, -10, -2, 3, 8032 }, // ̦
    { 6, 5, 0, -10, 0, 4, 8035 }, // ̧
    { 6, 6, 0, -10, 1, 5, 8039 }, // ̨
    { 16, 2, 0, -15, 9, 4, 8044 }, // ̶
    { 13, 15, 0, -13, 14, 25, 8048 }, // ̷
    { 10, 18, 0, -12, 15, 23, 8073 }, // ̸
    { 10, 22, 14, 2, 22, 28, 8096 }, // Ё
    { 13, 21, 14, 0, 17, 35, 8124 }, // Ђ
    { 11, 23, 14, 2, 23, 32, 8159 }, // Ѓ
    { 10, 17, 14, 2, 17, 22, 8191 }, // Є
    { 12, 17, 14, 1, 17, 26, 8213 }, // Ѕ
    { 10, 17, 14, 2, 17, 22, 8239 }, // І
    { 10, 22, 14, 2, 22, 28, 8261 }, // Ї
    { 11, 17, 14, 1, 17, 24, 8289 }, // Ј
    { 15, 17, 14, -1, 17, 32, 8313 }, // Љ
    { 13, 17, 14, 1, 17, 28, 8345 }, // Њ
    { 13, 17, 14, 0, 17, 28, 8373 }, // Ћ
    { 11, 23, 14, 2, 23, 32, 8401 }, // Ќ
    { 12, 23, 14, 1, 23, 35, 8433 }, // Ў
    { 10, 20, 14, 2, 17, 25, 8468 }, // Џ
    { 12, 17, 14, 1, 17, 26, 8493 }, // А
    { 11, 17, 14, 2, 17, 24, 8519 }, // Б
    { 11, 17, 14, 2, 17, 24, 8543 }, // В
    { 11, 17, 14, 2, 17, 24, 8567 }, // Г
    { 14, 21, 14, 0, 17, 37, 8591 }, // Д
    { 10, 17, 14, 2, 17, 22, 8628 }, // Е
    { 14, 17, 14, 0, 17, 30, 8650 }, // Ж
    { 12, 17, 14, 1, 17, 26, 8680 }, // З
    { 10, 17, 14, 2, 17, 22, 8706 }, // И
    { 10, 23, 14, 2, 23, 29, 8728 }, // Й
    { 11, 17, 14, 2, 17, 24, 8757 }, // К
    { 12, 17, 14, 0, 17, 26, 8781 }, // Л
    { 12, 17, 14, 1, 17, 26, 8807 }, // М
    { 10, 17, 14, 2, 17, 22, 8833 }, // Н
    { 10, 17, 14, 2, 17, 22, 8855 }, // О
    { 10, 17, 14, 2, 17, 22, 8877 }, // П
    { 11, 17, 14, 2, 17, 24, 8899 }, // Р
    { 10, 17, 14, 2, 17, 22, 8923 }, // С
    { 12, 17, 14, 1, 17, 26, 8945 }, // Т
    { 12, 17, 14, 1, 17, 26, 8971 }, // У
    { 12, 19, 14, 1, 18, 29, 8997 }, // Ф
    { 13, 17, 14, 0, 17, 28, 9026 }, // Х
    { 11, 21, 14, 2, 17, 29, 9054 }, // Ц
    { 11, 17, 14, 1, 17, 24, 9083 }, // Ч
    { 12, 17, 14, 1, 17, 26, 9107 }, // Ш
    { 13, 21, 14, 1, 17, 35, 9133 }, // Щ
    { 14, 17, 14, -1, 17, 30, 9168 }, // Ъ
    { 12, 17, 14, 1, 17, 26, 9198 }, // Ы
    { 11, 17, 14, 2, 17, 24, 9224 }, // Ь
    { 11, 17, 14, 1, 17, 24, 9248 }, // Э
    { 13, 17, 14, 1, 17, 28, 9272 }, // Ю
    { 11, 17, 14, 1, 17, 24, 9300 }, // Я
    { 11, 13, 14, 1, 13, 18, 9324 }, // а
    { 11, 18, 14, 1, 18, 25, 9342 }, // б
    { 11, 13, 14, 2, 13, 18, 9367 }, // в
    { 10, 13, 14, 3, 13, 17, 9385 }, // г
    { 14, 17, 14, 0, 13, 30, 9402 }, // д
    { 11, 13, 14, 1, 13, 18, 9432 }, // е
    { 14, 13, 14, 0, 13, 23, 9450 }, // ж
    { 12, 13, 14, 1, 13, 20, 9473 }, // з
    { 10, 13, 14, 2, 13, 17, 9493 }, // и
    { 10, 19, 14, 2, 19, 24, 9510 }, // й
    { 11, 13, 14, 2, 13, 18, 9534 }, // к
    { 12, 13, 14, 0, 13, 20, 9552 }, // л
    { 12, 13, 14, 1, 13, 20, 9572 }, // м
    { 10, 13, 14, 2, 13, 17, 9592 }, // н
    { 11, 13, 14, 1, 13, 18, 9609 }, // о
    { 10, 13, 14, 2, 13, 17, 9627 }, // п
    { 10, 17, 14, 2, 13, 22, 9644 }, // р
    { 11, 13, 14, 2, 13, 18, 9666 }, // с
    { 12, 13, 14, 1, 13, 20, 9684 }, // т
    { 12, 17, 14, 1, 13, 26, 9704 }, // у
    { 12, 21, 14, 1, 17, 32, 9730 }, // ф
    { 12, 13, 14, 1, 13, 20, 9762 }, // х
    { 12, 17, 14, 2, 13, 26, 9782 }, // ц
    { 11, 13, 14, 1, 13, 18, 9808 }, // ч
    { 12, 13, 14, 1, 13, 20, 9826 }, // ш
    { 13, 17, 14, 1, 13, 28, 9846 }, // щ
    { 14, 13, 14, 0, 13, 23, 9874 }, // ъ
    { 12, 13, 14, 1, 13, 20, 9897 }, // ы
    { 11, 13, 14, 2, 13, 18, 9917 }, // ь
    { 11, 13, 14, 1, 13, 18, 9935 }, // э
    { 12, 13, 14, 1, 13, 20, 9953 }, // ю
    { 11, 13, 14, 1, 13, 18, 9973 }, // я
    { 11, 18, 14, 1, 18, 25, 9991 }, // ё
    { 12, 21, 14, 0, 17, 32, 10016 }, // ђ
    { 10, 19, 14, 3, 19, 24, 10048 }, // ѓ
    { 10, 13, 14, 2, 13, 17, 10072 }, // є
    { 11, 13, 14, 1, 13, 18, 10089 }, // ѕ
    { 12, 18, 14, 1, 18, 27, 10107 }, // і
    { 12, 18, 14, 1, 18, 27, 10134 }, // ї
    { 10, 22, 14, 1, 18, 28, 10161 }, // ј
    { 14, 13, 14, 0, 13, 23, 10189 }, // љ
    { 13, 13, 14, 1, 13, 22, 10212 }, // њ
    { 12, 17, 14, 0, 17, 26, 10234 }, // ћ
    { 11, 19, 14, 2, 19, 27, 10260 }, // ќ
    { 12, 23, 14, 1, 19, 35, 10287 }, // ў
    { 10, 16, 14, 2, 13, 20, 10322 }, // џ
    { 11, 19, 14, 2, 19, 27, 10342 }, // Ґ
    { 11, 15, 14, 2, 15, 21, 10369 }, // ґ
    { 13, 17, 14, 0, 17, 28, 10390 }, // Ғ
    { 12, 13, 14, 1, 13, 20, 10418 }, // ғ
    { 13, 20, 14, 1, 17, 33, 10438 }, // Қ
    { 12, 16, 14, 2, 13, 24, 10471 }, // қ
    { 11, 20, 14, 2, 17, 28, 10495 }, // Ң
    { 11, 16, 14, 2, 13, 22, 10523 }, // ң
    { 13, 17, 14, 0, 17, 28, 10545 }, // Ү
    { 12, 17, 14, 1, 13, 26, 10573 }, // ү
    { 13, 17, 14, 0, 17, 28, 10599 }, // Ұ
    { 12, 17, 14, 1, 13, 26, 10627 }, // ұ
    { 12, 20, 14, 1, 17, 30, 10653 }, // Ҷ
    { 12, 16, 14, 1, 13, 24, 10683 }, // ҷ
    { 11, 17, 14, 2, 17, 24, 10707 }, // Һ
    { 10, 13, 14, 2, 13, 17, 10731 }, // һ
    { 11, 17, 14, 1, 17, 24, 10748 }, // Ә
    { 11, 13, 14, 1, 13, 18, 10772 }, // ә
    { 14, 22, 14, 0, 22, 39, 10790 }, // Ӝ
    { 14, 18, 14, 0, 18, 32, 10829 }, // ӝ
    { 12, 22, 14, 1, 22, 33, 10861 }, // Ӟ
    { 12, 18, 14, 1, 18, 27, 10894 }, // ӟ
    { 10, 22, 14, 2, 22, 28, 10921 }, // Ӥ
    { 10, 18, 14, 2, 18, 23, 10949 }, // ӥ
    { 10, 22, 14, 2, 22, 28, 10972 }, // Ӧ
    { 11, 18, 14, 1, 18, 25, 11000 }, // ӧ
    { 10, 17, 14, 2, 17, 22, 11025 }, // Ө
    { 10, 13, 14, 2, 13, 17, 11047 }, // ө
    { 11, 22, 14, 1, 22, 31, 11064 }, // Ӵ
    { 11, 18, 14, 1, 18, 25, 11095 }, // ӵ
    { 0, 0, 14, 0, 0, 0, 11120 }, //  
    { 0, 0, 14, 0, 0, 0, 11120 }, // ​
    { 8, 2, 14, 3, 9, 2, 11120 }, // ‐
    { 11, 2, 14, 1, 9, 3, 11122 }, // –
    { 14, 2, 14, 0, 9, 4, 11125 }, // —
    { 9, 22, 14, 2, 19, 25, 11129 }, // ‖
    { 5, 7, 14, 4, 17, 5, 11154 }, // ‘
    { 4, 7, 14, 5, 16, 4, 11159 }, // ’
    { 4, 7, 14, 5, 3, 4, 11163 }, // ‚
    { 5, 7, 14, 4, 17, 5, 11167 }, // ‛
    { 10, 7, 14, 2, 17, 9, 11172 }, // “
    { 10, 7, 14, 2, 17, 9, 11181 }, // ”
    { 10, 7, 14, 2, 3, 9, 11190 }, // „
    { 10, 7, 14, 2, 17, 9, 11199 }, // ‟
    { 11, 22, 14, 1, 19, 31, 11208 }, // †
    { 11, 22, 14, 1, 19, 31, 11239 }, // ‡
    { 6, 6, 14, 4, 12, 5, 11270 }, // •
    { 4, 4, 14, 5, 4, 2, 11275 }, // ․
    { 12, 4, 14, 1, 4, 6, 11277 }, // …
    { 16, 17, 14, -1, 17, 34, 11283 }, // ‰
    { 5, 7, 14, 4, 16, 5, 11317 }, // ′
    { 10, 7, 14, 2, 16, 9, 11322 }, // ″
    { 14, 7, 14, 0, 16, 13, 11331 }, // ‴
    { 8, 11, 14, 3, 12, 11, 11344 }, // ‹
    { 8, 11, 14, 3, 12, 11, 11355 }, // ›
    { 10, 17, 14, 2, 17, 22, 11366 }, // ‼
    { 9, 17, 14, 3, 17, 20, 11388 }, // ‽
    { 16, 2, 14, -1, 19, 4, 11408 }, // ‾
    { 14, 4, 14, 0, 0, 7, 11412 }, // ‿
    { 14, 17, 14, 0, 17, 30, 11419 }, // ⁄
    { 7, 22, 14, 4, 19, 20, 11449 }, // ⁅
    { 7, 22, 14, 3, 19, 20, 11469 }, // ⁆
    { 8, 10, 14, 3, 19, 10, 11489 }, // ⁰
    { 8, 10, 14, 3, 19, 10, 11499 }, // ⁴
    { 8, 10, 14, 3, 19, 10, 11509 }, // ⁵
    { 8, 10, 14, 3, 19, 10, 11519 }, // ⁶
    { 8, 10, 14, 3, 19, 10, 11529 }, // ⁷
    { 8, 10, 14, 3, 19, 10, 11539 }, // ⁸
    { 8, 10, 14, 3, 19, 10, 11549 }, // ⁹
    { 8, 6, 14, 3, 13, 6, 11559 }, // ⁺
    { 8, 7, 14, 3, 17, 7, 11565 }, // ⁼
    { 8, 10, 14, 3, 7, 10, 11572 }, // ₀
    { 9, 10, 14, 3, 7, 12, 11582 }, // ₁
    { 8, 10, 14, 3, 7, 10, 11594 }, // ₂
    { 8, 10, 14, 3, 7, 10, 11604 }, // ₃
    { 8, 10, 14, 3, 7, 10, 11614 }, // ₄
    { 8, 10, 14, 3, 7, 10, 11624 }, // ₅
    { 8, 10, 14, 3, 7, 10, 11634 }, // ₆
    { 8, 10, 14, 3, 7, 10, 11644 }, // ₇
    { 8, 10, 14, 3, 7, 10, 11654 }, // ₈
    { 8, 10, 14, 3, 7, 10, 11664 }, // ₉
    { 12, 19, 14, 2, 17, 29, 11674 }, // ₫
    { 12, 17, 14, 0, 17, 26, 11703 }, // €
    { 12, 17, 14, 1, 17, 26, 11729 }, // ₮
    { 12, 17, 14, 1, 17, 26, 11755 }, // ₴
    { 13, 17, 14, 0, 17, 28, 11781 }, // ₽
    { 11, 23, 14, 2, 20, 32, 11809 }, // ₿
    { 14, 14, 14, 0, 15, 25, 11841 }, // ←
    { 13, 18, 14, 0, 18, 30, 11866 }, // ↑
    { 14, 14, 14, 0, 15, 25, 11896 }, // →
    { 13, 18, 14, 0, 17, 30, 11921 }, // ↓
    { 18, 14, 14, -2, 15, 32, 11951 }, // ↔
    { 13, 25, 14, 0, 21, 41, 11983 }, // ↕
    { 12, 12, 14, 1, 17, 18, 12024 }, // ↖
    { 12, 12, 14, 1, 17, 18, 12042 }, // ↗
    { 12, 12, 14, 1, 12, 18, 12060 }, // ↘
    { 12, 12, 14, 1, 12, 18, 12078 }, // ↙
    { 14, 7, 14, 0, 11, 13, 12096 }, // ↝
    { 14, 8, 14, 0, 10, 14, 12109 }, // ↞
    { 14, 8, 14, 0, 10, 14, 12123 }, // ↠
    { 14, 8, 14, 0, 10, 14, 12137 }, // ↢
    { 14, 8, 14, 0, 10, 14, 12151 }, // ↣
    { 10, 13, 14, 2, 13, 17, 12165 }, // ↥
    { 14, 8, 14, 0, 10, 14, 12182 }, // ↦
    { 10, 13, 14, 2, 13, 17, 12196 }, // ↧
    { 14, 15, 14, 0, 17, 27, 12213 }, // ↩
    { 14, 15, 14, 0, 17, 27, 12240 }, // ↪
    { 14, 9, 14, 0, 11, 16, 12267 }, // ↭
    { 7, 24, 14, 5, 20, 21, 12283 }, // ↾
    { 14, 15, 14, 0, 14, 27, 12304 }, // ⇉
    { 14, 14, 14, 0, 15, 25, 12331 }, // ⇐
    { 16, 24, 14, -1, 20, 48, 12356 }, // ⇑
    { 14, 14, 14, 0, 15, 25, 12404 }, // ⇒
    { 16, 24, 14, -1, 19, 48, 12429 }, // ⇓
    { 18, 14, 14, -2, 15, 32, 12477 }, // ⇔
    { 14, 14, 14, 0, 15, 25, 12509 }, // ⇛
    { 10, 18, 14, 2, 18, 23, 12534 }, // ⇞
    { 10, 19, 14, 2, 17, 24, 12557 }, // ⇟
    { 14, 10, 14, 0, 13, 18, 12581 }, // ⇥
    { 14, 19, 14, 0, 19, 34, 12599 }, // ⇧
    { 14, 14, 14, 0, 15, 25, 12633 }, // ⇨
    { 14, 19, 14, 0, 19, 34, 12658 }, // ⇪
    { 12, 18, 14, 1, 17, 27, 12692 }, // ∀
    { 8, 13, 14, 3, 13, 13, 12719 }, // ∁
    { 10, 17, 14, 2, 17, 22, 12732 }, // ∂
    { 11, 17, 14, 1, 17, 24, 12754 }, // ∃
    { 11, 22, 14, 1, 19, 31, 12778 }, // ∄
    { 16, 17, 14, -1, 17, 34, 12809 }, // ∅
    { 12, 17, 14, 1, 17, 26, 12843 }, // ∆
    { 12, 17, 14, 1, 17, 26, 12869 }, // ∇
    { 14, 13, 14, 0, 15, 23, 12895 }, // ∈
    { 14, 20, 14, 0, 19, 35, 12918 }, // ∉
    { 8, 8, 14, 3, 11, 8, 12953 }, // ∊
    { 14, 13, 14, 0, 15, 23, 12961 }, // ∋
    { 14, 20, 14, 0, 19, 35, 12984 }, // ∌
    { 10, 12, 14, 2, 12, 15, 13019 }, // ∎
    { 13, 21, 14, 0, 17, 35, 13034 }, // ∏
    { 13, 21, 14, 0, 17, 35, 13069 }, // ∐
    { 12, 21, 14, 1, 17, 32, 13104 }, // ∑
    { 8, 2, 14, 3, 9, 2, 13136 }, // −
    { 12, 14, 14, 1, 13, 21, 13138 }, // ∓
    { 14, 17, 14, 0, 17, 30, 13159 }, // ∕
    { 6, 6, 14, 4, 11, 5, 13189 }, // ∘
    { 4, 4, 14, 5, 10, 2, 13194 }, // ∙
    { 14, 17, 14, 0, 17, 30, 13196 }, // √
    { 13, 9, 14, 0, 12, 15, 13226 }, // ∞
    { 3, 17, 14, 5, 17, 7, 13241 }, // ∣
    { 9, 17, 14, 2, 17, 20, 13248 }, // ∤
    { 8, 17, 14, 3, 17, 17, 13268 }, // ∥
    { 12, 12, 14, 1, 13, 18, 13285 }, // ∧
    { 12, 12, 14, 1, 13, 18, 13303 }, // ∨
    { 13, 17, 14, 0, 17, 28, 13321 }, // ∩
    { 13, 17, 14, 0, 17, 28, 13349 }, // ∪
    { 13, 21, 14, 0, 17, 35, 13377 }, // ∫
    { 14, 13, 14, 0, 13, 23, 13412 }, // ∴
    { 14, 13, 14, 0, 13, 23, 13435 }, // ∵
    { 5, 13, 14, 4, 13, 9, 13458 }, // ∶
    { 12, 12, 14, 1, 12, 18, 13467 }, // ∷
    { 8, 8, 14, 3, 12, 8, 13485 }, // ∸
    { 14, 10, 14, 0, 12, 18, 13493 }, // ∹
    { 12, 5, 14, 1, 11, 8, 13511 }, // ∼
    { 13, 7, 14, 0, 11, 12, 13519 }, // ∾
    { 12, 9, 14, 1, 13, 14, 13531 }, // ≃
    { 12, 14, 14, 1, 16, 21, 13545 }, // ≅
    { 12, 20, 14, 1, 18, 30, 13566 }, // ≇
    { 12, 10, 14, 1, 13, 15, 13596 }, // ≈
    { 12, 20, 14, 1, 18, 30, 13611 }, // ≉
    { 12, 14, 14, 1, 15, 21, 13641 }, // ≋
    { 12, 10, 14, 1, 13, 15, 13662 }, // ≍
    { 14, 11, 14, 0, 13, 20, 13677 }, // ≔
    { 11, 15, 14, 1, 17, 21, 13697 }, // ≗
    { 11, 17, 14, 1, 19, 24, 13718 }, // ≟
    { 11, 20, 14, 1, 18, 28, 13742 }, // ≠
    { 11, 12, 14, 1, 14, 17, 13770 }, // ≡
    { 11, 18, 14, 1, 17, 25, 13787 }, // ≢
    { 11, 12, 14, 1, 14, 17, 13812 }, // ≣
    { 11, 17, 14, 1, 17, 24, 13829 }, // ≤
    { 11, 17, 14, 1, 17, 24, 13853 }, // ≥
    { 14, 13, 14, 0, 14, 23, 13877 }, // ≪
    { 14, 13, 14, 0, 14, 23, 13900 }, // ≫
    { 8, 16, 14, 3, 14, 16, 13923 }, // ≬
    { 12, 16, 14, 1, 16, 24, 13939 }, // ≭
    { 11, 19, 14, 1, 17, 27, 13963 }, // ≮
    { 11, 19, 14, 1, 17, 27, 13990 }, // ≯
    { 11, 21, 14, 1, 18, 29, 14017 }, // ≰
    { 11, 21, 14, 1, 18, 29, 14046 }, // ≱
    { 12, 17, 14, 1, 17, 26, 14075 }, // ≲
    { 11, 17, 14, 1, 17, 24, 14101 }, // ≳
    { 11, 13, 14, 1, 14, 18, 14125 }, // ≺
    { 12, 13, 14, 1, 14, 20, 14143 }, // ≻
    { 11, 17, 14, 1, 17, 24, 14163 }, // ≼
    { 14, 11, 14, 0, 14, 20, 14187 }, // ⊂
    { 13, 11, 14, 0, 14, 18, 14207 }, // ⊃
    { 14, 19, 14, 0, 18, 34, 14225 }, // ⊄
    { 13, 19, 14, 0, 18, 31, 14259 }, // ⊅
    { 14, 16, 14, 0, 16, 28, 14290 }, // ⊆
    { 13, 16, 14, 0, 16, 26, 14318 }, // ⊇
    { 14, 22, 14, 0, 19, 39, 14344 }, // ⊈
    { 13, 22, 14, 0, 19, 36, 14383 }, // ⊉
    { 12, 17, 14, 1, 17, 26, 14419 }, // ⊎
    { 14, 12, 14, 0, 14, 21, 14445 }, // ⊏
    { 13, 11, 14, 0, 13, 18, 14466 }, // ⊐
    { 14, 16, 14, 0, 16, 28, 14484 }, // ⊑
    { 13, 16, 14, 0, 16, 26, 14512 }, // ⊒
    { 12, 13, 14, 1, 12, 20, 14538 }, // ⊓
    { 12, 13, 14, 1, 13, 20, 14558 }, // ⊔
    { 16, 14, 14, -1, 15, 28, 14578 }, // ⊕
    { 16, 14, 14, -1, 15, 28, 14606 }, // ⊖
    { 16, 15, 14, -1, 15, 30, 14634 }, // ⊗
    { 16, 15, 14, -1, 15, 30, 14664 }, // ⊘
    { 16, 14, 14, -1, 14, 28, 14694 }, // ⊙
    { 16, 15, 14, -1, 15, 30, 14722 }, // ⊛
    { 16, 15, 14, -1, 15, 30, 14752 }, // ⊜
    { 16, 15, 14, -1, 15, 30, 14782 }, // ⊝
    { 14, 14, 14, 0, 15, 25, 14812 }, // ⊞
    { 14, 15, 14, 0, 15, 27, 14837 }, // ⊟
    { 14, 15, 14, 0, 15, 27, 14864 }, // ⊠
    { 14, 15, 14, 0, 15, 27, 14891 }, // ⊡
    { 14, 14, 14, 0, 14, 25, 14918 }, // ⊢
    { 14, 14, 14, 0, 14, 25, 14943 }, // ⊣
    { 14, 14, 14, 0, 14, 25, 14968 }, // ⊤
    { 14, 14, 14, 0, 14, 25, 14993 }, // ⊥
    { 11, 17, 14, 1, 17, 24, 15018 }, // ⊴
    { 14, 4, 14, 0, 9, 7, 15042 }, // ⊸
    { 12, 16, 14, 1, 16, 24, 15049 }, // ⊻
    { 12, 16, 14, 1, 18, 24, 15073 }, // ⊼
    { 12, 16, 14, 1, 18, 24, 15097 }, // ⊽
    { 13, 17, 14, 0, 17, 28, 15121 }, // ⋂
    { 13, 17, 14, 0, 17, 28, 15149 }, // ⋃
    { 8, 7, 14, 3, 11, 7, 15177 }, // ⋄
    { 6, 7, 14, 4, 12, 6, 15184 }, // ⋆
    { 14, 15, 14, 0, 16, 27, 15190 }, // ⋈
    { 14, 15, 14, 0, 16, 27, 15217 }, // ⋉
    { 14, 15, 14, 0, 16, 27, 15244 }, // ⋊
    { 14, 13, 14, 0, 13, 23, 15271 }, // ⋎
    { 13, 14, 14, 0, 16, 23, 15294 }, // ⋐
    { 14, 22, 14, 0, 19, 39, 15317 }, // ⋢
    { 4, 15, 14, 5, 16, 8, 15356 }, // ⋮
    { 16, 3, 14, -1, 9, 6, 15364 }, // ⋯
    { 16, 15, 14, -1, 16, 30, 15370 }, // ⋰
    { 16, 15, 14, -1, 16, 30, 15400 }, // ⋱
    { 16, 17, 14, -1, 17, 34, 15430 }, // �
};

static const EpdUnicodeInterval jetbrainsmono_11_regularIntervals[] = {
    { 0xD, 0xD, 0x0 },
    { 0x20, 0x7E, 0x1 },
    { 0xA0, 0xAC, 0x60 },
    { 0xAE, 0xFF, 0x6D },
    { 0x100, 0x17F, 0xBF },
    { 0x300, 0x304, 0x13F },
    { 0x306, 0x30C, 0x144 },
    { 0x30F, 0x30F, 0x14B },
    { 0x312, 0x312, 0x14C },
    { 0x31B, 0x31B, 0x14D },
    { 0x323, 0x323, 0x14E },
    { 0x325, 0x328, 0x14F },
    { 0x336, 0x338, 0x153 },
    { 0x401, 0x40C, 0x156 },
    { 0x40E, 0x44F, 0x162 },
    { 0x451, 0x45C, 0x1A4 },
    { 0x45E, 0x45F, 0x1B0 },
    { 0x490, 0x493, 0x1B2 },
    { 0x49A, 0x49B, 0x1B6 },
    { 0x4A2, 0x4A3, 0x1B8 },
    { 0x4AE, 0x4B1, 0x1BA },
    { 0x4B6, 0x4B7, 0x1BE },
    { 0x4BA, 0x4BB, 0x1C0 },
    { 0x4D8, 0x4D9, 0x1C2 },
    { 0x4DC, 0x4DF, 0x1C4 },
    { 0x4E4, 0x4E9, 0x1C8 },
    { 0x4F4, 0x4F5, 0x1CE },
    { 0x2001, 0x2001, 0x1D0 },
    { 0x200B, 0x200B, 0x1D1 },
    { 0x2010, 0x2010, 0x1D2 },
    { 0x2013, 0x2014, 0x1D3 },
    { 0x2016, 0x2016, 0x1D5 },
    { 0x2018, 0x2022, 0x1D6 },
    { 0x2024, 0x2024, 0x1E1 },
    { 0x2026, 0x2026, 0x1E2 },
    { 0x2030, 0x2030, 0x1E3 },
    { 0x2032, 0x2034, 0x1E4 },
    { 0x2039, 0x203A, 0x1E7 },
    { 0x203C, 0x203F, 0x1E9 },
    { 0x2044, 0x2046, 0x1ED },
    { 0x2070, 0x2070, 0x1F0 },
    { 0x2074, 0x207A, 0x1F1 },
    { 0x207C, 0x207C, 0x1F8 },
    { 0x2080, 0x2089, 0x1F9 },
    { 0x20AB, 0x20AC, 0x203 },
    { 0x20AE, 0x20AE, 0x205 },
    { 0x20B4, 0x20B4, 0x206 },
    { 0x20BD, 0x20BD, 0x207 },
    { 0x20BF, 0x20BF, 0x208 },
    { 0x2190, 0x2199, 0x209 },
    { 0x219D, 0x219E, 0x213 },
    { 0x21A0, 0x21A0, 0x215 },
    { 0x21A2, 0x21A3, 0x216 },
    { 0x21A5, 0x21A7, 0x218 },
    { 0x21A9, 0x21AA, 0x21B },
    { 0x21AD, 0x21AD, 0x21D },
    { 0x21BE, 0x21BE, 0x21E },
    { 0x21C9, 0x21C9, 0x21F },
    { 0x21D0, 0x21D4, 0x220 },
    { 0x21DB, 0x21DB, 0x225 },
    { 0x21DE, 0x21DF, 0x226 },
    { 0x21E5, 0x21E5, 0x228 },
    { 0x21E7, 0x21E8, 0x229 },
    { 0x21EA, 0x21EA, 0x22B },
    { 0x2200, 0x220C, 0x22C },
    { 0x220E, 0x2213, 0x239 },
    { 0x2215, 0x2215, 0x23F },
    { 0x2218, 0x221A, 0x240 },
    { 0x221E, 0x221E, 0x243 },
    { 0x2223, 0x2225, 0x244 },
    { 0x2227, 0x222B, 0x247 },
    { 0x2234, 0x2239, 0x24C },
    { 0x223C, 0x223C, 0x252 },
    { 0x223E, 0x223E, 0x253 },
    { 0x2243, 0x2243, 0x254 },
    { 0x2245, 0x2245, 0x255 },
    { 0x2247, 0x2249, 0x256 },
    { 0x224B, 0x224B, 0x259 },
    { 0x224D, 0x224D, 0x25A },
    { 0x2254, 0x2254, 0x25B },
    { 0x2257, 0x2257, 0x25C },
    { 0x225F, 0x2265, 0x25D },
    { 0x226A, 0x2273, 0x264 },
    { 0x227A, 0x227C, 0x26E },
    { 0x2282, 0x2289, 0x271 },
    { 0x228E, 0x2299, 0x279 },
    { 0x229B, 0x22A5, 0x285 },
    { 0x22B4, 0x22B4, 0x290 },
    { 0x22B8, 0x22B8, 0x291 },
    { 0x22BB, 0x22BD, 0x292 },
    { 0x22C2, 0x22C4, 0x295 },
    { 0x22C6, 0x22C6, 0x298 },
    { 0x22C8, 0x22CA, 0x299 },
    { 0x22CE, 0x22CE, 0x29C },
    { 0x22D0, 0x22D0, 0x29D },
    { 0x22E2, 0x22E2, 0x29E },
    { 0x22EE, 0x22F1, 0x29F },
    { 0xFFFD, 0xFFFD, 0x2A3 },
};

static const EpdFontData jetbrainsmono_11_regular = {
    jetbrainsmono_11_regularBitmaps,
    jetbrainsmono_11_regularGlyphs,
    jetbrainsmono_11_regularIntervals,
    98,
    30,
    24,
    -7,
    false,
};
