/**
 * generated by fontconvert.py
 * name: jetbrainsmono_16_regular
 * size: 16
 * mode: 1-bit
 * Command used: fontconvert.py jetbrainsmono_16_regular 16 ../builtinFonts/source/JetBrainsMono/JetBrainsMono-Regular.ttf
 */
#pragma once
#include "EpdFontData.h"

static const uint8_t jetbrainsmono_16_regularBitmaps[31361] = {
    0x79, 0xE7, 0x9E, 0x79, 0xE7, 0x9E, 0x79, 0xE7, 0x9E, 0x79, 0xE7, 0x9E, 0x78, 0x00, 0x00, 0x01,
    0xEF, 0xFF, 0x78, 0xF1, 0xEF, 0x1E, 0xF1, 0xEF, 0x1E, 0xF1, 0xEF, 0x1E, 0x70, 0xE7, 0x0E, 0x70,
    0xE7, 0x0E, 0x03, 0x87, 0x00, 0xE1, 0xC0, 0x70, 0x70, 0x1C, 0x1C, 0x07, 0x07, 0x01, 0xC3, 0x80,
    0x70, 0xE1, 0xFF, 0xFF, 0x7F, 0xFF, 0xDF, 0xFF, 0xF0, 0xE0, 0xE0, 0x38, 0x70, 0x0E, 0x1C, 0x07,
    0x07, 0x01, 0xC1, 0xC3, 0xFF, 0xFE, 0xFF, 0xFF, 0xBF, 0xFF, 0xE1, 0xC3, 0x80, 0xE0, 0xE0, 0x38,
    0x38, 0x0E, 0x0E, 0x03, 0x87, 0x00, 0xE1, 0xC0, 0x78, 0x70, 0x00, 0x01, 0x80, 0x01, 0x80, 0x01,
    0x80, 0x01, 0x80, 0x01, 0x80, 0x07, 0xE0, 0x1F, 0xF8, 0x3F, 0xFC, 0x7F, 0xFE, 0x79, 0x9E, 0x79,
    0x8E, 0x71, 0x8E, 0x71, 0x80, 0x79, 0x80, 0x79, 0x80, 0x3F, 0x80, 0x3F, 0xC0, 0x1F, 0xF0, 0x0F,
    0xFC, 0x01, 0xFC, 0x01, 0xBE, 0x01, 0x9E, 0x01, 0x8F, 0x01, 0x8F, 0xF1, 0x8F, 0xF1, 0x8F, 0xF9,
    0x9E, 0x7F, 0xFE, 0x3F, 0xFC, 0x1F, 0xF8, 0x07, 0xE0, 0x01, 0x80, 0x01, 0x80, 0x01, 0x80, 0x01,
    0x80, 0x3F, 0x00, 0xE7, 0xF8, 0x1E, 0x7F, 0xC1, 0xCF, 0x3C, 0x38, 0xE1, 0xC3, 0x8E, 0x1C, 0x70,
    0xE1, 0xCE, 0x0E, 0x1C, 0xE0, 0xF3, 0xDC, 0x07, 0xFB, 0xC0, 0x7F, 0xB8, 0x01, 0xF7, 0x00, 0x00,
    0xF0, 0x00, 0x0E, 0xF8, 0x01, 0xDF, 0xC0, 0x3F, 0xFE, 0x03, 0xBD, 0xE0, 0x73, 0x8F, 0x0F, 0x38,
    0xF0, 0xE3, 0x8F, 0x1C, 0x38, 0xF3, 0xC3, 0x8F, 0x38, 0x3F, 0xE7, 0x01, 0xFE, 0xF0, 0x0F, 0xC0,
    0x03, 0xF8, 0x00, 0x3F, 0xE0, 0x03, 0xFF, 0x80, 0x3E, 0x3C, 0x01, 0xE0, 0xF0, 0x0F, 0x07, 0x80,
    0x78, 0x18, 0x01, 0xE0, 0x00, 0x0F, 0x00, 0x00, 0x3C, 0x00, 0x03, 0xF0, 0x00, 0x7F, 0xC0, 0x07,
    0xFE, 0x00, 0x3E, 0x78, 0x79, 0xE1, 0xE7, 0x8E, 0x07, 0xFC, 0xF0, 0x3F, 0xC7, 0x80, 0xFC, 0x3C,
    0x03, 0xC0, 0xE0, 0x3F, 0x07, 0x83, 0xF8, 0x3E, 0x3D, 0xE0, 0xFF, 0xE7, 0x87, 0xFE, 0x1E, 0x0F,
    0xC0, 0xF0, 0xFF, 0xFF, 0xFF, 0xFF, 0xFF, 0x00, 0xC0, 0xF0, 0xFC, 0x7F, 0x3F, 0x0F, 0x07, 0x81,
    0xE0, 0xF0, 0x3C, 0x0F, 0x03, 0xC0, 0xF0, 0x38, 0x0E, 0x03, 0x80, 0xE0, 0x38, 0x0E, 0x03, 0x80,
    0xF0, 0x3C, 0x0F, 0x03, 0xC0, 0x78, 0x1E, 0x03, 0xC0, 0xF8, 0x1F, 0x83, 0xF0, 0x7C, 0x07, 0xE0,
    0x1F, 0x03, 0xF0, 0x3F, 0x01, 0xF0, 0x1F, 0x01, 0xF0, 0x1E, 0x03, 0xC0, 0x3C, 0x07, 0x80, 0xF0,
    0x1E, 0x03, 0xC0, 0x78, 0x0F, 0x01, 0xE0, 0x3C, 0x07, 0x80, 0xF0, 0x1E, 0x03, 0xC0, 0x78, 0x0E,
    0x03, 0xC0, 0x78, 0x1E, 0x0F, 0xC7, 0xF1, 0xFC, 0x3E, 0x07, 0x00, 0x01, 0xE0, 0x00, 0x78, 0x00,
    0x1E, 0x00, 0x07, 0x80, 0x41, 0xE0, 0xBC, 0x78, 0xEF, 0xDD, 0xFF, 0xFF, 0xFF, 0x3F, 0xFF, 0x01,
    0xFE, 0x00, 0x3F, 0x00, 0x1F, 0xE0, 0x0F, 0x78, 0x03, 0xCF, 0x01, 0xE3, 0xE0, 0xF8, 0x78, 0x1C,
    0x0E, 0x02, 0x01, 0x00, 0x03, 0xC0, 0x03, 0xC0, 0x03, 0xC0, 0x03, 0xC0, 0x03, 0xC0, 0x03, 0xC0,
    0x03, 0xC0, 0xFF, 0xFF, 0xFF, 0xFF, 0xFF, 0xFF, 0x03, 0xC0, 0x03, 0xC0, 0x03, 0xC0, 0x03, 0xC0,
    0x03, 0xC0, 0x03, 0xC0, 0x3E, 0x78, 0xF1, 0xE3, 0xCF, 0x1E, 0x3C, 0x78, 0xE0, 0xFF, 0xFF, 0xFF,
    0xFF, 0xF0, 0x7B, 0xFF, 0xFF, 0x78, 0x00, 0x0F, 0x00, 0x1E, 0x00, 0x1E, 0x00, 0x1C, 0x00, 0x3C,
    0x00, 0x3C, 0x00, 0x78, 0x00, 0x78, 0x00, 0x78, 0x00, 0xF0, 0x00, 0xF0, 0x00, 0xE0, 0x01, 0xE0,
    0x01, 0xE0, 0x03, 0xC0, 0x03, 0xC0, 0x03, 0xC0, 0x07, 0x80, 0x07, 0x80, 0x07, 0x80, 0x0F, 0x00,
    0x0F, 0x00, 0x0E, 0x00, 0x1E, 0x00, 0x1E, 0x00, 0x3C, 0x00, 0x3C, 0x00, 0x3C, 0x00, 0x78, 0x00,
    0x78, 0x00, 0x78, 0x00, 0xF0, 0x00, 0x0F, 0xF0, 0x1F, 0xF8, 0x3F, 0xFC, 0x7C, 0x3E, 0x78, 0x1E,
    0xF0, 0x0E, 0xF0, 0x0E, 0xF0, 0x0F, 0xF0, 0x0F, 0xF0, 0x0F, 0xF3, 0xCF, 0xF3, 0xCF, 0xF3, 0xCF,
    0xF3, 0xCF, 0xF0, 0x0F, 0xF0, 0x0F, 0xF0, 0x0F, 0xF0, 0x0F, 0xF0, 0x0E, 0xF0, 0x0E, 0x78, 0x1E,
    0x7C, 0x3E, 0x3F, 0xFC, 0x1F, 0xF8, 0x0F, 0xF0, 0x07, 0xE0, 0x0F, 0xE0, 0x1F, 0xE0, 0x3F, 0xE0,
    0x7D, 0xE0, 0x79, 0xE0, 0x61, 0xE0, 0x41, 0xE0, 0x01, 0xE0, 0x01, 0xE0, 0x01, 0xE0, 0x01, 0xE0,
    0x01, 0xE0, 0x01, 0xE0, 0x01, 0xE0, 0x01, 0xE0, 0x01, 0xE0, 0x01, 0xE0, 0x01, 0xE0, 0x01, 0xE0,
    0x01, 0xE0, 0x01, 0xE0, 0x7F, 0xFF, 0x7F, 0xFF, 0x7F, 0xFF, 0x0F, 0xF0, 0x1F, 0xF8, 0x3F, 0xFC,
    0x7C, 0x3E, 0x78, 0x1E, 0xF0, 0x1E, 0xF0, 0x0E, 0xF0, 0x0E, 0x00, 0x1E, 0x00, 0x1E, 0x00, 0x1E,
    0x00, 0x3C, 0x00, 0x7C, 0x00, 0xF8, 0x01, 0xF0, 0x01, 0xE0, 0x03, 0xC0, 0x07, 0x80, 0x0F, 0x00,
    0x1F, 0x00, 0x3E, 0x00, 0x7C, 0x00, 0xFF, 0xFF, 0xFF, 0xFF, 0xFF, 0xFF, 0x7F, 0xFE, 0xFF, 0xFD,
    0xFF, 0xF8, 0x01, 0xE0, 0x07, 0x80, 0x1E, 0x00, 0x78, 0x01, 0xE0, 0x07, 0xC0, 0x0F, 0xC0, 0x1F,
    0xE0, 0x3F, 0xE0, 0x07, 0xC0, 0x03, 0xC0, 0x07, 0x80, 0x0F, 0x00, 0x1E, 0x00, 0x3F, 0xC0, 0x7F,
    0x80, 0xFF, 0x01, 0xEF, 0x87, 0x9F, 0xFF, 0x1F, 0xFC, 0x0F, 0xE0, 0x00, 0xF8, 0x01, 0xE0, 0x07,
    0x80, 0x0F, 0x00, 0x3C, 0x00, 0xF8, 0x01, 0xE0, 0x07, 0x80, 0x0F, 0x00, 0x3C, 0x00, 0x78, 0x01,
    0xE0, 0xF7, 0xC1, 0xEF, 0x03, 0xFC, 0x07, 0xF8, 0x0F, 0xF0, 0x1F, 0xFF, 0xFF, 0xFF, 0xFF, 0xFF,
    0xF0, 0x01, 0xE0, 0x03, 0xC0, 0x07, 0x80, 0x0F, 0x00, 0x1E, 0x7F, 0xFE, 0xFF, 0xFD, 0xFF, 0xF3,
    0x80, 0x07, 0x00, 0x0E, 0x00, 0x1C, 0x00, 0x38, 0x00, 0x78, 0x00, 0xFF, 0xC1, 0xFF, 0xE3, 0xFF,
    0xE0, 0x07, 0xE0, 0x03, 0xC0, 0x07, 0x80, 0x07, 0x00, 0x0E, 0x00, 0x1F, 0xC0, 0x3F, 0x80, 0xFF,
    0x81, 0xEF, 0x87, 0xDF, 0xFF, 0x1F, 0xFC, 0x0F, 0xF0, 0x01, 0xE0, 0x01, 0xE0, 0x03, 0xC0, 0x03,
    0xC0, 0x07, 0x80, 0x07, 0x80, 0x0F, 0x00, 0x1E, 0x00, 0x1E, 0x00, 0x3D, 0xC0, 0x3F, 0xF8, 0x7F,
    0xFC, 0x7E, 0x7E, 0xF8, 0x1E, 0xF0, 0x0F, 0xF0, 0x0F, 0xF0, 0x0F, 0xE0, 0x0F, 0xF0, 0x0F, 0xF0,
    0x0F, 0xF8, 0x1E, 0x7C, 0x3E, 0x3F, 0xFC, 0x1F, 0xF8, 0x0F, 0xF0, 0xFF, 0xFF, 0x7F, 0xFF, 0xBF,
    0xFF, 0xDE, 0x01, 0xEF, 0x00, 0xF7, 0x80, 0xF3, 0xC0, 0x78, 0x00, 0x3C, 0x00, 0x3C, 0x00, 0x1E,
    0x00, 0x1E, 0x00, 0x0F, 0x00, 0x07, 0x80, 0x07, 0x80, 0x03, 0xC0, 0x01, 0xE0, 0x01, 0xE0, 0x00,
    0xF0, 0x00, 0xF0, 0x00, 0x78, 0x00, 0x3C, 0x00, 0x3C, 0x00, 0x1E, 0x00, 0x1E, 0x00, 0x0F, 0x00,
    0x00, 0x0F, 0xF0, 0x1F, 0xF8, 0x3F, 0xFC, 0x7C, 0x3E, 0x78, 0x1E, 0x70, 0x1E, 0xF0, 0x0E, 0x70,
    0x1E, 0x78, 0x1E, 0x7C, 0x3C, 0x3F, 0xFC, 0x0F, 0xF0, 0x3F, 0xFC, 0x7E, 0x7E, 0x78, 0x1E, 0xF0,
    0x0F, 0xF0, 0x0F, 0xF0, 0x0F, 0xF0, 0x0F, 0xF0, 0x0F, 0xF0, 0x1E, 0x7C, 0x3E, 0x7F, 0xFC, 0x3F,
    0xF8, 0x0F, 0xF0, 0x0F, 0xF0, 0x1F, 0xF8, 0x3F, 0xFC, 0x7C, 0x3E, 0xF8, 0x1E, 0xF0, 0x0F, 0xF0,
    0x0F, 0xE0, 0x0F, 0xF0, 0x0F, 0xF0, 0x0F, 0xF0, 0x0F, 0xF8, 0x1E, 0x7E, 0x7E, 0x3F, 0xFE, 0x1F,
    0xFC, 0x0F, 0xF8, 0x00, 0x78, 0x00, 0xF0, 0x00, 0xF0, 0x01, 0xE0, 0x01, 0xE0, 0x03, 0xC0, 0x07,
    0xC0, 0x07, 0x80, 0x0F, 0x80, 0x7B, 0xFF, 0xFF, 0x78, 0x00, 0x00, 0x00, 0x00, 0x00, 0x00, 0x07,
    0xBF, 0xFF, 0xF7, 0x80, 0x3C, 0xFD, 0xFB, 0xF3, 0xC0, 0x00, 0x00, 0x00, 0x00, 0x00, 0x00, 0x00,
    0x0F, 0x1E, 0x3C, 0x79, 0xE3, 0xC7, 0x8F, 0x1E, 0x78, 0x00, 0x02, 0x00, 0x1C, 0x00, 0xF8, 0x07,
    0xF0, 0x3F, 0x81, 0xFC, 0x0F, 0xE0, 0x3F, 0x00, 0xF8, 0x01, 0xF0, 0x03, 0xF8, 0x03, 0xFC, 0x01,
    0xFE, 0x00, 0xFF, 0x00, 0x7F, 0x80, 0x3F, 0x00, 0x1E, 0x00, 0x0C, 0xFF, 0xFF, 0xFF, 0xFF, 0xFF,
    0xF8, 0x00, 0x00, 0x00, 0x00, 0x00, 0x00, 0x00, 0x00, 0x00, 0xFF, 0xFF, 0xFF, 0xFF, 0xFF, 0xF8,
    0x40, 0x01, 0xE0, 0x03, 0xF0, 0x03, 0xF8, 0x03, 0xFC, 0x01, 0xFE, 0x00, 0xFF, 0x00, 0x7F, 0x00,
    0x3E, 0x00, 0x3C, 0x01, 0xF8, 0x0F, 0xE0, 0x7F, 0x03, 0xF8, 0x1F, 0xC0, 0x7E, 0x00, 0xF0, 0x01,
    0x80, 0x00, 0xFF, 0x0F, 0xFC, 0xFF, 0xE0, 0x3E, 0x00, 0xF0, 0x0F, 0x00, 0x70, 0x07, 0x00, 0x70,
    0x0F, 0x00, 0xF0, 0x3E, 0x3F, 0xE3, 0xFC, 0x3F, 0x03, 0xC0, 0x3C, 0x03, 0xC0, 0x00, 0x00, 0x00,
    0x00, 0x03, 0xE0, 0x3E, 0x07, 0xE0, 0x3E, 0x00, 0x07, 0xF8, 0x03, 0xFF, 0x81, 0xFF, 0xF0, 0xF8,
    0x3E, 0x78, 0x07, 0x9E, 0x00, 0xE7, 0x00, 0x3F, 0xC0, 0x0F, 0xF0, 0x7B, 0xFC, 0x3F, 0xFF, 0x1F,
    0xFF, 0xC7, 0x9F, 0xF1, 0xC3, 0xFC, 0x70, 0xFF, 0x1C, 0x3F, 0xC7, 0x0F, 0xF1, 0xC3, 0xFC, 0x70,
    0xFF, 0x1C, 0x3F, 0xC7, 0x8F, 0xF1, 0xFF, 0xBC, 0x3F, 0xCF, 0x07, 0xE3, 0xC0, 0x00, 0x70, 0x00,
    0x1E, 0x00, 0x07, 0xC0, 0x00, 0xF8, 0x00, 0x1F, 0xFC, 0x03, 0xFF, 0x00, 0x7F, 0xC0, 0x03, 0xE0,
    0x00, 0xFC, 0x00, 0x3F, 0x00, 0x0F, 0xC0, 0x07, 0xF0, 0x01, 0xFE, 0x00, 0x77, 0x80, 0x1C, 0xE0,
    0x0F, 0x38, 0x03, 0xCF, 0x00, 0xF3, 0xC0, 0x38, 0xF0, 0x1E, 0x1C, 0x07, 0x87, 0x81, 0xE1, 0xE0,
    0x70, 0x78, 0x3F, 0xFE, 0x0F, 0xFF, 0xC3, 0xFF, 0xF0, 0xE0, 0x3C, 0x78, 0x07, 0x1E, 0x01, 0xE7,
    0x80, 0x79, 0xC0, 0x1E, 0xF0, 0x03, 0x80, 0xFF, 0xE1, 0xFF, 0xE3, 0xFF, 0xE7, 0x03, 0xEE, 0x03,
    0xDC, 0x07, 0xB8, 0x07, 0x70, 0x0E, 0xE0, 0x3D, 0xC0, 0x7B, 0x83, 0xE7, 0xFF, 0x8F, 0xFE, 0x1F,
    0xFF, 0x38, 0x1F, 0x70, 0x1E, 0xE0, 0x1F, 0xC0, 0x3F, 0x80, 0x7F, 0x00, 0xFE, 0x03, 0xFC, 0x0F,
    0xBF, 0xFF, 0x7F, 0xFC, 0xFF, 0xE0, 0x1F, 0xE0, 0x7F, 0xE1, 0xFF, 0xE7, 0xC3, 0xEF, 0x03, 0xDE,
    0x03, 0xB8, 0x07, 0xF0, 0x00, 0xE0, 0x01, 0xC0, 0x03, 0x80, 0x07, 0x00, 0x0E, 0x00, 0x1C, 0x00,
    0x38, 0x00, 0x70, 0x00, 0xE0, 0x01, 0xC0, 0x03, 0x80, 0x7F, 0x80, 0xEF, 0x03, 0xDF, 0x0F, 0x9F,
    0xFE, 0x1F, 0xF8, 0x1F, 0xE0, 0xFF, 0xC3, 0xFF, 0xCF, 0xFF, 0xB8, 0x3E, 0xE0, 0x3F, 0x80, 0xFE,
    0x03, 0xF8, 0x07, 0xE0, 0x1F, 0x80, 0x7E, 0x01, 0xF8, 0x07, 0xE0, 0x1F, 0x80, 0x7E, 0x01, 0xF8,
    0x07, 0xE0, 0x1F, 0x80, 0x7E, 0x03, 0xF8, 0x0F, 0xE0, 0x3F, 0x83, 0xEF, 0xFF, 0xBF, 0xFC, 0xFF,
    0xC0, 0xFF, 0xFF, 0xFF, 0xFF, 0xFF, 0xF7, 0x80, 0x0F, 0x00, 0x1E, 0x00, 0x3C, 0x00, 0x78, 0x00,
    0xF0, 0x01, 0xE0, 0x03, 0xC0, 0x07, 0xFF, 0xCF, 0xFF, 0x9F, 0xFF, 0x3C, 0x00, 0x78, 0x00, 0xF0,
    0x01, 0xE0, 0x03, 0xC0, 0x07, 0x80, 0x0F, 0x00, 0x1E, 0x00, 0x3F, 0xFF, 0x7F, 0xFF, 0xFF, 0xFE,
    0xFF, 0xFF, 0xFF, 0xFF, 0xFF, 0xFF, 0x00, 0x0E, 0x00, 0x1C, 0x00, 0x38, 0x00, 0x70, 0x00, 0xE0,
    0x01, 0xC0, 0x03, 0x80, 0x07, 0xFF, 0xEF, 0xFF, 0xDF, 0xFF, 0xB8, 0x00, 0x70, 0x00, 0xE0, 0x01,
    0xC0, 0x03, 0x80, 0x07, 0x00, 0x0E, 0x00, 0x1C, 0x00, 0x38, 0x00, 0x70, 0x00, 0xE0, 0x00, 0x0F,
    0xF0, 0x1F, 0xF8, 0x3F, 0xFC, 0x7C, 0x3E, 0x78, 0x1E, 0x70, 0x0E, 0x70, 0x0E, 0x70, 0x00, 0x70,
    0x00, 0x70, 0x00, 0x70, 0x00, 0x70, 0x00, 0x71, 0xFE, 0x71, 0xFE, 0x71, 0xFE, 0x70, 0x0E, 0x70,
    0x0E, 0x70, 0x0E, 0x70, 0x0E, 0x70, 0x0E, 0x78, 0x1E, 0x7C, 0x3E, 0x3F, 0xFC, 0x1F, 0xF8, 0x0F,
    0xF0, 0xE0, 0x3F, 0x80, 0xFE, 0x03, 0xF8, 0x0F, 0xE0, 0x3F, 0x80, 0xFE, 0x03, 0xF8, 0x0F, 0xE0,
    0x3F, 0x80, 0xFE, 0x03, 0xFF, 0xFF, 0xFF, 0xFF, 0xFF, 0xFE, 0x03, 0xF8, 0x0F, 0xE0, 0x3F, 0x80,
    0xFE, 0x03, 0xF8, 0x0F, 0xE0, 0x3F, 0x80, 0xFE, 0x03, 0xF8, 0x0F, 0xE0, 0x3C, 0xFF, 0xFF, 0xFF,
    0xFF, 0xFF, 0xC1, 0xE0, 0x07, 0x80, 0x1E, 0x00, 0x78, 0x01, 0xE0, 0x07, 0x80, 0x1E, 0x00, 0x78,
    0x01, 0xE0, 0x07, 0x80, 0x1E, 0x00, 0x78, 0x01, 0xE0, 0x07, 0x80, 0x1E, 0x00, 0x78, 0x01, 0xE0,
    0x07, 0x80, 0x1E, 0x0F, 0xFF, 0xFF, 0xFF, 0xFF, 0xFC, 0x00, 0x0F, 0x00, 0x0F, 0x00, 0x0F, 0x00,
    0x0F, 0x00, 0x0F, 0x00, 0x0F, 0x00, 0x0F, 0x00, 0x0F, 0x00, 0x0F, 0x00, 0x0F, 0x00, 0x0F, 0x00,
    0x0F, 0x00, 0x0F, 0x00, 0x0F, 0x00, 0x0F, 0x00, 0x0F, 0x00, 0x0F, 0xF0, 0x0F, 0xF0, 0x0F, 0xF0,
    0x0E, 0x78, 0x1E, 0x7C, 0x3E, 0x3F, 0xFC, 0x3F, 0xF8, 0x0F, 0xF0, 0xE0, 0x1E, 0xE0, 0x1E, 0xE0,
    0x3C, 0xE0, 0x3C, 0xE0, 0x78, 0xE0, 0x78, 0xE0, 0xF0, 0xE0, 0xF0, 0xE1, 0xE0, 0xE1, 0xE0, 0xE3,
    0xC0, 0xFF, 0xC0, 0xFF, 0xC0, 0xFF, 0xC0, 0xE3, 0xE0, 0xE1, 0xE0, 0xE1, 0xF0, 0xE0, 0xF0, 0xE0,
    0xF8, 0xE0, 0x78, 0xE0, 0x7C, 0xE0, 0x3C, 0xE0, 0x3E, 0xE0, 0x1E, 0xE0, 0x1F, 0xF0, 0x01, 0xE0,
    0x03, 0xC0, 0x07, 0x80, 0x0F, 0x00, 0x1E, 0x00, 0x3C, 0x00, 0x78, 0x00, 0xF0, 0x01, 0xE0, 0x03,
    0xC0, 0x07, 0x80, 0x0F, 0x00, 0x1E, 0x00, 0x3C, 0x00, 0x78, 0x00, 0xF0, 0x01, 0xE0, 0x03, 0xC0,
    0x07, 0x80, 0x0F, 0x00, 0x1E, 0x00, 0x3F, 0xFF, 0x7F, 0xFF, 0xFF, 0xFE, 0xF8, 0x1F, 0xFC, 0x3F,
    0xFC, 0x3F, 0xFC, 0x3F, 0xFC, 0x7F, 0xEE, 0x7F, 0xEE, 0x7F, 0xFE, 0xEF, 0xF7, 0xEF, 0xF7, 0xEF,
    0xF7, 0xCF, 0xF7, 0xCF, 0xF3, 0xCF, 0xF3, 0xCF, 0xF0, 0x0F, 0xF0, 0x0F, 0xF0, 0x0F, 0xF0, 0x0F,
    0xF0, 0x0F, 0xF0, 0x0F, 0xF0, 0x0F, 0xF0, 0x0F, 0xF0, 0x0F, 0xF0, 0x0F, 0xF0, 0x0F, 0x78, 0x0E,
    0xF8, 0x1D, 0xF0, 0x3B, 0xF0, 0x77, 0xE0, 0xEF, 0xC1, 0xDF, 0xC3, 0xBF, 0x87, 0x77, 0x0E, 0xEF,
    0x1D, 0xDE, 0x3B, 0x9C, 0x77, 0x3C, 0xEE, 0x39, 0xDC, 0x73, 0xB8, 0xF7, 0x70, 0xEE, 0xE1, 0xDD,
    0xC3, 0xFB, 0x83, 0xF7, 0x07, 0xEE, 0x0F, 0xDC, 0x0F, 0xB8, 0x1F, 0x70, 0x3E, 0x0F, 0xF0, 0x3F,
    0xF0, 0xFF, 0xF3, 0xE1, 0xE7, 0x81, 0xEE, 0x03, 0xDC, 0x03, 0xB8, 0x07, 0x70, 0x0E, 0xE0, 0x1D,
    0xC0, 0x3B, 0x80, 0x77, 0x00, 0xEE, 0x01, 0xDC, 0x03, 0xB8, 0x07, 0x70, 0x0E, 0xE0, 0x1D, 0xC0,
    0x3B, 0x80, 0xF7, 0x81, 0xEF, 0x87, 0x8F, 0xFF, 0x0F, 0xFC, 0x0F, 0xF0, 0xFF, 0xF0, 0xFF, 0xF8,
    0xFF, 0xFC, 0xE0, 0x3E, 0xE0, 0x1E, 0xE0, 0x1E, 0xE0, 0x0E, 0xE0, 0x0F, 0xE0, 0x0E, 0xE0, 0x1E,
    0xE0, 0x1E, 0xE0, 0x7C, 0xFF, 0xFC, 0xFF, 0xF8, 0xFF, 0xE0, 0xE0, 0x00, 0xE0, 0x00, 0xE0, 0x00,
    0xE0, 0x00, 0xE0, 0x00, 0xE0, 0x00, 0xE0, 0x00, 0xE0, 0x00, 0xE0, 0x00, 0xE0, 0x00, 0x0F, 0xF0,
    0x1F, 0xF8, 0x3F, 0xFC, 0x7C, 0x3E, 0x78, 0x1E, 0xF0, 0x0E, 0xF0, 0x0E, 0xF0, 0x0F, 0xF0, 0x0F,
    0xF0, 0x0F, 0xF0, 0x0F, 0xF0, 0x0F, 0xF0, 0x0F, 0xF0, 0x0F, 0xF0, 0x0F, 0xF0, 0x0F, 0xF0, 0x0F,
    0xF0, 0x0F, 0xF0, 0x0E, 0xF0, 0x0E, 0x78, 0x1E, 0x7C, 0x3E, 0x3F, 0xFC, 0x1F, 0xF8, 0x0F, 0xF0,
    0x00, 0xF8, 0x00, 0x78, 0x00, 0x3C, 0x00, 0x3C, 0x00, 0x1E, 0x00, 0x1E, 0xFF, 0xE1, 0xFF, 0xF3,
    0xFF, 0xE7, 0x03, 0xEE, 0x03, 0xFC, 0x03, 0xF8, 0x07, 0xF0, 0x0F, 0xE0, 0x1F, 0xC0, 0x3F, 0x80,
    0xF7, 0x07, 0xEF, 0xFF, 0x9F, 0xFE, 0x3F, 0xF8, 0x70, 0xF0, 0xE1, 0xE1, 0xC1, 0xE3, 0x83, 0xC7,
    0x03, 0xCE, 0x07, 0x9C, 0x07, 0xB8, 0x0F, 0x70, 0x0F, 0xE0, 0x1E, 0x0F, 0xE0, 0x1F, 0xF8, 0x3F,
    0xFC, 0x7C, 0x3C, 0x78, 0x1E, 0x70, 0x1E, 0x70, 0x0E, 0x70, 0x00, 0x78, 0x00, 0x7C, 0x00, 0x3F,
    0x80, 0x1F, 0xF0, 0x0F, 0xFC, 0x01, 0xFC, 0x00, 0x3E, 0x00, 0x1E, 0x00, 0x0F, 0x00, 0x0F, 0xF0,
    0x0F, 0xF0, 0x0F, 0xF8, 0x1E, 0x7C, 0x3E, 0x7F, 0xFC, 0x3F, 0xF8, 0x0F, 0xF0, 0xFF, 0xFF, 0xFF,
    0xFF, 0xFF, 0xFF, 0xE0, 0x3C, 0x00, 0x1E, 0x00, 0x0F, 0x00, 0x07, 0x80, 0x03, 0xC0, 0x01, 0xE0,
    0x00, 0xF0, 0x00, 0x78, 0x00, 0x3C, 0x00, 0x1E, 0x00, 0x0F, 0x00, 0x07, 0x80, 0x03, 0xC0, 0x01,
    0xE0, 0x00, 0xF0, 0x00, 0x78, 0x00, 0x3C, 0x00, 0x1E, 0x00, 0x0F, 0x00, 0x07, 0x80, 0x03, 0xC0,
    0x01, 0xE0, 0x00, 0x70, 0x1E, 0xE0, 0x3D, 0xC0, 0x7B, 0x80, 0xF7, 0x01, 0xEE, 0x03, 0xDC, 0x07,
    0xB8, 0x0F, 0x70, 0x1E, 0xE0, 0x3D, 0xC0, 0x7B, 0x80, 0xF7, 0x01, 0xEE, 0x03, 0xDC, 0x07, 0xB8,
    0x0F, 0x70, 0x1E, 0xE0, 0x3D, 0xC0, 0x7B, 0xC0, 0xF7, 0x81, 0xEF, 0x87, 0x8F, 0xFF, 0x0F, 0xFC,
    0x0F, 0xF0, 0xF0, 0x03, 0x9C, 0x01, 0xE7, 0x80, 0x79, 0xE0, 0x1E, 0x78, 0x07, 0x0E, 0x03, 0xC3,
    0xC0, 0xF0, 0xF0, 0x3C, 0x3C, 0x0E, 0x07, 0x07, 0x81, 0xE1, 0xE0, 0x78, 0x78, 0x1E, 0x1C, 0x03,
    0x87, 0x00, 0xF3, 0xC0, 0x3C, 0xF0, 0x0F, 0x38, 0x01, 0xCE, 0x00, 0x7F, 0x80, 0x1F, 0xE0, 0x07,
    0xF0, 0x00, 0xFC, 0x00, 0x3F, 0x00, 0x0F, 0xC0, 0x03, 0xE0, 0x00, 0xF0, 0xF0, 0xEF, 0x0F, 0x0E,
    0x70, 0xF0, 0xE7, 0x0F, 0x0E, 0x71, 0xF8, 0xE7, 0x1F, 0x8E, 0x71, 0xF9, 0xE7, 0x9F, 0x9E, 0x79,
    0xF9, 0xE7, 0x9F, 0x9C, 0x79, 0xB9, 0xC3, 0x99, 0x9C, 0x3B, 0x99, 0xC3, 0xB9, 0xDC, 0x3B, 0x9D,
    0xC3, 0xB9, 0xFC, 0x3B, 0x9F, 0xC3, 0xF9, 0xF8, 0x3F, 0x1F, 0x81, 0xF1, 0xF8, 0x1F, 0x0F, 0x81,
    0xF0, 0xF8, 0x1F, 0x0F, 0x81, 0xF0, 0xF8, 0x1F, 0x0F, 0x80, 0x78, 0x07, 0x9E, 0x01, 0xE3, 0xC0,
    0xF0, 0xF0, 0x3C, 0x1E, 0x1E, 0x07, 0x87, 0x80, 0xF3, 0xC0, 0x3C, 0xE0, 0x07, 0xF8, 0x01, 0xFC,
    0x00, 0x3F, 0x00, 0x0F, 0x80, 0x01, 0xE0, 0x00, 0xFC, 0x00, 0x3F, 0x00, 0x1F, 0xE0, 0x07, 0x78,
    0x03, 0xCF, 0x00, 0xE3, 0xC0, 0x78, 0x78, 0x3C, 0x1E, 0x0F, 0x03, 0xC7, 0x80, 0xF9, 0xE0, 0x1E,
    0xF0, 0x07, 0xC0, 0xF0, 0x03, 0xFC, 0x00, 0xE7, 0x80, 0x79, 0xE0, 0x1C, 0x3C, 0x0F, 0x0F, 0x03,
    0x81, 0xE1, 0xE0, 0x78, 0x78, 0x0F, 0x3C, 0x03, 0xCF, 0x00, 0x77, 0x80, 0x1F, 0xE0, 0x03, 0xF0,
    0x00, 0xFC, 0x00, 0x3E, 0x00, 0x07, 0x80, 0x01, 0xE0, 0x00, 0x78, 0x00, 0x1E, 0x00, 0x07, 0x80,
    0x01, 0xE0, 0x00, 0x78, 0x00, 0x1E, 0x00, 0x07, 0x80, 0x01, 0xE0, 0x00, 0x7F, 0xFE, 0xFF, 0xFD,
    0xFF, 0xF8, 0x00, 0xF0, 0x03, 0xC0, 0x07, 0x80, 0x1E, 0x00, 0x3C, 0x00, 0xF0, 0x03, 0xC0, 0x07,
    0x80, 0x1E, 0x00, 0x3C, 0x00, 0xF0, 0x01, 0xE0, 0x07, 0x80, 0x0E, 0x00, 0x3C, 0x00, 0xF0, 0x01,
    0xE0, 0x07, 0x80, 0x0F, 0x00, 0x3F, 0xFF, 0xFF, 0xFF, 0xFF, 0xFE, 0xFF, 0xFF, 0xFF, 0xFE, 0x0F,
    0x07, 0x83, 0xC1, 0xE0, 0xF0, 0x78, 0x3C, 0x1E, 0x0F, 0x07, 0x83, 0xC1, 0xE0, 0xF0, 0x78, 0x3C,
    0x1E, 0x0F, 0x07, 0x83, 0xC1, 0xE0, 0xF0, 0x78, 0x3C, 0x1E, 0x0F, 0x07, 0xFF, 0xFF, 0xFF, 0xF0,
    0x00, 0x78, 0x00, 0x78, 0x00, 0x78, 0x00, 0x3C, 0x00, 0x3C, 0x00, 0x3C, 0x00, 0x1E, 0x00, 0x1E,
    0x00, 0x0E, 0x00, 0x0F, 0x00, 0x0F, 0x00, 0x07, 0x80, 0x07, 0x80, 0x07, 0x80, 0x03, 0xC0, 0x03,
    0xC0, 0x03, 0xC0, 0x01, 0xE0, 0x01, 0xE0, 0x00, 0xE0, 0x00, 0xF0, 0x00, 0xF0, 0x00, 0x78, 0x00,
    0x78, 0x00, 0x78, 0x00, 0x3C, 0x00, 0x3C, 0x00, 0x1C, 0x00, 0x1E, 0x00, 0x1E, 0x00, 0x0F, 0x7F,
    0x9F, 0xE7, 0xF8, 0x0E, 0x03, 0x80, 0xE0, 0x38, 0x0E, 0x03, 0x80, 0xE0, 0x38, 0x0E, 0x03, 0x80,
    0xE0, 0x38, 0x0E, 0x03, 0x80, 0xE0, 0x38, 0x0E, 0x03, 0x80, 0xE0, 0x38, 0x0E, 0x03, 0x80, 0xE0,
    0x38, 0x0E, 0x03, 0x9F, 0xE7, 0xF9, 0xFE, 0x03, 0xC0, 0x03, 0xC0, 0x07, 0xE0, 0x07, 0xE0, 0x0F,
    0xE0, 0x0E, 0x70, 0x0E, 0x70, 0x1C, 0x78, 0x1C, 0x38, 0x3C, 0x3C, 0x38, 0x1C, 0x78, 0x1C, 0x70,
    0x1E, 0xF0, 0x0E, 0x7F, 0xFF, 0xBF, 0xFF, 0xDF, 0xFF, 0xE0, 0xF0, 0x78, 0x3C, 0x1E, 0x1E, 0x0F,
    0xF0, 0x7F, 0xF0, 0xFF, 0xF3, 0xE1, 0xF7, 0x81, 0xE0, 0x03, 0xC0, 0x07, 0x8F, 0xFF, 0x3F, 0xFE,
    0xFF, 0xFF, 0xF0, 0x7F, 0x80, 0xFF, 0x01, 0xFE, 0x03, 0xFC, 0x07, 0xFC, 0x3F, 0x7F, 0xFE, 0x7F,
    0xFC, 0x7F, 0x78, 0xE0, 0x03, 0x80, 0x0E, 0x00, 0x38, 0x00, 0xE0, 0x03, 0x80, 0x0E, 0x7E, 0x3B,
    0xFC, 0xFF, 0xFB, 0xE1, 0xFF, 0x03, 0xFC, 0x0F, 0xE0, 0x1F, 0x80, 0x7E, 0x01, 0xF8, 0x07, 0xE0,
    0x1F, 0x80, 0x7E, 0x01, 0xFC, 0x0F, 0xF0, 0x3F, 0xE1, 0xFF, 0xFF, 0xBB, 0xFC, 0xE7, 0xE0, 0x0F,
    0xF0, 0x1F, 0xF8, 0x3F, 0xFC, 0x7C, 0x3E, 0x78, 0x1E, 0x70, 0x0F, 0x70, 0x0E, 0x70, 0x00, 0x70,
    0x00, 0x70, 0x00, 0x70, 0x00, 0x70, 0x00, 0x70, 0x0E, 0x70, 0x0F, 0x78, 0x1E, 0x7C, 0x3E, 0x3F,
    0xFC, 0x1F, 0xF8, 0x0F, 0xF0, 0x00, 0x1E, 0x00, 0x3C, 0x00, 0x78, 0x00, 0xF0, 0x01, 0xE0, 0x03,
    0xC3, 0xF7, 0x9F, 0xFF, 0x3F, 0xFE, 0xF8, 0x7D, 0xE0, 0x7B, 0x80, 0xF7, 0x01, 0xFE, 0x03, 0xFC,
    0x07, 0xF8, 0x0F, 0xF0, 0x1F, 0xE0, 0x3D, 0xC0, 0x7B, 0x80, 0xF7, 0x81, 0xEF, 0x87, 0xCF, 0xFF,
    0x9F, 0xFF, 0x0F, 0xDE, 0x0F, 0xF0, 0x1F, 0xF8, 0x3F, 0xFC, 0x7C, 0x3E, 0x78, 0x1E, 0x70, 0x0E,
    0xF0, 0x0E, 0xFF, 0xFE, 0xFF, 0xFE, 0xFF, 0xFE, 0xF0, 0x00, 0xF0, 0x00, 0xF0, 0x00, 0x70, 0x0E,
    0x78, 0x1E, 0x7C, 0x3E, 0x3F, 0xFC, 0x1F, 0xF8, 0x0F, 0xF0, 0x00, 0xFF, 0x80, 0xFF, 0xC0, 0xFF,
    0xE0, 0x78, 0x00, 0x38, 0x00, 0x1C, 0x00, 0x0E, 0x00, 0x07, 0x00, 0x03, 0x80, 0x7F, 0xFF, 0xFF,
    0xFF, 0xFF, 0xFF, 0xF0, 0x38, 0x00, 0x1C, 0x00, 0x0E, 0x00, 0x07, 0x00, 0x03, 0x80, 0x01, 0xC0,
    0x00, 0xE0, 0x00, 0x70, 0x00, 0x38, 0x00, 0x1C, 0x00, 0x0E, 0x00, 0x07, 0x00, 0x03, 0x80, 0x00,
    0x0F, 0xDE, 0x7F, 0xFC, 0xFF, 0xFB, 0xE1, 0xF7, 0x81, 0xEE, 0x03, 0xDC, 0x07, 0xB8, 0x0F, 0x70,
    0x1E, 0xE0, 0x3D, 0xC0, 0x7B, 0x80, 0xF7, 0x01, 0xEF, 0x03, 0xDF, 0x9F, 0x9F, 0xFF, 0x1F, 0xFE,
    0x1F, 0x3C, 0x00, 0x78, 0x00, 0xF0, 0x01, 0xE0, 0x07, 0xC7, 0xFF, 0x0F, 0xFC, 0x1F, 0xF0, 0xE0,
    0x03, 0x80, 0x0E, 0x00, 0x38, 0x00, 0xE0, 0x03, 0x80, 0x0E, 0x7E, 0x3B, 0xFC, 0xFF, 0xFB, 0xE1,
    0xFF, 0x03, 0xFC, 0x0F, 0xE0, 0x3F, 0x80, 0xFE, 0x03, 0xF8, 0x0F, 0xE0, 0x3F, 0x80, 0xFE, 0x03,
    0xF8, 0x0F, 0xE0, 0x3F, 0x80, 0xFE, 0x03, 0xF8, 0x0F, 0xE0, 0x3C, 0x03, 0xE0, 0x01, 0xF0, 0x00,
    0xF8, 0x00, 0x7C, 0x00, 0x00, 0x00, 0x00, 0x00, 0x00, 0x00, 0xFF, 0xC0, 0x7F, 0xE0, 0x3F, 0xF0,
    0x00, 0x78, 0x00, 0x3C, 0x00, 0x1E, 0x00, 0x0F, 0x00, 0x07, 0x80, 0x03, 0xC0, 0x01, 0xE0, 0x00,
    0xF0, 0x00, 0x78, 0x00, 0x3C, 0x00, 0x1E, 0x00, 0x0F, 0x00, 0x07, 0x81, 0xFF, 0xFF, 0xFF, 0xFF,
    0xFF, 0xFF, 0xC0, 0x00, 0xF8, 0x07, 0xC0, 0x3E, 0x01, 0xF0, 0x00, 0x00, 0x00, 0x00, 0x1F, 0xFF,
    0xFF, 0xFF, 0xFF, 0xC0, 0x1E, 0x00, 0xF0, 0x07, 0x80, 0x3C, 0x01, 0xE0, 0x0F, 0x00, 0x78, 0x03,
    0xC0, 0x1E, 0x00, 0xF0, 0x07, 0x80, 0x3C, 0x01, 0xE0, 0x0F, 0x00, 0x78, 0x03, 0xC0, 0x1E, 0x01,
    0xE0, 0x1F, 0x3F, 0xF1, 0xFF, 0x0F, 0xF0, 0xF0, 0x00, 0xF0, 0x00, 0xF0, 0x00, 0xF0, 0x00, 0xF0,
    0x00, 0xF0, 0x00, 0xF0, 0x1E, 0xF0, 0x3E, 0xF0, 0x3C, 0xF0, 0x78, 0xF0, 0xF8, 0xF0, 0xF0, 0xF1,
    0xE0, 0xF1, 0xE0, 0xFF, 0xC0, 0xFF, 0xC0, 0xFF, 0xE0, 0xF1, 0xE0, 0xF1, 0xF0, 0xF0, 0xF0, 0xF0,
    0x78, 0xF0, 0x7C, 0xF0, 0x3C, 0xF0, 0x1E, 0xF0, 0x1F, 0x7F, 0xE0, 0x0F, 0xFC, 0x01, 0xFF, 0x80,
    0x00, 0xF0, 0x00, 0x1E, 0x00, 0x03, 0xC0, 0x00, 0x78, 0x00, 0x0F, 0x00, 0x01, 0xE0, 0x00, 0x3C,
    0x00, 0x07, 0x80, 0x00, 0xF0, 0x00, 0x1E, 0x00, 0x03, 0xC0, 0x00, 0x78, 0x00, 0x0F, 0x00, 0x01,
    0xE0, 0x00, 0x3C, 0x00, 0x07, 0x80, 0x00, 0xF0, 0x00, 0x1E, 0x00, 0x03, 0xC0, 0x00, 0x3F, 0xF0,
    0x07, 0xFF, 0x00, 0x7F, 0xE0, 0x77, 0x9E, 0x3F, 0xFF, 0x9F, 0xFF, 0xEF, 0x3C, 0xF7, 0x1E, 0x3B,
    0x8F, 0x1D, 0xC7, 0x8E, 0xE3, 0xC7, 0x71, 0xE3, 0xB8, 0xF1, 0xDC, 0x78, 0xEE, 0x3C, 0x77, 0x1E,
    0x3B, 0x8F, 0x1D, 0xC7, 0x8E, 0xE3, 0xC7, 0x71, 0xE3, 0xB8, 0xF1, 0xDC, 0x78, 0xE0, 0xE7, 0xE3,
    0xBF, 0xCF, 0xFF, 0xBE, 0x1F, 0xF0, 0x3F, 0xC0, 0xFE, 0x03, 0xF8, 0x0F, 0xE0, 0x3F, 0x80, 0xFE,
    0x03, 0xF8, 0x0F, 0xE0, 0x3F, 0x80, 0xFE, 0x03, 0xF8, 0x0F, 0xE0, 0x3F, 0x80, 0xFE, 0x03, 0xC0,
    0x0F, 0xF0, 0x1F, 0xF8, 0x3F, 0xFC, 0x7C, 0x3E, 0x78, 0x1E, 0x70, 0x1E, 0xF0, 0x0E, 0xF0, 0x0E,
    0xF0, 0x0E, 0xF0, 0x0E, 0xF0, 0x0E, 0xF0, 0x0E, 0xF0, 0x0E, 0x70, 0x1E, 0x78, 0x1E, 0x7C, 0x3E,
    0x3F, 0xFC, 0x1F, 0xF8, 0x0F, 0xF0, 0xE7, 0xE3, 0xBF, 0xCF, 0xFF, 0xBE, 0x1F, 0xF0, 0x3F, 0xC0,
    0xFE, 0x01, 0xF8, 0x07, 0xE0, 0x1F, 0x80, 0x7E, 0x01, 0xF8, 0x07, 0xE0, 0x1F, 0xC0, 0xFF, 0x03,
    0xFE, 0x1F, 0xFF, 0xFB, 0xBF, 0xCE, 0x7E, 0x38, 0x00, 0xE0, 0x03, 0x80, 0x0E, 0x00, 0x38, 0x00,
    0xE0, 0x00, 0x0F, 0xDE, 0x7F, 0xFC, 0xFF, 0xFB, 0xE1, 0xF7, 0x81, 0xEE, 0x03, 0xDC, 0x07, 0xF8,
    0x0F, 0xF0, 0x1F, 0xE0, 0x3F, 0xC0, 0x7F, 0x80, 0xF7, 0x01, 0xEE, 0x03, 0xDE, 0x07, 0xBE, 0x1F,
    0x3F, 0xFE, 0x7F, 0xFC, 0x3F, 0x78, 0x00, 0xF0, 0x01, 0xE0, 0x03, 0xC0, 0x07, 0x80, 0x0F, 0x00,
    0x1E, 0xF7, 0xF1, 0xFF, 0xF3, 0xFF, 0xF7, 0xE1, 0xEF, 0x81, 0xFE, 0x03, 0xFC, 0x07, 0xF8, 0x0F,
    0xF0, 0x1F, 0xE0, 0x03, 0xC0, 0x07, 0x80, 0x0F, 0x00, 0x1E, 0x00, 0x3C, 0x00, 0x78, 0x00, 0xF0,
    0x01, 0xE0, 0x03, 0xC0, 0x00, 0x1F, 0xF0, 0x7F, 0xF9, 0xFF, 0xF3, 0xC1, 0xF7, 0x01, 0xEE, 0x00,
    0x1E, 0x00, 0x3F, 0x80, 0x3F, 0xF8, 0x3F, 0xF8, 0x1F, 0xF8, 0x00, 0xF0, 0x00, 0xEE, 0x01, 0xDC,
    0x07, 0xBC, 0x0F, 0x7F, 0xFE, 0x7F, 0xF8, 0x7F, 0xE0, 0x07, 0x80, 0x03, 0xC0, 0x01, 0xE0, 0x00,
    0xF0, 0x00, 0x78, 0x07, 0xFF, 0xFF, 0xFF, 0xFF, 0xFF, 0xFE, 0x07, 0x80, 0x03, 0xC0, 0x01, 0xE0,
    0x00, 0xF0, 0x00, 0x78, 0x00, 0x3C, 0x00, 0x1E, 0x00, 0x0F, 0x00, 0x07, 0x80, 0x03, 0xC0, 0x01,
    0xE0, 0x00, 0xF0, 0x00, 0x3C, 0x00, 0x1F, 0xF8, 0x07, 0xFC, 0x01, 0xFE, 0x70, 0x1E, 0xE0, 0x3D,
    0xC0, 0x7B, 0x80, 0xF7, 0x01, 0xEE, 0x03, 0xDC, 0x07, 0xB8, 0x0F, 0x70, 0x1E, 0xE0, 0x3D, 0xC0,
    0x7B, 0x80, 0xF7, 0x01, 0xEF, 0x03, 0xDE, 0x07, 0xBE, 0x1E, 0x3F, 0xFC, 0x3F, 0xF0, 0x3F, 0xC0,
    0x78, 0x07, 0x9E, 0x01, 0xE7, 0x80, 0x78, 0xE0, 0x3C, 0x3C, 0x0F, 0x0F, 0x03, 0xC1, 0xC1, 0xE0,
    0x78, 0x78, 0x1E, 0x1E, 0x07, 0x87, 0x00, 0xF3, 0xC0, 0x3C, 0xF0, 0x0F, 0x38, 0x01, 0xFE, 0x00,
    0x7F, 0x80, 0x1F, 0xC0, 0x03, 0xF0, 0x00, 0xFC, 0x00, 0x3E, 0x00, 0xE1, 0xE1, 0xF8, 0x78, 0x7E,
    0x1E, 0x1F, 0x8F, 0x8F, 0xF3, 0xF3, 0x9C, 0xFC, 0xE7, 0x3F, 0x39, 0xCF, 0xCE, 0x73, 0x73, 0x9D,
    0xCC, 0xE7, 0x73, 0xF1, 0xFC, 0xFC, 0x3F, 0x3F, 0x0F, 0xCF, 0xC3, 0xE3, 0xF0, 0xF8, 0xFC, 0x3E,
    0x1E, 0x0F, 0x87, 0x81, 0xE1, 0xE0, 0x78, 0x07, 0x8F, 0x03, 0xC3, 0xC1, 0xF0, 0x78, 0x78, 0x0F,
    0x3C, 0x03, 0xCF, 0x00, 0x7F, 0x80, 0x0F, 0xC0, 0x03, 0xF0, 0x00, 0xF8, 0x00, 0x3F, 0x00, 0x1F,
    0xE0, 0x07, 0xF8, 0x03, 0xCF, 0x01, 0xE3, 0xE0, 0x78, 0x78, 0x3C, 0x0F, 0x1F, 0x03, 0xE7, 0x80,
    0x78, 0x78, 0x07, 0x9E, 0x01, 0xE7, 0x80, 0x70, 0xF0, 0x3C, 0x3C, 0x0F, 0x0F, 0x03, 0x81, 0xE1,
    0xE0, 0x78, 0x78, 0x0E, 0x1C, 0x03, 0xCF, 0x00, 0xF3, 0xC0, 0x1E, 0xE0, 0x07, 0xF8, 0x00, 0xFE,
    0x00, 0x3F, 0x00, 0x0F, 0xC0, 0x01, 0xE0, 0x00, 0x78, 0x00, 0x1E, 0x00, 0x07, 0x00, 0x03, 0xC0,
    0x00, 0xF0, 0x00, 0x78, 0x00, 0x1E, 0x00, 0x07, 0x80, 0x00, 0x7F, 0xFE, 0xFF, 0xFD, 0xFF, 0xF8,
    0x01, 0xF0, 0x07, 0xC0, 0x0F, 0x00, 0x3C, 0x00, 0xF0, 0x03, 0xE0, 0x0F, 0x80, 0x1E, 0x00, 0x78,
    0x01, 0xF0, 0x07, 0xC0, 0x0F, 0x00, 0x3C, 0x00, 0x7F, 0xFE, 0xFF, 0xFD, 0xFF, 0xF8, 0x00, 0x7E,
    0x01, 0xFC, 0x07, 0xF8, 0x0F, 0x00, 0x1E, 0x00, 0x38, 0x00, 0x70, 0x00, 0xF0, 0x01, 0xE0, 0x03,
    0xC0, 0x07, 0x80, 0x0F, 0x00, 0x1E, 0x00, 0x3C, 0x00, 0xF0, 0x7F, 0xC0, 0xFF, 0x01, 0xFF, 0x80,
    0x07, 0x00, 0x0F, 0x00, 0x1E, 0x00, 0x3C, 0x00, 0x78, 0x00, 0xF0, 0x01, 0xE0, 0x03, 0xC0, 0x07,
    0x00, 0x0F, 0x00, 0x1E, 0x00, 0x3F, 0xC0, 0x3F, 0x80, 0x3F, 0xFF, 0xFF, 0xFF, 0xFF, 0xFF, 0xFF,
    0xFF, 0xFF, 0xFF, 0xFF, 0xFF, 0xFF, 0xFF, 0xFF, 0xFF, 0xFF, 0xF8, 0x01, 0xFC, 0x03, 0xFC, 0x00,
    0xF8, 0x00, 0xF0, 0x01, 0xE0, 0x03, 0xC0, 0x07, 0x80, 0x0F, 0x00, 0x1E, 0x00, 0x38, 0x00, 0x70,
    0x00, 0xE0, 0x01, 0xC0, 0x03, 0xE0, 0x03, 0xFF, 0x03, 0xFE, 0x1F, 0xFC, 0x3C, 0x00, 0x70, 0x00,
    0xE0, 0x01, 0xC0, 0x03, 0x80, 0x07, 0x80, 0x0F, 0x00, 0x1E, 0x00, 0x3C, 0x00, 0x78, 0x01, 0xF0,
    0x1F, 0xE0, 0x3F, 0x80, 0x7C, 0x00, 0x3E, 0x0F, 0x7F, 0x0F, 0xFF, 0x8F, 0xF3, 0xCF, 0xE1, 0xFE,
    0xE1, 0xFE, 0xE0, 0xFC, 0x7B, 0xFF, 0xDE, 0x00, 0x00, 0x00, 0x79, 0xE7, 0x9E, 0x79, 0xE7, 0x9E,
    0x79, 0xE7, 0x9E, 0x79, 0xE7, 0x9E, 0x78, 0x01, 0x80, 0x01, 0x80, 0x01, 0x80, 0x01, 0x80, 0x07,
    0xE0, 0x1F, 0xF8, 0x3F, 0xFC, 0x3F, 0xFE, 0x79, 0x9E, 0x79, 0x8E, 0x71, 0x8F, 0x71, 0x80, 0x71,
    0x80, 0x71, 0x80, 0x71, 0x80, 0x71, 0x80, 0x71, 0x80, 0x71, 0x8F, 0x79, 0x8E, 0x79, 0x9E, 0x7F,
    0xFE, 0x3F, 0xFC, 0x1F, 0xF8, 0x07, 0xE0, 0x01, 0x80, 0x01, 0x80, 0x01, 0x80, 0x01, 0x80, 0x0F,
    0xF0, 0x3F, 0xF8, 0x3F, 0xFC, 0x7C, 0x3E, 0x78, 0x1E, 0x70, 0x1E, 0xF0, 0x0E, 0x70, 0x00, 0x78,
    0x00, 0x78, 0x00, 0x3C, 0x00, 0x3C, 0x00, 0xFF, 0xF8, 0xFF, 0xF8, 0xFF, 0xF8, 0x0E, 0x00, 0x0E,
    0x00, 0x1E, 0x00, 0x1E, 0x00, 0x3E, 0x00, 0x7C, 0x00, 0xF8, 0x00, 0xFF, 0xFF, 0xFF, 0xFF, 0xFF,
    0xFF, 0x00, 0x00, 0x18, 0x00, 0x47, 0x00, 0x3B, 0xEF, 0xDF, 0x7F, 0xFF, 0x8F, 0xFF, 0xC1, 0xE1,
    0xE0, 0xF0, 0x3C, 0x38, 0x07, 0x0E, 0x01, 0xC3, 0x80, 0x70, 0xE0, 0x1C, 0x3C, 0x0F, 0x07, 0x87,
    0x83, 0xFF, 0xF1, 0xFF, 0xFE, 0xFB, 0xF7, 0xDC, 0x00, 0xE2, 0x00, 0x30, 0xF0, 0x03, 0xFC, 0x00,
    0xE7, 0x80, 0x79, 0xE0, 0x1C, 0x3C, 0x0F, 0x0F, 0x03, 0xC1, 0xE1, 0xE0, 0x78, 0x78, 0x0F, 0x3C,
    0x03, 0xCF, 0x00, 0x77, 0x80, 0x1F, 0xE0, 0x03, 0xF0, 0x1F, 0xFF, 0xE7, 0xFF, 0xF9, 0xFF, 0xFE,
    0x01, 0xE0, 0x00, 0x78, 0x07, 0xFF, 0xF9, 0xFF, 0xFE, 0x7F, 0xFF, 0x80, 0x78, 0x00, 0x1E, 0x00,
    0x07, 0x80, 0x01, 0xE0, 0x00, 0xFF, 0xFF, 0xFF, 0xFF, 0xFF, 0xFF, 0xF0, 0x00, 0x00, 0x0F, 0xFF,
    0xFF, 0xFF, 0xFF, 0xFF, 0xFF, 0x1F, 0xF8, 0x3F, 0xFC, 0x7F, 0xFE, 0x78, 0x1E, 0x78, 0x1E, 0x70,
    0x00, 0x78, 0x00, 0x78, 0x00, 0x7F, 0x80, 0x3F, 0xF0, 0x1F, 0xFC, 0x3F, 0xFC, 0x78, 0x3E, 0x78,
    0x1E, 0x70, 0x0E, 0x70, 0x0E, 0x78, 0x0E, 0x78, 0x1E, 0x3F, 0xFC, 0x1F, 0xF8, 0x0F, 0xFC, 0x00,
    0xFE, 0x00, 0x1E, 0x00, 0x0F, 0x60, 0x0F, 0xF0, 0x0F, 0xF8, 0x1E, 0x7F, 0xFE, 0x3F, 0xFC, 0x1F,
    0xF8, 0xF0, 0xEF, 0x9F, 0xF9, 0xFF, 0x0E, 0x03, 0xF0, 0x03, 0xFF, 0x03, 0xF3, 0xE0, 0xE0, 0x1C,
    0x70, 0x03, 0x98, 0xFC, 0xEE, 0x7F, 0x9B, 0x9C, 0xE7, 0xE7, 0x19, 0xF9, 0x80, 0x7E, 0x60, 0x1F,
    0x98, 0x07, 0xE6, 0x01, 0xF9, 0xC6, 0x7E, 0x73, 0x9F, 0x9F, 0xE7, 0x63, 0xF1, 0x9C, 0x00, 0xE7,
    0x80, 0x70, 0xF0, 0x7C, 0x1F, 0xFE, 0x01, 0xFE, 0x00, 0x3F, 0x3F, 0xD8, 0x60, 0x37, 0xFB, 0xFF,
    0x86, 0xEF, 0x7F, 0x80, 0x40, 0x03, 0xE3, 0xE0, 0x78, 0x78, 0x1E, 0x1E, 0x07, 0x87, 0x81, 0xF1,
    0xE0, 0x3C, 0x7C, 0x0F, 0x0F, 0x03, 0xC3, 0xC0, 0x78, 0x78, 0x07, 0x87, 0x80, 0xF8, 0xF8, 0x0F,
    0x8F, 0x00, 0xF0, 0xF0, 0x0F, 0x0F, 0x00, 0xF0, 0xF0, 0x1F, 0x1F, 0xFF, 0xFF, 0xFF, 0xFF, 0xFF,
    0xC0, 0x0F, 0x00, 0x3C, 0x00, 0xF0, 0x03, 0xC0, 0x0F, 0x07, 0xF8, 0x07, 0xFF, 0x03, 0xF3, 0xE0,
    0xE0, 0x1C, 0x70, 0x03, 0x99, 0xFC, 0xEE, 0x7F, 0x9B, 0x9C, 0xE7, 0xE7, 0x39, 0xF9, 0xCE, 0x7E,
    0x73, 0x9F, 0x9F, 0xE7, 0xE7, 0xF1, 0xF9, 0xDC, 0x7E, 0x77, 0x1F, 0x9C, 0xE7, 0x67, 0x39, 0x9D,
    0x86, 0xE7, 0x80, 0x70, 0xF8, 0x7C, 0x1F, 0xFE, 0x01, 0xFE, 0x00, 0xFF, 0xEF, 0xFF, 0xFF, 0xF0,
    0x1F, 0x87, 0xF9, 0xE7, 0xB8, 0x77, 0x0E, 0xE1, 0xDC, 0x3B, 0xCF, 0x3F, 0xC3, 0xF0, 0x03, 0xC0,
    0x03, 0xC0, 0x03, 0xC0, 0x03, 0xC0, 0x03, 0xC0, 0x03, 0xC0, 0x03, 0xC0, 0xFF, 0xFF, 0xFF, 0xFF,
    0xFF, 0xFF, 0x03, 0xC0, 0x03, 0xC0, 0x03, 0xC0, 0x03, 0xC0, 0x03, 0xC0, 0x03, 0xC0, 0x03, 0xC0,
    0xFF, 0xFF, 0xFF, 0xFF, 0xFF, 0xFF, 0x1F, 0x83, 0xFC, 0x7F, 0xE7, 0x0E, 0x60, 0xE0, 0x0E, 0x01,
    0xE0, 0x3C, 0x0F, 0x81, 0xE0, 0x3C, 0x07, 0x80, 0x7F, 0xE7, 0xFE, 0x7F, 0xE7, 0xFE, 0x01, 0xE0,
    0x3C, 0x0F, 0x00, 0xF8, 0x0F, 0xE0, 0x1E, 0x00, 0xFE, 0x0F, 0xF0, 0xE7, 0xFE, 0x7F, 0xC1, 0xF8,
    0x1E, 0x1E, 0x3C, 0x78, 0x70, 0xE0, 0x3F, 0x80, 0xFE, 0x03, 0xF8, 0x0F, 0xE0, 0x3F, 0x80, 0xFE,
    0x03, 0xF8, 0x0F, 0xE0, 0x3F, 0x80, 0xFE, 0x03, 0xF8, 0x0F, 0xE0, 0x3F, 0xC0, 0xFF, 0x03, 0xFE,
    0x1F, 0xFF, 0xFF, 0xFF, 0xFE, 0xFF, 0xF8, 0x00, 0xE0, 0x03, 0x80, 0x0E, 0x00, 0x38, 0x00, 0xE0,
    0x00, 0x1F, 0x8E, 0xFF, 0x1D, 0xFE, 0x3F, 0xFC, 0x7F, 0xF8, 0xFF, 0xF1, 0xFF, 0xE3, 0xFF, 0xC7,
    0xFF, 0x8F, 0xFF, 0x1F, 0xFE, 0x3B, 0xFC, 0x77, 0xF8, 0xE3, 0xF1, 0xC0, 0xE3, 0x81, 0xC7, 0x03,
    0x8E, 0x07, 0x1C, 0x0E, 0x38, 0x1C, 0x70, 0x38, 0xE0, 0x71, 0xC0, 0xE3, 0x81, 0xC7, 0x03, 0x8E,
    0x07, 0x1C, 0x0E, 0x38, 0x1C, 0x70, 0x38, 0xE0, 0x71, 0xC0, 0xE3, 0x80, 0x7B, 0xFF, 0xFF, 0x78,
    0x30, 0x70, 0x7C, 0x3E, 0x0F, 0x0F, 0xFE, 0xFC, 0x1F, 0x03, 0xF0, 0x7F, 0x06, 0x70, 0x47, 0x00,
    0x70, 0x07, 0x00, 0x70, 0x07, 0x00, 0x70, 0x07, 0x07, 0xFE, 0x7F, 0xF7, 0xFF, 0x7E, 0xFF, 0xC7,
    0xC3, 0xC3, 0xC3, 0xC3, 0xE7, 0x7E, 0x00, 0xF0, 0xF0, 0x1E, 0x1E, 0x03, 0xC3, 0xC0, 0x78, 0xF8,
    0x1F, 0x1E, 0x03, 0xC3, 0xC0, 0x78, 0x78, 0x0F, 0x1F, 0x03, 0xC3, 0xC1, 0xE1, 0xE0, 0xF0, 0xF0,
    0x7C, 0x7C, 0x1E, 0x3E, 0x0F, 0x0F, 0x07, 0x87, 0x83, 0xE3, 0xC0, 0x1E, 0x00, 0xF3, 0xE0, 0x1E,
    0x7E, 0x01, 0xC6, 0x60, 0x3C, 0x06, 0x07, 0x80, 0x60, 0x70, 0x06, 0x0F, 0x00, 0x61, 0xE0, 0x06,
    0x1C, 0x07, 0xFF, 0xC0, 0x7F, 0xF8, 0x00, 0x07, 0x00, 0x00, 0xF0, 0x00, 0x1E, 0x10, 0x01, 0xC7,
    0x00, 0x3C, 0x70, 0x07, 0x8E, 0x00, 0x71, 0xC0, 0x0F, 0x1D, 0xC1, 0xE3, 0x9C, 0x1C, 0x31, 0xC3,
    0xC3, 0xFC, 0x78, 0x3F, 0xC7, 0x00, 0x1C, 0xF0, 0x01, 0xC0, 0x1E, 0x00, 0xF3, 0xE0, 0x1E, 0x7E,
    0x01, 0xC6, 0x60, 0x3C, 0x06, 0x07, 0x80, 0x60, 0x70, 0x06, 0x0F, 0x00, 0x61, 0xE0, 0x06, 0x1C,
    0x07, 0xFF, 0xC0, 0x7F, 0xF8, 0x00, 0x07, 0x00, 0x00, 0xF0, 0x00, 0x1E, 0x00, 0x01, 0xCF, 0x80,
    0x3D, 0xFC, 0x07, 0xB8, 0xE0, 0x73, 0x8E, 0x0F, 0x00, 0xE1, 0xE0, 0x1C, 0x1C, 0x03, 0xC3, 0xC0,
    0xF0, 0x78, 0x3E, 0x07, 0x03, 0xFE, 0xF0, 0x3F, 0xE0, 0x7F, 0x80, 0xF7, 0xF8, 0x0E, 0x03, 0x81,
    0xE0, 0xF0, 0x3C, 0x0E, 0x03, 0x80, 0xF8, 0x78, 0x07, 0x8F, 0x00, 0x1C, 0xE0, 0x61, 0xDE, 0x07,
    0x3B, 0xC0, 0x7F, 0xB8, 0x01, 0xE7, 0x80, 0x00, 0xF0, 0x00, 0x0E, 0x00, 0x01, 0xC3, 0x80, 0x3C,
    0x70, 0x07, 0x8E, 0x00, 0x71, 0xE0, 0x0F, 0x1D, 0xC1, 0xE3, 0x9C, 0x1C, 0x31, 0xC3, 0xC3, 0xFC,
    0x78, 0x3F, 0xC7, 0x00, 0x1C, 0xF0, 0x01, 0xC0, 0x03, 0xE0, 0x1F, 0x00, 0xF8, 0x07, 0xC0, 0x00,
    0x00, 0x00, 0x00, 0x00, 0x38, 0x01, 0xC0, 0x0E, 0x00, 0x70, 0x1F, 0x81, 0xFC, 0x1F, 0xE1, 0xF0,
    0x0F, 0x00, 0x70, 0x07, 0x80, 0x1C, 0x00, 0xE0, 0x07, 0x80, 0x3E, 0x00, 0xFF, 0xE3, 0xFF, 0x0F,
    0xF8, 0x0F, 0x00, 0x03, 0xE0, 0x00, 0x78, 0x00, 0x0F, 0x00, 0x01, 0xE0, 0x00, 0x00, 0x00, 0x00,
    0x00, 0x00, 0x00, 0x03, 0xE0, 0x00, 0xFC, 0x00, 0x3F, 0x00, 0x0F, 0xC0, 0x07, 0xF0, 0x01, 0xFE,
    0x00, 0x77, 0x80, 0x1C, 0xE0, 0x0F, 0x38, 0x03, 0xCF, 0x00, 0xF3, 0xC0, 0x38, 0xF0, 0x1E, 0x1C,
    0x07, 0x87, 0x81, 0xE1, 0xE0, 0x70, 0x78, 0x3F, 0xFE, 0x0F, 0xFF, 0xC3, 0xFF, 0xF0, 0xE0, 0x3C,
    0x78, 0x07, 0x1E, 0x01, 0xE7, 0x80, 0x79, 0xC0, 0x1E, 0xF0, 0x03, 0x80, 0x00, 0x3C, 0x00, 0x1E,
    0x00, 0x0F, 0x80, 0x03, 0xC0, 0x01, 0xE0, 0x00, 0x00, 0x00, 0x00, 0x00, 0x00, 0x00, 0x03, 0xE0,
    0x00, 0xFC, 0x00, 0x3F, 0x00, 0x0F, 0xC0, 0x07, 0xF0, 0x01, 0xFE, 0x00, 0x77, 0x80, 0x1C, 0xE0,
    0x0F, 0x38, 0x03, 0xCF, 0x00, 0xF3, 0xC0, 0x38, 0xF0, 0x1E, 0x1C, 0x07, 0x87, 0x81, 0xE1, 0xE0,
    0x70, 0x78, 0x3F, 0xFE, 0x0F, 0xFF, 0xC3, 0xFF, 0xF0, 0xE0, 0x3C, 0x78, 0x07, 0x1E, 0x01, 0xE7,
    0x80, 0x79, 0xC0, 0x1E, 0xF0, 0x03, 0x80, 0x01, 0xE0, 0x00, 0xFC, 0x00, 0x7F, 0x80, 0x3D, 0xF0,
    0x1E, 0x1E, 0x00, 0x00, 0x00, 0x00, 0x00, 0x00, 0x00, 0x03, 0xE0, 0x00, 0xFC, 0x00, 0x3F, 0x00,
    0x0F, 0xC0, 0x07, 0xF0, 0x01, 0xFE, 0x00, 0x77, 0x80, 0x1C, 0xE0, 0x0F, 0x38, 0x03, 0xCF, 0x00,
    0xF3, 0xC0, 0x38, 0xF0, 0x1E, 0x1C, 0x07, 0x87, 0x81, 0xE1, 0xE0, 0x70, 0x78, 0x3F, 0xFE, 0x0F,
    0xFF, 0xC3, 0xFF, 0xF0, 0xE0, 0x3C, 0x78, 0x07, 0x1E, 0x01, 0xE7, 0x80, 0x79, 0xC0, 0x1E, 0xF0,
    0x03, 0x80, 0x00, 0x00, 0x03, 0xE3, 0x80, 0xFF, 0xC0, 0x77, 0xF0, 0x1C, 0x78, 0x00, 0x00, 0x00,
    0x00, 0x00, 0x00, 0x00, 0x03, 0xE0, 0x00, 0xFC, 0x00, 0x3F, 0x00, 0x0F, 0xC0, 0x07, 0xF0, 0x01,
    0xFE, 0x00, 0x77, 0x80, 0x1C, 0xE0, 0x0F, 0x38, 0x03, 0xCF, 0x00, 0xF3, 0xC0, 0x38, 0xF0, 0x1E,
    0x1C, 0x07, 0x87, 0x81, 0xE1, 0xE0, 0x70, 0x78, 0x3F, 0xFE, 0x0F, 0xFF, 0xC3, 0xFF, 0xF0, 0xE0,
    0x3C, 0x78, 0x07, 0x1E, 0x01, 0xE7, 0x80, 0x79, 0xC0, 0x1E, 0xF0, 0x03, 0x80, 0x1E, 0x1C, 0x07,
    0xCF, 0x81, 0xF3, 0xE0, 0x78, 0x70, 0x00, 0x00, 0x00, 0x00, 0x00, 0x00, 0x00, 0x0F, 0x80, 0x03,
    0xF0, 0x00, 0xFC, 0x00, 0x3F, 0x00, 0x1F, 0xC0, 0x07, 0xF8, 0x01, 0xDE, 0x00, 0x73, 0x80, 0x3C,
    0xE0, 0x0F, 0x3C, 0x03, 0xCF, 0x00, 0xE3, 0xC0, 0x78, 0x70, 0x1E, 0x1E, 0x07, 0x87, 0x81, 0xC1,
    0xE0, 0xFF, 0xF8, 0x3F, 0xFF, 0x0F, 0xFF, 0xC3, 0x80, 0xF1, 0xE0, 0x1C, 0x78, 0x07, 0x9E, 0x01,
    0xE7, 0x00, 0x7B, 0xC0, 0x0E, 0x03, 0xE0, 0x01, 0xFC, 0x00, 0x77, 0x80, 0x18, 0xE0, 0x06, 0x38,
    0x01, 0xCE, 0x00, 0x7F, 0x80, 0x0F, 0xC0, 0x00, 0x00, 0x00, 0xF8, 0x00, 0x3F, 0x00, 0x0F, 0xC0,
    0x03, 0xF0, 0x01, 0xFC, 0x00, 0x7F, 0x80, 0x1D, 0xE0, 0x07, 0x38, 0x03, 0xCE, 0x00, 0xF3, 0xC0,
    0x3C, 0xF0, 0x0E, 0x3C, 0x07, 0x87, 0x01, 0xE1, 0xE0, 0x78, 0x78, 0x1C, 0x1E, 0x0F, 0xFF, 0x83,
    0xFF, 0xF0, 0xFF, 0xFC, 0x38, 0x0F, 0x1E, 0x01, 0xC7, 0x80, 0x79, 0xE0, 0x1E, 0x70, 0x07, 0xBC,
    0x00, 0xE0, 0x07, 0xFF, 0xE0, 0xFF, 0xFC, 0x1F, 0xFF, 0x83, 0x9C, 0x00, 0x73, 0x80, 0x1E, 0x70,
    0x03, 0xCE, 0x00, 0x79, 0xC0, 0x0E, 0x38, 0x01, 0xC7, 0x00, 0x78, 0xE0, 0x0F, 0x1F, 0xE1, 0xE3,
    0xFC, 0x38, 0x7F, 0x87, 0x0E, 0x01, 0xFF, 0xC0, 0x3F, 0xF8, 0x07, 0xFF, 0x00, 0xF0, 0xE0, 0x1C,
    0x1C, 0x07, 0x83, 0x80, 0xF0, 0x70, 0x1E, 0x0F, 0xFB, 0xC1, 0xFF, 0x70, 0x3F, 0xE0, 0x1F, 0xE0,
    0x7F, 0xE1, 0xFF, 0xE7, 0xC3, 0xEF, 0x03, 0xDE, 0x03, 0xB8, 0x07, 0xF0, 0x00, 0xE0, 0x01, 0xC0,
    0x03, 0x80, 0x07, 0x00, 0x0E, 0x00, 0x1C, 0x00, 0x38, 0x00, 0x70, 0x00, 0xE0, 0x01, 0xC0, 0x03,
    0x80, 0x7F, 0x80, 0xEF, 0x03, 0xDF, 0x0F, 0x9F, 0xFE, 0x1F, 0xF8, 0x1F, 0xE0, 0x0C, 0x00, 0x3E,
    0x00, 0x3F, 0x00, 0x1E, 0x00, 0x3C, 0x03, 0xF8, 0x07, 0xC0, 0x3C, 0x00, 0x3C, 0x00, 0x3C, 0x00,
    0x7C, 0x00, 0x78, 0x00, 0x00, 0x00, 0x00, 0x00, 0x00, 0xFF, 0xFF, 0xFF, 0xFF, 0xFF, 0xF7, 0x80,
    0x0F, 0x00, 0x1E, 0x00, 0x3C, 0x00, 0x78, 0x00, 0xF0, 0x01, 0xE0, 0x03, 0xC0, 0x07, 0xFF, 0xCF,
    0xFF, 0x9F, 0xFF, 0x3C, 0x00, 0x78, 0x00, 0xF0, 0x01, 0xE0, 0x03, 0xC0, 0x07, 0x80, 0x0F, 0x00,
    0x1E, 0x00, 0x3F, 0xFF, 0x7F, 0xFF, 0xFF, 0xFE, 0x00, 0xF0, 0x01, 0xE0, 0x07, 0x80, 0x1E, 0x00,
    0x78, 0x00, 0x00, 0x00, 0x00, 0x00, 0x00, 0xFF, 0xFF, 0xFF, 0xFF, 0xFF, 0xF7, 0x80, 0x0F, 0x00,
    0x1E, 0x00, 0x3C, 0x00, 0x78, 0x00, 0xF0, 0x01, 0xE0, 0x03, 0xC0, 0x07, 0xFF, 0xCF, 0xFF, 0x9F,
    0xFF, 0x3C, 0x00, 0x78, 0x00, 0xF0, 0x01, 0xE0, 0x03, 0xC0, 0x07, 0x80, 0x0F, 0x00, 0x1E, 0x00,
    0x3F, 0xFF, 0x7F, 0xFF, 0xFF, 0xFE, 0x07, 0x80, 0x1F, 0x80, 0x7F, 0x81, 0xF7, 0x87, 0xC7, 0x80,
    0x00, 0x00, 0x00, 0x00, 0x00, 0xFF, 0xFF, 0xFF, 0xFF, 0xFF, 0xF7, 0x80, 0x0F, 0x00, 0x1E, 0x00,
    0x3C, 0x00, 0x78, 0x00, 0xF0, 0x01, 0xE0, 0x03, 0xC0, 0x07, 0xFF, 0xCF, 0xFF, 0x9F, 0xFF, 0x3C,
    0x00, 0x78, 0x00, 0xF0, 0x01, 0xE0, 0x03, 0xC0, 0x07, 0x80, 0x0F, 0x00, 0x1E, 0x00, 0x3F, 0xFF,
    0x7F, 0xFF, 0xFF, 0xFE, 0x38, 0x78, 0xF8, 0xF1, 0xF3, 0xE1, 0xC3, 0xC0, 0x00, 0x00, 0x00, 0x00,
    0x00, 0x7F, 0xFF, 0xFF, 0xFF, 0xFF, 0xFB, 0xC0, 0x07, 0x80, 0x0F, 0x00, 0x1E, 0x00, 0x3C, 0x00,
    0x78, 0x00, 0xF0, 0x01, 0xE0, 0x03, 0xFF, 0xE7, 0xFF, 0xCF, 0xFF, 0x9E, 0x00, 0x3C, 0x00, 0x78,
    0x00, 0xF0, 0x01, 0xE0, 0x03, 0xC0, 0x07, 0x80, 0x0F, 0x00, 0x1F, 0xFF, 0xBF, 0xFF, 0xFF, 0xFF,
    0x3C, 0x00, 0xF8, 0x01, 0xE0, 0x03, 0xC0, 0x07, 0x80, 0x00, 0x00, 0x00, 0x00, 0x00, 0xFF, 0xFF,
    0xFF, 0xFF, 0xFF, 0xC1, 0xE0, 0x07, 0x80, 0x1E, 0x00, 0x78, 0x01, 0xE0, 0x07, 0x80, 0x1E, 0x00,
    0x78, 0x01, 0xE0, 0x07, 0x80, 0x1E, 0x00, 0x78, 0x01, 0xE0, 0x07, 0x80, 0x1E, 0x00, 0x78, 0x01,
    0xE0, 0x07, 0x80, 0x1E, 0x0F, 0xFF, 0xFF, 0xFF, 0xFF, 0xFC, 0x00, 0xF0, 0x07, 0x80, 0x3E, 0x00,
    0xF0, 0x07, 0x80, 0x00, 0x00, 0x00, 0x00, 0x00, 0xFF, 0xFF, 0xFF, 0xFF, 0xFF, 0xC1, 0xE0, 0x07,
    0x80, 0x1E, 0x00, 0x78, 0x01, 0xE0, 0x07, 0x80, 0x1E, 0x00, 0x78, 0x01, 0xE0, 0x07, 0x80, 0x1E,
    0x00, 0x78, 0x01, 0xE0, 0x07, 0x80, 0x1E, 0x00, 0x78, 0x01, 0xE0, 0x07, 0x80, 0x1E, 0x0F, 0xFF,
    0xFF, 0xFF, 0xFF, 0xFC, 0x07, 0x80, 0x3F, 0x01, 0xFE, 0x0F, 0x7C, 0x78, 0x78, 0x00, 0x00, 0x00,
    0x00, 0x00, 0xFF, 0xFF, 0xFF, 0xFF, 0xFF, 0xC1, 0xE0, 0x07, 0x80, 0x1E, 0x00, 0x78, 0x01, 0xE0,
    0x07, 0x80, 0x1E, 0x00, 0x78, 0x01, 0xE0, 0x07, 0x80, 0x1E, 0x00, 0x78, 0x01, 0xE0, 0x07, 0x80,
    0x1E, 0x00, 0x78, 0x01, 0xE0, 0x07, 0x80, 0x1E, 0x0F, 0xFF, 0xFF, 0xFF, 0xFF, 0xFC, 0x78, 0x71,
    0xF3, 0xE7, 0xCF, 0x9E, 0x1C, 0x00, 0x00, 0x00, 0x00, 0x00, 0x3F, 0xFF, 0xFF, 0xFF, 0xFF, 0xF0,
    0x78, 0x01, 0xE0, 0x07, 0x80, 0x1E, 0x00, 0x78, 0x01, 0xE0, 0x07, 0x80, 0x1E, 0x00, 0x78, 0x01,
    0xE0, 0x07, 0x80, 0x1E, 0x00, 0x78, 0x01, 0xE0, 0x07, 0x80, 0x1E, 0x00, 0x78, 0x01, 0xE0, 0x07,
    0x83, 0xFF, 0xFF, 0xFF, 0xFF, 0xFF, 0x1F, 0xF8, 0x0F, 0xFF, 0x07, 0xFF, 0xC3, 0x83, 0xE1, 0xC0,
    0x78, 0xE0, 0x3C, 0x70, 0x1E, 0x38, 0x07, 0x1C, 0x03, 0x8E, 0x01, 0xC7, 0x00, 0xFF, 0xF8, 0x7F,
    0xFC, 0x3F, 0xFE, 0x1C, 0x70, 0x0E, 0x38, 0x07, 0x1C, 0x03, 0x8E, 0x01, 0xC7, 0x01, 0xE3, 0x80,
    0xF1, 0xC0, 0x78, 0xE0, 0xF8, 0x7F, 0xFC, 0x3F, 0xFC, 0x1F, 0xF8, 0x00, 0x00, 0x00, 0x3E, 0x38,
    0x7F, 0xE1, 0xDF, 0xC3, 0x8F, 0x00, 0x00, 0x00, 0x00, 0x00, 0x00, 0x78, 0x0E, 0xF8, 0x1D, 0xF0,
    0x3B, 0xF0, 0x77, 0xE0, 0xEF, 0xC1, 0xDF, 0xC3, 0xBF, 0x87, 0x77, 0x0E, 0xEF, 0x1D, 0xDE, 0x3B,
    0x9C, 0x77, 0x3C, 0xEE, 0x39, 0xDC, 0x73, 0xB8, 0xF7, 0x70, 0xEE, 0xE1, 0xDD, 0xC3, 0xFB, 0x83,
    0xF7, 0x07, 0xEE, 0x0F, 0xDC, 0x0F, 0xB8, 0x1F, 0x70, 0x3E, 0x1E, 0x00, 0x3E, 0x00, 0x3C, 0x00,
    0x3C, 0x00, 0x3C, 0x00, 0x00, 0x00, 0x00, 0x00, 0x00, 0x0F, 0xF0, 0x3F, 0xF0, 0xFF, 0xF3, 0xE1,
    0xE7, 0x81, 0xEE, 0x03, 0xDC, 0x03, 0xB8, 0x07, 0x70, 0x0E, 0xE0, 0x1D, 0xC0, 0x3B, 0x80, 0x77,
    0x00, 0xEE, 0x01, 0xDC, 0x03, 0xB8, 0x07, 0x70, 0x0E, 0xE0, 0x1D, 0xC0, 0x3B, 0x80, 0xF7, 0x81,
    0xEF, 0x87, 0x8F, 0xFF, 0x0F, 0xFC, 0x0F, 0xF0, 0x00, 0x78, 0x01, 0xE0, 0x07, 0xC0, 0x0F, 0x00,
    0x3C, 0x00, 0x00, 0x00, 0x00, 0x00, 0x00, 0x0F, 0xF0, 0x3F, 0xF0, 0xFF, 0xF3, 0xE1, 0xE7, 0x81,
    0xEE, 0x03, 0xDC, 0x03, 0xB8, 0x07, 0x70, 0x0E, 0xE0, 0x1D, 0xC0, 0x3B, 0x80, 0x77, 0x00, 0xEE,
    0x01, 0xDC, 0x03, 0xB8, 0x07, 0x70, 0x0E, 0xE0, 0x1D, 0xC0, 0x3B, 0x80, 0xF7, 0x81, 0xEF, 0x87,
    0x8F, 0xFF, 0x0F, 0xFC, 0x0F, 0xF0, 0x03, 0xC0, 0x0F, 0xC0, 0x3F, 0xC0, 0xF7, 0xC3, 0xC3, 0xC0,
    0x00, 0x00, 0x00, 0x00, 0x00, 0x0F, 0xF0, 0x3F, 0xF0, 0xFF, 0xF3, 0xE1, 0xE7, 0x81, 0xEE, 0x03,
    0xDC, 0x03, 0xB8, 0x07, 0x70, 0x0E, 0xE0, 0x1D, 0xC0, 0x3B, 0x80, 0x77, 0x00, 0xEE, 0x01, 0xDC,
    0x03, 0xB8, 0x07, 0x70, 0x0E, 0xE0, 0x1D, 0xC0, 0x3B, 0x80, 0xF7, 0x81, 0xEF, 0x87, 0x8F, 0xFF,
    0x0F, 0xFC, 0x0F, 0xF0, 0x00, 0x00, 0x3E, 0x38, 0x7F, 0xE1, 0xDF, 0xC3, 0x8F, 0x00, 0x00, 0x00,
    0x00, 0x00, 0x00, 0x0F, 0xF0, 0x3F, 0xF0, 0xFF, 0xF3, 0xE1, 0xE7, 0x81, 0xEE, 0x03, 0xDC, 0x03,
    0xB8, 0x07, 0x70, 0x0E, 0xE0, 0x1D, 0xC0, 0x3B, 0x80, 0x77, 0x00, 0xEE, 0x01, 0xDC, 0x03, 0xB8,
    0x07, 0x70, 0x0E, 0xE0, 0x1D, 0xC0, 0x3B, 0x80, 0xF7, 0x81, 0xEF, 0x87, 0x8F, 0xFF, 0x0F, 0xFC,
    0x0F, 0xF0, 0x3C, 0x38, 0x7C, 0xF8, 0xF9, 0xF1, 0xE1, 0xC0, 0x00, 0x00, 0x00, 0x00, 0x00, 0x07,
    0xF8, 0x1F, 0xF8, 0x7F, 0xF9, 0xF0, 0xF3, 0xC0, 0xF7, 0x01, 0xEE, 0x01, 0xDC, 0x03, 0xB8, 0x07,
    0x70, 0x0E, 0xE0, 0x1D, 0xC0, 0x3B, 0x80, 0x77, 0x00, 0xEE, 0x01, 0xDC, 0x03, 0xB8, 0x07, 0x70,
    0x0E, 0xE0, 0x1D, 0xC0, 0x7B, 0xC0, 0xF7, 0xC3, 0xC7, 0xFF, 0x87, 0xFE, 0x07, 0xF8, 0x00, 0x11,
    0x80, 0xEF, 0x07, 0x9E, 0x3E, 0x3D, 0xF0, 0x7F, 0x80, 0xFC, 0x03, 0xE0, 0x1F, 0xC0, 0xFF, 0x87,
    0xCF, 0x3E, 0x1E, 0x70, 0x38, 0x80, 0x40, 0x00, 0x03, 0xC1, 0xFE, 0xE0, 0xFF, 0xF8, 0x7F, 0xFC,
    0x3E, 0x1F, 0x0F, 0x03, 0xC3, 0x81, 0xF0, 0xE0, 0x7C, 0x38, 0x3F, 0x0E, 0x0F, 0xC3, 0x87, 0xF0,
    0xE1, 0xDC, 0x38, 0xF7, 0x0E, 0x79, 0xC3, 0x9C, 0x70, 0xEF, 0x1C, 0x3B, 0x87, 0x0F, 0xE1, 0xC3,
    0xF0, 0x70, 0xFC, 0x1C, 0x3E, 0x0F, 0x0F, 0x03, 0xC3, 0xE1, 0xF0, 0xFF, 0xF8, 0x7F, 0xFC, 0x1D,
    0xFE, 0x0F, 0x00, 0x00, 0x1E, 0x00, 0x3E, 0x00, 0x3C, 0x00, 0x3C, 0x00, 0x3C, 0x00, 0x00, 0x00,
    0x00, 0x00, 0x00, 0x70, 0x1E, 0xE0, 0x3D, 0xC0, 0x7B, 0x80, 0xF7, 0x01, 0xEE, 0x03, 0xDC, 0x07,
    0xB8, 0x0F, 0x70, 0x1E, 0xE0, 0x3D, 0xC0, 0x7B, 0x80, 0xF7, 0x01, 0xEE, 0x03, 0xDC, 0x07, 0xB8,
    0x0F, 0x70, 0x1E, 0xE0, 0x3D, 0xC0, 0x7B, 0xC0, 0xF7, 0x81, 0xEF, 0x87, 0x8F, 0xFF, 0x0F, 0xFC,
    0x0F, 0xF0, 0x00, 0x78, 0x01, 0xE0, 0x07, 0xC0, 0x0F, 0x00, 0x3C, 0x00, 0x00, 0x00, 0x00, 0x00,
    0x00, 0x70, 0x1E, 0xE0, 0x3D, 0xC0, 0x7B, 0x80, 0xF7, 0x01, 0xEE, 0x03, 0xDC, 0x07, 0xB8, 0x0F,
    0x70, 0x1E, 0xE0, 0x3D, 0xC0, 0x7B, 0x80, 0xF7, 0x01, 0xEE, 0x03, 0xDC, 0x07, 0xB8, 0x0F, 0x70,
    0x1E, 0xE0, 0x3D, 0xC0, 0x7B, 0xC0, 0xF7, 0x81, 0xEF, 0x87, 0x8F, 0xFF, 0x0F, 0xFC, 0x0F, 0xF0,
    0x03, 0xC0, 0x0F, 0xC0, 0x3F, 0xC0, 0xF7, 0xC3, 0xC3, 0xC0, 0x00, 0x00, 0x00, 0x00, 0x00, 0x70,
    0x1E, 0xE0, 0x3D, 0xC0, 0x7B, 0x80, 0xF7, 0x01, 0xEE, 0x03, 0xDC, 0x07, 0xB8, 0x0F, 0x70, 0x1E,
    0xE0, 0x3D, 0xC0, 0x7B, 0x80, 0xF7, 0x01, 0xEE, 0x03, 0xDC, 0x07, 0xB8, 0x0F, 0x70, 0x1E, 0xE0,
    0x3D, 0xC0, 0x7B, 0xC0, 0xF7, 0x81, 0xEF, 0x87, 0x8F, 0xFF, 0x0F, 0xFC, 0x0F, 0xF0, 0x3C, 0x38,
    0x7C, 0xF8, 0xF9, 0xF1, 0xE1, 0xC0, 0x00, 0x00, 0x00, 0x00, 0x00, 0x38, 0x0F, 0x70, 0x1E, 0xE0,
    0x3D, 0xC0, 0x7B, 0x80, 0xF7, 0x01, 0xEE, 0x03, 0xDC, 0x07, 0xB8, 0x0F, 0x70, 0x1E, 0xE0, 0x3D,
    0xC0, 0x7B, 0x80, 0xF7, 0x01, 0xEE, 0x03, 0xDC, 0x07, 0xB8, 0x0F, 0x70, 0x1E, 0xE0, 0x3D, 0xE0,
    0x7B, 0xC0, 0xF7, 0xC3, 0xC7, 0xFF, 0x87, 0xFE, 0x07, 0xF8, 0x00, 0x3C, 0x00, 0x1E, 0x00, 0x0F,
    0x80, 0x03, 0xC0, 0x01, 0xE0, 0x00, 0x00, 0x00, 0x00, 0x00, 0x00, 0x00, 0xF0, 0x03, 0xFC, 0x00,
    0xE7, 0x80, 0x79, 0xE0, 0x1C, 0x3C, 0x0F, 0x0F, 0x03, 0x81, 0xE1, 0xE0, 0x78, 0x78, 0x0F, 0x3C,
    0x03, 0xCF, 0x00, 0x77, 0x80, 0x1F, 0xE0, 0x03, 0xF0, 0x00, 0xFC, 0x00, 0x3E, 0x00, 0x07, 0x80,
    0x01, 0xE0, 0x00, 0x78, 0x00, 0x1E, 0x00, 0x07, 0x80, 0x01, 0xE0, 0x00, 0x78, 0x00, 0x1E, 0x00,
    0x07, 0x80, 0x01, 0xE0, 0x00, 0x70, 0x00, 0x38, 0x00, 0x1C, 0x00, 0x0E, 0x00, 0x07, 0x00, 0x03,
    0xFF, 0x81, 0xFF, 0xF0, 0xFF, 0xFC, 0x70, 0x3F, 0x38, 0x07, 0x9C, 0x03, 0xCE, 0x00, 0xE7, 0x00,
    0x73, 0x80, 0x39, 0xC0, 0x3C, 0xE0, 0x3E, 0x7F, 0xFE, 0x3F, 0xFE, 0x1F, 0xFE, 0x0E, 0x00, 0x07,
    0x00, 0x03, 0x80, 0x01, 0xC0, 0x00, 0xE0, 0x00, 0x70, 0x00, 0x00, 0x1F, 0xE0, 0x7F, 0xE1, 0xFF,
    0xE7, 0xC3, 0xEF, 0x03, 0xDE, 0x07, 0xB8, 0x07, 0x70, 0x0E, 0xE0, 0x3D, 0xC0, 0x7B, 0x83, 0xE7,
    0x3F, 0x8E, 0x7F, 0x1C, 0xFF, 0x38, 0x1F, 0x70, 0x0F, 0xE0, 0x1F, 0xC0, 0x3F, 0x80, 0x7F, 0x00,
    0xFE, 0x03, 0xFC, 0x0F, 0xB9, 0xFF, 0x73, 0xFC, 0xE7, 0xE0, 0x1E, 0x00, 0x1E, 0x00, 0x1E, 0x00,
    0x3C, 0x00, 0x3C, 0x00, 0x00, 0x00, 0x00, 0x00, 0x00, 0x0F, 0xF0, 0x7F, 0xF0, 0xFF, 0xF3, 0xE1,
    0xF7, 0x81, 0xE0, 0x03, 0xC0, 0x07, 0x8F, 0xFF, 0x3F, 0xFE, 0xFF, 0xFF, 0xF0, 0x7F, 0x80, 0xFF,
    0x01, 0xFE, 0x03, 0xFC, 0x07, 0xFC, 0x3F, 0x7F, 0xFE, 0x7F, 0xFC, 0x7F, 0x78, 0x00, 0x78, 0x01,
    0xE0, 0x07, 0x80, 0x0F, 0x00, 0x3C, 0x00, 0x00, 0x00, 0x00, 0x00, 0x00, 0x0F, 0xF0, 0x7F, 0xF0,
    0xFF, 0xF3, 0xE1, 0xF7, 0x81, 0xE0, 0x03, 0xC0, 0x07, 0x8F, 0xFF, 0x3F, 0xFE, 0xFF, 0xFF, 0xF0,
    0x7F, 0x80, 0xFF, 0x01, 0xFE, 0x03, 0xFC, 0x07, 0xFC, 0x3F, 0x7F, 0xFE, 0x7F, 0xFC, 0x7F, 0x78,
    0x03, 0xC0, 0x0F, 0xC0, 0x3F, 0xC0, 0xF3, 0xC3, 0xC3, 0xC0, 0x00, 0x00, 0x00, 0x00, 0x00, 0x0F,
    0xF0, 0x7F, 0xF0, 0xFF, 0xF3, 0xE1, 0xF7, 0x81, 0xE0, 0x03, 0xC0, 0x07, 0x8F, 0xFF, 0x3F, 0xFE,
    0xFF, 0xFF, 0xF0, 0x7F, 0x80, 0xFF, 0x01, 0xFE, 0x03, 0xFC, 0x07, 0xFC, 0x3F, 0x7F, 0xFE, 0x7F,
    0xFC, 0x7F, 0x78, 0x00, 0x00, 0x3E, 0x38, 0x7F, 0xF1, 0xCF, 0xC3, 0x8F, 0x80, 0x00, 0x00, 0x00,
    0x00, 0x00, 0x0F, 0xF0, 0x7F, 0xF0, 0xFF, 0xF3, 0xE1, 0xF7, 0x81, 0xE0, 0x03, 0xC0, 0x07, 0x8F,
    0xFF, 0x3F, 0xFE, 0xFF, 0xFF, 0xF0, 0x7F, 0x80, 0xFF, 0x01, 0xFE, 0x03, 0xFC, 0x07, 0xFC, 0x3F,
    0x7F, 0xFE, 0x7F, 0xFC, 0x7F, 0x78, 0x3C, 0x3C, 0x7C, 0xF8, 0xF9, 0xF1, 0xE1, 0xE0, 0x00, 0x00,
    0x00, 0x00, 0x00, 0x07, 0xF8, 0x3F, 0xF8, 0x7F, 0xF9, 0xF0, 0xFB, 0xC0, 0xF0, 0x01, 0xE0, 0x03,
    0xC7, 0xFF, 0x9F, 0xFF, 0x7F, 0xFF, 0xF8, 0x3F, 0xC0, 0x7F, 0x80, 0xFF, 0x01, 0xFE, 0x03, 0xFE,
    0x1F, 0xBF, 0xFF, 0x3F, 0xFE, 0x3F, 0xBC, 0x03, 0xE0, 0x0F, 0xE0, 0x39, 0xC0, 0x71, 0x80, 0xE3,
    0x01, 0xCE, 0x03, 0xFC, 0x03, 0xF0, 0x00, 0x00, 0x00, 0x00, 0x3F, 0xC1, 0xFF, 0xC3, 0xFF, 0xCF,
    0x87, 0xDE, 0x07, 0x80, 0x0F, 0x00, 0x1E, 0x3F, 0xFC, 0xFF, 0xFB, 0xFF, 0xFF, 0xC1, 0xFE, 0x03,
    0xFC, 0x07, 0xF8, 0x0F, 0xF0, 0x1F, 0xF0, 0xFD, 0xFF, 0xF9, 0xFF, 0xF1, 0xFD, 0xE0, 0x3F, 0x3F,
    0x1F, 0xFF, 0xE7, 0xFF, 0xFB, 0xC7, 0x8F, 0xF1, 0xE3, 0xC0, 0x78, 0xF0, 0x1E, 0x3C, 0x7F, 0xFF,
    0x7F, 0xFF, 0xDF, 0xFF, 0xFF, 0x9E, 0x03, 0xC7, 0x80, 0xE1, 0xE0, 0x38, 0x78, 0x0E, 0x1E, 0x3F,
    0xC7, 0x8F, 0xFF, 0xFF, 0x9F, 0xFF, 0xE3, 0xF3, 0xF0, 0x0F, 0xF0, 0x1F, 0xF8, 0x3F, 0xFC, 0x7C,
    0x3E, 0x78, 0x1E, 0x70, 0x0F, 0x70, 0x0E, 0x70, 0x00, 0x70, 0x00, 0x70, 0x00, 0x70, 0x00, 0x70,
    0x00, 0x70, 0x0E, 0x70, 0x0F, 0x78, 0x1E, 0x7C, 0x3E, 0x3F, 0xFC, 0x1F, 0xF8, 0x0F, 0xF0, 0x03,
    0x00, 0x07, 0xC0, 0x03, 0xF0, 0x00, 0xF0, 0x00, 0xF0, 0x07, 0xF0, 0x07, 0xC0, 0x1E, 0x00, 0x0F,
    0x00, 0x0F, 0x80, 0x07, 0x80, 0x03, 0xC0, 0x00, 0x00, 0x00, 0x00, 0x00, 0x00, 0x0F, 0xF0, 0x1F,
    0xF8, 0x3F, 0xFC, 0x7C, 0x3E, 0x78, 0x1E, 0x70, 0x0E, 0xF0, 0x0E, 0xFF, 0xFE, 0xFF, 0xFE, 0xFF,
    0xFE, 0xF0, 0x00, 0xF0, 0x00, 0xF0, 0x00, 0x70, 0x0E, 0x78, 0x1E, 0x7C, 0x3E, 0x3F, 0xFC, 0x1F,
    0xF8, 0x0F, 0xF0, 0x00, 0x78, 0x00, 0xF0, 0x01, 0xE0, 0x01, 0xE0, 0x03, 0xC0, 0x00, 0x00, 0x00,
    0x00, 0x00, 0x00, 0x0F, 0xF0, 0x1F, 0xF8, 0x3F, 0xFC, 0x7C, 0x3E, 0x78, 0x1E, 0x70, 0x0E, 0xF0,
    0x0E, 0xFF, 0xFE, 0xFF, 0xFE, 0xFF, 0xFE, 0xF0, 0x00, 0xF0, 0x00, 0xF0, 0x00, 0x70, 0x0E, 0x78,
    0x1E, 0x7C, 0x3E, 0x3F, 0xFC, 0x1F, 0xF8, 0x0F, 0xF0, 0x03, 0xC0, 0x07, 0xE0, 0x0F, 0xF0, 0x1E,
    0x78, 0x3C, 0x3C, 0x00, 0x00, 0x00, 0x00, 0x00, 0x00, 0x0F, 0xF0, 0x1F, 0xF8, 0x3F, 0xFC, 0x7C,
    0x3E, 0x78, 0x1E, 0x70, 0x0E, 0xF0, 0x0E, 0xFF, 0xFE, 0xFF, 0xFE, 0xFF, 0xFE, 0xF0, 0x00, 0xF0,
    0x00, 0xF0, 0x00, 0x70, 0x0E, 0x78, 0x1E, 0x7C, 0x3E, 0x3F, 0xFC, 0x1F, 0xF8, 0x0F, 0xF0, 0x3C,
    0x38, 0x3E, 0x7C, 0x3E, 0x7C, 0x3C, 0x38, 0x00, 0x00, 0x00, 0x00, 0x00, 0x00, 0x0F, 0xF0, 0x1F,
    0xF8, 0x3F, 0xFC, 0x7C, 0x3E, 0x78, 0x1E, 0x70, 0x0E, 0xF0, 0x0E, 0xFF, 0xFE, 0xFF, 0xFE, 0xFF,
    0xFE, 0xF0, 0x00, 0xF0, 0x00, 0xF0, 0x00, 0x70, 0x0E, 0x78, 0x1E, 0x7C, 0x3E, 0x3F, 0xFC, 0x1F,
    0xF8, 0x0F, 0xF0, 0x1F, 0x00, 0x07, 0x80, 0x01, 0xE0, 0x00, 0x78, 0x00, 0x3E, 0x00, 0x00, 0x00,
    0x00, 0x00, 0x00, 0x00, 0x7F, 0xE0, 0x3F, 0xF0, 0x1F, 0xF8, 0x00, 0x3C, 0x00, 0x1E, 0x00, 0x0F,
    0x00, 0x07, 0x80, 0x03, 0xC0, 0x01, 0xE0, 0x00, 0xF0, 0x00, 0x78, 0x00, 0x3C, 0x00, 0x1E, 0x00,
    0x0F, 0x00, 0x07, 0x80, 0x03, 0xC0, 0xFF, 0xFF, 0xFF, 0xFF, 0xFF, 0xFF, 0xE0, 0x00, 0x78, 0x00,
    0x3C, 0x00, 0x3C, 0x00, 0x3C, 0x00, 0x3C, 0x00, 0x00, 0x00, 0x00, 0x00, 0x00, 0x00, 0x7F, 0xE0,
    0x3F, 0xF0, 0x1F, 0xF8, 0x00, 0x3C, 0x00, 0x1E, 0x00, 0x0F, 0x00, 0x07, 0x80, 0x03, 0xC0, 0x01,
    0xE0, 0x00, 0xF0, 0x00, 0x78, 0x00, 0x3C, 0x00, 0x1E, 0x00, 0x0F, 0x00, 0x07, 0x80, 0x03, 0xC0,
    0xFF, 0xFF, 0xFF, 0xFF, 0xFF, 0xFF, 0xE0, 0x03, 0xE0, 0x03, 0xF8, 0x03, 0xFE, 0x03, 0xEF, 0x03,
    0xE3, 0xC0, 0x00, 0x00, 0x00, 0x00, 0x00, 0x00, 0x7F, 0xE0, 0x3F, 0xF0, 0x1F, 0xF8, 0x00, 0x3C,
    0x00, 0x1E, 0x00, 0x0F, 0x00, 0x07, 0x80, 0x03, 0xC0, 0x01, 0xE0, 0x00, 0xF0, 0x00, 0x78, 0x00,
    0x3C, 0x00, 0x1E, 0x00, 0x0F, 0x00, 0x07, 0x80, 0x03, 0xC0, 0xFF, 0xFF, 0xFF, 0xFF, 0xFF, 0xFF,
    0xE0, 0x1E, 0x3C, 0x1F, 0x1E, 0x0F, 0x8F, 0x03, 0xC7, 0x80, 0x00, 0x00, 0x00, 0x00, 0x00, 0x00,
    0xFF, 0xC0, 0x7F, 0xE0, 0x3F, 0xF0, 0x00, 0x78, 0x00, 0x3C, 0x00, 0x1E, 0x00, 0x0F, 0x00, 0x07,
    0x80, 0x03, 0xC0, 0x01, 0xE0, 0x00, 0xF0, 0x00, 0x78, 0x00, 0x3C, 0x00, 0x1E, 0x00, 0x0F, 0x00,
    0x07, 0x81, 0xFF, 0xFF, 0xFF, 0xFF, 0xFF, 0xFF, 0xC0, 0x00, 0x00, 0x1F, 0x1C, 0x0F, 0x7C, 0x07,
    0xFC, 0x07, 0xF0, 0x1F, 0xC0, 0x3F, 0xE0, 0x7C, 0xF0, 0x70, 0xF0, 0x00, 0x78, 0x00, 0x3C, 0x0F,
    0xFC, 0x3F, 0xFE, 0x7F, 0xFE, 0x7C, 0x3E, 0xF8, 0x1F, 0xF0, 0x0F, 0xF0, 0x0F, 0xF0, 0x0F, 0xF0,
    0x0F, 0xF0, 0x0F, 0x78, 0x1E, 0x7C, 0x3E, 0x3F, 0xFC, 0x1F, 0xF8, 0x0F, 0xF0, 0x00, 0x00, 0xF8,
    0xE3, 0xFF, 0x9C, 0xFC, 0x71, 0xF0, 0x00, 0x00, 0x00, 0x00, 0x00, 0xE7, 0xE3, 0xBF, 0xCF, 0xFF,
    0xBE, 0x1F, 0xF0, 0x3F, 0xC0, 0xFE, 0x03, 0xF8, 0x0F, 0xE0, 0x3F, 0x80, 0xFE, 0x03, 0xF8, 0x0F,
    0xE0, 0x3F, 0x80, 0xFE, 0x03, 0xF8, 0x0F, 0xE0, 0x3F, 0x80, 0xFE, 0x03, 0xC0, 0x1E, 0x00, 0x0F,
    0x00, 0x0F, 0x80, 0x07, 0x80, 0x03, 0xC0, 0x00, 0x00, 0x00, 0x00, 0x00, 0x00, 0x0F, 0xF0, 0x1F,
    0xF8, 0x3F, 0xFC, 0x7C, 0x3E, 0x78, 0x1E, 0x70, 0x1E, 0xF0, 0x0E, 0xF0, 0x0E, 0xF0, 0x0E, 0xF0,
    0x0E, 0xF0, 0x0E, 0xF0, 0x0E, 0xF0, 0x0E, 0x70, 0x1E, 0x78, 0x1E, 0x7C, 0x3E, 0x3F, 0xFC, 0x1F,
    0xF8, 0x0F, 0xF0, 0x00, 0x78, 0x00, 0xF0, 0x01, 0xE0, 0x01, 0xE0, 0x03, 0xC0, 0x00, 0x00, 0x00,
    0x00, 0x00, 0x00, 0x0F, 0xF0, 0x1F, 0xF8, 0x3F, 0xFC, 0x7C, 0x3E, 0x78, 0x1E, 0x70, 0x1E, 0xF0,
    0x0E, 0xF0, 0x0E, 0xF0, 0x0E, 0xF0, 0x0E, 0xF0, 0x0E, 0xF0, 0x0E, 0xF0, 0x0E, 0x70, 0x1E, 0x78,
    0x1E, 0x7C, 0x3E, 0x3F, 0xFC, 0x1F, 0xF8, 0x0F, 0xF0, 0x03, 0xC0, 0x07, 0xE0, 0x0F, 0xF0, 0x1E,
    0x78, 0x3C, 0x3C, 0x00, 0x00, 0x00, 0x00, 0x00, 0x00, 0x0F, 0xF0, 0x1F, 0xF8, 0x3F, 0xFC, 0x7C,
    0x3E, 0x78, 0x1E, 0x70, 0x1E, 0xF0, 0x0E, 0xF0, 0x0E, 0xF0, 0x0E, 0xF0, 0x0E, 0xF0, 0x0E, 0xF0,
    0x0E, 0xF0, 0x0E, 0x70, 0x1E, 0x78, 0x1E, 0x7C, 0x3E, 0x3F, 0xFC, 0x1F, 0xF8, 0x0F, 0xF0, 0x00,
    0x00, 0x1F, 0x1C, 0x1F, 0xF8, 0x3B, 0xF8, 0x38, 0xF0, 0x00, 0x00, 0x00, 0x00, 0x00, 0x00, 0x0F,
    0xF0, 0x1F, 0xF8, 0x3F, 0xFC, 0x7C, 0x3E, 0x78, 0x1E, 0x70, 0x1E, 0xF0, 0x0E, 0xF0, 0x0E, 0xF0,
    0x0E, 0xF0, 0x0E, 0xF0, 0x0E, 0xF0, 0x0E, 0xF0, 0x0E, 0x70, 0x1E, 0x78, 0x1E, 0x7C, 0x3E, 0x3F,
    0xFC, 0x1F, 0xF8, 0x0F, 0xF0, 0x3C, 0x38, 0x3E, 0x7C, 0x3E, 0x7C, 0x3C, 0x38, 0x00, 0x00, 0x00,
    0x00, 0x00, 0x00, 0x0F, 0xF0, 0x1F, 0xF8, 0x3F, 0xFC, 0x7C, 0x3E, 0x78, 0x1E, 0x70, 0x1E, 0xF0,
    0x0E, 0xF0, 0x0E, 0xF0, 0x0E, 0xF0, 0x0E, 0xF0, 0x0E, 0xF0, 0x0E, 0xF0, 0x0E, 0x70, 0x1E, 0x78,
    0x1E, 0x7C, 0x3E, 0x3F, 0xFC, 0x1F, 0xF8, 0x0F, 0xF0, 0x07, 0x80, 0x3F, 0x00, 0xFC, 0x03, 0xF0,
    0x07, 0x80, 0x00, 0x00, 0x00, 0x00, 0x00, 0xFF, 0xFF, 0xFF, 0xFF, 0xFF, 0xC0, 0x00, 0x00, 0x00,
    0x00, 0x00, 0x78, 0x03, 0xF0, 0x0F, 0xC0, 0x3F, 0x00, 0x78, 0x00, 0x00, 0x03, 0xC0, 0x00, 0xE0,
    0x7F, 0xF8, 0x3F, 0xFC, 0x1F, 0xFF, 0x0F, 0x87, 0x83, 0xC3, 0xF0, 0xE0, 0xFC, 0x38, 0x7F, 0x0E,
    0x3D, 0xC3, 0x8E, 0x70, 0xE7, 0x9C, 0x3B, 0xC7, 0x0F, 0xE1, 0xC3, 0xF8, 0x70, 0xFC, 0x1C, 0x3E,
    0x0F, 0x0F, 0x87, 0xC3, 0xFF, 0xE1, 0xFF, 0xF0, 0xF7, 0xF8, 0x3C, 0x00, 0x00, 0x1E, 0x00, 0x1E,
    0x00, 0x3E, 0x00, 0x3C, 0x00, 0x3C, 0x00, 0x00, 0x00, 0x00, 0x00, 0x00, 0x70, 0x1E, 0xE0, 0x3D,
    0xC0, 0x7B, 0x80, 0xF7, 0x01, 0xEE, 0x03, 0xDC, 0x07, 0xB8, 0x0F, 0x70, 0x1E, 0xE0, 0x3D, 0xC0,
    0x7B, 0x80, 0xF7, 0x01, 0xEF, 0x03, 0xDE, 0x07, 0xBE, 0x1E, 0x3F, 0xFC, 0x3F, 0xF0, 0x3F, 0xC0,
    0x00, 0x78, 0x01, 0xE0, 0x07, 0x80, 0x0F, 0x00, 0x3C, 0x00, 0x00, 0x00, 0x00, 0x00, 0x00, 0x70,
    0x1E, 0xE0, 0x3D, 0xC0, 0x7B, 0x80, 0xF7, 0x01, 0xEE, 0x03, 0xDC, 0x07, 0xB8, 0x0F, 0x70, 0x1E,
    0xE0, 0x3D, 0xC0, 0x7B, 0x80, 0xF7, 0x01, 0xEF, 0x03, 0xDE, 0x07, 0xBE, 0x1E, 0x3F, 0xFC, 0x3F,
    0xF0, 0x3F, 0xC0, 0x03, 0xC0, 0x0F, 0xC0, 0x3F, 0xC0, 0xF3, 0xC3, 0xC3, 0xC0, 0x00, 0x00, 0x00,
    0x00, 0x00, 0x70, 0x1E, 0xE0, 0x3D, 0xC0, 0x7B, 0x80, 0xF7, 0x01, 0xEE, 0x03, 0xDC, 0x07, 0xB8,
    0x0F, 0x70, 0x1E, 0xE0, 0x3D, 0xC0, 0x7B, 0x80, 0xF7, 0x01, 0xEF, 0x03, 0xDE, 0x07, 0xBE, 0x1E,
    0x3F, 0xFC, 0x3F, 0xF0, 0x3F, 0xC0, 0x3C, 0x38, 0x7C, 0xF8, 0xF9, 0xF1, 0xE1, 0xC0, 0x00, 0x00,
    0x00, 0x00, 0x00, 0x38, 0x0F, 0x70, 0x1E, 0xE0, 0x3D, 0xC0, 0x7B, 0x80, 0xF7, 0x01, 0xEE, 0x03,
    0xDC, 0x07, 0xB8, 0x0F, 0x70, 0x1E, 0xE0, 0x3D, 0xC0, 0x7B, 0x80, 0xF7, 0x81, 0xEF, 0x03, 0xDF,
    0x0F, 0x1F, 0xFE, 0x1F, 0xF8, 0x1F, 0xE0, 0x00, 0x3C, 0x00, 0x1E, 0x00, 0x0F, 0x00, 0x03, 0xC0,
    0x01, 0xE0, 0x00, 0x00, 0x00, 0x00, 0x00, 0x00, 0x00, 0x78, 0x07, 0x9E, 0x01, 0xE7, 0x80, 0x70,
    0xF0, 0x3C, 0x3C, 0x0F, 0x0F, 0x03, 0x81, 0xE1, 0xE0, 0x78, 0x78, 0x0E, 0x1C, 0x03, 0xCF, 0x00,
    0xF3, 0xC0, 0x1E, 0xE0, 0x07, 0xF8, 0x00, 0xFE, 0x00, 0x3F, 0x00, 0x0F, 0xC0, 0x01, 0xE0, 0x00,
    0x78, 0x00, 0x1E, 0x00, 0x07, 0x00, 0x03, 0xC0, 0x00, 0xF0, 0x00, 0x78, 0x00, 0x1E, 0x00, 0x07,
    0x80, 0x00, 0xF0, 0x01, 0xE0, 0x03, 0xC0, 0x07, 0x80, 0x0F, 0x00, 0x1E, 0x00, 0x3C, 0xFC, 0x7B,
    0xFC, 0xFF, 0xFD, 0xF8, 0x7F, 0xE0, 0x7F, 0x80, 0xFF, 0x01, 0xFE, 0x03, 0xFC, 0x07, 0xF8, 0x0F,
    0xF0, 0x1F, 0xE0, 0x3F, 0xC0, 0x7F, 0x80, 0xFF, 0x81, 0xFF, 0x87, 0xFF, 0xFF, 0x7F, 0xFC, 0xF3,
    0xF1, 0xE0, 0x03, 0xC0, 0x07, 0x80, 0x0F, 0x00, 0x1E, 0x00, 0x3C, 0x00, 0x00, 0x1E, 0x1C, 0x07,
    0xCF, 0x81, 0xF3, 0xE0, 0x78, 0x70, 0x00, 0x00, 0x00, 0x00, 0x00, 0x00, 0x01, 0xE0, 0x1E, 0x78,
    0x07, 0x9E, 0x01, 0xC3, 0xC0, 0xF0, 0xF0, 0x3C, 0x3C, 0x0E, 0x07, 0x87, 0x81, 0xE1, 0xE0, 0x38,
    0x70, 0x0F, 0x3C, 0x03, 0xCF, 0x00, 0x7B, 0x80, 0x1F, 0xE0, 0x03, 0xF8, 0x00, 0xFC, 0x00, 0x3F,
    0x00, 0x07, 0x80, 0x01, 0xE0, 0x00, 0x78, 0x00, 0x1C, 0x00, 0x0F, 0x00, 0x03, 0xC0, 0x01, 0xE0,
    0x00, 0x78, 0x00, 0x1E, 0x00, 0x1F, 0xFC, 0x07, 0xFF, 0x81, 0xFF, 0xE0, 0x00, 0x00, 0x00, 0x00,
    0x00, 0x00, 0x00, 0x00, 0x00, 0x0F, 0x80, 0x03, 0xF0, 0x00, 0xFC, 0x00, 0x3F, 0x00, 0x1F, 0xC0,
    0x07, 0xF8, 0x01, 0xDE, 0x00, 0x73, 0x80, 0x3C, 0xE0, 0x0F, 0x3C, 0x03, 0xCF, 0x00, 0xE3, 0xC0,
    0x78, 0x70, 0x1E, 0x1E, 0x07, 0x87, 0x81, 0xC1, 0xE0, 0xFF, 0xF8, 0x3F, 0xFF, 0x0F, 0xFF, 0xC3,
    0x80, 0xF1, 0xE0, 0x1C, 0x78, 0x07, 0x9E, 0x01, 0xE7, 0x00, 0x7B, 0xC0, 0x0E, 0x3F, 0xFC, 0x7F,
    0xF8, 0xFF, 0xF0, 0x00, 0x00, 0x00, 0x00, 0x00, 0x00, 0x00, 0x07, 0xF8, 0x3F, 0xF8, 0x7F, 0xF9,
    0xF0, 0xFB, 0xC0, 0xF0, 0x01, 0xE0, 0x03, 0xC7, 0xFF, 0x9F, 0xFF, 0x7F, 0xFF, 0xF8, 0x3F, 0xC0,
    0x7F, 0x80, 0xFF, 0x01, 0xFE, 0x03, 0xFE, 0x1F, 0xBF, 0xFF, 0x3F, 0xFE, 0x3F, 0xBC, 0x1C, 0x1E,
    0x07, 0x87, 0x00, 0xF3, 0xC0, 0x3F, 0xE0, 0x03, 0xF0, 0x00, 0x00, 0x00, 0x00, 0x00, 0x0F, 0x80,
    0x03, 0xF0, 0x00, 0xFC, 0x00, 0x3F, 0x00, 0x1F, 0xC0, 0x07, 0xF8, 0x01, 0xDE, 0x00, 0x73, 0x80,
    0x3C, 0xE0, 0x0F, 0x3C, 0x03, 0xCF, 0x00, 0xE3, 0xC0, 0x78, 0x70, 0x1E, 0x1E, 0x07, 0x87, 0x81,
    0xC1, 0xE0, 0xFF, 0xF8, 0x3F, 0xFF, 0x0F, 0xFF, 0xC3, 0x80, 0xF1, 0xE0, 0x1C, 0x78, 0x07, 0x9E,
    0x01, 0xE7, 0x00, 0x7B, 0xC0, 0x0E, 0x3C, 0x1C, 0x38, 0x78, 0x79, 0xE0, 0x7F, 0x80, 0x7E, 0x00,
    0x00, 0x00, 0x00, 0x00, 0x00, 0x0F, 0xF0, 0x7F, 0xF0, 0xFF, 0xF3, 0xE1, 0xF7, 0x81, 0xE0, 0x03,
    0xC0, 0x07, 0x8F, 0xFF, 0x3F, 0xFE, 0xFF, 0xFF, 0xF0, 0x7F, 0x80, 0xFF, 0x01, 0xFE, 0x03, 0xFC,
    0x07, 0xFC, 0x3F, 0x7F, 0xFE, 0x7F, 0xFC, 0x7F, 0x78, 0x03, 0xE0, 0x00, 0x7E, 0x00, 0x0F, 0xC0,
    0x01, 0xF8, 0x00, 0x7F, 0x00, 0x0F, 0xF0, 0x01, 0xDE, 0x00, 0x39, 0xC0, 0x0F, 0x38, 0x01, 0xE7,
    0x80, 0x3C, 0xF0, 0x07, 0x1E, 0x01, 0xE1, 0xC0, 0x3C, 0x3C, 0x07, 0x87, 0x80, 0xE0, 0xF0, 0x3F,
    0xFE, 0x07, 0xFF, 0xE0, 0xFF, 0xFC, 0x1C, 0x07, 0x87, 0x80, 0x70, 0xF0, 0x0F, 0x1E, 0x01, 0xE3,
    0x80, 0x3C, 0xF0, 0x03, 0x80, 0x00, 0xF0, 0x00, 0x3C, 0x00, 0x07, 0x00, 0x01, 0xE0, 0x00, 0x3E,
    0x00, 0x03, 0xF8, 0x00, 0x3F, 0x0F, 0xF0, 0x1F, 0xFC, 0x0F, 0xFF, 0x0F, 0x87, 0xC7, 0x81, 0xE0,
    0x00, 0xF0, 0x00, 0x78, 0x3F, 0xFC, 0x3F, 0xFE, 0x3F, 0xFF, 0x3F, 0x07, 0x9E, 0x03, 0xCF, 0x01,
    0xE7, 0x80, 0xF3, 0xC0, 0x79, 0xF0, 0xFC, 0x7F, 0xFE, 0x1F, 0xFF, 0x07, 0xF7, 0x80, 0x03, 0xC0,
    0x03, 0xC0, 0x01, 0xC0, 0x00, 0xE0, 0x00, 0x78, 0x00, 0x3F, 0x80, 0x0F, 0xC0, 0x00, 0xF0, 0x03,
    0xC0, 0x07, 0x80, 0x1E, 0x00, 0x78, 0x00, 0x00, 0x00, 0x00, 0x00, 0x00, 0x1F, 0xE0, 0x7F, 0xE1,
    0xFF, 0xE7, 0xC3, 0xEF, 0x03, 0xDE, 0x03, 0xB8, 0x07, 0xF0, 0x00, 0xE0, 0x01, 0xC0, 0x03, 0x80,
    0x07, 0x00, 0x0E, 0x00, 0x1C, 0x00, 0x38, 0x00, 0x70, 0x00, 0xE0, 0x01, 0xC0, 0x03, 0x80, 0x7F,
    0x80, 0xEF, 0x03, 0xDF, 0x0F, 0x9F, 0xFE, 0x1F, 0xF8, 0x1F, 0xE0, 0x00, 0x78, 0x00, 0xF0, 0x00,
    0xF0, 0x01, 0xE0, 0x03, 0xC0, 0x00, 0x00, 0x00, 0x00, 0x00, 0x00, 0x0F, 0xF0, 0x1F, 0xF8, 0x3F,
    0xFC, 0x7C, 0x3E, 0x78, 0x1E, 0x70, 0x0F, 0x70, 0x0E, 0x70, 0x00, 0x70, 0x00, 0x70, 0x00, 0x70,
    0x00, 0x70, 0x00, 0x70, 0x0E, 0x70, 0x0F, 0x78, 0x1E, 0x7C, 0x3E, 0x3F, 0xFC, 0x1F, 0xF8, 0x0F,
    0xF0, 0x07, 0x80, 0x1F, 0x80, 0x7F, 0x81, 0xF7, 0x87, 0x87, 0x80, 0x00, 0x00, 0x00, 0x00, 0x00,
    0x1F, 0xE0, 0x7F, 0xE1, 0xFF, 0xE7, 0xC3, 0xEF, 0x03, 0xDE, 0x03, 0xB8, 0x07, 0xF0, 0x00, 0xE0,
    0x01, 0xC0, 0x03, 0x80, 0x07, 0x00, 0x0E, 0x00, 0x1C, 0x00, 0x38, 0x00, 0x70, 0x00, 0xE0, 0x01,
    0xC0, 0x03, 0x80, 0x7F, 0x80, 0xEF, 0x03, 0xDF, 0x0F, 0x9F, 0xFE, 0x1F, 0xF8, 0x1F, 0xE0, 0x03,
    0xC0, 0x07, 0xE0, 0x0F, 0xF0, 0x1E, 0x78, 0x3C, 0x3C, 0x00, 0x00, 0x00, 0x00, 0x00, 0x00, 0x0F,
    0xF0, 0x1F, 0xF8, 0x3F, 0xFC, 0x7C, 0x3E, 0x78, 0x1E, 0x70, 0x0F, 0x70, 0x0E, 0x70, 0x00, 0x70,
    0x00, 0x70, 0x00, 0x70, 0x00, 0x70, 0x00, 0x70, 0x0E, 0x70, 0x0F, 0x78, 0x1E, 0x7C, 0x3E, 0x3F,
    0xFC, 0x1F, 0xF8, 0x0F, 0xF0, 0x07, 0x80, 0x1F, 0x80, 0x3F, 0x00, 0x3C, 0x00, 0x00, 0x00, 0x00,
    0x00, 0x00, 0x0F, 0xF0, 0x3F, 0xF0, 0xFF, 0xF3, 0xE1, 0xF7, 0x81, 0xEF, 0x01, 0xDC, 0x03, 0xF8,
    0x00, 0x70, 0x00, 0xE0, 0x01, 0xC0, 0x03, 0x80, 0x07, 0x00, 0x0E, 0x00, 0x1C, 0x00, 0x38, 0x00,
    0x70, 0x00, 0xE0, 0x01, 0xC0, 0x3F, 0xC0, 0x77, 0x81, 0xEF, 0x87, 0xCF, 0xFF, 0x0F, 0xFC, 0x0F,
    0xF0, 0x03, 0xC0, 0x03, 0xE0, 0x03, 0xE0, 0x03, 0xC0, 0x00, 0x00, 0x00, 0x00, 0x00, 0x00, 0x0F,
    0xF0, 0x1F, 0xF8, 0x3F, 0xFC, 0x7C, 0x3E, 0x78, 0x1E, 0x70, 0x0F, 0x70, 0x0E, 0x70, 0x00, 0x70,
    0x00, 0x70, 0x00, 0x70, 0x00, 0x70, 0x00, 0x70, 0x0E, 0x70, 0x0F, 0x78, 0x1E, 0x7C, 0x3E, 0x3F,
    0xFC, 0x1F, 0xF8, 0x0F, 0xF0, 0x78, 0x78, 0x79, 0xF0, 0x7F, 0xC0, 0x7E, 0x00, 0x78, 0x00, 0x00,
    0x00, 0x00, 0x00, 0x00, 0x1F, 0xE0, 0x7F, 0xE1, 0xFF, 0xE7, 0xC3, 0xEF, 0x03, 0xDE, 0x03, 0xB8,
    0x07, 0xF0, 0x00, 0xE0, 0x01, 0xC0, 0x03, 0x80, 0x07, 0x00, 0x0E, 0x00, 0x1C, 0x00, 0x38, 0x00,
    0x70, 0x00, 0xE0, 0x01, 0xC0, 0x03, 0x80, 0x7F, 0x80, 0xEF, 0x03, 0xDF, 0x0F, 0x9F, 0xFE, 0x1F,
    0xF8, 0x1F, 0xE0, 0x3C, 0x3C, 0x1E, 0x78, 0x0F, 0xF0, 0x07, 0xE0, 0x03, 0xC0, 0x00, 0x00, 0x00,
    0x00, 0x00, 0x00, 0x0F, 0xF0, 0x1F, 0xF8, 0x3F, 0xFC, 0x7C, 0x3E, 0x78, 0x1E, 0x70, 0x0F, 0x70,
    0x0E, 0x70, 0x00, 0x70, 0x00, 0x70, 0x00, 0x70, 0x00, 0x70, 0x00, 0x70, 0x0E, 0x70, 0x0F, 0x78,
    0x1E, 0x7C, 0x3E, 0x3F, 0xFC, 0x1F, 0xF8, 0x0F, 0xF0, 0x78, 0x79, 0xF3, 0xC3, 0xFE, 0x07, 0xF0,
    0x07, 0x80, 0x00, 0x00, 0x00, 0x00, 0x00, 0xFF, 0xC3, 0xFF, 0xCF, 0xFF, 0xB8, 0x3E, 0xE0, 0x3F,
    0x80, 0xFE, 0x03, 0xF8, 0x07, 0xE0, 0x1F, 0x80, 0x7E, 0x01, 0xF8, 0x07, 0xE0, 0x1F, 0x80, 0x7E,
    0x01, 0xF8, 0x07, 0xE0, 0x1F, 0x80, 0x7E, 0x03, 0xF8, 0x0F, 0xE0, 0x3F, 0x83, 0xEF, 0xFF, 0xBF,
    0xFC, 0xFF, 0xC0, 0x00, 0x39, 0xC0, 0x0E, 0x70, 0x03, 0x9C, 0x00, 0xEF, 0x00, 0x3B, 0xC0, 0x0E,
    0xF1, 0xF3, 0x81, 0xFE, 0xE0, 0x7F, 0xF8, 0x3E, 0x3E, 0x0F, 0x07, 0x83, 0xC1, 0xE0, 0xE0, 0x38,
    0x38, 0x0E, 0x0E, 0x03, 0x83, 0x80, 0xE0, 0xE0, 0x38, 0x38, 0x0E, 0x0E, 0x03, 0x83, 0xC1, 0xE0,
    0xF0, 0x78, 0x3E, 0x3E, 0x07, 0xFF, 0x81, 0xFE, 0xE0, 0x1F, 0x38, 0x00, 0x1F, 0xF8, 0x0F, 0xFF,
    0x07, 0xFF, 0xC3, 0x83, 0xE1, 0xC0, 0x78, 0xE0, 0x3C, 0x70, 0x1E, 0x38, 0x07, 0x1C, 0x03, 0x8E,
    0x01, 0xC7, 0x00, 0xFF, 0xF8, 0x7F, 0xFC, 0x3F, 0xFE, 0x1C, 0x70, 0x0E, 0x38, 0x07, 0x1C, 0x03,
    0x8E, 0x01, 0xC7, 0x01, 0xE3, 0x80, 0xF1, 0xC0, 0x78, 0xE0, 0xF8, 0x7F, 0xFC, 0x3F, 0xFC, 0x1F,
    0xF8, 0x00, 0x00, 0x1E, 0x00, 0x07, 0x80, 0x01, 0xE0, 0x0F, 0xFF, 0x03, 0xFF, 0xC0, 0xFF, 0xF0,
    0x01, 0xE0, 0x00, 0x78, 0x0F, 0xDE, 0x0F, 0xFF, 0x83, 0xFF, 0xE1, 0xF0, 0xF8, 0x78, 0x1E, 0x1E,
    0x07, 0x87, 0x01, 0xE1, 0xC0, 0x78, 0x70, 0x1E, 0x1C, 0x07, 0x87, 0x01, 0xE1, 0xE0, 0x78, 0x78,
    0x1E, 0x1F, 0x0F, 0x83, 0xFF, 0xE0, 0xFF, 0xF8, 0x0F, 0xDE, 0x00, 0x3F, 0xF8, 0x7F, 0xF0, 0xFF,
    0xE0, 0x00, 0x00, 0x00, 0x00, 0x00, 0x00, 0x00, 0x7F, 0xFF, 0xFF, 0xFF, 0xFF, 0xFB, 0xC0, 0x07,
    0x80, 0x0F, 0x00, 0x1E, 0x00, 0x3C, 0x00, 0x78, 0x00, 0xF0, 0x01, 0xE0, 0x03, 0xFF, 0xE7, 0xFF,
    0xCF, 0xFF, 0x9E, 0x00, 0x3C, 0x00, 0x78, 0x00, 0xF0, 0x01, 0xE0, 0x03, 0xC0, 0x07, 0x80, 0x0F,
    0x00, 0x1F, 0xFF, 0xBF, 0xFF, 0xFF, 0xFF, 0x3F, 0xF8, 0x3F, 0xFC, 0x3F, 0xFC, 0x00, 0x00, 0x00,
    0x00, 0x00, 0x00, 0x00, 0x00, 0x0F, 0xF0, 0x1F, 0xF8, 0x3F, 0xFC, 0x7C, 0x3E, 0x78, 0x1E, 0x70,
    0x0E, 0xF0, 0x0E, 0xFF, 0xFE, 0xFF, 0xFE, 0xFF, 0xFE, 0xF0, 0x00, 0xF0, 0x00, 0xF0, 0x00, 0x70,
    0x0E, 0x78, 0x1E, 0x7C, 0x3E, 0x3F, 0xFC, 0x1F, 0xF8, 0x0F, 0xF0, 0x38, 0x38, 0x70, 0xF0, 0xF3,
    0xC0, 0xFF, 0x80, 0xFC, 0x00, 0x00, 0x00, 0x00, 0x7F, 0xFF, 0xFF, 0xFF, 0xFF, 0xFB, 0xC0, 0x07,
    0x80, 0x0F, 0x00, 0x1E, 0x00, 0x3C, 0x00, 0x78, 0x00, 0xF0, 0x01, 0xE0, 0x03, 0xFF, 0xE7, 0xFF,
    0xCF, 0xFF, 0x9E, 0x00, 0x3C, 0x00, 0x78, 0x00, 0xF0, 0x01, 0xE0, 0x03, 0xC0, 0x07, 0x80, 0x0F,
    0x00, 0x1F, 0xFF, 0xBF, 0xFF, 0xFF, 0xFF, 0x38, 0x3C, 0x3C, 0x38, 0x1E, 0x78, 0x1F, 0xF0, 0x07,
    0xE0, 0x00, 0x00, 0x00, 0x00, 0x00, 0x00, 0x0F, 0xF0, 0x1F, 0xF8, 0x3F, 0xFC, 0x7C, 0x3E, 0x78,
    0x1E, 0x70, 0x0E, 0xF0, 0x0E, 0xFF, 0xFE, 0xFF, 0xFE, 0xFF, 0xFE, 0xF0, 0x00, 0xF0, 0x00, 0xF0,
    0x00, 0x70, 0x0E, 0x78, 0x1E, 0x7C, 0x3E, 0x3F, 0xFC, 0x1F, 0xF8, 0x0F, 0xF0, 0x07, 0x80, 0x0F,
    0x80, 0x1F, 0x00, 0x3C, 0x00, 0x00, 0x00, 0x00, 0x00, 0x00, 0x7F, 0xFF, 0xFF, 0xFF, 0xFF, 0xFB,
    0xC0, 0x07, 0x80, 0x0F, 0x00, 0x1E, 0x00, 0x3C, 0x00, 0x78, 0x00, 0xF0, 0x01, 0xE0, 0x03, 0xFF,
    0xE7, 0xFF, 0xCF, 0xFF, 0x9E, 0x00, 0x3C, 0x00, 0x78, 0x00, 0xF0, 0x01, 0xE0, 0x03, 0xC0, 0x07,
    0x80, 0x0F, 0x00, 0x1F, 0xFF, 0xBF, 0xFF, 0xFF, 0xFF, 0x03, 0xC0, 0x07, 0xE0, 0x07, 0xE0, 0x03,
    0xC0, 0x00, 0x00, 0x00, 0x00, 0x00, 0x00, 0x0F, 0xF0, 0x1F, 0xF8, 0x3F, 0xFC, 0x7C, 0x3E, 0x78,
    0x1E, 0x70, 0x0E, 0xF0, 0x0E, 0xFF, 0xFE, 0xFF, 0xFE, 0xFF, 0xFE, 0xF0, 0x00, 0xF0, 0x00, 0xF0,
    0x00, 0x70, 0x0E, 0x78, 0x1E, 0x7C, 0x3E, 0x3F, 0xFC, 0x1F, 0xF8, 0x0F, 0xF0, 0xFF, 0xFF, 0xFF,
    0xFF, 0xFF, 0xF7, 0x80, 0x0F, 0x00, 0x1E, 0x00, 0x3C, 0x00, 0x78, 0x00, 0xF0, 0x01, 0xE0, 0x03,
    0xC0, 0x07, 0xFF, 0xCF, 0xFF, 0x9F, 0xFF, 0x3C, 0x00, 0x78, 0x00, 0xF0, 0x01, 0xE0, 0x03, 0xC0,
    0x07, 0x80, 0x0F, 0x00, 0x1E, 0x00, 0x3F, 0xFF, 0x7F, 0xFF, 0xFF, 0xFE, 0x00, 0xF0, 0x03, 0xC0,
    0x07, 0x00, 0x1E, 0x00, 0x3E, 0x00, 0x3F, 0x80, 0x3F, 0x0F, 0xF0, 0x3F, 0xF0, 0xFF, 0xF3, 0xE1,
    0xF7, 0x81, 0xEE, 0x03, 0xDC, 0x03, 0xBF, 0xFF, 0x7F, 0xFE, 0xFF, 0xFD, 0xC0, 0x03, 0x80, 0x07,
    0x00, 0x0E, 0x01, 0xDE, 0x07, 0xBE, 0x1F, 0x3F, 0xFC, 0x3F, 0xF0, 0x3F, 0xC0, 0x0F, 0x00, 0x1C,
    0x00, 0x78, 0x00, 0xF0, 0x01, 0xE0, 0x03, 0xF8, 0x03, 0xF0, 0x78, 0x78, 0x79, 0xF0, 0x7F, 0xC0,
    0x7F, 0x00, 0x7C, 0x00, 0x00, 0x00, 0x00, 0x00, 0x00, 0xFF, 0xFF, 0xFF, 0xFF, 0xFF, 0xF7, 0x80,
    0x0F, 0x00, 0x1E, 0x00, 0x3C, 0x00, 0x78, 0x00, 0xF0, 0x01, 0xE0, 0x03, 0xC0, 0x07, 0xFF, 0xCF,
    0xFF, 0x9F, 0xFF, 0x3C, 0x00, 0x78, 0x00, 0xF0, 0x01, 0xE0, 0x03, 0xC0, 0x07, 0x80, 0x0F, 0x00,
    0x1E, 0x00, 0x3F, 0xFF, 0x7F, 0xFF, 0xFF, 0xFE, 0x3C, 0x3C, 0x1E, 0x78, 0x0F, 0xF0, 0x07, 0xE0,
    0x03, 0xC0, 0x00, 0x00, 0x00, 0x00, 0x00, 0x00, 0x0F, 0xF0, 0x1F, 0xF8, 0x3F, 0xFC, 0x7C, 0x3E,
    0x78, 0x1E, 0x70, 0x0E, 0xF0, 0x0E, 0xFF, 0xFE, 0xFF, 0xFE, 0xFF, 0xFE, 0xF0, 0x00, 0xF0, 0x00,
    0xF0, 0x00, 0x70, 0x0E, 0x78, 0x1E, 0x7C, 0x3E, 0x3F, 0xFC, 0x1F, 0xF8, 0x0F, 0xF0, 0x03, 0xC0,
    0x07, 0xE0, 0x0F, 0xF0, 0x1E, 0xF8, 0x3C, 0x3C, 0x00, 0x00, 0x00, 0x00, 0x00, 0x00, 0x0F, 0xF0,
    0x1F, 0xF8, 0x3F, 0xFC, 0x7C, 0x3E, 0x78, 0x1E, 0x70, 0x0E, 0x70, 0x0E, 0x70, 0x00, 0x70, 0x00,
    0x70, 0x00, 0x70, 0x00, 0x70, 0x00, 0x71, 0xFE, 0x71, 0xFE, 0x71, 0xFE, 0x70, 0x0E, 0x70, 0x0E,
    0x70, 0x0E, 0x70, 0x0E, 0x70, 0x0E, 0x78, 0x1E, 0x7C, 0x3E, 0x3F, 0xFC, 0x1F, 0xF8, 0x0F, 0xF0,
    0x07, 0xC0, 0x0F, 0xC0, 0x3F, 0xC0, 0xF3, 0xC3, 0xC3, 0xC0, 0x00, 0x00, 0x00, 0x00, 0x00, 0x0F,
    0xDE, 0x7F, 0xFC, 0xFF, 0xFB, 0xE1, 0xF7, 0x81, 0xEE, 0x03, 0xDC, 0x07, 0xB8, 0x0F, 0x70, 0x1E,
    0xE0, 0x3D, 0xC0, 0x7B, 0x80, 0xF7, 0x01, 0xEF, 0x03, 0xDF, 0x9F, 0x9F, 0xFF, 0x1F, 0xFE, 0x1F,
    0x3C, 0x00, 0x78, 0x00, 0xF0, 0x01, 0xE0, 0x07, 0xC7, 0xFF, 0x0F, 0xFC, 0x1F, 0xF0, 0x38, 0x3C,
    0x3C, 0x38, 0x1E, 0x78, 0x1F, 0xF0, 0x07, 0xE0, 0x00, 0x00, 0x00, 0x00, 0x0F, 0xF0, 0x1F, 0xF8,
    0x3F, 0xFC, 0x7C, 0x3E, 0x78, 0x1E, 0x70, 0x0E, 0x70, 0x0E, 0x70, 0x00, 0x70, 0x00, 0x70, 0x00,
    0x70, 0x00, 0x70, 0x00, 0x71, 0xFE, 0x71, 0xFE, 0x71, 0xFE, 0x70, 0x0E, 0x70, 0x0E, 0x70, 0x0E,
    0x70, 0x0E, 0x70, 0x0E, 0x78, 0x1E, 0x7C, 0x3E, 0x3F, 0xFC, 0x1F, 0xF8, 0x0F, 0xF0, 0x38, 0x38,
    0x78, 0x70, 0x79, 0xE0, 0xFF, 0x80, 0x7E, 0x00, 0x00, 0x00, 0x00, 0x00, 0x00, 0x0F, 0xDE, 0x7F,
    0xFC, 0xFF, 0xFB, 0xE1, 0xF7, 0x81, 0xEE, 0x03, 0xDC, 0x07, 0xB8, 0x0F, 0x70, 0x1E, 0xE0, 0x3D,
    0xC0, 0x7B, 0x80, 0xF7, 0x01, 0xEF, 0x03, 0xDF, 0x9F, 0x9F, 0xFF, 0x1F, 0xFE, 0x1F, 0x3C, 0x00,
    0x78, 0x00, 0xF0, 0x01, 0xE0, 0x07, 0xC7, 0xFF, 0x0F, 0xFC, 0x1F, 0xF0, 0x03, 0xC0, 0x07, 0xE0,
    0x07, 0xE0, 0x03, 0xC0, 0x00, 0x00, 0x00, 0x00, 0x00, 0x00, 0x0F, 0xF0, 0x1F, 0xF8, 0x3F, 0xFC,
    0x7C, 0x3E, 0x78, 0x1E, 0x70, 0x0E, 0x70, 0x0E, 0x70, 0x00, 0x70, 0x00, 0x70, 0x00, 0x70, 0x00,
    0x70, 0x00, 0x71, 0xFE, 0x71, 0xFE, 0x71, 0xFE, 0x70, 0x0E, 0x70, 0x0E, 0x70, 0x0E, 0x70, 0x0E,
    0x70, 0x0E, 0x78, 0x1E, 0x7C, 0x3E, 0x3F, 0xFC, 0x1F, 0xF8, 0x0F, 0xF0, 0x03, 0xC0, 0x0F, 0x80,
    0x1F, 0x00, 0x1E, 0x00, 0x00, 0x00, 0x00, 0x00, 0x00, 0x07, 0xEF, 0x3F, 0xFE, 0x7F, 0xFD, 0xF0,
    0xFB, 0xC0, 0xF7, 0x01, 0xEE, 0x03, 0xDC, 0x07, 0xB8, 0x0F, 0x70, 0x1E, 0xE0, 0x3D, 0xC0, 0x7B,
    0x80, 0xF7, 0x81, 0xEF, 0xCF, 0xCF, 0xFF, 0x8F, 0xFF, 0x0F, 0x9E, 0x00, 0x3C, 0x00, 0x78, 0x00,
    0xF0, 0x03, 0xE3, 0xFF, 0x87, 0xFE, 0x0F, 0xF8, 0x0F, 0xF0, 0x1F, 0xF8, 0x3F, 0xFC, 0x7C, 0x3E,
    0x78, 0x1E, 0x70, 0x0E, 0x70, 0x0E, 0x70, 0x00, 0x70, 0x00, 0x70, 0x00, 0x70, 0x00, 0x70, 0x00,
    0x71, 0xFE, 0x71, 0xFE, 0x71, 0xFE, 0x70, 0x0E, 0x70, 0x0E, 0x70, 0x0E, 0x70, 0x0E, 0x70, 0x0E,
    0x78, 0x1E, 0x7C, 0x3E, 0x3F, 0xFC, 0x1F, 0xF8, 0x0F, 0xF0, 0x00, 0x00, 0x00, 0x00, 0x00, 0x00,
    0x01, 0xE0, 0x03, 0xC0, 0x03, 0xC0, 0x07, 0x80, 0x0F, 0x00, 0x00, 0xF0, 0x01, 0xC0, 0x07, 0x80,
    0x0F, 0x00, 0x3C, 0x00, 0x78, 0x01, 0xF0, 0x03, 0xC0, 0x00, 0x00, 0x00, 0x00, 0x00, 0x00, 0x7E,
    0xF3, 0xFF, 0xE7, 0xFF, 0xDF, 0x0F, 0xBC, 0x0F, 0x70, 0x1E, 0xE0, 0x3D, 0xC0, 0x7B, 0x80, 0xF7,
    0x01, 0xEE, 0x03, 0xDC, 0x07, 0xB8, 0x0F, 0x78, 0x1E, 0xFC, 0xFC, 0xFF, 0xF8, 0xFF, 0xF0, 0xF9,
    0xE0, 0x03, 0xC0, 0x07, 0x80, 0x0F, 0x00, 0x3E, 0x3F, 0xF8, 0x7F, 0xE0, 0xFF, 0x80, 0x07, 0x80,
    0x3F, 0x01, 0xFE, 0x0F, 0x7C, 0x78, 0x78, 0x00, 0x00, 0x00, 0x00, 0x00, 0xE0, 0x3F, 0x80, 0xFE,
    0x03, 0xF8, 0x0F, 0xE0, 0x3F, 0x80, 0xFE, 0x03, 0xF8, 0x0F, 0xE0, 0x3F, 0x80, 0xFE, 0x03, 0xFF,
    0xFF, 0xFF, 0xFF, 0xFF, 0xFE, 0x03, 0xF8, 0x0F, 0xE0, 0x3F, 0x80, 0xFE, 0x03, 0xF8, 0x0F, 0xE0,
    0x3F, 0x80, 0xFE, 0x03, 0xF8, 0x0F, 0xE0, 0x3C, 0x0F, 0x80, 0x03, 0xF8, 0x00, 0xFF, 0x80, 0x3E,
    0xF8, 0x07, 0x8F, 0x80, 0x00, 0x00, 0x00, 0x00, 0x00, 0x00, 0x00, 0x07, 0x00, 0x00, 0xE0, 0x00,
    0x1C, 0x00, 0x03, 0x80, 0x00, 0x70, 0x00, 0x0E, 0x00, 0x01, 0xCF, 0xC0, 0x3B, 0xFC, 0x07, 0xFF,
    0xC0, 0xF8, 0x7C, 0x1E, 0x07, 0x83, 0xC0, 0xF0, 0x70, 0x1E, 0x0E, 0x03, 0xC1, 0xC0, 0x78, 0x38,
    0x0F, 0x07, 0x01, 0xE0, 0xE0, 0x3C, 0x1C, 0x07, 0x83, 0x80, 0xF0, 0x70, 0x1E, 0x0E, 0x03, 0xC1,
    0xC0, 0x78, 0x38, 0x0F, 0x07, 0x01, 0xE0, 0x1C, 0x07, 0x81, 0xC0, 0x78, 0x1C, 0x07, 0x81, 0xC0,
    0x78, 0xFF, 0xFF, 0xFF, 0xFF, 0xFF, 0xFF, 0xFF, 0xF1, 0xC0, 0x78, 0x1C, 0x07, 0x81, 0xC0, 0x78,
    0x1C, 0x07, 0x81, 0xFF, 0xF8, 0x1F, 0xFF, 0x81, 0xFF, 0xF8, 0x1C, 0x07, 0x81, 0xC0, 0x78, 0x1C,
    0x07, 0x81, 0xC0, 0x78, 0x1C, 0x07, 0x81, 0xC0, 0x78, 0x1C, 0x07, 0x81, 0xC0, 0x78, 0x1C, 0x07,
    0x81, 0xC0, 0x78, 0x1C, 0x07, 0x80, 0x1C, 0x00, 0x0E, 0x00, 0x07, 0x00, 0x1F, 0xFE, 0x0F, 0xFF,
    0x07, 0xFF, 0x80, 0x70, 0x00, 0x38, 0x00, 0x1C, 0xFC, 0x0E, 0xFF, 0x07, 0xFF, 0xC3, 0xE1, 0xF1,
    0xE0, 0x78, 0xF0, 0x3C, 0x70, 0x1E, 0x38, 0x0F, 0x1C, 0x07, 0x8E, 0x03, 0xC7, 0x01, 0xE3, 0x80,
    0xF1, 0xC0, 0x78, 0xE0, 0x3C, 0x70, 0x1E, 0x38, 0x0F, 0x1C, 0x07, 0x80, 0x00, 0x00, 0xF8, 0xE3,
    0xFF, 0x1D, 0xFC, 0x71, 0xE0, 0x00, 0x00, 0x00, 0x00, 0x00, 0xFF, 0xFF, 0xFF, 0xFF, 0xFF, 0xC1,
    0xE0, 0x07, 0x80, 0x1E, 0x00, 0x78, 0x01, 0xE0, 0x07, 0x80, 0x1E, 0x00, 0x78, 0x01, 0xE0, 0x07,
    0x80, 0x1E, 0x00, 0x78, 0x01, 0xE0, 0x07, 0x80, 0x1E, 0x00, 0x78, 0x01, 0xE0, 0x07, 0x80, 0x1E,
    0x0F, 0xFF, 0xFF, 0xFF, 0xFF, 0xFC, 0x00, 0x00, 0x07, 0xCE, 0x07, 0xF7, 0x03, 0xBF, 0x81, 0xCF,
    0x80, 0x00, 0x00, 0x00, 0x00, 0x00, 0x00, 0x7F, 0xE0, 0x3F, 0xF0, 0x1F, 0xF8, 0x00, 0x3C, 0x00,
    0x1E, 0x00, 0x0F, 0x00, 0x07, 0x80, 0x03, 0xC0, 0x01, 0xE0, 0x00, 0xF0, 0x00, 0x78, 0x00, 0x3C,
    0x00, 0x1E, 0x00, 0x0F, 0x00, 0x07, 0x80, 0x03, 0xC0, 0xFF, 0xFF, 0xFF, 0xFF, 0xFF, 0xFF, 0xE0,
    0x7F, 0xF1, 0xFF, 0xE7, 0xFF, 0x80, 0x00, 0x00, 0x00, 0x00, 0x00, 0x00, 0x3F, 0xFF, 0xFF, 0xFF,
    0xFF, 0xF0, 0x78, 0x01, 0xE0, 0x07, 0x80, 0x1E, 0x00, 0x78, 0x01, 0xE0, 0x07, 0x80, 0x1E, 0x00,
    0x78, 0x01, 0xE0, 0x07, 0x80, 0x1E, 0x00, 0x78, 0x01, 0xE0, 0x07, 0x80, 0x1E, 0x00, 0x78, 0x01,
    0xE0, 0x07, 0x83, 0xFF, 0xFF, 0xFF, 0xFF, 0xFF, 0x1F, 0xFC, 0x0F, 0xFE, 0x07, 0xFF, 0x00, 0x00,
    0x00, 0x00, 0x00, 0x00, 0x00, 0x00, 0x00, 0xFF, 0xC0, 0x7F, 0xE0, 0x3F, 0xF0, 0x00, 0x78, 0x00,
    0x3C, 0x00, 0x1E, 0x00, 0x0F, 0x00, 0x07, 0x80, 0x03, 0xC0, 0x01, 0xE0, 0x00, 0xF0, 0x00, 0x78,
    0x00, 0x3C, 0x00, 0x1E, 0x00, 0x0F, 0x00, 0x07, 0x81, 0xFF, 0xFF, 0xFF, 0xFF, 0xFF, 0xFF, 0xC0,
    0x70, 0x79, 0xE1, 0xC3, 0xCF, 0x0F, 0xF8, 0x0F, 0xC0, 0x00, 0x00, 0x00, 0x3F, 0xFF, 0xFF, 0xFF,
    0xFF, 0xF0, 0x78, 0x01, 0xE0, 0x07, 0x80, 0x1E, 0x00, 0x78, 0x01, 0xE0, 0x07, 0x80, 0x1E, 0x00,
    0x78, 0x01, 0xE0, 0x07, 0x80, 0x1E, 0x00, 0x78, 0x01, 0xE0, 0x07, 0x80, 0x1E, 0x00, 0x78, 0x01,
    0xE0, 0x07, 0x83, 0xFF, 0xFF, 0xFF, 0xFF, 0xFF, 0x1C, 0x1C, 0x0E, 0x0E, 0x07, 0xDE, 0x01, 0xFF,
    0x00, 0x7F, 0x00, 0x00, 0x00, 0x00, 0x00, 0x00, 0x00, 0x7F, 0xE0, 0x3F, 0xF0, 0x1F, 0xF8, 0x00,
    0x3C, 0x00, 0x1E, 0x00, 0x0F, 0x00, 0x07, 0x80, 0x03, 0xC0, 0x01, 0xE0, 0x00, 0xF0, 0x00, 0x78,
    0x00, 0x3C, 0x00, 0x1E, 0x00, 0x0F, 0x00, 0x07, 0x80, 0x03, 0xC0, 0xFF, 0xFF, 0xFF, 0xFF, 0xFF,
    0xFF, 0xE0, 0xFF, 0xFF, 0xFF, 0xFF, 0xFF, 0xC1, 0xE0, 0x07, 0x80, 0x1E, 0x00, 0x78, 0x01, 0xE0,
    0x07, 0x80, 0x1E, 0x00, 0x78, 0x01, 0xE0, 0x07, 0x80, 0x1E, 0x00, 0x78, 0x01, 0xE0, 0x07, 0x80,
    0x1E, 0x00, 0x78, 0x01, 0xE0, 0x07, 0x80, 0x1E, 0x0F, 0xFF, 0xFF, 0xFF, 0xFF, 0xFC, 0x3C, 0x00,
    0xE0, 0x07, 0x00, 0x1C, 0x00, 0x78, 0x01, 0xFC, 0x03, 0xF0, 0x03, 0xE0, 0x01, 0xF0, 0x00, 0xF8,
    0x00, 0x7C, 0x00, 0x00, 0x00, 0x00, 0x00, 0x00, 0x00, 0xFF, 0xC0, 0x7F, 0xE0, 0x3F, 0xF0, 0x00,
    0x78, 0x00, 0x3C, 0x00, 0x1E, 0x00, 0x0F, 0x00, 0x07, 0x80, 0x03, 0xC0, 0x01, 0xE0, 0x00, 0xF0,
    0x00, 0x78, 0x00, 0x3C, 0x00, 0x1E, 0x00, 0x0F, 0x00, 0x07, 0x81, 0xFF, 0xFF, 0xFF, 0xFF, 0xFF,
    0xFF, 0xC0, 0xE0, 0x00, 0xF0, 0x00, 0x70, 0x00, 0x78, 0x00, 0x3E, 0x00, 0x0F, 0xE0, 0x03, 0xF0,
    0x00, 0x07, 0x80, 0x3F, 0x00, 0xFC, 0x01, 0xE0, 0x00, 0x00, 0x00, 0x00, 0x00, 0x3F, 0xFF, 0xFF,
    0xFF, 0xFF, 0xF0, 0x78, 0x01, 0xE0, 0x07, 0x80, 0x1E, 0x00, 0x78, 0x01, 0xE0, 0x07, 0x80, 0x1E,
    0x00, 0x78, 0x01, 0xE0, 0x07, 0x80, 0x1E, 0x00, 0x78, 0x01, 0xE0, 0x07, 0x80, 0x1E, 0x00, 0x78,
    0x01, 0xE0, 0x07, 0x83, 0xFF, 0xFF, 0xFF, 0xFF, 0xFF, 0x7F, 0xE0, 0x3F, 0xF0, 0x1F, 0xF8, 0x00,
    0x3C, 0x00, 0x1E, 0x00, 0x0F, 0x00, 0x07, 0x80, 0x03, 0xC0, 0x01, 0xE0, 0x00, 0xF0, 0x00, 0x78,
    0x00, 0x3C, 0x00, 0x1E, 0x00, 0x0F, 0x00, 0x07, 0x80, 0x03, 0xC0, 0xFF, 0xFF, 0xFF, 0xFF, 0xFF,
    0xFF, 0xE0, 0xFF, 0xE1, 0xFF, 0xFC, 0x3D, 0xFF, 0x07, 0x87, 0x00, 0xF0, 0xE0, 0x1E, 0x1C, 0x03,
    0xC3, 0x80, 0x78, 0x70, 0x0F, 0x0E, 0x01, 0xE1, 0xC0, 0x3C, 0x38, 0x07, 0x87, 0x00, 0xF0, 0xE0,
    0x1E, 0x1C, 0x03, 0xFF, 0xF8, 0x7F, 0xFF, 0x0F, 0x7F, 0xC1, 0xE0, 0x00, 0x3C, 0x38, 0x07, 0x87,
    0x80, 0xF0, 0xF0, 0x3C, 0x1F, 0x0F, 0x81, 0xFF, 0xE0, 0x1F, 0xF8, 0x01, 0xFE, 0x00, 0x78, 0x1E,
    0xFC, 0x3E, 0xFC, 0x3E, 0x78, 0x1E, 0x00, 0x00, 0x00, 0x00, 0x00, 0x00, 0x78, 0x1E, 0x78, 0x1E,
    0x78, 0x1E, 0x78, 0x1E, 0x78, 0x1E, 0x78, 0x1E, 0x78, 0x1E, 0x78, 0x1E, 0x78, 0x1E, 0x78, 0x1E,
    0x78, 0x1E, 0x78, 0x1E, 0x78, 0x1E, 0x78, 0x1E, 0x78, 0x1E, 0x78, 0x1E, 0x78, 0x1E, 0x78, 0x1E,
    0x78, 0x1E, 0x00, 0x1E, 0x00, 0x3C, 0x00, 0x7C, 0x7F, 0xF8, 0x7F, 0xF0, 0x7F, 0xE0, 0x00, 0x0F,
    0x00, 0x01, 0xF8, 0x00, 0x3F, 0xC0, 0x07, 0xBE, 0x00, 0xF1, 0xF0, 0x00, 0x00, 0x00, 0x00, 0x00,
    0x00, 0x00, 0x00, 0x0F, 0x00, 0x00, 0xF0, 0x00, 0x0F, 0x00, 0x00, 0xF0, 0x00, 0x0F, 0x00, 0x00,
    0xF0, 0x00, 0x0F, 0x00, 0x00, 0xF0, 0x00, 0x0F, 0x00, 0x00, 0xF0, 0x00, 0x0F, 0x00, 0x00, 0xF0,
    0x00, 0x0F, 0x00, 0x00, 0xF0, 0x00, 0x0F, 0x00, 0x00, 0xF0, 0x00, 0x0F, 0x0F, 0x00, 0xF0, 0xF0,
    0x0F, 0x0F, 0x00, 0xE0, 0x78, 0x1E, 0x07, 0xC3, 0xE0, 0x3F, 0xFC, 0x03, 0xFF, 0x80, 0x0F, 0xF0,
    0x00, 0x00, 0xF8, 0x00, 0xFE, 0x00, 0xFF, 0x80, 0xFB, 0xE0, 0x78, 0xF8, 0x00, 0x00, 0x00, 0x00,
    0x00, 0x00, 0xFF, 0xF8, 0x7F, 0xFC, 0x3F, 0xFE, 0x00, 0x0F, 0x00, 0x07, 0x80, 0x03, 0xC0, 0x01,
    0xE0, 0x00, 0xF0, 0x00, 0x78, 0x00, 0x3C, 0x00, 0x1E, 0x00, 0x0F, 0x00, 0x07, 0x80, 0x03, 0xC0,
    0x01, 0xE0, 0x00, 0xF0, 0x00, 0x78, 0x00, 0x3C, 0x00, 0x1E, 0x00, 0x0F, 0x00, 0x0F, 0x00, 0x0F,
    0x81, 0xFF, 0x80, 0xFF, 0x80, 0x7F, 0x80, 0x00, 0xE0, 0x1E, 0xE0, 0x1E, 0xE0, 0x3C, 0xE0, 0x3C,
    0xE0, 0x78, 0xE0, 0x78, 0xE0, 0xF0, 0xE0, 0xF0, 0xE1, 0xE0, 0xE1, 0xE0, 0xE3, 0xC0, 0xFF, 0xC0,
    0xFF, 0xC0, 0xFF, 0xC0, 0xE3, 0xE0, 0xE1, 0xE0, 0xE1, 0xF0, 0xE0, 0xF0, 0xE0, 0xF8, 0xE0, 0x78,
    0xE0, 0x7C, 0xE0, 0x3C, 0xE0, 0x3E, 0xE0, 0x1E, 0xE0, 0x1F, 0x00, 0x00, 0x00, 0x00, 0x00, 0x00,
    0x03, 0xC0, 0x07, 0x80, 0x0F, 0x80, 0x0F, 0x00, 0x1E, 0x00, 0xF0, 0x00, 0xF0, 0x00, 0xF0, 0x00,
    0xF0, 0x00, 0xF0, 0x00, 0xF0, 0x00, 0xF0, 0x1E, 0xF0, 0x3E, 0xF0, 0x3C, 0xF0, 0x78, 0xF0, 0xF8,
    0xF0, 0xF0, 0xF1, 0xE0, 0xF1, 0xE0, 0xFF, 0xC0, 0xFF, 0xC0, 0xFF, 0xE0, 0xF1, 0xE0, 0xF1, 0xF0,
    0xF0, 0xF0, 0xF0, 0x78, 0xF0, 0x7C, 0xF0, 0x3C, 0xF0, 0x1E, 0xF0, 0x1F, 0x00, 0x00, 0x00, 0x00,
    0x00, 0x00, 0x03, 0xC0, 0x07, 0x80, 0x0F, 0x80, 0x0F, 0x00, 0x1E, 0x00, 0xF0, 0x1E, 0xF0, 0x1E,
    0xF0, 0x3C, 0xF0, 0x7C, 0xF0, 0x78, 0xF0, 0xF0, 0xF1, 0xF0, 0xF1, 0xE0, 0xFF, 0xC0, 0xFF, 0xC0,
    0xFF, 0xE0, 0xF1, 0xE0, 0xF0, 0xF0, 0xF0, 0xF8, 0xF0, 0x78, 0xF0, 0x3C, 0xF0, 0x3C, 0xF0, 0x1E,
    0xF0, 0x1F, 0x0F, 0x00, 0x1E, 0x00, 0x3C, 0x00, 0x3C, 0x00, 0x78, 0x00, 0x00, 0x00, 0x00, 0x00,
    0x00, 0x00, 0x78, 0x00, 0x78, 0x00, 0x78, 0x00, 0x78, 0x00, 0x78, 0x00, 0x78, 0x00, 0x78, 0x00,
    0x78, 0x00, 0x78, 0x00, 0x78, 0x00, 0x78, 0x00, 0x78, 0x00, 0x78, 0x00, 0x78, 0x00, 0x78, 0x00,
    0x78, 0x00, 0x78, 0x00, 0x78, 0x00, 0x78, 0x00, 0x78, 0x00, 0x78, 0x00, 0x78, 0x00, 0x7F, 0xFE,
    0x7F, 0xFF, 0x7F, 0xFF, 0x00, 0x78, 0x00, 0x1E, 0x00, 0x03, 0xC0, 0x00, 0xF0, 0x00, 0x3C, 0x00,
    0x00, 0x00, 0x00, 0x00, 0x00, 0x00, 0x00, 0x7F, 0xE0, 0x0F, 0xFC, 0x01, 0xFF, 0x80, 0x00, 0xF0,
    0x00, 0x1E, 0x00, 0x03, 0xC0, 0x00, 0x78, 0x00, 0x0F, 0x00, 0x01, 0xE0, 0x00, 0x3C, 0x00, 0x07,
    0x80, 0x00, 0xF0, 0x00, 0x1E, 0x00, 0x03, 0xC0, 0x00, 0x78, 0x00, 0x0F, 0x00, 0x01, 0xE0, 0x00,
    0x3C, 0x00, 0x07, 0x80, 0x00, 0xF0, 0x00, 0x1E, 0x00, 0x03, 0xC0, 0x00, 0x3F, 0xF0, 0x07, 0xFF,
    0x00, 0x7F, 0xE0, 0xF0, 0x01, 0xE0, 0x03, 0xC0, 0x07, 0x80, 0x0F, 0x00, 0x1E, 0x00, 0x3C, 0x00,
    0x78, 0x00, 0xF0, 0x01, 0xE0, 0x03, 0xC0, 0x07, 0x80, 0x0F, 0x00, 0x1E, 0x00, 0x3C, 0x00, 0x78,
    0x00, 0xF0, 0x01, 0xE0, 0x03, 0xC0, 0x07, 0x80, 0x0F, 0x00, 0x1E, 0x00, 0x3F, 0xFF, 0x7F, 0xFF,
    0xFF, 0xFE, 0x00, 0x00, 0x00, 0x00, 0x00, 0x00, 0x3C, 0x00, 0xF8, 0x01, 0xE0, 0x07, 0x80, 0x1F,
    0x00, 0x7F, 0xE0, 0x0F, 0xFC, 0x01, 0xFF, 0x80, 0x00, 0xF0, 0x00, 0x1E, 0x00, 0x03, 0xC0, 0x00,
    0x78, 0x00, 0x0F, 0x00, 0x01, 0xE0, 0x00, 0x3C, 0x00, 0x07, 0x80, 0x00, 0xF0, 0x00, 0x1E, 0x00,
    0x03, 0xC0, 0x00, 0x78, 0x00, 0x0F, 0x00, 0x01, 0xE0, 0x00, 0x3C, 0x00, 0x07, 0x80, 0x00, 0xF0,
    0x00, 0x1E, 0x00, 0x03, 0xC0, 0x00, 0x3F, 0xF0, 0x07, 0xFF, 0x00, 0x7F, 0xE0, 0x00, 0x00, 0x00,
    0x00, 0x00, 0x00, 0x00, 0x07, 0xC0, 0x00, 0xF0, 0x00, 0x3C, 0x00, 0x0F, 0x80, 0x01, 0xE0, 0x00,
    0xF1, 0xE1, 0xE3, 0xC3, 0xC7, 0x87, 0x8F, 0x0F, 0x1C, 0x1E, 0x38, 0x3C, 0x00, 0x78, 0x00, 0xF0,
    0x01, 0xE0, 0x03, 0xC0, 0x07, 0x80, 0x0F, 0x00, 0x1E, 0x00, 0x3C, 0x00, 0x78, 0x00, 0xF0, 0x01,
    0xE0, 0x03, 0xC0, 0x07, 0x80, 0x0F, 0x00, 0x1E, 0x00, 0x3F, 0xFF, 0x7F, 0xFF, 0xFF, 0xFE, 0x7F,
    0xE3, 0x8F, 0xFC, 0x71, 0xFF, 0x9E, 0x00, 0xF3, 0xC0, 0x1E, 0x78, 0x03, 0xCE, 0x00, 0x78, 0x00,
    0x0F, 0x00, 0x01, 0xE0, 0x00, 0x3C, 0x00, 0x07, 0x80, 0x00, 0xF0, 0x00, 0x1E, 0x00, 0x03, 0xC0,
    0x00, 0x78, 0x00, 0x0F, 0x00, 0x01, 0xE0, 0x00, 0x3C, 0x00, 0x07, 0x80, 0x00, 0xF0, 0x00, 0x1E,
    0x00, 0x03, 0xC0, 0x00, 0x3F, 0xF0, 0x07, 0xFF, 0x00, 0x7F, 0xE0, 0xF0, 0x01, 0xE0, 0x03, 0xC0,
    0x07, 0x80, 0x0F, 0x00, 0x1E, 0x00, 0x3C, 0x00, 0x78, 0x00, 0xF0, 0x01, 0xE0, 0x03, 0xC0, 0x07,
    0x83, 0xEF, 0x0F, 0xDE, 0x1F, 0xBC, 0x3F, 0x78, 0x3E, 0xF0, 0x01, 0xE0, 0x03, 0xC0, 0x07, 0x80,
    0x0F, 0x00, 0x1E, 0x00, 0x3F, 0xFF, 0x7F, 0xFF, 0xFF, 0xFE, 0xFF, 0xC0, 0x07, 0xFE, 0x00, 0x3F,
    0xF0, 0x00, 0x07, 0x80, 0x00, 0x3C, 0x00, 0x01, 0xE0, 0x00, 0x0F, 0x00, 0x00, 0x78, 0x00, 0x03,
    0xC0, 0x00, 0x1E, 0x00, 0x00, 0xF0, 0x00, 0x07, 0x81, 0xE0, 0x3C, 0x1F, 0x81, 0xE0, 0xFC, 0x0F,
    0x07, 0xE0, 0x78, 0x1E, 0x03, 0xC0, 0x00, 0x1E, 0x00, 0x00, 0xF0, 0x00, 0x07, 0x80, 0x00, 0x3C,
    0x00, 0x00, 0xF0, 0x00, 0x07, 0xFF, 0x00, 0x1F, 0xF8, 0x00, 0x7F, 0xC0, 0x0F, 0x00, 0x01, 0xE0,
    0x00, 0x3C, 0x00, 0x07, 0x80, 0x00, 0xF0, 0x00, 0x1E, 0x00, 0x03, 0xC2, 0x00, 0x79, 0xC0, 0x0F,
    0x78, 0x01, 0xFE, 0x00, 0x3F, 0x80, 0x07, 0xC0, 0x01, 0xF0, 0x00, 0xFE, 0x00, 0x3F, 0xC0, 0x07,
    0xF8, 0x00, 0xCF, 0x00, 0x01, 0xE0, 0x00, 0x3C, 0x00, 0x07, 0x80, 0x00, 0xF0, 0x00, 0x1E, 0x00,
    0x03, 0xFF, 0xF0, 0x7F, 0xFF, 0x0F, 0xFF, 0xE0, 0x7F, 0xE0, 0x0F, 0xFC, 0x01, 0xFF, 0x80, 0x00,
    0xF0, 0x00, 0x1E, 0x00, 0x03, 0xC0, 0x00, 0x78, 0xC0, 0x0F, 0x78, 0x01, 0xFF, 0x00, 0x3F, 0xC0,
    0x07, 0xE0, 0x00, 0xF8, 0x00, 0x7E, 0x00, 0x1F, 0xC0, 0x07, 0xF8, 0x00, 0xEF, 0x00, 0x19, 0xE0,
    0x00, 0x3C, 0x00, 0x07, 0x80, 0x00, 0xF0, 0x00, 0x1E, 0x00, 0x03, 0xC0, 0x00, 0x3F, 0xF0, 0x07,
    0xFF, 0x00, 0x7F, 0xE0, 0x00, 0x78, 0x01, 0xE0, 0x07, 0xC0, 0x0F, 0x00, 0x3C, 0x00, 0x00, 0x00,
    0x00, 0x00, 0x00, 0x78, 0x0E, 0xF8, 0x1D, 0xF0, 0x3B, 0xF0, 0x77, 0xE0, 0xEF, 0xC1, 0xDF, 0xC3,
    0xBF, 0x87, 0x77, 0x0E, 0xEF, 0x1D, 0xDE, 0x3B, 0x9C, 0x77, 0x3C, 0xEE, 0x39, 0xDC, 0x73, 0xB8,
    0xF7, 0x70, 0xEE, 0xE1, 0xDD, 0xC3, 0xFB, 0x83, 0xF7, 0x07, 0xEE, 0x0F, 0xDC, 0x0F, 0xB8, 0x1F,
    0x70, 0x3E, 0x00, 0xF0, 0x07, 0x80, 0x3C, 0x00, 0xF0, 0x07, 0x80, 0x00, 0x00, 0x00, 0x00, 0x00,
    0xE7, 0xE3, 0xBF, 0xCF, 0xFF, 0xBE, 0x1F, 0xF0, 0x3F, 0xC0, 0xFE, 0x03, 0xF8, 0x0F, 0xE0, 0x3F,
    0x80, 0xFE, 0x03, 0xF8, 0x0F, 0xE0, 0x3F, 0x80, 0xFE, 0x03, 0xF8, 0x0F, 0xE0, 0x3F, 0x80, 0xFE,
    0x03, 0xC0, 0x78, 0x0E, 0xF8, 0x1D, 0xF0, 0x3B, 0xF0, 0x77, 0xE0, 0xEF, 0xC1, 0xDF, 0xC3, 0xBF,
    0x87, 0x77, 0x0E, 0xEF, 0x1D, 0xDE, 0x3B, 0x9C, 0x77, 0x3C, 0xEE, 0x39, 0xDC, 0x73, 0xB8, 0xF7,
    0x70, 0xEE, 0xE1, 0xDD, 0xC3, 0xFB, 0x83, 0xF7, 0x07, 0xEE, 0x0F, 0xDC, 0x0F, 0xB8, 0x1F, 0x70,
    0x3E, 0x00, 0x00, 0x00, 0x00, 0x00, 0x00, 0x1E, 0x00, 0x78, 0x01, 0xF0, 0x03, 0xC0, 0x0F, 0x00,
    0xE7, 0xE3, 0xBF, 0xCF, 0xFF, 0xBE, 0x1F, 0xF0, 0x3F, 0xC0, 0xFE, 0x03, 0xF8, 0x0F, 0xE0, 0x3F,
    0x80, 0xFE, 0x03, 0xF8, 0x0F, 0xE0, 0x3F, 0x80, 0xFE, 0x03, 0xF8, 0x0F, 0xE0, 0x3F, 0x80, 0xFE,
    0x03, 0xC0, 0x00, 0x00, 0x00, 0x00, 0x00, 0x3C, 0x01, 0xE0, 0x0F, 0x80, 0x3C, 0x01, 0xE0, 0x00,
    0x3C, 0x3C, 0x7C, 0xF0, 0x7F, 0xC0, 0x7F, 0x00, 0x3C, 0x00, 0x00, 0x00, 0x00, 0x00, 0x00, 0x78,
    0x0E, 0xF8, 0x1D, 0xF0, 0x3B, 0xF0, 0x77, 0xE0, 0xEF, 0xC1, 0xDF, 0xC3, 0xBF, 0x87, 0x77, 0x0E,
    0xEF, 0x1D, 0xDE, 0x3B, 0x9C, 0x77, 0x3C, 0xEE, 0x39, 0xDC, 0x73, 0xB8, 0xF7, 0x70, 0xEE, 0xE1,
    0xDD, 0xC3, 0xFB, 0x83, 0xF7, 0x07, 0xEE, 0x0F, 0xDC, 0x0F, 0xB8, 0x1F, 0x70, 0x3E, 0x78, 0x78,
    0xF3, 0xC1, 0xFE, 0x03, 0xF0, 0x07, 0x80, 0x00, 0x00, 0x00, 0x00, 0x00, 0xE7, 0xE3, 0xBF, 0xCF,
    0xFF, 0xBE, 0x1F, 0xF0, 0x3F, 0xC0, 0xFE, 0x03, 0xF8, 0x0F, 0xE0, 0x3F, 0x80, 0xFE, 0x03, 0xF8,
    0x0F, 0xE0, 0x3F, 0x80, 0xFE, 0x03, 0xF8, 0x0F, 0xE0, 0x3F, 0x80, 0xFE, 0x03, 0xC0, 0x1E, 0x00,
    0x0F, 0x80, 0x03, 0xC0, 0x01, 0xE0, 0x00, 0x78, 0x00, 0x00, 0x00, 0x00, 0x00, 0x00, 0x39, 0xF8,
    0x0E, 0xFF, 0x03, 0xFF, 0xE0, 0xF8, 0x7C, 0x3C, 0x0F, 0x0F, 0x03, 0xC3, 0x80, 0xF0, 0xE0, 0x3C,
    0x38, 0x0F, 0x0E, 0x03, 0xC3, 0x80, 0xF0, 0xE0, 0x3C, 0x38, 0x0F, 0x0E, 0x03, 0xC3, 0x80, 0xF0,
    0xE0, 0x3C, 0x38, 0x0F, 0x0E, 0x03, 0xC3, 0x80, 0xF0, 0x7C, 0x0E, 0xF8, 0x1D, 0xF0, 0x3B, 0xF0,
    0x77, 0xE0, 0xEF, 0xC1, 0xDF, 0xC3, 0xBB, 0x87, 0x77, 0x8E, 0xEF, 0x1D, 0xCE, 0x3B, 0x9E, 0x77,
    0x1C, 0xEE, 0x3D, 0xDC, 0x7B, 0xB8, 0x77, 0x70, 0xFE, 0xE0, 0xFD, 0xC1, 0xFB, 0x83, 0xF7, 0x03,
    0xEE, 0x07, 0xDC, 0x07, 0xB8, 0x0F, 0x70, 0x1E, 0x00, 0x3C, 0x00, 0x78, 0x01, 0xF0, 0x3F, 0xC0,
    0x7F, 0x00, 0xFC, 0x00, 0xE7, 0xE3, 0xBF, 0xCF, 0xFF, 0xBE, 0x1F, 0xF0, 0x3F, 0xC0, 0xFE, 0x03,
    0xF8, 0x0F, 0xE0, 0x3F, 0x80, 0xFE, 0x03, 0xF8, 0x0F, 0xE0, 0x3F, 0x80, 0xFE, 0x03, 0xF8, 0x0F,
    0xE0, 0x3F, 0x80, 0xFE, 0x03, 0xC0, 0x0F, 0x00, 0x3C, 0x01, 0xE0, 0x7F, 0x81, 0xFC, 0x07, 0xE0,
    0x3F, 0xF8, 0x7F, 0xF8, 0xFF, 0xF0, 0x00, 0x00, 0x00, 0x00, 0x00, 0x00, 0x00, 0x07, 0xF8, 0x1F,
    0xF8, 0x7F, 0xF9, 0xF0, 0xF3, 0xC0, 0xF7, 0x01, 0xEE, 0x01, 0xDC, 0x03, 0xB8, 0x07, 0x70, 0x0E,
    0xE0, 0x1D, 0xC0, 0x3B, 0x80, 0x77, 0x00, 0xEE, 0x01, 0xDC, 0x03, 0xB8, 0x07, 0x70, 0x0E, 0xE0,
    0x1D, 0xC0, 0x7B, 0xC0, 0xF7, 0xC3, 0xC7, 0xFF, 0x87, 0xFE, 0x07, 0xF8, 0x3F, 0xF8, 0x3F, 0xFC,
    0x3F, 0xFC, 0x00, 0x00, 0x00, 0x00, 0x00, 0x00, 0x00, 0x00, 0x0F, 0xF0, 0x1F, 0xF8, 0x3F, 0xFC,
    0x7C, 0x3E, 0x78, 0x1E, 0x70, 0x1E, 0xF0, 0x0E, 0xF0, 0x0E, 0xF0, 0x0E, 0xF0, 0x0E, 0xF0, 0x0E,
    0xF0, 0x0E, 0xF0, 0x0E, 0x70, 0x1E, 0x78, 0x1E, 0x7C, 0x3E, 0x3F, 0xFC, 0x1F, 0xF8, 0x0F, 0xF0,
    0x38, 0x3C, 0x78, 0x70, 0x79, 0xE0, 0xFF, 0x80, 0x7E, 0x00, 0x00, 0x00, 0x00, 0x07, 0xF8, 0x1F,
    0xF8, 0x7F, 0xF9, 0xF0, 0xF3, 0xC0, 0xF7, 0x01, 0xEE, 0x01, 0xDC, 0x03, 0xB8, 0x07, 0x70, 0x0E,
    0xE0, 0x1D, 0xC0, 0x3B, 0x80, 0x77, 0x00, 0xEE, 0x01, 0xDC, 0x03, 0xB8, 0x07, 0x70, 0x0E, 0xE0,
    0x1D, 0xC0, 0x7B, 0xC0, 0xF7, 0xC3, 0xC7, 0xFF, 0x87, 0xFE, 0x07, 0xF8, 0x38, 0x3C, 0x3C, 0x38,
    0x1E, 0x78, 0x1F, 0xF0, 0x07, 0xE0, 0x00, 0x00, 0x00, 0x00, 0x00, 0x00, 0x0F, 0xF0, 0x1F, 0xF8,
    0x3F, 0xFC, 0x7C, 0x3E, 0x78, 0x1E, 0x70, 0x1E, 0xF0, 0x0E, 0xF0, 0x0E, 0xF0, 0x0E, 0xF0, 0x0E,
    0xF0, 0x0E, 0xF0, 0x0E, 0xF0, 0x0E, 0x70, 0x1E, 0x78, 0x1E, 0x7C, 0x3E, 0x3F, 0xFC, 0x1F, 0xF8,
    0x0F, 0xF0, 0x03, 0xCE, 0x07, 0x9E, 0x0F, 0x3C, 0x1E, 0x78, 0x1E, 0x70, 0x00, 0x00, 0x00, 0x00,
    0x00, 0x00, 0x0F, 0xF0, 0x1F, 0xF8, 0x3F, 0xFC, 0x7C, 0x3C, 0x78, 0x1E, 0x70, 0x1E, 0x70, 0x0E,
    0x70, 0x0E, 0x70, 0x0E, 0x70, 0x0E, 0x70, 0x0E, 0x70, 0x0E, 0x70, 0x0E, 0x70, 0x0E, 0x70, 0x0E,
    0x70, 0x0E, 0x70, 0x0E, 0x70, 0x0E, 0x70, 0x0E, 0x70, 0x1E, 0x78, 0x1E, 0x7C, 0x3C, 0x3F, 0xFC,
    0x1F, 0xF8, 0x0F, 0xF0, 0x03, 0xCE, 0x07, 0x9E, 0x0F, 0x3C, 0x1E, 0x78, 0x1E, 0x70, 0x00, 0x00,
    0x00, 0x00, 0x00, 0x00, 0x0F, 0xF0, 0x1F, 0xF8, 0x3F, 0xFC, 0x7C, 0x3E, 0x78, 0x1E, 0x70, 0x1E,
    0xF0, 0x0E, 0xF0, 0x0E, 0xF0, 0x0E, 0xF0, 0x0E, 0xF0, 0x0E, 0xF0, 0x0E, 0xF0, 0x0E, 0x70, 0x1E,
    0x78, 0x1E, 0x7C, 0x3E, 0x3F, 0xFC, 0x1F, 0xF8, 0x0F, 0xF0, 0x1F, 0x7F, 0xDF, 0xFF, 0xF7, 0xFF,
    0xFF, 0xE3, 0xE0, 0xF0, 0xF8, 0x3C, 0x1E, 0x0F, 0x07, 0x83, 0xC1, 0xE0, 0xF0, 0x78, 0x3C, 0x1E,
    0x0F, 0x07, 0xFB, 0xC1, 0xFF, 0xF0, 0x7F, 0xFC, 0x1E, 0x0F, 0x07, 0x83, 0xC1, 0xE0, 0xF0, 0x78,
    0x3C, 0x1E, 0x0F, 0x07, 0x83, 0xC1, 0xE0, 0xF0, 0xF8, 0x3E, 0x3E, 0x07, 0xFF, 0xFD, 0xFF, 0xFF,
    0x1F, 0x7F, 0xC0, 0x3F, 0x3F, 0x1F, 0xFF, 0xEF, 0xFF, 0xFB, 0xCF, 0x8F, 0xE1, 0xE3, 0xF8, 0x78,
    0xFE, 0x1E, 0x3F, 0x87, 0xFF, 0xE1, 0xFF, 0xF8, 0x7F, 0xFE, 0x1E, 0x03, 0x87, 0x80, 0xE1, 0xE0,
    0x38, 0x78, 0x0E, 0x1E, 0x3F, 0xCF, 0x8F, 0xFF, 0xFF, 0x9F, 0xFF, 0xE3, 0xF3, 0xF0, 0x00, 0xF0,
    0x03, 0xC0, 0x0F, 0x80, 0x1E, 0x00, 0x78, 0x00, 0x00, 0x00, 0x00, 0x00, 0x00, 0xFF, 0xE1, 0xFF,
    0xF3, 0xFF, 0xE7, 0x03, 0xEE, 0x03, 0xFC, 0x03, 0xF8, 0x07, 0xF0, 0x0F, 0xE0, 0x1F, 0xC0, 0x3F,
    0x80, 0xF7, 0x07, 0xEF, 0xFF, 0x9F, 0xFE, 0x3F, 0xF8, 0x70, 0xF0, 0xE1, 0xE1, 0xC1, 0xE3, 0x83,
    0xC7, 0x03, 0xCE, 0x07, 0x9C, 0x07, 0xB8, 0x0F, 0x70, 0x0F, 0xE0, 0x1E, 0x00, 0xF0, 0x01, 0xE0,
    0x07, 0x80, 0x1E, 0x00, 0x38, 0x00, 0x00, 0x00, 0x00, 0x00, 0x00, 0xF7, 0xF1, 0xFF, 0xF3, 0xFF,
    0xF7, 0xE1, 0xEF, 0x81, 0xFE, 0x03, 0xFC, 0x07, 0xF8, 0x0F, 0xF0, 0x1F, 0xE0, 0x03, 0xC0, 0x07,
    0x80, 0x0F, 0x00, 0x1E, 0x00, 0x3C, 0x00, 0x78, 0x00, 0xF0, 0x01, 0xE0, 0x03, 0xC0, 0x00, 0xFF,
    0xE1, 0xFF, 0xF3, 0xFF, 0xE7, 0x03, 0xEE, 0x03, 0xFC, 0x03, 0xF8, 0x07, 0xF0, 0x0F, 0xE0, 0x1F,
    0xC0, 0x3F, 0x80, 0xF7, 0x07, 0xEF, 0xFF, 0x9F, 0xFE, 0x3F, 0xF8, 0x70, 0xF0, 0xE1, 0xE1, 0xC1,
    0xE3, 0x83, 0xC7, 0x03, 0xCE, 0x07, 0x9C, 0x07, 0xB8, 0x0F, 0x70, 0x0F, 0xE0, 0x1E, 0x00, 0x00,
    0x00, 0x00, 0x00, 0x00, 0x3C, 0x00, 0xF0, 0x03, 0xE0, 0x07, 0x80, 0x1E, 0x00, 0x3D, 0xFC, 0x1F,
    0xFF, 0x0F, 0xFF, 0xC7, 0xE1, 0xE3, 0xE0, 0x79, 0xE0, 0x3C, 0xF0, 0x1E, 0x78, 0x0F, 0x3C, 0x07,
    0x9E, 0x00, 0x0F, 0x00, 0x07, 0x80, 0x03, 0xC0, 0x01, 0xE0, 0x00, 0xF0, 0x00, 0x78, 0x00, 0x3C,
    0x00, 0x1E, 0x00, 0x0F, 0x00, 0x00, 0x00, 0x00, 0x00, 0x00, 0x00, 0x00, 0x78, 0x00, 0x78, 0x00,
    0x78, 0x00, 0x3C, 0x00, 0x3C, 0x00, 0x00, 0x78, 0x78, 0xF9, 0xE0, 0xFF, 0x80, 0xFE, 0x00, 0x78,
    0x00, 0x00, 0x00, 0x00, 0x00, 0x00, 0xFF, 0xE1, 0xFF, 0xF3, 0xFF, 0xE7, 0x03, 0xEE, 0x03, 0xFC,
    0x03, 0xF8, 0x07, 0xF0, 0x0F, 0xE0, 0x1F, 0xC0, 0x3F, 0x80, 0xF7, 0x07, 0xEF, 0xFF, 0x9F, 0xFE,
    0x3F, 0xF8, 0x70, 0xF0, 0xE1, 0xE1, 0xC1, 0xE3, 0x83, 0xC7, 0x03, 0xCE, 0x07, 0x9C, 0x07, 0xB8,
    0x0F, 0x70, 0x0F, 0xE0, 0x1E, 0x3C, 0x7C, 0x7D, 0xF0, 0x7F, 0xC0, 0x7F, 0x00, 0x7C, 0x00, 0x00,
    0x00, 0x00, 0x00, 0x00, 0xF7, 0xF1, 0xFF, 0xF3, 0xFF, 0xF7, 0xE1, 0xEF, 0x81, 0xFE, 0x03, 0xFC,
    0x07, 0xF8, 0x0F, 0xF0, 0x1F, 0xE0, 0x03, 0xC0, 0x07, 0x80, 0x0F, 0x00, 0x1E, 0x00, 0x3C, 0x00,
    0x78, 0x00, 0xF0, 0x01, 0xE0, 0x03, 0xC0, 0x00, 0x00, 0x78, 0x00, 0xF0, 0x01, 0xF0, 0x01, 0xE0,
    0x03, 0xC0, 0x00, 0x00, 0x00, 0x00, 0x00, 0x00, 0x0F, 0xE0, 0x1F, 0xF8, 0x3F, 0xFC, 0x7C, 0x3C,
    0x78, 0x1E, 0x70, 0x1E, 0x70, 0x0E, 0x70, 0x00, 0x78, 0x00, 0x7C, 0x00, 0x3F, 0x80, 0x1F, 0xF0,
    0x0F, 0xFC, 0x01, 0xFC, 0x00, 0x3E, 0x00, 0x1E, 0x00, 0x0F, 0x00, 0x0F, 0xF0, 0x0F, 0xF0, 0x0F,
    0xF8, 0x1E, 0x7C, 0x3E, 0x7F, 0xFC, 0x3F, 0xF8, 0x0F, 0xF0, 0x00, 0x78, 0x01, 0xE0, 0x07, 0x80,
    0x0F, 0x00, 0x3C, 0x00, 0x00, 0x00, 0x00, 0x00, 0x00, 0x1F, 0xF0, 0x7F, 0xF9, 0xFF, 0xF3, 0xC1,
    0xF7, 0x01, 0xEE, 0x00, 0x1E, 0x00, 0x3F, 0x80, 0x3F, 0xF8, 0x3F, 0xF8, 0x1F, 0xF8, 0x00, 0xF0,
    0x00, 0xEE, 0x01, 0xDC, 0x07, 0xBC, 0x0F, 0x7F, 0xFE, 0x7F, 0xF8, 0x7F, 0xE0, 0x03, 0xC0, 0x07,
    0xE0, 0x0F, 0xF0, 0x1E, 0xF8, 0x3C, 0x3C, 0x00, 0x00, 0x00, 0x00, 0x00, 0x00, 0x0F, 0xE0, 0x1F,
    0xF8, 0x3F, 0xFC, 0x7C, 0x3C, 0x78, 0x1E, 0x70, 0x1E, 0x70, 0x0E, 0x70, 0x00, 0x78, 0x00, 0x7C,
    0x00, 0x3F, 0x80, 0x1F, 0xF0, 0x0F, 0xFC, 0x01, 0xFC, 0x00, 0x3E, 0x00, 0x1E, 0x00, 0x0F, 0x00,
    0x0F, 0xF0, 0x0F, 0xF0, 0x0F, 0xF8, 0x1E, 0x7C, 0x3E, 0x7F, 0xFC, 0x3F, 0xF8, 0x0F, 0xF0, 0x03,
    0xC0, 0x0F, 0xC0, 0x3F, 0xC0, 0xF3, 0xC3, 0xC3, 0xC0, 0x00, 0x00, 0x00, 0x00, 0x00, 0x1F, 0xF0,
    0x7F, 0xF9, 0xFF, 0xF3, 0xC1, 0xF7, 0x01, 0xEE, 0x00, 0x1E, 0x00, 0x3F, 0x80, 0x3F, 0xF8, 0x3F,
    0xF8, 0x1F, 0xF8, 0x00, 0xF0, 0x00, 0xEE, 0x01, 0xDC, 0x07, 0xBC, 0x0F, 0x7F, 0xFE, 0x7F, 0xF8,
    0x7F, 0xE0, 0x0F, 0xE0, 0x1F, 0xF8, 0x3F, 0xFC, 0x7C, 0x3C, 0x78, 0x1E, 0x70, 0x1E, 0x70, 0x0E,
    0x70, 0x00, 0x78, 0x00, 0x7C, 0x00, 0x3F, 0x80, 0x1F, 0xF0, 0x0F, 0xFC, 0x01, 0xFC, 0x00, 0x3E,
    0x00, 0x1E, 0x00, 0x0F, 0x00, 0x0F, 0xF0, 0x0F, 0xF0, 0x0F, 0xF8, 0x1E, 0x7C, 0x3E, 0x7F, 0xFC,
    0x3F, 0xF8, 0x0F, 0xF0, 0x07, 0x00, 0x07, 0xC0, 0x07, 0xE0, 0x00, 0xF0, 0x00, 0xF0, 0x0F, 0xE0,
    0x0F, 0xC0, 0x1F, 0xF0, 0x7F, 0xF9, 0xFF, 0xF3, 0xC1, 0xF7, 0x01, 0xEE, 0x00, 0x1E, 0x00, 0x3F,
    0x80, 0x3F, 0xF8, 0x3F, 0xF8, 0x1F, 0xF8, 0x00, 0xF0, 0x00, 0xEE, 0x01, 0xDC, 0x07, 0xBC, 0x0F,
    0x7F, 0xFE, 0x7F, 0xF8, 0x7F, 0xE0, 0x18, 0x00, 0x7E, 0x00, 0x7E, 0x00, 0x1C, 0x00, 0x78, 0x07,
    0xF0, 0x0F, 0xC0, 0x3C, 0x3C, 0x3E, 0x78, 0x1F, 0xF0, 0x0F, 0xE0, 0x03, 0xC0, 0x00, 0x00, 0x00,
    0x00, 0x00, 0x00, 0x0F, 0xE0, 0x1F, 0xF8, 0x3F, 0xFC, 0x7C, 0x3C, 0x78, 0x1E, 0x70, 0x1E, 0x70,
    0x0E, 0x70, 0x00, 0x78, 0x00, 0x7C, 0x00, 0x3F, 0x80, 0x1F, 0xF0, 0x0F, 0xFC, 0x01, 0xFC, 0x00,
    0x3E, 0x00, 0x1E, 0x00, 0x0F, 0x00, 0x0F, 0xF0, 0x0F, 0xF0, 0x0F, 0xF8, 0x1E, 0x7C, 0x3E, 0x7F,
    0xFC, 0x3F, 0xF8, 0x0F, 0xF0, 0x3C, 0x3C, 0x3C, 0xF0, 0x3F, 0xC0, 0x3F, 0x00, 0x3C, 0x00, 0x00,
    0x00, 0x00, 0x00, 0x00, 0x1F, 0xF0, 0x7F, 0xF9, 0xFF, 0xF3, 0xC1, 0xF7, 0x01, 0xEE, 0x00, 0x1E,
    0x00, 0x3F, 0x80, 0x3F, 0xF8, 0x3F, 0xF8, 0x1F, 0xF8, 0x00, 0xF0, 0x00, 0xEE, 0x01, 0xDC, 0x07,
    0xBC, 0x0F, 0x7F, 0xFE, 0x7F, 0xF8, 0x7F, 0xE0, 0xFF, 0xFF, 0xFF, 0xFF, 0xFF, 0xFF, 0xE0, 0x3C,
    0x00, 0x1E, 0x00, 0x0F, 0x00, 0x07, 0x80, 0x03, 0xC0, 0x01, 0xE0, 0x00, 0xF0, 0x00, 0x78, 0x00,
    0x3C, 0x00, 0x1E, 0x00, 0x0F, 0x00, 0x07, 0x80, 0x03, 0xC0, 0x01, 0xE0, 0x00, 0xF0, 0x00, 0x78,
    0x00, 0x3C, 0x00, 0x1E, 0x00, 0x0F, 0x00, 0x07, 0x80, 0x03, 0xC0, 0x01, 0xE0, 0x00, 0x70, 0x00,
    0x3C, 0x00, 0x1F, 0x80, 0x01, 0xC0, 0x01, 0xE0, 0x07, 0xF0, 0x03, 0xF0, 0x07, 0x80, 0x03, 0xC0,
    0x01, 0xE0, 0x00, 0xF0, 0x00, 0x78, 0x07, 0xFF, 0xFF, 0xFF, 0xFF, 0xFF, 0xFE, 0x07, 0x80, 0x03,
    0xC0, 0x01, 0xE0, 0x00, 0xF0, 0x00, 0x78, 0x00, 0x3C, 0x00, 0x1E, 0x00, 0x0F, 0x00, 0x07, 0x80,
    0x03, 0xC0, 0x01, 0xE0, 0x00, 0xF0, 0x00, 0x3C, 0x00, 0x1F, 0xF8, 0x07, 0xFC, 0x01, 0xFE, 0x00,
    0xE0, 0x00, 0x7C, 0x00, 0x3F, 0x00, 0x03, 0xC0, 0x01, 0xE0, 0x0F, 0xE0, 0x07, 0xE0, 0x1E, 0x1E,
    0x0F, 0x9E, 0x03, 0xFE, 0x00, 0xFE, 0x00, 0x1E, 0x00, 0x00, 0x00, 0x00, 0x00, 0x00, 0x00, 0xFF,
    0xFF, 0xFF, 0xFF, 0xFF, 0xFF, 0xE0, 0x3C, 0x00, 0x1E, 0x00, 0x0F, 0x00, 0x07, 0x80, 0x03, 0xC0,
    0x01, 0xE0, 0x00, 0xF0, 0x00, 0x78, 0x00, 0x3C, 0x00, 0x1E, 0x00, 0x0F, 0x00, 0x07, 0x80, 0x03,
    0xC0, 0x01, 0xE0, 0x00, 0xF0, 0x00, 0x78, 0x00, 0x3C, 0x00, 0x1E, 0x00, 0x0F, 0x00, 0x07, 0x80,
    0x03, 0xC0, 0x01, 0xE0, 0x00, 0x00, 0x1E, 0x00, 0x0F, 0x00, 0x07, 0x80, 0xF3, 0x80, 0x79, 0xC0,
    0x3C, 0xE0, 0x1E, 0x00, 0x0F, 0x00, 0xFF, 0xFF, 0xFF, 0xFF, 0xFF, 0xFF, 0xC0, 0xF0, 0x00, 0x78,
    0x00, 0x3C, 0x00, 0x1E, 0x00, 0x0F, 0x00, 0x07, 0x80, 0x03, 0xC0, 0x01, 0xE0, 0x00, 0xF0, 0x00,
    0x78, 0x00, 0x3C, 0x00, 0x1E, 0x00, 0x07, 0x80, 0x03, 0xFF, 0x00, 0xFF, 0x80, 0x3F, 0xC0, 0xFF,
    0xFF, 0xFF, 0xFF, 0xFF, 0xFF, 0xE0, 0x3C, 0x00, 0x1E, 0x00, 0x0F, 0x00, 0x07, 0x80, 0x03, 0xC0,
    0x01, 0xE0, 0x00, 0xF0, 0x00, 0x78, 0x00, 0x3C, 0x03, 0xFF, 0xE1, 0xFF, 0xF8, 0xFF, 0xFC, 0x03,
    0xC0, 0x01, 0xE0, 0x00, 0xF0, 0x00, 0x78, 0x00, 0x3C, 0x00, 0x1E, 0x00, 0x0F, 0x00, 0x07, 0x80,
    0x03, 0xC0, 0x01, 0xE0, 0x00, 0x07, 0x80, 0x03, 0xC0, 0x01, 0xE0, 0x00, 0xF0, 0x00, 0x78, 0x07,
    0xFF, 0xFF, 0xFF, 0xFF, 0xFF, 0xFE, 0x07, 0x80, 0x03, 0xC0, 0x01, 0xE0, 0x00, 0xF0, 0x00, 0x78,
    0x03, 0xFF, 0xF1, 0xFF, 0xF8, 0xFF, 0xFC, 0x07, 0x80, 0x03, 0xC0, 0x01, 0xE0, 0x00, 0xF0, 0x00,
    0x3C, 0x00, 0x1F, 0xF8, 0x0F, 0xFC, 0x01, 0xFE, 0x00, 0x00, 0x3E, 0x38, 0x7F, 0xE1, 0xDF, 0xC3,
    0x8F, 0x00, 0x00, 0x00, 0x00, 0x00, 0x00, 0x70, 0x1E, 0xE0, 0x3D, 0xC0, 0x7B, 0x80, 0xF7, 0x01,
    0xEE, 0x03, 0xDC, 0x07, 0xB8, 0x0F, 0x70, 0x1E, 0xE0, 0x3D, 0xC0, 0x7B, 0x80, 0xF7, 0x01, 0xEE,
    0x03, 0xDC, 0x07, 0xB8, 0x0F, 0x70, 0x1E, 0xE0, 0x3D, 0xC0, 0x7B, 0xC0, 0xF7, 0x81, 0xEF, 0x87,
    0x8F, 0xFF, 0x0F, 0xFC, 0x0F, 0xF0, 0x00, 0x00, 0x3E, 0x38, 0x7F, 0xE1, 0xDF, 0xC3, 0x8F, 0x00,
    0x00, 0x00, 0x00, 0x00, 0x00, 0x70, 0x1E, 0xE0, 0x3D, 0xC0, 0x7B, 0x80, 0xF7, 0x01, 0xEE, 0x03,
    0xDC, 0x07, 0xB8, 0x0F, 0x70, 0x1E, 0xE0, 0x3D, 0xC0, 0x7B, 0x80, 0xF7, 0x01, 0xEF, 0x03, 0xDE,
    0x07, 0xBE, 0x1E, 0x3F, 0xFC, 0x3F, 0xF0, 0x3F, 0xC0, 0x3F, 0xF8, 0x7F, 0xF8, 0xFF, 0xF0, 0x00,
    0x00, 0x00, 0x00, 0x00, 0x00, 0x00, 0x38, 0x0F, 0x70, 0x1E, 0xE0, 0x3D, 0xC0, 0x7B, 0x80, 0xF7,
    0x01, 0xEE, 0x03, 0xDC, 0x07, 0xB8, 0x0F, 0x70, 0x1E, 0xE0, 0x3D, 0xC0, 0x7B, 0x80, 0xF7, 0x01,
    0xEE, 0x03, 0xDC, 0x07, 0xB8, 0x0F, 0x70, 0x1E, 0xE0, 0x3D, 0xE0, 0x7B, 0xC0, 0xF7, 0xC3, 0xC7,
    0xFF, 0x87, 0xFE, 0x07, 0xF8, 0x3F, 0xF8, 0x7F, 0xF8, 0xFF, 0xF0, 0x00, 0x00, 0x00, 0x00, 0x00,
    0x00, 0x00, 0x38, 0x0F, 0x70, 0x1E, 0xE0, 0x3D, 0xC0, 0x7B, 0x80, 0xF7, 0x01, 0xEE, 0x03, 0xDC,
    0x07, 0xB8, 0x0F, 0x70, 0x1E, 0xE0, 0x3D, 0xC0, 0x7B, 0x80, 0xF7, 0x81, 0xEF, 0x03, 0xDF, 0x0F,
    0x1F, 0xFE, 0x1F, 0xF8, 0x1F, 0xE0, 0x38, 0x3C, 0x78, 0x70, 0x79, 0xE0, 0xFF, 0x80, 0x7E, 0x00,
    0x00, 0x00, 0x00, 0x38, 0x0F, 0x70, 0x1E, 0xE0, 0x3D, 0xC0, 0x7B, 0x80, 0xF7, 0x01, 0xEE, 0x03,
    0xDC, 0x07, 0xB8, 0x0F, 0x70, 0x1E, 0xE0, 0x3D, 0xC0, 0x7B, 0x80, 0xF7, 0x01, 0xEE, 0x03, 0xDC,
    0x07, 0xB8, 0x0F, 0x70, 0x1E, 0xE0, 0x3D, 0xE0, 0x7B, 0xC0, 0xF7, 0xC3, 0xC7, 0xFF, 0x87, 0xFE,
    0x07, 0xF8, 0x38, 0x3C, 0x78, 0x70, 0x79, 0xE0, 0xFF, 0x80, 0x7E, 0x00, 0x00, 0x00, 0x00, 0x00,
    0x00, 0x70, 0x1E, 0xE0, 0x3D, 0xC0, 0x7B, 0x80, 0xF7, 0x01, 0xEE, 0x03, 0xDC, 0x07, 0xB8, 0x0F,
    0x70, 0x1E, 0xE0, 0x3D, 0xC0, 0x7B, 0x80, 0xF7, 0x01, 0xEF, 0x03, 0xDE, 0x07, 0xBE, 0x1E, 0x3F,
    0xFC, 0x3F, 0xF0, 0x3F, 0xC0, 0x07, 0xC0, 0x1F, 0xC0, 0x3B, 0xC0, 0x63, 0x80, 0xC7, 0x01, 0xCE,
    0x03, 0xFC, 0x03, 0xF0, 0x00, 0x00, 0xE0, 0x3D, 0xC0, 0x7B, 0x80, 0xF7, 0x01, 0xEE, 0x03, 0xDC,
    0x07, 0xB8, 0x0F, 0x70, 0x1E, 0xE0, 0x3D, 0xC0, 0x7B, 0x80, 0xF7, 0x01, 0xEE, 0x03, 0xDC, 0x07,
    0xB8, 0x0F, 0x70, 0x1E, 0xE0, 0x3D, 0xC0, 0x7B, 0x80, 0xF7, 0x81, 0xEF, 0x03, 0xDF, 0x0F, 0x1F,
    0xFE, 0x1F, 0xF8, 0x1F, 0xE0, 0x07, 0xC0, 0x1F, 0xC0, 0x3B, 0xC0, 0x63, 0x80, 0xC7, 0x01, 0xCE,
    0x03, 0xFC, 0x03, 0xF0, 0x00, 0x00, 0x00, 0x01, 0xC0, 0x7B, 0x80, 0xF7, 0x01, 0xEE, 0x03, 0xDC,
    0x07, 0xB8, 0x0F, 0x70, 0x1E, 0xE0, 0x3D, 0xC0, 0x7B, 0x80, 0xF7, 0x01, 0xEE, 0x03, 0xDC, 0x07,
    0xBC, 0x0F, 0x78, 0x1E, 0xF8, 0x78, 0xFF, 0xF0, 0xFF, 0xC0, 0xFF, 0x00, 0x03, 0xCE, 0x07, 0x9E,
    0x0F, 0x3C, 0x1E, 0x78, 0x1E, 0x70, 0x00, 0x00, 0x00, 0x00, 0x00, 0x00, 0x70, 0x1E, 0x70, 0x1E,
    0x70, 0x1E, 0x70, 0x1E, 0x70, 0x1E, 0x70, 0x1E, 0x70, 0x1E, 0x70, 0x1E, 0x70, 0x1E, 0x70, 0x1E,
    0x70, 0x1E, 0x70, 0x1E, 0x70, 0x1E, 0x70, 0x1E, 0x70, 0x1E, 0x70, 0x1E, 0x70, 0x1E, 0x70, 0x1E,
    0x70, 0x1E, 0x78, 0x1E, 0x78, 0x1E, 0x7C, 0x3C, 0x3F, 0xFC, 0x1F, 0xF8, 0x0F, 0xF0, 0x03, 0xCE,
    0x07, 0x9E, 0x0F, 0x3C, 0x1E, 0x78, 0x1E, 0x70, 0x00, 0x00, 0x00, 0x00, 0x00, 0x00, 0x70, 0x1E,
    0x70, 0x1E, 0x70, 0x1E, 0x70, 0x1E, 0x70, 0x1E, 0x70, 0x1E, 0x70, 0x1E, 0x70, 0x1E, 0x70, 0x1E,
    0x70, 0x1E, 0x70, 0x1E, 0x70, 0x1E, 0x70, 0x1E, 0x78, 0x1E, 0x78, 0x1E, 0x7C, 0x3C, 0x3F, 0xFC,
    0x1F, 0xF8, 0x0F, 0xF0, 0x70, 0x1E, 0xE0, 0x3D, 0xC0, 0x7B, 0x80, 0xF7, 0x01, 0xEE, 0x03, 0xDC,
    0x07, 0xB8, 0x0F, 0x70, 0x1E, 0xE0, 0x3D, 0xC0, 0x7B, 0x80, 0xF7, 0x01, 0xEE, 0x03, 0xDC, 0x07,
    0xB8, 0x0F, 0x70, 0x1E, 0xE0, 0x3D, 0xC0, 0x7B, 0xC0, 0xF7, 0x81, 0xEF, 0x87, 0xCF, 0xFF, 0x0F,
    0xFC, 0x0F, 0xF0, 0x03, 0xC0, 0x07, 0x00, 0x1E, 0x00, 0x3C, 0x00, 0x7C, 0x00, 0x7E, 0x00, 0x7C,
    0x70, 0x1E, 0xE0, 0x3D, 0xC0, 0x7B, 0x80, 0xF7, 0x01, 0xEE, 0x03, 0xDC, 0x07, 0xB8, 0x0F, 0x70,
    0x1E, 0xE0, 0x3D, 0xC0, 0x7B, 0x80, 0xF7, 0x01, 0xEE, 0x03, 0xDE, 0x07, 0xBE, 0x1F, 0x3F, 0xFC,
    0x3F, 0xF0, 0x3F, 0xC0, 0x0F, 0x00, 0x1C, 0x00, 0x78, 0x00, 0xE0, 0x01, 0xE0, 0x03, 0xF8, 0x03,
    0xF0, 0x00, 0xF0, 0x00, 0x1F, 0x80, 0x03, 0xFC, 0x00, 0x7B, 0xE0, 0x0F, 0x0F, 0x00, 0x00, 0x00,
    0x00, 0x00, 0x00, 0x00, 0x00, 0xF0, 0xF0, 0xEF, 0x0F, 0x0E, 0x70, 0xF0, 0xE7, 0x0F, 0x0E, 0x71,
    0xF8, 0xE7, 0x1F, 0x8E, 0x71, 0xF9, 0xE7, 0x9F, 0x9E, 0x79, 0xF9, 0xE7, 0x9F, 0x9C, 0x79, 0xB9,
    0xC3, 0x99, 0x9C, 0x3B, 0x99, 0xC3, 0xB9, 0xDC, 0x3B, 0x9D, 0xC3, 0xB9, 0xFC, 0x3B, 0x9F, 0xC3,
    0xF9, 0xF8, 0x3F, 0x1F, 0x81, 0xF1, 0xF8, 0x1F, 0x0F, 0x81, 0xF0, 0xF8, 0x1F, 0x0F, 0x81, 0xF0,
    0xF8, 0x1F, 0x0F, 0x80, 0x01, 0xE0, 0x00, 0xFC, 0x00, 0x7F, 0x80, 0x3C, 0xF0, 0x1E, 0x1E, 0x00,
    0x00, 0x00, 0x00, 0x00, 0x00, 0x00, 0xE1, 0xE1, 0xF8, 0x78, 0x7E, 0x1E, 0x1F, 0x8F, 0x8F, 0xF3,
    0xF3, 0x9C, 0xFC, 0xE7, 0x3F, 0x39, 0xCF, 0xCE, 0x73, 0x73, 0x9D, 0xCC, 0xE7, 0x73, 0xF1, 0xFC,
    0xFC, 0x3F, 0x3F, 0x0F, 0xCF, 0xC3, 0xE3, 0xF0, 0xF8, 0xFC, 0x3E, 0x1E, 0x0F, 0x87, 0x81, 0xE1,
    0xE0, 0x01, 0xE0, 0x00, 0xFC, 0x00, 0x7F, 0x80, 0x3D, 0xF0, 0x1E, 0x1E, 0x00, 0x00, 0x00, 0x00,
    0x00, 0x00, 0x00, 0xF0, 0x03, 0xFC, 0x00, 0xE7, 0x80, 0x79, 0xE0, 0x1C, 0x3C, 0x0F, 0x0F, 0x03,
    0x81, 0xE1, 0xE0, 0x78, 0x78, 0x0F, 0x3C, 0x03, 0xCF, 0x00, 0x77, 0x80, 0x1F, 0xE0, 0x03, 0xF0,
    0x00, 0xFC, 0x00, 0x3E, 0x00, 0x07, 0x80, 0x01, 0xE0, 0x00, 0x78, 0x00, 0x1E, 0x00, 0x07, 0x80,
    0x01, 0xE0, 0x00, 0x78, 0x00, 0x1E, 0x00, 0x07, 0x80, 0x01, 0xE0, 0x00, 0x01, 0xE0, 0x00, 0xFC,
    0x00, 0x7F, 0x80, 0x3C, 0xF0, 0x1E, 0x1E, 0x00, 0x00, 0x00, 0x00, 0x00, 0x00, 0x00, 0x78, 0x07,
    0x9E, 0x01, 0xE7, 0x80, 0x70, 0xF0, 0x3C, 0x3C, 0x0F, 0x0F, 0x03, 0x81, 0xE1, 0xE0, 0x78, 0x78,
    0x0E, 0x1C, 0x03, 0xCF, 0x00, 0xF3, 0xC0, 0x1E, 0xE0, 0x07, 0xF8, 0x00, 0xFE, 0x00, 0x3F, 0x00,
    0x0F, 0xC0, 0x01, 0xE0, 0x00, 0x78, 0x00, 0x1E, 0x00, 0x07, 0x00, 0x03, 0xC0, 0x00, 0xF0, 0x00,
    0x78, 0x00, 0x1E, 0x00, 0x07, 0x80, 0x00, 0x1E, 0x1C, 0x07, 0xCF, 0x81, 0xF3, 0xE0, 0x78, 0x70,
    0x00, 0x00, 0x00, 0x00, 0x00, 0x00, 0x03, 0xC0, 0x0F, 0xF0, 0x03, 0x9E, 0x01, 0xE7, 0x80, 0x70,
    0xF0, 0x3C, 0x3C, 0x0E, 0x07, 0x87, 0x81, 0xE1, 0xE0, 0x3C, 0xF0, 0x0F, 0x3C, 0x01, 0xDE, 0x00,
    0x7F, 0x80, 0x0F, 0xC0, 0x03, 0xF0, 0x00, 0xF8, 0x00, 0x1E, 0x00, 0x07, 0x80, 0x01, 0xE0, 0x00,
    0x78, 0x00, 0x1E, 0x00, 0x07, 0x80, 0x01, 0xE0, 0x00, 0x78, 0x00, 0x1E, 0x00, 0x07, 0x80, 0x00,
    0x78, 0x01, 0xE0, 0x07, 0xC0, 0x0F, 0x00, 0x3C, 0x00, 0x00, 0x00, 0x00, 0x00, 0x00, 0x7F, 0xFE,
    0xFF, 0xFD, 0xFF, 0xF8, 0x00, 0xF0, 0x03, 0xC0, 0x07, 0x80, 0x1E, 0x00, 0x3C, 0x00, 0xF0, 0x03,
    0xC0, 0x07, 0x80, 0x1E, 0x00, 0x3C, 0x00, 0xF0, 0x01, 0xE0, 0x07, 0x80, 0x0E, 0x00, 0x3C, 0x00,
    0xF0, 0x01, 0xE0, 0x07, 0x80, 0x0F, 0x00, 0x3F, 0xFF, 0xFF, 0xFF, 0xFF, 0xFE, 0x00, 0x78, 0x01,
    0xE0, 0x07, 0x80, 0x0F, 0x00, 0x3C, 0x00, 0x00, 0x00, 0x00, 0x00, 0x00, 0x7F, 0xFE, 0xFF, 0xFD,
    0xFF, 0xF8, 0x01, 0xF0, 0x07, 0xC0, 0x0F, 0x00, 0x3C, 0x00, 0xF0, 0x03, 0xE0, 0x0F, 0x80, 0x1E,
    0x00, 0x78, 0x01, 0xF0, 0x07, 0xC0, 0x0F, 0x00, 0x3C, 0x00, 0x7F, 0xFE, 0xFF, 0xFD, 0xFF, 0xF8,
    0x03, 0xC0, 0x0F, 0xC0, 0x1F, 0x80, 0x1E, 0x00, 0x00, 0x00, 0x00, 0x00, 0x00, 0x3F, 0xFF, 0x7F,
    0xFE, 0xFF, 0xFC, 0x00, 0x78, 0x01, 0xE0, 0x03, 0xC0, 0x0F, 0x00, 0x1E, 0x00, 0x78, 0x01, 0xE0,
    0x03, 0xC0, 0x0F, 0x00, 0x1E, 0x00, 0x78, 0x00, 0xF0, 0x03, 0xC0, 0x07, 0x00, 0x1E, 0x00, 0x78,
    0x00, 0xF0, 0x03, 0xC0, 0x07, 0x80, 0x1F, 0xFF, 0xFF, 0xFF, 0xFF, 0xFF, 0x03, 0xC0, 0x0F, 0xC0,
    0x1F, 0x80, 0x1E, 0x00, 0x00, 0x00, 0x00, 0x00, 0x00, 0x3F, 0xFF, 0x7F, 0xFE, 0xFF, 0xFC, 0x00,
    0xF8, 0x03, 0xE0, 0x07, 0x80, 0x1E, 0x00, 0x78, 0x01, 0xF0, 0x07, 0xC0, 0x0F, 0x00, 0x3C, 0x00,
    0xF8, 0x03, 0xE0, 0x07, 0x80, 0x1E, 0x00, 0x3F, 0xFF, 0x7F, 0xFE, 0xFF, 0xFC, 0x3C, 0x3C, 0x7C,
    0xF0, 0x7F, 0xC0, 0x7F, 0x00, 0x3C, 0x00, 0x00, 0x00, 0x00, 0x00, 0x00, 0x7F, 0xFE, 0xFF, 0xFD,
    0xFF, 0xF8, 0x00, 0xF0, 0x03, 0xC0, 0x07, 0x80, 0x1E, 0x00, 0x3C, 0x00, 0xF0, 0x03, 0xC0, 0x07,
    0x80, 0x1E, 0x00, 0x3C, 0x00, 0xF0, 0x01, 0xE0, 0x07, 0x80, 0x0E, 0x00, 0x3C, 0x00, 0xF0, 0x01,
    0xE0, 0x07, 0x80, 0x0F, 0x00, 0x3F, 0xFF, 0xFF, 0xFF, 0xFF, 0xFE, 0x3C, 0x3C, 0x3C, 0xF0, 0x3F,
    0xC0, 0x3F, 0x00, 0x3C, 0x00, 0x00, 0x00, 0x00, 0x00, 0x00, 0x7F, 0xFE, 0xFF, 0xFD, 0xFF, 0xF8,
    0x01, 0xF0, 0x07, 0xC0, 0x0F, 0x00, 0x3C, 0x00, 0xF0, 0x03, 0xE0, 0x0F, 0x80, 0x1E, 0x00, 0x78,
    0x01, 0xF0, 0x07, 0xC0, 0x0F, 0x00, 0x3C, 0x00, 0x7F, 0xFE, 0xFF, 0xFD, 0xFF, 0xF8, 0x1F, 0xF3,
    0xFF, 0x7F, 0xFF, 0x80, 0xF0, 0x0F, 0x00, 0xF0, 0x0F, 0x00, 0xF0, 0x0F, 0x00, 0xF0, 0x0F, 0x00,
    0xF0, 0x0F, 0x00, 0xF0, 0x0F, 0x00, 0xF0, 0x0F, 0x00, 0xF0, 0x0F, 0x00, 0xF0, 0x0F, 0x00, 0xF0,
    0x0F, 0x00, 0xF0, 0x00, 0xF8, 0x78, 0x3C, 0x1E, 0x0F, 0x0F, 0x1E, 0x3C, 0x78, 0x78, 0x0F, 0x00,
    0xFC, 0x0F, 0xF0, 0xF3, 0xCF, 0x0F, 0x00, 0x00, 0x07, 0xC7, 0x7F, 0x77, 0x7E, 0xE3, 0xE0, 0xFF,
    0xFF, 0xFF, 0xFF, 0xF0, 0xF0, 0x77, 0x0F, 0x79, 0xE3, 0xFC, 0x1F, 0x80, 0x7B, 0xFF, 0xDE, 0x70,
    0xFF, 0x9F, 0xF9, 0xF7, 0x0F, 0xF9, 0xFB, 0xF8, 0xF1, 0xC7, 0x8E, 0x00, 0x3E, 0x3F, 0xBD, 0xDC,
    0x6E, 0x37, 0x3B, 0xFC, 0xFC, 0x1E, 0x79, 0xE7, 0x9E, 0x78, 0xF3, 0x8F, 0x3C, 0x00, 0xF0, 0xF3,
    0xCF, 0x0F, 0xF0, 0x3F, 0x00, 0xF0, 0x00, 0x73, 0xC1, 0xE7, 0x83, 0xCF, 0x07, 0x9C, 0x0E, 0x78,
    0x0E, 0x3C, 0x71, 0xE3, 0xCF, 0x1E, 0x7C, 0x39, 0xCF, 0xFF, 0xF8, 0x7B, 0xFF, 0xDE, 0x3E, 0x7F,
    0xB9, 0xDC, 0x6E, 0x77, 0xF9, 0xF8, 0x1E, 0x3C, 0x3C, 0x78, 0xF0, 0x38, 0x30, 0x7C, 0x1F, 0x0F,
    0x0F, 0x7F, 0x7E, 0x3C, 0xE3, 0xC7, 0x8F, 0x1F, 0xDF, 0x80, 0xFF, 0xFF, 0xFF, 0xFF, 0xFF, 0xFF,
    0xFF, 0xFF, 0xC0, 0x00, 0x03, 0xC0, 0x01, 0xE0, 0x00, 0x78, 0x00, 0x3C, 0x00, 0x1E, 0x00, 0x07,
    0x00, 0x03, 0xC0, 0x01, 0xE0, 0x00, 0x70, 0x00, 0x3C, 0x00, 0x1E, 0x00, 0x0F, 0x00, 0x03, 0xC0,
    0x01, 0xE0, 0x00, 0xF0, 0x00, 0x3C, 0x00, 0x1E, 0x00, 0x0F, 0x00, 0x03, 0x80, 0x01, 0xE0, 0x00,
    0xF0, 0x00, 0x00, 0x00, 0x1C, 0x00, 0xE0, 0x03, 0x80, 0x0C, 0x00, 0x70, 0x01, 0xC0, 0x0E, 0x00,
    0x38, 0x01, 0xC0, 0x07, 0x00, 0x1C, 0x00, 0xE0, 0x03, 0x80, 0x1C, 0x00, 0x70, 0x01, 0xC0, 0x0E,
    0x00, 0x38, 0x01, 0xC0, 0x07, 0x00, 0x1C, 0x00, 0xE0, 0x03, 0x80, 0x1C, 0x00, 0x70, 0x01, 0x80,
    0x00, 0x38, 0x78, 0xF8, 0xF1, 0xF3, 0xE1, 0xC3, 0xC0, 0x00, 0x00, 0x00, 0x00, 0x00, 0x7F, 0xFF,
    0xFF, 0xFF, 0xFF, 0xFB, 0xC0, 0x07, 0x80, 0x0F, 0x00, 0x1E, 0x00, 0x3C, 0x00, 0x78, 0x00, 0xF0,
    0x01, 0xE0, 0x03, 0xFF, 0xE7, 0xFF, 0xCF, 0xFF, 0x9E, 0x00, 0x3C, 0x00, 0x78, 0x00, 0xF0, 0x01,
    0xE0, 0x03, 0xC0, 0x07, 0x80, 0x0F, 0x00, 0x1F, 0xFF, 0xBF, 0xFF, 0xFF, 0xFF, 0xFF, 0xE0, 0x3F,
    0xF8, 0x0F, 0xFE, 0x00, 0x78, 0x00, 0x1E, 0x00, 0x07, 0x80, 0x01, 0xE0, 0x00, 0x78, 0x00, 0x1E,
    0x7E, 0x07, 0xBF, 0xE1, 0xFF, 0xF8, 0x7F, 0x1F, 0x1F, 0x83, 0xC7, 0xC0, 0xF1, 0xE0, 0x3C, 0x78,
    0x0F, 0x1E, 0x03, 0xC7, 0x80, 0xF1, 0xE0, 0x3C, 0x78, 0x0F, 0x1E, 0x03, 0xC7, 0x80, 0xF1, 0xE0,
    0x3C, 0x78, 0x0F, 0x1E, 0x03, 0xC0, 0x00, 0xF0, 0x00, 0x3C, 0x00, 0x1E, 0x00, 0xFF, 0x80, 0x3F,
    0xC0, 0x0F, 0xE0, 0x00, 0xE0, 0x03, 0xC0, 0x0F, 0x00, 0x3C, 0x00, 0x78, 0x00, 0x00, 0x00, 0x00,
    0x00, 0x00, 0xFF, 0xFF, 0xFF, 0xFF, 0xFF, 0xFF, 0x80, 0x0F, 0x00, 0x1E, 0x00, 0x3C, 0x00, 0x78,
    0x00, 0xF0, 0x01, 0xE0, 0x03, 0xC0, 0x07, 0x80, 0x0F, 0x00, 0x1E, 0x00, 0x3C, 0x00, 0x78, 0x00,
    0xF0, 0x01, 0xE0, 0x03, 0xC0, 0x07, 0x80, 0x0F, 0x00, 0x1E, 0x00, 0x3C, 0x00, 0x78, 0x00, 0xF0,
    0x00, 0x1F, 0xE0, 0x7F, 0xE1, 0xFF, 0xE7, 0xC3, 0xEF, 0x03, 0xDE, 0x03, 0xB8, 0x07, 0xF0, 0x00,
    0xE0, 0x01, 0xC0, 0x03, 0xFF, 0x87, 0xFF, 0x0F, 0xFE, 0x1C, 0x00, 0x38, 0x00, 0x70, 0x00, 0xE0,
    0x01, 0xC0, 0x3B, 0x80, 0x7F, 0x80, 0xEF, 0x03, 0xDF, 0x0F, 0x9F, 0xFE, 0x1F, 0xF8, 0x1F, 0xE0,
    0x0F, 0xE0, 0x1F, 0xF8, 0x3F, 0xFC, 0x7C, 0x3C, 0x78, 0x1E, 0x70, 0x1E, 0x70, 0x0E, 0x70, 0x00,
    0x78, 0x00, 0x7C, 0x00, 0x3F, 0x80, 0x1F, 0xF0, 0x0F, 0xFC, 0x01, 0xFC, 0x00, 0x3E, 0x00, 0x1E,
    0x00, 0x0F, 0x00, 0x0F, 0xF0, 0x0F, 0xF0, 0x0F, 0xF8, 0x1E, 0x7C, 0x3E, 0x7F, 0xFC, 0x3F, 0xF8,
    0x0F, 0xF0, 0xFF, 0xFF, 0xFF, 0xFF, 0xFF, 0xC1, 0xE0, 0x07, 0x80, 0x1E, 0x00, 0x78, 0x01, 0xE0,
    0x07, 0x80, 0x1E, 0x00, 0x78, 0x01, 0xE0, 0x07, 0x80, 0x1E, 0x00, 0x78, 0x01, 0xE0, 0x07, 0x80,
    0x1E, 0x00, 0x78, 0x01, 0xE0, 0x07, 0x80, 0x1E, 0x0F, 0xFF, 0xFF, 0xFF, 0xFF, 0xFC, 0x78, 0x71,
    0xF3, 0xE7, 0xCF, 0x9E, 0x1C, 0x00, 0x00, 0x00, 0x00, 0x00, 0x3F, 0xFF, 0xFF, 0xFF, 0xFF, 0xF0,
    0x78, 0x01, 0xE0, 0x07, 0x80, 0x1E, 0x00, 0x78, 0x01, 0xE0, 0x07, 0x80, 0x1E, 0x00, 0x78, 0x01,
    0xE0, 0x07, 0x80, 0x1E, 0x00, 0x78, 0x01, 0xE0, 0x07, 0x80, 0x1E, 0x00, 0x78, 0x01, 0xE0, 0x07,
    0x83, 0xFF, 0xFF, 0xFF, 0xFF, 0xFF, 0x00, 0x0F, 0x00, 0x0F, 0x00, 0x0F, 0x00, 0x0F, 0x00, 0x0F,
    0x00, 0x0F, 0x00, 0x0F, 0x00, 0x0F, 0x00, 0x0F, 0x00, 0x0F, 0x00, 0x0F, 0x00, 0x0F, 0x00, 0x0F,
    0x00, 0x0F, 0x00, 0x0F, 0x00, 0x0F, 0x00, 0x0F, 0xF0, 0x0F, 0xF0, 0x0F, 0xF0, 0x0E, 0x78, 0x1E,
    0x7C, 0x3E, 0x3F, 0xFC, 0x3F, 0xF8, 0x0F, 0xF0, 0x1F, 0xF8, 0x00, 0xFF, 0xC0, 0x07, 0xFE, 0x00,
    0x3C, 0x70, 0x01, 0xE3, 0x80, 0x0F, 0x1C, 0x00, 0x78, 0xE0, 0x03, 0xC7, 0x00, 0x1E, 0x38, 0x00,
    0xF1, 0xC0, 0x07, 0x0F, 0xE0, 0x38, 0x7F, 0xC1, 0xC3, 0xFF, 0x0E, 0x1C, 0x78, 0x70, 0xE1, 0xC3,
    0x87, 0x0F, 0x1C, 0x38, 0x78, 0xE1, 0xC3, 0xC7, 0x0E, 0x1E, 0x38, 0x70, 0xF1, 0xC3, 0x87, 0x1E,
    0x1C, 0x79, 0xF0, 0xFF, 0xDF, 0x07, 0xFC, 0xF0, 0x3F, 0xC0, 0xF0, 0xE0, 0x1E, 0x1C, 0x03, 0xC3,
    0x80, 0x78, 0x70, 0x0F, 0x0E, 0x01, 0xE1, 0xC0, 0x3C, 0x38, 0x07, 0x87, 0x00, 0xF0, 0xE0, 0x1E,
    0x1C, 0x03, 0xFF, 0xF8, 0x7F, 0xFF, 0xCF, 0xFF, 0xFD, 0xE1, 0xC7, 0xBC, 0x38, 0x77, 0x87, 0x0E,
    0xF0, 0xE1, 0xFE, 0x1C, 0x3F, 0xC3, 0x87, 0xF8, 0x70, 0xFF, 0x0E, 0x1D, 0xE1, 0xC7, 0xBC, 0x3F,
    0xF7, 0x87, 0xFC, 0xF0, 0xFF, 0x00, 0xFF, 0xE0, 0x3F, 0xF8, 0x0F, 0xFE, 0x00, 0x78, 0x00, 0x1E,
    0x00, 0x07, 0x80, 0x01, 0xE0, 0x00, 0x78, 0x00, 0x1E, 0x7E, 0x07, 0xBF, 0xE1, 0xFF, 0xF8, 0x7F,
    0x1F, 0x1F, 0x83, 0xC7, 0xC0, 0xF1, 0xE0, 0x3C, 0x78, 0x0F, 0x1E, 0x03, 0xC7, 0x80, 0xF1, 0xE0,
    0x3C, 0x78, 0x0F, 0x1E, 0x03, 0xC7, 0x80, 0xF1, 0xE0, 0x3C, 0x78, 0x0F, 0x1E, 0x03, 0xC0, 0x00,
    0xF0, 0x01, 0xE0, 0x03, 0xE0, 0x03, 0xC0, 0x07, 0x80, 0x00, 0x00, 0x00, 0x00, 0x00, 0x00, 0xE0,
    0x1E, 0xE0, 0x1E, 0xE0, 0x3C, 0xE0, 0x3C, 0xE0, 0x78, 0xE0, 0x78, 0xE0, 0xF0, 0xE0, 0xF0, 0xE1,
    0xE0, 0xE1, 0xE0, 0xE3, 0xC0, 0xFF, 0xC0, 0xFF, 0xC0, 0xFF, 0xC0, 0xE3, 0xE0, 0xE1, 0xE0, 0xE1,
    0xF0, 0xE0, 0xF0, 0xE0, 0xF8, 0xE0, 0x78, 0xE0, 0x7C, 0xE0, 0x3C, 0xE0, 0x3E, 0xE0, 0x1E, 0xE0,
    0x1F, 0x1C, 0x1E, 0x07, 0x87, 0x00, 0xF3, 0xC0, 0x3F, 0xE0, 0x03, 0xF0, 0x00, 0x00, 0x00, 0x00,
    0x03, 0xC0, 0x1E, 0x78, 0x07, 0x9E, 0x01, 0xE3, 0x80, 0xF0, 0xF0, 0x3C, 0x3C, 0x0F, 0x07, 0x83,
    0x81, 0xE1, 0xE0, 0x38, 0x78, 0x0F, 0x1C, 0x03, 0xCF, 0x00, 0x73, 0xC0, 0x1E, 0xE0, 0x07, 0xF8,
    0x00, 0xFC, 0x00, 0x3F, 0x00, 0x07, 0xC0, 0x01, 0xE0, 0x00, 0x78, 0x00, 0x1E, 0x00, 0x07, 0x00,
    0x03, 0xC0, 0x00, 0xF0, 0x00, 0x78, 0x00, 0x1E, 0x00, 0xE0, 0x3F, 0x80, 0xFE, 0x03, 0xF8, 0x0F,
    0xE0, 0x3F, 0x80, 0xFE, 0x03, 0xF8, 0x0F, 0xE0, 0x3F, 0x80, 0xFE, 0x03, 0xF8, 0x0F, 0xE0, 0x3F,
    0x80, 0xFE, 0x03, 0xF8, 0x0F, 0xE0, 0x3F, 0x80, 0xFE, 0x03, 0xF8, 0x0F, 0xE0, 0x3F, 0x80, 0xFF,
    0xFF, 0xFF, 0xFF, 0xFF, 0xFC, 0x1E, 0x00, 0x78, 0x01, 0xE0, 0x07, 0x80, 0x03, 0xE0, 0x00, 0xFC,
    0x00, 0x3F, 0x00, 0x0F, 0xC0, 0x07, 0xF0, 0x01, 0xFE, 0x00, 0x77, 0x80, 0x1C, 0xE0, 0x0F, 0x38,
    0x03, 0xCF, 0x00, 0xF3, 0xC0, 0x38, 0xF0, 0x1E, 0x1C, 0x07, 0x87, 0x81, 0xE1, 0xE0, 0x70, 0x78,
    0x3F, 0xFE, 0x0F, 0xFF, 0xC3, 0xFF, 0xF0, 0xE0, 0x3C, 0x78, 0x07, 0x1E, 0x01, 0xE7, 0x80, 0x79,
    0xC0, 0x1E, 0xF0, 0x03, 0x80, 0xFF, 0xFD, 0xFF, 0xFB, 0xFF, 0xF7, 0x00, 0x0E, 0x00, 0x1C, 0x00,
    0x38, 0x00, 0x70, 0x00, 0xE0, 0x01, 0xC0, 0x03, 0xFF, 0x07, 0xFF, 0x8F, 0xFF, 0x9C, 0x1F, 0xB8,
    0x0F, 0x70, 0x0F, 0xE0, 0x1F, 0xC0, 0x3F, 0x80, 0x7F, 0x00, 0xFE, 0x03, 0xDC, 0x0F, 0xBF, 0xFE,
    0x7F, 0xF8, 0xFF, 0xE0, 0xFF, 0xE1, 0xFF, 0xE3, 0xFF, 0xE7, 0x03, 0xEE, 0x03, 0xDC, 0x07, 0xB8,
    0x07, 0x70, 0x0E, 0xE0, 0x3D, 0xC0, 0x7B, 0x83, 0xE7, 0xFF, 0x8F, 0xFE, 0x1F, 0xFF, 0x38, 0x1F,
    0x70, 0x1E, 0xE0, 0x1F, 0xC0, 0x3F, 0x80, 0x7F, 0x00, 0xFE, 0x03, 0xFC, 0x0F, 0xBF, 0xFF, 0x7F,
    0xFC, 0xFF, 0xE0, 0xFF, 0xFF, 0xFF, 0xFF, 0xFF, 0xFF, 0x80, 0x0F, 0x00, 0x1E, 0x00, 0x3C, 0x00,
    0x78, 0x00, 0xF0, 0x01, 0xE0, 0x03, 0xC0, 0x07, 0x80, 0x0F, 0x00, 0x1E, 0x00, 0x3C, 0x00, 0x78,
    0x00, 0xF0, 0x01, 0xE0, 0x03, 0xC0, 0x07, 0x80, 0x0F, 0x00, 0x1E, 0x00, 0x3C, 0x00, 0x78, 0x00,
    0xF0, 0x00, 0x0F, 0xFF, 0x81, 0xFF, 0xF0, 0x3F, 0xFE, 0x07, 0x83, 0xC0, 0xF0, 0x78, 0x1C, 0x0F,
    0x03, 0x81, 0xE0, 0x70, 0x3C, 0x0E, 0x07, 0x81, 0xC0, 0xF0, 0x38, 0x1E, 0x07, 0x03, 0xC0, 0xE0,
    0x78, 0x1C, 0x0F, 0x03, 0x81, 0xE0, 0x70, 0x3C, 0x0E, 0x07, 0x83, 0xC0, 0xF0, 0x78, 0x1E, 0x0F,
    0x03, 0xC1, 0xC0, 0x78, 0x78, 0x0F, 0x1F, 0xFF, 0xFF, 0xFF, 0xFF, 0xFF, 0xFF, 0xFE, 0x00, 0x1F,
    0xC0, 0x03, 0xF8, 0x00, 0x7F, 0x00, 0x0E, 0xE0, 0x01, 0xC0, 0xFF, 0xFF, 0xFF, 0xFF, 0xFF, 0xF7,
    0x80, 0x0F, 0x00, 0x1E, 0x00, 0x3C, 0x00, 0x78, 0x00, 0xF0, 0x01, 0xE0, 0x03, 0xC0, 0x07, 0xFF,
    0xCF, 0xFF, 0x9F, 0xFF, 0x3C, 0x00, 0x78, 0x00, 0xF0, 0x01, 0xE0, 0x03, 0xC0, 0x07, 0x80, 0x0F,
    0x00, 0x1E, 0x00, 0x3F, 0xFF, 0x7F, 0xFF, 0xFF, 0xFE, 0xF0, 0xF0, 0xE7, 0x0F, 0x1E, 0x78, 0xF1,
    0xE7, 0x8F, 0x1C, 0x38, 0xF3, 0xC3, 0xCF, 0x3C, 0x3C, 0xF3, 0x81, 0xCF, 0x78, 0x1E, 0xF7, 0x81,
    0xEF, 0x70, 0x0E, 0xF7, 0x00, 0xFF, 0xF0, 0x0F, 0xFF, 0x00, 0xFF, 0xF0, 0x1E, 0xF7, 0x01, 0xEF,
    0x78, 0x1C, 0xF7, 0x83, 0xCF, 0x38, 0x3C, 0xF3, 0xC3, 0x8F, 0x3C, 0x78, 0xF1, 0xC7, 0x8F, 0x1E,
    0x70, 0xF1, 0xEF, 0x0F, 0x0E, 0xF0, 0xF0, 0xF0, 0x07, 0xF8, 0x0F, 0xFE, 0x0F, 0xFF, 0x87, 0xC3,
    0xE7, 0x80, 0xF3, 0xC0, 0x79, 0xE0, 0x3C, 0x00, 0x1E, 0x00, 0x0F, 0x00, 0x0F, 0x01, 0xFF, 0x00,
    0xFF, 0x00, 0x7F, 0xE0, 0x01, 0xF8, 0x00, 0x3C, 0x00, 0x0F, 0x00, 0x07, 0xB0, 0x03, 0xFC, 0x01,
    0xEE, 0x00, 0xF7, 0x80, 0xFB, 0xE0, 0xF8, 0xFF, 0xF8, 0x3F, 0xF8, 0x07, 0xF8, 0x00, 0x70, 0x3E,
    0xE0, 0x7D, 0xC0, 0xFB, 0x83, 0xF7, 0x07, 0xEE, 0x0F, 0xDC, 0x3F, 0xB8, 0x77, 0x70, 0xEE, 0xE3,
    0xDD, 0xC7, 0x3B, 0x8E, 0x77, 0x3C, 0xEE, 0x71, 0xDC, 0xE3, 0xBB, 0xC7, 0x77, 0x0E, 0xEE, 0x1D,
    0xFC, 0x3B, 0xF0, 0x77, 0xE0, 0xEF, 0xC1, 0xDF, 0x03, 0xBE, 0x07, 0x78, 0x0E, 0x38, 0x3C, 0x78,
    0x70, 0x79, 0xE0, 0xFF, 0x80, 0x7E, 0x00, 0x00, 0x00, 0x00, 0x38, 0x1F, 0x70, 0x3E, 0xE0, 0x7D,
    0xC1, 0xFB, 0x83, 0xF7, 0x07, 0xEE, 0x1F, 0xDC, 0x3B, 0xB8, 0x77, 0x71, 0xEE, 0xE3, 0x9D, 0xC7,
    0x3B, 0x9E, 0x77, 0x38, 0xEE, 0x71, 0xDD, 0xE3, 0xBB, 0x87, 0x77, 0x0E, 0xFE, 0x1D, 0xF8, 0x3B,
    0xF0, 0x77, 0xE0, 0xEF, 0x81, 0xDF, 0x03, 0xBC, 0x07, 0xE0, 0x1E, 0xE0, 0x1E, 0xE0, 0x3C, 0xE0,
    0x3C, 0xE0, 0x78, 0xE0, 0x78, 0xE0, 0xF0, 0xE0, 0xF0, 0xE1, 0xE0, 0xE1, 0xE0, 0xE3, 0xC0, 0xFF,
    0xC0, 0xFF, 0xC0, 0xFF, 0xC0, 0xE3, 0xE0, 0xE1, 0xE0, 0xE1, 0xF0, 0xE0, 0xF0, 0xE0, 0xF8, 0xE0,
    0x78, 0xE0, 0x7C, 0xE0, 0x3C, 0xE0, 0x3E, 0xE0, 0x1E, 0xE0, 0x1F, 0x0F, 0xFF, 0x87, 0xFF, 0xC3,
    0xFF, 0xE1, 0xE0, 0xF0, 0xF0, 0x78, 0x78, 0x3C, 0x3C, 0x1E, 0x1E, 0x0F, 0x0F, 0x07, 0x87, 0x03,
    0xC3, 0x81, 0xE1, 0xC0, 0xF0, 0xE0, 0x78, 0x70, 0x3C, 0x38, 0x1E, 0x1C, 0x0F, 0x0E, 0x07, 0x87,
    0x03, 0xC3, 0x81, 0xE3, 0xC0, 0xF1, 0xE0, 0x79, 0xF0, 0x3F, 0xF0, 0x1F, 0xF8, 0x0F, 0xF0, 0x07,
    0x80, 0xF8, 0x1F, 0xFC, 0x3F, 0xFC, 0x3F, 0xFC, 0x3F, 0xFC, 0x7F, 0xEE, 0x7F, 0xEE, 0x7F, 0xFE,
    0xEF, 0xF7, 0xEF, 0xF7, 0xEF, 0xF7, 0xCF, 0xF7, 0xCF, 0xF3, 0xCF, 0xF3, 0xCF, 0xF0, 0x0F, 0xF0,
    0x0F, 0xF0, 0x0F, 0xF0, 0x0F, 0xF0, 0x0F, 0xF0, 0x0F, 0xF0, 0x0F, 0xF0, 0x0F, 0xF0, 0x0F, 0xF0,
    0x0F, 0xF0, 0x0F, 0xE0, 0x3F, 0x80, 0xFE, 0x03, 0xF8, 0x0F, 0xE0, 0x3F, 0x80, 0xFE, 0x03, 0xF8,
    0x0F, 0xE0, 0x3F, 0x80, 0xFE, 0x03, 0xFF, 0xFF, 0xFF, 0xFF, 0xFF, 0xFE, 0x03, 0xF8, 0x0F, 0xE0,
    0x3F, 0x80, 0xFE, 0x03, 0xF8, 0x0F, 0xE0, 0x3F, 0x80, 0xFE, 0x03, 0xF8, 0x0F, 0xE0, 0x3C, 0x0F,
    0xF0, 0x3F, 0xF0, 0xFF, 0xF3, 0xE1, 0xE7, 0x81, 0xEE, 0x03, 0xDC, 0x03, 0xB8, 0x07, 0x70, 0x0E,
    0xE0, 0x1D, 0xC0, 0x3B, 0x80, 0x77, 0x00, 0xEE, 0x01, 0xDC, 0x03, 0xB8, 0x07, 0x70, 0x0E, 0xE0,
    0x1D, 0xC0, 0x3B, 0x80, 0xF7, 0x81, 0xEF, 0x87, 0x8F, 0xFF, 0x0F, 0xFC, 0x0F, 0xF0, 0xFF, 0xFF,
    0xFF, 0xFF, 0xFF, 0xF8, 0x0F, 0xE0, 0x3F, 0x80, 0xFE, 0x03, 0xF8, 0x0F, 0xE0, 0x3F, 0x80, 0xFE,
    0x03, 0xF8, 0x0F, 0xE0, 0x3F, 0x80, 0xFE, 0x03, 0xF8, 0x0F, 0xE0, 0x3F, 0x80, 0xFE, 0x03, 0xF8,
    0x0F, 0xE0, 0x3F, 0x80, 0xFE, 0x03, 0xF8, 0x0F, 0xE0, 0x3C, 0xFF, 0xF0, 0xFF, 0xF8, 0xFF, 0xFC,
    0xE0, 0x3E, 0xE0, 0x1E, 0xE0, 0x1E, 0xE0, 0x0E, 0xE0, 0x0F, 0xE0, 0x0E, 0xE0, 0x1E, 0xE0, 0x1E,
    0xE0, 0x7C, 0xFF, 0xFC, 0xFF, 0xF8, 0xFF, 0xE0, 0xE0, 0x00, 0xE0, 0x00, 0xE0, 0x00, 0xE0, 0x00,
    0xE0, 0x00, 0xE0, 0x00, 0xE0, 0x00, 0xE0, 0x00, 0xE0, 0x00, 0xE0, 0x00, 0x1F, 0xE0, 0x7F, 0xE1,
    0xFF, 0xE7, 0xC3, 0xEF, 0x03, 0xDE, 0x03, 0xB8, 0x07, 0xF0, 0x00, 0xE0, 0x01, 0xC0, 0x03, 0x80,
    0x07, 0x00, 0x0E, 0x00, 0x1C, 0x00, 0x38, 0x00, 0x70, 0x00, 0xE0, 0x01, 0xC0, 0x03, 0x80, 0x7F,
    0x80, 0xEF, 0x03, 0xDF, 0x0F, 0x9F, 0xFE, 0x1F, 0xF8, 0x1F, 0xE0, 0xFF, 0xFF, 0xFF, 0xFF, 0xFF,
    0xFF, 0xE0, 0x3C, 0x00, 0x1E, 0x00, 0x0F, 0x00, 0x07, 0x80, 0x03, 0xC0, 0x01, 0xE0, 0x00, 0xF0,
    0x00, 0x78, 0x00, 0x3C, 0x00, 0x1E, 0x00, 0x0F, 0x00, 0x07, 0x80, 0x03, 0xC0, 0x01, 0xE0, 0x00,
    0xF0, 0x00, 0x78, 0x00, 0x3C, 0x00, 0x1E, 0x00, 0x0F, 0x00, 0x07, 0x80, 0x03, 0xC0, 0x01, 0xE0,
    0x00, 0xF0, 0x07, 0x9E, 0x01, 0xE7, 0x80, 0x78, 0xE0, 0x3C, 0x3C, 0x0F, 0x0F, 0x03, 0xC1, 0xE0,
    0xE0, 0x78, 0x78, 0x0E, 0x1E, 0x03, 0xC7, 0x00, 0xF3, 0xC0, 0x1C, 0xF0, 0x07, 0xB8, 0x01, 0xFE,
    0x00, 0x3F, 0x00, 0x0F, 0xC0, 0x01, 0xF0, 0x00, 0x78, 0x00, 0x1E, 0x00, 0x07, 0x80, 0x01, 0xC0,
    0x00, 0xF0, 0x00, 0x3C, 0x00, 0x1E, 0x00, 0x07, 0x80, 0x00, 0x01, 0xE0, 0x00, 0x78, 0x00, 0x1E,
    0x00, 0x1F, 0xE0, 0x1F, 0xFE, 0x0F, 0xFF, 0xC7, 0xFF, 0xF9, 0xE7, 0x9E, 0xF1, 0xE3, 0xBC, 0x78,
    0xFF, 0x1E, 0x3F, 0xC7, 0x8F, 0xF1, 0xE3, 0xFC, 0x78, 0xFF, 0x1E, 0x3F, 0xC7, 0x8F, 0xF1, 0xE3,
    0xFC, 0x78, 0xFF, 0x1E, 0x3F, 0xC7, 0x8E, 0x71, 0xE7, 0x9F, 0x7B, 0xE3, 0xFF, 0xF0, 0xFF, 0xF8,
    0x0F, 0xFC, 0x00, 0x78, 0x00, 0x1E, 0x00, 0x07, 0x80, 0x78, 0x07, 0x9E, 0x01, 0xE3, 0xC0, 0xF0,
    0xF0, 0x3C, 0x1E, 0x1E, 0x07, 0x87, 0x80, 0xF3, 0xC0, 0x3C, 0xE0, 0x07, 0xF8, 0x01, 0xFC, 0x00,
    0x3F, 0x00, 0x0F, 0x80, 0x01, 0xE0, 0x00, 0xFC, 0x00, 0x3F, 0x00, 0x1F, 0xE0, 0x07, 0x78, 0x03,
    0xCF, 0x00, 0xE3, 0xC0, 0x78, 0x78, 0x3C, 0x1E, 0x0F, 0x03, 0xC7, 0x80, 0xF9, 0xE0, 0x1E, 0xF0,
    0x07, 0xC0, 0xE0, 0x3C, 0xE0, 0x3C, 0xE0, 0x3C, 0xE0, 0x3C, 0xE0, 0x3C, 0xE0, 0x3C, 0xE0, 0x3C,
    0xE0, 0x3C, 0xE0, 0x3C, 0xE0, 0x3C, 0xE0, 0x3C, 0xE0, 0x3C, 0xE0, 0x3C, 0xE0, 0x3C, 0xE0, 0x3C,
    0xE0, 0x3C, 0xE0, 0x3C, 0xE0, 0x3C, 0xE0, 0x3C, 0xE0, 0x3C, 0xE0, 0x3C, 0xE0, 0x3C, 0xFF, 0xFF,
    0xFF, 0xFF, 0xFF, 0xFF, 0x00, 0x07, 0x00, 0x07, 0x00, 0x07, 0x00, 0x07, 0x00, 0x07, 0xF0, 0x1F,
    0xE0, 0x3F, 0xC0, 0x7F, 0x80, 0xFF, 0x01, 0xFE, 0x03, 0xFC, 0x07, 0xF8, 0x0F, 0xF0, 0x1F, 0xE0,
    0x3F, 0xC0, 0x7F, 0x80, 0xF7, 0xC1, 0xEF, 0xFF, 0xCF, 0xFF, 0x87, 0xFF, 0x00, 0x1E, 0x00, 0x3C,
    0x00, 0x78, 0x00, 0xF0, 0x01, 0xE0, 0x03, 0xC0, 0x07, 0x80, 0x0F, 0x00, 0x1E, 0x71, 0xE3, 0xB8,
    0xF1, 0xDC, 0x78, 0xEE, 0x3C, 0x77, 0x1E, 0x3B, 0x8F, 0x1D, 0xC7, 0x8E, 0xE3, 0xC7, 0x71, 0xE3,
    0xB8, 0xF1, 0xDC, 0x78, 0xEE, 0x3C, 0x77, 0x1E, 0x3B, 0x8F, 0x1D, 0xC7, 0x8E, 0xE3, 0xC7, 0x71,
    0xE3, 0xB8, 0xF1, 0xDC, 0x78, 0xEE, 0x3C, 0x77, 0x1E, 0x3B, 0x8F, 0x1D, 0xFF, 0xFE, 0xFF, 0xFF,
    0x7F, 0xFF, 0x80, 0x71, 0xC3, 0x8E, 0x38, 0x71, 0xC7, 0x0E, 0x38, 0xE1, 0xC7, 0x1C, 0x38, 0xE3,
    0x87, 0x1C, 0x70, 0xE3, 0x8E, 0x1C, 0x71, 0xC3, 0x8E, 0x38, 0x71, 0xC7, 0x0E, 0x38, 0xE1, 0xC7,
    0x1C, 0x38, 0xE3, 0x87, 0x1C, 0x70, 0xE3, 0x8E, 0x1C, 0x71, 0xC3, 0x8E, 0x38, 0x71, 0xC7, 0x0E,
    0x38, 0xE1, 0xC7, 0x1C, 0x38, 0xE3, 0x87, 0x1F, 0xFF, 0xFB, 0xFF, 0xFF, 0x7F, 0xFF, 0xE0, 0x00,
    0x1C, 0x00, 0x03, 0x80, 0x00, 0x70, 0x00, 0x0E, 0x00, 0x01, 0xC0, 0xFF, 0x80, 0x0F, 0xF8, 0x00,
    0x7F, 0x80, 0x00, 0x78, 0x00, 0x07, 0x80, 0x00, 0x78, 0x00, 0x07, 0x80, 0x00, 0x78, 0x00, 0x07,
    0x80, 0x00, 0x78, 0x00, 0x07, 0xFE, 0x00, 0x7F, 0xF8, 0x07, 0xFF, 0xC0, 0x78, 0x7C, 0x07, 0x81,
    0xE0, 0x78, 0x1E, 0x07, 0x80, 0xE0, 0x78, 0x0F, 0x07, 0x80, 0xE0, 0x78, 0x1E, 0x07, 0x81, 0xE0,
    0x78, 0x3E, 0x07, 0xFF, 0xC0, 0x7F, 0xF8, 0x07, 0xFF, 0x00, 0x70, 0x03, 0xB8, 0x01, 0xDC, 0x00,
    0xEE, 0x00, 0x77, 0x00, 0x3B, 0x80, 0x1D, 0xC0, 0x0E, 0xE0, 0x07, 0x70, 0x03, 0xB8, 0x01, 0xDF,
    0xC0, 0xEF, 0xF8, 0x77, 0xFE, 0x3B, 0x9F, 0x1D, 0xC3, 0xCE, 0xE1, 0xE7, 0x70, 0x73, 0xB8, 0x39,
    0xDC, 0x1C, 0xEE, 0x1E, 0x77, 0x0F, 0x3B, 0x8F, 0x9D, 0xFF, 0x8E, 0xFF, 0x87, 0x7F, 0x83, 0x80,
    0xE0, 0x00, 0xE0, 0x00, 0xE0, 0x00, 0xE0, 0x00, 0xE0, 0x00, 0xE0, 0x00, 0xE0, 0x00, 0xE0, 0x00,
    0xE0, 0x00, 0xE0, 0x00, 0xFF, 0xE0, 0xFF, 0xF8, 0xFF, 0xFC, 0xE0, 0x7C, 0xE0, 0x1E, 0xE0, 0x1E,
    0xE0, 0x0E, 0xE0, 0x0F, 0xE0, 0x0E, 0xE0, 0x1E, 0xE0, 0x1E, 0xE0, 0x3E, 0xFF, 0xFC, 0xFF, 0xF8,
    0xFF, 0xF0, 0x0F, 0xE0, 0x7F, 0xF1, 0xFF, 0xF3, 0xE1, 0xE7, 0x81, 0xFE, 0x03, 0xFC, 0x07, 0x80,
    0x0F, 0x00, 0x1E, 0x00, 0x3C, 0x3F, 0xF8, 0x7F, 0xF0, 0xFF, 0xE0, 0x03, 0xC0, 0x07, 0x80, 0x0F,
    0x00, 0x1E, 0xC0, 0x3F, 0xC0, 0x7F, 0x80, 0xF7, 0x81, 0xEF, 0x87, 0x8F, 0xFF, 0x1F, 0xFC, 0x0F,
    0xE0, 0x70, 0x7E, 0x1C, 0x3F, 0xE7, 0x1F, 0xF9, 0xC7, 0x8F, 0x71, 0xC3, 0xDC, 0xF0, 0x77, 0x3C,
    0x1D, 0xCF, 0x07, 0x73, 0xC1, 0xDC, 0xF0, 0x77, 0xFC, 0x1D, 0xFF, 0x07, 0x7F, 0xC1, 0xDC, 0xF0,
    0x77, 0x3C, 0x1D, 0xCF, 0x07, 0x73, 0xC1, 0xDC, 0xF0, 0x77, 0x3C, 0x1D, 0xC7, 0x07, 0x71, 0xC3,
    0xDC, 0x78, 0xF7, 0x1F, 0xF9, 0xC3, 0xFE, 0x70, 0x7E, 0x00, 0x07, 0xFF, 0x1F, 0xFF, 0x3F, 0xFF,
    0x3C, 0x0F, 0x78, 0x0F, 0x78, 0x0F, 0x78, 0x0F, 0x78, 0x0F, 0x78, 0x0F, 0x78, 0x0F, 0x7C, 0x0F,
    0x3E, 0x0F, 0x3F, 0xFF, 0x1F, 0xFF, 0x07, 0xFF, 0x07, 0x8F, 0x0F, 0x0F, 0x0F, 0x0F, 0x1F, 0x0F,
    0x1E, 0x0F, 0x1E, 0x0F, 0x3C, 0x0F, 0x3C, 0x0F, 0x78, 0x0F, 0x78, 0x0F, 0x0F, 0xF0, 0x7F, 0xF0,
    0xFF, 0xF3, 0xE1, 0xF7, 0x81, 0xE0, 0x03, 0xC0, 0x07, 0x8F, 0xFF, 0x3F, 0xFE, 0xFF, 0xFF, 0xF0,
    0x7F, 0x80, 0xFF, 0x01, 0xFE, 0x03, 0xFC, 0x07, 0xFC, 0x3F, 0x7F, 0xFE, 0x7F, 0xFC, 0x7F, 0x78,
    0x00, 0x7C, 0x0F, 0xF8, 0x7F, 0xF1, 0xFF, 0xE3, 0xE0, 0x0F, 0x00, 0x1C, 0x00, 0x38, 0x00, 0x77,
    0xF1, 0xFF, 0xF3, 0xFF, 0xF7, 0xE1, 0xFF, 0x81, 0xFE, 0x03, 0xFC, 0x03, 0xF8, 0x07, 0xF0, 0x0F,
    0xE0, 0x1F, 0xC0, 0x3B, 0x80, 0x77, 0x01, 0xEF, 0x03, 0xDF, 0x0F, 0x1F, 0xFE, 0x1F, 0xF8, 0x1F,
    0xE0, 0xFF, 0xF1, 0xFF, 0xF3, 0xFF, 0xF7, 0x01, 0xEE, 0x03, 0xDC, 0x03, 0xB8, 0x0F, 0x70, 0x3C,
    0xFF, 0xF1, 0xFF, 0xF3, 0xFF, 0xF7, 0x01, 0xEE, 0x01, 0xFC, 0x03, 0xF8, 0x07, 0xF0, 0x1E, 0xFF,
    0xFD, 0xFF, 0xF3, 0xFF, 0xC0, 0xFF, 0xFF, 0xFF, 0xFF, 0xFF, 0xFC, 0x00, 0xF0, 0x03, 0xC0, 0x0F,
    0x00, 0x3C, 0x00, 0xF0, 0x03, 0xC0, 0x0F, 0x00, 0x3C, 0x00, 0xF0, 0x03, 0xC0, 0x0F, 0x00, 0x3C,
    0x00, 0xF0, 0x03, 0xC0, 0x0F, 0x00, 0x00, 0x0F, 0xFF, 0x81, 0xFF, 0xF0, 0x3F, 0xFE, 0x07, 0x03,
    0xC0, 0xE0, 0x78, 0x1C, 0x0F, 0x03, 0x81, 0xE0, 0x70, 0x3C, 0x0E, 0x07, 0x81, 0xC0, 0xF0, 0x38,
    0x1E, 0x07, 0x03, 0xC1, 0xE0, 0x78, 0x3C, 0x0F, 0x07, 0x81, 0xE1, 0xE0, 0x3C, 0x7F, 0xFF, 0xEF,
    0xFF, 0xFD, 0xFF, 0xFF, 0xB8, 0x00, 0x77, 0x00, 0x0E, 0xE0, 0x01, 0xDC, 0x00, 0x3B, 0x80, 0x07,
    0x0F, 0xF0, 0x1F, 0xF8, 0x3F, 0xFC, 0x7C, 0x3E, 0x78, 0x1E, 0x70, 0x0E, 0xF0, 0x0E, 0xFF, 0xFE,
    0xFF, 0xFE, 0xFF, 0xFE, 0xF0, 0x00, 0xF0, 0x00, 0xF0, 0x00, 0x70, 0x0E, 0x78, 0x1E, 0x7C, 0x3E,
    0x3F, 0xFC, 0x1F, 0xF8, 0x0F, 0xF0, 0x70, 0xF0, 0xE7, 0x8F, 0x1E, 0x78, 0xF1, 0xC3, 0x8F, 0x3C,
    0x3C, 0xF3, 0xC1, 0xCF, 0x78, 0x1E, 0xF7, 0x81, 0xEF, 0x70, 0x0F, 0xFF, 0x00, 0xFF, 0xF0, 0x0F,
    0xFF, 0x01, 0xEF, 0x78, 0x1E, 0xF7, 0x83, 0xCF, 0x38, 0x3C, 0xF3, 0xC3, 0x8F, 0x1C, 0x78, 0xF1,
    0xE7, 0x0F, 0x1E, 0xF0, 0xF0, 0xE0, 0x1F, 0xF8, 0x3F, 0xFC, 0x7F, 0xFE, 0x78, 0x3E, 0xF0, 0x1E,
    0x00, 0x1E, 0x00, 0x1E, 0x00, 0x7C, 0x0F, 0xF8, 0x0F, 0xFC, 0x0F, 0xFE, 0x00, 0x3E, 0x00, 0x0F,
    0xE0, 0x0F, 0xF0, 0x0F, 0xF8, 0x1E, 0x7F, 0xFE, 0x7F, 0xFC, 0x1F, 0xF8, 0xE0, 0x7F, 0x81, 0xFE,
    0x0F, 0xF8, 0x3F, 0xE0, 0xFF, 0x87, 0xFE, 0x1D, 0xF8, 0xF7, 0xE3, 0x9F, 0x9E, 0x7E, 0x71, 0xFB,
    0xC7, 0xEE, 0x1F, 0xF8, 0x7F, 0xC1, 0xFF, 0x07, 0xF8, 0x1F, 0xE0, 0x7F, 0x01, 0xC0, 0x70, 0x79,
    0xE1, 0xC3, 0xCF, 0x0F, 0xF8, 0x0F, 0xC0, 0x00, 0x00, 0x00, 0x00, 0x00, 0xE0, 0x7F, 0x81, 0xFE,
    0x0F, 0xF8, 0x3F, 0xE0, 0xFF, 0x87, 0xFE, 0x1D, 0xF8, 0xF7, 0xE3, 0x9F, 0x9E, 0x7E, 0x71, 0xFB,
    0xC7, 0xEE, 0x1F, 0xF8, 0x7F, 0xC1, 0xFF, 0x07, 0xF8, 0x1F, 0xE0, 0x7F, 0x01, 0xC0, 0xF0, 0x1E,
    0xF0, 0x1E, 0xF0, 0x3C, 0xF0, 0x7C, 0xF0, 0x78, 0xF0, 0xF0, 0xF1, 0xF0, 0xF1, 0xE0, 0xFF, 0xC0,
    0xFF, 0xC0, 0xFF, 0xE0, 0xF1, 0xE0, 0xF0, 0xF0, 0xF0, 0xF8, 0xF0, 0x78, 0xF0, 0x3C, 0xF0, 0x3C,
    0xF0, 0x1E, 0xF0, 0x1F, 0x0F, 0xFF, 0x87, 0xFF, 0xC3, 0xFF, 0xE1, 0xE0, 0xF0, 0xF0, 0x78, 0x78,
    0x3C, 0x3C, 0x1E, 0x1E, 0x0F, 0x0E, 0x07, 0x87, 0x03, 0xC3, 0x81, 0xE1, 0xC0, 0xF0, 0xE0, 0x78,
    0x70, 0x3C, 0x78, 0x1E, 0x3C, 0x0F, 0x7C, 0x07, 0xFE, 0x03, 0xFE, 0x01, 0xE0, 0xF8, 0x1F, 0xF8,
    0x3F, 0xFC, 0x3F, 0xFC, 0x3F, 0xFC, 0x7F, 0xEE, 0x7F, 0xFE, 0x6F, 0xF7, 0xEF, 0xF7, 0xEF, 0xF7,
    0xCF, 0xF3, 0xCF, 0xF3, 0xCF, 0xF0, 0x0F, 0xF0, 0x0F, 0xF0, 0x0F, 0xF0, 0x0F, 0xF0, 0x0F, 0xF0,
    0x0F, 0xF0, 0x0F, 0xE0, 0x3F, 0x80, 0xFE, 0x03, 0xF8, 0x0F, 0xE0, 0x3F, 0x80, 0xFE, 0x03, 0xF8,
    0x0F, 0xFF, 0xFF, 0xFF, 0xFF, 0xFF, 0xF8, 0x0F, 0xE0, 0x3F, 0x80, 0xFE, 0x03, 0xF8, 0x0F, 0xE0,
    0x3F, 0x80, 0xFE, 0x03, 0xC0, 0x0F, 0xF0, 0x1F, 0xF8, 0x3F, 0xFC, 0x7C, 0x3E, 0x78, 0x1E, 0x70,
    0x1E, 0xF0, 0x0E, 0xF0, 0x0E, 0xF0, 0x0E, 0xF0, 0x0E, 0xF0, 0x0E, 0xF0, 0x0E, 0xF0, 0x0E, 0x70,
    0x1E, 0x78, 0x1E, 0x7C, 0x3E, 0x3F, 0xFC, 0x1F, 0xF8, 0x0F, 0xF0, 0xFF, 0xFF, 0xFF, 0xFF, 0xFF,
    0xF8, 0x0F, 0xE0, 0x3F, 0x80, 0xFE, 0x03, 0xF8, 0x0F, 0xE0, 0x3F, 0x80, 0xFE, 0x03, 0xF8, 0x0F,
    0xE0, 0x3F, 0x80, 0xFE, 0x03, 0xF8, 0x0F, 0xE0, 0x3F, 0x80, 0xFE, 0x03, 0xC0, 0xE7, 0xE3, 0xBF,
    0xCF, 0xFF, 0xBE, 0x1F, 0xF0, 0x3F, 0xC0, 0xFE, 0x01, 0xF8, 0x07, 0xE0, 0x1F, 0x80, 0x7E, 0x01,
    0xF8, 0x07, 0xE0, 0x1F, 0xC0, 0xFF, 0x03, 0xFE, 0x1F, 0xFF, 0xFB, 0xBF, 0xCE, 0x7E, 0x38, 0x00,
    0xE0, 0x03, 0x80, 0x0E, 0x00, 0x38, 0x00, 0xE0, 0x00, 0x0F, 0xF0, 0x1F, 0xF8, 0x3F, 0xFC, 0x7C,
    0x3E, 0x78, 0x1E, 0x70, 0x0F, 0x70, 0x0E, 0x70, 0x00, 0x70, 0x00, 0x70, 0x00, 0x70, 0x00, 0x70,
    0x00, 0x70, 0x0E, 0x70, 0x0F, 0x78, 0x1E, 0x7C, 0x3E, 0x3F, 0xFC, 0x1F, 0xF8, 0x0F, 0xF0, 0xFF,
    0xFF, 0xFF, 0xFF, 0xFF, 0xFF, 0xE0, 0x3C, 0x00, 0x1E, 0x00, 0x0F, 0x00, 0x07, 0x80, 0x03, 0xC0,
    0x01, 0xE0, 0x00, 0xF0, 0x00, 0x78, 0x00, 0x3C, 0x00, 0x1E, 0x00, 0x0F, 0x00, 0x07, 0x80, 0x03,
    0xC0, 0x01, 0xE0, 0x00, 0xF0, 0x00, 0x78, 0x00, 0x78, 0x07, 0x9E, 0x01, 0xE7, 0x80, 0x70, 0xF0,
    0x3C, 0x3C, 0x0F, 0x0F, 0x03, 0x81, 0xE1, 0xE0, 0x78, 0x78, 0x0E, 0x1C, 0x03, 0xCF, 0x00, 0xF3,
    0xC0, 0x1E, 0xE0, 0x07, 0xF8, 0x00, 0xFE, 0x00, 0x3F, 0x00, 0x0F, 0xC0, 0x01, 0xE0, 0x00, 0x78,
    0x00, 0x1E, 0x00, 0x07, 0x00, 0x03, 0xC0, 0x00, 0xF0, 0x00, 0x78, 0x00, 0x1E, 0x00, 0x07, 0x80,
    0x00, 0x01, 0xE0, 0x00, 0x78, 0x00, 0x1E, 0x00, 0x07, 0x80, 0x01, 0xE0, 0x00, 0x78, 0x00, 0xFF,
    0xC0, 0x7F, 0xF8, 0x3F, 0xFF, 0x1F, 0x7B, 0xE7, 0x1E, 0x7B, 0xC7, 0x8E, 0xF1, 0xE3, 0xFC, 0x78,
    0xFF, 0x1E, 0x3F, 0xC7, 0x8F, 0xF1, 0xE3, 0xFC, 0x78, 0xFF, 0x1E, 0x3F, 0xC7, 0x8E, 0x71, 0xE7,
    0x9F, 0x7B, 0xE3, 0xFF, 0xF0, 0x7F, 0xF8, 0x0F, 0xFC, 0x00, 0x78, 0x00, 0x1E, 0x00, 0x07, 0x80,
    0x01, 0xE0, 0x00, 0x78, 0x00, 0x1E, 0x00, 0x78, 0x07, 0x8F, 0x03, 0xC3, 0xC1, 0xF0, 0x78, 0x78,
    0x0F, 0x3C, 0x03, 0xCF, 0x00, 0x7F, 0x80, 0x0F, 0xC0, 0x03, 0xF0, 0x00, 0xF8, 0x00, 0x3F, 0x00,
    0x1F, 0xE0, 0x07, 0xF8, 0x03, 0xCF, 0x01, 0xE3, 0xE0, 0x78, 0x78, 0x3C, 0x0F, 0x1F, 0x03, 0xE7,
    0x80, 0x78, 0xE0, 0x3C, 0xE0, 0x3C, 0xE0, 0x3C, 0xE0, 0x3C, 0xE0, 0x3C, 0xE0, 0x3C, 0xE0, 0x3C,
    0xE0, 0x3C, 0xE0, 0x3C, 0xE0, 0x3C, 0xE0, 0x3C, 0xE0, 0x3C, 0xE0, 0x3C, 0xE0, 0x3C, 0xE0, 0x3C,
    0xE0, 0x3C, 0xFF, 0xFF, 0xFF, 0xFF, 0xFF, 0xFF, 0x00, 0x07, 0x00, 0x07, 0x00, 0x07, 0x00, 0x07,
    0x00, 0x07, 0xF0, 0x1F, 0xE0, 0x3F, 0xC0, 0x7F, 0x80, 0xFF, 0x01, 0xFE, 0x03, 0xFC, 0x07, 0xF8,
    0x0F, 0xF0, 0x1E, 0xF8, 0x3D, 0xFF, 0xF9, 0xFF, 0xF0, 0xFF, 0xE0, 0x03, 0xC0, 0x07, 0x80, 0x0F,
    0x00, 0x1E, 0x00, 0x3C, 0x00, 0x78, 0x71, 0xE3, 0xB8, 0xF1, 0xDC, 0x78, 0xEE, 0x3C, 0x77, 0x1E,
    0x3B, 0x8F, 0x1D, 0xC7, 0x8E, 0xE3, 0xC7, 0x71, 0xE3, 0xB8, 0xF1, 0xDC, 0x78, 0xEE, 0x3C, 0x77,
    0x1E, 0x3B, 0x8F, 0x1D, 0xC7, 0x8E, 0xE3, 0xC7, 0x7F, 0xFF, 0xBF, 0xFF, 0xDF, 0xFF, 0xE0, 0x71,
    0xC7, 0x8E, 0x38, 0xF1, 0xC7, 0x1E, 0x38, 0xE3, 0xC7, 0x1C, 0x78, 0xE3, 0x8F, 0x1C, 0x71, 0xE3,
    0x8E, 0x3C, 0x71, 0xC7, 0x8E, 0x38, 0xF1, 0xC7, 0x1E, 0x38, 0xE3, 0xC7, 0x1C, 0x78, 0xE3, 0x8F,
    0x1C, 0x71, 0xE3, 0x8E, 0x3C, 0x7F, 0xFF, 0xEF, 0xFF, 0xFD, 0xFF, 0xFF, 0x80, 0x00, 0x70, 0x00,
    0x0E, 0x00, 0x01, 0xC0, 0x00, 0x38, 0x00, 0x07, 0xFF, 0x80, 0x1F, 0xF0, 0x01, 0xFE, 0x00, 0x03,
    0xC0, 0x00, 0x78, 0x00, 0x0F, 0x00, 0x01, 0xE0, 0x00, 0x3F, 0xF0, 0x07, 0xFF, 0x80, 0xFF, 0xF8,
    0x1E, 0x1F, 0x83, 0xC0, 0xF0, 0x78, 0x1E, 0x0F, 0x03, 0xC1, 0xE0, 0x78, 0x3C, 0x1F, 0x07, 0xFF,
    0xC0, 0xFF, 0xF0, 0x1F, 0xFC, 0x00, 0x70, 0x03, 0xB8, 0x01, 0xDC, 0x00, 0xEE, 0x00, 0x77, 0x00,
    0x3B, 0x80, 0x1D, 0xC0, 0x0E, 0xFF, 0x07, 0x7F, 0xE3, 0xBF, 0xF1, 0xDC, 0x3C, 0xEE, 0x0E, 0x77,
    0x07, 0x3B, 0x83, 0x9D, 0xC1, 0xCE, 0xE1, 0xE7, 0x7F, 0xE3, 0xBF, 0xF1, 0xDF, 0xE0, 0xE0, 0xF0,
    0x00, 0xF0, 0x00, 0xF0, 0x00, 0xF0, 0x00, 0xF0, 0x00, 0xF0, 0x00, 0xF0, 0x00, 0xFF, 0xF0, 0xFF,
    0xFC, 0xFF, 0xFE, 0xF0, 0x3E, 0xF0, 0x1E, 0xF0, 0x0F, 0xF0, 0x0F, 0xF0, 0x1E, 0xF0, 0x3E, 0xFF,
    0xFE, 0xFF, 0xFC, 0xFF, 0xF0, 0x0F, 0xF0, 0x7F, 0xF1, 0xFF, 0xF3, 0xE1, 0xF7, 0x81, 0xFE, 0x03,
    0xD8, 0x03, 0x80, 0x07, 0x03, 0xFE, 0x07, 0xFC, 0x0F, 0xF8, 0x00, 0x77, 0x00, 0xFE, 0x03, 0xDE,
    0x07, 0xBE, 0x1F, 0x7F, 0xFC, 0x7F, 0xF0, 0x3F, 0xC0, 0x70, 0x7E, 0x1C, 0x3F, 0xC7, 0x1F, 0xF9,
    0xC7, 0x9F, 0x71, 0xC3, 0xDC, 0x70, 0xF7, 0x1C, 0x3D, 0xC7, 0x0F, 0x7F, 0xC3, 0xDF, 0xF0, 0xF7,
    0xFC, 0x3D, 0xC7, 0x0F, 0x71, 0xC3, 0xDC, 0x70, 0xF7, 0x1C, 0x3D, 0xC7, 0x9F, 0x71, 0xFF, 0x9C,
    0x3F, 0xC7, 0x07, 0xE0, 0x1F, 0xFE, 0x7F, 0xFD, 0xFF, 0xFB, 0xC0, 0xFF, 0x01, 0xFE, 0x03, 0xFC,
    0x07, 0xF8, 0x0F, 0x78, 0x1E, 0xFF, 0xFC, 0xFF, 0xF8, 0xFF, 0xF0, 0xF1, 0xE3, 0xC3, 0xC7, 0x87,
    0x9E, 0x0F, 0x7C, 0x1E, 0xF0, 0x3F, 0xC0, 0x78, 0x3C, 0x38, 0x3E, 0x7C, 0x3E, 0x7C, 0x3C, 0x38,
    0x00, 0x00, 0x00, 0x00, 0x00, 0x00, 0x0F, 0xF0, 0x1F, 0xF8, 0x3F, 0xFC, 0x7C, 0x3E, 0x78, 0x1E,
    0x70, 0x0E, 0xF0, 0x0E, 0xFF, 0xFE, 0xFF, 0xFE, 0xFF, 0xFE, 0xF0, 0x00, 0xF0, 0x00, 0xF0, 0x00,
    0x70, 0x0E, 0x78, 0x1E, 0x7C, 0x3E, 0x3F, 0xFC, 0x1F, 0xF8, 0x0F, 0xF0, 0x1C, 0x00, 0x0E, 0x00,
    0x07, 0x00, 0x1F, 0xFE, 0x0F, 0xFF, 0x07, 0xFF, 0x80, 0x70, 0x00, 0x38, 0x00, 0x1C, 0xFC, 0x0E,
    0xFF, 0x07, 0xFF, 0xC3, 0xE1, 0xF1, 0xE0, 0x78, 0xF0, 0x3C, 0x70, 0x1E, 0x38, 0x0F, 0x1C, 0x07,
    0x8E, 0x03, 0xC7, 0x01, 0xE3, 0x80, 0xF1, 0xC0, 0x78, 0xE0, 0x3C, 0x70, 0x1E, 0x38, 0x0F, 0x1C,
    0x07, 0x80, 0x03, 0xC0, 0x01, 0xE0, 0x01, 0xE0, 0x0F, 0xF0, 0x07, 0xF0, 0x03, 0xE0, 0x00, 0xF0,
    0x07, 0x80, 0x3C, 0x00, 0xF0, 0x07, 0x80, 0x00, 0x00, 0x00, 0x00, 0x00, 0xFF, 0xFF, 0xFF, 0xFF,
    0xFF, 0xFC, 0x00, 0xF0, 0x03, 0xC0, 0x0F, 0x00, 0x3C, 0x00, 0xF0, 0x03, 0xC0, 0x0F, 0x00, 0x3C,
    0x00, 0xF0, 0x03, 0xC0, 0x0F, 0x00, 0x3C, 0x00, 0xF0, 0x03, 0xC0, 0x0F, 0x00, 0x00, 0x0F, 0xF0,
    0x1F, 0xF8, 0x3F, 0xFC, 0x7C, 0x3E, 0x78, 0x1E, 0x70, 0x0E, 0x70, 0x0E, 0xF0, 0x00, 0xFF, 0xC0,
    0xFF, 0xC0, 0xFF, 0xC0, 0xF0, 0x00, 0x70, 0x0E, 0x70, 0x0E, 0x78, 0x1E, 0x7C, 0x3E, 0x3F, 0xFC,
    0x1F, 0xF8, 0x0F, 0xF0, 0x1F, 0xF0, 0x7F, 0xF9, 0xFF, 0xF3, 0xC1, 0xF7, 0x01, 0xEE, 0x00, 0x1E,
    0x00, 0x3F, 0x80, 0x3F, 0xF8, 0x3F, 0xF8, 0x1F, 0xF8, 0x00, 0xF0, 0x00, 0xEE, 0x01, 0xDC, 0x07,
    0xBC, 0x0F, 0x7F, 0xFE, 0x7F, 0xF8, 0x7F, 0xE0, 0x03, 0xE0, 0x01, 0xF0, 0x00, 0xF8, 0x00, 0x7C,
    0x00, 0x00, 0x00, 0x00, 0x00, 0x00, 0x00, 0xFF, 0xC0, 0x7F, 0xE0, 0x3F, 0xF0, 0x00, 0x78, 0x00,
    0x3C, 0x00, 0x1E, 0x00, 0x0F, 0x00, 0x07, 0x80, 0x03, 0xC0, 0x01, 0xE0, 0x00, 0xF0, 0x00, 0x78,
    0x00, 0x3C, 0x00, 0x1E, 0x00, 0x0F, 0x00, 0x07, 0x81, 0xFF, 0xFF, 0xFF, 0xFF, 0xFF, 0xFF, 0xC0,
    0x1E, 0x3C, 0x1F, 0x1E, 0x0F, 0x8F, 0x03, 0xC7, 0x80, 0x00, 0x00, 0x00, 0x00, 0x00, 0x00, 0xFF,
    0xC0, 0x7F, 0xE0, 0x3F, 0xF0, 0x00, 0x78, 0x00, 0x3C, 0x00, 0x1E, 0x00, 0x0F, 0x00, 0x07, 0x80,
    0x03, 0xC0, 0x01, 0xE0, 0x00, 0xF0, 0x00, 0x78, 0x00, 0x3C, 0x00, 0x1E, 0x00, 0x0F, 0x00, 0x07,
    0x81, 0xFF, 0xFF, 0xFF, 0xFF, 0xFF, 0xFF, 0xC0, 0x00, 0xF8, 0x07, 0xC0, 0x3E, 0x01, 0xF0, 0x00,
    0x00, 0x00, 0x00, 0x1F, 0xFF, 0xFF, 0xFF, 0xFF, 0xC0, 0x1E, 0x00, 0xF0, 0x07, 0x80, 0x3C, 0x01,
    0xE0, 0x0F, 0x00, 0x78, 0x03, 0xC0, 0x1E, 0x00, 0xF0, 0x07, 0x80, 0x3C, 0x01, 0xE0, 0x0F, 0x00,
    0x78, 0x03, 0xC0, 0x1E, 0x01, 0xE0, 0x1F, 0x3F, 0xF1, 0xFF, 0x0F, 0xF0, 0x3F, 0xF0, 0x03, 0xFF,
    0x00, 0x3F, 0xF0, 0x03, 0xC7, 0x00, 0x3C, 0x70, 0x03, 0xC7, 0x00, 0x3C, 0x70, 0x03, 0xC7, 0xF8,
    0x3C, 0x7F, 0xC3, 0xC7, 0xFE, 0x3C, 0x71, 0xE3, 0xC7, 0x0E, 0x3C, 0x70, 0xE3, 0xC7, 0x0E, 0x3C,
    0x70, 0xE7, 0x87, 0x1E, 0xF8, 0x7F, 0xEF, 0x07, 0xFC, 0xE0, 0x7F, 0x80, 0xE1, 0xC0, 0x38, 0x70,
    0x0E, 0x1C, 0x03, 0x87, 0x00, 0xE1, 0xC0, 0x38, 0x70, 0x0E, 0x1C, 0x03, 0xFF, 0xF8, 0xFF, 0xFF,
    0x3F, 0xFF, 0xEE, 0x1C, 0x7B, 0x87, 0x0E, 0xE1, 0xC3, 0xB8, 0x70, 0xEE, 0x1C, 0x3B, 0x87, 0x1E,
    0xE1, 0xFF, 0xB8, 0x7F, 0xCE, 0x1F, 0xE0, 0x1C, 0x00, 0x0E, 0x00, 0x07, 0x00, 0x1F, 0xFE, 0x0F,
    0xFF, 0x07, 0xFF, 0x80, 0x70, 0x00, 0x38, 0x00, 0x1C, 0xFC, 0x0E, 0xFF, 0x07, 0xFF, 0xC3, 0xE1,
    0xF1, 0xE0, 0x78, 0xF0, 0x3C, 0x70, 0x1E, 0x38, 0x0F, 0x1C, 0x07, 0x8E, 0x03, 0xC7, 0x01, 0xE3,
    0x80, 0xF1, 0xC0, 0x78, 0xE0, 0x3C, 0x70, 0x1E, 0x38, 0x0F, 0x1C, 0x07, 0x80, 0x00, 0xF0, 0x01,
    0xE0, 0x03, 0xC0, 0x03, 0xC0, 0x07, 0x80, 0x00, 0x00, 0x00, 0x00, 0x00, 0x00, 0xF0, 0x1E, 0xF0,
    0x1E, 0xF0, 0x3C, 0xF0, 0x7C, 0xF0, 0x78, 0xF0, 0xF0, 0xF1, 0xF0, 0xF1, 0xE0, 0xFF, 0xC0, 0xFF,
    0xC0, 0xFF, 0xE0, 0xF1, 0xE0, 0xF0, 0xF0, 0xF0, 0xF8, 0xF0, 0x78, 0xF0, 0x3C, 0xF0, 0x3C, 0xF0,
    0x1E, 0xF0, 0x1F, 0x1C, 0x1E, 0x07, 0x87, 0x00, 0xF3, 0xC0, 0x3F, 0xE0, 0x03, 0xF0, 0x00, 0x00,
    0x00, 0x00, 0x00, 0x00, 0x00, 0x78, 0x07, 0x9E, 0x01, 0xE7, 0x80, 0x70, 0xF0, 0x3C, 0x3C, 0x0F,
    0x0F, 0x03, 0x81, 0xE1, 0xE0, 0x78, 0x78, 0x0E, 0x1C, 0x03, 0xCF, 0x00, 0xF3, 0xC0, 0x1E, 0xE0,
    0x07, 0xF8, 0x00, 0xFE, 0x00, 0x3F, 0x00, 0x0F, 0xC0, 0x01, 0xE0, 0x00, 0x78, 0x00, 0x1E, 0x00,
    0x07, 0x00, 0x03, 0xC0, 0x00, 0xF0, 0x00, 0x78, 0x00, 0x1E, 0x00, 0x07, 0x80, 0x00, 0xE0, 0x3F,
    0x80, 0xFE, 0x03, 0xF8, 0x0F, 0xE0, 0x3F, 0x80, 0xFE, 0x03, 0xF8, 0x0F, 0xE0, 0x3F, 0x80, 0xFE,
    0x03, 0xF8, 0x0F, 0xE0, 0x3F, 0x80, 0xFE, 0x03, 0xF8, 0x0F, 0xFF, 0xFF, 0xFF, 0xFF, 0xFF, 0xC1,
    0xE0, 0x07, 0x80, 0x1E, 0x00, 0x78, 0x00, 0x00, 0x1E, 0x00, 0x3C, 0x00, 0x7F, 0xFF, 0xFF, 0xFF,
    0xFF, 0xFF, 0xFC, 0x00, 0x78, 0x00, 0xF0, 0x01, 0xE0, 0x03, 0xC0, 0x07, 0x80, 0x0F, 0x00, 0x1E,
    0x00, 0x3C, 0x00, 0x78, 0x00, 0xF0, 0x01, 0xE0, 0x03, 0xC0, 0x07, 0x80, 0x0F, 0x00, 0x1E, 0x00,
    0x3C, 0x00, 0x78, 0x00, 0xF0, 0x01, 0xE0, 0x03, 0xC0, 0x07, 0x80, 0x00, 0x00, 0x3C, 0x00, 0xF0,
    0x03, 0xFF, 0xFF, 0xFF, 0xFF, 0xFF, 0xFF, 0x00, 0x3C, 0x00, 0xF0, 0x03, 0xC0, 0x0F, 0x00, 0x3C,
    0x00, 0xF0, 0x03, 0xC0, 0x0F, 0x00, 0x3C, 0x00, 0xF0, 0x03, 0xC0, 0x0F, 0x00, 0x3C, 0x00, 0xF0,
    0x03, 0xC0, 0x00, 0x0F, 0xFF, 0xE1, 0xFF, 0xFC, 0x3F, 0xFF, 0x87, 0x80, 0x00, 0xF0, 0x00, 0x1E,
    0x00, 0x03, 0xC0, 0x00, 0x78, 0x00, 0x0F, 0x00, 0x01, 0xE0, 0x00, 0x3C, 0x00, 0x3F, 0xFC, 0x07,
    0xFF, 0x80, 0xFF, 0xF0, 0x03, 0xC0, 0x00, 0x78, 0x00, 0x0F, 0x00, 0x01, 0xE0, 0x00, 0x3C, 0x00,
    0x07, 0x80, 0x00, 0xF0, 0x00, 0x1E, 0x00, 0x03, 0xC0, 0x00, 0x78, 0x00, 0x0F, 0x00, 0x00, 0x0F,
    0xFF, 0x87, 0xFF, 0xC3, 0xFF, 0xE1, 0xC0, 0x00, 0xE0, 0x00, 0x70, 0x00, 0x38, 0x00, 0x1C, 0x00,
    0xFF, 0xF8, 0x7F, 0xFC, 0x3F, 0xFE, 0x01, 0xC0, 0x00, 0xE0, 0x00, 0x70, 0x00, 0x38, 0x00, 0x1C,
    0x00, 0x0E, 0x00, 0x07, 0x00, 0x03, 0x80, 0x00, 0xF0, 0x0F, 0x3C, 0x07, 0x8F, 0x01, 0xE3, 0xC0,
    0xF0, 0xF0, 0x3C, 0x3C, 0x1F, 0x0F, 0x07, 0x83, 0xC1, 0xE0, 0xF0, 0xF0, 0x3C, 0x3C, 0x0F, 0x1E,
    0x03, 0xFF, 0x80, 0xFF, 0xC0, 0x3F, 0xF8, 0x0F, 0x1E, 0x03, 0xC3, 0xC0, 0xF0, 0xF0, 0x3C, 0x1E,
    0x0F, 0x07, 0x83, 0xC0, 0xF0, 0xF0, 0x3C, 0x3C, 0x07, 0x0F, 0x01, 0xE3, 0xC0, 0x3F, 0xF0, 0x0F,
    0xC0, 0x00, 0xF0, 0x00, 0x3C, 0x00, 0x0F, 0x00, 0x03, 0xC0, 0x00, 0xF0, 0xE0, 0x1E, 0xE0, 0x3C,
    0xE0, 0x7C, 0xE0, 0x78, 0xE0, 0xF0, 0xE1, 0xF0, 0xE1, 0xE0, 0xE3, 0xC0, 0xFF, 0xC0, 0xFF, 0x80,
    0xFF, 0xC0, 0xE3, 0xE0, 0xE1, 0xE0, 0xE0, 0xF0, 0xE0, 0xF0, 0xE0, 0x78, 0xE0, 0x38, 0xE0, 0x3F,
    0xE0, 0x1F, 0x00, 0x07, 0x00, 0x07, 0x00, 0x07, 0x00, 0x07, 0x00, 0x07, 0x70, 0x1E, 0x38, 0x0F,
    0x1C, 0x07, 0x8E, 0x03, 0xC7, 0x01, 0xE3, 0x80, 0xF1, 0xC0, 0x78, 0xE0, 0x3C, 0x70, 0x1E, 0x38,
    0x0F, 0x1C, 0x07, 0x8F, 0xFF, 0xC7, 0xFF, 0xE3, 0xFF, 0xF1, 0xC0, 0x78, 0xE0, 0x3C, 0x70, 0x1E,
    0x38, 0x0F, 0x1C, 0x07, 0x8E, 0x03, 0xC7, 0x01, 0xE3, 0x80, 0xF1, 0xC0, 0x78, 0xE0, 0x3F, 0x70,
    0x1F, 0x80, 0x03, 0xC0, 0x01, 0xE0, 0x00, 0xF0, 0x00, 0x78, 0x00, 0x3C, 0xE0, 0x3C, 0xE0, 0x3C,
    0xE0, 0x3C, 0xE0, 0x3C, 0xE0, 0x3C, 0xE0, 0x3C, 0xE0, 0x3C, 0xE0, 0x3C, 0xFF, 0xFC, 0xFF, 0xFC,
    0xFF, 0xFC, 0xE0, 0x3C, 0xE0, 0x3C, 0xE0, 0x3C, 0xE0, 0x3C, 0xE0, 0x3C, 0xE0, 0x3C, 0xE0, 0x3F,
    0xE0, 0x3F, 0x00, 0x0F, 0x00, 0x0F, 0x00, 0x0F, 0x00, 0x0F, 0x00, 0x0F, 0xF0, 0x03, 0xFC, 0x00,
    0xE7, 0x80, 0x79, 0xE0, 0x1C, 0x3C, 0x0F, 0x0F, 0x03, 0x81, 0xE1, 0xE0, 0x78, 0x78, 0x0F, 0x3C,
    0x03, 0xCF, 0x00, 0x77, 0x80, 0x1F, 0xE0, 0x03, 0xF0, 0x00, 0xFC, 0x00, 0x3E, 0x00, 0x07, 0x80,
    0x01, 0xE0, 0x00, 0x78, 0x00, 0x1E, 0x00, 0x07, 0x80, 0x01, 0xE0, 0x00, 0x78, 0x00, 0x1E, 0x00,
    0x07, 0x80, 0x01, 0xE0, 0x00, 0x78, 0x07, 0xBC, 0x03, 0xDE, 0x01, 0xC7, 0x81, 0xE3, 0xC0, 0xF1,
    0xE0, 0x70, 0x78, 0x78, 0x3C, 0x3C, 0x0E, 0x1C, 0x07, 0x9E, 0x03, 0xCF, 0x00, 0xE7, 0x00, 0x7F,
    0x80, 0x3F, 0xC0, 0x0F, 0xC0, 0x07, 0xE0, 0x03, 0xF0, 0x00, 0xF0, 0x00, 0x78, 0x00, 0x3C, 0x00,
    0x1E, 0x00, 0x0F, 0x00, 0x07, 0x80, 0x03, 0xC0, 0x01, 0xE0, 0x00, 0xF0, 0x03, 0xFC, 0x00, 0xE7,
    0x80, 0x79, 0xE0, 0x1C, 0x3C, 0x0F, 0x0F, 0x03, 0xC1, 0xE1, 0xE0, 0x78, 0x78, 0x0E, 0x3C, 0x03,
    0xCF, 0x00, 0x73, 0x80, 0x1F, 0xE0, 0x07, 0xF0, 0x00, 0xFC, 0x00, 0x3E, 0x00, 0x07, 0x80, 0x1F,
    0xFE, 0x07, 0xFF, 0x81, 0xFF, 0xE0, 0x07, 0x80, 0x01, 0xE0, 0x00, 0x78, 0x00, 0x1E, 0x00, 0x07,
    0x80, 0x01, 0xE0, 0x00, 0x78, 0x07, 0xBC, 0x03, 0xDE, 0x01, 0xC7, 0x81, 0xE3, 0xC0, 0xF1, 0xE0,
    0x70, 0x78, 0x78, 0x3C, 0x3C, 0x1E, 0x1C, 0x07, 0x9E, 0x03, 0xCF, 0x00, 0xE7, 0x00, 0x7F, 0x80,
    0x3F, 0xC0, 0x0F, 0xC0, 0x07, 0xE0, 0x03, 0xF0, 0x00, 0xF0, 0x00, 0x78, 0x03, 0xFF, 0xC1, 0xFF,
    0xE0, 0xFF, 0xF0, 0x07, 0x80, 0x03, 0xC0, 0x01, 0xE0, 0x00, 0xE0, 0x1E, 0xE0, 0x1E, 0xE0, 0x1E,
    0xE0, 0x1E, 0xE0, 0x1E, 0xE0, 0x1E, 0xE0, 0x1E, 0xE0, 0x1E, 0xE0, 0x1E, 0xE0, 0x1E, 0xF0, 0x1E,
    0xF0, 0x1E, 0xFC, 0x1E, 0x7F, 0xFE, 0x3F, 0xFE, 0x0F, 0xFE, 0x00, 0x1E, 0x00, 0x1E, 0x00, 0x1E,
    0x00, 0x1E, 0x00, 0x1E, 0x00, 0x1E, 0x00, 0x1E, 0x00, 0x1F, 0x00, 0x1F, 0x00, 0x07, 0x00, 0x07,
    0x00, 0x07, 0x00, 0x07, 0x00, 0x07, 0xF0, 0x1E, 0xF0, 0x1E, 0xF0, 0x1E, 0xF0, 0x1E, 0xF0, 0x1E,
    0xF0, 0x1E, 0xF0, 0x1E, 0xF0, 0x1E, 0xF0, 0x1E, 0x7C, 0x1E, 0x7F, 0xFE, 0x3F, 0xFE, 0x0F, 0xFE,
    0x00, 0x1E, 0x00, 0x1E, 0x00, 0x1E, 0x00, 0x1E, 0x00, 0x1F, 0x00, 0x1F, 0x00, 0x07, 0x00, 0x07,
    0x00, 0x07, 0x00, 0x07, 0x00, 0x07, 0xE0, 0x01, 0xC0, 0x03, 0x80, 0x07, 0x00, 0x0E, 0x00, 0x1C,
    0x00, 0x38, 0x00, 0x70, 0x00, 0xE0, 0x01, 0xFF, 0xC3, 0xFF, 0xE7, 0xFF, 0xEE, 0x0F, 0xDC, 0x07,
    0xB8, 0x07, 0xF0, 0x0F, 0xE0, 0x1F, 0xC0, 0x3F, 0x80, 0x7F, 0x00, 0xFE, 0x01, 0xFC, 0x03, 0xF8,
    0x07, 0xF0, 0x0F, 0xE0, 0x1E, 0xF0, 0x01, 0xE0, 0x03, 0xC0, 0x07, 0x80, 0x0F, 0x00, 0x1E, 0x00,
    0x3C, 0x00, 0x7F, 0xF8, 0xFF, 0xF9, 0xFF, 0xFB, 0xC0, 0xF7, 0x80, 0xEF, 0x01, 0xFE, 0x03, 0xFC,
    0x07, 0xF8, 0x0F, 0xF0, 0x1F, 0xE0, 0x3F, 0xC0, 0x78, 0x0F, 0xF0, 0x3F, 0xF0, 0xFF, 0xF3, 0xE1,
    0xE7, 0x81, 0xEE, 0x03, 0xFC, 0x07, 0x80, 0x0F, 0x00, 0x1E, 0x00, 0x3C, 0x00, 0x7F, 0xFF, 0xFF,
    0xFF, 0xFF, 0xFF, 0xFC, 0x07, 0xF8, 0x0F, 0xF0, 0x1F, 0xE0, 0x3F, 0xC0, 0x7B, 0x80, 0xF7, 0x81,
    0xEF, 0x87, 0x8F, 0xFF, 0x0F, 0xFC, 0x0F, 0xF0, 0x0F, 0xF0, 0x3F, 0xF8, 0x7F, 0xFC, 0x7C, 0x3E,
    0x70, 0x1E, 0x00, 0x0E, 0x00, 0x0E, 0x00, 0x0E, 0xFF, 0xFE, 0xFF, 0xFE, 0xFF, 0xFE, 0xF0, 0x0E,
    0xF0, 0x0E, 0x70, 0x0E, 0x78, 0x1E, 0x7C, 0x3E, 0x3F, 0xFC, 0x1F, 0xF8, 0x0F, 0xF0, 0x0F, 0x0E,
    0x00, 0xF9, 0xF0, 0x0F, 0x9F, 0x00, 0xF0, 0xE0, 0x00, 0x00, 0x00, 0x00, 0x00, 0x00, 0x00, 0x0F,
    0x0F, 0x0E, 0x70, 0xF1, 0xE7, 0x8F, 0x1E, 0x78, 0xF1, 0xC3, 0x8F, 0x3C, 0x3C, 0xF3, 0xC3, 0xCF,
    0x38, 0x1C, 0xF7, 0x81, 0xEF, 0x78, 0x1E, 0xF7, 0x00, 0xEF, 0x70, 0x0F, 0xFF, 0x00, 0xFF, 0xF0,
    0x0F, 0xFF, 0x01, 0xEF, 0x70, 0x1E, 0xF7, 0x81, 0xCF, 0x78, 0x3C, 0xF3, 0x83, 0xCF, 0x3C, 0x38,
    0xF3, 0xC7, 0x8F, 0x1C, 0x78, 0xF1, 0xE7, 0x0F, 0x1E, 0xF0, 0xF0, 0xEF, 0x0F, 0x0F, 0x0F, 0x0E,
    0x00, 0xF9, 0xF0, 0x0F, 0x9F, 0x00, 0xF0, 0xE0, 0x00, 0x00, 0x00, 0x00, 0x00, 0x00, 0x00, 0x07,
    0x0F, 0x0E, 0x78, 0xF1, 0xE7, 0x8F, 0x1C, 0x38, 0xF3, 0xC3, 0xCF, 0x3C, 0x1C, 0xF7, 0x81, 0xEF,
    0x78, 0x1E, 0xF7, 0x00, 0xFF, 0xF0, 0x0F, 0xFF, 0x00, 0xFF, 0xF0, 0x1E, 0xF7, 0x81, 0xEF, 0x78,
    0x3C, 0xF3, 0x83, 0xCF, 0x3C, 0x38, 0xF1, 0xC7, 0x8F, 0x1E, 0x70, 0xF1, 0xEF, 0x0F, 0x0E, 0x1E,
    0x1C, 0x0F, 0x9F, 0x07, 0xCF, 0x83, 0xC3, 0x80, 0x00, 0x00, 0x00, 0x00, 0x00, 0x00, 0x0F, 0xF0,
    0x1F, 0xFC, 0x1F, 0xFF, 0x0F, 0x87, 0xCF, 0x01, 0xE7, 0x80, 0xF3, 0xC0, 0x78, 0x00, 0x3C, 0x00,
    0x1E, 0x00, 0x1E, 0x03, 0xFE, 0x01, 0xFE, 0x00, 0xFF, 0xC0, 0x03, 0xF0, 0x00, 0x78, 0x00, 0x1E,
    0x00, 0x0F, 0x60, 0x07, 0xF8, 0x03, 0xDC, 0x01, 0xEF, 0x01, 0xF7, 0xC1, 0xF1, 0xFF, 0xF0, 0x7F,
    0xF0, 0x0F, 0xF0, 0x3C, 0x38, 0x3E, 0x7C, 0x3E, 0x7C, 0x3C, 0x38, 0x00, 0x00, 0x00, 0x00, 0x00,
    0x00, 0x1F, 0xF8, 0x3F, 0xFC, 0x7F, 0xFE, 0x78, 0x3E, 0xF0, 0x1E, 0x00, 0x1E, 0x00, 0x1E, 0x00,
    0x7C, 0x0F, 0xF8, 0x0F, 0xFC, 0x0F, 0xFE, 0x00, 0x3E, 0x00, 0x0F, 0xE0, 0x0F, 0xF0, 0x0F, 0xF8,
    0x1E, 0x7F, 0xFE, 0x7F, 0xFC, 0x1F, 0xF8, 0x3C, 0x38, 0x7C, 0xF8, 0xF9, 0xF1, 0xE1, 0xC0, 0x00,
    0x00, 0x00, 0x00, 0x00, 0x38, 0x1F, 0x70, 0x3E, 0xE0, 0x7D, 0xC1, 0xFB, 0x83, 0xF7, 0x07, 0xEE,
    0x1F, 0xDC, 0x3B, 0xB8, 0x77, 0x71, 0xEE, 0xE3, 0x9D, 0xC7, 0x3B, 0x9E, 0x77, 0x38, 0xEE, 0x71,
    0xDD, 0xE3, 0xBB, 0x87, 0x77, 0x0E, 0xFE, 0x1D, 0xF8, 0x3B, 0xF0, 0x77, 0xE0, 0xEF, 0x81, 0xDF,
    0x03, 0xBC, 0x07, 0x78, 0x71, 0xF3, 0xE7, 0xCF, 0x9E, 0x1C, 0x00, 0x00, 0x00, 0x00, 0x00, 0x38,
    0x1F, 0xE0, 0x7F, 0x83, 0xFE, 0x0F, 0xF8, 0x3F, 0xE1, 0xFF, 0x87, 0x7E, 0x3D, 0xF8, 0xE7, 0xE7,
    0x9F, 0x9C, 0x7E, 0xF1, 0xFB, 0x87, 0xFE, 0x1F, 0xF0, 0x7F, 0xC1, 0xFE, 0x07, 0xF8, 0x1F, 0xC0,
    0x70, 0x3C, 0x38, 0x7C, 0xF8, 0xF9, 0xF1, 0xE1, 0xC0, 0x00, 0x00, 0x00, 0x00, 0x00, 0x07, 0xF8,
    0x1F, 0xF8, 0x7F, 0xF9, 0xF0, 0xF3, 0xC0, 0xF7, 0x01, 0xEE, 0x01, 0xDC, 0x03, 0xB8, 0x07, 0x70,
    0x0E, 0xE0, 0x1D, 0xC0, 0x3B, 0x80, 0x77, 0x00, 0xEE, 0x01, 0xDC, 0x03, 0xB8, 0x07, 0x70, 0x0E,
    0xE0, 0x1D, 0xC0, 0x7B, 0xC0, 0xF7, 0xC3, 0xC7, 0xFF, 0x87, 0xFE, 0x07, 0xF8, 0x3C, 0x38, 0x3E,
    0x7C, 0x3E, 0x7C, 0x3C, 0x38, 0x00, 0x00, 0x00, 0x00, 0x00, 0x00, 0x0F, 0xF0, 0x1F, 0xF8, 0x3F,
    0xFC, 0x7C, 0x3E, 0x78, 0x1E, 0x70, 0x1E, 0xF0, 0x0E, 0xF0, 0x0E, 0xF0, 0x0E, 0xF0, 0x0E, 0xF0,
    0x0E, 0xF0, 0x0E, 0xF0, 0x0E, 0x70, 0x1E, 0x78, 0x1E, 0x7C, 0x3E, 0x3F, 0xFC, 0x1F, 0xF8, 0x0F,
    0xF0, 0x0F, 0xF0, 0x3F, 0xF0, 0xFF, 0xF3, 0xE1, 0xE7, 0x81, 0xEE, 0x03, 0xDC, 0x07, 0xB8, 0x07,
    0x70, 0x0E, 0xE0, 0x1D, 0xFF, 0xFB, 0xFF, 0xF7, 0xFF, 0xEE, 0x01, 0xDC, 0x03, 0xB8, 0x07, 0x70,
    0x0E, 0xE0, 0x1D, 0xC0, 0x7B, 0xC0, 0xF7, 0x81, 0xEF, 0x87, 0x8F, 0xFF, 0x0F, 0xFC, 0x0F, 0xF0,
    0x0F, 0xF0, 0x3F, 0xF0, 0xFF, 0xF3, 0xE1, 0xE7, 0x81, 0xEE, 0x03, 0xDC, 0x03, 0xB8, 0x07, 0x7F,
    0xFE, 0xFF, 0xFD, 0xFF, 0xFB, 0x80, 0x77, 0x00, 0xEE, 0x03, 0xDE, 0x07, 0xBE, 0x1E, 0x3F, 0xFC,
    0x3F, 0xF0, 0x3F, 0xC0, 0x3C, 0x38, 0x7C, 0xF8, 0xF9, 0xF1, 0xE1, 0xC0, 0x00, 0x00, 0x00, 0x00,
    0x00, 0x78, 0x0F, 0xF0, 0x1F, 0xE0, 0x3F, 0xC0, 0x7F, 0x80, 0xFF, 0x01, 0xFE, 0x03, 0xFC, 0x07,
    0xF8, 0x0F, 0xF0, 0x1F, 0xE0, 0x3F, 0xC0, 0x7B, 0xE0, 0xF7, 0xFF, 0xE7, 0xFF, 0xC3, 0xFF, 0x80,
    0x0F, 0x00, 0x1E, 0x00, 0x3C, 0x00, 0x78, 0x00, 0xF0, 0x01, 0xE0, 0x03, 0xC0, 0x07, 0x80, 0x0F,
    0x3C, 0x38, 0x7C, 0xF8, 0xF9, 0xF1, 0xE1, 0xC0, 0x00, 0x00, 0x00, 0x00, 0x00, 0x78, 0x0F, 0xF0,
    0x1F, 0xE0, 0x3F, 0xC0, 0x7F, 0x80, 0xFF, 0x01, 0xFE, 0x03, 0xFC, 0x07, 0xF8, 0x0F, 0x7C, 0x1E,
    0xFF, 0xFC, 0xFF, 0xF8, 0x7F, 0xF0, 0x01, 0xE0, 0x03, 0xC0, 0x07, 0x80, 0x0F, 0x00, 0x1E, 0x00,
    0x3C, 0xFF, 0xFF, 0xFF, 0xFF, 0xF0, 0xFF, 0xFE, 0xFF, 0xFF, 0xFF, 0xFF, 0xFF, 0xFF, 0xFF, 0xFF,
    0xFF, 0xFF, 0xFF, 0xF0, 0xE0, 0xFE, 0x0F, 0xE0, 0xFE, 0x0F, 0xE0, 0xFE, 0x0F, 0xE0, 0xFE, 0x0F,
    0xE0, 0xFE, 0x0F, 0xE0, 0xFE, 0x0F, 0xE0, 0xFE, 0x0F, 0xE0, 0xFE, 0x0F, 0xE0, 0xFE, 0x0F, 0xE0,
    0xFE, 0x0F, 0xE0, 0xFE, 0x0F, 0xE0, 0xFE, 0x0F, 0xE0, 0xFE, 0x0F, 0xE0, 0xFE, 0x0F, 0xE0, 0xFE,
    0x0F, 0xE0, 0xFE, 0x0F, 0x1E, 0x78, 0xF3, 0xC7, 0x8F, 0x1C, 0x3C, 0x78, 0x78, 0x78, 0xF3, 0xCF,
    0x3C, 0xF7, 0xDE, 0x7B, 0xC0, 0x78, 0xF3, 0xCF, 0x3C, 0xF7, 0xDE, 0x7B, 0xC0, 0x3C, 0xF1, 0xE3,
    0x87, 0x8F, 0x1E, 0x1E, 0x3C, 0x3C, 0x3C, 0x78, 0xF1, 0xE7, 0x8F, 0x9E, 0x3C, 0xF0, 0xF3, 0xC7,
    0x8F, 0x1E, 0x3C, 0x78, 0x78, 0xF1, 0xE3, 0xE0, 0x78, 0xF8, 0xF1, 0xE3, 0xC3, 0xC7, 0x0F, 0x3C,
    0x3C, 0xF1, 0xE3, 0xC7, 0x9E, 0x3E, 0x78, 0xF3, 0xC3, 0xC0, 0x78, 0x78, 0x78, 0x78, 0xF0, 0xF0,
    0xE0, 0xE3, 0xC3, 0xC7, 0x87, 0x8F, 0x0F, 0x3C, 0x3C, 0x78, 0x79, 0xE1, 0xE0, 0x78, 0xF9, 0xE3,
    0xCF, 0x1E, 0x3C, 0x78, 0xF1, 0xE3, 0xC3, 0xC7, 0x8F, 0x1E, 0x3E, 0x3C, 0x78, 0xF1, 0xE0, 0x03,
    0xC0, 0x03, 0xC0, 0x03, 0xC0, 0x03, 0xC0, 0x03, 0xC0, 0x03, 0xC0, 0x03, 0xC0, 0x03, 0xC0, 0xFF,
    0xFE, 0xFF, 0xFF, 0xFF, 0xFF, 0x03, 0xC0, 0x03, 0xC0, 0x03, 0xC0, 0x03, 0xC0, 0x03, 0xC0, 0x03,
    0xC0, 0x03, 0xC0, 0x03, 0xC0, 0x03, 0xC0, 0x03, 0xC0, 0x03, 0xC0, 0x03, 0xC0, 0x03, 0xC0, 0x03,
    0xC0, 0x03, 0xC0, 0x03, 0xC0, 0x03, 0xC0, 0x03, 0xC0, 0x03, 0xC0, 0x03, 0xC0, 0x03, 0xC0, 0x03,
    0xC0, 0x03, 0xC0, 0x03, 0xC0, 0x03, 0xC0, 0x03, 0xC0, 0x03, 0xC0, 0x03, 0xC0, 0x03, 0xC0, 0x03,
    0xC0, 0x03, 0xC0, 0xFF, 0xFF, 0xFF, 0xFF, 0xFF, 0xFE, 0x03, 0xC0, 0x03, 0xC0, 0x03, 0xC0, 0x03,
    0xC0, 0x03, 0xC0, 0x03, 0xC0, 0x03, 0xC0, 0x03, 0xC0, 0x03, 0xC0, 0xFF, 0xFE, 0xFF, 0xFF, 0xFF,
    0xFF, 0x03, 0xC0, 0x03, 0xC0, 0x03, 0xC0, 0x03, 0xC0, 0x03, 0xC0, 0x03, 0xC0, 0x03, 0xC0, 0x03,
    0xC0, 0x03, 0xC0, 0x3F, 0x3F, 0x9F, 0xEF, 0xF7, 0xFB, 0xFD, 0xFC, 0x7E, 0x7B, 0xFF, 0xFF, 0x78,
    0x71, 0xC3, 0xBC, 0xF3, 0xDE, 0x79, 0xEF, 0x3C, 0xF7, 0x9E, 0x7B, 0x8E, 0x1C, 0x3F, 0x01, 0xC1,
    0xFE, 0x0E, 0x07, 0x38, 0x70, 0x1C, 0x61, 0xC0, 0x71, 0x8E, 0x01, 0xC6, 0x38, 0x07, 0x19, 0xC0,
    0x1C, 0xE7, 0x00, 0x7F, 0xB8, 0x00, 0xFD, 0xC0, 0x00, 0x07, 0x00, 0x00, 0x38, 0x00, 0x00, 0xE0,
    0x00, 0x07, 0x00, 0x00, 0x3C, 0x00, 0x00, 0xEF, 0x3C, 0x07, 0x7F, 0xF8, 0x1D, 0xDE, 0xF0, 0xE6,
    0x39, 0xC3, 0xB8, 0xE7, 0x1C, 0xE3, 0x9C, 0xE3, 0x8E, 0x73, 0x87, 0x79, 0xDC, 0x1F, 0xFE, 0x70,
    0x3E, 0xF8, 0x3E, 0x78, 0xF1, 0xE3, 0xCF, 0x1E, 0x3C, 0x78, 0xE0, 0x3C, 0x7C, 0xF1, 0xE7, 0xC7,
    0x9E, 0x1E, 0x78, 0x79, 0xE3, 0xC7, 0x8F, 0x1C, 0x3C, 0xF0, 0xF3, 0xC3, 0xC0, 0x3C, 0x79, 0xE3,
    0xCF, 0x9E, 0x3C, 0xF1, 0xE7, 0xCF, 0x1E, 0x78, 0xF3, 0xC7, 0x8F, 0x3C, 0x79, 0xE3, 0xC7, 0x9E,
    0x3C, 0x71, 0xE3, 0xCF, 0x1E, 0x78, 0x01, 0xE0, 0x78, 0x1E, 0x07, 0x81, 0xF0, 0x3C, 0x0F, 0x03,
    0xC0, 0x78, 0x07, 0x80, 0xF8, 0x0F, 0x80, 0xF0, 0x0F, 0x00, 0xF0, 0x0F, 0x78, 0x07, 0x80, 0xF8,
    0x0F, 0x80, 0xF0, 0x0F, 0x00, 0xF0, 0x0F, 0x01, 0xE0, 0x78, 0x1E, 0x07, 0xC1, 0xF0, 0x3C, 0x0F,
    0x03, 0xC0, 0x78, 0x79, 0xE1, 0xE7, 0x87, 0x9E, 0x1E, 0x78, 0x79, 0xE1, 0xE7, 0x87, 0x9E, 0x1E,
    0x78, 0x79, 0xE1, 0xE7, 0x87, 0x9E, 0x1E, 0x78, 0x79, 0xE1, 0xE7, 0x87, 0x9E, 0x1E, 0x78, 0x78,
    0x00, 0x00, 0x00, 0x00, 0x00, 0x00, 0x01, 0xE1, 0xEF, 0xCF, 0xFF, 0x3F, 0x78, 0x78, 0xFF, 0x07,
    0xFE, 0x3F, 0xF8, 0x03, 0xE0, 0x0F, 0x00, 0x38, 0x71, 0xC3, 0x8F, 0x1C, 0x70, 0xE7, 0x87, 0x7C,
    0x3F, 0xC1, 0xFE, 0x0F, 0xC0, 0x78, 0x03, 0x80, 0x1C, 0x00, 0xE0, 0x00, 0x00, 0x00, 0x00, 0x00,
    0x1F, 0x00, 0xF8, 0x07, 0xC0, 0x3E, 0x00, 0xFF, 0xFF, 0xFB, 0xFF, 0xFF, 0xFF, 0xFF, 0xFF, 0xC0,
    0xF0, 0x00, 0xFF, 0x00, 0x0F, 0xF8, 0x01, 0xE7, 0xFF, 0xFE, 0x7F, 0xFF, 0xC1, 0xFF, 0xF8, 0x00,
    0x00, 0xF0, 0x00, 0x1E, 0x00, 0x01, 0xC0, 0x00, 0x3C, 0x00, 0x07, 0x80, 0x00, 0x70, 0x00, 0x0F,
    0x00, 0x01, 0xE0, 0x00, 0x1C, 0x00, 0x03, 0xC0, 0x00, 0x78, 0x00, 0x07, 0x00, 0x00, 0xF0, 0x00,
    0x1E, 0x00, 0x01, 0xC0, 0x00, 0x3C, 0x00, 0x07, 0x80, 0x00, 0x70, 0x00, 0x0F, 0x00, 0x01, 0xE0,
    0x00, 0x1C, 0x00, 0x03, 0xC0, 0x00, 0x78, 0x00, 0x07, 0x00, 0x00, 0xF0, 0x00, 0x00, 0xFF, 0xFF,
    0xFF, 0xFE, 0x0F, 0x07, 0x83, 0xC1, 0xE0, 0xF0, 0x78, 0x3C, 0x1E, 0x0F, 0x07, 0x83, 0xFF, 0xFF,
    0xFF, 0xF8, 0x3C, 0x1E, 0x0F, 0x07, 0x83, 0xC1, 0xE0, 0xF0, 0x78, 0x3C, 0x1E, 0x0F, 0x07, 0xFF,
    0xFF, 0xFF, 0x7F, 0x9F, 0xE7, 0xF8, 0x0E, 0x03, 0x80, 0xE0, 0x38, 0x0E, 0x03, 0x80, 0xE0, 0x38,
    0x0E, 0x03, 0x80, 0xE7, 0xF9, 0xFE, 0x7F, 0x80, 0xE0, 0x38, 0x0E, 0x03, 0x80, 0xE0, 0x38, 0x0E,
    0x03, 0x80, 0xE0, 0x38, 0x0E, 0x03, 0x9F, 0xE7, 0xF9, 0xFE, 0x1F, 0x87, 0xFC, 0x7F, 0xEF, 0x0E,
    0xE0, 0xFE, 0x07, 0xE0, 0x7E, 0x07, 0xE0, 0x7E, 0x0F, 0xF0, 0xE7, 0xFE, 0x7F, 0xC1, 0xF8, 0x03,
    0x80, 0xE0, 0x3C, 0x0F, 0x03, 0xC0, 0x71, 0xDC, 0x3F, 0x87, 0xFF, 0xFF, 0xFC, 0x03, 0x80, 0x70,
    0x0E, 0x01, 0xC0, 0x7F, 0xE7, 0xFE, 0x70, 0x07, 0x00, 0x7F, 0x87, 0xFC, 0x03, 0xE0, 0x0E, 0x00,
    0xFE, 0x0F, 0xF0, 0xE7, 0xFE, 0x3F, 0xC1, 0xF8, 0x07, 0x00, 0xF0, 0x0E, 0x01, 0xC0, 0x3F, 0x83,
    0xFC, 0x79, 0xEF, 0x0F, 0xE0, 0x7E, 0x07, 0xF0, 0xF7, 0xFE, 0x7F, 0xC3, 0xF8, 0x7F, 0xF7, 0xFF,
    0x70, 0xF7, 0x0E, 0x61, 0xE0, 0x1C, 0x03, 0xC0, 0x38, 0x07, 0x80, 0x70, 0x0F, 0x00, 0xE0, 0x1E,
    0x01, 0xC0, 0x3F, 0xC7, 0xFE, 0x7F, 0xE7, 0x0E, 0x79, 0xE3, 0xFC, 0x3F, 0xC7, 0xFE, 0xE0, 0xFE,
    0x07, 0xE0, 0xF7, 0xFE, 0x7F, 0xE3, 0xF8, 0x1F, 0x87, 0xFC, 0x7F, 0xEF, 0x0E, 0xE0, 0xFF, 0x0F,
    0x7F, 0xE7, 0xFE, 0x3F, 0xC0, 0x3C, 0x07, 0x80, 0x70, 0x0F, 0x00, 0xE0, 0x1E, 0x07, 0x81, 0xE3,
    0xFF, 0xFF, 0xC7, 0x81, 0xE0, 0x78, 0x1E, 0x00, 0x7F, 0xEF, 0xFC, 0x00, 0x00, 0x00, 0x00, 0xFF,
    0xDF, 0xF8, 0x1F, 0x87, 0xFC, 0x7F, 0xEF, 0x0E, 0xE0, 0xFE, 0x07, 0xE0, 0x7E, 0x07, 0xE0, 0x7E,
    0x0F, 0xF0, 0xE7, 0xFE, 0x7F, 0xC1, 0xF8, 0x1F, 0x03, 0xF0, 0x7F, 0x06, 0x70, 0x47, 0x00, 0x70,
    0x07, 0x00, 0x70, 0x07, 0x00, 0x70, 0x07, 0x07, 0xFE, 0x7F, 0xF7, 0xFF, 0x1F, 0x83, 0xFC, 0x7F,
    0xE7, 0x0E, 0x60, 0xE0, 0x0E, 0x01, 0xE0, 0x3C, 0x0F, 0x81, 0xE0, 0x3C, 0x07, 0x80, 0x7F, 0xE7,
    0xFE, 0x7F, 0xE7, 0xFE, 0x01, 0xE0, 0x3C, 0x0F, 0x00, 0xF8, 0x0F, 0xE0, 0x1E, 0x00, 0xFE, 0x0F,
    0xF0, 0xE7, 0xFE, 0x7F, 0xC1, 0xF8, 0x03, 0x80, 0xE0, 0x3C, 0x0F, 0x03, 0xC0, 0x71, 0xDC, 0x3F,
    0x87, 0xFF, 0xFF, 0xFC, 0x03, 0x80, 0x70, 0x0E, 0x01, 0xC0, 0x7F, 0xE7, 0xFE, 0x70, 0x07, 0x00,
    0x7F, 0x87, 0xFC, 0x03, 0xE0, 0x0E, 0x00, 0xFE, 0x0F, 0xF0, 0xE7, 0xFE, 0x3F, 0xC1, 0xF8, 0x07,
    0x00, 0xF0, 0x0E, 0x01, 0xC0, 0x3F, 0x83, 0xFC, 0x79, 0xEF, 0x0F, 0xE0, 0x7E, 0x07, 0xF0, 0xF7,
    0xFE, 0x7F, 0xC3, 0xF8, 0x7F, 0xF7, 0xFF, 0x70, 0xF7, 0x0E, 0x61, 0xE0, 0x1C, 0x03, 0xC0, 0x38,
    0x07, 0x80, 0x70, 0x0F, 0x00, 0xE0, 0x1E, 0x01, 0xC0, 0x3F, 0xC7, 0xFE, 0x7F, 0xE7, 0x0E, 0x79,
    0xE3, 0xFC, 0x3F, 0xC7, 0xFE, 0xE0, 0xFE, 0x07, 0xE0, 0xF7, 0xFE, 0x7F, 0xE3, 0xF8, 0x1F, 0x87,
    0xFC, 0x7F, 0xEF, 0x0E, 0xE0, 0xFF, 0x0F, 0x7F, 0xE7, 0xFE, 0x3F, 0xC0, 0x3C, 0x07, 0x80, 0x70,
    0x0F, 0x00, 0xE0, 0x00, 0x1E, 0x00, 0x07, 0x80, 0x01, 0xE0, 0x03, 0xFF, 0x00, 0xFF, 0xC0, 0x3F,
    0xF0, 0x01, 0xE0, 0x00, 0x78, 0x0F, 0xDE, 0x0F, 0xFF, 0x83, 0xFF, 0xE1, 0xF0, 0xF8, 0x78, 0x1E,
    0x1E, 0x07, 0x87, 0x01, 0xE1, 0xC0, 0x78, 0x70, 0x1E, 0x1C, 0x07, 0x87, 0x81, 0xE1, 0xE0, 0xF8,
    0x7E, 0x7E, 0x0F, 0xFF, 0x81, 0xFF, 0xE0, 0x3E, 0x00, 0x00, 0x00, 0x1F, 0xFF, 0x87, 0xFF, 0xE1,
    0xFF, 0xF8, 0x03, 0xFC, 0x01, 0xFF, 0x80, 0xFF, 0xF0, 0x7C, 0x3E, 0x1E, 0x07, 0x87, 0x80, 0xE1,
    0xC0, 0x38, 0x70, 0x00, 0xFF, 0xF0, 0x3F, 0xFC, 0x0F, 0xFF, 0x00, 0x70, 0x00, 0x1C, 0x00, 0x07,
    0x00, 0x0F, 0xFF, 0x03, 0xFF, 0xC0, 0xFF, 0xF0, 0x07, 0x00, 0x01, 0xC0, 0x3C, 0x78, 0x0E, 0x1E,
    0x07, 0x87, 0xC3, 0xE0, 0xFF, 0xF0, 0x1F, 0xF8, 0x03, 0xFC, 0x00, 0xFF, 0xFF, 0xFF, 0xFF, 0xFF,
    0xFF, 0xFC, 0x07, 0x80, 0x01, 0xE0, 0x00, 0x78, 0x00, 0x1E, 0x00, 0x07, 0x80, 0x01, 0xE7, 0x80,
    0x7F, 0xE0, 0x7F, 0xF0, 0xFF, 0xF0, 0x7F, 0xE0, 0x1F, 0xF8, 0x06, 0x1E, 0xF8, 0x07, 0xFE, 0x07,
    0xFF, 0x0F, 0xFE, 0x07, 0xFE, 0x01, 0xF7, 0x80, 0x61, 0xE0, 0x00, 0x78, 0x00, 0x1E, 0x00, 0x07,
    0x80, 0x01, 0xE0, 0x00, 0x07, 0xF8, 0x03, 0xFF, 0x81, 0xFF, 0xE0, 0xF8, 0x7C, 0x3C, 0x0F, 0x0F,
    0x03, 0xC0, 0x01, 0xE0, 0x00, 0xF8, 0xFF, 0xFF, 0xBF, 0xFF, 0xFF, 0xFF, 0xFC, 0x00, 0x00, 0x00,
    0x00, 0x3F, 0xFF, 0xEF, 0xFF, 0xFF, 0xFF, 0xFF, 0x1E, 0x00, 0x0F, 0x00, 0x03, 0xC0, 0xF0, 0xE0,
    0x3C, 0x3C, 0x0F, 0x0F, 0x87, 0x81, 0xFF, 0xE0, 0x7F, 0xF0, 0x07, 0xF0, 0x00, 0x1F, 0xFE, 0x03,
    0xFF, 0xE0, 0x7F, 0xFE, 0x0F, 0x03, 0xE1, 0xE0, 0x3C, 0x3C, 0x07, 0x87, 0x80, 0x70, 0xF0, 0x0E,
    0x1E, 0x03, 0xC3, 0xC0, 0x78, 0x78, 0x1F, 0x3F, 0xFF, 0xC7, 0xFF, 0xF0, 0xFF, 0xFC, 0x07, 0x80,
    0x00, 0xF0, 0x00, 0x1E, 0x00, 0x0F, 0xFF, 0xC1, 0xFF, 0xF8, 0x3F, 0xFF, 0x01, 0xE0, 0x00, 0x3C,
    0x00, 0x07, 0x80, 0x00, 0xF0, 0x00, 0x1E, 0x00, 0x00, 0x19, 0x80, 0x33, 0x80, 0x67, 0x00, 0xCE,
    0x01, 0x9C, 0x1F, 0xFC, 0x3F, 0xFC, 0x7F, 0xFC, 0xE0, 0x7D, 0xC0, 0x7B, 0x80, 0xF7, 0x00, 0xEE,
    0x01, 0xDC, 0x07, 0xB8, 0x0F, 0x70, 0x7C, 0xFF, 0xF1, 0xFF, 0xE3, 0xFF, 0xE7, 0x03, 0xEE, 0x03,
    0xDC, 0x03, 0xF8, 0x07, 0xF0, 0x0F, 0xE0, 0x1F, 0xC0, 0x7F, 0x81, 0xF7, 0xFF, 0xEF, 0xFF, 0x9F,
    0xFC, 0x06, 0x70, 0x0C, 0xE0, 0x19, 0xC0, 0x33, 0x80, 0x66, 0x00, 0x01, 0xE0, 0x00, 0x3E, 0x00,
    0x03, 0xC0, 0x00, 0x78, 0x00, 0x0F, 0x00, 0x01, 0xE0, 0x00, 0x3E, 0x00, 0x03, 0xC0, 0x00, 0x7F,
    0xFF, 0xEF, 0xFF, 0xFF, 0x7F, 0xFF, 0xF7, 0xC0, 0x00, 0x3C, 0x00, 0x01, 0xE0, 0x00, 0x0F, 0x00,
    0x00, 0xF8, 0x00, 0x07, 0xC0, 0x00, 0x3C, 0x00, 0x01, 0xE0, 0x00, 0x00, 0x80, 0x00, 0x70, 0x00,
    0x3F, 0x00, 0x1F, 0xE0, 0x0F, 0xFC, 0x07, 0xFF, 0x83, 0xFF, 0xF3, 0xE7, 0xBE, 0xF1, 0xE3, 0xF8,
    0x78, 0x7C, 0x1E, 0x0E, 0x07, 0x81, 0x01, 0xE0, 0x00, 0x78, 0x00, 0x1E, 0x00, 0x07, 0x80, 0x01,
    0xE0, 0x00, 0x78, 0x00, 0x1E, 0x00, 0x07, 0x80, 0x01, 0xE0, 0x00, 0x78, 0x00, 0x1E, 0x00, 0x07,
    0x80, 0x01, 0xE0, 0x00, 0x00, 0x78, 0x00, 0x07, 0x80, 0x00, 0x3C, 0x00, 0x01, 0xE0, 0x00, 0x0F,
    0x00, 0x00, 0xF8, 0x00, 0x07, 0x80, 0x00, 0x3C, 0xFF, 0xFF, 0xEF, 0xFF, 0xFF, 0xFF, 0xFF, 0xE0,
    0x00, 0x3C, 0x00, 0x07, 0xC0, 0x00, 0x78, 0x00, 0x0F, 0x00, 0x01, 0xE0, 0x00, 0x3E, 0x00, 0x07,
    0xC0, 0x00, 0x78, 0x00, 0x01, 0xE0, 0x00, 0x78, 0x00, 0x1E, 0x00, 0x07, 0x80, 0x01, 0xE0, 0x00,
    0x78, 0x00, 0x1E, 0x00, 0x07, 0x80, 0x01, 0xE0, 0x00, 0x78, 0x00, 0x1E, 0x00, 0x07, 0x80, 0x01,
    0xE0, 0x20, 0x78, 0x1C, 0x1E, 0x0F, 0x87, 0x87, 0xF1, 0xE3, 0xFE, 0x7B, 0xE3, 0xFF, 0xF0, 0x7F,
    0xF8, 0x0F, 0xFC, 0x01, 0xFE, 0x00, 0x3F, 0x00, 0x07, 0x00, 0x00, 0x80, 0x00, 0x01, 0xE1, 0xE0,
    0x00, 0xF8, 0x78, 0x00, 0x3C, 0x0F, 0x00, 0x1E, 0x01, 0xE0, 0x0F, 0x00, 0x3C, 0x07, 0x80, 0x0F,
    0x83, 0xE0, 0x01, 0xE0, 0xF0, 0x00, 0x3C, 0x7F, 0xFF, 0xFF, 0xBF, 0xFF, 0xFF, 0xF7, 0xFF, 0xFF,
    0xF9, 0xF0, 0x00, 0x3C, 0x3C, 0x00, 0x1F, 0x07, 0x80, 0x07, 0x80, 0xF0, 0x03, 0xC0, 0x3E, 0x01,
    0xE0, 0x07, 0xC0, 0xF8, 0x00, 0xF0, 0x7C, 0x00, 0x1E, 0x1E, 0x00, 0x00, 0xC0, 0x00, 0x78, 0x00,
    0x3F, 0x00, 0x1F, 0xE0, 0x0F, 0xFC, 0x0F, 0xFF, 0x87, 0xDE, 0xFB, 0xE7, 0x9F, 0xF1, 0xE3, 0xF8,
    0x78, 0x7C, 0x1E, 0x0C, 0x07, 0x80, 0x01, 0xE0, 0x00, 0x78, 0x00, 0x1E, 0x00, 0x07, 0x80, 0x01,
    0xE0, 0x00, 0x78, 0x00, 0x1E, 0x00, 0x07, 0x80, 0x01, 0xE0, 0x00, 0x78, 0x00, 0x1E, 0x00, 0x07,
    0x80, 0x01, 0xE0, 0x30, 0x78, 0x3E, 0x1E, 0x1F, 0xC7, 0x8F, 0xF9, 0xE7, 0xDF, 0x7B, 0xE3, 0xFF,
    0xE0, 0x3F, 0xF0, 0x07, 0xF8, 0x00, 0xFC, 0x00, 0x1E, 0x00, 0x03, 0x00, 0x7F, 0xFC, 0x1F, 0xFF,
    0x87, 0xFF, 0xF1, 0xF0, 0x00, 0x7E, 0x00, 0x1F, 0xC0, 0x07, 0x78, 0x01, 0xCF, 0x00, 0x71, 0xE0,
    0x1C, 0x3C, 0x07, 0x07, 0x81, 0xC0, 0xF0, 0x70, 0x1E, 0x1C, 0x03, 0xC3, 0x00, 0x78, 0x40, 0x0E,
    0x00, 0x01, 0x00, 0x1F, 0xFF, 0x9F, 0xFF, 0xDF, 0xFF, 0xE0, 0x03, 0xF0, 0x03, 0xF8, 0x03, 0xFC,
    0x03, 0xEE, 0x03, 0xE7, 0x03, 0xE3, 0x83, 0xE1, 0xC3, 0xE0, 0xE3, 0xE0, 0x73, 0xE0, 0x3B, 0xE0,
    0x1F, 0xE0, 0x0C, 0xE0, 0x04, 0x20, 0x00, 0x00, 0x00, 0x00, 0x38, 0x01, 0x3E, 0x00, 0xCF, 0x80,
    0x73, 0xE0, 0x38, 0xF8, 0x1C, 0x3E, 0x0E, 0x0F, 0x87, 0x03, 0xE3, 0x80, 0xF9, 0xC0, 0x3E, 0xE0,
    0x0F, 0xF0, 0x03, 0xF8, 0x00, 0xFC, 0xFF, 0xFE, 0x7F, 0xFF, 0x1F, 0xFF, 0x80, 0x00, 0x00, 0x04,
    0x00, 0xE3, 0x00, 0x79, 0xC0, 0x3E, 0x70, 0x1F, 0x1C, 0x0F, 0x87, 0x07, 0xC1, 0xC3, 0xE0, 0x71,
    0xF0, 0x1C, 0xF8, 0x07, 0x7C, 0x01, 0xFE, 0x00, 0x7F, 0x00, 0x1F, 0x80, 0x07, 0xFF, 0xF1, 0xFF,
    0xFC, 0x7F, 0xFE, 0x00, 0x00, 0x3F, 0xC0, 0x03, 0xFE, 0x00, 0x3F, 0xF0, 0x00, 0x3F, 0x3F, 0x07,
    0xF7, 0xF8, 0xFF, 0xFF, 0xDF, 0xFF, 0x7F, 0xEF, 0xE3, 0xFC, 0xFE, 0x1F, 0x8F, 0x0F, 0x0E, 0x01,
    0xE1, 0xE0, 0x3C, 0x3C, 0x03, 0xC7, 0x80, 0x78, 0xF0, 0x0F, 0xFF, 0xFF, 0xFF, 0xFF, 0xFF, 0xFF,
    0xFF, 0xF0, 0xF0, 0x07, 0x87, 0x80, 0x3C, 0x3C, 0x01, 0xE1, 0xE0, 0x0F, 0x0E, 0x00, 0x07, 0x0F,
    0x00, 0x78, 0xF0, 0x03, 0xC7, 0x80, 0x1E, 0x3C, 0x00, 0xF1, 0xEF, 0xFF, 0xFF, 0xFF, 0xFF, 0xFF,
    0xFF, 0xFF, 0x00, 0xF1, 0xE0, 0x1E, 0x3C, 0x03, 0xC7, 0x80, 0x78, 0xF8, 0x07, 0x0F, 0x00, 0x0F,
    0x00, 0xF1, 0xE0, 0x1E, 0x3C, 0x03, 0xC3, 0xC0, 0x78, 0x78, 0x0F, 0x8F, 0xFF, 0xF0, 0xFF, 0xFE,
    0x0F, 0xFF, 0xF0, 0xF0, 0x0F, 0x07, 0x80, 0x78, 0x3C, 0x03, 0xC1, 0xE0, 0x1E, 0x0F, 0x00, 0xE0,
    0xF0, 0x0F, 0x07, 0x80, 0xF0, 0x3C, 0x07, 0x83, 0xE0, 0x3C, 0x1F, 0x01, 0xE0, 0xFF, 0xFF, 0x07,
    0xFF, 0xF0, 0xFF, 0xFF, 0x1F, 0x01, 0xE3, 0xE0, 0x3C, 0x3C, 0x07, 0x87, 0x80, 0xF8, 0xF0, 0x0F,
    0x00, 0x07, 0x80, 0x3F, 0x03, 0xFE, 0x1F, 0xFE, 0xFF, 0xFB, 0xDE, 0xFE, 0x79, 0xF1, 0xE3, 0x07,
    0x80, 0x1E, 0x00, 0x78, 0x01, 0xE0, 0x07, 0x80, 0x1E, 0x00, 0x78, 0x3F, 0xFE, 0xFF, 0xFF, 0xFF,
    0xF0, 0xE0, 0x0F, 0x0E, 0x00, 0xF0, 0xE0, 0x07, 0x8E, 0x00, 0x3C, 0xE0, 0x01, 0xEF, 0xFF, 0xFF,
    0xFF, 0xFF, 0xFF, 0xFF, 0xFF, 0xE0, 0x01, 0xEE, 0x00, 0x3C, 0xE0, 0x07, 0x8E, 0x00, 0xF8, 0xE0,
    0x0F, 0x00, 0xFF, 0xFF, 0xFF, 0xFF, 0xFF, 0xC1, 0xE0, 0x07, 0x80, 0x1E, 0x00, 0x78, 0x01, 0xE0,
    0x07, 0x80, 0x1E, 0x00, 0x78, 0x31, 0xE3, 0xE7, 0x9F, 0xDF, 0xF7, 0xFF, 0x8F, 0xFC, 0x1F, 0xE0,
    0x3F, 0x00, 0x78, 0x00, 0x00, 0x3E, 0x00, 0x03, 0xF8, 0x00, 0x3F, 0xC0, 0x00, 0x7E, 0x00, 0x01,
    0xE0, 0x00, 0x0F, 0x00, 0x00, 0xF0, 0x78, 0x0F, 0x0F, 0x00, 0xF1, 0xE0, 0x0F, 0x3E, 0x01, 0xE3,
    0xC0, 0x7E, 0x7F, 0xFF, 0xCF, 0xFF, 0xF8, 0x7F, 0xFE, 0x07, 0x80, 0x00, 0x3C, 0x00, 0x01, 0xE0,
    0x00, 0x0F, 0x00, 0x00, 0xF0, 0x00, 0x07, 0x80, 0x00, 0x07, 0xC0, 0x01, 0xFC, 0x00, 0x3F, 0xC0,
    0x07, 0xC0, 0x00, 0x78, 0x00, 0x0F, 0x00, 0x00, 0xF0, 0x00, 0x0F, 0x01, 0xE0, 0xF0, 0x0F, 0x0F,
    0x00, 0xF8, 0x78, 0x07, 0x87, 0xC0, 0x3C, 0x3F, 0xFF, 0xE1, 0xFF, 0xFF, 0x07, 0xFF, 0xE0, 0x00,
    0x3C, 0x00, 0x03, 0xC0, 0x00, 0x78, 0x00, 0x0F, 0x00, 0x01, 0xE0, 0x00, 0x1E, 0x00, 0x0F, 0x0F,
    0x01, 0xE0, 0x78, 0x3D, 0xF3, 0xC7, 0xBF, 0x9E, 0xF7, 0xFC, 0xEF, 0xFB, 0xFF, 0xFF, 0x1F, 0xFF,
    0xE0, 0xFF, 0x78, 0x01, 0xE3, 0xC0, 0x3C, 0x1E, 0x07, 0x80, 0xF0, 0xF0, 0x80, 0x60, 0x38, 0x1E,
    0x0F, 0x86, 0xE3, 0x39, 0x8E, 0xC3, 0xE0, 0xF0, 0x18, 0x0C, 0x06, 0x03, 0x01, 0x80, 0xC0, 0x60,
    0x30, 0x18, 0x0C, 0x06, 0x03, 0x01, 0x80, 0xC0, 0x60, 0x30, 0x18, 0x0C, 0x06, 0x03, 0x01, 0x80,
    0xC0, 0x60, 0x00, 0x00, 0x07, 0x80, 0x00, 0x3C, 0x00, 0x01, 0xE0, 0x00, 0x1E, 0xFF, 0xFF, 0xFF,
    0xFF, 0xFF, 0xFF, 0xFF, 0xF0, 0x00, 0x1E, 0x00, 0x03, 0xC0, 0x00, 0x7C, 0x00, 0x07, 0x80, 0x00,
    0x7C, 0x00, 0x03, 0xC0, 0x00, 0x1E, 0xFF, 0xFF, 0xFF, 0xFF, 0xFF, 0xFF, 0xFF, 0xF0, 0x00, 0x1E,
    0x00, 0x01, 0xE0, 0x00, 0x3C, 0x00, 0x07, 0x80, 0x01, 0xE0, 0x00, 0x3C, 0x00, 0x07, 0x80, 0x00,
    0xF8, 0x00, 0x0F, 0xFF, 0xF1, 0xFF, 0xFF, 0x3F, 0xFF, 0xF7, 0xC0, 0x00, 0xF8, 0x00, 0x0F, 0x00,
    0x00, 0xF8, 0x00, 0x07, 0x80, 0x00, 0x3F, 0xFF, 0xF1, 0xFF, 0xFF, 0x1F, 0xFF, 0xF0, 0xF0, 0x00,
    0x07, 0x80, 0x00, 0x3C, 0x00, 0x03, 0xE0, 0x00, 0x1E, 0x00, 0x00, 0x84, 0x00, 0x06, 0x18, 0x00,
    0x38, 0x70, 0x01, 0xE1, 0xE0, 0x0F, 0x87, 0xC0, 0x76, 0x1B, 0x83, 0x98, 0x67, 0x1C, 0x61, 0x8E,
    0xE1, 0x86, 0x1B, 0x06, 0x18, 0x30, 0x18, 0x60, 0x00, 0x61, 0x80, 0x01, 0x86, 0x00, 0x06, 0x18,
    0x00, 0x18, 0x60, 0x00, 0x61, 0x80, 0x01, 0x86, 0x00, 0x06, 0x18, 0x00, 0x18, 0x60, 0x00, 0x61,
    0x80, 0x01, 0x86, 0x00, 0x06, 0x18, 0x00, 0x18, 0x60, 0x00, 0x61, 0x80, 0x01, 0x86, 0x00, 0x06,
    0x18, 0x00, 0x18, 0x60, 0x00, 0x61, 0x80, 0x01, 0x86, 0x00, 0x06, 0x18, 0x00, 0x18, 0x60, 0x00,
    0x61, 0x80, 0x01, 0x86, 0x00, 0x06, 0x18, 0x00, 0x00, 0x78, 0x00, 0x07, 0xC0, 0x00, 0x3E, 0x00,
    0x01, 0xE0, 0xFF, 0xFF, 0x0F, 0xFF, 0xF8, 0xFF, 0xFF, 0xC0, 0x00, 0x3E, 0x00, 0x01, 0xE0, 0x00,
    0x0F, 0x00, 0x01, 0xF0, 0x00, 0x3E, 0xFF, 0xFF, 0xCF, 0xFF, 0xF8, 0xFF, 0xFF, 0x00, 0x01, 0xF0,
    0x00, 0x1E, 0x00, 0x03, 0xC0, 0x00, 0x78, 0x00, 0x07, 0x80, 0x01, 0x86, 0x00, 0x06, 0x18, 0x00,
    0x18, 0x60, 0x00, 0x61, 0x80, 0x01, 0x86, 0x00, 0x06, 0x18, 0x00, 0x18, 0x60, 0x00, 0x61, 0x80,
    0x01, 0x86, 0x00, 0x06, 0x18, 0x00, 0x18, 0x60, 0x00, 0x61, 0x80, 0x01, 0x86, 0x00, 0x06, 0x18,
    0x00, 0x18, 0x60, 0x00, 0x61, 0x80, 0x01, 0x86, 0x00, 0x06, 0x18, 0x00, 0x18, 0x60, 0x00, 0x61,
    0x80, 0x01, 0x86, 0x00, 0x06, 0x18, 0x00, 0x18, 0x60, 0x00, 0x61, 0x80, 0xC1, 0x86, 0x0F, 0x86,
    0x18, 0x67, 0x18, 0x63, 0x8E, 0x61, 0x9C, 0x1D, 0x86, 0xE0, 0x3E, 0x1F, 0x00, 0x78, 0x78, 0x00,
    0xE1, 0xC0, 0x01, 0x86, 0x00, 0x02, 0x10, 0x00, 0x01, 0xF3, 0xE0, 0x00, 0xF8, 0x78, 0x00, 0x3C,
    0x0F, 0x00, 0x1E, 0x01, 0xE0, 0x0F, 0xFF, 0xFC, 0x07, 0xFF, 0xFF, 0x83, 0xFF, 0xFF, 0xE0, 0xF0,
    0x00, 0x3C, 0x78, 0x00, 0x07, 0xBC, 0x00, 0x01, 0xF7, 0x80, 0x00, 0x79, 0xF0, 0x00, 0x3C, 0x3F,
    0xFF, 0xFF, 0x07, 0xFF, 0xFF, 0x80, 0xFF, 0xFF, 0xC0, 0x3E, 0x01, 0xE0, 0x07, 0xC0, 0xF8, 0x00,
    0xF0, 0x7C, 0x00, 0x1E, 0x1E, 0x00, 0x03, 0xCF, 0x00, 0x00, 0x78, 0x00, 0x07, 0x80, 0x00, 0x3C,
    0x0F, 0xFF, 0xE0, 0xFF, 0xFF, 0x0F, 0xFF, 0xF0, 0x00, 0x07, 0x80, 0x00, 0x3C, 0x00, 0x03, 0xEF,
    0xFF, 0xFF, 0xFF, 0xFF, 0xFF, 0xFF, 0xFE, 0x00, 0x03, 0xE0, 0x00, 0x7C, 0xFF, 0xFF, 0x8F, 0xFF,
    0xF0, 0xFF, 0xFE, 0x00, 0x03, 0xE0, 0x00, 0x7C, 0x00, 0x07, 0x80, 0x00, 0x00, 0x0C, 0x00, 0x78,
    0x03, 0xF0, 0x1F, 0xE0, 0x7F, 0x83, 0xFF, 0x1F, 0xFE, 0xFF, 0xFC, 0x1E, 0x00, 0x78, 0x01, 0xE0,
    0x07, 0x83, 0xFF, 0xFF, 0xFF, 0xFF, 0xFF, 0x07, 0x80, 0x1E, 0x0F, 0xFF, 0xFF, 0xFF, 0xFF, 0xFC,
    0x1E, 0x00, 0x78, 0x01, 0xE0, 0x07, 0x80, 0x1E, 0x00, 0x07, 0x80, 0x1E, 0x00, 0x78, 0x01, 0xE0,
    0x07, 0x80, 0x1E, 0x0F, 0xFF, 0xFF, 0xFF, 0xFF, 0xFC, 0x1E, 0x00, 0x78, 0x3F, 0xFF, 0xFF, 0xFF,
    0xFF, 0xF0, 0x78, 0x01, 0xE0, 0x07, 0x80, 0x1E, 0x0F, 0xFF, 0xDF, 0xFE, 0x3F, 0xF0, 0x7F, 0x80,
    0xFC, 0x01, 0xE0, 0x03, 0x00, 0x04, 0x00, 0x01, 0xE0, 0xF0, 0x0F, 0x0F, 0x00, 0xF0, 0xF0, 0x07,
    0x8F, 0x00, 0x3C, 0xFF, 0xFF, 0xEF, 0xFF, 0xFE, 0xFF, 0xFF, 0xEF, 0x00, 0x3C, 0xF0, 0x07, 0xCF,
    0x00, 0x78, 0xF0, 0x0F, 0x0F, 0x01, 0xE0, 0xF0, 0x1C, 0x0E, 0x00, 0x60, 0x00, 0x0F, 0x00, 0x01,
    0xF8, 0x00, 0x39, 0x80, 0x07, 0x0C, 0x00, 0xE0, 0x60, 0x0C, 0x07, 0x01, 0xC0, 0x38, 0x38, 0x01,
    0xC7, 0xF0, 0xFE, 0x7F, 0x0F, 0xE0, 0x70, 0xC0, 0x07, 0x0C, 0x00, 0x70, 0xC0, 0x07, 0x0C, 0x00,
    0x70, 0xC0, 0x07, 0x0C, 0x00, 0x70, 0xC0, 0x07, 0x0C, 0x00, 0x70, 0xC0, 0x07, 0x0C, 0x00, 0x70,
    0xC0, 0x07, 0x0C, 0x00, 0x70, 0xC0, 0x07, 0x0C, 0x00, 0x3F, 0xC0, 0x01, 0xF0, 0x00, 0x00, 0x00,
    0x00, 0x06, 0x00, 0x00, 0x70, 0x00, 0x07, 0x80, 0x00, 0x7C, 0x00, 0x07, 0xE0, 0xFF, 0xF7, 0x0F,
    0xFE, 0x3C, 0xC0, 0x00, 0xEC, 0x00, 0x07, 0xC0, 0x00, 0x7C, 0x00, 0x0E, 0xC0, 0x01, 0xCF, 0xFF,
    0x38, 0x3F, 0xF7, 0x00, 0x07, 0xE0, 0x00, 0x7C, 0x00, 0x07, 0x00, 0x00, 0x60, 0x00, 0x00, 0x00,
    0x00, 0x60, 0x00, 0x0F, 0x00, 0x01, 0xF8, 0x00, 0x39, 0x80, 0x07, 0x1C, 0x00, 0x60, 0xE0, 0x0E,
    0x07, 0x01, 0xC0, 0x38, 0x38, 0x01, 0xC7, 0xF0, 0xFE, 0x7F, 0x0F, 0xE0, 0x70, 0xC0, 0x07, 0x0C,
    0x00, 0x70, 0xC0, 0x07, 0x0C, 0x00, 0x70, 0xC0, 0x07, 0xFC, 0x00, 0x3F, 0xC0, 0x00, 0x00, 0x00,
    0x00, 0x00, 0x07, 0xFC, 0x00, 0x7F, 0xC0, 0x07, 0x0C, 0x00, 0x70, 0xC0, 0x07, 0x0C, 0x00, 0x3F,
    0xC0, 0x01, 0xF0, 0x00, 0xF0, 0x03, 0x9C, 0x01, 0xE7, 0x80, 0x79, 0xE0, 0x1E, 0x78, 0x07, 0x0E,
    0x03, 0xC3, 0xFF, 0xF0, 0xFF, 0xFC, 0x3F, 0xFE, 0x07, 0x07, 0x81, 0xE1, 0xE0, 0x78, 0x78, 0x0E,
    0x1C, 0x03, 0x8F, 0x00, 0xF3, 0xC0, 0x3C, 0xE0, 0x07, 0x38, 0x01, 0xDE, 0x00, 0x7F, 0x80, 0x1F,
    0xC0, 0x03, 0xF0, 0x00, 0xFC, 0x00, 0x3F, 0x00, 0x0F, 0x80, 0x1E, 0x0F, 0xF3, 0xFF, 0x79, 0xEF,
    0x1D, 0xC3, 0xB8, 0x77, 0x00, 0xE0, 0x1C, 0x03, 0x80, 0x70, 0x0E, 0x1D, 0xC3, 0xB8, 0x77, 0x9E,
    0xFF, 0xCF, 0xF0, 0xFC, 0x00, 0x1F, 0x00, 0x1F, 0x80, 0x0F, 0x80, 0x0F, 0x80, 0x0F, 0x80, 0x0F,
    0x00, 0x0F, 0x00, 0x1E, 0x07, 0x9E, 0x3F, 0xFC, 0xFF, 0xFB, 0xF3, 0xF7, 0x81, 0xEF, 0x03, 0xDC,
    0x07, 0xB8, 0x0F, 0x70, 0x1E, 0xE0, 0x3D, 0xC0, 0x7B, 0x80, 0xF7, 0x81, 0xEF, 0x07, 0x8F, 0xFF,
    0x0F, 0xFC, 0x0F, 0xF0, 0xFF, 0xFF, 0xFF, 0xFF, 0xFF, 0xF8, 0x00, 0xF0, 0x01, 0xE0, 0x03, 0xC0,
    0x07, 0x80, 0x0F, 0x00, 0x1E, 0x00, 0x3D, 0xFF, 0xFB, 0xFF, 0xF7, 0xFF, 0xE0, 0x03, 0xC0, 0x07,
    0x80, 0x0F, 0x00, 0x1E, 0x00, 0x3C, 0x00, 0x78, 0x00, 0xF0, 0x01, 0xFF, 0xFF, 0xFF, 0xFF, 0xFF,
    0xFF, 0x00, 0x1C, 0x00, 0x38, 0x00, 0x70, 0x01, 0xCF, 0xFF, 0xFF, 0xFF, 0xFF, 0xFF, 0x80, 0x3F,
    0x00, 0xFE, 0x01, 0xFC, 0x03, 0xF8, 0x0E, 0xF0, 0x1D, 0xE0, 0x7B, 0xDF, 0xFF, 0xBF, 0xFF, 0x7F,
    0xFE, 0x0E, 0x3C, 0x1C, 0x78, 0x70, 0xF0, 0xE1, 0xE1, 0xC3, 0xC7, 0x07, 0x8E, 0x0F, 0x38, 0x1F,
    0xFF, 0xFF, 0xFF, 0xFF, 0xFF, 0xF7, 0x00, 0x0E, 0x00, 0x38, 0x00, 0x70, 0x00, 0x00, 0x00, 0x70,
    0x00, 0x01, 0xC0, 0x1F, 0xEE, 0x01, 0xFF, 0xF0, 0x0F, 0xFF, 0xC0, 0x7F, 0x3F, 0x83, 0xE0, 0x7F,
    0x1F, 0x01, 0xFC, 0x78, 0x0E, 0x79, 0xE0, 0x79, 0xEF, 0x01, 0xC7, 0xBC, 0x0E, 0x0E, 0xF0, 0x78,
    0x3B, 0xC1, 0xC0, 0xEF, 0x0E, 0x03, 0x9E, 0x70, 0x1E, 0x79, 0xC0, 0x79, 0xFE, 0x03, 0xC3, 0xF0,
    0x1F, 0x07, 0xE1, 0xF8, 0x0F, 0xFF, 0xC0, 0x7F, 0xFE, 0x01, 0xDF, 0xE0, 0x0E, 0x00, 0x00, 0x30,
    0x00, 0x00, 0x03, 0xE0, 0x00, 0xFC, 0x00, 0x3F, 0x00, 0x0F, 0xC0, 0x07, 0xF0, 0x01, 0xFE, 0x00,
    0x77, 0x80, 0x1C, 0xE0, 0x0F, 0x38, 0x03, 0xCF, 0x00, 0xF3, 0xC0, 0x38, 0x70, 0x1E, 0x1C, 0x07,
    0x87, 0x81, 0xE1, 0xE0, 0x70, 0x78, 0x3C, 0x0E, 0x0F, 0x03, 0xC3, 0xC0, 0xF0, 0xE0, 0x3C, 0x78,
    0x07, 0x1E, 0x01, 0xE7, 0xFF, 0xF9, 0xFF, 0xFE, 0xFF, 0xFF, 0x80, 0xFF, 0xFF, 0x9F, 0xFF, 0xE7,
    0xFF, 0xF9, 0xE0, 0x1E, 0x78, 0x07, 0x0E, 0x03, 0xC3, 0xC0, 0xF0, 0xF0, 0x3C, 0x3C, 0x0E, 0x07,
    0x03, 0x81, 0xE1, 0xE0, 0x78, 0x78, 0x1E, 0x1C, 0x03, 0x87, 0x00, 0xF3, 0xC0, 0x3C, 0xF0, 0x0F,
    0x38, 0x01, 0xCE, 0x00, 0x7F, 0x80, 0x1F, 0xE0, 0x07, 0xF0, 0x00, 0xFC, 0x00, 0x3F, 0x00, 0x0F,
    0xC0, 0x01, 0xE0, 0x00, 0x0F, 0xFF, 0xC7, 0xFF, 0xF3, 0xFF, 0xFD, 0xE0, 0x00, 0xF0, 0x00, 0x3C,
    0x00, 0x0F, 0x00, 0x03, 0xC0, 0x00, 0xFF, 0xFF, 0xFF, 0xFF, 0xFF, 0xFF, 0xFF, 0xC0, 0x00, 0xF0,
    0x00, 0x3C, 0x00, 0x0F, 0x00, 0x01, 0xE0, 0x00, 0x3F, 0xFF, 0xC7, 0xFF, 0xF0, 0xFF, 0xFC, 0x00,
    0x0E, 0x00, 0x03, 0x80, 0x00, 0xE0, 0x00, 0x70, 0x00, 0x1C, 0x03, 0xFF, 0xF1, 0xFF, 0xFC, 0xFF,
    0xFF, 0x7C, 0x30, 0x3C, 0x1C, 0x0F, 0x07, 0x03, 0xC1, 0x80, 0xF0, 0xE0, 0x3F, 0xFF, 0xFF, 0xFF,
    0xFF, 0xFF, 0xFF, 0xF1, 0xC0, 0x3C, 0xE0, 0x0F, 0x38, 0x03, 0xEE, 0x00, 0x7F, 0x00, 0x0F, 0xFF,
    0xF1, 0xFF, 0xFC, 0x3F, 0xFF, 0x0E, 0x00, 0x03, 0x00, 0x01, 0xC0, 0x00, 0x70, 0x00, 0x18, 0x00,
    0x00, 0x3F, 0xDF, 0xEE, 0x03, 0x80, 0xC0, 0x3F, 0xFF, 0xFB, 0x80, 0x70, 0x1F, 0xF0, 0xF8, 0xFF,
    0xFC, 0x3F, 0xFF, 0x8F, 0xFF, 0xF0, 0x00, 0x1E, 0x00, 0x03, 0xC0, 0x00, 0xF0, 0x00, 0x3C, 0x00,
    0x0F, 0xFF, 0xFF, 0xFF, 0xFF, 0xFF, 0xFF, 0xFC, 0x00, 0x0F, 0x00, 0x03, 0xC0, 0x00, 0xF0, 0x00,
    0x7C, 0x00, 0x1E, 0xFF, 0xFF, 0x3F, 0xFF, 0x8F, 0xFF, 0xC0, 0x00, 0x0E, 0x00, 0x03, 0x80, 0x00,
    0xE0, 0x00, 0x70, 0x00, 0x1C, 0x3F, 0xFF, 0x0F, 0xFF, 0xE3, 0xFF, 0xFC, 0x00, 0x3F, 0x80, 0x1C,
    0xF0, 0x07, 0x3C, 0x03, 0x8F, 0x00, 0xE3, 0xFF, 0xFF, 0xFF, 0xFF, 0xFF, 0xFF, 0xFF, 0x01, 0x83,
    0xC0, 0xE0, 0xF0, 0x38, 0x3C, 0x0E, 0x1F, 0x07, 0x07, 0xBF, 0xFF, 0xCF, 0xFF, 0xE3, 0xFF, 0xF0,
    0x0E, 0x00, 0x03, 0x00, 0x01, 0xC0, 0x00, 0x70, 0x00, 0x18, 0x00, 0x00, 0x7F, 0xFB, 0xFF, 0xDF,
    0xFE, 0xFF, 0xF7, 0xFF, 0xBF, 0xFD, 0xFF, 0xEF, 0xFF, 0x7F, 0xFB, 0xFF, 0xDF, 0xFE, 0xFF, 0xF7,
    0xFF, 0xBF, 0xFD, 0xFF, 0xEF, 0xFF, 0x7F, 0xF8, 0xFF, 0xFF, 0xFF, 0xFF, 0xFF, 0xFF, 0xFC, 0xF0,
    0x3C, 0x3C, 0x0F, 0x0F, 0x03, 0xC3, 0xC0, 0xF0, 0xF0, 0x3C, 0x3C, 0x0F, 0x0F, 0x03, 0xC3, 0xC0,
    0xF0, 0xF0, 0x3C, 0x3C, 0x0F, 0x0F, 0x03, 0xC3, 0xC0, 0xF0, 0xF0, 0x3C, 0x3C, 0x0F, 0x0F, 0x03,
    0xC3, 0xC0, 0xF0, 0xF0, 0x3C, 0x3C, 0x0F, 0x0F, 0x03, 0xC3, 0xC0, 0xF0, 0xF0, 0x3C, 0x3C, 0x0F,
    0x0F, 0x03, 0xC3, 0xC0, 0xF0, 0xF0, 0x3C, 0x3C, 0x0F, 0x0F, 0x03, 0xC3, 0xC0, 0xE0, 0x3C, 0x0F,
    0x0F, 0x03, 0xC3, 0xC0, 0xF0, 0xF0, 0x3C, 0x3C, 0x0F, 0x0F, 0x03, 0xC3, 0xC0, 0xF0, 0xF0, 0x3C,
    0x3C, 0x0F, 0x0F, 0x03, 0xC3, 0xC0, 0xF0, 0xF0, 0x3C, 0x3C, 0x0F, 0x0F, 0x03, 0xC3, 0xC0, 0xF0,
    0xF0, 0x3C, 0x3C, 0x0F, 0x0F, 0x03, 0xC3, 0xC0, 0xF0, 0xF0, 0x3C, 0x3C, 0x0F, 0x0F, 0x03, 0xC3,
    0xC0, 0xF0, 0xF0, 0x3C, 0x3C, 0x0F, 0x0F, 0x03, 0xC3, 0xC0, 0xF3, 0xFF, 0xFF, 0xFF, 0xFF, 0xFF,
    0xFF, 0xF0, 0xFF, 0xFF, 0xFF, 0xFF, 0xFF, 0xFF, 0xEF, 0x00, 0x03, 0xC0, 0x01, 0xF0, 0x00, 0x7C,
    0x00, 0x1E, 0x00, 0x07, 0x80, 0x03, 0xE0, 0x00, 0xF8, 0x00, 0x3C, 0x00, 0x1F, 0x00, 0x07, 0xC0,
    0x01, 0xE0, 0x00, 0xF8, 0x00, 0xF8, 0x00, 0x78, 0x00, 0x78, 0x00, 0x7C, 0x00, 0x7C, 0x00, 0x3C,
    0x00, 0x3C, 0x00, 0x3E, 0x00, 0x3E, 0x00, 0x1E, 0x00, 0x1E, 0x00, 0x1F, 0xFF, 0xFF, 0xFF, 0xFF,
    0xFF, 0xFC, 0xFF, 0xFF, 0xFF, 0xFF, 0xF0, 0x7F, 0xFE, 0xFF, 0xFF, 0xFF, 0xFF, 0x03, 0xC0, 0x03,
    0xC0, 0x03, 0xC0, 0x03, 0xC0, 0x03, 0xC0, 0x03, 0xC0, 0x03, 0xC0, 0xFF, 0xFF, 0xFF, 0xFF, 0xFF,
    0xFF, 0x03, 0xC0, 0x03, 0xC0, 0x03, 0xC0, 0x03, 0xC0, 0x03, 0xC0, 0x03, 0xC0, 0x03, 0xC0, 0x00,
    0x00, 0xF0, 0x00, 0x1E, 0x00, 0x01, 0xC0, 0x00, 0x3C, 0x00, 0x07, 0x80, 0x00, 0x70, 0x00, 0x0F,
    0x00, 0x01, 0xE0, 0x00, 0x1C, 0x00, 0x03, 0xC0, 0x00, 0x78, 0x00, 0x07, 0x00, 0x00, 0xF0, 0x00,
    0x1E, 0x00, 0x01, 0xC0, 0x00, 0x3C, 0x00, 0x07, 0x80, 0x00, 0x70, 0x00, 0x0F, 0x00, 0x01, 0xE0,
    0x00, 0x1C, 0x00, 0x03, 0xC0, 0x00, 0x78, 0x00, 0x07, 0x00, 0x00, 0xF0, 0x00, 0x00, 0x3F, 0x3F,
    0x98, 0x6C, 0x36, 0x1B, 0x0D, 0xCE, 0x7E, 0x08, 0x00, 0x7B, 0xFF, 0xFF, 0x78, 0x00, 0x00, 0xF0,
    0x00, 0x0E, 0x00, 0x01, 0xE0, 0x00, 0x1E, 0x00, 0x01, 0xC0, 0x00, 0x1C, 0x7E, 0x03, 0xC7, 0xF0,
    0x3C, 0x7F, 0x03, 0x80, 0x70, 0x78, 0x07, 0x07, 0x80, 0x78, 0x70, 0x07, 0x87, 0x00, 0x38, 0xF0,
    0x03, 0x8E, 0x00, 0x3C, 0xE0, 0x03, 0xDE, 0x00, 0x1D, 0xE0, 0x01, 0xDC, 0x00, 0x1F, 0xC0, 0x00,
    0xFC, 0x00, 0x0F, 0x80, 0x00, 0xF8, 0x00, 0x0F, 0x80, 0x3F, 0x1F, 0x1F, 0xEF, 0xEF, 0x7F, 0x3F,
    0x8F, 0x87, 0xE1, 0xC1, 0xF8, 0x70, 0x7E, 0x1E, 0x1F, 0x87, 0x87, 0xF3, 0xF3, 0xDF, 0xDF, 0xE3,
    0xE3, 0xF0, 0xFF, 0xFF, 0xFF, 0xFF, 0xFF, 0xFF, 0xFF, 0xFF, 0xFF, 0xFF, 0xFF, 0xFF, 0x0F, 0x00,
    0xF0, 0x0F, 0x00, 0xF0, 0x0F, 0x70, 0xFE, 0x0F, 0xE0, 0xFC, 0x0F, 0xC0, 0xF8, 0x0F, 0x00, 0xF0,
    0x0F, 0x01, 0xF0, 0x1F, 0x03, 0xF0, 0x3F, 0x07, 0xF0, 0xEF, 0x0E, 0xF0, 0x0F, 0x00, 0xF0, 0x0F,
    0x00, 0xF0, 0xE3, 0xF8, 0xFE, 0x3F, 0x8F, 0xE3, 0xF8, 0xFE, 0x3F, 0x8F, 0xE3, 0xF8, 0xFE, 0x3F,
    0x8F, 0xE3, 0xF8, 0xFE, 0x3F, 0x8F, 0xE3, 0xF8, 0xFE, 0x3F, 0x8F, 0xE3, 0xF8, 0xFE, 0x3F, 0x8F,
    0x01, 0xE0, 0x01, 0xF8, 0x00, 0xFC, 0x00, 0xFE, 0x00, 0x7F, 0x80, 0x3B, 0xC0, 0x3C, 0xE0, 0x1E,
    0x78, 0x0E, 0x3C, 0x0F, 0x0F, 0x07, 0x87, 0x83, 0x83, 0xC3, 0xC0, 0xF1, 0xE0, 0x79, 0xE0, 0x3C,
    0xF0, 0x0F, 0x78, 0x07, 0x80, 0x70, 0x07, 0xBC, 0x03, 0xDE, 0x01, 0xC7, 0x01, 0xE3, 0xC0, 0xF1,
    0xE0, 0x70, 0x78, 0x78, 0x3C, 0x3C, 0x1E, 0x1C, 0x07, 0x9E, 0x03, 0xCF, 0x00, 0xE7, 0x00, 0x7F,
    0x80, 0x3F, 0xC0, 0x0F, 0xC0, 0x07, 0xE0, 0x03, 0xE0, 0x00, 0x07, 0xF8, 0x07, 0xFF, 0x83, 0xFF,
    0xF1, 0xF8, 0x7E, 0x78, 0x07, 0xBC, 0x00, 0xFF, 0x00, 0x3F, 0xC0, 0x0F, 0xF0, 0x03, 0xFC, 0x00,
    0xFF, 0x00, 0x3F, 0xC0, 0x0F, 0xF0, 0x03, 0xFC, 0x00, 0xFF, 0x00, 0x3F, 0xC0, 0x0F, 0xF0, 0x03,
    0xFC, 0x00, 0xFF, 0x00, 0x3F, 0xC0, 0x0F, 0xF0, 0x03, 0xFC, 0x00, 0xFF, 0x00, 0x3F, 0xC0, 0x0F,
    0xF0, 0x03, 0xC0, 0xF0, 0x03, 0xFC, 0x00, 0xFF, 0x00, 0x3F, 0xC0, 0x0F, 0xF0, 0x03, 0xFC, 0x00,
    0xFF, 0x00, 0x3F, 0xC0, 0x0F, 0xF0, 0x03, 0xFC, 0x00, 0xFF, 0x00, 0x3F, 0xC0, 0x0F, 0xF0, 0x03,
    0xFC, 0x00, 0xFF, 0x00, 0x3F, 0xC0, 0x0F, 0xF0, 0x03, 0xFC, 0x00, 0xFF, 0x00, 0x3F, 0xC0, 0x1E,
    0x7C, 0x0F, 0x9F, 0xFF, 0xC3, 0xFF, 0xF0, 0x3F, 0xF0, 0x00, 0x7F, 0xC0, 0x3F, 0xF0, 0x1F, 0xFC,
    0x07, 0x80, 0x01, 0xE0, 0x00, 0x78, 0x00, 0x1E, 0x00, 0x07, 0x80, 0x01, 0xE0, 0x00, 0x78, 0x00,
    0x1E, 0x00, 0x07, 0x80, 0x01, 0xE0, 0x00, 0x78, 0x00, 0x1E, 0x00, 0x07, 0x80, 0x01, 0xE0, 0x00,
    0x78, 0x00, 0x1E, 0x00, 0x07, 0x80, 0x01, 0xE0, 0x00, 0x78, 0x00, 0x1E, 0x00, 0x07, 0x80, 0x01,
    0xE0, 0x00, 0xF0, 0x00, 0x7C, 0x03, 0xFE, 0x00, 0xFF, 0x80, 0x3F, 0x80, 0x00, 0x00, 0xF0, 0x00,
    0x3F, 0x00, 0x07, 0xE0, 0x00, 0x78, 0x00, 0x04, 0x00, 0x00, 0x00, 0x00, 0x00, 0x00, 0x00, 0x00,
    0x00, 0x00, 0x00, 0x00, 0x00, 0x00, 0x00, 0x00, 0x00, 0x00, 0x00, 0x00, 0x00, 0x00, 0x04, 0x00,
    0x23, 0xE0, 0x1F, 0x7C, 0x03, 0xEF, 0x80, 0x7D, 0xE0, 0x0F, 0x80, 0x78, 0x03, 0xEF, 0x80, 0x7D,
    0xF0, 0x0F, 0xBE, 0x01, 0xF1, 0x00, 0x08, 0x00, 0x00, 0x00, 0x00, 0x00, 0x00, 0x00, 0x00, 0x00,
    0x00, 0x00, 0x00, 0x00, 0x00, 0x00, 0x00, 0x00, 0x00, 0x00, 0x00, 0x00, 0x00, 0x10, 0x00, 0x07,
    0x80, 0x01, 0xF8, 0x00, 0x3F, 0x00, 0x03, 0xC0, 0x00, 0x7B, 0xFF, 0xFF, 0x78, 0x00, 0x00, 0x00,
    0x00, 0x00, 0x00, 0x07, 0xBF, 0xFF, 0xF7, 0x80, 0x7C, 0x0F, 0x3E, 0x0F, 0xFF, 0x87, 0xEF, 0x83,
    0xF7, 0xC0, 0xF9, 0xC0, 0x30, 0x00, 0x00, 0x00, 0x00, 0x00, 0x00, 0x00, 0x00, 0x00, 0x00, 0x03,
    0x00, 0xC7, 0xC0, 0xFB, 0xE0, 0xFF, 0xF8, 0x7E, 0xF8, 0x3F, 0x7C, 0x0F, 0x00, 0x0F, 0x01, 0xF8,
    0x1F, 0x81, 0xF8, 0x0F, 0x00, 0x00, 0x00, 0x00, 0x00, 0xFF, 0xFF, 0xFF, 0xFF, 0xF0, 0x00, 0x01,
    0xE0, 0x00, 0x3F, 0x00, 0x03, 0xF0, 0x00, 0x3F, 0x00, 0x01, 0xE0, 0x00, 0x00, 0xFF, 0xF0, 0x0F,
    0xFF, 0x00, 0xFF, 0xF0, 0x00, 0x00, 0x00, 0x00, 0x01, 0xE0, 0x00, 0x3F, 0x00, 0x03, 0xF0, 0x00,
    0x3F, 0x00, 0x01, 0xE0, 0x3E, 0x0F, 0x7F, 0x0F, 0xFF, 0x8F, 0xF3, 0xCF, 0xE1, 0xFE, 0xE1, 0xFE,
    0xE0, 0xFC, 0x3F, 0x07, 0x1F, 0xE1, 0xEF, 0xFC, 0x7F, 0x8F, 0x0F, 0xE1, 0xC1, 0xF8, 0x78, 0x7E,
    0x0E, 0x3F, 0xE3, 0xFF, 0x78, 0x7F, 0x8E, 0x0F, 0xC0, 0x3E, 0x0F, 0x7F, 0x8F, 0xFF, 0x8F, 0xF3,
    0xEF, 0xE1, 0xFE, 0xE0, 0xFE, 0xE0, 0x78, 0x00, 0x00, 0x00, 0x00, 0x00, 0x00, 0xFF, 0xFF, 0xFF,
    0xFF, 0xFF, 0xFF, 0x1E, 0x07, 0x7F, 0x0F, 0xFF, 0x8F, 0xF7, 0xCF, 0xF3, 0xFF, 0xE1, 0xFE, 0xE0,
    0xFC, 0x00, 0x00, 0x00, 0x00, 0x00, 0x00, 0xFF, 0xFF, 0xFF, 0xFF, 0xFF, 0xFF, 0x00, 0x00, 0x00,
    0x00, 0x00, 0x00, 0x00, 0x00, 0xFF, 0xFF, 0xFF, 0xFF, 0xFF, 0xFF, 0x00, 0x1C, 0x00, 0x1C, 0x00,
    0x18, 0x1E, 0x3F, 0x7F, 0x3F, 0xFF, 0xFF, 0xF7, 0xFF, 0xF3, 0xFF, 0xE1, 0xFE, 0xE0, 0xFC, 0x00,
    0xE0, 0x01, 0xC0, 0x01, 0xC0, 0xFF, 0xFF, 0xFF, 0xFF, 0xFF, 0xFF, 0x03, 0x80, 0x07, 0x00, 0x07,
    0x00, 0x07, 0x00, 0xFF, 0xFF, 0xFF, 0xFF, 0xFF, 0xFF, 0x1C, 0x00, 0x1C, 0x00, 0x1C, 0x00, 0x38,
    0x00, 0x38, 0x00, 0x38, 0x00, 0x3E, 0x0F, 0x7F, 0x0F, 0xFF, 0x8F, 0xF3, 0xCF, 0xE1, 0xFE, 0xE1,
    0xFE, 0xE0, 0xFC, 0x00, 0x00, 0x3E, 0x0F, 0x7F, 0x0F, 0xFF, 0x8F, 0xF3, 0xCF, 0xE1, 0xFE, 0xE1,
    0xFE, 0xE0, 0xFC, 0x00, 0x1C, 0x00, 0x1C, 0x00, 0x1C, 0x00, 0x38, 0x00, 0x38, 0x00, 0x30, 0x00,
    0x70, 0x00, 0x70, 0x3E, 0x6F, 0x7F, 0xEF, 0xFF, 0xEF, 0xF3, 0xCF, 0xE1, 0xFE, 0xE1, 0xFE, 0xE3,
    0xFC, 0x03, 0x80, 0x3F, 0x8F, 0x7F, 0x0F, 0xFF, 0x8F, 0xF7, 0xCF, 0xEF, 0xFE, 0xEF, 0xFE, 0xFE,
    0xFC, 0x1C, 0x00, 0x1C, 0x00, 0x18, 0x00, 0x38, 0x00, 0x38, 0x00, 0x30, 0x00, 0x1C, 0x07, 0x7F,
    0x0F, 0xFF, 0xCF, 0xF7, 0xFF, 0xE1, 0xFE, 0xE0, 0xFC, 0x00, 0x00, 0x00, 0x00, 0x3F, 0x0F, 0x7F,
    0x8F, 0xFF, 0xFF, 0xE3, 0xFE, 0xE0, 0xFC, 0x00, 0x00, 0x00, 0x00, 0x3F, 0x0F, 0x7F, 0x8F, 0xFF,
    0xFF, 0xE3, 0xFE, 0xE0, 0xFC, 0xF0, 0x03, 0xFC, 0x01, 0xF7, 0xC0, 0xF9, 0xFF, 0xFE, 0x3F, 0xFF,
    0x03, 0xFF, 0x00, 0x00, 0x00, 0x00, 0x00, 0x0F, 0xFC, 0x0F, 0xFF, 0xC7, 0xFF, 0xF9, 0xF0, 0x3E,
    0xF0, 0x07, 0xFC, 0x00, 0xF0, 0x70, 0x00, 0x0F, 0x80, 0x00, 0xFC, 0x00, 0x0F, 0xCF, 0xFF, 0xF8,
    0xFF, 0xF7, 0x8F, 0xFF, 0x00, 0x00, 0x00, 0x00, 0x00, 0x00, 0x00, 0x00, 0x00, 0x00, 0x70, 0x00,
    0x0F, 0x8F, 0xFF, 0xFC, 0xFF, 0xFF, 0xCF, 0xFF, 0xF8, 0x00, 0x07, 0x80, 0x00, 0x07, 0xE0, 0x1F,
    0xE0, 0x39, 0xC0, 0x63, 0x80, 0xE7, 0x01, 0xFE, 0x01, 0xF8, 0x00, 0x00, 0x00, 0x00, 0x00, 0x00,
    0x00, 0x03, 0xFF, 0xFF, 0xFF, 0xFF, 0xFF, 0xC0, 0x00, 0x00, 0x00, 0x00, 0x00, 0x00, 0x01, 0xFF,
    0xFF, 0xFF, 0xFF, 0xFF, 0xE0, 0x0F, 0xE0, 0x1F, 0xE0, 0x01, 0xE0, 0x01, 0xC0, 0x03, 0x80, 0x0F,
    0x00, 0xFC, 0x01, 0xF0, 0x03, 0x80, 0x00, 0x00, 0x0E, 0x00, 0x1C, 0x00, 0x30, 0x00, 0x00, 0x1F,
    0xFF, 0xFF, 0xFF, 0xFF, 0xFE, 0x00, 0x00, 0x00, 0x00, 0x00, 0x00, 0x00, 0x0F, 0xFF, 0xFF, 0xFF,
    0xFF, 0xFF, 0x00, 0x1C, 0x00, 0x38, 0x00, 0xE0, 0x01, 0xC0, 0x03, 0x80, 0x0E, 0x00, 0x1C, 0x00,
    0x30, 0x00, 0xE0, 0xFF, 0xFF, 0xFF, 0xFF, 0xFF, 0xF0, 0x1C, 0x00, 0x30, 0x00, 0xE0, 0x01, 0xC0,
    0x03, 0x00, 0xFF, 0xFF, 0xFF, 0xFF, 0xFF, 0xF0, 0xE0, 0x01, 0xC0, 0x07, 0x00, 0x0E, 0x00, 0x18,
    0x00, 0x70, 0x00, 0xE0, 0x01, 0x80, 0x00, 0xFF, 0xFF, 0xFF, 0xFD, 0xFF, 0xF8, 0x00, 0x00, 0x00,
    0x00, 0x00, 0x00, 0x00, 0x3F, 0xFF, 0xFF, 0xFF, 0xFF, 0xFC, 0x00, 0x00, 0x00, 0x00, 0x00, 0x00,
    0x00, 0x1F, 0xFF, 0xFF, 0xFF, 0xFF, 0xFE, 0x00, 0x18, 0x00, 0x70, 0x00, 0xE0, 0x01, 0xC0, 0x07,
    0x1F, 0xFF, 0xFF, 0xFF, 0xBF, 0xFF, 0x00, 0xE0, 0x01, 0xC0, 0x07, 0x00, 0x0E, 0x07, 0xFF, 0xFF,
    0xFF, 0xFF, 0xFF, 0x81, 0xC0, 0x03, 0x00, 0x0E, 0x00, 0x1C, 0x03, 0xFF, 0xFF, 0xFF, 0xFF, 0xFF,
    0xC3, 0x00, 0x0E, 0x00, 0x1C, 0x00, 0x30, 0x00, 0xE0, 0x00, 0xFF, 0xFF, 0xFF, 0xFC, 0x00, 0x00,
    0x00, 0x0F, 0xFF, 0xFF, 0xFF, 0xC0, 0x00, 0x00, 0x00, 0x00, 0x01, 0xFF, 0xFF, 0xFF, 0xF8, 0x00,
    0x00, 0x00, 0x00, 0x00, 0x3F, 0xFF, 0xFF, 0xFF, 0x00, 0x02, 0x00, 0x1C, 0x00, 0xF8, 0x07, 0xF0,
    0x3F, 0x81, 0xFC, 0x0F, 0xE0, 0x7F, 0x00, 0xF8, 0x01, 0xF0, 0x03, 0xF8, 0x01, 0xFC, 0x00, 0xFE,
    0x00, 0x7F, 0x00, 0x3F, 0x80, 0x1F, 0x00, 0x0E, 0x00, 0x04, 0x00, 0x00, 0x00, 0x00, 0x00, 0x0F,
    0xFF, 0xFF, 0xFF, 0xFF, 0xFF, 0xC0, 0x01, 0xE0, 0x03, 0xF0, 0x03, 0xF8, 0x01, 0xFC, 0x00, 0xFE,
    0x00, 0x7F, 0x00, 0x3F, 0x00, 0x1E, 0x00, 0x3C, 0x01, 0xF8, 0x0F, 0xE0, 0x7F, 0x03, 0xF8, 0x1F,
    0xC0, 0x7E, 0x00, 0xF0, 0x01, 0x80, 0x00, 0x00, 0x00, 0x00, 0x00, 0x00, 0x0F, 0xFF, 0xFF, 0xFF,
    0xFF, 0xFF, 0x00, 0x20, 0x10, 0x06, 0x07, 0x01, 0xE0, 0xF0, 0x3E, 0x1F, 0x0F, 0xC7, 0xE1, 0xF0,
    0xF8, 0x7E, 0x3F, 0x0F, 0x87, 0xC0, 0xF0, 0x78, 0x0F, 0x07, 0x00, 0xF8, 0x7C, 0x07, 0xC3, 0xE0,
    0x1F, 0x1F, 0x80, 0xF8, 0x7C, 0x07, 0xE3, 0xF0, 0x1E, 0x0F, 0x00, 0xE0, 0x70, 0x02, 0x01, 0x80,
    0x40, 0x0C, 0x06, 0x00, 0xF0, 0x78, 0x0F, 0x87, 0xC0, 0x7E, 0x3F, 0x01, 0xF0, 0xF8, 0x0F, 0xC7,
    0xE0, 0x3E, 0x1F, 0x01, 0xE0, 0xF0, 0x1E, 0x0F, 0x03, 0xE1, 0xF0, 0xFC, 0x7E, 0x1F, 0x0F, 0x83,
    0xE1, 0xF0, 0xF8, 0x7C, 0x0F, 0x07, 0x80, 0xE0, 0x60, 0x08, 0x04, 0x00, 0xF1, 0xFF, 0xF1, 0xF0,
    0xFC, 0x73, 0x9C, 0x6E, 0x1F, 0x83, 0xC0, 0xF0, 0x3C, 0x0F, 0x03, 0xC0, 0xF0, 0x3E, 0x1D, 0x87,
    0x71, 0x9C, 0xE3, 0xF0, 0xFC, 0xFF, 0xF8, 0x70, 0x00, 0x1C, 0x00, 0x07, 0x00, 0x01, 0xC0, 0x00,
    0xE0, 0xF0, 0x3B, 0xFC, 0x1F, 0xF7, 0xC7, 0xF9, 0xFF, 0xFE, 0x3F, 0xFF, 0x03, 0xFF, 0x00, 0x0E,
    0x00, 0x07, 0x00, 0x0F, 0xFC, 0x0F, 0xFF, 0xC7, 0xFF, 0xF9, 0xFE, 0x3E, 0xF7, 0x07, 0xBD, 0xC0,
    0xF0, 0x70, 0x00, 0x38, 0x00, 0x0E, 0x00, 0x03, 0x80, 0x00, 0x00, 0x18, 0x00, 0x70, 0x00, 0xE0,
    0x01, 0xC0, 0x07, 0x00, 0x0E, 0xC0, 0x1F, 0x80, 0x7F, 0x01, 0xFE, 0x0F, 0xF0, 0x7F, 0x83, 0xFE,
    0x0F, 0xF8, 0x1E, 0x70, 0x3E, 0xE0, 0x3F, 0x80, 0x3F, 0xC0, 0x1F, 0xE0, 0x1F, 0xF0, 0x77, 0xF0,
    0xE3, 0xE3, 0x81, 0xC7, 0x00, 0x8E, 0x00, 0x38, 0x00, 0x70, 0x00, 0xE0, 0x00, 0x00, 0x18, 0x00,
    0x70, 0x00, 0xE0, 0x01, 0xC0, 0x07, 0x18, 0x0E, 0x3C, 0x1C, 0x7E, 0x70, 0x7F, 0xE0, 0x3F, 0xC0,
    0x1F, 0xC0, 0x0F, 0xE0, 0x1F, 0xE0, 0x73, 0xC0, 0xE7, 0x81, 0xFF, 0x07, 0xFC, 0x1F, 0xE0, 0xFF,
    0x03, 0xF8, 0x0F, 0xE0, 0x1F, 0x80, 0x17, 0x00, 0x0E, 0x00, 0x38, 0x00, 0x70, 0x00, 0xE0, 0x00,
    0x00, 0x1C, 0x00, 0x38, 0x00, 0x78, 0x01, 0xF0, 0x03, 0xE0, 0x1F, 0xC0, 0xFF, 0x07, 0xF8, 0x3F,
    0xF0, 0xFD, 0xC3, 0xE3, 0x87, 0xC7, 0x0F, 0xFC, 0x0F, 0xF8, 0x07, 0xF8, 0x03, 0xFC, 0x03, 0xFE,
    0x06, 0xFC, 0x1C, 0x38, 0x38, 0x10, 0x60, 0x01, 0xC0, 0x03, 0x80, 0x7F, 0xFF, 0xFF, 0xFF, 0xFF,
    0xFC, 0x60, 0x01, 0xC0, 0x03, 0x80, 0x06, 0x00, 0x00, 0x00, 0x1C, 0x00, 0x39, 0x00, 0x77, 0x81,
    0xCF, 0xC3, 0x8F, 0xE7, 0x0F, 0xFC, 0x07, 0xF8, 0x03, 0xFC, 0x01, 0xFC, 0x03, 0xF8, 0x07, 0xF0,
    0x1F, 0xE0, 0x3F, 0x81, 0xFC, 0x0F, 0xE0, 0x7F, 0x81, 0xFE, 0x03, 0xDC, 0x06, 0x38, 0x00, 0x60,
    0x01, 0xC0, 0x03, 0x80, 0x7F, 0xFF, 0xFF, 0xFF, 0xFF, 0xFC, 0x60, 0x01, 0xC0, 0x03, 0x80, 0x06,
    0x00, 0x00, 0x00, 0x06, 0x00, 0x1E, 0x00, 0x7E, 0x01, 0xFE, 0x07, 0xF8, 0x1F, 0xC0, 0x7F, 0x00,
    0xFC, 0x00, 0xF0, 0x00, 0xFC, 0x00, 0x7F, 0x00, 0x3F, 0xC0, 0x0F, 0xF0, 0x03, 0xFC, 0x00, 0xFE,
    0x00, 0x3E, 0x00, 0x0E, 0x00, 0x02, 0x00, 0x00, 0x3F, 0x0F, 0x7F, 0x8F, 0xFF, 0xFF, 0xE3, 0xFE,
    0xE0, 0xFC, 0xC0, 0x00, 0xF0, 0x00, 0xFC, 0x00, 0x7F, 0x00, 0x1F, 0xC0, 0x07, 0xF0, 0x01, 0xFC,
    0x00, 0x7E, 0x00, 0x1E, 0x00, 0x1E, 0x00, 0x7E, 0x01, 0xFC, 0x07, 0xF0, 0x1F, 0xC0, 0x7F, 0x00,
    0xFC, 0x00, 0xF0, 0x00, 0x40, 0x00, 0x00, 0x00, 0x3F, 0x0F, 0x7F, 0x8E, 0x7F, 0xFE, 0xF1, 0xFE,
    0xF0, 0xFC, 0x00, 0x07, 0x00, 0x03, 0x80, 0x03, 0xC0, 0x01, 0xE0, 0x01, 0xE0, 0x03, 0xE0, 0x07,
    0xF0, 0x3F, 0xE0, 0xFF, 0xE0, 0x7F, 0xC0, 0x3F, 0xF8, 0x03, 0xFF, 0x00, 0x1F, 0xC0, 0x03, 0xF0,
    0x00, 0x78, 0x00, 0x1E, 0x00, 0x0F, 0x00, 0x03, 0x80, 0x01, 0xC0, 0xF0, 0x00, 0xF0, 0x00, 0x78,
    0x00, 0x78, 0x00, 0x3C, 0x00, 0x3E, 0x00, 0x1F, 0x80, 0x07, 0xFC, 0x03, 0xFF, 0x00, 0xFF, 0x03,
    0xFF, 0x0F, 0xFC, 0x1F, 0x80, 0x3E, 0x00, 0x3C, 0x00, 0x78, 0x00, 0x78, 0x00, 0xF0, 0x00, 0xF0,
    0x00, 0x00, 0x07, 0x00, 0x07, 0x80, 0x03, 0xC0, 0x03, 0xC0, 0x03, 0xE0, 0x07, 0xE0, 0x7F, 0xE1,
    0xFF, 0xC0, 0xFF, 0x00, 0x7F, 0xF0, 0x1F, 0xFC, 0x00, 0x7F, 0x00, 0x07, 0xC0, 0x01, 0xF0, 0x00,
    0x7C, 0x00, 0x1E, 0x00, 0x0F, 0x00, 0x03, 0x80, 0x00, 0x00, 0x00, 0x00, 0x00, 0x03, 0xFF, 0xFB,
    0xFF, 0xFD, 0xFF, 0xFE, 0x0F, 0xFF, 0xC7, 0xFF, 0xF7, 0xFF, 0xFD, 0xF8, 0x00, 0xF8, 0x00, 0x3C,
    0x00, 0x0F, 0x00, 0x03, 0xC0, 0x00, 0xF0, 0x00, 0x3C, 0x00, 0x0F, 0x00, 0x03, 0xC0, 0x00, 0x7C,
    0x00, 0x1F, 0xFF, 0xF3, 0xFF, 0xFC, 0x3F, 0xFF, 0x7F, 0xFE, 0x0F, 0xFF, 0xE1, 0xFF, 0xFE, 0x00,
    0x07, 0xE0, 0x00, 0x3C, 0x00, 0x03, 0xC0, 0x00, 0x78, 0x00, 0x0F, 0x00, 0x01, 0xE0, 0x00, 0x3C,
    0x00, 0x07, 0x80, 0x01, 0xF0, 0x00, 0x7C, 0xFF, 0xFF, 0x1F, 0xFF, 0xE3, 0xFF, 0xF0, 0x00, 0x0E,
    0x00, 0x03, 0x80, 0x00, 0xC0, 0x00, 0x70, 0x00, 0x1C, 0x00, 0x06, 0x00, 0x7F, 0xFC, 0x7F, 0xFF,
    0x3F, 0xFF, 0xDF, 0x9C, 0x0F, 0x87, 0x03, 0xC3, 0x80, 0xF0, 0xE0, 0x3C, 0x38, 0x0F, 0x1C, 0x03,
    0xC7, 0x00, 0xF1, 0x80, 0x3C, 0xE0, 0x07, 0xF8, 0x01, 0xFF, 0xFF, 0x3F, 0xFF, 0xC3, 0xFF, 0xF0,
    0xE0, 0x00, 0x38, 0x00, 0x0E, 0x00, 0x07, 0x00, 0x01, 0xC0, 0x00, 0x70, 0x00, 0x00, 0x07, 0x00,
    0x00, 0xE0, 0x00, 0x18, 0x00, 0x07, 0x00, 0x00, 0xE0, 0x00, 0x18, 0x1F, 0xFF, 0x83, 0xFF, 0xF8,
    0x7F, 0xFF, 0x80, 0x07, 0xF8, 0x00, 0xEF, 0x00, 0x38, 0xF0, 0x07, 0x1E, 0x00, 0xE3, 0xC0, 0x38,
    0x78, 0x07, 0x0F, 0x00, 0xC1, 0xE0, 0x38, 0x7C, 0x07, 0x1F, 0x3F, 0xFF, 0xC7, 0xFF, 0xF8, 0xFF,
    0xFC, 0x00, 0xC0, 0x00, 0x38, 0x00, 0x07, 0x00, 0x01, 0xC0, 0x00, 0x38, 0x00, 0x07, 0x00, 0x00,
    0x07, 0xFF, 0xC7, 0xFF, 0xF3, 0xFF, 0xFD, 0xF8, 0x00, 0xF8, 0x00, 0x3C, 0x00, 0x0F, 0x00, 0x03,
    0xC0, 0x00, 0xF0, 0x00, 0x3C, 0x00, 0x0F, 0x00, 0x03, 0xC0, 0x00, 0xF8, 0x00, 0x1F, 0x80, 0x03,
    0xFF, 0xFC, 0x7F, 0xFF, 0x07, 0xFF, 0xC0, 0x00, 0x00, 0x00, 0x00, 0x00, 0x00, 0xFF, 0xFF, 0xFF,
    0xFF, 0xFF, 0xFF, 0xFC, 0x7F, 0xFC, 0x0F, 0xFF, 0xE1, 0xFF, 0xFE, 0x00, 0x07, 0xE0, 0x00, 0x3C,
    0x00, 0x03, 0xC0, 0x00, 0x78, 0x00, 0x0F, 0x00, 0x01, 0xE0, 0x00, 0x3C, 0x00, 0x07, 0x80, 0x00,
    0xF0, 0x00, 0x3C, 0x00, 0x1F, 0x9F, 0xFF, 0xE3, 0xFF, 0xF8, 0x7F, 0xFC, 0x00, 0x00, 0x00, 0x00,
    0x00, 0x00, 0x00, 0x07, 0xFF, 0xFC, 0xFF, 0xFF, 0xDF, 0xFF, 0xF8, 0x00, 0x07, 0x00, 0x01, 0xC0,
    0x00, 0x70, 0x00, 0x38, 0x00, 0x0E, 0x01, 0xFF, 0xF1, 0xFF, 0xFC, 0xFF, 0xFF, 0x7E, 0x38, 0x3E,
    0x0E, 0x0F, 0x03, 0x83, 0xC1, 0xC0, 0xF0, 0x70, 0x3C, 0x1C, 0x0F, 0x0E, 0x03, 0xC3, 0x80, 0xF0,
    0xE0, 0x3E, 0x70, 0x07, 0xFC, 0x00, 0xFF, 0xFF, 0x1F, 0xFF, 0xC1, 0xFF, 0xF0, 0x70, 0x00, 0x1C,
    0x00, 0x07, 0x00, 0x3F, 0xFF, 0xFF, 0xFF, 0xFF, 0xFF, 0xFF, 0x1C, 0x00, 0x07, 0x00, 0x03, 0x80,
    0x00, 0xE0, 0x00, 0x00, 0x03, 0x80, 0x00, 0x70, 0x00, 0x0E, 0x00, 0x03, 0x80, 0x00, 0x70, 0xFF,
    0xFE, 0x1F, 0xFF, 0xC3, 0xFF, 0xFC, 0x00, 0x1F, 0xC0, 0x03, 0xF8, 0x00, 0x77, 0x80, 0x1C, 0xF0,
    0x03, 0x9E, 0x00, 0x73, 0xC0, 0x1C, 0x78, 0x03, 0x8F, 0x00, 0x71, 0xE0, 0x1C, 0x78, 0x03, 0xBF,
    0x3F, 0xFF, 0xC7, 0xFF, 0xF0, 0xFF, 0xF8, 0x00, 0xE0, 0x00, 0x1C, 0x00, 0x03, 0x80, 0x0F, 0xFF,
    0xF9, 0xFF, 0xFF, 0xBF, 0xFF, 0xF0, 0xE0, 0x00, 0x1C, 0x00, 0x07, 0x00, 0x00, 0xE0, 0x00, 0xC0,
    0x07, 0xC0, 0x07, 0xC0, 0x07, 0xC0, 0x07, 0xC0, 0x07, 0xC0, 0x07, 0xC0, 0x07, 0xC0, 0x07, 0xC0,
    0x07, 0xC0, 0x07, 0xC0, 0x07, 0xC0, 0x07, 0xC1, 0x87, 0xC1, 0x87, 0xC1, 0x87, 0xC1, 0x87, 0xDF,
    0xFF, 0xCF, 0xF7, 0xC1, 0x87, 0xE1, 0x87, 0xE1, 0x86, 0x71, 0x8E, 0x3C, 0x3C, 0x1F, 0xF8, 0x03,
    0xC0, 0xFF, 0xFF, 0xFF, 0xFF, 0xFF, 0xFF, 0xFF, 0xC0, 0x00, 0xF0, 0x00, 0x3C, 0x00, 0x0F, 0x00,
    0x03, 0xC0, 0x00, 0xF0, 0x00, 0x3C, 0x00, 0x0F, 0x00, 0x03, 0xC0, 0x00, 0xF0, 0x00, 0x3F, 0xFF,
    0xFF, 0xFF, 0xFF, 0xFF, 0xFF, 0x7F, 0xFF, 0xEF, 0xFF, 0xFD, 0xFF, 0xFF, 0x80, 0x00, 0xF0, 0x00,
    0x1E, 0x00, 0x03, 0xC0, 0x00, 0x78, 0x00, 0x0F, 0x00, 0x01, 0xE0, 0x00, 0x3C, 0x00, 0x07, 0x80,
    0x00, 0xF0, 0x00, 0x1E, 0xFF, 0xFF, 0xDF, 0xFF, 0xFB, 0xFF, 0xFF, 0xFF, 0xFF, 0xFF, 0xFF, 0xFF,
    0xFF, 0xFF, 0xC0, 0x00, 0xF0, 0x00, 0x3C, 0x00, 0x0F, 0x00, 0x03, 0xC0, 0x00, 0xF0, 0x00, 0x3C,
    0x00, 0x0F, 0x00, 0x03, 0xC0, 0x00, 0xF0, 0x00, 0x3C, 0x00, 0x0F, 0xFF, 0xFF, 0xFF, 0xFF, 0xFF,
    0xFF, 0xC0, 0x00, 0x00, 0x00, 0x00, 0x00, 0x00, 0xFF, 0xFF, 0xFF, 0xFF, 0xFF, 0xFF, 0xFC, 0x7F,
    0xFF, 0xEF, 0xFF, 0xFD, 0xFF, 0xFF, 0x80, 0x00, 0xF0, 0x00, 0x1E, 0x00, 0x03, 0xC0, 0x00, 0x78,
    0x00, 0x0F, 0x00, 0x01, 0xE0, 0x00, 0x3C, 0x00, 0x07, 0x80, 0x00, 0xF0, 0x00, 0x1E, 0x00, 0x03,
    0xDF, 0xFF, 0xFB, 0xFF, 0xFF, 0x7F, 0xFF, 0xE0, 0x00, 0x00, 0x00, 0x00, 0x00, 0x00, 0x07, 0xFF,
    0xFE, 0xFF, 0xFF, 0xDF, 0xFF, 0xF8, 0x7F, 0xFF, 0xBF, 0xFF, 0xDF, 0xFF, 0xEE, 0x00, 0xF7, 0x00,
    0x7B, 0x80, 0x3D, 0xC0, 0x1E, 0xE0, 0x0F, 0x70, 0x07, 0xB8, 0x03, 0xDC, 0x01, 0xEE, 0x00, 0xF7,
    0x00, 0x7B, 0x80, 0x3D, 0xC0, 0x1E, 0xE0, 0x0F, 0x70, 0x07, 0xB8, 0x03, 0xC0, 0x70, 0x03, 0xB8,
    0x03, 0xDC, 0x01, 0xEE, 0x00, 0xF7, 0x00, 0x7B, 0x80, 0x3D, 0xC0, 0x1E, 0xE0, 0x0F, 0x70, 0x07,
    0xB8, 0x03, 0xDC, 0x01, 0xEE, 0x00, 0xF7, 0x00, 0x7B, 0x80, 0x3D, 0xC0, 0x1E, 0xFF, 0xFF, 0x7F,
    0xFF, 0xBF, 0xFF, 0xC0, 0x00, 0xFC, 0x00, 0x0F, 0xFC, 0x00, 0xFF, 0xFC, 0x07, 0x9E, 0x78, 0x38,
    0x78, 0xE0, 0xC1, 0xE1, 0xC7, 0x07, 0x83, 0x98, 0x1E, 0x06, 0x60, 0x78, 0x1B, 0xFF, 0xFF, 0xEF,
    0xFF, 0xFF, 0xBF, 0xFF, 0xFE, 0xE0, 0x78, 0x19, 0x81, 0xE0, 0x67, 0x07, 0x83, 0x9C, 0x1E, 0x0C,
    0x38, 0x78, 0x70, 0x71, 0xE3, 0x80, 0xF7, 0xBC, 0x01, 0xFF, 0xE0, 0x01, 0xFE, 0x00, 0x01, 0xFE,
    0x00, 0x1F, 0xFE, 0x00, 0xF8, 0xFC, 0x07, 0x80, 0x78, 0x38, 0x00, 0xF1, 0xC0, 0x01, 0xC7, 0x00,
    0x03, 0x98, 0x00, 0x06, 0xE0, 0x00, 0x1B, 0x9F, 0xFE, 0x6E, 0x7F, 0xF9, 0xB9, 0xFF, 0xE6, 0xE0,
    0x00, 0x19, 0x80, 0x00, 0x67, 0x00, 0x03, 0x9C, 0x00, 0x0C, 0x38, 0x00, 0x70, 0x70, 0x07, 0x80,
    0xF8, 0x7C, 0x01, 0xFF, 0xE0, 0x01, 0xFE, 0x00, 0x01, 0xFE, 0x00, 0x1F, 0xFE, 0x00, 0xF8, 0xFC,
    0x07, 0x80, 0x78, 0x3E, 0x01, 0xF1, 0xFC, 0x0F, 0xC7, 0x78, 0x7B, 0x98, 0xF3, 0xC6, 0xE1, 0xFE,
    0x1B, 0x83, 0xF0, 0x6E, 0x0F, 0x81, 0xB8, 0x3F, 0x06, 0xE1, 0xFE, 0x19, 0x8F, 0x3C, 0x67, 0x78,
    0x7B, 0x9F, 0xC0, 0xFC, 0x3E, 0x01, 0xF0, 0x70, 0x07, 0x80, 0xF8, 0x7C, 0x01, 0xFF, 0xE0, 0x01,
    0xFE, 0x00, 0x01, 0xFE, 0x00, 0x1F, 0xFE, 0x00, 0xF8, 0xFC, 0x07, 0x80, 0xF8, 0x38, 0x07, 0xF1,
    0xC0, 0x1D, 0xC7, 0x00, 0xE3, 0x98, 0x07, 0x06, 0xE0, 0x1C, 0x1B, 0x80, 0xE0, 0x6E, 0x07, 0x01,
    0xB8, 0x1C, 0x06, 0xE0, 0xE0, 0x19, 0x87, 0x00, 0x67, 0x3C, 0x03, 0x9C, 0xE0, 0x0C, 0x3F, 0x00,
    0x70, 0x7C, 0x07, 0x80, 0xF8, 0x7C, 0x01, 0xFF, 0xE0, 0x01, 0xFE, 0x00, 0x01, 0xFE, 0x00, 0x1F,
    0xFE, 0x00, 0xF8, 0xFC, 0x07, 0x80, 0x78, 0x38, 0x00, 0xF1, 0xC0, 0x01, 0xC7, 0x00, 0x03, 0x98,
    0x00, 0x06, 0xE0, 0x00, 0x1B, 0x81, 0xE0, 0x6E, 0x07, 0x81, 0xB8, 0x1E, 0x06, 0xE0, 0x78, 0x19,
    0x80, 0x00, 0x67, 0x00, 0x03, 0x9C, 0x00, 0x0C, 0x38, 0x00, 0x70, 0x70, 0x07, 0x80, 0xF8, 0x7C,
    0x01, 0xFF, 0xE0, 0x01, 0xFE, 0x00, 0x00, 0xFC, 0x00, 0x0F, 0xFC, 0x00, 0xFF, 0xFC, 0x07, 0x9E,
    0x78, 0x3C, 0x78, 0xE0, 0xE1, 0xE1, 0xC7, 0x87, 0x87, 0x9F, 0x9E, 0xFE, 0x7F, 0xFF, 0xFB, 0xFF,
    0xFF, 0xEE, 0x3F, 0xF1, 0xB8, 0x3E, 0x06, 0xE1, 0xFC, 0x19, 0x87, 0xF8, 0x67, 0x3C, 0xF3, 0x9D,
    0xE3, 0xEC, 0x3F, 0x87, 0xF0, 0x7C, 0x0F, 0x80, 0xF8, 0x7C, 0x01, 0xFF, 0xE0, 0x01, 0xFE, 0x00,
    0x01, 0xFE, 0x00, 0x1F, 0xFE, 0x00, 0xFC, 0xFC, 0x07, 0x80, 0x78, 0x3C, 0x00, 0xF1, 0xE0, 0x01,
    0xC7, 0xFF, 0xFF, 0x9F, 0xFF, 0xFE, 0xFF, 0xFF, 0xFB, 0x80, 0x00, 0x6E, 0x00, 0x01, 0xB8, 0x00,
    0x06, 0xFF, 0xFF, 0xF9, 0xFF, 0xFF, 0xE7, 0xFF, 0xFF, 0x9C, 0x00, 0x0C, 0x38, 0x00, 0x70, 0x70,
    0x07, 0x80, 0xF8, 0x7C, 0x01, 0xFF, 0xE0, 0x01, 0xFE, 0x00, 0x01, 0xFE, 0x00, 0x1F, 0xFE, 0x00,
    0xFC, 0xFC, 0x07, 0x80, 0x78, 0x38, 0x00, 0xF1, 0xE0, 0x01, 0xC7, 0x00, 0x03, 0x98, 0x00, 0x0E,
    0xE0, 0x00, 0x1B, 0xFF, 0xFF, 0xEF, 0xFF, 0xFF, 0xBF, 0xFF, 0xFE, 0xE0, 0x00, 0x19, 0x80, 0x00,
    0x67, 0x00, 0x03, 0x9C, 0x00, 0x0C, 0x38, 0x00, 0x70, 0x70, 0x07, 0x80, 0xF8, 0x7C, 0x01, 0xFF,
    0xE0, 0x01, 0xFE, 0x00, 0xFF, 0xFF, 0xFF, 0xFF, 0xFF, 0xF0, 0x01, 0xFF, 0x80, 0x3F, 0xFC, 0x07,
    0xFD, 0xE0, 0xFB, 0xCF, 0x1F, 0x3C, 0x7B, 0xE3, 0xC3, 0xFC, 0x3C, 0x1F, 0x83, 0xC1, 0xF0, 0x3C,
    0x3F, 0xC3, 0xC7, 0xBE, 0x3C, 0xF1, 0xF3, 0xDE, 0x0F, 0xBF, 0xC0, 0x7F, 0xF8, 0x03, 0xFF, 0x00,
    0x1F, 0xFF, 0xFF, 0xFF, 0xFF, 0xFF, 0xFF, 0xFF, 0xFF, 0xFF, 0xFF, 0xC0, 0x00, 0x3C, 0x00, 0x03,
    0xC0, 0x00, 0x3C, 0x00, 0x03, 0xC0, 0x00, 0x3C, 0x00, 0x03, 0xC0, 0x00, 0x3C, 0xFF, 0xF3, 0xCF,
    0xFF, 0x3C, 0xFF, 0xF3, 0xC0, 0x00, 0x3C, 0x00, 0x03, 0xC0, 0x00, 0x3C, 0x00, 0x03, 0xC0, 0x00,
    0x3C, 0x00, 0x03, 0xFF, 0xFF, 0xFF, 0xFF, 0xFF, 0xFF, 0xFF, 0xFF, 0xFF, 0xFF, 0xC0, 0xF0, 0x3C,
    0x0F, 0x03, 0xC0, 0xF0, 0x3C, 0x0F, 0x03, 0xC0, 0xF0, 0x3C, 0x0F, 0x03, 0xC0, 0xF0, 0x3F, 0xFF,
    0xFF, 0xFF, 0xFF, 0xFF, 0xFF, 0xFF, 0xC0, 0xF0, 0x3C, 0x0F, 0x03, 0xC0, 0xF0, 0x3C, 0x0F, 0x03,
    0xC0, 0xF0, 0x3C, 0x0F, 0x03, 0xFF, 0xFF, 0xFF, 0xFF, 0xFF, 0xFF, 0xFF, 0xFF, 0xFF, 0xFF, 0xC0,
    0x00, 0x3C, 0x00, 0x03, 0xC0, 0x00, 0x3C, 0x00, 0x03, 0xC0, 0x00, 0x3C, 0x00, 0x03, 0xC0, 0xF0,
    0x3C, 0x0F, 0x03, 0xC0, 0xF0, 0x3C, 0x0F, 0x03, 0xC0, 0x00, 0x3C, 0x00, 0x03, 0xC0, 0x00, 0x3C,
    0x00, 0x03, 0xC0, 0x00, 0x3C, 0x00, 0x03, 0xFF, 0xFF, 0xFF, 0xFF, 0xFF, 0xE0, 0x00, 0x0E, 0x00,
    0x00, 0xE0, 0x00, 0x0E, 0x00, 0x00, 0xE0, 0x00, 0x0E, 0x00, 0x00, 0xE0, 0x00, 0x0E, 0x00, 0x00,
    0xFF, 0xFF, 0xFF, 0xFF, 0xFF, 0xFF, 0xFF, 0xFE, 0x00, 0x00, 0xE0, 0x00, 0x0E, 0x00, 0x00, 0xE0,
    0x00, 0x0E, 0x00, 0x00, 0xE0, 0x00, 0x0E, 0x00, 0x00, 0xE0, 0x00, 0x0E, 0x00, 0x00, 0x00, 0x00,
    0xF0, 0x00, 0x0F, 0x00, 0x00, 0xF0, 0x00, 0x0F, 0x00, 0x00, 0xF0, 0x00, 0x0F, 0x00, 0x00, 0xF0,
    0x00, 0x0F, 0xFF, 0xFF, 0xFF, 0xFF, 0xFF, 0xFF, 0xFF, 0xF0, 0x00, 0x0F, 0x00, 0x00, 0xF0, 0x00,
    0x0F, 0x00, 0x00, 0xF0, 0x00, 0x0F, 0x00, 0x00, 0xF0, 0x00, 0x0F, 0x00, 0x00, 0xF0, 0x00, 0x07,
    0xFF, 0xFF, 0xFF, 0xFF, 0xFF, 0xFF, 0xFF, 0xF0, 0x0F, 0x00, 0x00, 0xF0, 0x00, 0x0F, 0x00, 0x00,
    0xF0, 0x00, 0x0F, 0x00, 0x00, 0xF0, 0x00, 0x0F, 0x00, 0x00, 0xF0, 0x00, 0x0F, 0x00, 0x00, 0xF0,
    0x00, 0x0F, 0x00, 0x00, 0xF0, 0x00, 0x0F, 0x00, 0x00, 0xF0, 0x00, 0x0F, 0x00, 0x00, 0xF0, 0x00,
    0x0F, 0x00, 0x00, 0xF0, 0x00, 0x0F, 0x00, 0x00, 0xF0, 0x00, 0x0F, 0x00, 0x00, 0xF0, 0x00, 0x0F,
    0x00, 0x00, 0xF0, 0x00, 0x0F, 0x00, 0x00, 0xF0, 0x00, 0x0F, 0x00, 0x00, 0xF0, 0x00, 0x0F, 0x00,
    0x00, 0xF0, 0x00, 0x0F, 0x00, 0x00, 0xF0, 0x00, 0x0F, 0x00, 0x00, 0xF0, 0x0F, 0xFF, 0xFF, 0xFF,
    0xFF, 0xFF, 0xFF, 0xFF, 0x00, 0x02, 0x00, 0x1C, 0x00, 0xF8, 0x07, 0xF0, 0x3F, 0xE1, 0xFD, 0xCF,
    0xE3, 0xFF, 0x07, 0xF8, 0x0F, 0xF0, 0x1F, 0xF8, 0x39, 0xFC, 0x70, 0xFE, 0xE0, 0x7F, 0xC0, 0x3F,
    0x80, 0x1F, 0x00, 0x0E, 0x00, 0x04, 0x00, 0x00, 0x00, 0x00, 0x00, 0x0F, 0xFF, 0xFF, 0xFF, 0xFF,
    0xFF, 0x00, 0x03, 0xE0, 0x00, 0x7E, 0xFF, 0xFE, 0x37, 0xFF, 0xE3, 0x00, 0x07, 0x60, 0x00, 0x3E,
    0x00, 0x00, 0x00, 0x78, 0x07, 0xBC, 0x03, 0xDE, 0x01, 0xC7, 0x81, 0xE3, 0xC0, 0xF0, 0xE0, 0xF0,
    0x78, 0x78, 0x3C, 0x3C, 0x0F, 0x3C, 0x07, 0x9E, 0x03, 0xCE, 0x00, 0xFF, 0x00, 0x7F, 0x80, 0x3F,
    0x80, 0x0F, 0xC0, 0x07, 0xE0, 0x01, 0xE0, 0x00, 0x00, 0x00, 0x00, 0x00, 0x00, 0x03, 0xFF, 0xF3,
    0xFF, 0xF9, 0xFF, 0xFC, 0xFF, 0xFF, 0xFF, 0xFF, 0xFF, 0xFF, 0xFC, 0x00, 0x00, 0x00, 0x00, 0x00,
    0x00, 0x00, 0x3E, 0x00, 0x0F, 0xC0, 0x03, 0xF0, 0x01, 0xFC, 0x00, 0x7F, 0x80, 0x1D, 0xE0, 0x0F,
    0x3C, 0x03, 0xCF, 0x01, 0xE3, 0xC0, 0x78, 0x78, 0x1E, 0x1E, 0x0F, 0x03, 0x83, 0xC0, 0xF0, 0xE0,
    0x3C, 0x78, 0x07, 0x1E, 0x01, 0xE7, 0x00, 0x78, 0xFF, 0xFF, 0xFF, 0xFF, 0xFF, 0xFF, 0xFC, 0x00,
    0x00, 0x00, 0x00, 0x00, 0x00, 0x07, 0x80, 0x79, 0xE0, 0x1E, 0x78, 0x07, 0x0F, 0x03, 0xC3, 0xC0,
    0xF0, 0x70, 0x38, 0x1E, 0x1E, 0x07, 0x87, 0x80, 0xE3, 0xC0, 0x3C, 0xF0, 0x0F, 0x38, 0x01, 0xFE,
    0x00, 0x7F, 0x80, 0x1F, 0xC0, 0x03, 0xF0, 0x00, 0xFC, 0x00, 0x1E, 0x00, 0x07, 0xF8, 0x07, 0xFF,
    0x83, 0xFF, 0xF1, 0xF8, 0x7E, 0x78, 0x07, 0xBC, 0x00, 0xFF, 0x00, 0x3F, 0xC0, 0x0F, 0xF0, 0x03,
    0xFC, 0x00, 0xFF, 0x00, 0x3F, 0xC0, 0x0F, 0xF0, 0x03, 0xFC, 0x00, 0xFF, 0x00, 0x3F, 0xC0, 0x0F,
    0xF0, 0x03, 0xFC, 0x00, 0xFF, 0x00, 0x3F, 0xC0, 0x0F, 0xF0, 0x03, 0xFC, 0x00, 0xFF, 0x00, 0x3F,
    0xC0, 0x0F, 0xF0, 0x03, 0xC0, 0xF0, 0x03, 0xFC, 0x00, 0xFF, 0x00, 0x3F, 0xC0, 0x0F, 0xF0, 0x03,
    0xFC, 0x00, 0xFF, 0x00, 0x3F, 0xC0, 0x0F, 0xF0, 0x03, 0xFC, 0x00, 0xFF, 0x00, 0x3F, 0xC0, 0x0F,
    0xF0, 0x03, 0xFC, 0x00, 0xFF, 0x00, 0x3F, 0xC0, 0x0F, 0xF0, 0x03, 0xFC, 0x00, 0xFF, 0x00, 0x3F,
    0xC0, 0x1E, 0x7C, 0x0F, 0x9F, 0xFF, 0xC3, 0xFF, 0xF0, 0x3F, 0xF0, 0x08, 0x07, 0x03, 0xE1, 0xCC,
    0xE1, 0xB8, 0x77, 0x38, 0xFC, 0x1E, 0x03, 0x00, 0x00, 0x04, 0x03, 0x01, 0x87, 0xF9, 0xF0, 0x78,
    0x3C, 0x32, 0x00, 0x00, 0x00, 0x00, 0x08, 0x00, 0x01, 0xC0, 0x00, 0x3E, 0x00, 0x07, 0xF0, 0x01,
    0xFF, 0x80, 0x3F, 0xDE, 0x07, 0xBC, 0xF0, 0xF3, 0xC7, 0x9C, 0x3C, 0x3F, 0x83, 0xC1, 0xF0, 0x3C,
    0x0F, 0x03, 0xC1, 0xF8, 0x3C, 0x39, 0xC3, 0xC7, 0x0E, 0x3D, 0xE0, 0x73, 0xFC, 0x03, 0xFF, 0x80,
    0x1F, 0xF0, 0x00, 0xFE, 0x00, 0x07, 0x80, 0x00, 0x30, 0x00, 0x00, 0x00, 0x00, 0x08, 0x00, 0x00,
    0xC0, 0x00, 0x3E, 0x00, 0x07, 0xF0, 0x01, 0xEF, 0x80, 0x3C, 0xDE, 0x07, 0x8C, 0xF0, 0xF0, 0xC7,
    0x9E, 0x0C, 0x3F, 0x80, 0xC1, 0xF0, 0x0C, 0x0F, 0x00, 0xC1, 0xF8, 0x0C, 0x39, 0xC0, 0xC7, 0x0E,
    0x0D, 0xE0, 0x70, 0xFC, 0x03, 0x8F, 0x80, 0x1E, 0xF0, 0x00, 0xFE, 0x00, 0x07, 0x80, 0x00, 0x20,
    0x00, 0x00, 0x00, 0x00, 0x00, 0x00, 0x01, 0xC0, 0x00, 0x3E, 0x00, 0x07, 0x70, 0x01, 0xF3, 0xC0,
    0x3F, 0x1E, 0x07, 0xB0, 0xF0, 0xF3, 0x07, 0x9C, 0x30, 0x3F, 0x83, 0x01, 0xF0, 0x30, 0x0F, 0x03,
    0x01, 0xF8, 0x30, 0x39, 0xC3, 0x0F, 0x0E, 0x31, 0xE0, 0x73, 0x3C, 0x03, 0xF7, 0x80, 0x1F, 0xF0,
    0x00, 0xFC, 0x00, 0x07, 0x00, 0x00, 0x30, 0x00, 0x00, 0x40, 0x00, 0x2F, 0x00, 0x3D, 0xF0, 0x0F,
    0xBF, 0x03, 0xF3, 0xF0, 0xF8, 0x1E, 0x3E, 0x01, 0xE7, 0x80, 0x1D, 0xE0, 0x03, 0xF8, 0x00, 0x3F,
    0x00, 0x07, 0xE0, 0x00, 0xF8, 0x00, 0x1F, 0x00, 0x01, 0xE0, 0x00, 0x3C, 0x00, 0x07, 0x80, 0x00,
    0xF0, 0x00, 0x1E, 0x00, 0x03, 0xC0, 0x00, 0x0F, 0xFF, 0xC7, 0xFF, 0xF3, 0xFF, 0xF9, 0xE0, 0x00,
    0xF0, 0x00, 0x3C, 0x7F, 0xFE, 0x3F, 0xFF, 0x9F, 0xFE, 0xE7, 0x80, 0x39, 0xE0, 0x0E, 0x78, 0x03,
    0x9F, 0xFE, 0xE3, 0xFF, 0xFC, 0x7F, 0xFF, 0x00, 0x01, 0xE0, 0x00, 0x3F, 0xFF, 0x87, 0xFF, 0xF0,
    0xFF, 0xFC, 0x00, 0x07, 0x00, 0x01, 0xC0, 0x00, 0x70, 0x00, 0x38, 0x00, 0x0E, 0x3F, 0xFF, 0xFF,
    0xFF, 0xFF, 0xFF, 0xFF, 0xF0, 0x38, 0x3C, 0x0E, 0x0F, 0x03, 0x83, 0xC1, 0xC0, 0xF0, 0x70, 0x3C,
    0x1C, 0x0F, 0x0E, 0x03, 0xC3, 0x80, 0xF0, 0xE0, 0x3C, 0x70, 0x0F, 0x1C, 0x03, 0xFF, 0xFF, 0xFF,
    0xFF, 0xFF, 0xFF, 0xF0, 0x70, 0x00, 0x1C, 0x00, 0x07, 0x00, 0x3F, 0xFF, 0xFF, 0xFF, 0xFF, 0xFF,
    0xFF, 0x1C, 0x00, 0x07, 0x00, 0x03, 0x80, 0x00, 0xE0, 0x00, 0x7B, 0xEF, 0xFE, 0x78, 0x00, 0x00,
    0x7B, 0xEF, 0xFE, 0x78, 0x00, 0x00, 0x7B, 0xEF, 0xFE, 0x78, 0x78, 0x78, 0x7B, 0xF3, 0xE3, 0xEF,
    0xCF, 0xCF, 0xBF, 0x3E, 0x3E, 0x78, 0x78, 0x78, 0x00, 0x00, 0x78, 0x00, 0x03, 0xE0, 0x00, 0x0F,
    0x80, 0x00, 0x3E, 0x00, 0x00, 0x78, 0x00, 0x00, 0x00, 0x00, 0x00, 0x00, 0x00, 0x00, 0x00, 0x78,
    0x00, 0x03, 0xE0, 0x00, 0x0F, 0xC0, 0x00, 0x3E, 0x00, 0x00, 0x78, 0x00, 0x00, 0x00, 0x00, 0x00,
    0x00, 0x00, 0x00, 0x00, 0x78, 0x00, 0x03, 0xF0, 0x00, 0x0F, 0xC0, 0x00, 0x3F, 0x00, 0x00, 0x78,
    0x00, 0x00, 0x78, 0x00, 0x03, 0xF0, 0x00, 0x0F, 0xC0, 0x00, 0x3F, 0x00, 0x00, 0x78, 0x00, 0x00,
    0x00, 0x00, 0x00, 0x00, 0x00, 0x00, 0x00, 0x00, 0x00, 0x78, 0x00, 0x03, 0xE0, 0x00, 0x0F, 0xC0,
    0x00, 0x3E, 0x00, 0x00, 0x78, 0x00, 0x00, 0x00, 0x00, 0x00, 0x00, 0x00, 0x00, 0x00, 0x00, 0x00,
    0x78, 0x00, 0x03, 0xE0, 0x00, 0x0F, 0x80, 0x00, 0x3E, 0x00, 0x00, 0x78, 0x00, 0x78, 0x00, 0x03,
    0xF0, 0x00, 0x1F, 0xC0, 0x00, 0x7F, 0x80, 0x03, 0xFF, 0x00, 0x1F, 0xFE, 0x00, 0xFF, 0xFC, 0x07,
    0xE3, 0xF0, 0x1F, 0xFB, 0xE0, 0xFF, 0xEF, 0xC7, 0xFF, 0xBF, 0x9F, 0xFE, 0xFE, 0xFF, 0xC7, 0xFB,
    0xFF, 0x7F, 0xE7, 0xFD, 0xFF, 0x8F, 0xF7, 0xFC, 0x3F, 0xFF, 0xE0, 0x7F, 0xFF, 0x80, 0xFC, 0xFC,
    0x01, 0xFF, 0xE0, 0x03, 0xFF, 0x00, 0x0F, 0xF8, 0x00, 0x1F, 0xE0, 0x00, 0x3F, 0x00, 0x00, 0x78,
    0x00,
};

static const EpdGlyph jetbrainsmono_16_regularGlyphs[] = {
    { 0, 0, 20, 0, 0, 0, 0 }, // 
    { 0, 0, 20, 0, 0, 0, 0 }, //  
    { 6, 25, 20, 7, 25, 19, 0 }, // !
    { 12, 10, 20, 4, 25, 15, 19 }, // "
    { 18, 25, 20, 1, 25, 57, 34 }, // #
    { 16, 35, 20, 2, 30, 70, 91 }, // $
    { 20, 25, 20, 0, 25, 63, 161 }, // %
    { 21, 25, 20, 0, 25, 66, 224 }, // &
    { 4, 10, 20, 8, 25, 5, 290 }, // '
    { 10, 32, 20, 6, 28, 40, 295 }, // (
    { 11, 32, 20, 3, 28, 44, 335 }, // )
    { 18, 18, 20, 1, 21, 41, 379 }, // *
    { 16, 16, 20, 2, 19, 32, 420 }, // +
    { 7, 10, 20, 6, 5, 9, 452 }, // ,
    { 12, 3, 20, 4, 13, 5, 461 }, // -
    { 6, 5, 20, 7, 5, 4, 466 }, // .
    { 16, 32, 20, 2, 28, 64, 470 }, // /
    { 16, 25, 20, 2, 25, 50, 534 }, // 0
    { 16, 25, 20, 2, 25, 50, 584 }, // 1
    { 16, 25, 20, 2, 25, 50, 634 }, // 2
    { 15, 25, 20, 2, 25, 47, 684 }, // 3
    { 15, 25, 20, 2, 25, 47, 731 }, // 4
    { 15, 25, 20, 2, 25, 47, 778 }, // 5
    { 16, 25, 20, 2, 25, 50, 825 }, // 6
    { 17, 25, 20, 2, 25, 54, 875 }, // 7
    { 16, 25, 20, 2, 25, 50, 929 }, // 8
    { 16, 25, 20, 2, 25, 50, 979 }, // 9
    { 6, 19, 20, 7, 19, 15, 1029 }, // :
    { 7, 24, 20, 6, 19, 21, 1044 }, // ;
    { 15, 18, 20, 2, 20, 34, 1065 }, // <
    { 15, 11, 20, 2, 17, 21, 1099 }, // =
    { 15, 18, 20, 2, 20, 34, 1120 }, // >
    { 12, 25, 20, 4, 25, 38, 1154 }, // ?
    { 18, 31, 20, 1, 25, 70, 1192 }, // @
    { 18, 25, 20, 1, 25, 57, 1262 }, // A
    { 15, 25, 20, 3, 25, 47, 1319 }, // B
    { 15, 25, 20, 3, 25, 47, 1366 }, // C
    { 14, 25, 20, 3, 25, 44, 1413 }, // D
    { 15, 25, 20, 3, 25, 47, 1457 }, // E
    { 15, 25, 20, 3, 25, 47, 1504 }, // F
    { 16, 25, 20, 2, 25, 50, 1551 }, // G
    { 14, 25, 20, 3, 25, 44, 1601 }, // H
    { 14, 25, 20, 3, 25, 44, 1645 }, // I
    { 16, 25, 20, 1, 25, 50, 1689 }, // J
    { 16, 25, 20, 3, 25, 50, 1739 }, // K
    { 15, 25, 20, 4, 25, 47, 1789 }, // L
    { 16, 25, 20, 2, 25, 50, 1836 }, // M
    { 15, 25, 20, 2, 25, 47, 1886 }, // N
    { 15, 25, 20, 2, 25, 47, 1933 }, // O
    { 16, 25, 20, 3, 25, 50, 1980 }, // P
    { 16, 31, 20, 2, 25, 62, 2030 }, // Q
    { 15, 25, 20, 3, 25, 47, 2092 }, // R
    { 16, 25, 20, 2, 25, 50, 2139 }, // S
    { 17, 25, 20, 1, 25, 54, 2189 }, // T
    { 15, 25, 20, 2, 25, 47, 2243 }, // U
    { 18, 25, 20, 1, 25, 57, 2290 }, // V
    { 20, 25, 20, 0, 25, 63, 2347 }, // W
    { 18, 25, 20, 1, 25, 57, 2410 }, // X
    { 18, 25, 20, 1, 25, 57, 2467 }, // Y
    { 15, 25, 20, 2, 25, 47, 2524 }, // Z
    { 9, 32, 20, 6, 28, 36, 2571 }, // [
    { 16, 32, 20, 2, 28, 64, 2607 }, // <backslash>
    { 10, 32, 20, 4, 28, 40, 2671 }, // ]
    { 16, 14, 20, 2, 26, 28, 2711 }, // ^
    { 17, 3, 20, 1, 0, 7, 2739 }, // _
    { 8, 5, 20, 5, 27, 5, 2746 }, // `
    { 15, 19, 20, 2, 19, 36, 2751 }, // a
    { 14, 25, 20, 3, 25, 44, 2787 }, // b
    { 16, 19, 20, 2, 19, 38, 2831 }, // c
    { 15, 25, 20, 2, 25, 47, 2869 }, // d
    { 16, 19, 20, 2, 19, 38, 2916 }, // e
    { 17, 25, 20, 1, 25, 54, 2954 }, // f
    { 15, 25, 20, 2, 19, 47, 3008 }, // g
    { 14, 25, 20, 3, 25, 44, 3055 }, // h
    { 17, 26, 20, 2, 26, 56, 3099 }, // i
    { 13, 32, 20, 2, 26, 52, 3155 }, // j
    { 16, 25, 20, 3, 25, 50, 3207 }, // k
    { 19, 25, 20, 0, 25, 60, 3257 }, // l
    { 17, 19, 20, 1, 19, 41, 3317 }, // m
    { 14, 19, 20, 3, 19, 34, 3358 }, // n
    { 16, 19, 20, 2, 19, 38, 3392 }, // o
    { 14, 25, 20, 3, 19, 44, 3430 }, // p
    { 15, 25, 20, 2, 19, 47, 3474 }, // q
    { 15, 19, 20, 3, 19, 36, 3521 }, // r
    { 15, 19, 20, 2, 19, 36, 3557 }, // s
    { 17, 24, 20, 1, 24, 51, 3593 }, // t
    { 15, 19, 20, 2, 19, 36, 3644 }, // u
    { 18, 19, 20, 1, 19, 43, 3680 }, // v
    { 18, 19, 20, 1, 19, 43, 3723 }, // w
    { 18, 19, 20, 1, 19, 43, 3766 }, // x
    { 18, 25, 20, 1, 19, 57, 3809 }, // y
    { 15, 19, 20, 2, 19, 36, 3866 }, // z
    { 15, 32, 20, 2, 28, 60, 3902 }, // {
    { 4, 32, 20, 8, 28, 16, 3962 }, // |
    { 15, 32, 20, 3, 28, 60, 3978 }, // }
    { 16, 7, 20, 2, 15, 14, 4038 }, // ~
    { 0, 0, 20, 0, 0, 0, 4052 }, //  
    { 6, 25, 20, 7, 19, 19, 4052 }, // ¡
    { 16, 28, 20, 2, 23, 56, 4071 }, // ¢
    { 16, 25, 20, 2, 25, 50, 4127 }, // £
    { 18, 19, 20, 1, 23, 43, 4177 }, // ¤
    { 18, 25, 20, 1, 25, 57, 4220 }, // ¥
    { 4, 32, 20, 8, 28, 16, 4277 }, // ¦
    { 16, 30, 20, 2, 25, 60, 4293 }, // §
    { 12, 4, 20, 4, 26, 6, 4353 }, // ¨
    { 18, 22, 20, 1, 26, 50, 4359 }, // ©
    { 9, 10, 20, 5, 24, 12, 4409 }, // ª
    { 19, 16, 20, 0, 17, 38, 4421 }, // «
    { 14, 8, 20, 3, 14, 14, 4459 }, // ¬
    { 18, 22, 20, 1, 26, 50, 4473 }, // ®
    { 12, 3, 20, 4, 26, 5, 4523 }, // ¯
    { 11, 10, 20, 4, 25, 14, 4528 }, // °
    { 16, 20, 20, 2, 20, 40, 4542 }, // ±
    { 12, 14, 20, 4, 27, 21, 4582 }, // ²
    { 12, 14, 20, 4, 27, 21, 4603 }, // ³
    { 8, 5, 20, 7, 27, 5, 4624 }, // ´
    { 14, 25, 20, 3, 19, 44, 4629 }, // µ
    { 15, 31, 20, 2, 25, 59, 4673 }, // ¶
    { 6, 5, 20, 7, 14, 4, 4732 }, // ·
    { 8, 8, 20, 6, 1, 8, 4736 }, // ¸
    { 12, 14, 20, 4, 27, 21, 4744 }, // ¹
    { 8, 10, 20, 6, 24, 10, 4765 }, // º
    { 18, 16, 20, 1, 17, 36, 4775 }, // »
    { 20, 25, 20, 0, 25, 63, 4811 }, // ¼
    { 20, 25, 20, 0, 25, 63, 4874 }, // ½
    { 20, 25, 20, 0, 25, 63, 4937 }, // ¾
    { 13, 25, 20, 3, 19, 41, 5000 }, // ¿
    { 18, 33, 20, 1, 33, 75, 5041 }, // À
    { 18, 33, 20, 1, 33, 75, 5116 }, // Á
    { 18, 33, 20, 1, 33, 75, 5191 }, // Â
    { 18, 33, 20, 1, 33, 75, 5266 }, // Ã
    { 18, 32, 20, 1, 32, 72, 5341 }, // Ä
    { 18, 34, 20, 1, 34, 77, 5413 }, // Å
    { 19, 25, 20, 0, 25, 60, 5490 }, // Æ
    { 15, 32, 20, 3, 25, 60, 5550 }, // Ç
    { 15, 33, 20, 3, 33, 62, 5610 }, // È
    { 15, 33, 20, 3, 33, 62, 5672 }, // É
    { 15, 33, 20, 3, 33, 62, 5734 }, // Ê
    { 15, 32, 20, 3, 32, 60, 5796 }, // Ë
    { 14, 33, 20, 3, 33, 58, 5856 }, // Ì
    { 14, 33, 20, 3, 33, 58, 5914 }, // Í
    { 14, 33, 20, 3, 33, 58, 5972 }, // Î
    { 14, 32, 20, 3, 32, 56, 6030 }, // Ï
    { 17, 25, 20, 0, 25, 54, 6086 }, // Ð
    { 15, 33, 20, 2, 33, 62, 6140 }, // Ñ
    { 15, 33, 20, 2, 33, 62, 6202 }, // Ò
    { 15, 33, 20, 2, 33, 62, 6264 }, // Ó
    { 15, 33, 20, 2, 33, 62, 6326 }, // Ô
    { 15, 33, 20, 2, 33, 62, 6388 }, // Õ
    { 15, 32, 20, 2, 32, 60, 6450 }, // Ö
    { 14, 14, 20, 3, 18, 25, 6510 }, // ×
    { 18, 27, 20, 1, 26, 61, 6535 }, // Ø
    { 15, 33, 20, 2, 33, 62, 6596 }, // Ù
    { 15, 33, 20, 2, 33, 62, 6658 }, // Ú
    { 15, 33, 20, 2, 33, 62, 6720 }, // Û
    { 15, 32, 20, 2, 32, 60, 6782 }, // Ü
    { 18, 33, 20, 1, 33, 75, 6842 }, // Ý
    { 17, 25, 20, 2, 25, 54, 6917 }, // Þ
    { 15, 25, 20, 3, 25, 47, 6971 }, // ß
    { 15, 27, 20, 2, 27, 51, 7018 }, // à
    { 15, 27, 20, 2, 27, 51, 7069 }, // á
    { 15, 27, 20, 2, 27, 51, 7120 }, // â
    { 15, 27, 20, 2, 27, 51, 7171 }, // ã
    { 15, 26, 20, 2, 26, 49, 7222 }, // ä
    { 15, 29, 20, 2, 29, 55, 7271 }, // å
    { 18, 19, 20, 1, 19, 43, 7326 }, // æ
    { 16, 26, 20, 2, 19, 52, 7369 }, // ç
    { 16, 27, 20, 2, 27, 54, 7421 }, // è
    { 16, 27, 20, 2, 27, 54, 7475 }, // é
    { 16, 27, 20, 2, 27, 54, 7529 }, // ê
    { 16, 26, 20, 2, 26, 52, 7583 }, // ë
    { 17, 27, 20, 2, 27, 58, 7635 }, // ì
    { 17, 27, 20, 2, 27, 58, 7693 }, // í
    { 17, 27, 20, 2, 27, 58, 7751 }, // î
    { 17, 26, 20, 2, 26, 56, 7809 }, // ï
    { 16, 26, 20, 2, 26, 52, 7865 }, // ð
    { 14, 27, 20, 3, 27, 48, 7917 }, // ñ
    { 16, 27, 20, 2, 27, 54, 7965 }, // ò
    { 16, 27, 20, 2, 27, 54, 8019 }, // ó
    { 16, 27, 20, 2, 27, 54, 8073 }, // ô
    { 16, 27, 20, 2, 27, 54, 8127 }, // õ
    { 16, 26, 20, 2, 26, 52, 8181 }, // ö
    { 14, 19, 20, 3, 21, 34, 8233 }, // ÷
    { 18, 22, 20, 1, 21, 50, 8267 }, // ø
    { 15, 27, 20, 2, 27, 51, 8317 }, // ù
    { 15, 27, 20, 2, 27, 51, 8368 }, // ú
    { 15, 27, 20, 2, 27, 51, 8419 }, // û
    { 15, 26, 20, 2, 26, 49, 8470 }, // ü
    { 18, 33, 20, 1, 27, 75, 8519 }, // ý
    { 15, 31, 20, 2, 25, 59, 8594 }, // þ
    { 18, 32, 20, 1, 26, 72, 8653 }, // ÿ
    { 18, 32, 20, 1, 32, 72, 8725 }, // Ā
    { 15, 26, 20, 2, 26, 49, 8797 }, // ā
    { 18, 32, 20, 1, 32, 72, 8846 }, // Ă
    { 15, 27, 20, 2, 27, 51, 8918 }, // ă
    { 19, 32, 20, 1, 25, 76, 8969 }, // Ą
    { 17, 26, 20, 2, 19, 56, 9045 }, // ą
    { 15, 33, 20, 3, 33, 62, 9101 }, // Ć
    { 16, 27, 20, 2, 27, 54, 9163 }, // ć
    { 15, 33, 20, 3, 33, 62, 9217 }, // Ĉ
    { 16, 27, 20, 2, 27, 54, 9279 }, // ĉ
    { 15, 32, 20, 3, 32, 60, 9333 }, // Ċ
    { 16, 26, 20, 2, 26, 52, 9393 }, // ċ
    { 15, 33, 20, 3, 33, 62, 9445 }, // Č
    { 16, 27, 20, 2, 27, 54, 9507 }, // č
    { 14, 33, 20, 3, 33, 58, 9561 }, // Ď
    { 18, 25, 20, 2, 25, 57, 9619 }, // ď
    { 17, 25, 20, 0, 25, 54, 9676 }, // Đ
    { 18, 25, 20, 2, 25, 57, 9730 }, // đ
    { 15, 32, 20, 3, 32, 60, 9787 }, // Ē
    { 16, 26, 20, 2, 26, 52, 9847 }, // ē
    { 15, 32, 20, 3, 32, 60, 9899 }, // Ĕ
    { 16, 27, 20, 2, 27, 54, 9959 }, // ĕ
    { 15, 32, 20, 3, 32, 60, 10013 }, // Ė
    { 16, 26, 20, 2, 26, 52, 10073 }, // ė
    { 15, 32, 20, 3, 25, 60, 10125 }, // Ę
    { 15, 26, 20, 2, 19, 49, 10185 }, // ę
    { 15, 33, 20, 3, 33, 62, 10234 }, // Ě
    { 16, 27, 20, 2, 27, 54, 10296 }, // ě
    { 16, 33, 20, 2, 33, 66, 10350 }, // Ĝ
    { 15, 33, 20, 2, 27, 62, 10416 }, // ĝ
    { 16, 32, 20, 2, 32, 64, 10478 }, // Ğ
    { 15, 33, 20, 2, 27, 62, 10542 }, // ğ
    { 16, 32, 20, 2, 32, 64, 10604 }, // Ġ
    { 15, 32, 20, 2, 26, 60, 10668 }, // ġ
    { 16, 33, 20, 2, 25, 66, 10728 }, // Ģ
    { 15, 36, 20, 2, 30, 68, 10794 }, // ģ
    { 14, 33, 20, 3, 33, 58, 10862 }, // Ĥ
    { 19, 33, 20, -2, 33, 79, 10920 }, // ĥ
    { 20, 25, 20, 0, 25, 63, 10999 }, // Ħ
    { 17, 25, 20, 0, 25, 54, 11062 }, // ħ
    { 14, 33, 20, 3, 33, 58, 11116 }, // Ĩ
    { 17, 27, 20, 2, 27, 58, 11174 }, // ĩ
    { 14, 32, 20, 3, 32, 56, 11232 }, // Ī
    { 17, 26, 20, 2, 26, 56, 11288 }, // ī
    { 14, 32, 20, 3, 32, 56, 11344 }, // Ĭ
    { 17, 27, 20, 2, 27, 58, 11400 }, // ĭ
    { 14, 32, 20, 3, 25, 56, 11458 }, // Į
    { 17, 33, 20, 2, 26, 71, 11514 }, // į
    { 14, 32, 20, 3, 32, 56, 11585 }, // İ
    { 17, 19, 20, 2, 19, 41, 11641 }, // ı
    { 19, 25, 20, 0, 25, 60, 11682 }, // Ĳ
    { 16, 32, 20, 2, 26, 64, 11742 }, // ĳ
    { 20, 33, 20, 1, 33, 83, 11806 }, // Ĵ
    { 17, 33, 20, 2, 27, 71, 11889 }, // ĵ
    { 16, 33, 20, 3, 25, 66, 11960 }, // Ķ
    { 16, 33, 20, 3, 25, 66, 12026 }, // ķ
    { 16, 19, 20, 3, 19, 38, 12092 }, // ĸ
    { 16, 33, 20, 3, 33, 66, 12130 }, // Ĺ
    { 19, 33, 20, 0, 33, 79, 12196 }, // ĺ
    { 15, 33, 20, 4, 25, 62, 12275 }, // Ļ
    { 19, 33, 20, 0, 25, 79, 12337 }, // ļ
    { 15, 25, 20, 4, 25, 47, 12416 }, // Ľ
    { 19, 25, 20, 0, 25, 60, 12463 }, // ľ
    { 15, 25, 20, 4, 25, 47, 12523 }, // Ŀ
    { 21, 25, 20, 0, 25, 66, 12570 }, // ŀ
    { 19, 25, 20, 0, 25, 60, 12636 }, // Ł
    { 19, 25, 20, 0, 25, 60, 12696 }, // ł
    { 15, 33, 20, 2, 33, 62, 12756 }, // Ń
    { 14, 27, 20, 3, 27, 48, 12818 }, // ń
    { 15, 33, 20, 2, 25, 62, 12866 }, // Ņ
    { 14, 27, 20, 3, 19, 48, 12928 }, // ņ
    { 15, 33, 20, 2, 33, 62, 12976 }, // Ň
    { 14, 27, 20, 3, 27, 48, 13038 }, // ň
    { 18, 26, 20, -1, 26, 59, 13086 }, // ŉ
    { 15, 31, 20, 2, 25, 59, 13145 }, // Ŋ
    { 14, 25, 20, 3, 19, 44, 13204 }, // ŋ
    { 15, 32, 20, 2, 32, 60, 13248 }, // Ō
    { 16, 26, 20, 2, 26, 52, 13308 }, // ō
    { 15, 32, 20, 2, 32, 60, 13360 }, // Ŏ
    { 16, 27, 20, 2, 27, 54, 13420 }, // ŏ
    { 16, 33, 20, 2, 33, 66, 13474 }, // Ő
    { 16, 27, 20, 2, 27, 54, 13540 }, // ő
    { 18, 25, 20, 1, 25, 57, 13594 }, // Œ
    { 18, 19, 20, 1, 19, 43, 13651 }, // œ
    { 15, 33, 20, 3, 33, 62, 13694 }, // Ŕ
    { 15, 27, 20, 3, 27, 51, 13756 }, // ŕ
    { 15, 33, 20, 3, 25, 62, 13807 }, // Ŗ
    { 17, 27, 20, 1, 19, 58, 13869 }, // ŗ
    { 15, 33, 20, 3, 33, 62, 13927 }, // Ř
    { 15, 27, 20, 3, 27, 51, 13989 }, // ř
    { 16, 33, 20, 2, 33, 66, 14040 }, // Ś
    { 15, 27, 20, 2, 27, 51, 14106 }, // ś
    { 16, 33, 20, 2, 33, 66, 14157 }, // Ŝ
    { 15, 27, 20, 2, 27, 51, 14223 }, // ŝ
    { 16, 32, 20, 2, 25, 64, 14274 }, // Ş
    { 15, 26, 20, 2, 19, 49, 14338 }, // ş
    { 16, 33, 20, 2, 33, 66, 14387 }, // Š
    { 15, 27, 20, 2, 27, 51, 14453 }, // š
    { 17, 32, 20, 1, 25, 68, 14504 }, // Ţ
    { 17, 31, 20, 1, 24, 66, 14572 }, // ţ
    { 17, 33, 20, 1, 33, 71, 14638 }, // Ť
    { 17, 27, 20, 1, 27, 58, 14709 }, // ť
    { 17, 25, 20, 1, 25, 54, 14767 }, // Ŧ
    { 17, 24, 20, 1, 24, 51, 14821 }, // ŧ
    { 15, 33, 20, 2, 33, 62, 14872 }, // Ũ
    { 15, 27, 20, 2, 27, 51, 14934 }, // ũ
    { 15, 32, 20, 2, 32, 60, 14985 }, // Ū
    { 15, 26, 20, 2, 26, 49, 15045 }, // ū
    { 15, 32, 20, 2, 32, 60, 15094 }, // Ŭ
    { 15, 27, 20, 2, 27, 51, 15154 }, // ŭ
    { 15, 34, 20, 2, 34, 64, 15205 }, // Ů
    { 15, 29, 20, 2, 29, 55, 15269 }, // ů
    { 16, 33, 20, 2, 33, 66, 15324 }, // Ű
    { 16, 27, 20, 2, 27, 54, 15390 }, // ű
    { 15, 32, 20, 2, 25, 60, 15444 }, // Ų
    { 15, 26, 20, 2, 19, 49, 15504 }, // ų
    { 20, 33, 20, 0, 33, 83, 15553 }, // Ŵ
    { 18, 27, 20, 1, 27, 61, 15636 }, // ŵ
    { 18, 33, 20, 1, 33, 75, 15697 }, // Ŷ
    { 18, 33, 20, 1, 27, 75, 15772 }, // ŷ
    { 18, 32, 20, 1, 32, 72, 15847 }, // Ÿ
    { 15, 33, 20, 2, 33, 62, 15919 }, // Ź
    { 15, 27, 20, 2, 27, 51, 15981 }, // ź
    { 15, 32, 20, 2, 32, 60, 16032 }, // Ż
    { 15, 26, 20, 2, 26, 49, 16092 }, // ż
    { 15, 33, 20, 2, 33, 62, 16141 }, // Ž
    { 15, 27, 20, 2, 27, 51, 16203 }, // ž
    { 12, 25, 20, 5, 25, 38, 16254 }, // ſ
    { 8, 5, 0, -15, 27, 5, 16292 }, // ̀
    { 8, 5, 0, -13, 27, 5, 16297 }, // ́
    { 13, 5, 0, -16, 27, 9, 16302 }, // ̂
    { 12, 5, 0, -16, 27, 8, 16311 }, // ̃
    { 12, 3, 0, -16, 26, 5, 16319 }, // ̄
    { 12, 5, 0, -16, 27, 8, 16324 }, // ̆
    { 6, 4, 0, -13, 26, 3, 16332 }, // ̇
    { 12, 4, 0, -16, 26, 6, 16335 }, // ̈
    { 7, 7, 0, -13, 29, 7, 16341 }, // ̉
    { 9, 8, 0, -14, 29, 9, 16348 }, // ̊
    { 13, 5, 0, -15, 27, 9, 16357 }, // ̋
    { 13, 5, 0, -16, 27, 9, 16366 }, // ̌
    { 14, 5, 0, -18, 27, 9, 16375 }, // ̏
    { 7, 8, 0, -13, 30, 7, 16384 }, // ̒
    { 5, 6, 0, -8, 22, 4, 16391 }, // ̛
    { 6, 4, 0, -13, -3, 3, 16395 }, // ̣
    { 9, 7, 0, -14, -1, 8, 16398 }, // ̥
    { 8, 5, 0, -14, -3, 5, 16406 }, // ̦
    { 8, 8, 0, -14, 1, 8, 16411 }, // ̧
    { 7, 7, 0, -14, 0, 7, 16419 }, // ̨
    { 22, 3, 0, -21, 13, 9, 16426 }, // ̶
    { 18, 21, 0, -19, 20, 48, 16435 }, // ̷
    { 14, 26, 0, -17, 22, 46, 16483 }, // ̸
    { 15, 32, 20, 3, 32, 60, 16529 }, // Ё
    { 18, 31, 20, 0, 25, 70, 16589 }, // Ђ
    { 15, 33, 20, 4, 33, 62, 16659 }, // Ѓ
    { 15, 25, 20, 3, 25, 47, 16721 }, // Є
    { 16, 25, 20, 2, 25, 50, 16768 }, // Ѕ
    { 14, 25, 20, 3, 25, 44, 16818 }, // І
    { 14, 32, 20, 3, 32, 56, 16862 }, // Ї
    { 16, 25, 20, 1, 25, 50, 16918 }, // Ј
    { 21, 25, 20, -1, 25, 66, 16968 }, // Љ
    { 19, 25, 20, 1, 25, 60, 17034 }, // Њ
    { 18, 25, 20, 0, 25, 57, 17094 }, // Ћ
    { 16, 33, 20, 3, 33, 66, 17151 }, // Ќ
    { 18, 32, 20, 1, 32, 72, 17217 }, // Ў
    { 14, 29, 20, 3, 25, 51, 17289 }, // Џ
    { 18, 25, 20, 1, 25, 57, 17340 }, // А
    { 15, 25, 20, 3, 25, 47, 17397 }, // Б
    { 15, 25, 20, 3, 25, 47, 17444 }, // В
    { 15, 25, 20, 4, 25, 47, 17491 }, // Г
    { 19, 30, 20, 0, 25, 72, 17538 }, // Д
    { 15, 25, 20, 3, 25, 47, 17610 }, // Е
    { 20, 25, 20, 0, 25, 63, 17657 }, // Ж
    { 17, 25, 20, 1, 25, 54, 17720 }, // З
    { 15, 25, 20, 2, 25, 47, 17774 }, // И
    { 15, 32, 20, 2, 32, 60, 17821 }, // Й
    { 16, 25, 20, 3, 25, 50, 17881 }, // К
    { 17, 25, 20, 0, 25, 54, 17931 }, // Л
    { 16, 25, 20, 2, 25, 50, 17985 }, // М
    { 14, 25, 20, 3, 25, 44, 18035 }, // Н
    { 15, 25, 20, 2, 25, 47, 18079 }, // О
    { 14, 25, 20, 3, 25, 44, 18126 }, // П
    { 16, 25, 20, 3, 25, 50, 18170 }, // Р
    { 15, 25, 20, 3, 25, 47, 18220 }, // С
    { 17, 25, 20, 1, 25, 54, 18267 }, // Т
    { 18, 25, 20, 1, 25, 57, 18321 }, // У
    { 18, 28, 20, 1, 27, 63, 18378 }, // Ф
    { 18, 25, 20, 1, 25, 57, 18441 }, // Х
    { 16, 30, 20, 3, 25, 60, 18498 }, // Ц
    { 15, 25, 20, 2, 25, 47, 18558 }, // Ч
    { 17, 25, 20, 1, 25, 54, 18605 }, // Ш
    { 19, 30, 20, 1, 25, 72, 18659 }, // Щ
    { 20, 25, 20, -1, 25, 63, 18731 }, // Ъ
    { 17, 25, 20, 1, 25, 54, 18794 }, // Ы
    { 16, 25, 20, 3, 25, 50, 18848 }, // Ь
    { 15, 25, 20, 2, 25, 47, 18898 }, // Э
    { 18, 25, 20, 1, 25, 57, 18945 }, // Ю
    { 16, 25, 20, 1, 25, 50, 19002 }, // Я
    { 15, 19, 20, 2, 19, 36, 19052 }, // а
    { 15, 26, 20, 2, 26, 49, 19088 }, // б
    { 15, 19, 20, 3, 19, 36, 19137 }, // в
    { 14, 19, 20, 4, 19, 34, 19173 }, // г
    { 19, 24, 20, 0, 19, 57, 19207 }, // д
    { 16, 19, 20, 2, 19, 38, 19264 }, // е
    { 20, 19, 20, 0, 19, 48, 19302 }, // ж
    { 16, 19, 20, 2, 19, 38, 19350 }, // з
    { 14, 19, 20, 3, 19, 34, 19388 }, // и
    { 14, 27, 20, 3, 27, 48, 19422 }, // й
    { 16, 19, 20, 3, 19, 38, 19470 }, // к
    { 17, 19, 20, 0, 19, 41, 19508 }, // л
    { 16, 19, 20, 2, 19, 38, 19549 }, // м
    { 14, 19, 20, 3, 19, 34, 19587 }, // н
    { 16, 19, 20, 2, 19, 38, 19621 }, // о
    { 14, 19, 20, 3, 19, 34, 19659 }, // п
    { 14, 25, 20, 3, 19, 44, 19693 }, // р
    { 16, 19, 20, 2, 19, 38, 19737 }, // с
    { 17, 19, 20, 1, 19, 41, 19775 }, // т
    { 18, 25, 20, 1, 19, 57, 19816 }, // у
    { 18, 31, 20, 1, 25, 70, 19873 }, // ф
    { 18, 19, 20, 1, 19, 43, 19943 }, // х
    { 16, 24, 20, 3, 19, 48, 19986 }, // ц
    { 15, 19, 20, 2, 19, 36, 20034 }, // ч
    { 17, 19, 20, 1, 19, 41, 20070 }, // ш
    { 19, 24, 20, 1, 19, 57, 20111 }, // щ
    { 19, 19, 20, 0, 19, 46, 20168 }, // ъ
    { 17, 19, 20, 1, 19, 41, 20214 }, // ы
    { 16, 19, 20, 3, 19, 38, 20255 }, // ь
    { 15, 19, 20, 2, 19, 36, 20293 }, // э
    { 18, 19, 20, 1, 19, 43, 20329 }, // ю
    { 15, 19, 20, 2, 19, 36, 20372 }, // я
    { 16, 26, 20, 2, 26, 52, 20408 }, // ё
    { 17, 31, 20, 0, 25, 66, 20460 }, // ђ
    { 14, 27, 20, 4, 27, 48, 20526 }, // ѓ
    { 16, 19, 20, 2, 19, 38, 20574 }, // є
    { 15, 19, 20, 2, 19, 36, 20612 }, // ѕ
    { 17, 26, 20, 2, 26, 56, 20648 }, // і
    { 17, 26, 20, 2, 26, 56, 20704 }, // ї
    { 13, 32, 20, 2, 26, 52, 20760 }, // ј
    { 20, 19, 20, 0, 19, 48, 20812 }, // љ
    { 18, 19, 20, 2, 19, 43, 20860 }, // њ
    { 17, 25, 20, 0, 25, 54, 20903 }, // ћ
    { 16, 27, 20, 3, 27, 54, 20957 }, // ќ
    { 18, 33, 20, 1, 27, 75, 21011 }, // ў
    { 14, 23, 20, 3, 19, 41, 21086 }, // џ
    { 15, 28, 20, 4, 28, 53, 21127 }, // Ґ
    { 14, 22, 20, 4, 22, 39, 21180 }, // ґ
    { 19, 25, 20, 0, 25, 60, 21219 }, // Ғ
    { 17, 19, 20, 1, 19, 41, 21279 }, // ғ
    { 18, 30, 20, 2, 25, 68, 21320 }, // Қ
    { 16, 24, 20, 3, 19, 48, 21388 }, // қ
    { 17, 30, 20, 2, 25, 64, 21436 }, // Ң
    { 16, 24, 20, 3, 19, 48, 21500 }, // ң
    { 18, 25, 20, 1, 25, 57, 21548 }, // Ү
    { 17, 25, 20, 1, 19, 54, 21605 }, // ү
    { 18, 25, 20, 1, 25, 57, 21659 }, // Ұ
    { 17, 25, 20, 1, 19, 54, 21716 }, // ұ
    { 16, 30, 20, 2, 25, 60, 21770 }, // Ҷ
    { 16, 24, 20, 2, 19, 48, 21830 }, // ҷ
    { 15, 25, 20, 3, 25, 47, 21878 }, // Һ
    { 15, 19, 20, 3, 19, 36, 21925 }, // һ
    { 15, 25, 20, 2, 25, 47, 21961 }, // Ә
    { 16, 19, 20, 2, 19, 38, 22008 }, // ә
    { 20, 32, 20, 0, 32, 80, 22046 }, // Ӝ
    { 20, 26, 20, 0, 26, 65, 22126 }, // ӝ
    { 17, 32, 20, 1, 32, 68, 22191 }, // Ӟ
    { 16, 26, 20, 2, 26, 52, 22259 }, // ӟ
    { 15, 32, 20, 2, 32, 60, 22311 }, // Ӥ
    { 14, 26, 20, 3, 26, 46, 22371 }, // ӥ
    { 15, 32, 20, 2, 32, 60, 22417 }, // Ӧ
    { 16, 26, 20, 2, 26, 52, 22477 }, // ӧ
    { 15, 25, 20, 2, 25, 47, 22529 }, // Ө
    { 15, 19, 20, 2, 19, 36, 22576 }, // ө
    { 15, 32, 20, 2, 32, 60, 22612 }, // Ӵ
    { 15, 26, 20, 2, 26, 49, 22672 }, // ӵ
    { 0, 0, 20, 0, 0, 0, 22721 }, //  
    { 0, 0, 20, 0, 0, 0, 22721 }, // ​
    { 12, 3, 20, 4, 13, 5, 22721 }, // ‐
    { 16, 3, 20, 2, 13, 6, 22726 }, // –
    { 20, 3, 20, 0, 13, 8, 22732 }, // —
    { 12, 32, 20, 4, 28, 48, 22740 }, // ‖
    { 7, 10, 20, 6, 25, 9, 22788 }, // ‘
    { 6, 10, 20, 7, 24, 8, 22797 }, // ’
    { 6, 10, 20, 7, 5, 8, 22805 }, // ‚
    { 7, 10, 20, 6, 25, 9, 22813 }, // ‛
    { 14, 10, 20, 3, 25, 18, 22822 }, // “
    { 14, 10, 20, 3, 25, 18, 22840 }, // ”
    { 15, 10, 20, 3, 5, 19, 22858 }, // „
    { 14, 10, 20, 3, 25, 18, 22877 }, // ‟
    { 16, 33, 20, 2, 29, 66, 22895 }, // †
    { 16, 33, 20, 2, 29, 66, 22961 }, // ‡
    { 9, 8, 20, 5, 16, 9, 23027 }, // •
    { 6, 5, 20, 7, 5, 4, 23036 }, // ․
    { 17, 6, 20, 1, 6, 13, 23040 }, // …
    { 22, 25, 20, -1, 25, 69, 23053 }, // ‰
    { 7, 10, 20, 6, 24, 9, 23122 }, // ′
    { 14, 10, 20, 3, 24, 18, 23131 }, // ″
    { 20, 10, 20, 0, 24, 25, 23149 }, // ‴
    { 11, 16, 20, 4, 17, 22, 23174 }, // ‹
    { 11, 16, 20, 4, 17, 22, 23196 }, // ›
    { 14, 25, 20, 3, 25, 44, 23218 }, // ‼
    { 13, 25, 20, 4, 25, 41, 23262 }, // ‽
    { 22, 3, 20, -1, 28, 9, 23303 }, // ‾
    { 20, 6, 20, 0, 0, 15, 23312 }, // ‿
    { 20, 25, 20, 0, 25, 63, 23327 }, // ⁄
    { 9, 32, 20, 6, 28, 36, 23390 }, // ⁅
    { 10, 32, 20, 4, 28, 40, 23426 }, // ⁆
    { 12, 14, 20, 4, 27, 21, 23466 }, // ⁰
    { 11, 14, 20, 4, 27, 20, 23487 }, // ⁴
    { 12, 14, 20, 4, 27, 21, 23507 }, // ⁵
    { 12, 14, 20, 4, 27, 21, 23528 }, // ⁶
    { 12, 14, 20, 4, 27, 21, 23549 }, // ⁷
    { 12, 14, 20, 4, 27, 21, 23570 }, // ⁸
    { 12, 14, 20, 4, 27, 21, 23591 }, // ⁹
    { 10, 9, 20, 5, 19, 12, 23612 }, // ⁺
    { 11, 7, 20, 4, 22, 10, 23624 }, // ⁼
    { 12, 14, 20, 4, 10, 21, 23634 }, // ₀
    { 12, 14, 20, 4, 10, 21, 23655 }, // ₁
    { 12, 14, 20, 4, 10, 21, 23676 }, // ₂
    { 12, 14, 20, 4, 10, 21, 23697 }, // ₃
    { 11, 14, 20, 4, 10, 20, 23718 }, // ₄
    { 12, 14, 20, 4, 10, 21, 23738 }, // ₅
    { 12, 14, 20, 4, 10, 21, 23759 }, // ₆
    { 12, 14, 20, 4, 10, 21, 23780 }, // ₇
    { 12, 14, 20, 4, 10, 21, 23801 }, // ₈
    { 12, 14, 20, 4, 10, 21, 23822 }, // ₉
    { 18, 28, 20, 2, 25, 63, 23843 }, // ₫
    { 18, 25, 20, 0, 25, 57, 23906 }, // €
    { 18, 25, 20, 1, 25, 57, 23963 }, // ₮
    { 18, 25, 20, 1, 25, 57, 24020 }, // ₴
    { 19, 25, 20, 0, 25, 60, 24077 }, // ₽
    { 15, 35, 20, 3, 30, 66, 24137 }, // ₿
    { 20, 19, 20, 0, 21, 48, 24203 }, // ←
    { 18, 25, 20, 1, 25, 57, 24251 }, // ↑
    { 20, 19, 20, 0, 21, 48, 24308 }, // →
    { 18, 25, 20, 1, 24, 57, 24356 }, // ↓
    { 26, 19, 20, -3, 21, 62, 24413 }, // ↔
    { 18, 36, 20, 1, 30, 81, 24475 }, // ↕
    { 18, 17, 20, 1, 25, 39, 24556 }, // ↖
    { 17, 17, 20, 1, 25, 37, 24595 }, // ↗
    { 17, 17, 20, 1, 17, 37, 24632 }, // ↘
    { 18, 17, 20, 1, 17, 39, 24669 }, // ↙
    { 20, 10, 20, 0, 15, 25, 24708 }, // ↝
    { 20, 13, 20, 0, 16, 33, 24733 }, // ↞
    { 20, 13, 20, 0, 16, 33, 24766 }, // ↠
    { 20, 13, 20, 0, 16, 33, 24799 }, // ↢
    { 20, 13, 20, 0, 16, 33, 24832 }, // ↣
    { 14, 18, 20, 3, 18, 32, 24865 }, // ↥
    { 20, 13, 20, 0, 16, 33, 24897 }, // ↦
    { 14, 19, 20, 3, 19, 34, 24930 }, // ↧
    { 20, 21, 20, 0, 24, 53, 24964 }, // ↩
    { 20, 21, 20, 0, 24, 53, 25017 }, // ↪
    { 20, 12, 20, 0, 15, 30, 25070 }, // ↭
    { 9, 34, 20, 8, 28, 39, 25100 }, // ↾
    { 20, 21, 20, 0, 20, 53, 25139 }, // ⇉
    { 20, 20, 20, 0, 21, 50, 25192 }, // ⇐
    { 22, 34, 20, -1, 28, 94, 25242 }, // ⇑
    { 20, 20, 20, 0, 21, 50, 25336 }, // ⇒
    { 22, 34, 20, -1, 27, 94, 25386 }, // ⇓
    { 26, 20, 20, -3, 21, 65, 25480 }, // ⇔
    { 20, 20, 20, 0, 21, 50, 25545 }, // ⇛
    { 14, 26, 20, 3, 26, 46, 25595 }, // ⇞
    { 14, 26, 20, 3, 25, 46, 25641 }, // ⇟
    { 20, 14, 20, 0, 18, 35, 25687 }, // ⇥
    { 20, 27, 20, 0, 26, 68, 25722 }, // ⇧
    { 20, 20, 20, 0, 21, 50, 25790 }, // ⇨
    { 20, 27, 20, 0, 26, 68, 25840 }, // ⇪
    { 18, 24, 20, 1, 24, 54, 25908 }, // ∀
    { 11, 19, 20, 5, 19, 27, 25962 }, // ∁
    { 15, 25, 20, 2, 25, 47, 25989 }, // ∂
    { 15, 24, 20, 2, 24, 45, 26036 }, // ∃
    { 15, 32, 20, 2, 28, 60, 26081 }, // ∄
    { 22, 25, 20, -1, 25, 69, 26141 }, // ∅
    { 18, 25, 20, 1, 25, 57, 26210 }, // ∆
    { 18, 25, 20, 1, 24, 57, 26267 }, // ∇
    { 18, 19, 20, 1, 21, 43, 26324 }, // ∈
    { 18, 29, 20, 1, 26, 66, 26367 }, // ∉
    { 10, 11, 20, 5, 16, 14, 26433 }, // ∊
    { 18, 19, 20, 1, 21, 43, 26447 }, // ∋
    { 18, 29, 20, 1, 26, 66, 26490 }, // ∌
    { 13, 17, 20, 3, 17, 28, 26556 }, // ∎
    { 18, 31, 20, 1, 24, 70, 26584 }, // ∏
    { 18, 30, 20, 1, 24, 68, 26654 }, // ∐
    { 17, 30, 20, 1, 24, 64, 26722 }, // ∑
    { 12, 3, 20, 4, 13, 5, 26786 }, // −
    { 16, 20, 20, 2, 19, 40, 26791 }, // ∓
    { 20, 25, 20, 0, 25, 63, 26831 }, // ∕
    { 9, 9, 20, 5, 15, 11, 26894 }, // ∘
    { 6, 5, 20, 7, 13, 4, 26905 }, // ∙
    { 20, 24, 20, 0, 24, 60, 26909 }, // √
    { 18, 11, 20, 1, 16, 25, 26969 }, // ∞
    { 4, 24, 20, 8, 24, 12, 26994 }, // ∣
    { 12, 24, 20, 4, 24, 36, 27006 }, // ∤
    { 10, 24, 20, 5, 24, 30, 27042 }, // ∥
    { 17, 17, 20, 1, 19, 37, 27072 }, // ∧
    { 17, 17, 20, 1, 19, 37, 27109 }, // ∨
    { 18, 25, 20, 1, 24, 57, 27146 }, // ∩
    { 18, 24, 20, 1, 24, 54, 27203 }, // ∪
    { 18, 30, 20, 0, 24, 68, 27257 }, // ∫
    { 19, 19, 20, 0, 19, 46, 27325 }, // ∴
    { 19, 19, 20, 0, 19, 46, 27371 }, // ∵
    { 6, 19, 20, 7, 19, 15, 27417 }, // ∶
    { 17, 17, 20, 1, 17, 37, 27432 }, // ∷
    { 12, 11, 20, 4, 17, 17, 27469 }, // ∸
    { 20, 15, 20, 0, 18, 38, 27486 }, // ∹
    { 16, 7, 20, 2, 15, 14, 27524 }, // ∼
    { 18, 10, 20, 1, 16, 23, 27538 }, // ∾
    { 16, 13, 20, 2, 19, 26, 27561 }, // ≃
    { 16, 20, 20, 2, 23, 40, 27587 }, // ≅
    { 16, 29, 20, 2, 26, 58, 27627 }, // ≇
    { 16, 15, 20, 2, 18, 30, 27685 }, // ≈
    { 16, 29, 20, 2, 26, 58, 27715 }, // ≉
    { 16, 20, 20, 2, 21, 40, 27773 }, // ≋
    { 18, 14, 20, 1, 18, 32, 27813 }, // ≍
    { 20, 16, 20, 0, 19, 40, 27845 }, // ≔
    { 15, 21, 20, 2, 24, 40, 27885 }, // ≗
    { 15, 24, 20, 2, 27, 45, 27925 }, // ≟
    { 15, 28, 20, 2, 26, 53, 27970 }, // ≠
    { 15, 17, 20, 2, 20, 32, 28023 }, // ≡
    { 15, 27, 20, 2, 25, 51, 28055 }, // ≢
    { 15, 16, 20, 2, 19, 30, 28106 }, // ≣
    { 15, 24, 20, 2, 24, 45, 28136 }, // ≤
    { 15, 24, 20, 2, 24, 45, 28181 }, // ≥
    { 20, 18, 20, 0, 20, 45, 28226 }, // ≪
    { 20, 18, 20, 0, 20, 45, 28271 }, // ≫
    { 10, 22, 20, 5, 20, 28, 28316 }, // ≬
    { 18, 22, 20, 1, 22, 50, 28344 }, // ≭
    { 15, 27, 20, 2, 25, 51, 28394 }, // ≮
    { 15, 27, 20, 2, 25, 51, 28445 }, // ≯
    { 15, 30, 20, 2, 26, 57, 28496 }, // ≰
    { 15, 30, 20, 2, 26, 57, 28553 }, // ≱
    { 16, 24, 20, 2, 24, 48, 28610 }, // ≲
    { 16, 24, 20, 2, 24, 48, 28658 }, // ≳
    { 17, 19, 20, 1, 20, 41, 28706 }, // ≺
    { 16, 19, 20, 2, 20, 38, 28747 }, // ≻
    { 17, 24, 20, 1, 24, 51, 28785 }, // ≼
    { 18, 16, 20, 1, 20, 36, 28836 }, // ⊂
    { 19, 16, 20, 0, 20, 38, 28872 }, // ⊃
    { 18, 28, 20, 1, 26, 63, 28910 }, // ⊄
    { 19, 28, 20, 0, 26, 67, 28973 }, // ⊅
    { 18, 23, 20, 1, 23, 52, 29040 }, // ⊆
    { 19, 23, 20, 0, 23, 55, 29092 }, // ⊇
    { 18, 32, 20, 1, 28, 72, 29147 }, // ⊈
    { 19, 32, 20, 0, 28, 76, 29219 }, // ⊉
    { 16, 25, 20, 2, 24, 50, 29295 }, // ⊎
    { 18, 16, 20, 1, 19, 36, 29345 }, // ⊏
    { 19, 16, 20, 0, 19, 38, 29381 }, // ⊐
    { 18, 23, 20, 1, 23, 52, 29419 }, // ⊑
    { 19, 23, 20, 0, 23, 55, 29471 }, // ⊒
    { 17, 18, 20, 1, 18, 39, 29526 }, // ⊓
    { 17, 18, 20, 1, 18, 39, 29565 }, // ⊔
    { 22, 21, 20, -1, 22, 58, 29604 }, // ⊕
    { 22, 21, 20, -1, 22, 58, 29662 }, // ⊖
    { 22, 21, 20, -1, 22, 58, 29720 }, // ⊗
    { 22, 21, 20, -1, 22, 58, 29778 }, // ⊘
    { 22, 21, 20, -1, 21, 58, 29836 }, // ⊙
    { 22, 21, 20, -1, 22, 58, 29894 }, // ⊛
    { 22, 21, 20, -1, 22, 58, 29952 }, // ⊜
    { 22, 21, 20, -1, 22, 58, 30010 }, // ⊝
    { 20, 20, 20, 0, 21, 50, 30068 }, // ⊞
    { 20, 20, 20, 0, 21, 50, 30118 }, // ⊟
    { 20, 20, 20, 0, 21, 50, 30168 }, // ⊠
    { 20, 20, 20, 0, 21, 50, 30218 }, // ⊡
    { 20, 20, 20, 0, 20, 50, 30268 }, // ⊢
    { 20, 20, 20, 0, 20, 50, 30318 }, // ⊣
    { 20, 20, 20, 0, 20, 50, 30368 }, // ⊤
    { 20, 20, 20, 0, 20, 50, 30418 }, // ⊥
    { 15, 24, 20, 2, 24, 45, 30468 }, // ⊴
    { 20, 7, 20, 0, 14, 18, 30513 }, // ⊸
    { 17, 23, 20, 1, 23, 49, 30531 }, // ⊻
    { 18, 23, 20, 1, 25, 52, 30580 }, // ⊼
    { 18, 23, 20, 1, 25, 52, 30632 }, // ⊽
    { 18, 25, 20, 1, 24, 57, 30684 }, // ⋂
    { 18, 24, 20, 1, 24, 54, 30741 }, // ⋃
    { 10, 10, 20, 5, 16, 13, 30795 }, // ⋄
    { 9, 10, 20, 5, 16, 12, 30808 }, // ⋆
    { 20, 22, 20, 0, 23, 55, 30820 }, // ⋈
    { 20, 22, 20, 0, 23, 55, 30875 }, // ⋉
    { 20, 22, 20, 0, 23, 55, 30930 }, // ⋊
    { 19, 19, 20, 0, 19, 46, 30985 }, // ⋎
    { 18, 19, 20, 1, 21, 43, 31031 }, // ⋐
    { 18, 32, 20, 1, 28, 72, 31074 }, // ⋢
    { 6, 21, 20, 7, 22, 16, 31146 }, // ⋮
    { 22, 5, 20, -1, 14, 14, 31162 }, // ⋯
    { 22, 21, 20, -1, 22, 58, 31176 }, // ⋰
    { 22, 21, 20, -1, 22, 58, 31234 }, // ⋱
    { 22, 25, 20, -1, 25, 69, 31292 }, // �
};

static const EpdUnicodeInterval jetbrainsmono_16_regularIntervals[] = {
    { 0xD, 0xD, 0x0 },
    { 0x20, 0x7E, 0x1 },
    { 0xA0, 0xAC, 0x60 },
    { 0xAE, 0xFF, 0x6D },
    { 0x100, 0x17F, 0xBF },
    { 0x300, 0x304, 0x13F },
    { 0x306, 0x30C, 0x144 },
    { 0x30F, 0x30F, 0x14B },
    { 0x312, 0x312, 0x14C },
    { 0x31B, 0x31B, 0x14D },
    { 0x323, 0x323, 0x14E },
    { 0x325, 0x328, 0x14F },
    { 0x336, 0x338, 0x153 },
    { 0x401, 0x40C, 0x156 },
    { 0x40E, 0x44F, 0x162 },
    { 0x451, 0x45C, 0x1A4 },
    { 0x45E, 0x45F, 0x1B0 },
    { 0x490, 0x493, 0x1B2 },
    { 0x49A, 0x49B, 0x1B6 },
    { 0x4A2, 0x4A3, 0x1B8 },
    { 0x4AE, 0x4B1, 0x1BA },
    { 0x4B6, 0x4B7, 0x1BE },
    { 0x4BA, 0x4BB, 0x1C0 },
    { 0x4D8, 0x4D9, 0x1C2 },
    { 0x4DC, 0x4DF, 0x1C4 },
    { 0x4E4, 0x4E9, 0x1C8 },
    { 0x4F4, 0x4F5, 0x1CE },
    { 0x2001, 0x2001, 0x1D0 },
    { 0x200B, 0x200B, 0x1D1 },
    { 0x2010, 0x2010, 0x1D2 },
    { 0x2013, 0x2014, 0x1D3 },
    { 0x2016, 0x2016, 0x1D5 },
    { 0x2018, 0x2022, 0x1D6 },
    { 0x2024, 0x2024, 0x1E1 },
    { 0x2026, 0x2026, 0x1E2 },
    { 0x2030, 0x2030, 0x1E3 },
    { 0x2032, 0x2034, 0x1E4 },
    { 0x2039, 0x203A, 0x1E7 },
    { 0x203C, 0x203F, 0x1E9 },
    { 0x2044, 0x2046, 0x1ED },
    { 0x2070, 0x2070, 0x1F0 },
    { 0x2074, 0x207A, 0x1F1 },
    { 0x207C, 0x207C, 0x1F8 },
    { 0x2080, 0x2089, 0x1F9 },
    { 0x20AB, 0x20AC, 0x203 },
    { 0x20AE, 0x20AE, 0x205 },
    { 0x20B4, 0x20B4, 0x206 },
    { 0x20BD, 0x20BD, 0x207 },
    { 0x20BF, 0x20BF, 0x208 },
    { 0x2190, 0x2199, 0x209 },
    { 0x219D, 0x219E, 0x213 },
    { 0x21A0, 0x21A0, 0x215 },
    { 0x21A2, 0x21A3, 0x216 },
    { 0x21A5, 0x21A7, 0x218 },
    { 0x21A9, 0x21AA, 0x21B },
    { 0x21AD, 0x21AD, 0x21D },
    { 0x21BE, 0x21BE, 0x21E },
    { 0x21C9, 0x21C9, 0x21F },
    { 0x21D0, 0x21D4, 0x220 },
    { 0x21DB, 0x21DB, 0x225 },
    { 0x21DE, 0x21DF, 0x226 },
    { 0x21E5, 0x21E5, 0x228 },
    { 0x21E7, 0x21E8, 0x229 },
    { 0x21EA, 0x21EA, 0x22B },
    { 0x2200, 0x220C, 0x22C },
    { 0x220E, 0x2213, 0x239 },
    { 0x2215, 0x2215, 0x23F },
    { 0x2218, 0x221A, 0x240 },
    { 0x221E, 0x221E, 0x243 },
    { 0x2223, 0x2225, 0x244 },
    { 0x2227, 0x222B, 0x247 },
    { 0x2234, 0x2239, 0x24C },
    { 0x223C, 0x223C, 0x252 },
    { 0x223E, 0x223E, 0x253 },
    { 0x2243, 0x2243, 0x254 },
    { 0x2245, 0x2245, 0x255 },
    { 0x2247, 0x2249, 0x256 },
    { 0x224B, 0x224B, 0x259 },
    { 0x224D, 0x224D, 0x25A },
    { 0x2254, 0x2254, 0x25B },
    { 0x2257, 0x2257, 0x25C },
    { 0x225F, 0x2265, 0x25D },
    { 0x226A, 0x2273, 0x264 },
    { 0x227A, 0x227C, 0x26E },
    { 0x2282, 0x2289, 0x271 },
    { 0x228E, 0x2299, 0x279 },
    { 0x229B, 0x22A5, 0x285 },
    { 0x22B4, 0x22B4, 0x290 },
    { 0x22B8, 0x22B8, 0x291 },
    { 0x22BB, 0x22BD, 0x292 },
    { 0x22C2, 0x22C4, 0x295 },
    { 0x22C6, 0x22C6, 0x298 },
    { 0x22C8, 0x22CA, 0x299 },
    { 0x22CE, 0x22CE, 0x29C },
    { 0x22D0, 0x22D0, 0x29D },
    { 0x22E2, 0x22E2, 0x29E },
    { 0x22EE, 0x22F1, 0x29F },
    { 0xFFFD, 0xFFFD, 0x2A3 },
};

static const EpdFontData jetbrainsmono_16_regular = {
    jetbrainsmono_16_regularBitmaps,
    jetbrainsmono_16_regularGlyphs,
    jetbrainsmono_16_regularIntervals,
    98,
    44,
    34,
    -10,
    false,
};
