/**
 * generated by fontconvert.py
 * name: jetbrainsmono_13_bold
 * size: 13
 * mode: 1-bit
 * Command used: fontconvert.py jetbrainsmono_13_bold 13 ../builtinFonts/source/JetBrainsMono/JetBrainsMono-Bold.ttf
 */
#pragma once
#include "EpdFontData.h"

static const uint8_t jetbrainsmono_13_boldBitmaps[22106] = {
    0x79, 0xE7, 0x9E, 0x79, 0xE7, 0x9E, 0x79, 0xE7, 0x9E, 0x78, 0x00, 0x00, 0x01, 0xE7, 0xDE, 0xF3,
    0xDE, 0x7B, 0xCF, 0x79, 0xEF, 0x3D, 0xE7, 0xBC, 0xF7, 0x9E, 0x07, 0x1C, 0x07, 0x1C, 0x07, 0x1C,
    0x07, 0x1C, 0x0E, 0x1C, 0x3F, 0xFF, 0x3F, 0xFF, 0x3F, 0xFE, 0x0E, 0x38, 0x1E, 0x38, 0x1C, 0x38,
    0x1C, 0x78, 0x7F, 0xFC, 0x7F, 0xFE, 0x7F, 0xFE, 0x1C, 0x70, 0x38, 0x70, 0x38, 0xE0, 0x38, 0xE0,
    0x38, 0xE0, 0x03, 0x00, 0x0C, 0x00, 0x30, 0x01, 0xF0, 0x1F, 0xF0, 0xFF, 0xE7, 0xFF, 0x9E, 0xDF,
    0x7B, 0x3D, 0xEC, 0x07, 0xB0, 0x1F, 0xC0, 0x3F, 0xE0, 0x7F, 0xC0, 0xFF, 0x80, 0xFF, 0x03, 0x7C,
    0x0C, 0xFF, 0x33, 0xFE, 0xDF, 0x7F, 0xF9, 0xFF, 0xE3, 0xFF, 0x03, 0xF0, 0x03, 0x00, 0x0C, 0x00,
    0x30, 0x00, 0x7E, 0x07, 0x7F, 0x87, 0xBF, 0xC3, 0x9C, 0xE3, 0x8E, 0x73, 0xC7, 0x39, 0xC3, 0xDD,
    0xC1, 0xFF, 0xC0, 0x7F, 0xE0, 0x00, 0xE0, 0x00, 0xE0, 0x00, 0xFF, 0xC0, 0x7F, 0xF0, 0x77, 0xF8,
    0x7B, 0x9C, 0x39, 0xCE, 0x38, 0xE7, 0x3C, 0x73, 0x9C, 0x3F, 0xDC, 0x0F, 0xC0, 0x0F, 0xE0, 0x0F,
    0xF8, 0x07, 0xFE, 0x07, 0xDF, 0x03, 0xC7, 0x81, 0xE1, 0xC0, 0x78, 0x00, 0x3E, 0x00, 0x1F, 0x80,
    0x3F, 0xC0, 0x1F, 0xF1, 0xFF, 0x7D, 0xEF, 0x1F, 0xE7, 0x87, 0xE3, 0xC1, 0xF1, 0xE1, 0xF8, 0xF9,
    0xFE, 0x3F, 0xFF, 0x1F, 0xF3, 0xC3, 0xF1, 0xF0, 0xFF, 0xFF, 0xFF, 0xFF, 0x01, 0x81, 0xE0, 0xF8,
    0x7E, 0x3F, 0x1F, 0x07, 0xC1, 0xE0, 0xF8, 0x3C, 0x0F, 0x03, 0xC0, 0xF0, 0x3C, 0x0F, 0x03, 0xC0,
    0xF0, 0x3C, 0x0F, 0x81, 0xE0, 0x7C, 0x0F, 0x83, 0xF8, 0x7E, 0x0F, 0x80, 0xE0, 0x00, 0xC0, 0x78,
    0x3E, 0x1F, 0x87, 0xE0, 0xF8, 0x3C, 0x1F, 0x07, 0x83, 0xC1, 0xE0, 0xF0, 0x78, 0x3C, 0x1E, 0x0F,
    0x07, 0x83, 0xC3, 0xE1, 0xE1, 0xF1, 0xFB, 0xF9, 0xF8, 0xF8, 0x70, 0x00, 0x00, 0x03, 0xC0, 0x03,
    0xC0, 0x03, 0xC0, 0x23, 0xC2, 0x7B, 0xDE, 0x7F, 0xFE, 0x7F, 0xFE, 0x0F, 0xF8, 0x07, 0xE0, 0x0F,
    0xF0, 0x0F, 0xF8, 0x1E, 0x78, 0x1C, 0x3C, 0x0C, 0x38, 0x07, 0x80, 0x1E, 0x00, 0x78, 0x01, 0xE0,
    0x07, 0x83, 0xFF, 0xFF, 0xFF, 0xFF, 0xFF, 0x07, 0x80, 0x1E, 0x00, 0x78, 0x01, 0xE0, 0x07, 0x80,
    0x7D, 0xE7, 0x9E, 0xFB, 0xCF, 0x3C, 0xFF, 0xFF, 0xFF, 0xFC, 0x7B, 0xFF, 0xFF, 0x78, 0x00, 0x7C,
    0x01, 0xE0, 0x07, 0x80, 0x3E, 0x00, 0xF0, 0x03, 0xC0, 0x1F, 0x00, 0x78, 0x03, 0xE0, 0x0F, 0x00,
    0x3C, 0x01, 0xF0, 0x07, 0x80, 0x1E, 0x00, 0xF0, 0x03, 0xC0, 0x1F, 0x00, 0x78, 0x01, 0xE0, 0x0F,
    0x80, 0x3C, 0x00, 0xF0, 0x07, 0x80, 0x1E, 0x00, 0xF8, 0x00, 0x1F, 0xE0, 0xFF, 0xC7, 0xFF, 0x9F,
    0x3E, 0x78, 0x7D, 0xC0, 0xFF, 0x03, 0xFC, 0x0F, 0xF7, 0xBF, 0xDE, 0xFF, 0x7B, 0xFC, 0x0F, 0xF0,
    0x3F, 0xC0, 0xF7, 0x03, 0xDE, 0x1F, 0x7C, 0xF9, 0xFF, 0xE3, 0xFF, 0x07, 0xF8, 0x0F, 0x81, 0xFC,
    0x1F, 0xE1, 0xFF, 0x0F, 0x78, 0x73, 0xC3, 0x1E, 0x00, 0xF0, 0x07, 0x80, 0x3C, 0x01, 0xE0, 0x0F,
    0x00, 0x78, 0x03, 0xC0, 0x1E, 0x00, 0xF0, 0x07, 0x87, 0xFF, 0xFF, 0xFF, 0xFF, 0xF0, 0x0F, 0xE0,
    0xFF, 0xC7, 0xFF, 0x9F, 0x3E, 0x78, 0x7B, 0xE1, 0xF0, 0x07, 0xC0, 0x1E, 0x00, 0x78, 0x03, 0xE0,
    0x1F, 0x00, 0xF8, 0x07, 0xC0, 0x3E, 0x01, 0xF0, 0x0F, 0x80, 0x7C, 0x01, 0xFF, 0xF7, 0xFF, 0xDF,
    0xFF, 0x7F, 0xF9, 0xFF, 0xE7, 0xFF, 0x80, 0x3C, 0x01, 0xE0, 0x0F, 0x00, 0x78, 0x03, 0xF0, 0x0F,
    0xF0, 0x3F, 0xE0, 0x0F, 0x80, 0x1E, 0x00, 0x7C, 0x01, 0xFF, 0x07, 0xFE, 0x1F, 0x7C, 0xF9, 0xFF,
    0xE3, 0xFF, 0x07, 0xF8, 0x01, 0xF0, 0x0F, 0x00, 0xF0, 0x0F, 0x80, 0x78, 0x07, 0xC0, 0x7C, 0x03,
    0xC0, 0x3E, 0x03, 0xE3, 0xDE, 0x1F, 0xF0, 0xFF, 0x07, 0xFF, 0xFF, 0xFF, 0xFF, 0xFF, 0x00, 0x78,
    0x03, 0xC0, 0x1E, 0x00, 0xF0, 0x7F, 0xF9, 0xFF, 0xE7, 0xFF, 0x9E, 0x00, 0x78, 0x01, 0xE0, 0x07,
    0x80, 0x1F, 0xF8, 0x7F, 0xF1, 0xFF, 0xE0, 0x0F, 0x80, 0x1F, 0x00, 0x3C, 0x00, 0xFF, 0x03, 0xFE,
    0x1F, 0x7C, 0xF9, 0xFF, 0xE3, 0xFF, 0x07, 0xF8, 0x03, 0xE0, 0x1F, 0x00, 0x78, 0x03, 0xE0, 0x0F,
    0x00, 0x7C, 0x01, 0xE0, 0x0F, 0xF0, 0x3F, 0xF1, 0xFF, 0xE7, 0xCF, 0xFE, 0x1F, 0xF0, 0x3F, 0xC0,
    0xFF, 0x03, 0xFE, 0x1F, 0x7C, 0xF9, 0xFF, 0xE3, 0xFF, 0x07, 0xF8, 0xFF, 0xFF, 0xFF, 0xFF, 0xFF,
    0xF7, 0xC1, 0xEF, 0x87, 0xDF, 0x0F, 0x1C, 0x1E, 0x00, 0x7C, 0x00, 0xF0, 0x03, 0xE0, 0x07, 0x80,
    0x1F, 0x00, 0x3C, 0x00, 0x78, 0x01, 0xF0, 0x03, 0xC0, 0x0F, 0x80, 0x1E, 0x00, 0x3C, 0x00, 0xF8,
    0x00, 0x0F, 0xE0, 0xFF, 0xC7, 0xFF, 0x9F, 0x3E, 0x78, 0x7D, 0xE0, 0xF7, 0x87, 0x9F, 0x3E, 0x3F,
    0xF0, 0x7F, 0x83, 0xFF, 0x9F, 0x3E, 0xF8, 0x3F, 0xC0, 0xFF, 0x03, 0xFE, 0x0F, 0x7C, 0xFD, 0xFF,
    0xE3, 0xFF, 0x07, 0xF8, 0x1F, 0xE0, 0xFF, 0xC7, 0xFF, 0x9F, 0x3E, 0xF8, 0x7F, 0xC0, 0xFF, 0x03,
    0xFC, 0x0F, 0xF8, 0x7D, 0xF3, 0xF7, 0xFF, 0x8F, 0xFE, 0x1F, 0xF0, 0x07, 0xC0, 0x1E, 0x00, 0xF8,
    0x07, 0xC0, 0x1E, 0x00, 0xF8, 0x03, 0xC0, 0x7B, 0xFF, 0xDE, 0x00, 0x00, 0x00, 0x00, 0x00, 0x1E,
    0xFF, 0xF7, 0x80, 0x7B, 0xFF, 0xFF, 0x78, 0x00, 0x00, 0x00, 0x00, 0x00, 0x7D, 0xE7, 0xBE, 0xFB,
    0xCF, 0x3C, 0x00, 0x00, 0x01, 0xC0, 0x3E, 0x0F, 0xE1, 0xFF, 0x3F, 0xC3, 0xF8, 0x1F, 0x00, 0xF8,
    0x07, 0xF0, 0x1F, 0xE0, 0x3F, 0xC0, 0x7F, 0x00, 0xFC, 0x01, 0xE0, 0x02, 0xFF, 0xFF, 0xFF, 0xFF,
    0xF0, 0x00, 0x00, 0x00, 0x00, 0x00, 0x0F, 0xFF, 0xFF, 0xFF, 0xFF, 0x00, 0x07, 0x00, 0x3E, 0x01,
    0xFC, 0x07, 0xF8, 0x0F, 0xF0, 0x1F, 0xC0, 0x3F, 0x00, 0xF8, 0x3F, 0x87, 0xF8, 0xFF, 0x0F, 0xE0,
    0x7C, 0x03, 0x80, 0x10, 0x00, 0xFF, 0x1F, 0xF3, 0xFF, 0x03, 0xE0, 0x3E, 0x03, 0xC0, 0x78, 0x1F,
    0x07, 0xC7, 0xF8, 0xFE, 0x1F, 0x83, 0x80, 0x70, 0x0E, 0x00, 0x00, 0x00, 0x0F, 0x81, 0xF0, 0x3E,
    0x00, 0x07, 0xF0, 0x1F, 0xFC, 0x3F, 0xFE, 0x3E, 0x3E, 0x78, 0x0E, 0x78, 0x0F, 0x70, 0x0F, 0x71,
    0xFF, 0x71, 0xFF, 0x73, 0xDF, 0x73, 0x8F, 0x73, 0x8F, 0x73, 0x8F, 0x73, 0x8F, 0x73, 0x8F, 0x73,
    0xCF, 0x73, 0xFE, 0x71, 0xFE, 0x70, 0xFC, 0x78, 0x00, 0x78, 0x00, 0x3E, 0x00, 0x3F, 0xF0, 0x1F,
    0xF0, 0x07, 0xF0, 0x07, 0xE0, 0x07, 0xE0, 0x07, 0xE0, 0x07, 0xF0, 0x0F, 0xF0, 0x0F, 0xF0, 0x0F,
    0xF0, 0x0F, 0x78, 0x1E, 0x78, 0x1E, 0x78, 0x1E, 0x78, 0x1E, 0x3C, 0x3F, 0xFC, 0x3F, 0xFC, 0x3F,
    0xFC, 0x3C, 0x3E, 0x7C, 0x1E, 0x78, 0x1E, 0x78, 0x1E, 0x78, 0x1F, 0xFF, 0xC7, 0xFF, 0x3F, 0xFD,
    0xE3, 0xEF, 0x0F, 0xF8, 0x3F, 0xC3, 0xDE, 0x3E, 0xFF, 0xE7, 0xFF, 0x3F, 0xFD, 0xE3, 0xEF, 0x07,
    0xF8, 0x3F, 0xC1, 0xFE, 0x0F, 0xF1, 0xFF, 0xFF, 0xBF, 0xF9, 0xFF, 0x80, 0x1F, 0xC3, 0xFF, 0x1F,
    0xFD, 0xF3, 0xFF, 0x07, 0xF8, 0x3F, 0xC0, 0x1E, 0x00, 0xF0, 0x07, 0x80, 0x3C, 0x01, 0xE0, 0x0F,
    0x00, 0x78, 0x03, 0xC1, 0xFE, 0x0F, 0xF9, 0xFB, 0xFF, 0x9F, 0xF8, 0x3F, 0x80, 0xFF, 0xC7, 0xFF,
    0x3F, 0xFD, 0xE3, 0xEF, 0x0F, 0xF8, 0x3F, 0xC1, 0xFE, 0x0F, 0xF0, 0x7F, 0x83, 0xFC, 0x1F, 0xE0,
    0xFF, 0x07, 0xF8, 0x3F, 0xC1, 0xFE, 0x1F, 0xF1, 0xF7, 0xFF, 0xBF, 0xF9, 0xFF, 0x80, 0xFF, 0xFF,
    0xFF, 0xFF, 0xFF, 0xE0, 0x0F, 0x00, 0x78, 0x03, 0xC0, 0x1E, 0x00, 0xFF, 0xF7, 0xFF, 0xBF, 0xFD,
    0xE0, 0x0F, 0x00, 0x78, 0x03, 0xC0, 0x1E, 0x00, 0xF0, 0x07, 0xFF, 0xFF, 0xFF, 0xFF, 0xF0, 0xFF,
    0xFF, 0xFF, 0xFF, 0xFF, 0xE0, 0x0F, 0x00, 0x78, 0x03, 0xC0, 0x1E, 0x00, 0xF0, 0x07, 0xFF, 0xBF,
    0xFD, 0xFF, 0xEF, 0x00, 0x78, 0x03, 0xC0, 0x1E, 0x00, 0xF0, 0x07, 0x80, 0x3C, 0x01, 0xE0, 0x00,
    0x0F, 0xE0, 0xFF, 0xC7, 0xFF, 0x9F, 0x3E, 0x78, 0x7D, 0xE0, 0xF7, 0x80, 0x1E, 0x00, 0x78, 0x01,
    0xEF, 0xF7, 0xBF, 0xDE, 0xFF, 0x78, 0x3D, 0xE0, 0xF7, 0x83, 0xDE, 0x1F, 0x7C, 0xF9, 0xFF, 0xE3,
    0xFF, 0x03, 0xF8, 0xF0, 0xFF, 0x87, 0xFC, 0x3F, 0xE1, 0xFF, 0x0F, 0xF8, 0x7F, 0xC3, 0xFE, 0x1F,
    0xFF, 0xFF, 0xFF, 0xFF, 0xFF, 0xE1, 0xFF, 0x0F, 0xF8, 0x7F, 0xC3, 0xFE, 0x1F, 0xF0, 0xFF, 0x87,
    0xFC, 0x3F, 0xE1, 0xF0, 0xFF, 0xFF, 0xFF, 0xFF, 0xF0, 0xF0, 0x0F, 0x00, 0xF0, 0x0F, 0x00, 0xF0,
    0x0F, 0x00, 0xF0, 0x0F, 0x00, 0xF0, 0x0F, 0x00, 0xF0, 0x0F, 0x00, 0xF0, 0x0F, 0x0F, 0xFF, 0xFF,
    0xFF, 0xFF, 0x00, 0x3C, 0x00, 0xF0, 0x03, 0xC0, 0x0F, 0x00, 0x3C, 0x00, 0xF0, 0x03, 0xC0, 0x0F,
    0x00, 0x3C, 0x00, 0xF0, 0x03, 0xC0, 0x0F, 0x00, 0x3C, 0x00, 0xFF, 0x83, 0xDE, 0x0F, 0x7C, 0xFD,
    0xFF, 0xE3, 0xFF, 0x03, 0xF8, 0xF0, 0x7B, 0xC3, 0xEF, 0x0F, 0x3C, 0x7C, 0xF1, 0xE3, 0xC7, 0x8F,
    0x3C, 0x3C, 0xF0, 0xFF, 0xC3, 0xFE, 0x0F, 0xFC, 0x3C, 0xF0, 0xF3, 0xC3, 0xCF, 0x8F, 0x1E, 0x3C,
    0x7C, 0xF0, 0xF3, 0xC3, 0xEF, 0x07, 0xBC, 0x1F, 0xF0, 0x07, 0x80, 0x3C, 0x01, 0xE0, 0x0F, 0x00,
    0x78, 0x03, 0xC0, 0x1E, 0x00, 0xF0, 0x07, 0x80, 0x3C, 0x01, 0xE0, 0x0F, 0x00, 0x78, 0x03, 0xC0,
    0x1E, 0x00, 0xF0, 0x07, 0xFF, 0xBF, 0xFD, 0xFF, 0xE0, 0xF8, 0x7F, 0xF1, 0xFF, 0xCF, 0xFF, 0x3F,
    0xFC, 0xFF, 0xFB, 0xFF, 0xFF, 0xFF, 0xFF, 0xFF, 0xFF, 0xDE, 0xFF, 0x7B, 0xFC, 0xEF, 0xF0, 0x3F,
    0xC0, 0xFF, 0x03, 0xFC, 0x0F, 0xF0, 0x3F, 0xC0, 0xFF, 0x03, 0xFC, 0x0F, 0x7C, 0x3D, 0xF0, 0xF7,
    0xC3, 0xDF, 0x8F, 0x7E, 0x3D, 0xF8, 0xF7, 0xF3, 0xDD, 0xCF, 0x77, 0x3D, 0xDE, 0xF7, 0x3B, 0xDC,
    0xEF, 0x73, 0xFD, 0xC7, 0xF7, 0x1F, 0xDC, 0x7F, 0x70, 0xFD, 0xC3, 0xF7, 0x0F, 0xDC, 0x1F, 0x0F,
    0xE0, 0xFF, 0xC7, 0xFF, 0x9F, 0x3E, 0x78, 0x79, 0xE1, 0xF7, 0x87, 0xDE, 0x1F, 0x78, 0x7D, 0xE1,
    0xF7, 0x87, 0xDE, 0x1F, 0x78, 0x7D, 0xE1, 0xF7, 0x87, 0xDE, 0x1E, 0x7C, 0xF9, 0xFF, 0xE3, 0xFF,
    0x03, 0xF8, 0xFF, 0xC3, 0xFF, 0xCF, 0xFF, 0x3C, 0x3E, 0xF0, 0x7B, 0xC1, 0xEF, 0x07, 0xFC, 0x1E,
    0xF0, 0x7B, 0xC7, 0xEF, 0xFF, 0x3F, 0xF8, 0xFF, 0xC3, 0xC0, 0x0F, 0x00, 0x3C, 0x00, 0xF0, 0x03,
    0xC0, 0x0F, 0x00, 0x3C, 0x00, 0x1F, 0xE0, 0xFF, 0xC7, 0xFF, 0x9F, 0x3E, 0x78, 0x7D, 0xE0, 0xFF,
    0x83, 0xFE, 0x0F, 0xF8, 0x3F, 0xE0, 0xFF, 0x83, 0xFE, 0x0F, 0xF8, 0x3F, 0xE0, 0xF7, 0x83, 0xDE,
    0x1F, 0x7C, 0xF9, 0xFF, 0xE3, 0xFF, 0x03, 0xF8, 0x01, 0xF0, 0x03, 0xC0, 0x0F, 0x80, 0x1E, 0x00,
    0x7C, 0xFF, 0xC3, 0xFF, 0x8F, 0xFF, 0x3C, 0x7E, 0xF0, 0x7B, 0xC1, 0xEF, 0x07, 0xBC, 0x1E, 0xF1,
    0xFB, 0xFF, 0xCF, 0xFE, 0x3F, 0xF0, 0xF3, 0xC3, 0xCF, 0x0F, 0x1E, 0x3C, 0x78, 0xF1, 0xF3, 0xC3,
    0xCF, 0x0F, 0xBC, 0x1E, 0x1F, 0xE0, 0xFF, 0xC7, 0xFF, 0x9F, 0x3E, 0x78, 0x79, 0xE0, 0xE7, 0x80,
    0x1F, 0x80, 0x7F, 0xC0, 0xFF, 0xC0, 0xFF, 0x80, 0xFE, 0x00, 0x7C, 0x00, 0xFF, 0x03, 0xFE, 0x0F,
    0x7C, 0xFD, 0xFF, 0xE3, 0xFF, 0x07, 0xF8, 0xFF, 0xFF, 0xFF, 0xFF, 0xFF, 0xC1, 0xE0, 0x07, 0x80,
    0x1E, 0x00, 0x78, 0x01, 0xE0, 0x07, 0x80, 0x1E, 0x00, 0x78, 0x01, 0xE0, 0x07, 0x80, 0x1E, 0x00,
    0x78, 0x01, 0xE0, 0x07, 0x80, 0x1E, 0x00, 0x78, 0x01, 0xE0, 0x78, 0x7D, 0xE1, 0xF7, 0x87, 0xDE,
    0x1F, 0x78, 0x7D, 0xE1, 0xF7, 0x87, 0xDE, 0x1F, 0x78, 0x7D, 0xE1, 0xF7, 0x87, 0xDE, 0x1F, 0x78,
    0x7D, 0xE1, 0xF7, 0x87, 0xDE, 0x1E, 0x7C, 0xF9, 0xFF, 0xE3, 0xFF, 0x07, 0xF8, 0x78, 0x1E, 0x78,
    0x1E, 0x78, 0x1E, 0x7C, 0x1E, 0x3C, 0x3E, 0x3C, 0x3C, 0x3C, 0x3C, 0x3E, 0x3C, 0x1E, 0x3C, 0x1E,
    0x78, 0x1E, 0x78, 0x1E, 0x78, 0x0F, 0x78, 0x0F, 0xF0, 0x0F, 0xF0, 0x0F, 0xF0, 0x07, 0xF0, 0x07,
    0xE0, 0x07, 0xE0, 0x07, 0xE0, 0xF3, 0xC7, 0xF3, 0xC7, 0xF3, 0xCF, 0xF3, 0xCF, 0xF3, 0xCF, 0x73,
    0xEF, 0x73, 0xEE, 0x77, 0xEE, 0x77, 0xEE, 0x77, 0xEE, 0x77, 0x6E, 0x7F, 0x6E, 0x7E, 0x6E, 0x7E,
    0x7E, 0x7E, 0x7E, 0x3E, 0x7E, 0x3E, 0x7C, 0x3E, 0x7C, 0x3E, 0x7C, 0x3E, 0x3C, 0x78, 0x1E, 0x7C,
    0x3E, 0x3C, 0x3C, 0x1E, 0x7C, 0x1E, 0x78, 0x0F, 0xF8, 0x0F, 0xF0, 0x07, 0xF0, 0x07, 0xE0, 0x03,
    0xE0, 0x07, 0xE0, 0x07, 0xE0, 0x0F, 0xF0, 0x0F, 0xF0, 0x1F, 0xF8, 0x1E, 0x78, 0x3E, 0x7C, 0x3C,
    0x3E, 0x7C, 0x1E, 0x78, 0x1F, 0xF8, 0x1F, 0x78, 0x1E, 0x7C, 0x1E, 0x3C, 0x3C, 0x3E, 0x3C, 0x1E,
    0x78, 0x1E, 0x78, 0x0F, 0x78, 0x0F, 0xF0, 0x07, 0xF0, 0x07, 0xE0, 0x07, 0xE0, 0x03, 0xC0, 0x03,
    0xC0, 0x03, 0xC0, 0x03, 0xC0, 0x03, 0xC0, 0x03, 0xC0, 0x03, 0xC0, 0x03, 0xC0, 0xFF, 0xF7, 0xFF,
    0xBF, 0xFC, 0x03, 0xE0, 0x1E, 0x01, 0xF0, 0x0F, 0x00, 0xF8, 0x07, 0x80, 0x7C, 0x07, 0xC0, 0x3C,
    0x03, 0xE0, 0x1E, 0x01, 0xF0, 0x0F, 0x00, 0xF8, 0x07, 0xFF, 0xBF, 0xFD, 0xFF, 0xE0, 0xFF, 0xFF,
    0xFF, 0xF0, 0xF0, 0xF0, 0xF0, 0xF0, 0xF0, 0xF0, 0xF0, 0xF0, 0xF0, 0xF0, 0xF0, 0xF0, 0xF0, 0xF0,
    0xF0, 0xF0, 0xF0, 0xF0, 0xFF, 0xFF, 0xFF, 0xF8, 0x01, 0xE0, 0x07, 0x80, 0x0F, 0x00, 0x3C, 0x00,
    0xF8, 0x01, 0xE0, 0x07, 0x80, 0x1F, 0x00, 0x3C, 0x00, 0xF0, 0x01, 0xE0, 0x07, 0x80, 0x1F, 0x00,
    0x3C, 0x00, 0xF0, 0x03, 0xE0, 0x07, 0x80, 0x1E, 0x00, 0x3C, 0x00, 0xF0, 0x03, 0xE0, 0x07, 0x80,
    0x1E, 0x00, 0x7C, 0xFF, 0xFF, 0xFF, 0xE1, 0xF0, 0xF8, 0x7C, 0x3E, 0x1F, 0x0F, 0x87, 0xC3, 0xE1,
    0xF0, 0xF8, 0x7C, 0x3E, 0x1F, 0x0F, 0x87, 0xC3, 0xE1, 0xF0, 0xF8, 0x7F, 0xFF, 0xFF, 0xFF, 0x80,
    0x07, 0x80, 0x1F, 0x00, 0xFC, 0x03, 0xF0, 0x1F, 0xE0, 0x7B, 0x83, 0xCF, 0x0F, 0x3C, 0x38, 0x79,
    0xE1, 0xE7, 0x83, 0xC0, 0xFF, 0xFF, 0xFF, 0xFF, 0xFF, 0xC0, 0x78, 0x3C, 0x3E, 0x1F, 0x1F, 0xE0,
    0xFF, 0xC7, 0xFF, 0x9F, 0x3E, 0x78, 0x78, 0x0F, 0xE3, 0xFF, 0xDF, 0xFF, 0x7C, 0x7F, 0xC1, 0xFF,
    0x07, 0xFE, 0x3F, 0x7F, 0xFD, 0xFF, 0xF3, 0xFF, 0xC0, 0xF0, 0x07, 0x80, 0x3C, 0x01, 0xE0, 0x0F,
    0x00, 0x7B, 0xE3, 0xFF, 0x9F, 0xFE, 0xF9, 0xF7, 0x87, 0xFC, 0x3F, 0xE0, 0xFF, 0x07, 0xF8, 0x3F,
    0xC3, 0xFE, 0x1F, 0xF9, 0xF7, 0xFF, 0xBF, 0xF9, 0xEF, 0x80, 0x1F, 0xC3, 0xFF, 0x1F, 0xFD, 0xF3,
    0xFF, 0x07, 0xF8, 0x3F, 0xC0, 0x1E, 0x00, 0xF0, 0x07, 0x83, 0xFC, 0x1F, 0xF1, 0xF7, 0xFF, 0x3F,
    0xF0, 0x7F, 0x00, 0x00, 0x7C, 0x01, 0xF0, 0x07, 0xC0, 0x1F, 0x00, 0x7C, 0x7D, 0xF3, 0xFF, 0xDF,
    0xFF, 0x7C, 0xFD, 0xE1, 0xF7, 0x87, 0xDE, 0x1F, 0x78, 0x7D, 0xE1, 0xF7, 0x87, 0xDE, 0x1F, 0x7C,
    0xFD, 0xFF, 0xF3, 0xFF, 0xC7, 0xFF, 0x0F, 0xE0, 0xFF, 0xC7, 0xFF, 0x9F, 0x3E, 0x78, 0x7D, 0xE0,
    0xF7, 0xFF, 0xDF, 0xFF, 0x7F, 0xF9, 0xE0, 0x07, 0x83, 0x9F, 0x3E, 0x7F, 0xF8, 0xFF, 0xC0, 0xFE,
    0x00, 0x03, 0xFC, 0x1F, 0xF0, 0xFF, 0xC3, 0xE0, 0x0F, 0x00, 0x3C, 0x00, 0xF0, 0x3F, 0xFF, 0xFF,
    0xFF, 0xFF, 0xF0, 0xF0, 0x03, 0xC0, 0x0F, 0x00, 0x3C, 0x00, 0xF0, 0x03, 0xC0, 0x0F, 0x00, 0x3C,
    0x00, 0xF0, 0x03, 0xC0, 0x1F, 0xFC, 0xFF, 0xF7, 0xFF, 0xDF, 0x3F, 0x78, 0x7D, 0xE1, 0xF7, 0x87,
    0xDE, 0x1F, 0x78, 0x7D, 0xE1, 0xF7, 0xCF, 0xDF, 0xFF, 0x3F, 0xFC, 0x7F, 0xF0, 0x07, 0x80, 0x1E,
    0x00, 0x78, 0x7F, 0xE1, 0xFF, 0x07, 0xF8, 0xF0, 0x07, 0x80, 0x3C, 0x01, 0xE0, 0x0F, 0x00, 0x7B,
    0xE3, 0xFF, 0x9F, 0xFE, 0xF9, 0xF7, 0x87, 0xBC, 0x3F, 0xE1, 0xFF, 0x0F, 0xF8, 0x7F, 0xC3, 0xFE,
    0x1F, 0xF0, 0xFF, 0x87, 0xFC, 0x3F, 0xE1, 0xF0, 0x07, 0x80, 0x3E, 0x00, 0xF8, 0x01, 0xE0, 0x00,
    0x00, 0x00, 0x0F, 0xF8, 0x3F, 0xE0, 0xFF, 0x80, 0x1E, 0x00, 0x78, 0x01, 0xE0, 0x07, 0x80, 0x1E,
    0x00, 0x78, 0x01, 0xE0, 0x07, 0x80, 0x1E, 0x0F, 0xFF, 0xBF, 0xFE, 0xFF, 0xF8, 0x03, 0xC0, 0x7C,
    0x0F, 0x81, 0xE0, 0x00, 0x00, 0x3F, 0xFF, 0xFF, 0xFF, 0xE0, 0x3C, 0x07, 0x80, 0xF0, 0x1E, 0x03,
    0xC0, 0x78, 0x0F, 0x01, 0xE0, 0x3C, 0x07, 0x80, 0xF0, 0x3E, 0x07, 0xC1, 0xF7, 0xFE, 0xFF, 0x9F,
    0xE0, 0xF0, 0x03, 0xC0, 0x0F, 0x00, 0x3C, 0x00, 0xF0, 0x03, 0xC1, 0xEF, 0x0F, 0xBC, 0x3C, 0xF1,
    0xF3, 0xCF, 0x8F, 0x3C, 0x3F, 0xF0, 0xFF, 0x83, 0xFF, 0x0F, 0x3E, 0x3C, 0xF8, 0xF1, 0xF3, 0xC3,
    0xCF, 0x0F, 0xBC, 0x1F, 0xFF, 0x80, 0xFF, 0x80, 0xFF, 0x80, 0x07, 0x80, 0x07, 0x80, 0x07, 0x80,
    0x07, 0x80, 0x07, 0x80, 0x07, 0x80, 0x07, 0x80, 0x07, 0x80, 0x07, 0x80, 0x07, 0x80, 0x07, 0x80,
    0x07, 0x80, 0x07, 0x80, 0x07, 0xC0, 0x03, 0xFE, 0x03, 0xFE, 0x01, 0xFE, 0xEF, 0x7B, 0xFF, 0xFF,
    0xFF, 0xFD, 0xEF, 0xF7, 0x9F, 0xDE, 0x7F, 0x79, 0xFD, 0xE7, 0xF7, 0x9F, 0xDE, 0x7F, 0x79, 0xFD,
    0xE7, 0xF7, 0x9F, 0xDE, 0x7F, 0x79, 0xC0, 0xF7, 0xC7, 0xFF, 0x3F, 0xFD, 0xF3, 0xEF, 0x0F, 0x78,
    0x7F, 0xC3, 0xFE, 0x1F, 0xF0, 0xFF, 0x87, 0xFC, 0x3F, 0xE1, 0xFF, 0x0F, 0xF8, 0x7F, 0xC3, 0xE0,
    0x1F, 0xE0, 0xFF, 0xC7, 0xFF, 0x9F, 0x3E, 0x78, 0x7D, 0xE0, 0xF7, 0x83, 0xDE, 0x0F, 0x78, 0x3D,
    0xE0, 0xF7, 0x87, 0xDF, 0x3E, 0x7F, 0xF8, 0xFF, 0xC1, 0xFE, 0x00, 0xF7, 0xC7, 0xFF, 0x3F, 0xFD,
    0xF3, 0xEF, 0x0F, 0xF8, 0x7F, 0xC1, 0xFE, 0x0F, 0xF0, 0x7F, 0x87, 0xFC, 0x3F, 0xF3, 0xEF, 0xFF,
    0x7F, 0xF3, 0xDF, 0x1E, 0x00, 0xF0, 0x07, 0x80, 0x3C, 0x01, 0xE0, 0x00, 0x1F, 0x7C, 0xFF, 0xF7,
    0xFF, 0xDF, 0x3F, 0x78, 0x7D, 0xE1, 0xF7, 0x87, 0xDE, 0x1F, 0x78, 0x7D, 0xE1, 0xF7, 0x87, 0xDF,
    0x3F, 0x7F, 0xFC, 0xFF, 0xF1, 0xF7, 0xC0, 0x1F, 0x00, 0x7C, 0x01, 0xF0, 0x07, 0xC0, 0x1F, 0xF7,
    0xE7, 0xFF, 0xBF, 0xFF, 0xF9, 0xFF, 0x87, 0xF8, 0x3F, 0xC1, 0xFE, 0x00, 0xF0, 0x07, 0x80, 0x3C,
    0x01, 0xE0, 0x0F, 0x00, 0x78, 0x03, 0xC0, 0x00, 0x1F, 0xE1, 0xFF, 0xE7, 0xFF, 0x9E, 0x1E, 0x78,
    0x39, 0xFC, 0x07, 0xFF, 0x0F, 0xFE, 0x1F, 0xF8, 0x01, 0xF7, 0x03, 0xFE, 0x1F, 0x7F, 0xF9, 0xFF,
    0xE1, 0xFF, 0x00, 0x07, 0x80, 0x0F, 0x00, 0x1E, 0x00, 0x3C, 0x07, 0xFF, 0xEF, 0xFF, 0xDF, 0xFF,
    0x83, 0xC0, 0x07, 0x80, 0x0F, 0x00, 0x1E, 0x00, 0x3C, 0x00, 0x78, 0x00, 0xF0, 0x01, 0xE0, 0x03,
    0xC0, 0x07, 0xFE, 0x07, 0xFC, 0x07, 0xF8, 0xF0, 0xFF, 0x87, 0xFC, 0x3F, 0xE1, 0xFF, 0x0F, 0xF8,
    0x7F, 0xC3, 0xFE, 0x1F, 0xF0, 0xFF, 0x87, 0xFC, 0x3D, 0xF3, 0xEF, 0xFF, 0x3F, 0xF0, 0x7F, 0x00,
    0x78, 0x1E, 0x78, 0x1E, 0x7C, 0x1E, 0x3C, 0x3C, 0x3C, 0x3C, 0x3E, 0x3C, 0x1E, 0x78, 0x1E, 0x78,
    0x1F, 0x78, 0x0F, 0xF0, 0x0F, 0xF0, 0x0F, 0xF0, 0x07, 0xE0, 0x07, 0xE0, 0x07, 0xE0, 0xF3, 0xC7,
    0xF3, 0xC7, 0xF3, 0xCF, 0x73, 0xEF, 0x73, 0xEE, 0x77, 0xEE, 0x77, 0xEE, 0x7F, 0xEE, 0x7F, 0x6E,
    0x3E, 0x7E, 0x3E, 0x7C, 0x3E, 0x7C, 0x3E, 0x7C, 0x3E, 0x7C, 0x3E, 0x7C, 0x7C, 0x3E, 0x3C, 0x3C,
    0x1E, 0x7C, 0x1F, 0xF8, 0x0F, 0xF0, 0x07, 0xF0, 0x07, 0xE0, 0x03, 0xE0, 0x07, 0xE0, 0x0F, 0xF0,
    0x0F, 0xF8, 0x1E, 0x78, 0x3E, 0x7C, 0x3C, 0x3E, 0x7C, 0x1E, 0x78, 0x1E, 0x78, 0x1E, 0x3C, 0x3E,
    0x3C, 0x3C, 0x3E, 0x3C, 0x1E, 0x7C, 0x1E, 0x78, 0x0F, 0x78, 0x0F, 0xF8, 0x0F, 0xF0, 0x07, 0xF0,
    0x07, 0xE0, 0x07, 0xE0, 0x03, 0xE0, 0x03, 0xC0, 0x03, 0xC0, 0x07, 0xC0, 0x07, 0x80, 0x07, 0x80,
    0x0F, 0x80, 0xFF, 0xF7, 0xFF, 0xBF, 0xFC, 0x03, 0xE0, 0x3E, 0x03, 0xE0, 0x3E, 0x03, 0xE0, 0x1F,
    0x01, 0xF0, 0x1F, 0x01, 0xF0, 0x0F, 0xFF, 0x7F, 0xFB, 0xFF, 0xC0, 0x00, 0xF8, 0x0F, 0xC0, 0xFE,
    0x07, 0xC0, 0x3C, 0x01, 0xE0, 0x0F, 0x00, 0x78, 0x03, 0xC0, 0x1E, 0x01, 0xF1, 0xFF, 0x0F, 0xF0,
    0x7F, 0xC0, 0x1F, 0x00, 0x78, 0x03, 0xC0, 0x1E, 0x00, 0xF0, 0x07, 0x80, 0x3C, 0x01, 0xE0, 0x0F,
    0xE0, 0x3F, 0x00, 0xF8, 0xFF, 0xFF, 0xFF, 0xFF, 0xFF, 0xFF, 0xFF, 0xFF, 0xFF, 0xFF, 0xFF, 0xFF,
    0xF0, 0xFC, 0x07, 0xF0, 0x3F, 0x80, 0x3E, 0x01, 0xF0, 0x0F, 0x00, 0x78, 0x03, 0xC0, 0x1E, 0x00,
    0xF0, 0x07, 0xC0, 0x1F, 0xF0, 0x7F, 0x87, 0xFC, 0x7C, 0x03, 0xC0, 0x1E, 0x00, 0xF0, 0x07, 0x80,
    0x3C, 0x01, 0xF0, 0x0F, 0x83, 0xF8, 0x1F, 0xC0, 0xF8, 0x00, 0x3E, 0x1D, 0xFC, 0x7F, 0xF9, 0xFD,
    0xFF, 0xF3, 0xFF, 0x87, 0xE0, 0x79, 0xF7, 0xDE, 0x00, 0x00, 0x1E, 0x79, 0xE7, 0x9E, 0x79, 0xE7,
    0x9E, 0x79, 0xE7, 0x9E, 0x06, 0x00, 0x30, 0x01, 0x80, 0x1F, 0x03, 0xFE, 0x3F, 0xFB, 0xFF, 0xDE,
    0xDF, 0xF6, 0x7F, 0xB0, 0x3D, 0x81, 0xEC, 0x0F, 0x60, 0x7B, 0x3F, 0xDB, 0xFF, 0xFE, 0x7F, 0xF1,
    0xFF, 0x03, 0xE0, 0x0C, 0x00, 0x60, 0x03, 0x00, 0x1F, 0xE0, 0xFF, 0xC7, 0xFF, 0x9F, 0x3E, 0x78,
    0x7F, 0xE0, 0xE7, 0x80, 0x1F, 0x00, 0x3C, 0x03, 0xFF, 0x8F, 0xFE, 0x3F, 0xF8, 0x0E, 0x00, 0x78,
    0x01, 0xE0, 0x0F, 0x00, 0x78, 0x01, 0xFF, 0xF7, 0xFF, 0xDF, 0xFF, 0x60, 0x09, 0xE0, 0x3B, 0xFF,
    0xF3, 0xFF, 0xC3, 0xFF, 0x07, 0x0F, 0x1E, 0x0E, 0x38, 0x1C, 0x78, 0x38, 0x70, 0xF0, 0xFF, 0xC3,
    0xFF, 0xCF, 0xFF, 0xDE, 0x03, 0x98, 0x02, 0x00, 0xF8, 0x1F, 0x78, 0x1E, 0x7C, 0x1E, 0x3C, 0x3C,
    0x3E, 0x3C, 0x1E, 0x78, 0x1E, 0x78, 0x0F, 0xF8, 0x0F, 0xF0, 0x07, 0xF0, 0x7F, 0xFE, 0x7F, 0xFE,
    0x7F, 0xFE, 0x03, 0xC0, 0x7F, 0xFE, 0x7F, 0xFE, 0x7F, 0xFE, 0x03, 0xC0, 0x03, 0xC0, 0x03, 0xC0,
    0xFF, 0xFF, 0xFF, 0xFF, 0xFF, 0x00, 0x00, 0x0F, 0xFF, 0xFF, 0xFF, 0xFF, 0xF0, 0x1F, 0xE0, 0xFF,
    0xE7, 0xFF, 0x9E, 0x1F, 0x78, 0x39, 0xE0, 0x07, 0xF0, 0x0F, 0xF8, 0x1F, 0xF8, 0xFF, 0xE7, 0x87,
    0xDE, 0x0F, 0xF8, 0x3D, 0xE0, 0xE7, 0xFF, 0x8F, 0xFC, 0x0F, 0xF8, 0x03, 0xF0, 0x03, 0xFC, 0x0F,
    0xF8, 0x7D, 0xFF, 0xE7, 0xFF, 0x87, 0xFC, 0x79, 0xE7, 0x9F, 0x79, 0xF7, 0x9E, 0x1F, 0xE0, 0xFF,
    0xC7, 0x03, 0x98, 0x07, 0xC7, 0xCF, 0x3F, 0xBD, 0xCE, 0xF7, 0x1B, 0xDC, 0x0F, 0x70, 0x3D, 0xCE,
    0xF3, 0xBB, 0xCF, 0xCF, 0x9E, 0x77, 0x01, 0x8F, 0x3C, 0x1F, 0xE0, 0x04, 0x00, 0x3E, 0x7F, 0x67,
    0x07, 0x7F, 0xFF, 0xE7, 0x7F, 0x12, 0x07, 0x9F, 0x0F, 0x3E, 0x1F, 0x3C, 0x3E, 0x78, 0x3C, 0xF8,
    0x78, 0xF0, 0xF9, 0xE0, 0x79, 0xF0, 0x3C, 0xF8, 0x3E, 0x78, 0x1F, 0x3C, 0x0F, 0x3E, 0x0F, 0x9F,
    0xFF, 0xFF, 0xFF, 0xFF, 0xF0, 0x0F, 0x00, 0xF0, 0x0F, 0x00, 0xF0, 0x1F, 0xE0, 0xFF, 0xC7, 0x03,
    0x98, 0x07, 0xCF, 0xCF, 0x3F, 0xBC, 0xCE, 0xF3, 0x3B, 0xCF, 0xCF, 0x3F, 0x3C, 0xDC, 0xF3, 0x73,
    0xCC, 0xEF, 0xB3, 0xF7, 0x01, 0x8F, 0x3C, 0x1F, 0xE0, 0x04, 0x00, 0xFF, 0xFF, 0xFF, 0xFC, 0x3F,
    0x1F, 0xE7, 0x3F, 0x87, 0xE1, 0xDC, 0xF7, 0xF8, 0xFC, 0x07, 0x80, 0x1E, 0x00, 0x78, 0x01, 0xE0,
    0x07, 0x80, 0x1E, 0x0F, 0xFF, 0xFF, 0xFF, 0xFF, 0xFC, 0x1E, 0x00, 0x78, 0x01, 0xE0, 0x07, 0x81,
    0xFF, 0xFF, 0xFF, 0xFF, 0xFF, 0x3F, 0x1F, 0xE7, 0xFD, 0xC7, 0x01, 0xC0, 0xE0, 0x78, 0x7C, 0x3C,
    0x1E, 0x07, 0xFD, 0xFF, 0x7F, 0xDF, 0xF0, 0x38, 0x3C, 0x0F, 0x03, 0xE0, 0x3C, 0x07, 0xE1, 0xFF,
    0xF7, 0xF8, 0xFC, 0x1E, 0x3E, 0x7C, 0x78, 0xF0, 0xFF, 0x87, 0xFC, 0x3F, 0xE1, 0xFF, 0x0F, 0xF8,
    0x7F, 0xC3, 0xFE, 0x1F, 0xF0, 0xFF, 0x87, 0xFC, 0x3F, 0xF3, 0xFF, 0xFF, 0xFF, 0xFF, 0xFF, 0xFE,
    0x00, 0xF0, 0x07, 0x80, 0x3C, 0x01, 0xE0, 0x00, 0x3F, 0xB9, 0xFE, 0xE7, 0xFB, 0xBF, 0xEE, 0xFF,
    0xBB, 0xFE, 0xEF, 0xFB, 0xBF, 0xEE, 0x7F, 0xB9, 0xFE, 0xE3, 0xFB, 0x81, 0xEE, 0x07, 0xB8, 0x1E,
    0xE0, 0x7B, 0x81, 0xEE, 0x07, 0xB8, 0x1E, 0xE0, 0x7B, 0x81, 0xEE, 0x07, 0xB8, 0x1E, 0xE0, 0x7B,
    0x81, 0xEE, 0x07, 0xB8, 0x7B, 0xFF, 0xFF, 0x78, 0x70, 0xC1, 0xF1, 0xF1, 0xFF, 0xFF, 0x00, 0x1E,
    0x0F, 0xC1, 0xF8, 0x37, 0x00, 0xE0, 0x1C, 0x03, 0x80, 0x70, 0x0E, 0x01, 0xE1, 0xFF, 0x3F, 0xE0,
    0x00, 0x7E, 0x7E, 0xE7, 0xE7, 0xE7, 0xFF, 0x7E, 0x3E, 0x79, 0xF0, 0x7C, 0xF0, 0x3E, 0x78, 0x1E,
    0x7C, 0x1F, 0x3E, 0x0F, 0x9E, 0x07, 0x9F, 0x0F, 0x9E, 0x0F, 0x3E, 0x1E, 0x7C, 0x3E, 0x78, 0x7C,
    0xF0, 0x79, 0xF0, 0x0E, 0x03, 0x87, 0xC1, 0xE3, 0xF0, 0x70, 0xDC, 0x3C, 0x07, 0x1E, 0x01, 0xCF,
    0x00, 0x73, 0xC0, 0xFF, 0xE0, 0x3F, 0xF0, 0x00, 0x38, 0x00, 0x1E, 0x00, 0x0F, 0x38, 0x03, 0x9C,
    0x01, 0xEE, 0x00, 0xF7, 0xF0, 0x39, 0xDC, 0x1E, 0x7F, 0x0F, 0x1F, 0xC7, 0x80, 0x71, 0xE0, 0x1C,
    0x0E, 0x03, 0x8F, 0xC1, 0xE3, 0xF0, 0x70, 0xDC, 0x3C, 0x07, 0x1E, 0x01, 0xCF, 0x00, 0x73, 0xC0,
    0xFF, 0xE0, 0x3F, 0xF0, 0x00, 0x38, 0x00, 0x1E, 0x00, 0x0F, 0xFC, 0x03, 0xFF, 0x01, 0xFC, 0xE0,
    0xF2, 0x38, 0x38, 0x1C, 0x1E, 0x1E, 0x0F, 0x1F, 0x07, 0x87, 0xF9, 0xE1, 0xFE, 0x3F, 0x83, 0x8F,
    0xE1, 0xE0, 0x70, 0xF0, 0x38, 0x38, 0x0F, 0x9E, 0x00, 0xEF, 0x07, 0x3B, 0x80, 0xFF, 0xE0, 0x3F,
    0xF0, 0x00, 0x38, 0x00, 0x1E, 0x00, 0x0F, 0x38, 0x03, 0x9C, 0x01, 0xEE, 0x00, 0xF7, 0xF0, 0x39,
    0xDC, 0x1E, 0x7F, 0x0F, 0x1F, 0xC7, 0x80, 0x71, 0xE0, 0x1C, 0x03, 0xC0, 0x7C, 0x07, 0xC0, 0x3C,
    0x00, 0x00, 0x00, 0x03, 0x80, 0x3C, 0x03, 0xC1, 0xFC, 0x3F, 0xC7, 0xFC, 0x7C, 0x0F, 0x80, 0xF0,
    0x0F, 0x80, 0x7C, 0x07, 0xFE, 0x3F, 0xE1, 0xFE, 0x0F, 0x00, 0x0F, 0x80, 0x07, 0xC0, 0x03, 0xC0,
    0x00, 0x00, 0x00, 0x00, 0x07, 0xE0, 0x07, 0xE0, 0x07, 0xE0, 0x07, 0xF0, 0x0F, 0xF0, 0x0F, 0xF0,
    0x0F, 0xF0, 0x0F, 0x78, 0x1E, 0x78, 0x1E, 0x78, 0x1E, 0x78, 0x1E, 0x3C, 0x3F, 0xFC, 0x3F, 0xFC,
    0x3F, 0xFC, 0x3C, 0x3E, 0x7C, 0x1E, 0x78, 0x1E, 0x78, 0x1E, 0x78, 0x1F, 0x00, 0xF8, 0x01, 0xF0,
    0x01, 0xE0, 0x03, 0xC0, 0x00, 0x00, 0x00, 0x00, 0x07, 0xE0, 0x07, 0xE0, 0x07, 0xE0, 0x07, 0xF0,
    0x0F, 0xF0, 0x0F, 0xF0, 0x0F, 0xF0, 0x0F, 0x78, 0x1E, 0x78, 0x1E, 0x78, 0x1E, 0x78, 0x1E, 0x3C,
    0x3F, 0xFC, 0x3F, 0xFC, 0x3F, 0xFC, 0x3C, 0x3E, 0x7C, 0x1E, 0x78, 0x1E, 0x78, 0x1E, 0x78, 0x1F,
    0x03, 0xE0, 0x07, 0xF0, 0x0F, 0xF0, 0x1E, 0x78, 0x00, 0x00, 0x00, 0x00, 0x07, 0xE0, 0x07, 0xE0,
    0x07, 0xE0, 0x07, 0xF0, 0x0F, 0xF0, 0x0F, 0xF0, 0x0F, 0xF0, 0x0F, 0x78, 0x1E, 0x78, 0x1E, 0x78,
    0x1E, 0x78, 0x1E, 0x3C, 0x3F, 0xFC, 0x3F, 0xFC, 0x3F, 0xFC, 0x3C, 0x3E, 0x7C, 0x1E, 0x78, 0x1E,
    0x78, 0x1E, 0x78, 0x1F, 0x0F, 0xB8, 0x1F, 0xF8, 0x1F, 0xF8, 0x1C, 0xF0, 0x00, 0x00, 0x00, 0x00,
    0x07, 0xE0, 0x07, 0xE0, 0x07, 0xE0, 0x07, 0xF0, 0x0F, 0xF0, 0x0F, 0xF0, 0x0F, 0xF0, 0x0F, 0x78,
    0x1E, 0x78, 0x1E, 0x78, 0x1E, 0x78, 0x1E, 0x3C, 0x3F, 0xFC, 0x3F, 0xFC, 0x3F, 0xFC, 0x3C, 0x3E,
    0x7C, 0x1E, 0x78, 0x1E, 0x78, 0x1E, 0x78, 0x1F, 0x1E, 0x78, 0x1E, 0x7C, 0x1E, 0x7C, 0x1E, 0x78,
    0x00, 0x00, 0x00, 0x00, 0x07, 0xE0, 0x07, 0xE0, 0x07, 0xE0, 0x07, 0xF0, 0x0F, 0xF0, 0x0F, 0xF0,
    0x0F, 0xF0, 0x0F, 0x78, 0x1E, 0x78, 0x1E, 0x78, 0x1E, 0x78, 0x1E, 0x3C, 0x3F, 0xFC, 0x3F, 0xFC,
    0x3F, 0xFC, 0x3C, 0x3E, 0x7C, 0x1E, 0x78, 0x1E, 0x78, 0x1E, 0x78, 0x1F, 0x03, 0xC0, 0x07, 0xE0,
    0x0F, 0x70, 0x0E, 0x70, 0x0E, 0x70, 0x07, 0xE0, 0x03, 0xE0, 0x07, 0xE0, 0x07, 0xE0, 0x07, 0xE0,
    0x07, 0xF0, 0x0F, 0xF0, 0x0F, 0xF0, 0x0F, 0xF0, 0x0F, 0x78, 0x1E, 0x78, 0x1E, 0x78, 0x1E, 0x78,
    0x1E, 0x3C, 0x3F, 0xFC, 0x3F, 0xFC, 0x3F, 0xFC, 0x3C, 0x3E, 0x7C, 0x1E, 0x78, 0x1E, 0x78, 0x1E,
    0x78, 0x1F, 0x0F, 0xFF, 0x1F, 0xFF, 0x1F, 0xFF, 0x1E, 0xE0, 0x1E, 0xE0, 0x1C, 0xE0, 0x1C, 0xE0,
    0x3C, 0xE0, 0x3C, 0xFE, 0x3C, 0xFE, 0x3C, 0xFE, 0x38, 0xE0, 0x7F, 0xE0, 0x7F, 0xE0, 0x7F, 0xE0,
    0x78, 0xE0, 0x78, 0xE0, 0xF0, 0xFF, 0xF0, 0xFF, 0xF0, 0xFF, 0x1F, 0xC3, 0xFF, 0x1F, 0xFD, 0xF3,
    0xFF, 0x07, 0xF8, 0x3F, 0xC0, 0x1E, 0x00, 0xF0, 0x07, 0x80, 0x3C, 0x01, 0xE0, 0x0F, 0x00, 0x78,
    0x03, 0xC1, 0xFE, 0x0F, 0xF9, 0xFB, 0xFF, 0x9F, 0xF8, 0x3F, 0x80, 0xE0, 0x07, 0xC0, 0x0F, 0x00,
    0x78, 0x1F, 0xC0, 0xFC, 0x00, 0x3C, 0x00, 0xF0, 0x07, 0xC0, 0x1E, 0x00, 0x00, 0x00, 0x03, 0xFF,
    0xFF, 0xFF, 0xFF, 0xFF, 0x80, 0x3C, 0x01, 0xE0, 0x0F, 0x00, 0x78, 0x03, 0xFF, 0xDF, 0xFE, 0xFF,
    0xF7, 0x80, 0x3C, 0x01, 0xE0, 0x0F, 0x00, 0x78, 0x03, 0xC0, 0x1F, 0xFF, 0xFF, 0xFF, 0xFF, 0xC0,
    0x03, 0xE0, 0x1E, 0x01, 0xE0, 0x1E, 0x00, 0x00, 0x00, 0x03, 0xFF, 0xFF, 0xFF, 0xFF, 0xFF, 0x80,
    0x3C, 0x01, 0xE0, 0x0F, 0x00, 0x78, 0x03, 0xFF, 0xDF, 0xFE, 0xFF, 0xF7, 0x80, 0x3C, 0x01, 0xE0,
    0x0F, 0x00, 0x78, 0x03, 0xC0, 0x1F, 0xFF, 0xFF, 0xFF, 0xFF, 0xC0, 0x0F, 0x80, 0xFE, 0x0F, 0xF8,
    0xF3, 0xE0, 0x00, 0x00, 0x03, 0xFF, 0xFF, 0xFF, 0xFF, 0xFF, 0x80, 0x3C, 0x01, 0xE0, 0x0F, 0x00,
    0x78, 0x03, 0xFF, 0xDF, 0xFE, 0xFF, 0xF7, 0x80, 0x3C, 0x01, 0xE0, 0x0F, 0x00, 0x78, 0x03, 0xC0,
    0x1F, 0xFF, 0xFF, 0xFF, 0xFF, 0xC0, 0x78, 0xE3, 0xCF, 0x9E, 0x7C, 0xF1, 0xC0, 0x00, 0x00, 0x03,
    0xFF, 0xFF, 0xFF, 0xFF, 0xFF, 0x80, 0x3C, 0x01, 0xE0, 0x0F, 0x00, 0x78, 0x03, 0xFF, 0xDF, 0xFE,
    0xFF, 0xF7, 0x80, 0x3C, 0x01, 0xE0, 0x0F, 0x00, 0x78, 0x03, 0xC0, 0x1F, 0xFF, 0xFF, 0xFF, 0xFF,
    0xC0, 0x3C, 0x03, 0xE0, 0x1F, 0x00, 0xF0, 0x00, 0x00, 0x00, 0xFF, 0xFF, 0xFF, 0xFF, 0xF0, 0xF0,
    0x0F, 0x00, 0xF0, 0x0F, 0x00, 0xF0, 0x0F, 0x00, 0xF0, 0x0F, 0x00, 0xF0, 0x0F, 0x00, 0xF0, 0x0F,
    0x00, 0xF0, 0x0F, 0x0F, 0xFF, 0xFF, 0xFF, 0xFF, 0x03, 0xE0, 0x7C, 0x07, 0x80, 0xF0, 0x00, 0x00,
    0x00, 0xFF, 0xFF, 0xFF, 0xFF, 0xF0, 0xF0, 0x0F, 0x00, 0xF0, 0x0F, 0x00, 0xF0, 0x0F, 0x00, 0xF0,
    0x0F, 0x00, 0xF0, 0x0F, 0x00, 0xF0, 0x0F, 0x00, 0xF0, 0x0F, 0x0F, 0xFF, 0xFF, 0xFF, 0xFF, 0x0F,
    0x81, 0xFC, 0x3F, 0xC7, 0x9E, 0x00, 0x00, 0x00, 0xFF, 0xFF, 0xFF, 0xFF, 0xF0, 0xF0, 0x0F, 0x00,
    0xF0, 0x0F, 0x00, 0xF0, 0x0F, 0x00, 0xF0, 0x0F, 0x00, 0xF0, 0x0F, 0x00, 0xF0, 0x0F, 0x00, 0xF0,
    0x0F, 0x0F, 0xFF, 0xFF, 0xFF, 0xFF, 0x79, 0xE7, 0x9F, 0x79, 0xF7, 0x9E, 0x00, 0x00, 0x00, 0xFF,
    0xFF, 0xFF, 0xFF, 0xF0, 0xF0, 0x0F, 0x00, 0xF0, 0x0F, 0x00, 0xF0, 0x0F, 0x00, 0xF0, 0x0F, 0x00,
    0xF0, 0x0F, 0x00, 0xF0, 0x0F, 0x00, 0xF0, 0x0F, 0x0F, 0xFF, 0xFF, 0xFF, 0xFF, 0x3F, 0xF0, 0x7F,
    0xF0, 0xFF, 0xF1, 0xE3, 0xE3, 0xC3, 0xE7, 0x83, 0xCF, 0x07, 0x9E, 0x0F, 0x3C, 0x1F, 0xFE, 0x3F,
    0xFC, 0x7F, 0xF8, 0xF3, 0xC1, 0xE7, 0x83, 0xCF, 0x07, 0x9E, 0x1F, 0x3C, 0x7C, 0x7F, 0xF8, 0xFF,
    0xE1, 0xFF, 0x80, 0x1F, 0x70, 0xFF, 0xC3, 0xFF, 0x0E, 0x78, 0x00, 0x00, 0x00, 0x07, 0xC3, 0xDF,
    0x0F, 0x7C, 0x3D, 0xF8, 0xF7, 0xE3, 0xDF, 0x8F, 0x7F, 0x3D, 0xDC, 0xF7, 0x73, 0xDD, 0xEF, 0x73,
    0xBD, 0xCE, 0xF7, 0x3F, 0xDC, 0x7F, 0x71, 0xFD, 0xC7, 0xF7, 0x0F, 0xDC, 0x3F, 0x70, 0xFD, 0xC1,
    0xF0, 0x1E, 0x00, 0x7C, 0x00, 0xF8, 0x01, 0xE0, 0x00, 0x00, 0x00, 0x00, 0xFE, 0x0F, 0xFC, 0x7F,
    0xF9, 0xF3, 0xE7, 0x87, 0x9E, 0x1F, 0x78, 0x7D, 0xE1, 0xF7, 0x87, 0xDE, 0x1F, 0x78, 0x7D, 0xE1,
    0xF7, 0x87, 0xDE, 0x1F, 0x78, 0x7D, 0xE1, 0xE7, 0xCF, 0x9F, 0xFE, 0x3F, 0xF0, 0x3F, 0x80, 0x01,
    0xF0, 0x0F, 0x80, 0x3C, 0x01, 0xE0, 0x00, 0x00, 0x00, 0x00, 0xFE, 0x0F, 0xFC, 0x7F, 0xF9, 0xF3,
    0xE7, 0x87, 0x9E, 0x1F, 0x78, 0x7D, 0xE1, 0xF7, 0x87, 0xDE, 0x1F, 0x78, 0x7D, 0xE1, 0xF7, 0x87,
    0xDE, 0x1F, 0x78, 0x7D, 0xE1, 0xE7, 0xCF, 0x9F, 0xFE, 0x3F, 0xF0, 0x3F, 0x80, 0x07, 0xC0, 0x3F,
    0x81, 0xFE, 0x0F, 0x3C, 0x00, 0x00, 0x00, 0x00, 0xFE, 0x0F, 0xFC, 0x7F, 0xF9, 0xF3, 0xE7, 0x87,
    0x9E, 0x1F, 0x78, 0x7D, 0xE1, 0xF7, 0x87, 0xDE, 0x1F, 0x78, 0x7D, 0xE1, 0xF7, 0x87, 0xDE, 0x1F,
    0x78, 0x7D, 0xE1, 0xE7, 0xCF, 0x9F, 0xFE, 0x3F, 0xF0, 0x3F, 0x80, 0x1F, 0x70, 0xFF, 0xC3, 0xFF,
    0x0E, 0x78, 0x00, 0x00, 0x00, 0x00, 0xFE, 0x0F, 0xFC, 0x7F, 0xF9, 0xF3, 0xE7, 0x87, 0x9E, 0x1F,
    0x78, 0x7D, 0xE1, 0xF7, 0x87, 0xDE, 0x1F, 0x78, 0x7D, 0xE1, 0xF7, 0x87, 0xDE, 0x1F, 0x78, 0x7D,
    0xE1, 0xE7, 0xCF, 0x9F, 0xFE, 0x3F, 0xF0, 0x3F, 0x80, 0x3C, 0xF0, 0xF3, 0xE3, 0xCF, 0x8F, 0x3C,
    0x00, 0x00, 0x00, 0x00, 0xFE, 0x0F, 0xFC, 0x7F, 0xF9, 0xF3, 0xE7, 0x87, 0x9E, 0x1F, 0x78, 0x7D,
    0xE1, 0xF7, 0x87, 0xDE, 0x1F, 0x78, 0x7D, 0xE1, 0xF7, 0x87, 0xDE, 0x1F, 0x78, 0x7D, 0xE1, 0xE7,
    0xCF, 0x9F, 0xFE, 0x3F, 0xF0, 0x3F, 0x80, 0x20, 0x47, 0x0E, 0xF9, 0xF7, 0xFE, 0x3F, 0xC1, 0xF8,
    0x1F, 0x83, 0xFC, 0x7F, 0xEF, 0x9F, 0x70, 0xE2, 0x04, 0x00, 0x0F, 0x0F, 0xFE, 0x1F, 0xFE, 0x3F,
    0xFC, 0x3E, 0x7C, 0x3C, 0x3C, 0x3C, 0x7E, 0x3C, 0x7E, 0x3C, 0xFE, 0x3D, 0xFE, 0x3D, 0xDE, 0x3F,
    0xDE, 0x3F, 0x9E, 0x3F, 0x9E, 0x3F, 0x1E, 0x3E, 0x1E, 0x3E, 0x3E, 0x3E, 0x7C, 0x3F, 0xFC, 0x3F,
    0xF8, 0x7F, 0xF0, 0xF0, 0x00, 0x1E, 0x00, 0x7C, 0x00, 0xF8, 0x01, 0xE0, 0x00, 0x00, 0x00, 0x07,
    0x87, 0xDE, 0x1F, 0x78, 0x7D, 0xE1, 0xF7, 0x87, 0xDE, 0x1F, 0x78, 0x7D, 0xE1, 0xF7, 0x87, 0xDE,
    0x1F, 0x78, 0x7D, 0xE1, 0xF7, 0x87, 0xDE, 0x1F, 0x78, 0x7D, 0xE1, 0xE7, 0xCF, 0x9F, 0xFE, 0x3F,
    0xF0, 0x7F, 0x80, 0x01, 0xF0, 0x0F, 0x80, 0x3C, 0x01, 0xE0, 0x00, 0x00, 0x00, 0x07, 0x87, 0xDE,
    0x1F, 0x78, 0x7D, 0xE1, 0xF7, 0x87, 0xDE, 0x1F, 0x78, 0x7D, 0xE1, 0xF7, 0x87, 0xDE, 0x1F, 0x78,
    0x7D, 0xE1, 0xF7, 0x87, 0xDE, 0x1F, 0x78, 0x7D, 0xE1, 0xE7, 0xCF, 0x9F, 0xFE, 0x3F, 0xF0, 0x7F,
    0x80, 0x07, 0xC0, 0x3F, 0x81, 0xFE, 0x0F, 0x3C, 0x00, 0x00, 0x00, 0x07, 0x87, 0xDE, 0x1F, 0x78,
    0x7D, 0xE1, 0xF7, 0x87, 0xDE, 0x1F, 0x78, 0x7D, 0xE1, 0xF7, 0x87, 0xDE, 0x1F, 0x78, 0x7D, 0xE1,
    0xF7, 0x87, 0xDE, 0x1F, 0x78, 0x7D, 0xE1, 0xE7, 0xCF, 0x9F, 0xFE, 0x3F, 0xF0, 0x7F, 0x80, 0x3C,
    0xF0, 0xF3, 0xE3, 0xCF, 0x8F, 0x3C, 0x00, 0x00, 0x00, 0x07, 0x87, 0xDE, 0x1F, 0x78, 0x7D, 0xE1,
    0xF7, 0x87, 0xDE, 0x1F, 0x78, 0x7D, 0xE1, 0xF7, 0x87, 0xDE, 0x1F, 0x78, 0x7D, 0xE1, 0xF7, 0x87,
    0xDE, 0x1F, 0x78, 0x7D, 0xE1, 0xE7, 0xCF, 0x9F, 0xFE, 0x3F, 0xF0, 0x7F, 0x80, 0x00, 0xF8, 0x01,
    0xF0, 0x01, 0xE0, 0x03, 0xC0, 0x00, 0x00, 0x00, 0x00, 0xF8, 0x1F, 0x78, 0x1E, 0x7C, 0x1E, 0x3C,
    0x3C, 0x3E, 0x3C, 0x1E, 0x78, 0x1E, 0x78, 0x0F, 0x78, 0x0F, 0xF0, 0x07, 0xF0, 0x07, 0xE0, 0x07,
    0xE0, 0x03, 0xC0, 0x03, 0xC0, 0x03, 0xC0, 0x03, 0xC0, 0x03, 0xC0, 0x03, 0xC0, 0x03, 0xC0, 0x03,
    0xC0, 0xF0, 0x03, 0xC0, 0x0F, 0x00, 0x3C, 0x00, 0xFF, 0xE3, 0xFF, 0xCF, 0xFF, 0xBC, 0x3E, 0xF0,
    0x7B, 0xC1, 0xFF, 0x07, 0xBC, 0x3E, 0xFF, 0xFB, 0xFF, 0xCF, 0xFE, 0x3C, 0x00, 0xF0, 0x03, 0xC0,
    0x0F, 0x00, 0x3C, 0x00, 0x0F, 0xE0, 0xFF, 0xC3, 0xFF, 0x9F, 0x3E, 0x78, 0x7D, 0xE0, 0xF7, 0x87,
    0x9E, 0x3E, 0x7B, 0xF1, 0xEF, 0xC7, 0xBF, 0x9E, 0x3F, 0x78, 0x3D, 0xE0, 0xF7, 0x83, 0xDE, 0x0F,
    0x78, 0xFD, 0xEF, 0xE7, 0xBF, 0x9E, 0xF8, 0x1E, 0x00, 0x7C, 0x00, 0xF8, 0x01, 0xE0, 0x00, 0x00,
    0x00, 0x01, 0xFE, 0x0F, 0xFC, 0x7F, 0xF9, 0xF3, 0xE7, 0x87, 0x80, 0xFE, 0x3F, 0xFD, 0xFF, 0xF7,
    0xC7, 0xFC, 0x1F, 0xF0, 0x7F, 0xE3, 0xF7, 0xFF, 0xDF, 0xFF, 0x3F, 0xFC, 0x01, 0xF0, 0x07, 0x80,
    0x3C, 0x01, 0xE0, 0x00, 0x00, 0x00, 0x01, 0xFE, 0x0F, 0xFC, 0x7F, 0xF9, 0xF3, 0xE7, 0x87, 0x80,
    0xFE, 0x3F, 0xFD, 0xFF, 0xF7, 0xC7, 0xFC, 0x1F, 0xF0, 0x7F, 0xE3, 0xF7, 0xFF, 0xDF, 0xFF, 0x3F,
    0xFC, 0x07, 0xC0, 0x3F, 0x81, 0xFF, 0x0F, 0x3E, 0x00, 0x00, 0x00, 0x01, 0xFE, 0x0F, 0xFC, 0x7F,
    0xF9, 0xF3, 0xE7, 0x87, 0x80, 0xFE, 0x3F, 0xFD, 0xFF, 0xF7, 0xC7, 0xFC, 0x1F, 0xF0, 0x7F, 0xE3,
    0xF7, 0xFF, 0xDF, 0xFF, 0x3F, 0xFC, 0x1F, 0x70, 0x7F, 0xC3, 0xFF, 0x0E, 0x78, 0x00, 0x00, 0x00,
    0x01, 0xFE, 0x0F, 0xFC, 0x7F, 0xF9, 0xF3, 0xE7, 0x87, 0x80, 0xFE, 0x3F, 0xFD, 0xFF, 0xF7, 0xC7,
    0xFC, 0x1F, 0xF0, 0x7F, 0xE3, 0xF7, 0xFF, 0xDF, 0xFF, 0x3F, 0xFC, 0x3C, 0x70, 0xF3, 0xE3, 0xCF,
    0x8F, 0x1C, 0x00, 0x00, 0x00, 0x01, 0xFE, 0x0F, 0xFC, 0x7F, 0xF9, 0xF3, 0xE7, 0x87, 0x80, 0xFE,
    0x3F, 0xFD, 0xFF, 0xF7, 0xC7, 0xFC, 0x1F, 0xF0, 0x7F, 0xE3, 0xF7, 0xFF, 0xDF, 0xFF, 0x3F, 0xFC,
    0x07, 0xC0, 0x3F, 0x81, 0xEE, 0x07, 0x38, 0x1C, 0xE0, 0x3F, 0x80, 0x7C, 0x00, 0x00, 0x1F, 0xE0,
    0xFF, 0xC7, 0xFF, 0x9F, 0x3E, 0x78, 0x78, 0x0F, 0xE3, 0xFF, 0xDF, 0xFF, 0x7C, 0x7F, 0xC1, 0xFF,
    0x07, 0xFE, 0x3F, 0x7F, 0xFD, 0xFF, 0xF3, 0xFF, 0xC0, 0x3E, 0x7C, 0x7F, 0xFE, 0x7F, 0xFE, 0x73,
    0xCF, 0x03, 0xCF, 0x03, 0xCF, 0x3F, 0xFF, 0x7F, 0xFF, 0x7B, 0xC0, 0x73, 0xC0, 0xF3, 0xC6, 0x73,
    0xCF, 0x7F, 0xFE, 0x7F, 0xFE, 0x3E, 0x7C, 0x1F, 0xC3, 0xFF, 0x1F, 0xFD, 0xF3, 0xFF, 0x07, 0xF8,
    0x3F, 0xC0, 0x1E, 0x00, 0xF0, 0x07, 0x83, 0xFC, 0x1F, 0xF1, 0xF7, 0xFF, 0x3F, 0xF0, 0x7F, 0x01,
    0xC0, 0x0F, 0x80, 0x1E, 0x00, 0xF0, 0x3F, 0x81, 0xF8, 0x00, 0x1E, 0x00, 0x7C, 0x00, 0xF8, 0x01,
    0xE0, 0x00, 0x00, 0x00, 0x00, 0xFE, 0x0F, 0xFC, 0x7F, 0xF9, 0xF3, 0xE7, 0x87, 0xDE, 0x0F, 0x7F,
    0xFD, 0xFF, 0xF7, 0xFF, 0x9E, 0x00, 0x78, 0x39, 0xF3, 0xE7, 0xFF, 0x8F, 0xFC, 0x0F, 0xE0, 0x01,
    0xF0, 0x0F, 0x80, 0x3C, 0x01, 0xE0, 0x00, 0x00, 0x00, 0x00, 0xFE, 0x0F, 0xFC, 0x7F, 0xF9, 0xF3,
    0xE7, 0x87, 0xDE, 0x0F, 0x7F, 0xFD, 0xFF, 0xF7, 0xFF, 0x9E, 0x00, 0x78, 0x39, 0xF3, 0xE7, 0xFF,
    0x8F, 0xFC, 0x0F, 0xE0, 0x07, 0xC0, 0x3F, 0x81, 0xFE, 0x0F, 0x3C, 0x00, 0x00, 0x00, 0x00, 0xFE,
    0x0F, 0xFC, 0x7F, 0xF9, 0xF3, 0xE7, 0x87, 0xDE, 0x0F, 0x7F, 0xFD, 0xFF, 0xF7, 0xFF, 0x9E, 0x00,
    0x78, 0x39, 0xF3, 0xE7, 0xFF, 0x8F, 0xFC, 0x0F, 0xE0, 0x3C, 0xF0, 0xF3, 0xE3, 0xCF, 0x8F, 0x3C,
    0x00, 0x00, 0x00, 0x00, 0xFE, 0x0F, 0xFC, 0x7F, 0xF9, 0xF3, 0xE7, 0x87, 0xDE, 0x0F, 0x7F, 0xFD,
    0xFF, 0xF7, 0xFF, 0x9E, 0x00, 0x78, 0x39, 0xF3, 0xE7, 0xFF, 0x8F, 0xFC, 0x0F, 0xE0, 0x3E, 0x00,
    0x78, 0x00, 0xF0, 0x03, 0xE0, 0x00, 0x00, 0x00, 0x0F, 0xF8, 0x3F, 0xE0, 0xFF, 0x80, 0x1E, 0x00,
    0x78, 0x01, 0xE0, 0x07, 0x80, 0x1E, 0x00, 0x78, 0x01, 0xE0, 0x07, 0x80, 0x1E, 0x0F, 0xFF, 0xBF,
    0xFE, 0xFF, 0xF8, 0x01, 0xE0, 0x0F, 0x00, 0x7C, 0x03, 0xE0, 0x00, 0x00, 0x00, 0x0F, 0xF8, 0x3F,
    0xE0, 0xFF, 0x80, 0x1E, 0x00, 0x78, 0x01, 0xE0, 0x07, 0x80, 0x1E, 0x00, 0x78, 0x01, 0xE0, 0x07,
    0x80, 0x1E, 0x0F, 0xFF, 0xBF, 0xFE, 0xFF, 0xF8, 0x0F, 0x80, 0x7F, 0x03, 0xFE, 0x1F, 0x3C, 0x00,
    0x00, 0x00, 0x0F, 0xF8, 0x3F, 0xE0, 0xFF, 0x80, 0x1E, 0x00, 0x78, 0x01, 0xE0, 0x07, 0x80, 0x1E,
    0x00, 0x78, 0x01, 0xE0, 0x07, 0x80, 0x1E, 0x0F, 0xFF, 0xBF, 0xFE, 0xFF, 0xF8, 0x38, 0xF1, 0xF7,
    0xC7, 0xDF, 0x0E, 0x3C, 0x00, 0x00, 0x00, 0x0F, 0xF8, 0x3F, 0xE0, 0xFF, 0x80, 0x1E, 0x00, 0x78,
    0x01, 0xE0, 0x07, 0x80, 0x1E, 0x00, 0x78, 0x01, 0xE0, 0x07, 0x80, 0x1E, 0x0F, 0xFF, 0xBF, 0xFE,
    0xFF, 0xF8, 0x00, 0x00, 0x79, 0xC0, 0xFF, 0x03, 0xFC, 0x3F, 0xC0, 0xFF, 0x03, 0xBE, 0x08, 0x7C,
    0x00, 0xF0, 0x7F, 0xE3, 0xFF, 0x9F, 0xFF, 0xF8, 0x7F, 0xC0, 0xFF, 0x03, 0xFC, 0x0F, 0xF8, 0x3D,
    0xF3, 0xF7, 0xFF, 0x8F, 0xFC, 0x1F, 0xE0, 0x3E, 0xE1, 0xFF, 0x1F, 0xF8, 0xE7, 0x80, 0x00, 0x00,
    0x03, 0xDF, 0x1F, 0xFC, 0xFF, 0xF7, 0xCF, 0xBC, 0x3D, 0xE1, 0xFF, 0x0F, 0xF8, 0x7F, 0xC3, 0xFE,
    0x1F, 0xF0, 0xFF, 0x87, 0xFC, 0x3F, 0xE1, 0xFF, 0x0F, 0x80, 0x1E, 0x00, 0x7C, 0x00, 0xF8, 0x01,
    0xE0, 0x00, 0x00, 0x00, 0x01, 0xFE, 0x0F, 0xFC, 0x7F, 0xF9, 0xF3, 0xE7, 0x87, 0xDE, 0x0F, 0x78,
    0x3D, 0xE0, 0xF7, 0x83, 0xDE, 0x0F, 0x78, 0x7D, 0xF3, 0xE7, 0xFF, 0x8F, 0xFC, 0x1F, 0xE0, 0x01,
    0xF0, 0x0F, 0x80, 0x3C, 0x01, 0xE0, 0x00, 0x00, 0x00, 0x01, 0xFE, 0x0F, 0xFC, 0x7F, 0xF9, 0xF3,
    0xE7, 0x87, 0xDE, 0x0F, 0x78, 0x3D, 0xE0, 0xF7, 0x83, 0xDE, 0x0F, 0x78, 0x7D, 0xF3, 0xE7, 0xFF,
    0x8F, 0xFC, 0x1F, 0xE0, 0x07, 0xC0, 0x3F, 0x81, 0xFE, 0x0F, 0x3C, 0x00, 0x00, 0x00, 0x01, 0xFE,
    0x0F, 0xFC, 0x7F, 0xF9, 0xF3, 0xE7, 0x87, 0xDE, 0x0F, 0x78, 0x3D, 0xE0, 0xF7, 0x83, 0xDE, 0x0F,
    0x78, 0x7D, 0xF3, 0xE7, 0xFF, 0x8F, 0xFC, 0x1F, 0xE0, 0x1F, 0x70, 0xFF, 0xC3, 0xFF, 0x0E, 0x78,
    0x00, 0x00, 0x00, 0x01, 0xFE, 0x0F, 0xFC, 0x7F, 0xF9, 0xF3, 0xE7, 0x87, 0xDE, 0x0F, 0x78, 0x3D,
    0xE0, 0xF7, 0x83, 0xDE, 0x0F, 0x78, 0x7D, 0xF3, 0xE7, 0xFF, 0x8F, 0xFC, 0x1F, 0xE0, 0x3C, 0xF0,
    0xF3, 0xE3, 0xCF, 0x8F, 0x3C, 0x00, 0x00, 0x00, 0x01, 0xFE, 0x0F, 0xFC, 0x7F, 0xF9, 0xF3, 0xE7,
    0x87, 0xDE, 0x0F, 0x78, 0x3D, 0xE0, 0xF7, 0x83, 0xDE, 0x0F, 0x78, 0x7D, 0xF3, 0xE7, 0xFF, 0x8F,
    0xFC, 0x1F, 0xE0, 0x0F, 0x01, 0xF8, 0x1F, 0x80, 0xF0, 0x00, 0x00, 0x00, 0x00, 0x0F, 0xFF, 0xFF,
    0xFF, 0xFF, 0x00, 0x00, 0x00, 0x0F, 0x01, 0xF8, 0x1F, 0x80, 0xF0, 0x00, 0x0F, 0x0F, 0xFE, 0x1F,
    0xFC, 0x3F, 0xFC, 0x3E, 0x7C, 0x3C, 0xFE, 0x3C, 0xFE, 0x39, 0xDE, 0x3B, 0xDE, 0x3F, 0x9E, 0x3F,
    0x1E, 0x3F, 0x3E, 0x3E, 0x7C, 0x3F, 0xFC, 0x3F, 0xF8, 0x7F, 0xF0, 0x70, 0x00, 0x3C, 0x01, 0xF0,
    0x07, 0xC0, 0x1E, 0x00, 0x00, 0x00, 0x03, 0xC3, 0xFE, 0x1F, 0xF0, 0xFF, 0x87, 0xFC, 0x3F, 0xE1,
    0xFF, 0x0F, 0xF8, 0x7F, 0xC3, 0xFE, 0x1F, 0xF0, 0xF7, 0xCF, 0xBF, 0xFC, 0xFF, 0xC1, 0xFC, 0x00,
    0x03, 0xE0, 0x3E, 0x01, 0xE0, 0x1E, 0x00, 0x00, 0x00, 0x03, 0xC3, 0xFE, 0x1F, 0xF0, 0xFF, 0x87,
    0xFC, 0x3F, 0xE1, 0xFF, 0x0F, 0xF8, 0x7F, 0xC3, 0xFE, 0x1F, 0xF0, 0xF7, 0xCF, 0xBF, 0xFC, 0xFF,
    0xC1, 0xFC, 0x00, 0x0F, 0x80, 0xFE, 0x0F, 0xF0, 0xF3, 0xC0, 0x00, 0x00, 0x03, 0xC3, 0xFE, 0x1F,
    0xF0, 0xFF, 0x87, 0xFC, 0x3F, 0xE1, 0xFF, 0x0F, 0xF8, 0x7F, 0xC3, 0xFE, 0x1F, 0xF0, 0xF7, 0xCF,
    0xBF, 0xFC, 0xFF, 0xC1, 0xFC, 0x00, 0x79, 0xE3, 0xCF, 0x9E, 0x7C, 0xF3, 0xC0, 0x00, 0x00, 0x03,
    0xC3, 0xFE, 0x1F, 0xF0, 0xFF, 0x87, 0xFC, 0x3F, 0xE1, 0xFF, 0x0F, 0xF8, 0x7F, 0xC3, 0xFE, 0x1F,
    0xF0, 0xF7, 0xCF, 0xBF, 0xFC, 0xFF, 0xC1, 0xFC, 0x00, 0x00, 0xF8, 0x01, 0xF0, 0x01, 0xE0, 0x03,
    0xC0, 0x00, 0x00, 0x00, 0x00, 0x78, 0x1E, 0x78, 0x1E, 0x3C, 0x3E, 0x3C, 0x3C, 0x3E, 0x3C, 0x1E,
    0x7C, 0x1E, 0x78, 0x0F, 0x78, 0x0F, 0xF8, 0x0F, 0xF0, 0x07, 0xF0, 0x07, 0xE0, 0x07, 0xE0, 0x03,
    0xE0, 0x03, 0xC0, 0x03, 0xC0, 0x07, 0xC0, 0x07, 0x80, 0x07, 0x80, 0x0F, 0x80, 0xF0, 0x07, 0x80,
    0x3C, 0x01, 0xE0, 0x0F, 0x00, 0x7B, 0xE3, 0xFF, 0x9F, 0xFE, 0xF9, 0xF7, 0x87, 0xFC, 0x3F, 0xE1,
    0xFF, 0x0F, 0xF8, 0x7F, 0xC3, 0xFE, 0x1F, 0xF9, 0xF7, 0xFF, 0xBF, 0xF9, 0xEF, 0x8F, 0x00, 0x78,
    0x03, 0xC0, 0x1E, 0x00, 0xF0, 0x00, 0x1E, 0x78, 0x1E, 0x7C, 0x1E, 0x7C, 0x1E, 0x78, 0x00, 0x00,
    0x00, 0x00, 0x78, 0x1E, 0x78, 0x1E, 0x3C, 0x3E, 0x3C, 0x3C, 0x3E, 0x3C, 0x1E, 0x7C, 0x1E, 0x78,
    0x0F, 0x78, 0x0F, 0xF8, 0x0F, 0xF0, 0x07, 0xF0, 0x07, 0xE0, 0x07, 0xE0, 0x03, 0xE0, 0x03, 0xC0,
    0x03, 0xC0, 0x07, 0xC0, 0x07, 0x80, 0x07, 0x80, 0x0F, 0x80, 0x1F, 0xF8, 0x1F, 0xF8, 0x1F, 0xF8,
    0x00, 0x00, 0x00, 0x00, 0x07, 0xE0, 0x07, 0xE0, 0x07, 0xE0, 0x07, 0xF0, 0x0F, 0xF0, 0x0F, 0xF0,
    0x0F, 0xF0, 0x0F, 0x78, 0x1E, 0x78, 0x1E, 0x78, 0x1E, 0x78, 0x1E, 0x3C, 0x3F, 0xFC, 0x3F, 0xFC,
    0x3F, 0xFC, 0x3C, 0x3E, 0x7C, 0x1E, 0x78, 0x1E, 0x78, 0x1E, 0x78, 0x1F, 0x3F, 0xF0, 0xFF, 0xC3,
    0xFF, 0x00, 0x00, 0x00, 0x00, 0x00, 0x01, 0xFE, 0x0F, 0xFC, 0x7F, 0xF9, 0xF3, 0xE7, 0x87, 0x80,
    0xFE, 0x3F, 0xFD, 0xFF, 0xF7, 0xC7, 0xFC, 0x1F, 0xF0, 0x7F, 0xE3, 0xF7, 0xFF, 0xDF, 0xFF, 0x3F,
    0xFC, 0x1E, 0x38, 0x1F, 0x78, 0x0F, 0xF0, 0x07, 0xE0, 0x00, 0x00, 0x00, 0x00, 0x07, 0xE0, 0x07,
    0xE0, 0x07, 0xE0, 0x07, 0xF0, 0x0F, 0xF0, 0x0F, 0xF0, 0x0F, 0xF0, 0x0F, 0x78, 0x1E, 0x78, 0x1E,
    0x78, 0x1E, 0x78, 0x1E, 0x3C, 0x3F, 0xFC, 0x3F, 0xFC, 0x3F, 0xFC, 0x3C, 0x3E, 0x7C, 0x1E, 0x78,
    0x1E, 0x78, 0x1E, 0x78, 0x1F, 0x3C, 0x70, 0xFB, 0xC1, 0xFF, 0x03, 0xF0, 0x00, 0x00, 0x00, 0x01,
    0xFE, 0x0F, 0xFC, 0x7F, 0xF9, 0xF3, 0xE7, 0x87, 0x80, 0xFE, 0x3F, 0xFD, 0xFF, 0xF7, 0xC7, 0xFC,
    0x1F, 0xF0, 0x7F, 0xE3, 0xF7, 0xFF, 0xDF, 0xFF, 0x3F, 0xFC, 0x07, 0xE0, 0x07, 0xE0, 0x07, 0xE0,
    0x07, 0xF0, 0x0F, 0xF0, 0x0F, 0xF0, 0x0F, 0xF0, 0x0F, 0x78, 0x1E, 0x78, 0x1E, 0x78, 0x1E, 0x78,
    0x1E, 0x3C, 0x3F, 0xFC, 0x3F, 0xFC, 0x3F, 0xFC, 0x3C, 0x3E, 0x7C, 0x1E, 0x78, 0x1E, 0x78, 0x1E,
    0x78, 0x1F, 0x00, 0x1C, 0x00, 0x38, 0x00, 0x78, 0x00, 0x7E, 0x00, 0x3F, 0x00, 0x3F, 0x1F, 0xE0,
    0x7F, 0xE1, 0xFF, 0xE3, 0xE7, 0xC7, 0x87, 0x80, 0x7F, 0x0F, 0xFF, 0x3F, 0xFE, 0x7C, 0x7D, 0xE0,
    0xFB, 0xC1, 0xF7, 0xC7, 0xE7, 0xFF, 0xCF, 0xFF, 0x8F, 0xFF, 0x00, 0x3C, 0x00, 0x70, 0x01, 0xE0,
    0x03, 0xF8, 0x03, 0xF0, 0x00, 0xC0, 0x03, 0xE0, 0x1E, 0x01, 0xE0, 0x1E, 0x00, 0x00, 0x00, 0x00,
    0x7F, 0x0F, 0xFC, 0x7F, 0xF7, 0xCF, 0xFC, 0x1F, 0xE0, 0xFF, 0x00, 0x78, 0x03, 0xC0, 0x1E, 0x00,
    0xF0, 0x07, 0x80, 0x3C, 0x01, 0xE0, 0x0F, 0x07, 0xF8, 0x3F, 0xE7, 0xEF, 0xFE, 0x7F, 0xE0, 0xFE,
    0x00, 0x03, 0xE0, 0x1E, 0x01, 0xE0, 0x1F, 0x00, 0x00, 0x00, 0x00, 0x7F, 0x0F, 0xFC, 0x7F, 0xF7,
    0xCF, 0xFC, 0x1F, 0xE0, 0xFF, 0x00, 0x78, 0x03, 0xC0, 0x1E, 0x0F, 0xF0, 0x7F, 0xC7, 0xDF, 0xFC,
    0xFF, 0xC1, 0xFC, 0x00, 0x0F, 0x80, 0xFE, 0x0F, 0xF8, 0xF3, 0xE0, 0x00, 0x00, 0x00, 0x7F, 0x0F,
    0xFC, 0x7F, 0xF7, 0xCF, 0xFC, 0x1F, 0xE0, 0xFF, 0x00, 0x78, 0x03, 0xC0, 0x1E, 0x00, 0xF0, 0x07,
    0x80, 0x3C, 0x01, 0xE0, 0x0F, 0x07, 0xF8, 0x3F, 0xE7, 0xEF, 0xFE, 0x7F, 0xE0, 0xFE, 0x00, 0x0F,
    0x80, 0xFE, 0x0F, 0xF8, 0xF3, 0xE0, 0x00, 0x00, 0x00, 0x7F, 0x0F, 0xFC, 0x7F, 0xF7, 0xCF, 0xFC,
    0x1F, 0xE0, 0xFF, 0x00, 0x78, 0x03, 0xC0, 0x1E, 0x0F, 0xF0, 0x7F, 0xC7, 0xDF, 0xFC, 0xFF, 0xC1,
    0xFC, 0x00, 0x0F, 0x00, 0x7C, 0x03, 0xE0, 0x1E, 0x00, 0x00, 0x00, 0x00, 0x7F, 0x0F, 0xFC, 0x7F,
    0xF7, 0xCF, 0xFC, 0x1F, 0xE0, 0xFF, 0x00, 0x78, 0x03, 0xC0, 0x1E, 0x00, 0xF0, 0x07, 0x80, 0x3C,
    0x01, 0xE0, 0x0F, 0x07, 0xF8, 0x3F, 0xE7, 0xEF, 0xFE, 0x7F, 0xE0, 0xFE, 0x00, 0x0F, 0x00, 0x7C,
    0x03, 0xE0, 0x1E, 0x00, 0x00, 0x00, 0x00, 0x7F, 0x0F, 0xFC, 0x7F, 0xF7, 0xCF, 0xFC, 0x1F, 0xE0,
    0xFF, 0x00, 0x78, 0x03, 0xC0, 0x1E, 0x0F, 0xF0, 0x7F, 0xC7, 0xDF, 0xFC, 0xFF, 0xC1, 0xFC, 0x00,
    0x79, 0xF1, 0xFF, 0x07, 0xF0, 0x1F, 0x00, 0x00, 0x00, 0x00, 0x7F, 0x0F, 0xFC, 0x7F, 0xF7, 0xCF,
    0xFC, 0x1F, 0xE0, 0xFF, 0x00, 0x78, 0x03, 0xC0, 0x1E, 0x00, 0xF0, 0x07, 0x80, 0x3C, 0x01, 0xE0,
    0x0F, 0x07, 0xF8, 0x3F, 0xE7, 0xEF, 0xFE, 0x7F, 0xE0, 0xFE, 0x00, 0x79, 0xF1, 0xFF, 0x07, 0xF0,
    0x1F, 0x00, 0x00, 0x00, 0x00, 0x7F, 0x0F, 0xFC, 0x7F, 0xF7, 0xCF, 0xFC, 0x1F, 0xE0, 0xFF, 0x00,
    0x78, 0x03, 0xC0, 0x1E, 0x0F, 0xF0, 0x7F, 0xC7, 0xDF, 0xFC, 0xFF, 0xC1, 0xFC, 0x00, 0x79, 0xE1,
    0xFE, 0x07, 0xF0, 0x1F, 0x00, 0x00, 0x00, 0x03, 0xFF, 0x1F, 0xFC, 0xFF, 0xF7, 0x8F, 0xBC, 0x3F,
    0xE0, 0xFF, 0x07, 0xF8, 0x3F, 0xC1, 0xFE, 0x0F, 0xF0, 0x7F, 0x83, 0xFC, 0x1F, 0xE0, 0xFF, 0x07,
    0xF8, 0x7F, 0xC7, 0xDF, 0xFE, 0xFF, 0xE7, 0xFE, 0x00, 0x00, 0xFF, 0x00, 0xFF, 0x00, 0xFF, 0x00,
    0xFF, 0x00, 0xFE, 0x3E, 0xF0, 0x7F, 0xF0, 0x7F, 0xF0, 0xF9, 0xF0, 0xF0, 0xF0, 0xF0, 0xF0, 0xF0,
    0xF0, 0xF0, 0xF0, 0xF0, 0xF0, 0xF0, 0xF0, 0xF0, 0xF0, 0xF9, 0xF0, 0x7F, 0xF0, 0x7F, 0xF0, 0x3E,
    0xF0, 0x3F, 0xF0, 0x7F, 0xF0, 0xFF, 0xF1, 0xE3, 0xE3, 0xC3, 0xE7, 0x83, 0xCF, 0x07, 0x9E, 0x0F,
    0x3C, 0x1F, 0xFE, 0x3F, 0xFC, 0x7F, 0xF8, 0xF3, 0xC1, 0xE7, 0x83, 0xCF, 0x07, 0x9E, 0x1F, 0x3C,
    0x7C, 0x7F, 0xF8, 0xFF, 0xE1, 0xFF, 0x80, 0x00, 0x78, 0x00, 0x78, 0x03, 0xFE, 0x07, 0xFF, 0x07,
    0xFF, 0x00, 0x78, 0x1F, 0x78, 0x3F, 0xF8, 0x7F, 0xF8, 0x7C, 0xF8, 0x78, 0x78, 0x78, 0x78, 0x78,
    0x78, 0x78, 0x78, 0x78, 0x78, 0x78, 0x78, 0x7C, 0xF8, 0x7F, 0xF8, 0x3F, 0xF8, 0x1F, 0xF8, 0x7F,
    0xE3, 0xFF, 0x1F, 0xF8, 0x00, 0x00, 0x00, 0x7F, 0xFF, 0xFF, 0xFF, 0xFF, 0xF0, 0x07, 0x80, 0x3C,
    0x01, 0xE0, 0x0F, 0x00, 0x7F, 0xFB, 0xFF, 0xDF, 0xFE, 0xF0, 0x07, 0x80, 0x3C, 0x01, 0xE0, 0x0F,
    0x00, 0x78, 0x03, 0xFF, 0xFF, 0xFF, 0xFF, 0xF8, 0x3F, 0xF0, 0xFF, 0xC3, 0xFF, 0x00, 0x00, 0x00,
    0x00, 0x00, 0x00, 0xFE, 0x0F, 0xFC, 0x7F, 0xF9, 0xF3, 0xE7, 0x87, 0xDE, 0x0F, 0x7F, 0xFD, 0xFF,
    0xF7, 0xFF, 0x9E, 0x00, 0x78, 0x39, 0xF3, 0xE7, 0xFF, 0x8F, 0xFC, 0x0F, 0xE0, 0x78, 0xE1, 0xEF,
    0x0F, 0xF8, 0x3F, 0x00, 0x00, 0x00, 0x03, 0xFF, 0xFF, 0xFF, 0xFF, 0xFF, 0x80, 0x3C, 0x01, 0xE0,
    0x0F, 0x00, 0x78, 0x03, 0xFF, 0xDF, 0xFE, 0xFF, 0xF7, 0x80, 0x3C, 0x01, 0xE0, 0x0F, 0x00, 0x78,
    0x03, 0xC0, 0x1F, 0xFF, 0xFF, 0xFF, 0xFF, 0xC0, 0x38, 0x70, 0xF3, 0xC1, 0xFE, 0x03, 0xF0, 0x00,
    0x00, 0x00, 0x00, 0xFE, 0x0F, 0xFC, 0x7F, 0xF9, 0xF3, 0xE7, 0x87, 0xDE, 0x0F, 0x7F, 0xFD, 0xFF,
    0xF7, 0xFF, 0x9E, 0x00, 0x78, 0x39, 0xF3, 0xE7, 0xFF, 0x8F, 0xFC, 0x0F, 0xE0, 0x0F, 0x00, 0x7C,
    0x03, 0xE0, 0x1E, 0x00, 0x00, 0x00, 0x03, 0xFF, 0xFF, 0xFF, 0xFF, 0xFF, 0x80, 0x3C, 0x01, 0xE0,
    0x0F, 0x00, 0x78, 0x03, 0xFF, 0xDF, 0xFE, 0xFF, 0xF7, 0x80, 0x3C, 0x01, 0xE0, 0x0F, 0x00, 0x78,
    0x03, 0xC0, 0x1F, 0xFF, 0xFF, 0xFF, 0xFF, 0xC0, 0x07, 0x80, 0x1F, 0x00, 0x7C, 0x01, 0xE0, 0x00,
    0x00, 0x00, 0x00, 0xFE, 0x0F, 0xFC, 0x7F, 0xF9, 0xF3, 0xE7, 0x87, 0xDE, 0x0F, 0x7F, 0xFD, 0xFF,
    0xF7, 0xFF, 0x9E, 0x00, 0x78, 0x39, 0xF3, 0xE7, 0xFF, 0x8F, 0xFC, 0x0F, 0xE0, 0xFF, 0xFF, 0xFF,
    0xFF, 0xFF, 0xE0, 0x0F, 0x00, 0x78, 0x03, 0xC0, 0x1E, 0x00, 0xFF, 0xF7, 0xFF, 0xBF, 0xFD, 0xE0,
    0x0F, 0x00, 0x78, 0x03, 0xC0, 0x1E, 0x00, 0xF0, 0x07, 0xFF, 0xFF, 0xFF, 0xFF, 0xF0, 0x1E, 0x01,
    0xE0, 0x0F, 0x00, 0x7E, 0x03, 0xF8, 0x0F, 0xC0, 0x0F, 0xE0, 0xFF, 0xC7, 0xFF, 0x9F, 0x3E, 0x78,
    0x79, 0xE0, 0xF7, 0xFF, 0xDF, 0xFF, 0x78, 0x01, 0xE0, 0x07, 0x83, 0x9F, 0x3E, 0x7F, 0xF8, 0xFF,
    0xC0, 0xFE, 0x00, 0xE0, 0x07, 0x80, 0x1E, 0x00, 0x7F, 0x00, 0xFC, 0x00, 0xF0, 0x79, 0xF1, 0xFF,
    0x07, 0xF0, 0x1F, 0x00, 0x00, 0x00, 0x03, 0xFF, 0xFF, 0xFF, 0xFF, 0xFF, 0x80, 0x3C, 0x01, 0xE0,
    0x0F, 0x00, 0x78, 0x03, 0xFF, 0xDF, 0xFE, 0xFF, 0xF7, 0x80, 0x3C, 0x01, 0xE0, 0x0F, 0x00, 0x78,
    0x03, 0xC0, 0x1F, 0xFF, 0xFF, 0xFF, 0xFF, 0xC0, 0x3C, 0xF0, 0x7F, 0x80, 0xFE, 0x01, 0xF0, 0x00,
    0x00, 0x00, 0x00, 0xFE, 0x0F, 0xFC, 0x7F, 0xF9, 0xF3, 0xE7, 0x87, 0xDE, 0x0F, 0x7F, 0xFD, 0xFF,
    0xF7, 0xFF, 0x9E, 0x00, 0x78, 0x39, 0xF3, 0xE7, 0xFF, 0x8F, 0xFC, 0x0F, 0xE0, 0x07, 0xC0, 0x3F,
    0x81, 0xFE, 0x0F, 0x3C, 0x00, 0x00, 0x00, 0x00, 0xFE, 0x0F, 0xFC, 0x7F, 0xF9, 0xF3, 0xE7, 0x87,
    0xDE, 0x0F, 0x78, 0x01, 0xE0, 0x07, 0x80, 0x1E, 0xFF, 0x7B, 0xFD, 0xEF, 0xF7, 0x83, 0xDE, 0x0F,
    0x78, 0x3D, 0xE1, 0xF7, 0xCF, 0x9F, 0xFE, 0x3F, 0xF0, 0x3F, 0x80, 0x07, 0xC0, 0x3F, 0x01, 0xFE,
    0x0F, 0x3C, 0x00, 0x00, 0x00, 0x01, 0xFF, 0xCF, 0xFF, 0x7F, 0xFD, 0xF3, 0xF7, 0x87, 0xDE, 0x1F,
    0x78, 0x7D, 0xE1, 0xF7, 0x87, 0xDE, 0x1F, 0x7C, 0xFD, 0xFF, 0xF3, 0xFF, 0xC7, 0xFF, 0x00, 0x78,
    0x01, 0xE0, 0x07, 0x87, 0xFE, 0x1F, 0xF0, 0x7F, 0x80, 0x3C, 0x70, 0xFB, 0xC1, 0xFE, 0x03, 0xF0,
    0x00, 0x00, 0x00, 0x00, 0xFE, 0x0F, 0xFC, 0x7F, 0xF9, 0xF3, 0xE7, 0x87, 0xDE, 0x0F, 0x78, 0x01,
    0xE0, 0x07, 0x80, 0x1E, 0xFF, 0x7B, 0xFD, 0xEF, 0xF7, 0x83, 0xDE, 0x0F, 0x78, 0x3D, 0xE1, 0xF7,
    0xCF, 0x9F, 0xFE, 0x3F, 0xF0, 0x3F, 0x80, 0x38, 0x70, 0xF3, 0xC1, 0xFE, 0x03, 0xF0, 0x00, 0x00,
    0x00, 0x01, 0xFF, 0xCF, 0xFF, 0x7F, 0xFD, 0xF3, 0xF7, 0x87, 0xDE, 0x1F, 0x78, 0x7D, 0xE1, 0xF7,
    0x87, 0xDE, 0x1F, 0x7C, 0xFD, 0xFF, 0xF3, 0xFF, 0xC7, 0xFF, 0x00, 0x78, 0x01, 0xE0, 0x07, 0x87,
    0xFE, 0x1F, 0xF0, 0x7F, 0x80, 0x07, 0x80, 0x1F, 0x00, 0x7C, 0x01, 0xE0, 0x00, 0x00, 0x00, 0x00,
    0xFE, 0x0F, 0xFC, 0x7F, 0xF9, 0xF3, 0xE7, 0x87, 0xDE, 0x0F, 0x78, 0x01, 0xE0, 0x07, 0x80, 0x1E,
    0xFF, 0x7B, 0xFD, 0xEF, 0xF7, 0x83, 0xDE, 0x0F, 0x78, 0x3D, 0xE1, 0xF7, 0xCF, 0x9F, 0xFE, 0x3F,
    0xF0, 0x3F, 0x80, 0x07, 0x80, 0x1F, 0x00, 0x7C, 0x01, 0xE0, 0x00, 0x00, 0x00, 0x01, 0xFF, 0xCF,
    0xFF, 0x7F, 0xFD, 0xF3, 0xF7, 0x87, 0xDE, 0x1F, 0x78, 0x7D, 0xE1, 0xF7, 0x87, 0xDE, 0x1F, 0x7C,
    0xFD, 0xFF, 0xF3, 0xFF, 0xC7, 0xFF, 0x00, 0x78, 0x01, 0xE0, 0x07, 0x87, 0xFE, 0x1F, 0xF0, 0x7F,
    0x80, 0x0F, 0xE0, 0xFF, 0xC7, 0xFF, 0x9F, 0x3E, 0x78, 0x7D, 0xE0, 0xF7, 0x80, 0x1E, 0x00, 0x78,
    0x01, 0xEF, 0xF7, 0xBF, 0xDE, 0xFF, 0x78, 0x3D, 0xE0, 0xF7, 0x83, 0xDE, 0x1F, 0x7C, 0xF9, 0xFF,
    0xE3, 0xFF, 0x03, 0xF8, 0x00, 0x00, 0x00, 0x00, 0x3C, 0x01, 0xE0, 0x07, 0x80, 0x3C, 0x00, 0x01,
    0xE0, 0x0F, 0x00, 0x3C, 0x01, 0xF0, 0x07, 0x80, 0x3E, 0x00, 0x00, 0x00, 0x00, 0x1F, 0xFC, 0xFF,
    0xF7, 0xFF, 0xDF, 0x3F, 0x78, 0x7D, 0xE1, 0xF7, 0x87, 0xDE, 0x1F, 0x78, 0x7D, 0xE1, 0xF7, 0xCF,
    0xDF, 0xFF, 0x3F, 0xFC, 0x7F, 0xF0, 0x07, 0x80, 0x1E, 0x00, 0x78, 0x7F, 0xE1, 0xFF, 0x07, 0xF8,
    0x0F, 0x80, 0xFE, 0x0F, 0xF0, 0xF3, 0xC0, 0x00, 0x00, 0x03, 0xC3, 0xFE, 0x1F, 0xF0, 0xFF, 0x87,
    0xFC, 0x3F, 0xE1, 0xFF, 0x0F, 0xF8, 0x7F, 0xFF, 0xFF, 0xFF, 0xFF, 0xFF, 0x87, 0xFC, 0x3F, 0xE1,
    0xFF, 0x0F, 0xF8, 0x7F, 0xC3, 0xFE, 0x1F, 0xF0, 0xFF, 0x87, 0xC0, 0x1F, 0x00, 0x1F, 0xC0, 0x1F,
    0xF0, 0x1F, 0x3C, 0x00, 0x00, 0x00, 0x00, 0x00, 0x3C, 0x00, 0x1E, 0x00, 0x0F, 0x00, 0x07, 0x80,
    0x03, 0xC0, 0x01, 0xEF, 0x80, 0xFF, 0xE0, 0x7F, 0xF8, 0x3E, 0x7C, 0x1E, 0x1E, 0x0F, 0x0F, 0x87,
    0x87, 0xC3, 0xC3, 0xE1, 0xE1, 0xF0, 0xF0, 0xF8, 0x78, 0x7C, 0x3C, 0x3E, 0x1E, 0x1F, 0x0F, 0x0F,
    0x87, 0x87, 0xC0, 0x3C, 0x3E, 0x3C, 0x3E, 0x3C, 0x3E, 0xFF, 0xFF, 0xFF, 0xFF, 0xFF, 0xFF, 0x3C,
    0x3E, 0x3C, 0x3E, 0x3F, 0xFE, 0x3F, 0xFE, 0x3F, 0xFE, 0x3C, 0x3E, 0x3C, 0x3E, 0x3C, 0x3E, 0x3C,
    0x3E, 0x3C, 0x3E, 0x3C, 0x3E, 0x3C, 0x3E, 0x3C, 0x3E, 0x3C, 0x3E, 0x3C, 0x00, 0x78, 0x03, 0xFE,
    0x07, 0xFE, 0x0F, 0xFC, 0x07, 0x80, 0x0F, 0x00, 0x1E, 0xF8, 0x3F, 0xF8, 0x7F, 0xF8, 0xF9, 0xF1,
    0xE1, 0xE3, 0xC3, 0xE7, 0x87, 0xCF, 0x0F, 0x9E, 0x1F, 0x3C, 0x3E, 0x78, 0x7C, 0xF0, 0xF9, 0xE1,
    0xF0, 0x3E, 0xE7, 0xFE, 0x7F, 0xE7, 0x3C, 0x00, 0x00, 0x00, 0xFF, 0xFF, 0xFF, 0xFF, 0xF0, 0xF0,
    0x0F, 0x00, 0xF0, 0x0F, 0x00, 0xF0, 0x0F, 0x00, 0xF0, 0x0F, 0x00, 0xF0, 0x0F, 0x00, 0xF0, 0x0F,
    0x00, 0xF0, 0x0F, 0x0F, 0xFF, 0xFF, 0xFF, 0xFF, 0x1E, 0x70, 0xFF, 0xC3, 0xFE, 0x0C, 0xF8, 0x00,
    0x00, 0x00, 0x0F, 0xF8, 0x3F, 0xE0, 0xFF, 0x80, 0x1E, 0x00, 0x78, 0x01, 0xE0, 0x07, 0x80, 0x1E,
    0x00, 0x78, 0x01, 0xE0, 0x07, 0x80, 0x1E, 0x0F, 0xFF, 0xBF, 0xFE, 0xFF, 0xF8, 0x7F, 0xE7, 0xFE,
    0x7F, 0xE0, 0x00, 0x00, 0x0F, 0xFF, 0xFF, 0xFF, 0xFF, 0x0F, 0x00, 0xF0, 0x0F, 0x00, 0xF0, 0x0F,
    0x00, 0xF0, 0x0F, 0x00, 0xF0, 0x0F, 0x00, 0xF0, 0x0F, 0x00, 0xF0, 0x0F, 0x00, 0xF0, 0xFF, 0xFF,
    0xFF, 0xFF, 0xF0, 0x3F, 0xF0, 0xFF, 0xC3, 0xFF, 0x00, 0x00, 0x00, 0x00, 0x00, 0x0F, 0xF8, 0x3F,
    0xE0, 0xFF, 0x80, 0x1E, 0x00, 0x78, 0x01, 0xE0, 0x07, 0x80, 0x1E, 0x00, 0x78, 0x01, 0xE0, 0x07,
    0x80, 0x1E, 0x0F, 0xFF, 0xBF, 0xFE, 0xFF, 0xF8, 0x78, 0xE7, 0xDE, 0x3F, 0xC1, 0xF8, 0x00, 0x00,
    0x00, 0xFF, 0xFF, 0xFF, 0xFF, 0xF0, 0xF0, 0x0F, 0x00, 0xF0, 0x0F, 0x00, 0xF0, 0x0F, 0x00, 0xF0,
    0x0F, 0x00, 0xF0, 0x0F, 0x00, 0xF0, 0x0F, 0x00, 0xF0, 0x0F, 0x0F, 0xFF, 0xFF, 0xFF, 0xFF, 0x38,
    0xF0, 0xF7, 0x83, 0xFE, 0x07, 0xF0, 0x00, 0x00, 0x00, 0x0F, 0xF8, 0x3F, 0xE0, 0xFF, 0x80, 0x1E,
    0x00, 0x78, 0x01, 0xE0, 0x07, 0x80, 0x1E, 0x00, 0x78, 0x01, 0xE0, 0x07, 0x80, 0x1E, 0x0F, 0xFF,
    0xBF, 0xFE, 0xFF, 0xF8, 0xFF, 0xFF, 0xFF, 0xFF, 0xF0, 0xF0, 0x0F, 0x00, 0xF0, 0x0F, 0x00, 0xF0,
    0x0F, 0x00, 0xF0, 0x0F, 0x00, 0xF0, 0x0F, 0x00, 0xF0, 0x0F, 0x00, 0xF0, 0x0F, 0x0F, 0xFF, 0xFF,
    0xFF, 0xFF, 0x0E, 0x01, 0xC0, 0x3C, 0x03, 0xF0, 0x1F, 0x81, 0xF8, 0x07, 0x80, 0x3E, 0x00, 0xF8,
    0x01, 0xE0, 0x00, 0x00, 0x00, 0x0F, 0xF8, 0x3F, 0xE0, 0xFF, 0x80, 0x1E, 0x00, 0x78, 0x01, 0xE0,
    0x07, 0x80, 0x1E, 0x00, 0x78, 0x01, 0xE0, 0x07, 0x80, 0x1E, 0x0F, 0xFF, 0xBF, 0xFE, 0xFF, 0xF8,
    0x3C, 0x01, 0xE0, 0x07, 0x00, 0x1F, 0x80, 0x7F, 0x00, 0xFC, 0x00, 0x0F, 0x00, 0xF8, 0x0F, 0x80,
    0xF0, 0x00, 0x00, 0x00, 0xFF, 0xFF, 0xFF, 0xFF, 0xF0, 0xF0, 0x0F, 0x00, 0xF0, 0x0F, 0x00, 0xF0,
    0x0F, 0x00, 0xF0, 0x0F, 0x00, 0xF0, 0x0F, 0x00, 0xF0, 0x0F, 0x00, 0xF0, 0x0F, 0x0F, 0xFF, 0xFF,
    0xFF, 0xFF, 0xFF, 0x83, 0xFE, 0x0F, 0xF8, 0x01, 0xE0, 0x07, 0x80, 0x1E, 0x00, 0x78, 0x01, 0xE0,
    0x07, 0x80, 0x1E, 0x00, 0x78, 0x01, 0xE0, 0xFF, 0xFB, 0xFF, 0xEF, 0xFF, 0x80, 0xFF, 0x8F, 0xFF,
    0x8F, 0xFF, 0x8F, 0x3C, 0x0F, 0x3C, 0x0F, 0x3C, 0x0F, 0x3C, 0x0F, 0x3C, 0x0F, 0x3C, 0x0F, 0x3C,
    0x0F, 0xFF, 0x8F, 0xFF, 0x8F, 0xFF, 0x8F, 0x00, 0x0F, 0x1C, 0x1F, 0x3E, 0x1E, 0x1F, 0x3E, 0x1F,
    0xFE, 0x0F, 0xFC, 0x07, 0xF8, 0xF0, 0xF7, 0xC7, 0xBE, 0x3D, 0xE1, 0xE0, 0x00, 0x00, 0x03, 0xC3,
    0xDE, 0x1E, 0xF0, 0xF7, 0x87, 0xBC, 0x3D, 0xE1, 0xEF, 0x0F, 0x78, 0x7B, 0xC3, 0xDE, 0x1E, 0xF0,
    0xF7, 0x87, 0xBC, 0x3D, 0xE1, 0xE0, 0x0F, 0x00, 0x78, 0x07, 0xDF, 0xFC, 0xFF, 0xC7, 0xFC, 0x00,
    0x00, 0x3E, 0x00, 0x1F, 0xC0, 0x0F, 0xF8, 0x07, 0x9E, 0x00, 0x00, 0x00, 0x00, 0x00, 0x03, 0xC0,
    0x00, 0xF0, 0x00, 0x3C, 0x00, 0x0F, 0x00, 0x03, 0xC0, 0x00, 0xF0, 0x00, 0x3C, 0x00, 0x0F, 0x00,
    0x03, 0xC0, 0x00, 0xF0, 0x00, 0x3C, 0x00, 0x0F, 0x00, 0x03, 0xC0, 0x00, 0xF0, 0xF8, 0x3C, 0x1E,
    0x0F, 0x07, 0xCF, 0xC1, 0xFF, 0xE0, 0x3F, 0xF0, 0x03, 0xF8, 0x00, 0x03, 0xE0, 0x1F, 0xC0, 0xFF,
    0x87, 0x9F, 0x00, 0x00, 0x00, 0x0F, 0xFE, 0x3F, 0xF8, 0xFF, 0xE0, 0x07, 0x80, 0x1E, 0x00, 0x78,
    0x01, 0xE0, 0x07, 0x80, 0x1E, 0x00, 0x78, 0x01, 0xE0, 0x07, 0x80, 0x1E, 0x00, 0x78, 0x03, 0xE0,
    0x0F, 0x80, 0x7C, 0x3F, 0xF0, 0xFF, 0x83, 0xFC, 0x00, 0xF0, 0x7B, 0xC3, 0xEF, 0x0F, 0x3C, 0x7C,
    0xF1, 0xE3, 0xC7, 0x8F, 0x3C, 0x3C, 0xF0, 0xFF, 0xC3, 0xFE, 0x0F, 0xFC, 0x3C, 0xF0, 0xF3, 0xC3,
    0xCF, 0x8F, 0x1E, 0x3C, 0x7C, 0xF0, 0xF3, 0xC3, 0xEF, 0x07, 0xBC, 0x1F, 0x00, 0x00, 0x00, 0x00,
    0x78, 0x03, 0xC0, 0x1F, 0x00, 0x78, 0x00, 0xF0, 0x03, 0xC0, 0x0F, 0x00, 0x3C, 0x00, 0xF0, 0x03,
    0xC1, 0xEF, 0x0F, 0xBC, 0x3C, 0xF1, 0xF3, 0xCF, 0x8F, 0x3C, 0x3F, 0xF0, 0xFF, 0x83, 0xFF, 0x0F,
    0x3E, 0x3C, 0xF8, 0xF1, 0xF3, 0xC3, 0xCF, 0x0F, 0xBC, 0x1F, 0x00, 0x00, 0x00, 0x00, 0x78, 0x03,
    0xC0, 0x1F, 0x00, 0x78, 0x00, 0xF0, 0x7B, 0xC3, 0xEF, 0x0F, 0x3C, 0x7C, 0xF1, 0xE3, 0xCF, 0x0F,
    0xFC, 0x3F, 0xF0, 0xFF, 0xC3, 0xCF, 0x8F, 0x1E, 0x3C, 0x7C, 0xF0, 0xF3, 0xC3, 0xEF, 0x07, 0xC0,
    0x1E, 0x00, 0xF8, 0x03, 0xC0, 0x1E, 0x00, 0x00, 0x00, 0x00, 0x07, 0x80, 0x1E, 0x00, 0x78, 0x01,
    0xE0, 0x07, 0x80, 0x1E, 0x00, 0x78, 0x01, 0xE0, 0x07, 0x80, 0x1E, 0x00, 0x78, 0x01, 0xE0, 0x07,
    0x80, 0x1E, 0x00, 0x78, 0x01, 0xE0, 0x07, 0x80, 0x1F, 0xFE, 0x7F, 0xF9, 0xFF, 0xE0, 0x01, 0xE0,
    0x03, 0xE0, 0x03, 0xC0, 0x07, 0x80, 0x00, 0x00, 0x00, 0x00, 0xFF, 0x80, 0xFF, 0x80, 0xFF, 0x80,
    0x07, 0x80, 0x07, 0x80, 0x07, 0x80, 0x07, 0x80, 0x07, 0x80, 0x07, 0x80, 0x07, 0x80, 0x07, 0x80,
    0x07, 0x80, 0x07, 0x80, 0x07, 0x80, 0x07, 0x80, 0x07, 0x80, 0x07, 0xC0, 0x03, 0xFE, 0x03, 0xFE,
    0x01, 0xFE, 0xF0, 0x07, 0x80, 0x3C, 0x01, 0xE0, 0x0F, 0x00, 0x78, 0x03, 0xC0, 0x1E, 0x00, 0xF0,
    0x07, 0x80, 0x3C, 0x01, 0xE0, 0x0F, 0x00, 0x78, 0x03, 0xC0, 0x1E, 0x00, 0xF0, 0x07, 0xFF, 0xBF,
    0xFD, 0xFF, 0xE0, 0x00, 0x00, 0x00, 0x1E, 0x01, 0xE0, 0x0F, 0x00, 0xF0, 0x00, 0xFF, 0x80, 0xFF,
    0x80, 0xFF, 0x80, 0x07, 0x80, 0x07, 0x80, 0x07, 0x80, 0x07, 0x80, 0x07, 0x80, 0x07, 0x80, 0x07,
    0x80, 0x07, 0x80, 0x07, 0x80, 0x07, 0x80, 0x07, 0x80, 0x07, 0x80, 0x07, 0x80, 0x07, 0xC0, 0x03,
    0xFE, 0x03, 0xFE, 0x01, 0xFE, 0x00, 0x00, 0x00, 0x00, 0x01, 0xF0, 0x01, 0xE0, 0x03, 0xC0, 0x07,
    0x80, 0xF3, 0xC7, 0x9E, 0x3C, 0xF1, 0xE7, 0x0F, 0x38, 0x78, 0x03, 0xC0, 0x1E, 0x00, 0xF0, 0x07,
    0x80, 0x3C, 0x01, 0xE0, 0x0F, 0x00, 0x78, 0x03, 0xC0, 0x1E, 0x00, 0xF0, 0x07, 0xFF, 0xBF, 0xFD,
    0xFF, 0xE0, 0xFF, 0x9E, 0xFF, 0x9E, 0xFF, 0x9E, 0x07, 0x9C, 0x07, 0x9C, 0x07, 0x80, 0x07, 0x80,
    0x07, 0x80, 0x07, 0x80, 0x07, 0x80, 0x07, 0x80, 0x07, 0x80, 0x07, 0x80, 0x07, 0x80, 0x07, 0x80,
    0x07, 0x80, 0x07, 0xC0, 0x03, 0xFE, 0x03, 0xFE, 0x01, 0xFE, 0xF0, 0x07, 0x80, 0x3C, 0x01, 0xE0,
    0x0F, 0x00, 0x78, 0x03, 0xC0, 0x1E, 0x00, 0xF0, 0xF7, 0x8F, 0xFC, 0x7F, 0xE3, 0xFF, 0x0F, 0x78,
    0x03, 0xC0, 0x1E, 0x00, 0xF0, 0x07, 0xFF, 0xBF, 0xFD, 0xFF, 0xE0, 0xFF, 0x80, 0x3F, 0xE0, 0x0F,
    0xF8, 0x00, 0x1E, 0x00, 0x07, 0x80, 0x01, 0xE0, 0x00, 0x78, 0x00, 0x1E, 0x00, 0x07, 0x87, 0x81,
    0xE3, 0xF0, 0x78, 0xFC, 0x1E, 0x3F, 0x07, 0x87, 0x81, 0xE0, 0x00, 0x78, 0x00, 0x1E, 0x00, 0x07,
    0x80, 0x01, 0xFF, 0x80, 0x3F, 0xE0, 0x07, 0xF8, 0x1E, 0x00, 0x1E, 0x00, 0x1E, 0x00, 0x1E, 0x00,
    0x1E, 0x00, 0x1E, 0x60, 0x1F, 0xE0, 0x1F, 0xE0, 0x1F, 0xC0, 0x3F, 0x80, 0xFE, 0x00, 0xFE, 0x00,
    0xFE, 0x00, 0xDE, 0x00, 0x1E, 0x00, 0x1E, 0x00, 0x1E, 0x00, 0x1F, 0xFF, 0x1F, 0xFF, 0x1F, 0xFF,
    0xFF, 0x80, 0xFF, 0x80, 0xFF, 0x80, 0x07, 0x80, 0x07, 0x88, 0x07, 0xB8, 0x07, 0xF8, 0x07, 0xF8,
    0x07, 0xF0, 0x0F, 0xE0, 0x3F, 0x80, 0x3F, 0x80, 0x3F, 0x80, 0x37, 0x80, 0x07, 0x80, 0x07, 0x80,
    0x07, 0xC0, 0x03, 0xFE, 0x03, 0xFE, 0x01, 0xFE, 0x01, 0xF0, 0x0F, 0x80, 0x3C, 0x01, 0xE0, 0x00,
    0x00, 0x00, 0x07, 0xC3, 0xDF, 0x0F, 0x7C, 0x3D, 0xF8, 0xF7, 0xE3, 0xDF, 0x8F, 0x7F, 0x3D, 0xDC,
    0xF7, 0x73, 0xDD, 0xEF, 0x73, 0xBD, 0xCE, 0xF7, 0x3F, 0xDC, 0x7F, 0x71, 0xFD, 0xC7, 0xF7, 0x0F,
    0xDC, 0x3F, 0x70, 0xFD, 0xC1, 0xF0, 0x03, 0xE0, 0x1E, 0x01, 0xE0, 0x1E, 0x00, 0x00, 0x00, 0x03,
    0xDF, 0x1F, 0xFC, 0xFF, 0xF7, 0xCF, 0xBC, 0x3D, 0xE1, 0xFF, 0x0F, 0xF8, 0x7F, 0xC3, 0xFE, 0x1F,
    0xF0, 0xFF, 0x87, 0xFC, 0x3F, 0xE1, 0xFF, 0x0F, 0x80, 0x7C, 0x3D, 0xF0, 0xF7, 0xC3, 0xDF, 0x8F,
    0x7E, 0x3D, 0xF8, 0xF7, 0xF3, 0xDD, 0xCF, 0x77, 0x3D, 0xDE, 0xF7, 0x3B, 0xDC, 0xEF, 0x73, 0xFD,
    0xC7, 0xF7, 0x1F, 0xDC, 0x7F, 0x70, 0xFD, 0xC3, 0xF7, 0x0F, 0xDC, 0x1F, 0x00, 0x00, 0x00, 0x00,
    0x3C, 0x01, 0xE0, 0x0F, 0x80, 0x3C, 0x00, 0xF7, 0xC7, 0xFF, 0x3F, 0xFD, 0xF3, 0xEF, 0x0F, 0x78,
    0x7F, 0xC3, 0xFE, 0x1F, 0xF0, 0xFF, 0x87, 0xFC, 0x3F, 0xE1, 0xFF, 0x0F, 0xF8, 0x7F, 0xC3, 0xE0,
    0x00, 0x00, 0x00, 0x3C, 0x03, 0xC0, 0x3E, 0x01, 0xE0, 0x00, 0x3C, 0xF0, 0x7F, 0x80, 0xFE, 0x01,
    0xF0, 0x00, 0x00, 0x00, 0x07, 0xC3, 0xDF, 0x0F, 0x7C, 0x3D, 0xF8, 0xF7, 0xE3, 0xDF, 0x8F, 0x7F,
    0x3D, 0xDC, 0xF7, 0x73, 0xDD, 0xEF, 0x73, 0xBD, 0xCE, 0xF7, 0x3F, 0xDC, 0x7F, 0x71, 0xFD, 0xC7,
    0xF7, 0x0F, 0xDC, 0x3F, 0x70, 0xFD, 0xC1, 0xF0, 0x79, 0xF1, 0xFF, 0x07, 0xF0, 0x1F, 0x00, 0x00,
    0x00, 0x03, 0xDF, 0x1F, 0xFC, 0xFF, 0xF7, 0xCF, 0xBC, 0x3D, 0xE1, 0xFF, 0x0F, 0xF8, 0x7F, 0xC3,
    0xFE, 0x1F, 0xF0, 0xFF, 0x87, 0xFC, 0x3F, 0xE1, 0xFF, 0x0F, 0x80, 0x3E, 0x00, 0x3C, 0x00, 0x78,
    0x00, 0xF0, 0x00, 0x00, 0x00, 0x00, 0x00, 0x00, 0x00, 0x1E, 0xF8, 0x1F, 0xFC, 0x1F, 0xFE, 0x1F,
    0x3E, 0x1E, 0x1E, 0x1E, 0x1F, 0x1E, 0x1F, 0x1E, 0x1F, 0x1E, 0x1F, 0x1E, 0x1F, 0x1E, 0x1F, 0x1E,
    0x1F, 0x1E, 0x1F, 0x1E, 0x1F, 0x1E, 0x1F, 0x7C, 0x3D, 0xF0, 0xF7, 0xC3, 0xDF, 0x8F, 0x7E, 0x3D,
    0xFC, 0xF7, 0xF3, 0xDD, 0xCF, 0x77, 0xBD, 0xCE, 0xF7, 0x3F, 0xDC, 0xFF, 0x71, 0xFD, 0xC7, 0xF7,
    0x0F, 0xDC, 0x3F, 0x70, 0xFD, 0xC1, 0xF7, 0x07, 0xDC, 0x1F, 0x00, 0x78, 0x03, 0xE0, 0x7F, 0x81,
    0xFC, 0x07, 0xE0, 0xF7, 0xC7, 0xFF, 0x3F, 0xFD, 0xF3, 0xEF, 0x0F, 0x78, 0x7F, 0xC3, 0xFE, 0x1F,
    0xF0, 0xFF, 0x87, 0xFC, 0x3F, 0xE1, 0xFF, 0x0F, 0xF8, 0x7F, 0xC3, 0xE0, 0x1E, 0x01, 0xF0, 0x7F,
    0x83, 0xF8, 0x1F, 0x80, 0x3F, 0xF0, 0xFF, 0xC3, 0xFF, 0x00, 0x00, 0x00, 0x00, 0x3F, 0x83, 0xFF,
    0x1F, 0xFE, 0x7C, 0xF9, 0xE1, 0xE7, 0x87, 0xDE, 0x1F, 0x78, 0x7D, 0xE1, 0xF7, 0x87, 0xDE, 0x1F,
    0x78, 0x7D, 0xE1, 0xF7, 0x87, 0xDE, 0x1F, 0x78, 0x79, 0xF3, 0xE7, 0xFF, 0x8F, 0xFC, 0x0F, 0xE0,
    0x3F, 0xF0, 0xFF, 0xC3, 0xFF, 0x00, 0x00, 0x00, 0x00, 0x00, 0x01, 0xFE, 0x0F, 0xFC, 0x7F, 0xF9,
    0xF3, 0xE7, 0x87, 0xDE, 0x0F, 0x78, 0x3D, 0xE0, 0xF7, 0x83, 0xDE, 0x0F, 0x78, 0x7D, 0xF3, 0xE7,
    0xFF, 0x8F, 0xFC, 0x1F, 0xE0, 0x3C, 0x70, 0xFB, 0xC1, 0xFE, 0x03, 0xF0, 0x00, 0x00, 0x00, 0x00,
    0xFE, 0x0F, 0xFC, 0x7F, 0xF9, 0xF3, 0xE7, 0x87, 0x9E, 0x1F, 0x78, 0x7D, 0xE1, 0xF7, 0x87, 0xDE,
    0x1F, 0x78, 0x7D, 0xE1, 0xF7, 0x87, 0xDE, 0x1F, 0x78, 0x7D, 0xE1, 0xE7, 0xCF, 0x9F, 0xFE, 0x3F,
    0xF0, 0x3F, 0x80, 0x38, 0x70, 0xF3, 0xC1, 0xFE, 0x03, 0xF0, 0x00, 0x00, 0x00, 0x01, 0xFE, 0x0F,
    0xFC, 0x7F, 0xF9, 0xF3, 0xE7, 0x87, 0xDE, 0x0F, 0x78, 0x3D, 0xE0, 0xF7, 0x83, 0xDE, 0x0F, 0x78,
    0x7D, 0xF3, 0xE7, 0xFF, 0x8F, 0xFC, 0x1F, 0xE0, 0x0F, 0xBC, 0x3D, 0xE1, 0xEF, 0x0F, 0x3C, 0x00,
    0x00, 0x00, 0x00, 0xFE, 0x0F, 0xFC, 0x7F, 0xF9, 0xF3, 0xE7, 0x87, 0x9E, 0x1F, 0x78, 0x7D, 0xE1,
    0xF7, 0x87, 0xDE, 0x1F, 0x78, 0x7D, 0xE1, 0xF7, 0x87, 0xDE, 0x1F, 0x78, 0x7D, 0xE1, 0xE7, 0xCF,
    0x9F, 0xFE, 0x3F, 0xF0, 0x3F, 0x80, 0x0F, 0xBC, 0x3D, 0xE1, 0xEF, 0x0F, 0x3C, 0x00, 0x00, 0x00,
    0x01, 0xFE, 0x0F, 0xFC, 0x7F, 0xF9, 0xF3, 0xE7, 0x87, 0xDE, 0x0F, 0x78, 0x3D, 0xE0, 0xF7, 0x83,
    0xDE, 0x0F, 0x78, 0x7D, 0xF3, 0xE7, 0xFF, 0x8F, 0xFC, 0x1F, 0xE0, 0x3E, 0xFF, 0x3F, 0xFF, 0x7F,
    0xFF, 0x79, 0xE0, 0x79, 0xE0, 0x78, 0xE0, 0x78, 0xE0, 0x78, 0xE0, 0x78, 0xFE, 0x78, 0xFE, 0x78,
    0xFE, 0x78, 0xE0, 0x78, 0xE0, 0x78, 0xE0, 0x78, 0xE0, 0x79, 0xE0, 0x79, 0xE0, 0x7F, 0xFF, 0x3F,
    0xFF, 0x3E, 0xFF, 0x3E, 0x7C, 0x7F, 0xFE, 0x7F, 0xFE, 0x73, 0xCF, 0x73, 0xCF, 0x73, 0xCF, 0x73,
    0xFF, 0x73, 0xFF, 0x73, 0xC0, 0x73, 0xC0, 0x73, 0xC0, 0x73, 0xCE, 0x7F, 0xFE, 0x7F, 0xFE, 0x3E,
    0x7C, 0x03, 0xE0, 0x1F, 0x00, 0x78, 0x03, 0xC0, 0x00, 0x00, 0x00, 0x0F, 0xFC, 0x3F, 0xF8, 0xFF,
    0xF3, 0xC7, 0xEF, 0x07, 0xBC, 0x1E, 0xF0, 0x7B, 0xC1, 0xEF, 0x1F, 0xBF, 0xFC, 0xFF, 0xE3, 0xFF,
    0x0F, 0x3C, 0x3C, 0xF0, 0xF1, 0xE3, 0xC7, 0x8F, 0x1F, 0x3C, 0x3C, 0xF0, 0xFB, 0xC1, 0xE0, 0x01,
    0xE0, 0x1E, 0x01, 0xF0, 0x0F, 0x00, 0x00, 0x00, 0x03, 0xDF, 0x9F, 0xFE, 0xFF, 0xFF, 0xE7, 0xFE,
    0x1F, 0xE0, 0xFF, 0x07, 0xF8, 0x03, 0xC0, 0x1E, 0x00, 0xF0, 0x07, 0x80, 0x3C, 0x01, 0xE0, 0x0F,
    0x00, 0x00, 0xFF, 0xC3, 0xFF, 0x8F, 0xFF, 0x3C, 0x7E, 0xF0, 0x7B, 0xC1, 0xEF, 0x07, 0xBC, 0x1E,
    0xF1, 0xFB, 0xFF, 0xCF, 0xFE, 0x3F, 0xF0, 0xF3, 0xC3, 0xCF, 0x0F, 0x1E, 0x3C, 0x78, 0xF1, 0xF3,
    0xC3, 0xCF, 0x0F, 0xBC, 0x1E, 0x00, 0x00, 0x00, 0x00, 0x78, 0x03, 0xC0, 0x1F, 0x00, 0x78, 0x00,
    0x3D, 0xF8, 0x7F, 0xF8, 0xFF, 0xF9, 0xF9, 0xF3, 0xE1, 0xE7, 0x83, 0xCF, 0x07, 0x9E, 0x00, 0x3C,
    0x00, 0x78, 0x00, 0xF0, 0x01, 0xE0, 0x03, 0xC0, 0x07, 0x80, 0x0F, 0x00, 0x00, 0x00, 0x00, 0x00,
    0x3C, 0x00, 0xF0, 0x03, 0xC0, 0x07, 0x80, 0x00, 0x79, 0xE0, 0xFF, 0x01, 0xFC, 0x03, 0xE0, 0x00,
    0x00, 0x00, 0x0F, 0xFC, 0x3F, 0xF8, 0xFF, 0xF3, 0xC7, 0xEF, 0x07, 0xBC, 0x1E, 0xF0, 0x7B, 0xC1,
    0xEF, 0x1F, 0xBF, 0xFC, 0xFF, 0xE3, 0xFF, 0x0F, 0x3C, 0x3C, 0xF0, 0xF1, 0xE3, 0xC7, 0x8F, 0x1F,
    0x3C, 0x3C, 0xF0, 0xFB, 0xC1, 0xE0, 0x7C, 0xF1, 0xFF, 0x07, 0xF0, 0x1F, 0x00, 0x00, 0x00, 0x03,
    0xDF, 0x9F, 0xFE, 0xFF, 0xFF, 0xE7, 0xFE, 0x1F, 0xE0, 0xFF, 0x07, 0xF8, 0x03, 0xC0, 0x1E, 0x00,
    0xF0, 0x07, 0x80, 0x3C, 0x01, 0xE0, 0x0F, 0x00, 0x00, 0x01, 0xF0, 0x0F, 0x80, 0x3C, 0x01, 0xE0,
    0x00, 0x00, 0x00, 0x01, 0xFE, 0x0F, 0xFC, 0x7F, 0xF9, 0xF3, 0xE7, 0x87, 0x9E, 0x0E, 0x78, 0x01,
    0xF8, 0x07, 0xFC, 0x0F, 0xFC, 0x0F, 0xF8, 0x0F, 0xE0, 0x07, 0xC0, 0x0F, 0xF0, 0x3F, 0xE0, 0xF7,
    0xCF, 0xDF, 0xFE, 0x3F, 0xF0, 0x7F, 0x80, 0x01, 0xF0, 0x0F, 0x80, 0x3C, 0x01, 0xE0, 0x00, 0x00,
    0x00, 0x01, 0xFE, 0x1F, 0xFE, 0x7F, 0xF9, 0xE1, 0xE7, 0x83, 0x9F, 0xC0, 0x7F, 0xF0, 0xFF, 0xE1,
    0xFF, 0x80, 0x1F, 0x70, 0x3F, 0xE1, 0xF7, 0xFF, 0x9F, 0xFE, 0x1F, 0xF0, 0x07, 0xC0, 0x3F, 0x81,
    0xFE, 0x0F, 0x3C, 0x00, 0x00, 0x00, 0x01, 0xFE, 0x0F, 0xFC, 0x7F, 0xF9, 0xF3, 0xE7, 0x87, 0x9E,
    0x0E, 0x78, 0x01, 0xF8, 0x07, 0xFC, 0x0F, 0xFC, 0x0F, 0xF8, 0x0F, 0xE0, 0x07, 0xC0, 0x0F, 0xF0,
    0x3F, 0xE0, 0xF7, 0xCF, 0xDF, 0xFE, 0x3F, 0xF0, 0x7F, 0x80, 0x07, 0xC0, 0x3F, 0x81, 0xFE, 0x0F,
    0x3C, 0x00, 0x00, 0x00, 0x01, 0xFE, 0x1F, 0xFE, 0x7F, 0xF9, 0xE1, 0xE7, 0x83, 0x9F, 0xC0, 0x7F,
    0xF0, 0xFF, 0xE1, 0xFF, 0x80, 0x1F, 0x70, 0x3F, 0xE1, 0xF7, 0xFF, 0x9F, 0xFE, 0x1F, 0xF0, 0x1F,
    0xE0, 0xFF, 0xC7, 0xFF, 0x9F, 0x3E, 0x78, 0x79, 0xE0, 0xE7, 0x80, 0x1F, 0x80, 0x7F, 0xC0, 0xFF,
    0xC0, 0xFF, 0x80, 0xFE, 0x00, 0x7C, 0x00, 0xFF, 0x03, 0xFE, 0x0F, 0x7C, 0xFD, 0xFF, 0xE3, 0xFF,
    0x07, 0xF8, 0x07, 0x00, 0x1F, 0x00, 0x1E, 0x00, 0x78, 0x0F, 0xE0, 0x3F, 0x00, 0x1F, 0xE1, 0xFF,
    0xC7, 0xFF, 0x9E, 0x1E, 0x78, 0x39, 0xF0, 0x07, 0xFE, 0x0F, 0xFE, 0x0F, 0xF8, 0x01, 0xFF, 0x03,
    0xDE, 0x1F, 0x7F, 0xF8, 0xFF, 0xE1, 0xFF, 0x01, 0xC0, 0x07, 0xC0, 0x07, 0x80, 0x1E, 0x03, 0xF8,
    0x0F, 0xC0, 0x3C, 0xF0, 0x7F, 0x80, 0xFE, 0x01, 0xF0, 0x00, 0x00, 0x00, 0x01, 0xFE, 0x0F, 0xFC,
    0x7F, 0xF9, 0xF3, 0xE7, 0x87, 0x9E, 0x0E, 0x78, 0x01, 0xF8, 0x07, 0xFC, 0x0F, 0xFC, 0x0F, 0xF8,
    0x0F, 0xE0, 0x07, 0xC0, 0x0F, 0xF0, 0x3F, 0xE0, 0xF7, 0xCF, 0xDF, 0xFE, 0x3F, 0xF0, 0x7F, 0x80,
    0x3C, 0xF0, 0x7F, 0x80, 0xFE, 0x01, 0xF0, 0x00, 0x00, 0x00, 0x01, 0xFE, 0x1F, 0xFE, 0x7F, 0xF9,
    0xE1, 0xE7, 0x83, 0x9F, 0xC0, 0x7F, 0xF0, 0xFF, 0xE1, 0xFF, 0x80, 0x1F, 0x70, 0x3F, 0xE1, 0xF7,
    0xFF, 0x9F, 0xFE, 0x1F, 0xF0, 0xFF, 0xFF, 0xFF, 0xFF, 0xFF, 0xC1, 0xE0, 0x07, 0x80, 0x1E, 0x00,
    0x78, 0x01, 0xE0, 0x07, 0x80, 0x1E, 0x00, 0x78, 0x01, 0xE0, 0x07, 0x80, 0x1E, 0x00, 0x78, 0x01,
    0xE0, 0x07, 0x80, 0x1E, 0x00, 0x78, 0x01, 0xE0, 0x03, 0x80, 0x0F, 0x80, 0x0F, 0x00, 0x3C, 0x07,
    0xF0, 0x1F, 0x80, 0x07, 0x80, 0x0F, 0x00, 0x1E, 0x00, 0x3C, 0x07, 0xFF, 0xEF, 0xFF, 0xDF, 0xFF,
    0x83, 0xC0, 0x07, 0x80, 0x0F, 0x00, 0x1E, 0x00, 0x3C, 0x00, 0x78, 0x00, 0xF0, 0x01, 0xE0, 0x03,
    0xC0, 0x07, 0xFE, 0x07, 0xFC, 0x07, 0xF8, 0x06, 0x00, 0x1F, 0x00, 0x0F, 0x00, 0x0E, 0x00, 0xFC,
    0x01, 0xF0, 0x3C, 0xF0, 0x7F, 0x80, 0xFE, 0x01, 0xF0, 0x00, 0x00, 0x00, 0x0F, 0xFF, 0xFF, 0xFF,
    0xFF, 0xFC, 0x1E, 0x00, 0x78, 0x01, 0xE0, 0x07, 0x80, 0x1E, 0x00, 0x78, 0x01, 0xE0, 0x07, 0x80,
    0x1E, 0x00, 0x78, 0x01, 0xE0, 0x07, 0x80, 0x1E, 0x00, 0x78, 0x01, 0xE0, 0x07, 0x80, 0x1E, 0x00,
    0x00, 0x3C, 0x00, 0x78, 0x00, 0xF0, 0x3D, 0xE0, 0x7B, 0x80, 0xF0, 0x01, 0xE0, 0x3F, 0xFF, 0x7F,
    0xFE, 0xFF, 0xFC, 0x1E, 0x00, 0x3C, 0x00, 0x78, 0x00, 0xF0, 0x01, 0xE0, 0x03, 0xC0, 0x07, 0x80,
    0x0F, 0x00, 0x1E, 0x00, 0x3F, 0xF0, 0x3F, 0xE0, 0x3F, 0xC0, 0xFF, 0xFF, 0xFF, 0xFF, 0xFF, 0xC1,
    0xE0, 0x07, 0x80, 0x1E, 0x00, 0x78, 0x01, 0xE0, 0x07, 0x80, 0x1E, 0x07, 0xFF, 0x9F, 0xFE, 0x7F,
    0xF8, 0x1E, 0x00, 0x78, 0x01, 0xE0, 0x07, 0x80, 0x1E, 0x00, 0x78, 0x01, 0xE0, 0x07, 0x80, 0x0F,
    0x00, 0x1E, 0x00, 0x3C, 0x07, 0xFF, 0xEF, 0xFF, 0xDF, 0xFF, 0x83, 0xC0, 0x07, 0x80, 0x0F, 0x00,
    0xFF, 0xE1, 0xFF, 0xC3, 0xFF, 0x80, 0xF0, 0x01, 0xE0, 0x03, 0xC0, 0x07, 0xFE, 0x07, 0xFC, 0x07,
    0xF8, 0x1F, 0x70, 0xFF, 0xC3, 0xFF, 0x0E, 0x78, 0x00, 0x00, 0x00, 0x07, 0x87, 0xDE, 0x1F, 0x78,
    0x7D, 0xE1, 0xF7, 0x87, 0xDE, 0x1F, 0x78, 0x7D, 0xE1, 0xF7, 0x87, 0xDE, 0x1F, 0x78, 0x7D, 0xE1,
    0xF7, 0x87, 0xDE, 0x1F, 0x78, 0x7D, 0xE1, 0xE7, 0xCF, 0x9F, 0xFE, 0x3F, 0xF0, 0x7F, 0x80, 0x3E,
    0xE3, 0xFF, 0x1F, 0xF8, 0xE7, 0x80, 0x00, 0x00, 0x03, 0xC3, 0xFE, 0x1F, 0xF0, 0xFF, 0x87, 0xFC,
    0x3F, 0xE1, 0xFF, 0x0F, 0xF8, 0x7F, 0xC3, 0xFE, 0x1F, 0xF0, 0xF7, 0xCF, 0xBF, 0xFC, 0xFF, 0xC1,
    0xFC, 0x00, 0x3F, 0xF0, 0xFF, 0xC3, 0xFF, 0x00, 0x00, 0x00, 0x01, 0xE1, 0xF7, 0x87, 0xDE, 0x1F,
    0x78, 0x7D, 0xE1, 0xF7, 0x87, 0xDE, 0x1F, 0x78, 0x7D, 0xE1, 0xF7, 0x87, 0xDE, 0x1F, 0x78, 0x7D,
    0xE1, 0xF7, 0x87, 0xDE, 0x1F, 0x78, 0x79, 0xF3, 0xE7, 0xFF, 0x8F, 0xFC, 0x1F, 0xE0, 0x7F, 0xE3,
    0xFF, 0x1F, 0xF8, 0x00, 0x00, 0x00, 0x00, 0x03, 0xC3, 0xFE, 0x1F, 0xF0, 0xFF, 0x87, 0xFC, 0x3F,
    0xE1, 0xFF, 0x0F, 0xF8, 0x7F, 0xC3, 0xFE, 0x1F, 0xF0, 0xF7, 0xCF, 0xBF, 0xFC, 0xFF, 0xC1, 0xFC,
    0x00, 0x3C, 0x70, 0xFB, 0xC1, 0xFE, 0x03, 0xF0, 0x00, 0x00, 0x00, 0x07, 0x87, 0xDE, 0x1F, 0x78,
    0x7D, 0xE1, 0xF7, 0x87, 0xDE, 0x1F, 0x78, 0x7D, 0xE1, 0xF7, 0x87, 0xDE, 0x1F, 0x78, 0x7D, 0xE1,
    0xF7, 0x87, 0xDE, 0x1F, 0x78, 0x7D, 0xE1, 0xE7, 0xCF, 0x9F, 0xFE, 0x3F, 0xF0, 0x7F, 0x80, 0x70,
    0xE3, 0xCF, 0x0F, 0xF0, 0x3F, 0x00, 0x00, 0x00, 0x03, 0xC3, 0xFE, 0x1F, 0xF0, 0xFF, 0x87, 0xFC,
    0x3F, 0xE1, 0xFF, 0x0F, 0xF8, 0x7F, 0xC3, 0xFE, 0x1F, 0xF0, 0xF7, 0xCF, 0xBF, 0xFC, 0xFF, 0xC1,
    0xFC, 0x00, 0x07, 0x80, 0x3F, 0x01, 0xEE, 0x07, 0x38, 0x1C, 0xE0, 0x3F, 0x00, 0x7C, 0x1E, 0x1F,
    0x78, 0x7D, 0xE1, 0xF7, 0x87, 0xDE, 0x1F, 0x78, 0x7D, 0xE1, 0xF7, 0x87, 0xDE, 0x1F, 0x78, 0x7D,
    0xE1, 0xF7, 0x87, 0xDE, 0x1F, 0x78, 0x7D, 0xE1, 0xF7, 0x87, 0x9F, 0x3E, 0x7F, 0xF8, 0xFF, 0xC1,
    0xFE, 0x00, 0x0F, 0x00, 0xFC, 0x0F, 0x70, 0x73, 0x83, 0x9C, 0x0F, 0xC0, 0x3E, 0x00, 0x00, 0xF0,
    0xFF, 0x87, 0xFC, 0x3F, 0xE1, 0xFF, 0x0F, 0xF8, 0x7F, 0xC3, 0xFE, 0x1F, 0xF0, 0xFF, 0x87, 0xFC,
    0x3D, 0xF3, 0xEF, 0xFF, 0x3F, 0xF0, 0x7F, 0x00, 0x0F, 0xBC, 0x3D, 0xE1, 0xEF, 0x0F, 0x3C, 0x00,
    0x00, 0x00, 0x07, 0x87, 0xDE, 0x1F, 0x78, 0x7D, 0xE1, 0xF7, 0x87, 0xDE, 0x1F, 0x78, 0x7D, 0xE1,
    0xF7, 0x87, 0xDE, 0x1F, 0x78, 0x7D, 0xE1, 0xF7, 0x87, 0xDE, 0x1F, 0x78, 0x7D, 0xE1, 0xE7, 0xCF,
    0x9F, 0xFE, 0x3F, 0xF0, 0x7F, 0x80, 0x1F, 0x78, 0xF7, 0x8F, 0x78, 0xF3, 0xC0, 0x00, 0x00, 0x03,
    0xC3, 0xFE, 0x1F, 0xF0, 0xFF, 0x87, 0xFC, 0x3F, 0xE1, 0xFF, 0x0F, 0xF8, 0x7F, 0xC3, 0xFE, 0x1F,
    0xF0, 0xF7, 0xCF, 0xBF, 0xFC, 0xFF, 0xC1, 0xFC, 0x00, 0x78, 0x7D, 0xE1, 0xF7, 0x87, 0xDE, 0x1F,
    0x78, 0x7D, 0xE1, 0xF7, 0x87, 0xDE, 0x1F, 0x78, 0x7D, 0xE1, 0xF7, 0x87, 0xDE, 0x1F, 0x78, 0x7D,
    0xE1, 0xF7, 0x87, 0xDE, 0x1E, 0x7C, 0xF9, 0xFF, 0xE3, 0xFF, 0x03, 0xF0, 0x03, 0x80, 0x1E, 0x00,
    0x78, 0x01, 0xFC, 0x03, 0xF0, 0x01, 0x80, 0xF0, 0xFF, 0x87, 0xFC, 0x3F, 0xE1, 0xFF, 0x0F, 0xF8,
    0x7F, 0xC3, 0xFE, 0x1F, 0xF0, 0xFF, 0x87, 0xFC, 0x3D, 0xF3, 0xEF, 0xFF, 0x3F, 0xF0, 0x7F, 0x00,
    0xE0, 0x0F, 0x00, 0x78, 0x03, 0xF8, 0x0F, 0xC0, 0x0C, 0x00, 0x03, 0xE0, 0x07, 0xF0, 0x0F, 0xF0,
    0x1E, 0x78, 0x00, 0x00, 0x00, 0x00, 0xF3, 0xC7, 0xF3, 0xC7, 0xF3, 0xCF, 0xF3, 0xCF, 0xF3, 0xCF,
    0x73, 0xEF, 0x73, 0xEE, 0x77, 0xEE, 0x77, 0xEE, 0x77, 0xEE, 0x77, 0x6E, 0x7F, 0x6E, 0x7E, 0x6E,
    0x7E, 0x7E, 0x7E, 0x7E, 0x3E, 0x7E, 0x3E, 0x7C, 0x3E, 0x7C, 0x3E, 0x7C, 0x3E, 0x3C, 0x03, 0xE0,
    0x07, 0xF0, 0x0F, 0xF0, 0x1E, 0x78, 0x00, 0x00, 0x00, 0x00, 0xF3, 0xC7, 0xF3, 0xC7, 0xF3, 0xCF,
    0x73, 0xEF, 0x73, 0xEE, 0x77, 0xEE, 0x77, 0xEE, 0x7F, 0xEE, 0x7F, 0x6E, 0x3E, 0x7E, 0x3E, 0x7C,
    0x3E, 0x7C, 0x3E, 0x7C, 0x3E, 0x7C, 0x3E, 0x7C, 0x03, 0xE0, 0x07, 0xF0, 0x0F, 0xF0, 0x1E, 0x78,
    0x00, 0x00, 0x00, 0x00, 0xF8, 0x1F, 0x78, 0x1E, 0x7C, 0x1E, 0x3C, 0x3C, 0x3E, 0x3C, 0x1E, 0x78,
    0x1E, 0x78, 0x0F, 0x78, 0x0F, 0xF0, 0x07, 0xF0, 0x07, 0xE0, 0x07, 0xE0, 0x03, 0xC0, 0x03, 0xC0,
    0x03, 0xC0, 0x03, 0xC0, 0x03, 0xC0, 0x03, 0xC0, 0x03, 0xC0, 0x03, 0xC0, 0x03, 0xE0, 0x07, 0xF0,
    0x0F, 0xF0, 0x1E, 0x78, 0x00, 0x00, 0x00, 0x00, 0x78, 0x1E, 0x78, 0x1E, 0x3C, 0x3E, 0x3C, 0x3C,
    0x3E, 0x3C, 0x1E, 0x7C, 0x1E, 0x78, 0x0F, 0x78, 0x0F, 0xF8, 0x0F, 0xF0, 0x07, 0xF0, 0x07, 0xE0,
    0x07, 0xE0, 0x03, 0xE0, 0x03, 0xC0, 0x03, 0xC0, 0x07, 0xC0, 0x07, 0x80, 0x07, 0x80, 0x0F, 0x80,
    0x1E, 0x78, 0x1E, 0x7C, 0x1E, 0x7C, 0x1E, 0x78, 0x00, 0x00, 0x00, 0x00, 0xF8, 0x1F, 0x78, 0x1E,
    0x7C, 0x1E, 0x3C, 0x3C, 0x3E, 0x3C, 0x1E, 0x78, 0x1E, 0x78, 0x0F, 0x78, 0x0F, 0xF0, 0x07, 0xF0,
    0x07, 0xE0, 0x07, 0xE0, 0x03, 0xC0, 0x03, 0xC0, 0x03, 0xC0, 0x03, 0xC0, 0x03, 0xC0, 0x03, 0xC0,
    0x03, 0xC0, 0x03, 0xC0, 0x03, 0xE0, 0x3E, 0x01, 0xE0, 0x1E, 0x00, 0x00, 0x00, 0x03, 0xFF, 0xDF,
    0xFE, 0xFF, 0xF0, 0x0F, 0x80, 0x78, 0x07, 0xC0, 0x3C, 0x03, 0xE0, 0x1E, 0x01, 0xF0, 0x1F, 0x00,
    0xF0, 0x0F, 0x80, 0x78, 0x07, 0xC0, 0x3C, 0x03, 0xE0, 0x1F, 0xFE, 0xFF, 0xF7, 0xFF, 0x80, 0x03,
    0xE0, 0x3E, 0x01, 0xE0, 0x1E, 0x00, 0x00, 0x00, 0x03, 0xFF, 0xDF, 0xFE, 0xFF, 0xF0, 0x0F, 0x80,
    0xF8, 0x0F, 0x80, 0xF8, 0x0F, 0x80, 0x7C, 0x07, 0xC0, 0x7C, 0x07, 0xC0, 0x3F, 0xFD, 0xFF, 0xEF,
    0xFF, 0x00, 0x0F, 0x00, 0x7C, 0x03, 0xE0, 0x1E, 0x00, 0x00, 0x00, 0x03, 0xFF, 0xDF, 0xFE, 0xFF,
    0xF0, 0x0F, 0x80, 0x78, 0x07, 0xC0, 0x3C, 0x03, 0xE0, 0x1E, 0x01, 0xF0, 0x1F, 0x00, 0xF0, 0x0F,
    0x80, 0x78, 0x07, 0xC0, 0x3C, 0x03, 0xE0, 0x1F, 0xFE, 0xFF, 0xF7, 0xFF, 0x80, 0x0F, 0x00, 0x7C,
    0x03, 0xE0, 0x1E, 0x00, 0x00, 0x00, 0x03, 0xFF, 0xDF, 0xFE, 0xFF, 0xF0, 0x0F, 0x80, 0xF8, 0x0F,
    0x80, 0xF8, 0x0F, 0x80, 0x7C, 0x07, 0xC0, 0x7C, 0x07, 0xC0, 0x3F, 0xFD, 0xFF, 0xEF, 0xFF, 0x00,
    0x79, 0xE1, 0xFE, 0x07, 0xF0, 0x1F, 0x00, 0x00, 0x00, 0x03, 0xFF, 0xDF, 0xFE, 0xFF, 0xF0, 0x0F,
    0x80, 0x78, 0x07, 0xC0, 0x3C, 0x03, 0xE0, 0x1E, 0x01, 0xF0, 0x1F, 0x00, 0xF0, 0x0F, 0x80, 0x78,
    0x07, 0xC0, 0x3C, 0x03, 0xE0, 0x1F, 0xFE, 0xFF, 0xF7, 0xFF, 0x80, 0x79, 0xE1, 0xFE, 0x07, 0xF0,
    0x1F, 0x00, 0x00, 0x00, 0x03, 0xFF, 0xDF, 0xFE, 0xFF, 0xF0, 0x0F, 0x80, 0xF8, 0x0F, 0x80, 0xF8,
    0x0F, 0x80, 0x7C, 0x07, 0xC0, 0x7C, 0x07, 0xC0, 0x3F, 0xFD, 0xFF, 0xEF, 0xFF, 0x00, 0x1F, 0xF3,
    0xFF, 0x7F, 0xF7, 0xC0, 0x78, 0x07, 0x80, 0x78, 0x07, 0x80, 0x78, 0x07, 0x80, 0x78, 0x07, 0x80,
    0x78, 0x07, 0x80, 0x78, 0x07, 0x80, 0x78, 0x07, 0x80, 0x78, 0x07, 0x80, 0x78, 0x7C, 0x3E, 0x1E,
    0x1E, 0x3C, 0x7C, 0x78, 0x1F, 0x03, 0xF8, 0x3F, 0xC7, 0x9E, 0x79, 0xFF, 0xFF, 0xFF, 0xBE, 0xFF,
    0xFF, 0xFF, 0xFC, 0xE1, 0xFC, 0xF7, 0xF8, 0xFC, 0x7B, 0xEF, 0x9E, 0x79, 0xEF, 0x9E, 0xF9, 0xE7,
    0x9E, 0x03, 0xEF, 0xC7, 0x3D, 0xE0, 0x3C, 0x7E, 0xEF, 0xE7, 0xE7, 0x7E, 0x7C, 0x3C, 0xF7, 0xDE,
    0x7B, 0xCF, 0x78, 0x79, 0xE3, 0xFC, 0x3F, 0x81, 0xF0, 0xF7, 0xC7, 0xBC, 0x3D, 0xE3, 0xCF, 0x1E,
    0x78, 0xF3, 0xE7, 0x9F, 0x00, 0x3C, 0xFF, 0xBE, 0xF0, 0x7B, 0xEF, 0x9E, 0x7E, 0xFE, 0xE7, 0xE6,
    0x7E, 0x00, 0x1E, 0x79, 0xE3, 0xC0, 0x70, 0xC3, 0xE1, 0xE1, 0xFF, 0xBF, 0x00, 0x38, 0xE3, 0xC7,
    0xFF, 0xEF, 0xC0, 0x7F, 0xFF, 0xEF, 0xFF, 0xFD, 0xFF, 0xFF, 0x80, 0x00, 0x0E, 0x00, 0x1E, 0x00,
    0x1C, 0x00, 0x3C, 0x00, 0x78, 0x00, 0xF0, 0x00, 0xE0, 0x01, 0xE0, 0x03, 0xC0, 0x03, 0x80, 0x07,
    0x80, 0x0F, 0x00, 0x1E, 0x00, 0x1C, 0x00, 0x3C, 0x00, 0x78, 0x00, 0x70, 0x00, 0x00, 0x60, 0x0E,
    0x00, 0xE0, 0x1C, 0x01, 0xC0, 0x18, 0x03, 0x80, 0x38, 0x07, 0x00, 0x70, 0x06, 0x00, 0xE0, 0x0E,
    0x01, 0xC0, 0x1C, 0x01, 0x80, 0x38, 0x03, 0x80, 0x70, 0x07, 0x00, 0x60, 0x00, 0x78, 0xE3, 0xCF,
    0x9E, 0x7C, 0xF1, 0xC0, 0x00, 0x00, 0x03, 0xFF, 0xFF, 0xFF, 0xFF, 0xFF, 0x80, 0x3C, 0x01, 0xE0,
    0x0F, 0x00, 0x78, 0x03, 0xFF, 0xDF, 0xFE, 0xFF, 0xF7, 0x80, 0x3C, 0x01, 0xE0, 0x0F, 0x00, 0x78,
    0x03, 0xC0, 0x1F, 0xFF, 0xFF, 0xFF, 0xFF, 0xC0, 0xFF, 0xC0, 0xFF, 0xC0, 0xFF, 0xC0, 0x3E, 0x00,
    0x3E, 0x00, 0x3E, 0x00, 0x3E, 0x00, 0x3E, 0xF8, 0x3F, 0xFC, 0x3F, 0xFE, 0x3F, 0x9E, 0x3F, 0x1E,
    0x3E, 0x1E, 0x3E, 0x1E, 0x3E, 0x1E, 0x3E, 0x1E, 0x3E, 0x1E, 0x3E, 0x1E, 0x3E, 0x1E, 0x3E, 0x1E,
    0x00, 0x1E, 0x00, 0x3E, 0x01, 0xFE, 0x01, 0xFC, 0x01, 0xF8, 0x03, 0xC0, 0x3C, 0x03, 0xE0, 0x1E,
    0x00, 0x00, 0x00, 0x03, 0xFF, 0xDF, 0xFE, 0xFF, 0xF7, 0x80, 0x3C, 0x01, 0xE0, 0x0F, 0x00, 0x78,
    0x03, 0xC0, 0x1E, 0x00, 0xF0, 0x07, 0x80, 0x3C, 0x01, 0xE0, 0x0F, 0x00, 0x78, 0x03, 0xC0, 0x1E,
    0x00, 0xF0, 0x07, 0x80, 0x00, 0x1F, 0xC3, 0xFF, 0x1F, 0xFD, 0xF3, 0xFF, 0x07, 0xF8, 0x3F, 0xC0,
    0x1E, 0x00, 0xFF, 0x87, 0xFC, 0x3F, 0xE1, 0xE0, 0x0F, 0x00, 0x78, 0x03, 0xC1, 0xFE, 0x0F, 0xF9,
    0xF3, 0xFF, 0x9F, 0xF8, 0x3F, 0x80, 0x1F, 0xE0, 0xFF, 0xC7, 0xFF, 0x9F, 0x3E, 0x78, 0x79, 0xE0,
    0xE7, 0x80, 0x1F, 0x80, 0x7F, 0xC0, 0xFF, 0xC0, 0xFF, 0x80, 0xFE, 0x00, 0x7C, 0x00, 0xFF, 0x03,
    0xFE, 0x0F, 0x7C, 0xFD, 0xFF, 0xE3, 0xFF, 0x07, 0xF8, 0xFF, 0xFF, 0xFF, 0xFF, 0xF0, 0xF0, 0x0F,
    0x00, 0xF0, 0x0F, 0x00, 0xF0, 0x0F, 0x00, 0xF0, 0x0F, 0x00, 0xF0, 0x0F, 0x00, 0xF0, 0x0F, 0x00,
    0xF0, 0x0F, 0x0F, 0xFF, 0xFF, 0xFF, 0xFF, 0x79, 0xE7, 0x9F, 0x79, 0xF7, 0x9E, 0x00, 0x00, 0x00,
    0xFF, 0xFF, 0xFF, 0xFF, 0xF0, 0xF0, 0x0F, 0x00, 0xF0, 0x0F, 0x00, 0xF0, 0x0F, 0x00, 0xF0, 0x0F,
    0x00, 0xF0, 0x0F, 0x00, 0xF0, 0x0F, 0x00, 0xF0, 0x0F, 0x0F, 0xFF, 0xFF, 0xFF, 0xFF, 0x00, 0x3C,
    0x00, 0xF0, 0x03, 0xC0, 0x0F, 0x00, 0x3C, 0x00, 0xF0, 0x03, 0xC0, 0x0F, 0x00, 0x3C, 0x00, 0xF0,
    0x03, 0xC0, 0x0F, 0x00, 0x3C, 0x00, 0xFF, 0x83, 0xDE, 0x0F, 0x7C, 0xFD, 0xFF, 0xE3, 0xFF, 0x03,
    0xF8, 0x1F, 0xE0, 0x0F, 0xF0, 0x07, 0xF8, 0x03, 0x9C, 0x01, 0xCE, 0x00, 0xE7, 0x00, 0x73, 0x80,
    0x39, 0xC0, 0x1C, 0xFE, 0x0E, 0x7F, 0x87, 0x3F, 0xE3, 0x9C, 0xF1, 0xCE, 0x78, 0xE7, 0x3C, 0xF3,
    0x9E, 0x79, 0xCF, 0x3C, 0xE7, 0xFE, 0x7F, 0xFE, 0x3F, 0xDE, 0x1F, 0xC0, 0xF3, 0x81, 0xE7, 0x03,
    0xCE, 0x07, 0x9C, 0x0F, 0x38, 0x1E, 0x70, 0x3C, 0xE0, 0x79, 0xC0, 0xFF, 0xF9, 0xFF, 0xFB, 0xFF,
    0xFF, 0x9C, 0xFF, 0x39, 0xFE, 0x73, 0xFC, 0xE7, 0xF9, 0xCF, 0xF3, 0x9F, 0xE7, 0xFF, 0xCF, 0xF7,
    0x9F, 0xC0, 0xFF, 0xC0, 0xFF, 0xC0, 0xFF, 0xC0, 0x3E, 0x00, 0x3E, 0x00, 0x3E, 0x00, 0x3E, 0x00,
    0x3E, 0xF8, 0x3F, 0xFC, 0x3F, 0xFE, 0x3F, 0x9E, 0x3F, 0x1E, 0x3E, 0x1E, 0x3E, 0x1E, 0x3E, 0x1E,
    0x3E, 0x1E, 0x3E, 0x1E, 0x3E, 0x1E, 0x3E, 0x1E, 0x3E, 0x1E, 0x03, 0xE0, 0x1F, 0x00, 0x78, 0x03,
    0xC0, 0x00, 0x00, 0x00, 0x0F, 0x07, 0xBC, 0x3E, 0xF0, 0xF3, 0xC7, 0xCF, 0x1E, 0x3C, 0x78, 0xF3,
    0xC3, 0xCF, 0x0F, 0xFC, 0x3F, 0xE0, 0xFF, 0xC3, 0xCF, 0x0F, 0x3C, 0x3C, 0xF8, 0xF1, 0xE3, 0xC7,
    0xCF, 0x0F, 0x3C, 0x3E, 0xF0, 0x7B, 0xC1, 0xF0, 0x1E, 0x38, 0x1F, 0x78, 0x0F, 0xF0, 0x07, 0xE0,
    0x00, 0x00, 0x00, 0x00, 0x78, 0x1E, 0x78, 0x1E, 0x3C, 0x1E, 0x3C, 0x3C, 0x3E, 0x3C, 0x1E, 0x3C,
    0x1E, 0x78, 0x1F, 0x78, 0x0F, 0x78, 0x0F, 0xF0, 0x07, 0xF0, 0x07, 0xF0, 0x07, 0xE0, 0x03, 0xE0,
    0x03, 0xE0, 0x03, 0xC0, 0x03, 0xC0, 0x07, 0x80, 0x07, 0x80, 0x0F, 0x80, 0xF0, 0xF7, 0x87, 0xBC,
    0x3D, 0xE1, 0xEF, 0x0F, 0x78, 0x7B, 0xC3, 0xDE, 0x1E, 0xF0, 0xF7, 0x87, 0xBC, 0x3D, 0xE1, 0xEF,
    0x0F, 0x78, 0x7B, 0xC3, 0xDE, 0x1E, 0xF0, 0xF7, 0xFF, 0xBF, 0xFD, 0xFF, 0xE0, 0xF0, 0x07, 0x80,
    0x3C, 0x01, 0xE0, 0x07, 0xE0, 0x07, 0xE0, 0x07, 0xE0, 0x07, 0xF0, 0x0F, 0xF0, 0x0F, 0xF0, 0x0F,
    0xF0, 0x0F, 0x78, 0x1E, 0x78, 0x1E, 0x78, 0x1E, 0x78, 0x1E, 0x3C, 0x3F, 0xFC, 0x3F, 0xFC, 0x3F,
    0xFC, 0x3C, 0x3E, 0x7C, 0x1E, 0x78, 0x1E, 0x78, 0x1E, 0x78, 0x1F, 0xFF, 0xF7, 0xFF, 0xBF, 0xFD,
    0xE0, 0x0F, 0x00, 0x78, 0x03, 0xC0, 0x1E, 0x00, 0xFF, 0xC7, 0xFF, 0x3F, 0xFD, 0xE3, 0xFF, 0x07,
    0xF8, 0x3F, 0xC1, 0xFE, 0x0F, 0xF1, 0xFF, 0xFF, 0xBF, 0xF9, 0xFF, 0x80, 0xFF, 0xC7, 0xFF, 0x3F,
    0xFD, 0xE3, 0xEF, 0x0F, 0xF8, 0x3F, 0xC3, 0xDE, 0x3E, 0xFF, 0xE7, 0xFF, 0x3F, 0xFD, 0xE3, 0xEF,
    0x07, 0xF8, 0x3F, 0xC1, 0xFE, 0x0F, 0xF1, 0xFF, 0xFF, 0xBF, 0xF9, 0xFF, 0x80, 0xFF, 0xF7, 0xFF,
    0xBF, 0xFD, 0xE0, 0x0F, 0x00, 0x78, 0x03, 0xC0, 0x1E, 0x00, 0xF0, 0x07, 0x80, 0x3C, 0x01, 0xE0,
    0x0F, 0x00, 0x78, 0x03, 0xC0, 0x1E, 0x00, 0xF0, 0x07, 0x80, 0x3C, 0x01, 0xE0, 0x00, 0x1F, 0xFC,
    0x1F, 0xFC, 0x1F, 0xFC, 0x1E, 0x3C, 0x1E, 0x3C, 0x1E, 0x3C, 0x1E, 0x3C, 0x1E, 0x3C, 0x1E, 0x3C,
    0x1E, 0x3C, 0x1E, 0x3C, 0x1E, 0x3C, 0x1E, 0x3C, 0x3C, 0x3C, 0x3C, 0x3C, 0x3C, 0x3C, 0x3C, 0x3C,
    0xFF, 0xFF, 0xFF, 0xFF, 0xFF, 0xFF, 0xF0, 0x0F, 0xF0, 0x0F, 0xF0, 0x0F, 0xF0, 0x0F, 0x00, 0x00,
    0xFF, 0xFF, 0xFF, 0xFF, 0xFF, 0xE0, 0x0F, 0x00, 0x78, 0x03, 0xC0, 0x1E, 0x00, 0xFF, 0xF7, 0xFF,
    0xBF, 0xFD, 0xE0, 0x0F, 0x00, 0x78, 0x03, 0xC0, 0x1E, 0x00, 0xF0, 0x07, 0xFF, 0xFF, 0xFF, 0xFF,
    0xF0, 0xF3, 0xCF, 0x79, 0xE7, 0x9C, 0xF3, 0xCF, 0x79, 0xC7, 0xBD, 0xE3, 0xDE, 0xF0, 0xEF, 0x70,
    0x7F, 0xF8, 0x3F, 0xFC, 0x0F, 0xFC, 0x07, 0xFF, 0x07, 0xFF, 0x83, 0xFD, 0xC1, 0xDE, 0xE1, 0xEF,
    0x78, 0xF7, 0xBC, 0x73, 0xCE, 0x78, 0xE7, 0xBC, 0x73, 0xDC, 0x38, 0xE0, 0x1F, 0xE0, 0xFF, 0xC7,
    0xFF, 0x9F, 0x3E, 0xF8, 0x7B, 0xC1, 0xF0, 0x07, 0x80, 0x3E, 0x0F, 0xF0, 0x3F, 0x80, 0xFF, 0x80,
    0x3E, 0x00, 0x7C, 0x00, 0xFF, 0x03, 0xFC, 0x1F, 0xFC, 0xFD, 0xFF, 0xE3, 0xFF, 0x07, 0xF8, 0x70,
    0x7D, 0xC3, 0xF7, 0x0F, 0xDC, 0x3F, 0x71, 0xFD, 0xC7, 0xF7, 0x1F, 0xDC, 0xFF, 0x73, 0xBD, 0xCE,
    0xF7, 0x7B, 0xDD, 0xCF, 0x77, 0x3D, 0xFC, 0xF7, 0xE3, 0xDF, 0x8F, 0x7E, 0x3D, 0xF0, 0xF7, 0xC3,
    0xDF, 0x0F, 0x3C, 0x70, 0xFB, 0xC1, 0xFE, 0x03, 0xF0, 0x00, 0x00, 0x00, 0x07, 0x07, 0xDC, 0x3F,
    0x70, 0xFD, 0xC3, 0xF7, 0x1F, 0xDC, 0x7F, 0x71, 0xFD, 0xCF, 0xF7, 0x3B, 0xDC, 0xEF, 0x77, 0xBD,
    0xDC, 0xF7, 0x73, 0xDF, 0xCF, 0x7E, 0x3D, 0xF8, 0xF7, 0xE3, 0xDF, 0x0F, 0x7C, 0x3D, 0xF0, 0xF0,
    0xF0, 0x7B, 0xC3, 0xEF, 0x0F, 0x3C, 0x7C, 0xF1, 0xE3, 0xC7, 0x8F, 0x3C, 0x3C, 0xF0, 0xFF, 0xC3,
    0xFE, 0x0F, 0xFC, 0x3C, 0xF0, 0xF3, 0xC3, 0xCF, 0x8F, 0x1E, 0x3C, 0x7C, 0xF0, 0xF3, 0xC3, 0xEF,
    0x07, 0xBC, 0x1F, 0x1F, 0xFC, 0x3F, 0xF8, 0x7F, 0xF0, 0xF1, 0xE1, 0xE3, 0xC3, 0xC7, 0x87, 0x8F,
    0x0F, 0x1E, 0x1E, 0x3C, 0x3C, 0x78, 0x78, 0xF0, 0xF1, 0xE1, 0xE3, 0xC3, 0xC7, 0x87, 0x8F, 0x1F,
    0x1E, 0x3C, 0x3D, 0xF8, 0x7B, 0xE0, 0xF7, 0x81, 0xE0, 0xF8, 0x7F, 0xF1, 0xFF, 0xCF, 0xFF, 0x3F,
    0xFC, 0xFF, 0xFB, 0xFF, 0xFF, 0xFF, 0xFF, 0xFF, 0xFF, 0xDE, 0xFF, 0x7B, 0xFC, 0xEF, 0xF0, 0x3F,
    0xC0, 0xFF, 0x03, 0xFC, 0x0F, 0xF0, 0x3F, 0xC0, 0xFF, 0x03, 0xFC, 0x0F, 0xF0, 0xFF, 0x87, 0xFC,
    0x3F, 0xE1, 0xFF, 0x0F, 0xF8, 0x7F, 0xC3, 0xFE, 0x1F, 0xFF, 0xFF, 0xFF, 0xFF, 0xFF, 0xE1, 0xFF,
    0x0F, 0xF8, 0x7F, 0xC3, 0xFE, 0x1F, 0xF0, 0xFF, 0x87, 0xFC, 0x3F, 0xE1, 0xF0, 0x0F, 0xE0, 0xFF,
    0xC7, 0xFF, 0x9F, 0x3E, 0x78, 0x79, 0xE1, 0xF7, 0x87, 0xDE, 0x1F, 0x78, 0x7D, 0xE1, 0xF7, 0x87,
    0xDE, 0x1F, 0x78, 0x7D, 0xE1, 0xF7, 0x87, 0xDE, 0x1E, 0x7C, 0xF9, 0xFF, 0xE3, 0xFF, 0x03, 0xF8,
    0xFF, 0xF7, 0xFF, 0xBF, 0xFD, 0xE1, 0xEF, 0x0F, 0x78, 0x7B, 0xC3, 0xDE, 0x1E, 0xF0, 0xF7, 0x87,
    0xBC, 0x3D, 0xE1, 0xEF, 0x0F, 0x78, 0x7B, 0xC3, 0xDE, 0x1E, 0xF0, 0xF7, 0x87, 0xBC, 0x3D, 0xE1,
    0xE0, 0xFF, 0xC3, 0xFF, 0xCF, 0xFF, 0x3C, 0x3E, 0xF0, 0x7B, 0xC1, 0xEF, 0x07, 0xFC, 0x1E, 0xF0,
    0x7B, 0xC7, 0xEF, 0xFF, 0x3F, 0xF8, 0xFF, 0xC3, 0xC0, 0x0F, 0x00, 0x3C, 0x00, 0xF0, 0x03, 0xC0,
    0x0F, 0x00, 0x3C, 0x00, 0x1F, 0xC3, 0xFF, 0x1F, 0xFD, 0xF3, 0xFF, 0x07, 0xF8, 0x3F, 0xC0, 0x1E,
    0x00, 0xF0, 0x07, 0x80, 0x3C, 0x01, 0xE0, 0x0F, 0x00, 0x78, 0x03, 0xC1, 0xFE, 0x0F, 0xF9, 0xFB,
    0xFF, 0x9F, 0xF8, 0x3F, 0x80, 0xFF, 0xFF, 0xFF, 0xFF, 0xFF, 0xC1, 0xE0, 0x07, 0x80, 0x1E, 0x00,
    0x78, 0x01, 0xE0, 0x07, 0x80, 0x1E, 0x00, 0x78, 0x01, 0xE0, 0x07, 0x80, 0x1E, 0x00, 0x78, 0x01,
    0xE0, 0x07, 0x80, 0x1E, 0x00, 0x78, 0x01, 0xE0, 0x78, 0x1E, 0x78, 0x1E, 0x3C, 0x1E, 0x3C, 0x3C,
    0x3E, 0x3C, 0x1E, 0x3C, 0x1E, 0x78, 0x1F, 0x78, 0x0F, 0x78, 0x0F, 0xF0, 0x07, 0xF0, 0x07, 0xF0,
    0x07, 0xE0, 0x03, 0xE0, 0x03, 0xE0, 0x03, 0xC0, 0x03, 0xC0, 0x07, 0x80, 0x07, 0x80, 0x0F, 0x80,
    0x03, 0xC0, 0x03, 0xC0, 0x1F, 0xF8, 0x3F, 0xFC, 0x7F, 0xFE, 0x7F, 0xFE, 0x7B, 0xCF, 0x73, 0xCF,
    0x73, 0xCF, 0x73, 0xCF, 0x73, 0xCF, 0x73, 0xCF, 0x73, 0xCF, 0x73, 0xCF, 0x7B, 0xCF, 0x7F, 0xDE,
    0x7F, 0xFE, 0x3F, 0xFC, 0x1F, 0xF8, 0x03, 0xC0, 0x03, 0xC0, 0x78, 0x1E, 0x7C, 0x3E, 0x3C, 0x3C,
    0x1E, 0x7C, 0x1E, 0x78, 0x0F, 0xF8, 0x0F, 0xF0, 0x07, 0xF0, 0x07, 0xE0, 0x03, 0xE0, 0x07, 0xE0,
    0x07, 0xE0, 0x0F, 0xF0, 0x0F, 0xF0, 0x1F, 0xF8, 0x1E, 0x78, 0x3E, 0x7C, 0x3C, 0x3E, 0x7C, 0x1E,
    0x78, 0x1F, 0xF0, 0xF3, 0xC3, 0xCF, 0x0F, 0x3C, 0x3C, 0xF0, 0xF3, 0xC3, 0xCF, 0x0F, 0x3C, 0x3C,
    0xF0, 0xF3, 0xC3, 0xCF, 0x0F, 0x3C, 0x3C, 0xF0, 0xF3, 0xC3, 0xCF, 0x0F, 0x3C, 0x3C, 0xF0, 0xF3,
    0xFF, 0xFF, 0xFF, 0xFF, 0xFF, 0x00, 0x3C, 0x00, 0xF0, 0x03, 0xC0, 0x0F, 0x00, 0x00, 0xF0, 0x7B,
    0xC1, 0xEF, 0x07, 0xBC, 0x1E, 0xF0, 0x7B, 0xC1, 0xEF, 0x07, 0xBC, 0x1E, 0xF8, 0x79, 0xF1, 0xE7,
    0xFF, 0x8F, 0xFE, 0x1F, 0xF8, 0x01, 0xE0, 0x07, 0x80, 0x1E, 0x00, 0x78, 0x01, 0xE0, 0x07, 0x80,
    0x1E, 0xF7, 0x9F, 0xDE, 0x7F, 0x79, 0xFD, 0xE7, 0xF7, 0x9F, 0xDE, 0x7F, 0x79, 0xFD, 0xE7, 0xF7,
    0x9F, 0xDE, 0x7F, 0x79, 0xFD, 0xE7, 0xF7, 0x9F, 0xDE, 0x7F, 0x79, 0xFD, 0xE7, 0xF7, 0x9F, 0xFF,
    0xFF, 0xFF, 0xFF, 0xFF, 0xE7, 0x3C, 0xE7, 0x3C, 0xE7, 0x3C, 0xE7, 0x3C, 0xE7, 0x3C, 0xE7, 0x3C,
    0xE7, 0x3C, 0xE7, 0x3C, 0xE7, 0x3C, 0xE7, 0x3C, 0xE7, 0x3C, 0xE7, 0x3C, 0xE7, 0x3C, 0xE7, 0x3C,
    0xE7, 0x3C, 0xE7, 0x3C, 0xE7, 0x3C, 0xFF, 0xFE, 0xFF, 0xFF, 0xFF, 0xFF, 0x00, 0x0F, 0x00, 0x0F,
    0x00, 0x0F, 0x00, 0x0F, 0x00, 0x0E, 0xFF, 0x00, 0x7F, 0x80, 0x3F, 0xC0, 0x01, 0xE0, 0x00, 0xF0,
    0x00, 0x78, 0x00, 0x3C, 0x00, 0x1E, 0x00, 0x0F, 0xF8, 0x07, 0xFF, 0x03, 0xFF, 0x81, 0xE7, 0xE0,
    0xF0, 0xF0, 0x78, 0x78, 0x3C, 0x3C, 0x1E, 0x1E, 0x0F, 0x1F, 0x07, 0xFF, 0x83, 0xFF, 0x81, 0xFF,
    0x00, 0xF0, 0x1F, 0xC0, 0x7F, 0x01, 0xFC, 0x07, 0xF0, 0x1F, 0xC0, 0x7F, 0x01, 0xFC, 0x07, 0xFE,
    0x1F, 0xFC, 0x7F, 0xF9, 0xFD, 0xF7, 0xF3, 0xDF, 0xCF, 0x7F, 0x3D, 0xFC, 0xF7, 0xF3, 0xDF, 0xFE,
    0x7F, 0xF9, 0xFF, 0x87, 0xF0, 0x03, 0xC0, 0x0F, 0x00, 0x3C, 0x00, 0xF0, 0x03, 0xC0, 0x0F, 0x00,
    0x3C, 0x00, 0xFF, 0xC3, 0xFF, 0xCF, 0xFF, 0x3C, 0x7E, 0xF0, 0x7B, 0xC1, 0xEF, 0x07, 0xBC, 0x1E,
    0xF0, 0xFB, 0xFF, 0xEF, 0xFF, 0x3F, 0xF0, 0x1F, 0xE0, 0xFF, 0xC7, 0xFF, 0x9F, 0x3E, 0xF8, 0x7B,
    0xC1, 0xE0, 0x07, 0xC0, 0x1F, 0x0F, 0xFC, 0x3F, 0xF0, 0xFF, 0xC0, 0x1F, 0x00, 0x7C, 0x01, 0xFF,
    0x07, 0xBE, 0x1E, 0x7C, 0xF9, 0xFF, 0xE3, 0xFF, 0x07, 0xF8, 0xF1, 0xF9, 0xE7, 0xFB, 0xCF, 0xF7,
    0xBC, 0xFF, 0x79, 0xFE, 0xF3, 0xFD, 0xE7, 0xFB, 0xCF, 0xFF, 0x9F, 0xFF, 0x3F, 0xFE, 0x7F, 0xBC,
    0xFF, 0x79, 0xFE, 0xF3, 0xFD, 0xE7, 0xFB, 0xCF, 0xF7, 0x9F, 0xE7, 0xFB, 0xCF, 0xF7, 0x8F, 0xC0,
    0x1F, 0xF8, 0xFF, 0xE7, 0xFF, 0x9F, 0x1E, 0xF8, 0x7B, 0xC1, 0xEF, 0x07, 0xBE, 0x1E, 0x7C, 0x79,
    0xFF, 0xE3, 0xFF, 0x87, 0xFE, 0x1E, 0x78, 0x79, 0xE3, 0xE7, 0x8F, 0x1E, 0x7C, 0x79, 0xE1, 0xE7,
    0x87, 0xBE, 0x1E, 0x1F, 0xE0, 0xFF, 0xC7, 0xFF, 0x9F, 0x3E, 0x78, 0x78, 0x0F, 0xE3, 0xFF, 0xDF,
    0xFF, 0x7C, 0x7F, 0xC1, 0xFF, 0x07, 0xFE, 0x3F, 0x7F, 0xFD, 0xFF, 0xF3, 0xFF, 0xC0, 0x07, 0xF8,
    0x7F, 0xE3, 0xFF, 0x9F, 0xFC, 0x7C, 0x01, 0xE0, 0x07, 0x7E, 0x1F, 0xFC, 0x7F, 0xF9, 0xF3, 0xE7,
    0x87, 0xDE, 0x1F, 0x78, 0x3D, 0xE0, 0xF7, 0x87, 0xDE, 0x1F, 0x7C, 0xF9, 0xFF, 0xE3, 0xFF, 0x07,
    0xF8, 0xFF, 0xE7, 0xFF, 0xBF, 0xFD, 0xE1, 0xFF, 0x0F, 0x78, 0x7B, 0xFF, 0x9F, 0xFE, 0xFF, 0xF7,
    0x83, 0xFC, 0x1F, 0xE1, 0xFF, 0xFF, 0xFF, 0xFB, 0xFF, 0x80, 0xFF, 0xFF, 0xFF, 0xFF, 0xFF, 0x00,
    0xF0, 0x0F, 0x00, 0xF0, 0x0F, 0x00, 0xF0, 0x0F, 0x00, 0xF0, 0x0F, 0x00, 0xF0, 0x0F, 0x00, 0xF0,
    0x00, 0x1F, 0xFC, 0x1F, 0xFC, 0x1F, 0xFC, 0x1E, 0x3C, 0x1E, 0x3C, 0x1E, 0x3C, 0x1E, 0x3C, 0x1E,
    0x3C, 0x1E, 0x3C, 0x3C, 0x3C, 0x3C, 0x3C, 0x3C, 0x3C, 0xFF, 0xFF, 0xFF, 0xFF, 0xFF, 0xFF, 0xF0,
    0x0F, 0xF0, 0x0F, 0xF0, 0x0F, 0xF0, 0x0F, 0x00, 0x00, 0x0F, 0xE0, 0xFF, 0xC7, 0xFF, 0x9F, 0x3E,
    0x78, 0x7D, 0xE0, 0xF7, 0xFF, 0xDF, 0xFF, 0x7F, 0xF9, 0xE0, 0x07, 0x83, 0x9F, 0x3E, 0x7F, 0xF8,
    0xFF, 0xC0, 0xFE, 0x00, 0xF1, 0xCF, 0x38, 0xE7, 0x9E, 0x73, 0x8F, 0x3B, 0xC3, 0xDD, 0xC1, 0xEF,
    0xE0, 0x7F, 0xF0, 0x3F, 0xF8, 0x3F, 0xFC, 0x1E, 0xEE, 0x1E, 0x77, 0x8F, 0x3B, 0xC7, 0x1C, 0xF7,
    0x8E, 0x7B, 0xC7, 0x1C, 0x1F, 0xE1, 0xFF, 0xE7, 0xFF, 0xBE, 0x1F, 0x70, 0x78, 0x03, 0xE0, 0xFF,
    0x03, 0xFC, 0x0F, 0xF8, 0x01, 0xFF, 0x03, 0xFC, 0x1F, 0xFF, 0xFD, 0xFF, 0xE3, 0xFE, 0x00, 0xF1,
    0xFF, 0x8F, 0xFC, 0x7F, 0xE7, 0xFF, 0x3F, 0xFB, 0xFF, 0xDD, 0xFD, 0xEF, 0xEE, 0x7F, 0xF3, 0xFF,
    0x9F, 0xF8, 0xFF, 0xC7, 0xFC, 0x3F, 0xE1, 0xE0, 0x70, 0xE3, 0xCF, 0x0F, 0xF0, 0x3F, 0x00, 0x00,
    0x00, 0x03, 0xC7, 0xFE, 0x3F, 0xF1, 0xFF, 0x9F, 0xFC, 0xFF, 0xEF, 0xFF, 0x77, 0xF7, 0xBF, 0xB9,
    0xFF, 0xCF, 0xFE, 0x7F, 0xE3, 0xFF, 0x1F, 0xF0, 0xFF, 0x87, 0x80, 0xF0, 0x7B, 0xC3, 0xEF, 0x0F,
    0x3C, 0x7C, 0xF1, 0xE3, 0xCF, 0x0F, 0xFC, 0x3F, 0xF0, 0xFF, 0xC3, 0xCF, 0x8F, 0x1E, 0x3C, 0x7C,
    0xF0, 0xF3, 0xC3, 0xEF, 0x07, 0xC0, 0x1F, 0xFE, 0x3F, 0xFC, 0x7F, 0xF8, 0xF1, 0xF1, 0xE3, 0xE3,
    0xC7, 0xC7, 0x8F, 0x8F, 0x1F, 0x1E, 0x3E, 0x3C, 0x7C, 0x78, 0xF9, 0xE1, 0xFF, 0xC3, 0xFF, 0x87,
    0xFC, 0x0F, 0x80, 0xF8, 0x7F, 0xF1, 0xFF, 0xCF, 0xFF, 0x3F, 0xFE, 0xFF, 0xFF, 0xFF, 0xFF, 0xFD,
    0xEF, 0xF7, 0xBF, 0xDE, 0xFF, 0x03, 0xFC, 0x0F, 0xF0, 0x3F, 0xC0, 0xFF, 0x03, 0xC0, 0xF0, 0xFF,
    0x87, 0xFC, 0x3F, 0xE1, 0xFF, 0x0F, 0xF8, 0x7F, 0xFF, 0xFF, 0xFF, 0xFF, 0xFF, 0x87, 0xFC, 0x3F,
    0xE1, 0xFF, 0x0F, 0xF8, 0x7F, 0xC3, 0xE0, 0x1F, 0xE0, 0xFF, 0xC7, 0xFF, 0x9F, 0x3E, 0x78, 0x7D,
    0xE0, 0xF7, 0x83, 0xDE, 0x0F, 0x78, 0x3D, 0xE0, 0xF7, 0x87, 0xDF, 0x3E, 0x7F, 0xF8, 0xFF, 0xC1,
    0xFE, 0x00, 0xFF, 0xFF, 0xFF, 0xFF, 0xFF, 0xE1, 0xFF, 0x0F, 0xF8, 0x7F, 0xC3, 0xFE, 0x1F, 0xF0,
    0xFF, 0x87, 0xFC, 0x3F, 0xE1, 0xFF, 0x0F, 0xF8, 0x7F, 0xC3, 0xE0, 0xF7, 0xC7, 0xFF, 0x3F, 0xFD,
    0xF3, 0xEF, 0x0F, 0xF8, 0x7F, 0xC1, 0xFE, 0x0F, 0xF0, 0x7F, 0x87, 0xFC, 0x3F, 0xF3, 0xEF, 0xFF,
    0x7F, 0xF3, 0xDF, 0x1E, 0x00, 0xF0, 0x07, 0x80, 0x3C, 0x01, 0xE0, 0x00, 0x1F, 0xC3, 0xFF, 0x1F,
    0xFD, 0xF3, 0xFF, 0x07, 0xF8, 0x3F, 0xC0, 0x1E, 0x00, 0xF0, 0x07, 0x83, 0xFC, 0x1F, 0xF1, 0xF7,
    0xFF, 0x3F, 0xF0, 0x7F, 0x00, 0xFF, 0xFF, 0xFF, 0xFF, 0xFF, 0xC1, 0xE0, 0x07, 0x80, 0x1E, 0x00,
    0x78, 0x01, 0xE0, 0x07, 0x80, 0x1E, 0x00, 0x78, 0x01, 0xE0, 0x07, 0x80, 0x1E, 0x00, 0x78, 0x00,
    0x78, 0x1E, 0x78, 0x1E, 0x3C, 0x3E, 0x3C, 0x3C, 0x3E, 0x3C, 0x1E, 0x7C, 0x1E, 0x78, 0x0F, 0x78,
    0x0F, 0xF8, 0x0F, 0xF0, 0x07, 0xF0, 0x07, 0xE0, 0x07, 0xE0, 0x03, 0xE0, 0x03, 0xC0, 0x03, 0xC0,
    0x07, 0xC0, 0x07, 0x80, 0x07, 0x80, 0x0F, 0x80, 0x07, 0x80, 0x0F, 0x00, 0x1E, 0x00, 0x3C, 0x00,
    0x78, 0x07, 0xFE, 0x1F, 0xFE, 0x3F, 0xFE, 0xFF, 0xFD, 0xEF, 0x3B, 0x9E, 0x77, 0x3C, 0xFE, 0x79,
    0xFC, 0xF3, 0xF9, 0xE7, 0x7B, 0xCE, 0xFF, 0xFC, 0xFF, 0xF9, 0xFF, 0xE1, 0xFF, 0x80, 0x78, 0x00,
    0xF0, 0x01, 0xE0, 0x03, 0xC0, 0x07, 0x80, 0x7C, 0x3E, 0x3C, 0x3C, 0x1E, 0x7C, 0x1F, 0xF8, 0x0F,
    0xF0, 0x07, 0xF0, 0x07, 0xE0, 0x03, 0xE0, 0x07, 0xE0, 0x0F, 0xF0, 0x0F, 0xF8, 0x1E, 0x78, 0x3E,
    0x7C, 0x3C, 0x3E, 0x7C, 0x1E, 0xF0, 0xF3, 0xC3, 0xCF, 0x0F, 0x3C, 0x3C, 0xF0, 0xF3, 0xC3, 0xCF,
    0x0F, 0x3C, 0x3C, 0xF0, 0xF3, 0xC3, 0xCF, 0x0F, 0x3C, 0x3C, 0xFF, 0xFF, 0xFF, 0xFF, 0xFF, 0xC0,
    0x0F, 0x00, 0x3C, 0x00, 0xF0, 0x03, 0xC0, 0x00, 0xF0, 0x7F, 0x83, 0xFC, 0x1F, 0xE0, 0xFF, 0x07,
    0xFC, 0x3F, 0xE1, 0xEF, 0xFF, 0x7F, 0xF8, 0xFF, 0xC0, 0x1E, 0x00, 0xF0, 0x07, 0x80, 0x3C, 0x01,
    0xE0, 0xF7, 0x9F, 0xDE, 0x7F, 0x79, 0xFD, 0xE7, 0xF7, 0x9F, 0xDE, 0x7F, 0x79, 0xFD, 0xE7, 0xF7,
    0x9F, 0xDE, 0x7F, 0x79, 0xFD, 0xE7, 0xFF, 0xFF, 0xFF, 0xFF, 0xFF, 0xC0, 0xE7, 0x3C, 0xE7, 0x3C,
    0xE7, 0x3C, 0xE7, 0x3C, 0xE7, 0x3C, 0xE7, 0x3C, 0xE7, 0x3C, 0xE7, 0x3C, 0xE7, 0x3C, 0xE7, 0x3C,
    0xE7, 0x3C, 0xE7, 0x3C, 0xFF, 0xFE, 0xFF, 0xFF, 0xFF, 0xFF, 0x00, 0x0F, 0x00, 0x0F, 0x00, 0x0F,
    0x00, 0x0E, 0xFF, 0x00, 0xFF, 0x00, 0xFF, 0x00, 0x0F, 0x00, 0x0F, 0x00, 0x0F, 0xF8, 0x0F, 0xFE,
    0x0F, 0xFE, 0x0F, 0x1F, 0x0F, 0x0F, 0x0F, 0x0F, 0x0F, 0x1F, 0x0F, 0xFE, 0x0F, 0xFE, 0x0F, 0xFC,
    0xF0, 0x1F, 0xC0, 0x7F, 0x01, 0xFC, 0x07, 0xF0, 0x1F, 0xFC, 0x7F, 0xF9, 0xFF, 0xE7, 0xF3, 0xDF,
    0xCF, 0x7F, 0x3D, 0xFC, 0xF7, 0xFF, 0x9F, 0xFE, 0x7F, 0xF1, 0xC0, 0xF0, 0x03, 0xC0, 0x0F, 0x00,
    0x3C, 0x00, 0xF0, 0x03, 0xFF, 0x8F, 0xFF, 0x3F, 0xFE, 0xF0, 0xFB, 0xC1, 0xFF, 0x07, 0xFC, 0x3E,
    0xFF, 0xFB, 0xFF, 0xCF, 0xFE, 0x00, 0x1F, 0xE0, 0xFF, 0xC7, 0xFF, 0x9F, 0x3E, 0xF8, 0x78, 0x01,
    0xF0, 0x7F, 0xC1, 0xFF, 0x07, 0xFC, 0x01, 0xFF, 0x87, 0x9F, 0x3E, 0x7F, 0xF8, 0xFF, 0xC1, 0xFE,
    0x00, 0xF1, 0xF9, 0xE7, 0xFB, 0xDF, 0xF7, 0xBD, 0xFF, 0x71, 0xFE, 0xE3, 0xFF, 0xC7, 0xFF, 0x8F,
    0xFF, 0x1F, 0xEE, 0x3F, 0xDC, 0x7F, 0xBD, 0xFF, 0x7F, 0xDE, 0x7F, 0xBC, 0x7E, 0x00, 0x1F, 0xFC,
    0xFF, 0xF7, 0xFF, 0xDF, 0x1F, 0xF8, 0x7F, 0xE1, 0xF7, 0xC7, 0xDF, 0xFF, 0x3F, 0xFC, 0x7F, 0xF1,
    0xF7, 0xCF, 0x9F, 0x3C, 0x7D, 0xF1, 0xFF, 0x87, 0xC0, 0x3C, 0xF0, 0xF3, 0xE3, 0xCF, 0x8F, 0x3C,
    0x00, 0x00, 0x00, 0x00, 0xFE, 0x0F, 0xFC, 0x7F, 0xF9, 0xF3, 0xE7, 0x87, 0xDE, 0x0F, 0x7F, 0xFD,
    0xFF, 0xF7, 0xFF, 0x9E, 0x00, 0x78, 0x39, 0xF3, 0xE7, 0xFF, 0x8F, 0xFC, 0x0F, 0xE0, 0x3C, 0x00,
    0x78, 0x00, 0xF0, 0x07, 0xFE, 0x0F, 0xFC, 0x1F, 0xF0, 0x0F, 0x00, 0x1E, 0xF8, 0x3F, 0xF8, 0x7F,
    0xF8, 0xF9, 0xF1, 0xE1, 0xE3, 0xC3, 0xE7, 0x87, 0xCF, 0x0F, 0x9E, 0x1F, 0x3C, 0x3E, 0x78, 0x7C,
    0xF0, 0xF9, 0xE1, 0xE0, 0x03, 0xC0, 0x0F, 0x80, 0xFF, 0x01, 0xFC, 0x03, 0xF0, 0x03, 0xC0, 0x7C,
    0x0F, 0x80, 0xF0, 0x00, 0x00, 0x00, 0xFF, 0xFF, 0xFF, 0xFF, 0xFF, 0x00, 0xF0, 0x0F, 0x00, 0xF0,
    0x0F, 0x00, 0xF0, 0x0F, 0x00, 0xF0, 0x0F, 0x00, 0xF0, 0x0F, 0x00, 0xF0, 0x00, 0x1F, 0xC3, 0xFF,
    0x3F, 0xFD, 0xF3, 0xFF, 0x07, 0xF8, 0x03, 0xFC, 0x1F, 0xE0, 0xFF, 0x07, 0x80, 0x3C, 0x1F, 0xF3,
    0xFF, 0xFF, 0x3F, 0xF0, 0x7F, 0x00, 0x1F, 0xE1, 0xFF, 0xE7, 0xFF, 0x9E, 0x1E, 0x78, 0x39, 0xFC,
    0x07, 0xFF, 0x0F, 0xFE, 0x1F, 0xF8, 0x01, 0xF7, 0x03, 0xFE, 0x1F, 0x7F, 0xF9, 0xFF, 0xE1, 0xFF,
    0x00, 0x07, 0x80, 0x3E, 0x00, 0xF8, 0x01, 0xE0, 0x00, 0x00, 0x00, 0x0F, 0xF8, 0x3F, 0xE0, 0xFF,
    0x80, 0x1E, 0x00, 0x78, 0x01, 0xE0, 0x07, 0x80, 0x1E, 0x00, 0x78, 0x01, 0xE0, 0x07, 0x80, 0x1E,
    0x0F, 0xFF, 0xBF, 0xFE, 0xFF, 0xF8, 0x38, 0xF1, 0xF7, 0xC7, 0xDF, 0x0E, 0x3C, 0x00, 0x00, 0x00,
    0x0F, 0xF8, 0x3F, 0xE0, 0xFF, 0x80, 0x1E, 0x00, 0x78, 0x01, 0xE0, 0x07, 0x80, 0x1E, 0x00, 0x78,
    0x01, 0xE0, 0x07, 0x80, 0x1E, 0x0F, 0xFF, 0xBF, 0xFE, 0xFF, 0xF8, 0x03, 0xC0, 0x7C, 0x0F, 0x81,
    0xE0, 0x00, 0x00, 0x3F, 0xFF, 0xFF, 0xFF, 0xE0, 0x3C, 0x07, 0x80, 0xF0, 0x1E, 0x03, 0xC0, 0x78,
    0x0F, 0x01, 0xE0, 0x3C, 0x07, 0x80, 0xF0, 0x3E, 0x07, 0xC1, 0xF7, 0xFE, 0xFF, 0x9F, 0xE0, 0x1F,
    0xF0, 0x0F, 0xF8, 0x07, 0xFC, 0x03, 0x9E, 0x01, 0xCF, 0x00, 0xE7, 0xF0, 0x73, 0xFC, 0x39, 0xFF,
    0x1C, 0xF7, 0x8E, 0x79, 0xC7, 0x3C, 0xE7, 0x9E, 0xF7, 0xCF, 0xFB, 0xC7, 0xF9, 0xC3, 0xF8, 0xF3,
    0xC1, 0xE7, 0x83, 0xCF, 0x07, 0x9E, 0x0F, 0x3C, 0x1F, 0xFF, 0x3F, 0xFF, 0x7F, 0xFF, 0xF3, 0xDF,
    0xE7, 0x9F, 0xCF, 0x3F, 0x9E, 0xFF, 0x3F, 0xFE, 0x7F, 0xBC, 0xFE, 0x00, 0x3C, 0x00, 0x78, 0x03,
    0xFE, 0x07, 0xFE, 0x0F, 0xFC, 0x07, 0x80, 0x0F, 0x00, 0x1E, 0xF8, 0x3F, 0xF8, 0x7F, 0xF8, 0xF9,
    0xF1, 0xE1, 0xE3, 0xC3, 0xE7, 0x87, 0xCF, 0x0F, 0x9E, 0x1F, 0x3C, 0x3E, 0x78, 0x7C, 0xF0, 0xF9,
    0xE1, 0xF0, 0x03, 0xE0, 0x1F, 0x00, 0x78, 0x03, 0xC0, 0x00, 0x00, 0x00, 0x0F, 0x07, 0xBC, 0x3E,
    0xF0, 0xF3, 0xC7, 0xCF, 0x1E, 0x3C, 0xF0, 0xFF, 0xC3, 0xFF, 0x0F, 0xFC, 0x3C, 0xF8, 0xF1, 0xE3,
    0xC7, 0xCF, 0x0F, 0x3C, 0x3E, 0xF0, 0x7C, 0x1C, 0x38, 0x1E, 0x78, 0x0F, 0xF0, 0x07, 0xE0, 0x00,
    0x00, 0x00, 0x00, 0x78, 0x1E, 0x78, 0x1E, 0x3C, 0x3E, 0x3C, 0x3C, 0x3E, 0x3C, 0x1E, 0x7C, 0x1E,
    0x78, 0x0F, 0x78, 0x0F, 0xF8, 0x0F, 0xF0, 0x07, 0xF0, 0x07, 0xE0, 0x07, 0xE0, 0x03, 0xE0, 0x03,
    0xC0, 0x03, 0xC0, 0x07, 0xC0, 0x07, 0x80, 0x07, 0x80, 0x0F, 0x80, 0xF0, 0xFF, 0x87, 0xFC, 0x3F,
    0xE1, 0xFF, 0x0F, 0xF8, 0x7F, 0xC3, 0xFE, 0x1F, 0xF0, 0xFF, 0x87, 0xFC, 0x3F, 0xE1, 0xFF, 0xFF,
    0xFF, 0xFF, 0xFF, 0xE1, 0xE0, 0x0F, 0x00, 0x78, 0x03, 0xC0, 0x00, 0xF0, 0x07, 0xBF, 0xFD, 0xFF,
    0xEF, 0xFF, 0x78, 0x03, 0xC0, 0x1E, 0x00, 0xF0, 0x07, 0x80, 0x3C, 0x01, 0xE0, 0x0F, 0x00, 0x78,
    0x03, 0xC0, 0x1E, 0x00, 0xF0, 0x07, 0x80, 0x3C, 0x01, 0xE0, 0x0F, 0x00, 0x78, 0x00, 0x00, 0xF0,
    0x0F, 0x00, 0xFF, 0xFF, 0xFF, 0xFF, 0xFF, 0xF0, 0x0F, 0x00, 0xF0, 0x0F, 0x00, 0xF0, 0x0F, 0x00,
    0xF0, 0x0F, 0x00, 0xF0, 0x0F, 0x00, 0xF0, 0x0F, 0x00, 0x1F, 0xFE, 0x1F, 0xFE, 0x1F, 0xFE, 0x1E,
    0x00, 0x1E, 0x00, 0x1E, 0x00, 0x1E, 0x00, 0x1E, 0x00, 0x1E, 0x00, 0xFF, 0xE0, 0xFF, 0xE0, 0xFF,
    0xE0, 0x1E, 0x00, 0x1E, 0x00, 0x1E, 0x00, 0x1E, 0x00, 0x1E, 0x00, 0x1E, 0x00, 0x1E, 0x00, 0x1E,
    0x00, 0x3F, 0xFC, 0xFF, 0xF3, 0xFF, 0xCF, 0x00, 0x3C, 0x00, 0xF0, 0x0F, 0xFE, 0x3F, 0xF8, 0xFF,
    0xE0, 0xF0, 0x03, 0xC0, 0x0F, 0x00, 0x3C, 0x00, 0xF0, 0x03, 0xC0, 0x00, 0xF0, 0x3D, 0xE0, 0xF3,
    0xC1, 0xE7, 0x87, 0xCF, 0x0F, 0x1E, 0x3E, 0x3C, 0x78, 0x79, 0xF0, 0xFF, 0xC1, 0xFF, 0x83, 0xFF,
    0x07, 0x9F, 0x0F, 0x1E, 0x1E, 0x3E, 0x3C, 0x7C, 0x78, 0x78, 0xF0, 0xF9, 0xE0, 0xFF, 0xC1, 0xFF,
    0x81, 0xF0, 0x00, 0xE0, 0x01, 0xC0, 0x03, 0x80, 0x07, 0xF0, 0x7B, 0xC3, 0xEF, 0x1F, 0x3C, 0x78,
    0xF3, 0xE3, 0xCF, 0x0F, 0xFC, 0x3F, 0xE0, 0xFF, 0xC3, 0xCF, 0x0F, 0x3E, 0x3C, 0x7C, 0xF1, 0xFF,
    0xC3, 0xFF, 0x07, 0xC0, 0x0F, 0x00, 0x3C, 0x00, 0xF0, 0x03, 0xC0, 0x78, 0x78, 0xF0, 0xF1, 0xE1,
    0xE3, 0xC3, 0xC7, 0x87, 0x8F, 0x0F, 0x1E, 0x1E, 0x3C, 0x3C, 0x7F, 0xF8, 0xFF, 0xF1, 0xFF, 0xE3,
    0xC3, 0xC7, 0x87, 0x8F, 0x0F, 0x1E, 0x1E, 0x3C, 0x3C, 0x78, 0x78, 0xF0, 0xFD, 0xE1, 0xFB, 0xC3,
    0xF0, 0x01, 0xE0, 0x03, 0xC0, 0x07, 0x80, 0x0F, 0x78, 0x78, 0xF0, 0xF1, 0xE1, 0xE3, 0xC3, 0xC7,
    0x87, 0x8F, 0x0F, 0x1F, 0xFE, 0x3F, 0xFC, 0x7F, 0xF8, 0xF0, 0xF1, 0xE1, 0xE3, 0xC3, 0xC7, 0x87,
    0xEF, 0x0F, 0xDE, 0x1F, 0x80, 0x0F, 0x00, 0x1E, 0x00, 0x3C, 0x00, 0x78, 0xF8, 0x1F, 0x78, 0x1E,
    0x7C, 0x1E, 0x3C, 0x3C, 0x3E, 0x3C, 0x1E, 0x78, 0x1E, 0x78, 0x0F, 0x78, 0x0F, 0xF0, 0x07, 0xF0,
    0x07, 0xE0, 0x07, 0xE0, 0x03, 0xC0, 0x03, 0xC0, 0x03, 0xC0, 0x03, 0xC0, 0x03, 0xC0, 0x03, 0xC0,
    0x03, 0xC0, 0x03, 0xC0, 0xF0, 0x3D, 0xE0, 0x79, 0xE1, 0xF3, 0xC3, 0xC7, 0x87, 0x87, 0x8F, 0x0F,
    0x3C, 0x1E, 0x78, 0x1E, 0xE0, 0x3F, 0xC0, 0x7F, 0x80, 0x7E, 0x00, 0xFC, 0x01, 0xF8, 0x01, 0xE0,
    0x03, 0xC0, 0x07, 0x80, 0x0F, 0x00, 0x1E, 0x00, 0x3C, 0x00, 0xF8, 0x1F, 0x78, 0x1E, 0x7C, 0x1E,
    0x3C, 0x3C, 0x3E, 0x3C, 0x1E, 0x7C, 0x1E, 0x78, 0x0F, 0x78, 0x0F, 0xF0, 0x0F, 0xF0, 0x07, 0xE0,
    0x07, 0xE0, 0x03, 0xC0, 0x1F, 0xF8, 0x1F, 0xF8, 0x1F, 0xF8, 0x03, 0xC0, 0x03, 0xC0, 0x03, 0xC0,
    0x03, 0xC0, 0xF0, 0x3D, 0xE0, 0x79, 0xE1, 0xF3, 0xC3, 0xC7, 0x87, 0x87, 0x8F, 0x0F, 0x3C, 0x1E,
    0x78, 0x1E, 0xE0, 0x3F, 0xC0, 0x7F, 0x80, 0x7E, 0x00, 0xFC, 0x00, 0xF8, 0x01, 0xE0, 0x1F, 0xF8,
    0x3F, 0xF0, 0x7F, 0xE0, 0x1E, 0x00, 0x3C, 0x00, 0xF0, 0x79, 0xE0, 0xF3, 0xC1, 0xE7, 0x83, 0xCF,
    0x07, 0x9E, 0x0F, 0x3C, 0x1E, 0x78, 0x3C, 0xF0, 0x79, 0xF0, 0xF1, 0xFF, 0xE3, 0xFF, 0xC1, 0xFF,
    0x80, 0x0F, 0x00, 0x1E, 0x00, 0x3C, 0x00, 0x78, 0x00, 0xFC, 0x01, 0xF8, 0x03, 0xF0, 0x01, 0xE0,
    0x03, 0xC0, 0x07, 0x80, 0x0F, 0xF0, 0x79, 0xE0, 0xF3, 0xC1, 0xE7, 0x83, 0xCF, 0x07, 0x9E, 0x0F,
    0x3E, 0x1E, 0x3F, 0xFC, 0x7F, 0xF8, 0x7F, 0xF0, 0x01, 0xE0, 0x03, 0xC0, 0x07, 0xE0, 0x0F, 0xC0,
    0x1F, 0x80, 0x0F, 0x00, 0x1E, 0x00, 0x3C, 0x00, 0x78, 0xF0, 0x07, 0x80, 0x3C, 0x01, 0xE0, 0x0F,
    0x00, 0x78, 0x03, 0xC0, 0x1F, 0xF8, 0xFF, 0xF7, 0xFF, 0xBC, 0x7F, 0xE0, 0xFF, 0x07, 0xF8, 0x3F,
    0xC1, 0xFE, 0x0F, 0xF0, 0x7F, 0x83, 0xFC, 0x1F, 0xE0, 0xF0, 0xF0, 0x07, 0x80, 0x3C, 0x01, 0xE0,
    0x0F, 0x00, 0x7F, 0xF3, 0xFF, 0xDF, 0xFE, 0xF0, 0xFF, 0x83, 0xFC, 0x1F, 0xE0, 0xFF, 0x07, 0xF8,
    0x3F, 0xC1, 0xE0, 0x1F, 0xE0, 0xFF, 0xC7, 0xFF, 0x9F, 0x3E, 0x78, 0x7B, 0xC1, 0xF0, 0x07, 0xC0,
    0x1F, 0xFF, 0xFF, 0xFF, 0xFF, 0xFF, 0xFE, 0x1F, 0xF8, 0x7F, 0xE1, 0xFF, 0x87, 0xDE, 0x1E, 0x7C,
    0xF9, 0xFF, 0xE3, 0xFF, 0x07, 0xF8, 0x1F, 0xE0, 0xFF, 0xC7, 0xFF, 0x9F, 0x3E, 0x78, 0x7C, 0x00,
    0xF7, 0xFF, 0xDF, 0xFF, 0x7F, 0xFD, 0xE0, 0xF7, 0x87, 0xDF, 0x3E, 0x7F, 0xF8, 0xFF, 0xC1, 0xFE,
    0x00, 0x1E, 0x78, 0x0F, 0x3E, 0x07, 0x9F, 0x03, 0xCF, 0x00, 0x00, 0x00, 0x00, 0x03, 0xCF, 0x3D,
    0xE7, 0x9E, 0x73, 0xCF, 0x3D, 0xE7, 0x1E, 0xF7, 0x8F, 0x7B, 0xC3, 0xBD, 0xC1, 0xFF, 0xE0, 0xFF,
    0xF0, 0x3F, 0xF0, 0x1F, 0xFC, 0x1F, 0xFE, 0x0F, 0xF7, 0x07, 0x7B, 0x87, 0xBD, 0xE3, 0xDE, 0xF1,
    0xCF, 0x39, 0xE3, 0x9E, 0xF1, 0xCF, 0x70, 0xE3, 0x80, 0x1E, 0x78, 0x0F, 0x3E, 0x07, 0x9F, 0x03,
    0xCF, 0x00, 0x00, 0x00, 0x00, 0x03, 0xC7, 0x3C, 0xE3, 0x9E, 0x79, 0xCE, 0x3C, 0xEF, 0x0F, 0x77,
    0x07, 0xBF, 0x81, 0xFF, 0xC0, 0xFF, 0xE0, 0xFF, 0xF0, 0x7B, 0xB8, 0x79, 0xDE, 0x3C, 0xEF, 0x1C,
    0x73, 0xDE, 0x39, 0xEF, 0x1C, 0x70, 0x3C, 0xF0, 0xF3, 0xE3, 0xCF, 0x8F, 0x3C, 0x00, 0x00, 0x00,
    0x01, 0xFE, 0x0F, 0xFC, 0x7F, 0xF9, 0xF3, 0xEF, 0x87, 0xBC, 0x1F, 0x00, 0x78, 0x03, 0xE0, 0xFF,
    0x03, 0xF8, 0x0F, 0xF8, 0x03, 0xE0, 0x07, 0xC0, 0x0F, 0xF0, 0x3F, 0xC1, 0xFF, 0xCF, 0xDF, 0xFE,
    0x3F, 0xF0, 0x7F, 0x80, 0x3C, 0xF0, 0xF3, 0xE3, 0xCF, 0x8F, 0x3C, 0x00, 0x00, 0x00, 0x01, 0xFE,
    0x1F, 0xFE, 0x7F, 0xFB, 0xE1, 0xF7, 0x07, 0x80, 0x3E, 0x0F, 0xF0, 0x3F, 0xC0, 0xFF, 0x80, 0x1F,
    0xF0, 0x3F, 0xC1, 0xFF, 0xFF, 0xDF, 0xFE, 0x3F, 0xE0, 0x3C, 0xF0, 0xF3, 0xE3, 0xCF, 0x8F, 0x3C,
    0x00, 0x00, 0x00, 0x07, 0x07, 0xDC, 0x3F, 0x70, 0xFD, 0xC3, 0xF7, 0x1F, 0xDC, 0x7F, 0x71, 0xFD,
    0xCF, 0xF7, 0x3B, 0xDC, 0xEF, 0x77, 0xBD, 0xDC, 0xF7, 0x73, 0xDF, 0xCF, 0x7E, 0x3D, 0xF8, 0xF7,
    0xE3, 0xDF, 0x0F, 0x7C, 0x3D, 0xF0, 0xF0, 0x79, 0xE3, 0xCF, 0x9E, 0x7C, 0xF3, 0xC0, 0x00, 0x00,
    0x03, 0xC7, 0xFE, 0x3F, 0xF1, 0xFF, 0x9F, 0xFC, 0xFF, 0xEF, 0xFF, 0x77, 0xF7, 0xBF, 0xB9, 0xFF,
    0xCF, 0xFE, 0x7F, 0xE3, 0xFF, 0x1F, 0xF0, 0xFF, 0x87, 0x80, 0x3C, 0xF0, 0xF3, 0xE3, 0xCF, 0x8F,
    0x3C, 0x00, 0x00, 0x00, 0x00, 0xFE, 0x0F, 0xFC, 0x7F, 0xF9, 0xF3, 0xE7, 0x87, 0x9E, 0x1F, 0x78,
    0x7D, 0xE1, 0xF7, 0x87, 0xDE, 0x1F, 0x78, 0x7D, 0xE1, 0xF7, 0x87, 0xDE, 0x1F, 0x78, 0x7D, 0xE1,
    0xE7, 0xCF, 0x9F, 0xFE, 0x3F, 0xF0, 0x3F, 0x80, 0x3C, 0xF0, 0xF3, 0xE3, 0xCF, 0x8F, 0x3C, 0x00,
    0x00, 0x00, 0x01, 0xFE, 0x0F, 0xFC, 0x7F, 0xF9, 0xF3, 0xE7, 0x87, 0xDE, 0x0F, 0x78, 0x3D, 0xE0,
    0xF7, 0x83, 0xDE, 0x0F, 0x78, 0x7D, 0xF3, 0xE7, 0xFF, 0x8F, 0xFC, 0x1F, 0xE0, 0x1F, 0xE0, 0xFF,
    0xC7, 0xFF, 0x9F, 0x3E, 0x78, 0x79, 0xE0, 0xF7, 0x83, 0xDE, 0x0F, 0x7F, 0xFD, 0xFF, 0xF7, 0xFF,
    0xDE, 0x0F, 0x78, 0x3D, 0xE0, 0xF7, 0x83, 0xDE, 0x1E, 0x7C, 0xF9, 0xFF, 0xE3, 0xFF, 0x07, 0xF8,
    0x0F, 0xE0, 0xFF, 0xC7, 0xFF, 0x9F, 0x3E, 0x78, 0x39, 0xC0, 0xF7, 0xFF, 0xDF, 0xFF, 0x7F, 0xFD,
    0xC0, 0xF7, 0x83, 0x9F, 0x3E, 0x7F, 0xF8, 0xFF, 0xC0, 0xFE, 0x00, 0x3C, 0xF0, 0xF3, 0xE3, 0xCF,
    0x8F, 0x3C, 0x00, 0x00, 0x00, 0x0F, 0x07, 0xBC, 0x1E, 0xF0, 0x7B, 0xC1, 0xEF, 0x07, 0xBC, 0x1E,
    0xF0, 0x7B, 0xC1, 0xEF, 0x87, 0x9F, 0x1E, 0x7F, 0xF8, 0xFF, 0xE1, 0xFF, 0x80, 0x1E, 0x00, 0x78,
    0x01, 0xE0, 0x07, 0x80, 0x1E, 0x00, 0x78, 0x01, 0xE0, 0x3C, 0xF1, 0xE7, 0xCF, 0x3E, 0x79, 0xE0,
    0x00, 0x00, 0x03, 0xC1, 0xFE, 0x0F, 0xF0, 0x7F, 0x83, 0xFC, 0x1F, 0xF0, 0xFF, 0x87, 0xBF, 0xFD,
    0xFF, 0xE3, 0xFF, 0x00, 0x78, 0x03, 0xC0, 0x1E, 0x00, 0xF0, 0x07, 0x80, 0xFF, 0xFF, 0xFF, 0xFC,
    0xFF, 0xF7, 0xFF, 0xFF, 0xFE, 0xFF, 0xFF, 0xFF, 0xFF, 0xFF, 0xFF, 0xE0, 0xF8, 0xFF, 0x8F, 0xF8,
    0xFF, 0x8F, 0xF8, 0xFF, 0x8F, 0xF8, 0xFF, 0x8F, 0xF8, 0xFF, 0x8F, 0xF8, 0xFF, 0x8F, 0xF8, 0xFF,
    0x8F, 0xF8, 0xFF, 0x8F, 0xF8, 0xFF, 0x8F, 0xF8, 0xFF, 0x8F, 0xF8, 0xFF, 0x8F, 0xF8, 0xFF, 0x8F,
    0xF8, 0xF0, 0x3D, 0xE7, 0xBC, 0xF3, 0xCF, 0x1E, 0x7C, 0xF3, 0xCF, 0x3D, 0xF7, 0xBE, 0x7C, 0xF3,
    0xCF, 0x3D, 0xF7, 0xBE, 0x7B, 0xCF, 0x3C, 0xF1, 0xE7, 0x8F, 0x3C, 0xF7, 0x9F, 0x79, 0xEF, 0x3E,
    0xF3, 0xCF, 0x3C, 0xF3, 0xE7, 0x9E, 0x79, 0xF3, 0xCF, 0x3C, 0xF3, 0xCF, 0x7C, 0xF7, 0x9F, 0x79,
    0xEF, 0x3E, 0x79, 0xF1, 0xE7, 0x8F, 0x1E, 0x79, 0xF7, 0xCF, 0x3C, 0x79, 0xE7, 0xDE, 0x3C, 0x79,
    0xEF, 0x3E, 0xF3, 0xCF, 0x3C, 0xF1, 0xE7, 0x9E, 0x79, 0xF3, 0xCF, 0x0F, 0x00, 0x78, 0x03, 0xC0,
    0x1E, 0x00, 0xF0, 0x07, 0x83, 0xFF, 0xFF, 0xFF, 0xFF, 0xF8, 0x78, 0x03, 0xC0, 0x1E, 0x00, 0xF0,
    0x07, 0x80, 0x3C, 0x01, 0xE0, 0x0F, 0x00, 0x78, 0x03, 0xC0, 0x1E, 0x00, 0xF0, 0x07, 0x80, 0x3C,
    0x01, 0xE0, 0x0F, 0x00, 0x0F, 0x00, 0x78, 0x03, 0xC0, 0x1E, 0x00, 0xF0, 0x07, 0x83, 0xFF, 0xFF,
    0xFF, 0xFF, 0xF8, 0x78, 0x03, 0xC0, 0x1E, 0x00, 0xF0, 0x07, 0x80, 0x3C, 0x01, 0xE0, 0xFF, 0xFF,
    0xFF, 0xFF, 0xFE, 0x1E, 0x00, 0xF0, 0x07, 0x80, 0x3C, 0x01, 0xE0, 0x0F, 0x00, 0x3E, 0x7E, 0xFF,
    0xFF, 0xFF, 0x7E, 0x3E, 0x7B, 0xFF, 0xFF, 0x78, 0xF7, 0x9F, 0xDE, 0xFF, 0x7B, 0xFD, 0xEF, 0xF7,
    0x9C, 0x3E, 0x0E, 0x1F, 0xC7, 0x07, 0x71, 0xC1, 0x9C, 0xE0, 0x67, 0x70, 0x1D, 0xDC, 0x07, 0xFE,
    0x00, 0xFB, 0x80, 0x01, 0xC0, 0x00, 0xE0, 0x00, 0x38, 0x00, 0x1C, 0x00, 0x07, 0x77, 0x83, 0xBF,
    0xF1, 0xFD, 0xDC, 0x77, 0x73, 0x39, 0xDC, 0xCE, 0x77, 0x77, 0x1F, 0xFD, 0xC3, 0xDE, 0x7D, 0xE7,
    0x9E, 0xFB, 0xCF, 0x3C, 0x7C, 0xF7, 0xDF, 0x79, 0xF7, 0x9E, 0x79, 0xEF, 0x9E, 0xF1, 0xEF, 0x3C,
    0x7F, 0xEF, 0x3D, 0xF7, 0x9E, 0xF7, 0xCF, 0x7B, 0xEF, 0xBD, 0xE7, 0x9E, 0xF3, 0xDE, 0x79, 0xEF,
    0x3C, 0x07, 0x83, 0xE1, 0xF0, 0x78, 0x3C, 0x1F, 0x07, 0x81, 0xF0, 0x3C, 0x07, 0x81, 0xF0, 0x3E,
    0x07, 0x80, 0x78, 0x1F, 0x03, 0xE0, 0x7C, 0x0F, 0x01, 0xE0, 0x7C, 0x1E, 0x0F, 0x07, 0xC3, 0xE0,
    0xF0, 0x78, 0x00, 0xF9, 0xF7, 0x9F, 0x79, 0xF7, 0x9F, 0x79, 0xF7, 0x9F, 0x79, 0xF7, 0x8F, 0x78,
    0xE7, 0x8E, 0x78, 0xE7, 0x8E, 0x78, 0xE0, 0x00, 0x00, 0x00, 0x00, 0x00, 0x0F, 0x9F, 0xF9, 0xFF,
    0x9F, 0xFF, 0x1F, 0xF3, 0xFF, 0x01, 0xF0, 0x1E, 0x7B, 0xCF, 0x79, 0xFF, 0x3F, 0xC7, 0xF8, 0xFC,
    0x1C, 0x03, 0x80, 0x70, 0x00, 0x00, 0x00, 0x00, 0x0F, 0x81, 0xF0, 0x3E, 0x00, 0xFF, 0xFF, 0xFF,
    0xFF, 0xFF, 0xFF, 0xFC, 0xF0, 0x0F, 0x78, 0x07, 0xBF, 0xFF, 0xCF, 0xFF, 0xC3, 0xFF, 0xC0, 0x00,
    0x03, 0x80, 0x01, 0xE0, 0x00, 0xF0, 0x00, 0x38, 0x00, 0x1E, 0x00, 0x0F, 0x00, 0x03, 0x80, 0x01,
    0xE0, 0x00, 0xF0, 0x00, 0x38, 0x00, 0x1E, 0x00, 0x0F, 0x00, 0x03, 0x80, 0x01, 0xE0, 0x00, 0xF0,
    0x00, 0x38, 0x00, 0x1E, 0x00, 0x0F, 0x00, 0x07, 0x80, 0x01, 0xE0, 0x00, 0xFF, 0xFF, 0xFF, 0xF0,
    0xF0, 0xF0, 0xF0, 0xF0, 0xF0, 0xF0, 0xFF, 0xFF, 0xFF, 0xF0, 0xF0, 0xF0, 0xF0, 0xF0, 0xF0, 0xF0,
    0xF0, 0xF0, 0xFF, 0xFF, 0xFF, 0xFF, 0xFF, 0xFF, 0xE1, 0xF0, 0xF8, 0x7C, 0x3E, 0x1F, 0x0F, 0x87,
    0xFF, 0xFF, 0xFF, 0xF8, 0x7C, 0x3E, 0x1F, 0x0F, 0x87, 0xC3, 0xE1, 0xF0, 0xF8, 0x7F, 0xFF, 0xFF,
    0xFF, 0x80, 0x3F, 0x1F, 0xEF, 0xFF, 0x87, 0xE1, 0xF8, 0x7E, 0x1F, 0x87, 0xE1, 0xFF, 0xF7, 0xF8,
    0xFC, 0x0F, 0x03, 0x81, 0xC0, 0xF0, 0x7B, 0xDC, 0xFF, 0x3F, 0xFF, 0xFF, 0xC0, 0xF0, 0x3C, 0x0F,
    0x7F, 0xDF, 0xF7, 0x01, 0xC0, 0x7F, 0x1F, 0xE0, 0x3C, 0x07, 0xE1, 0xFF, 0xF7, 0xF8, 0xFC, 0x0E,
    0x07, 0x81, 0xC0, 0xE0, 0x7F, 0x9F, 0xEF, 0x3F, 0x87, 0xE1, 0xFF, 0xF7, 0xF8, 0xFC, 0xFF, 0xFF,
    0xFE, 0x1F, 0x8F, 0x03, 0x81, 0xE0, 0x70, 0x3C, 0x0E, 0x07, 0x81, 0xC0, 0xF0, 0x3F, 0x1F, 0xEF,
    0xFF, 0x87, 0x73, 0x8F, 0xE7, 0xFB, 0xEF, 0xE1, 0xFE, 0xF7, 0xFC, 0xFC, 0x3F, 0x1F, 0xEF, 0xFF,
    0x87, 0xE1, 0xFF, 0xF7, 0xF8, 0xFE, 0x07, 0x03, 0x81, 0xE0, 0x70, 0x1C, 0x1C, 0x1C, 0xFF, 0xFF,
    0x1C, 0x1C, 0x1C, 0xFF, 0xFF, 0xC0, 0x00, 0x00, 0x07, 0xFF, 0xFE, 0x3F, 0x1F, 0xEF, 0xFF, 0x87,
    0xE1, 0xF8, 0x7E, 0x1F, 0x87, 0xE1, 0xFF, 0xF7, 0xF8, 0xFC, 0x1E, 0x0F, 0xC1, 0xF8, 0x37, 0x00,
    0xE0, 0x1C, 0x03, 0x80, 0x70, 0x0E, 0x01, 0xE1, 0xFF, 0x3F, 0xE0, 0x3F, 0x1F, 0xE7, 0xFD, 0xC7,
    0x01, 0xC0, 0xE0, 0x78, 0x7C, 0x3C, 0x1E, 0x07, 0xFD, 0xFF, 0x7F, 0xDF, 0xF0, 0x38, 0x3C, 0x0F,
    0x03, 0xE0, 0x3C, 0x07, 0xE1, 0xFF, 0xF7, 0xF8, 0xFC, 0x0F, 0x03, 0x81, 0xC0, 0xF0, 0x7B, 0xDC,
    0xFF, 0x3F, 0xFF, 0xFF, 0xC0, 0xF0, 0x3C, 0x0F, 0x7F, 0xDF, 0xF7, 0x01, 0xC0, 0x7F, 0x1F, 0xE0,
    0x3C, 0x07, 0xE1, 0xFF, 0xF7, 0xF8, 0xFC, 0x0E, 0x07, 0x81, 0xC0, 0xE0, 0x7F, 0x9F, 0xEF, 0x3F,
    0x87, 0xE1, 0xFF, 0xF7, 0xF8, 0xFC, 0xFF, 0xFF, 0xFE, 0x1F, 0x8F, 0x03, 0x81, 0xE0, 0x70, 0x3C,
    0x0E, 0x07, 0x81, 0xC0, 0xF0, 0x3F, 0x1F, 0xEF, 0xFF, 0x87, 0x73, 0x8F, 0xE7, 0xFB, 0xEF, 0xE1,
    0xFE, 0xF7, 0xFC, 0xFC, 0x3F, 0x1F, 0xEF, 0xFF, 0x87, 0xE1, 0xFF, 0xF7, 0xF8, 0xFE, 0x07, 0x03,
    0x81, 0xE0, 0x70, 0x00, 0x78, 0x00, 0x78, 0x01, 0xFF, 0x01, 0xFF, 0x01, 0xFE, 0x00, 0x78, 0x1F,
    0x78, 0x3F, 0xF8, 0x7F, 0xF8, 0x7C, 0xF8, 0x78, 0x78, 0x78, 0x78, 0x78, 0x78, 0x78, 0x78, 0x7C,
    0xF8, 0x7F, 0xF8, 0x3F, 0xF8, 0x1F, 0xF8, 0x00, 0x00, 0x7F, 0xFC, 0x7F, 0xFC, 0x7F, 0xFC, 0x07,
    0xF0, 0x3F, 0xF0, 0x7F, 0xF1, 0xF3, 0xE3, 0xC1, 0xE7, 0x83, 0xDF, 0xE0, 0x7F, 0xE0, 0xFF, 0xC0,
    0x78, 0x00, 0xF0, 0x07, 0xFE, 0x0F, 0xFC, 0x0F, 0xF0, 0x0F, 0x07, 0x9E, 0x1F, 0x3E, 0x7C, 0x3F,
    0xF8, 0x7F, 0xE0, 0x3F, 0x80, 0xFF, 0xFF, 0xFF, 0xFF, 0xFF, 0xF8, 0x3C, 0x00, 0x78, 0x00, 0xF0,
    0x01, 0xEF, 0x03, 0xFE, 0x3F, 0xFC, 0xFF, 0xC1, 0xFE, 0x03, 0xBD, 0xE0, 0x7F, 0xC7, 0xFF, 0x1F,
    0xF8, 0x3F, 0xC0, 0x77, 0x80, 0x0F, 0x00, 0x1E, 0x00, 0x3C, 0x00, 0x0F, 0xE0, 0x7F, 0xE0, 0xFF,
    0xE3, 0xE7, 0xC7, 0x87, 0x80, 0x0F, 0x00, 0x3C, 0x7F, 0xFE, 0xFF, 0xFD, 0xFF, 0xF8, 0x00, 0x07,
    0xFF, 0xEF, 0xFF, 0xDF, 0xFF, 0x9E, 0x0C, 0x3C, 0x3C, 0x7C, 0xF8, 0xFF, 0xF0, 0xFF, 0xC0, 0xFE,
    0x00, 0x3F, 0xF0, 0x3F, 0xFC, 0x3F, 0xFE, 0x3C, 0x3E, 0x3C, 0x1E, 0x3C, 0x1F, 0x3C, 0x1E, 0x3C,
    0x1E, 0x3C, 0x7E, 0xFF, 0xFE, 0xFF, 0xFC, 0xFF, 0xF0, 0x3C, 0x00, 0xFF, 0xF0, 0xFF, 0xF0, 0xFF,
    0xF0, 0x3C, 0x00, 0x3C, 0x00, 0x3C, 0x00, 0x3C, 0x00, 0x1B, 0x01, 0xD8, 0x0E, 0xC0, 0x76, 0x0F,
    0xFC, 0x7F, 0xF3, 0xFF, 0xDE, 0x3E, 0xF0, 0xFF, 0x83, 0xFC, 0x3F, 0xE3, 0xEF, 0xFE, 0x7F, 0xE3,
    0xFF, 0xDE, 0x3E, 0xF0, 0x7F, 0x83, 0xFC, 0x1F, 0xE0, 0xFF, 0x1F, 0xFF, 0xFB, 0xFF, 0xDF, 0xF8,
    0x3B, 0x01, 0xD8, 0x0E, 0xC0, 0x36, 0x00, 0x03, 0xC0, 0x07, 0xC0, 0x0F, 0x80, 0x0F, 0x00, 0x1F,
    0x00, 0x3E, 0x00, 0x7C, 0x00, 0x7F, 0xFF, 0xFF, 0xFF, 0x7F, 0xFF, 0x7C, 0x00, 0x3E, 0x00, 0x1E,
    0x00, 0x0F, 0x00, 0x0F, 0x80, 0x07, 0xC0, 0x03, 0xC0, 0x01, 0x80, 0x03, 0xC0, 0x07, 0xE0, 0x0F,
    0xF8, 0x3F, 0xFC, 0x7F, 0xFE, 0x7F, 0xDF, 0xFB, 0xCF, 0xE3, 0xC7, 0xC3, 0xC3, 0x03, 0xC0, 0x03,
    0xC0, 0x03, 0xC0, 0x03, 0xC0, 0x03, 0xC0, 0x03, 0xC0, 0x03, 0xC0, 0x03, 0xC0, 0x03, 0xC0, 0x03,
    0xC0, 0x03, 0xC0, 0x03, 0xE0, 0x01, 0xF0, 0x00, 0xF8, 0x00, 0x78, 0x00, 0x7C, 0x00, 0x3E, 0xFF,
    0xFF, 0xFF, 0xFF, 0xFF, 0xFF, 0x00, 0x3E, 0x00, 0x3C, 0x00, 0x78, 0x00, 0xF8, 0x01, 0xF0, 0x03,
    0xE0, 0x03, 0xC0, 0x03, 0xC0, 0x03, 0xC0, 0x03, 0xC0, 0x03, 0xC0, 0x03, 0xC0, 0x03, 0xC0, 0x03,
    0xC0, 0x03, 0xC0, 0x03, 0xC0, 0x03, 0xC0, 0xC3, 0xC3, 0xE3, 0xC7, 0xFB, 0xCF, 0x7F, 0xDF, 0x7F,
    0xFE, 0x3F, 0xFC, 0x0F, 0xF8, 0x07, 0xE0, 0x03, 0xC0, 0x01, 0x80, 0x03, 0xCF, 0x00, 0x1F, 0x3E,
    0x00, 0x78, 0x7C, 0x03, 0xC0, 0xF0, 0x1F, 0x03, 0xE0, 0xF8, 0x07, 0xC3, 0xC0, 0x0F, 0x9F, 0xFF,
    0xFE, 0xFF, 0xFF, 0xFD, 0xFF, 0xFF, 0xE3, 0xC0, 0x0F, 0x8F, 0x80, 0x7C, 0x1F, 0x01, 0xE0, 0x3C,
    0x0F, 0x00, 0x78, 0x7C, 0x01, 0xF3, 0xE0, 0x03, 0xCF, 0x00, 0x00, 0x00, 0x01, 0xC0, 0x07, 0xE0,
    0x0F, 0xF0, 0x1F, 0xF8, 0x3F, 0xFC, 0x7F, 0xFE, 0xFB, 0xDF, 0xF3, 0xCF, 0xE3, 0xC7, 0xC3, 0xC3,
    0x03, 0xC0, 0x03, 0xC0, 0x03, 0xC0, 0x03, 0xC0, 0x03, 0xC0, 0x03, 0xC0, 0x03, 0xC0, 0x03, 0xC0,
    0x43, 0xC1, 0xE3, 0xC3, 0xF3, 0xCF, 0xFB, 0xDF, 0x7F, 0xFF, 0x3F, 0xFE, 0x1F, 0xF8, 0x0F, 0xF0,
    0x07, 0xE0, 0x03, 0xC0, 0x01, 0x80, 0xFF, 0xF1, 0xFF, 0xF3, 0xFF, 0xE7, 0xF0, 0x0F, 0xF0, 0x1F,
    0xF0, 0x3F, 0xF0, 0x7B, 0xF0, 0xF3, 0xF1, 0xE3, 0xF3, 0xC3, 0xF7, 0x83, 0xF1, 0x03, 0xC0, 0x03,
    0x00, 0x1F, 0xFE, 0x7F, 0xFD, 0xFF, 0xF8, 0x03, 0xF0, 0x0F, 0xE0, 0x3F, 0xC0, 0xFF, 0x83, 0xEF,
    0x0F, 0x9E, 0x3E, 0x3C, 0xF8, 0x7B, 0xE0, 0xE7, 0x81, 0x86, 0x02, 0x00, 0x10, 0x10, 0xF0, 0x31,
    0xF0, 0x73, 0xF0, 0xF3, 0xF1, 0xE3, 0xF3, 0xC3, 0xF7, 0x83, 0xFF, 0x03, 0xFE, 0x03, 0xFC, 0x03,
    0xFB, 0xFF, 0xF3, 0xFF, 0xE3, 0xFF, 0xC0, 0x10, 0x18, 0x60, 0x79, 0xC1, 0xF7, 0x87, 0xEF, 0x1F,
    0x9E, 0x7E, 0x3D, 0xF8, 0x7F, 0xE0, 0xFF, 0x81, 0xFE, 0x03, 0xF8, 0x07, 0xFF, 0xEF, 0xFF, 0x9F,
    0xFE, 0x00, 0x00, 0xFE, 0x00, 0xFF, 0x00, 0x1F, 0x7C, 0x1F, 0xFE, 0x3F, 0xEF, 0xFF, 0xE7, 0xF7,
    0xE3, 0xE7, 0x1C, 0x70, 0x38, 0xE0, 0x79, 0xE0, 0xFF, 0xFF, 0xFF, 0xFF, 0xFF, 0xFF, 0xF3, 0xC0,
    0x79, 0xE0, 0x3C, 0xF0, 0x1C, 0x70, 0x0E, 0x38, 0x07, 0x1C, 0x03, 0x8E, 0x7F, 0xFF, 0xFF, 0xFF,
    0xFF, 0xFF, 0x01, 0xCF, 0x03, 0x8E, 0x07, 0x1C, 0x0E, 0x38, 0x1C, 0x0F, 0x38, 0x1E, 0x78, 0x3C,
    0xFF, 0xF8, 0xFF, 0xF8, 0xFF, 0xF8, 0xF0, 0x3C, 0x78, 0x1C, 0x3C, 0x1E, 0x1C, 0x0F, 0xF0, 0x38,
    0x78, 0x1C, 0x3C, 0x0E, 0x1F, 0xFF, 0x0F, 0xFF, 0x0F, 0xFF, 0x1C, 0x0F, 0x3C, 0x0E, 0x78, 0x1C,
    0xF0, 0x38, 0x0F, 0x01, 0xF8, 0x3F, 0xC7, 0xFE, 0x77, 0xF6, 0x77, 0x47, 0x00, 0x70, 0x07, 0x00,
    0x70, 0x07, 0x00, 0x70, 0x7F, 0xE7, 0xFF, 0x7F, 0xF0, 0xE0, 0x38, 0xE0, 0x1C, 0xE0, 0x0E, 0xFF,
    0xFF, 0xFF, 0xFF, 0xFF, 0xFF, 0xE0, 0x0F, 0xE0, 0x0E, 0xE0, 0x1C, 0xE0, 0x38, 0x7F, 0xE7, 0xFF,
    0x7F, 0xF0, 0x70, 0x07, 0x00, 0x70, 0x07, 0x00, 0x70, 0x07, 0x04, 0x73, 0x67, 0x77, 0x7F, 0x7F,
    0xE3, 0xFC, 0x0F, 0x80, 0x70, 0x00, 0xF0, 0x00, 0xFC, 0x00, 0xFE, 0x00, 0x3F, 0x00, 0x0F, 0x00,
    0x0F, 0x0F, 0x0F, 0x1E, 0x0F, 0x3C, 0x0F, 0x78, 0x1F, 0x7F, 0xFE, 0xFF, 0xFC, 0x7F, 0xF8, 0x78,
    0x00, 0x3C, 0x00, 0x1E, 0x00, 0x0F, 0x00, 0x0F, 0x00, 0x3F, 0x00, 0x7F, 0x00, 0x7C, 0x00, 0xF0,
    0x00, 0xF0, 0x00, 0xF0, 0xF0, 0xF0, 0x78, 0xF0, 0x3C, 0x7C, 0x1E, 0x7F, 0xFF, 0x3F, 0xFF, 0x1F,
    0xFF, 0x00, 0x1E, 0x00, 0x3C, 0x00, 0x78, 0x00, 0xF0, 0x1C, 0x38, 0x3C, 0x3C, 0x3B, 0xDE, 0x77,
    0xEE, 0xFF, 0xFF, 0xFE, 0x7F, 0xFC, 0x3F, 0x70, 0x0E, 0x38, 0x1C, 0x1C, 0x3C, 0x00, 0x40, 0x60,
    0x70, 0x7C, 0x6E, 0x67, 0x63, 0x61, 0x60, 0x60, 0x60, 0x60, 0x60, 0x60, 0x60, 0x60, 0x60, 0x60,
    0x60, 0x60, 0x60, 0x60, 0x60, 0x60, 0x60, 0x60, 0x60, 0x00, 0x1C, 0x00, 0x0E, 0x00, 0x0F, 0xFF,
    0xFF, 0xFF, 0xFF, 0x7F, 0xFF, 0x00, 0x0E, 0x00, 0x1C, 0x00, 0x3C, 0x00, 0x1E, 0x00, 0x0E, 0x7F,
    0xFF, 0xFF, 0xFF, 0xFF, 0xFF, 0x00, 0x0F, 0x00, 0x0E, 0x00, 0x1C, 0x03, 0x80, 0x03, 0xC0, 0x03,
    0xC0, 0x03, 0xC0, 0x01, 0xFF, 0xF9, 0xFF, 0xFD, 0xFF, 0xFD, 0xE0, 0x00, 0xE0, 0x00, 0x78, 0x00,
    0x1F, 0xFF, 0xC7, 0xFF, 0xF1, 0xFF, 0xF8, 0xF0, 0x00, 0x3C, 0x00, 0x0F, 0x00, 0x03, 0x80, 0x00,
    0x00, 0x00, 0x00, 0xCC, 0x00, 0x73, 0x80, 0x3C, 0xF0, 0x1F, 0x3E, 0x0E, 0xCE, 0xE6, 0x33, 0x9F,
    0x0C, 0xE3, 0x83, 0x38, 0x40, 0xCE, 0x00, 0x33, 0x80, 0x0C, 0xE0, 0x03, 0x38, 0x00, 0xCE, 0x00,
    0x33, 0x80, 0x0C, 0xE0, 0x03, 0x38, 0x00, 0xCE, 0x00, 0x33, 0x80, 0x0C, 0xE0, 0x03, 0x38, 0x00,
    0xCE, 0x00, 0x33, 0x80, 0x0C, 0xE0, 0x03, 0x38, 0x00, 0xCE, 0x00, 0x33, 0x80, 0x0C, 0xE0, 0x01,
    0xC0, 0x00, 0xF0, 0x00, 0x3C, 0x00, 0x0F, 0x0F, 0xFF, 0xC7, 0xFF, 0xE3, 0xFF, 0xF8, 0x00, 0x1E,
    0x00, 0x07, 0x00, 0x07, 0xBF, 0xFF, 0x9F, 0xFF, 0x8F, 0xFF, 0xC0, 0x03, 0xC0, 0x03, 0xC0, 0x03,
    0xC0, 0x01, 0xC0, 0x00, 0x03, 0x38, 0x00, 0xCE, 0x00, 0x33, 0x80, 0x0C, 0xE0, 0x03, 0x38, 0x00,
    0xCE, 0x00, 0x33, 0x80, 0x0C, 0xE0, 0x03, 0x38, 0x00, 0xCE, 0x00, 0x33, 0x80, 0x0C, 0xE0, 0x03,
    0x38, 0x00, 0xCE, 0x00, 0x33, 0x80, 0x0C, 0xE0, 0x03, 0x38, 0x00, 0xCE, 0x00, 0x33, 0x82, 0x0C,
    0xE1, 0xC3, 0x38, 0xD8, 0xCE, 0x73, 0xB3, 0xB8, 0x7C, 0xF8, 0x0F, 0x3C, 0x01, 0xCE, 0x00, 0x33,
    0x00, 0x00, 0x00, 0x01, 0xCF, 0x00, 0x0F, 0x1C, 0x00, 0x78, 0x78, 0x03, 0xC0, 0xF0, 0x0F, 0xFF,
    0xE0, 0x7F, 0xFF, 0x83, 0xFF, 0xFF, 0x1E, 0x00, 0x1E, 0x70, 0x00, 0x3D, 0xE0, 0x01, 0xE3, 0xFF,
    0xFF, 0x07, 0xFF, 0xF8, 0x0F, 0xFF, 0xE0, 0x3C, 0x0F, 0x00, 0x78, 0x78, 0x00, 0xF1, 0xC0, 0x01,
    0xCF, 0x00, 0x01, 0xC0, 0x00, 0xF0, 0x00, 0x3C, 0x1F, 0xFF, 0x0F, 0xFF, 0xC0, 0x00, 0xF0, 0x00,
    0x39, 0xFF, 0xFE, 0xFF, 0xFF, 0x00, 0x07, 0x80, 0x07, 0x80, 0x07, 0x8F, 0xFF, 0x87, 0xFF, 0xC0,
    0x03, 0xC0, 0x03, 0xC0, 0x01, 0xC0, 0x00, 0x00, 0x00, 0x60, 0x0F, 0x01, 0xF8, 0x3F, 0xC7, 0xFE,
    0xFF, 0xF0, 0xF0, 0x0F, 0x00, 0xF0, 0xFF, 0xFF, 0xFF, 0x7F, 0xE0, 0xF0, 0x7F, 0xEF, 0xFF, 0xFF,
    0xF0, 0xF0, 0x0F, 0x00, 0xF0, 0x0F, 0x00, 0x0F, 0x00, 0xF0, 0x0F, 0x00, 0xF0, 0xFF, 0xFF, 0xFF,
    0x7F, 0xE0, 0xF0, 0x7F, 0xEF, 0xFF, 0xFF, 0xF0, 0xF0, 0x0F, 0x00, 0xF0, 0xFF, 0xF7, 0xFE, 0x3F,
    0xC1, 0xF8, 0x0F, 0x00, 0x60, 0x00, 0x00, 0x0F, 0x0F, 0x07, 0x8F, 0x03, 0xCF, 0x01, 0xEF, 0xFF,
    0xEF, 0xFF, 0xFF, 0xFF, 0xFF, 0x01, 0xEF, 0x03, 0xCF, 0x07, 0x8F, 0x0F, 0x0F, 0x00, 0x00, 0x01,
    0x80, 0x03, 0xC0, 0x07, 0x60, 0x0E, 0x30, 0x1C, 0x38, 0x38, 0x1C, 0x70, 0x0E, 0x7C, 0x3F, 0x0C,
    0x30, 0x0C, 0x30, 0x0C, 0x30, 0x0C, 0x30, 0x0C, 0x30, 0x0C, 0x30, 0x0C, 0x30, 0x0C, 0x30, 0x0C,
    0x30, 0x0C, 0x30, 0x0C, 0x30, 0x0C, 0x30, 0x07, 0xF0, 0x03, 0xC0, 0x00, 0x00, 0x00, 0x40, 0x00,
    0x38, 0x00, 0x1E, 0x00, 0x0F, 0x87, 0xFE, 0xE3, 0xFE, 0x39, 0x80, 0x0E, 0xC0, 0x03, 0x60, 0x07,
    0x3F, 0xF7, 0x0F, 0xFF, 0x00, 0x0F, 0x00, 0x07, 0x00, 0x03, 0x00, 0x01, 0x00, 0x00, 0x00, 0x01,
    0x80, 0x03, 0xC0, 0x07, 0x60, 0x0E, 0x70, 0x1C, 0x38, 0x38, 0x1C, 0x30, 0x0E, 0x7C, 0x3F, 0x7C,
    0x3E, 0x0C, 0x30, 0x0C, 0x30, 0x0C, 0x30, 0x0C, 0x30, 0x0F, 0xF0, 0x07, 0xE0, 0x00, 0x00, 0x0F,
    0xF0, 0x0F, 0xF0, 0x0C, 0x30, 0x0C, 0x30, 0x07, 0xF0, 0x01, 0x80, 0x78, 0x1E, 0x78, 0x1E, 0x78,
    0x1E, 0x7C, 0x1E, 0x3C, 0x3E, 0x3F, 0xFC, 0x3F, 0xFC, 0x3F, 0xFC, 0x1E, 0x3C, 0x1E, 0x78, 0x1E,
    0x78, 0x1E, 0x78, 0x0F, 0x78, 0x0F, 0xF0, 0x0F, 0xF0, 0x0F, 0xF0, 0x07, 0xF0, 0x07, 0xE0, 0x07,
    0xE0, 0x07, 0xE0, 0x3F, 0x1F, 0xE7, 0xFF, 0xEF, 0xF3, 0xFC, 0xFF, 0x03, 0xC0, 0xF0, 0x3C, 0xFF,
    0x3F, 0xEF, 0x7F, 0xDF, 0xE3, 0xF0, 0x1F, 0x80, 0x1F, 0x00, 0x3E, 0x00, 0x7C, 0x00, 0xF0, 0x01,
    0xE1, 0xF7, 0x8F, 0xFE, 0x7F, 0xFD, 0xF3, 0xF7, 0x87, 0xDE, 0x1F, 0x78, 0x7D, 0xE1, 0xF7, 0x87,
    0xDE, 0x1E, 0x7C, 0x79, 0xFF, 0xE3, 0xFF, 0x03, 0xF8, 0xFF, 0xFF, 0xFF, 0xFF, 0xF0, 0x0F, 0x00,
    0xF0, 0x0F, 0x00, 0xF0, 0x0F, 0x7F, 0xF7, 0xFF, 0x7F, 0xF0, 0x0F, 0x00, 0xF0, 0x0F, 0x00, 0xF0,
    0x0F, 0x00, 0xFF, 0xFF, 0xFF, 0xFF, 0xFF, 0x00, 0x30, 0x03, 0x80, 0x1C, 0xFF, 0xF7, 0xFF, 0xBF,
    0xFC, 0x07, 0xE0, 0x3F, 0x01, 0xF8, 0x1F, 0xC0, 0xFE, 0x7F, 0xF3, 0xFF, 0x9F, 0xFC, 0x39, 0xE1,
    0xCF, 0x0E, 0x78, 0xE3, 0xC7, 0x1E, 0x38, 0xF7, 0xFF, 0xBF, 0xFD, 0xFF, 0xEE, 0x00, 0x70, 0x03,
    0x00, 0x00, 0x00, 0x03, 0x80, 0x01, 0xC0, 0x7F, 0xF0, 0x3F, 0xF8, 0x1F, 0xFF, 0x0F, 0xCF, 0xC7,
    0xC3, 0xF9, 0xE1, 0xFE, 0x78, 0x73, 0xFC, 0x38, 0xFF, 0x1E, 0x3F, 0xC7, 0x0F, 0x7B, 0x83, 0xDF,
    0xE1, 0xE7, 0xF0, 0xF8, 0xFC, 0xFC, 0x1F, 0xFF, 0x07, 0xFF, 0x03, 0xFF, 0x80, 0xE0, 0x00, 0x70,
    0x00, 0x00, 0x07, 0xE0, 0x07, 0xE0, 0x07, 0xE0, 0x07, 0xF0, 0x0F, 0xF0, 0x0F, 0xF0, 0x0F, 0xF0,
    0x0F, 0x78, 0x1E, 0x78, 0x1E, 0x78, 0x1E, 0x78, 0x1E, 0x7C, 0x3C, 0x3C, 0x3C, 0x3C, 0x3C, 0x3C,
    0x3C, 0x3E, 0x7C, 0x1E, 0x7F, 0xFE, 0x7F, 0xFE, 0x7F, 0xFF, 0x7F, 0xFE, 0x7F, 0xFE, 0x7F, 0xFE,
    0x7C, 0x1E, 0x3C, 0x3E, 0x3C, 0x3C, 0x3C, 0x3C, 0x3E, 0x3C, 0x1E, 0x3C, 0x1E, 0x78, 0x1E, 0x78,
    0x1E, 0x78, 0x0F, 0x78, 0x0F, 0xF0, 0x0F, 0xF0, 0x0F, 0xF0, 0x07, 0xF0, 0x07, 0xE0, 0x07, 0xE0,
    0x07, 0xE0, 0x0F, 0xFF, 0x3F, 0xFF, 0x7F, 0xFF, 0x7C, 0x00, 0x78, 0x00, 0xF8, 0x00, 0xF0, 0x00,
    0xFF, 0xFF, 0xFF, 0xFF, 0xFF, 0xFF, 0xF8, 0x00, 0x78, 0x00, 0x7C, 0x00, 0x7F, 0xFF, 0x3F, 0xFF,
    0x0F, 0xFF, 0x00, 0x18, 0x00, 0x38, 0x00, 0x38, 0x00, 0x30, 0x0F, 0xFF, 0x3F, 0xFF, 0x7F, 0xFF,
    0x7C, 0xE0, 0x78, 0xE0, 0xF8, 0xC0, 0xF1, 0xC0, 0xFF, 0xFF, 0xFF, 0xFF, 0xFF, 0xFF, 0xF3, 0x80,
    0x7B, 0x00, 0x7F, 0x00, 0x7F, 0xFF, 0x3F, 0xFF, 0x0F, 0xFF, 0x0E, 0x00, 0x1C, 0x00, 0x1C, 0x00,
    0x1C, 0x00, 0x7F, 0x7F, 0xB0, 0x18, 0x0F, 0xF7, 0xFB, 0x80, 0xFE, 0x1F, 0x00, 0xFF, 0xF8, 0xFF,
    0xFC, 0xFF, 0xFE, 0x00, 0x3E, 0x00, 0x1F, 0x00, 0x0F, 0x00, 0x0F, 0xFF, 0xFF, 0xFF, 0xFF, 0xFF,
    0xFF, 0x00, 0x0F, 0x00, 0x1F, 0x00, 0x3E, 0xFF, 0xFE, 0xFF, 0xFC, 0xFF, 0xF8, 0x00, 0x18, 0x00,
    0x38, 0x00, 0x38, 0x00, 0x30, 0xFF, 0xF0, 0xFF, 0xFC, 0xFF, 0xFE, 0x00, 0xFE, 0x00, 0xFF, 0x00,
    0xCF, 0x01, 0xCF, 0xFF, 0xFF, 0xFF, 0xFF, 0xFF, 0xFF, 0x03, 0x8F, 0x03, 0x1F, 0x07, 0x3E, 0xFF,
    0xFE, 0xFF, 0xFC, 0xFF, 0xF8, 0x0E, 0x00, 0x1C, 0x00, 0x1C, 0x00, 0x1C, 0x00, 0xFF, 0xFF, 0xFF,
    0xFF, 0xFF, 0xFF, 0xFF, 0xFF, 0xFF, 0xFF, 0xFF, 0xFF, 0xFF, 0xFF, 0xFF, 0xFF, 0xFF, 0xF0, 0x7F,
    0xFE, 0xFF, 0xFF, 0xFF, 0xFF, 0xFF, 0xFF, 0x3C, 0x3C, 0x3C, 0x3C, 0x3C, 0x3C, 0x3C, 0x3C, 0x3C,
    0x3C, 0x3C, 0x3C, 0x3C, 0x3C, 0x3C, 0x3C, 0x3C, 0x3C, 0x3C, 0x3C, 0x3C, 0x3C, 0x3C, 0x3C, 0x3C,
    0x3C, 0x3C, 0x3C, 0x3C, 0x3C, 0x3C, 0x3C, 0x3C, 0x3C, 0x3C, 0x3C, 0x3C, 0x3C, 0x3C, 0x3C, 0x3C,
    0x3C, 0x3C, 0x3C, 0x3C, 0x3C, 0x3C, 0x3C, 0x3C, 0x3C, 0x3C, 0x3C, 0x3C, 0x3C, 0x3C, 0x3C, 0x3C,
    0x3C, 0x3C, 0x3C, 0x3C, 0x3C, 0x3C, 0x3C, 0x3C, 0x3C, 0x3C, 0x3C, 0x3C, 0x3C, 0x3C, 0x3C, 0x3C,
    0x3C, 0x3C, 0x3C, 0x3C, 0x3C, 0x3C, 0x3C, 0x3C, 0x3C, 0x3C, 0x3C, 0x3C, 0x3C, 0x7F, 0xFE, 0xFF,
    0xFF, 0xFF, 0xFF, 0xFF, 0xFF, 0xFF, 0xFF, 0xFF, 0xFF, 0xFF, 0xFE, 0x00, 0x7C, 0x00, 0xF8, 0x03,
    0xE0, 0x07, 0xC0, 0x0F, 0x80, 0x1E, 0x00, 0x7C, 0x00, 0xF8, 0x01, 0xE0, 0x0F, 0x80, 0x7C, 0x01,
    0xF0, 0x0F, 0x80, 0x7C, 0x01, 0xE0, 0x0F, 0x80, 0x7C, 0x03, 0xE0, 0x0F, 0xFF, 0xFF, 0xFF, 0xFF,
    0xFC, 0xFF, 0xFF, 0xFF, 0xFC, 0xFF, 0xFF, 0xFF, 0xFF, 0xFF, 0xC1, 0xE0, 0x07, 0x80, 0x1E, 0x00,
    0x78, 0x01, 0xE0, 0xFF, 0xFF, 0xFF, 0xFF, 0xFF, 0xC1, 0xE0, 0x07, 0x80, 0x1E, 0x00, 0x78, 0x01,
    0xE0, 0x00, 0x03, 0x80, 0x01, 0xE0, 0x00, 0xF0, 0x00, 0x38, 0x00, 0x1E, 0x00, 0x0F, 0x00, 0x03,
    0x80, 0x01, 0xE0, 0x00, 0xF0, 0x00, 0x38, 0x00, 0x1E, 0x00, 0x0F, 0x00, 0x03, 0x80, 0x01, 0xE0,
    0x00, 0xF0, 0x00, 0x38, 0x00, 0x1E, 0x00, 0x0F, 0x00, 0x07, 0x80, 0x01, 0xE0, 0x00, 0x3E, 0x66,
    0x43, 0x43, 0x66, 0x3E, 0x7B, 0xFF, 0xFF, 0x78, 0x00, 0x0F, 0x00, 0x07, 0x80, 0x03, 0xC0, 0x03,
    0xC0, 0x01, 0xE7, 0xE0, 0xF3, 0xF0, 0x79, 0xFC, 0x78, 0x1E, 0x3C, 0x0F, 0x1E, 0x07, 0x8E, 0x01,
    0xCF, 0x00, 0xF7, 0x80, 0x7B, 0xC0, 0x3D, 0xC0, 0x0F, 0xE0, 0x07, 0xF0, 0x03, 0xF0, 0x00, 0xF8,
    0x00, 0x7C, 0x00, 0x00, 0x00, 0x3E, 0x7C, 0x7F, 0x7E, 0xF7, 0xEF, 0xE3, 0xC7, 0xE1, 0xC7, 0xE1,
    0xC7, 0x77, 0xEF, 0x7E, 0xFE, 0x3E, 0x7C, 0xFF, 0xFF, 0xFF, 0xFF, 0xFF, 0xFF, 0xFF, 0xFF, 0xFF,
    0xFF, 0x0F, 0x00, 0xF0, 0x0F, 0x00, 0xF0, 0x0F, 0x70, 0xFE, 0x0F, 0xE0, 0xFC, 0x0F, 0x80, 0xF0,
    0x0F, 0x01, 0xF0, 0x3F, 0x03, 0xF0, 0x7F, 0x0F, 0xF0, 0x0F, 0x00, 0xF0, 0x0F, 0x00, 0xF0, 0xF3,
    0xFC, 0xFF, 0x3F, 0xCF, 0xF3, 0xFC, 0xFF, 0x3F, 0xCF, 0xF3, 0xFC, 0xFF, 0x3F, 0xCF, 0xF3, 0xFC,
    0xFF, 0x3F, 0xCF, 0xF3, 0xFC, 0xFF, 0x3F, 0xCF, 0x07, 0xC0, 0x1F, 0x80, 0x3F, 0x00, 0xFF, 0x01,
    0xFE, 0x03, 0xFC, 0x0F, 0xBC, 0x1E, 0x78, 0x3C, 0xF8, 0xF8, 0xF1, 0xE1, 0xE3, 0xC3, 0xEF, 0x03,
    0xDE, 0x07, 0x80, 0xF0, 0x3D, 0xE0, 0x7B, 0xE0, 0xF3, 0xC3, 0xC7, 0x87, 0x87, 0x8F, 0x0F, 0x3C,
    0x1E, 0x78, 0x1F, 0xF0, 0x3F, 0xC0, 0x7F, 0x80, 0x7F, 0x00, 0xFC, 0x01, 0xF8, 0x00, 0x1F, 0xF8,
    0x3F, 0xFC, 0x7F, 0xFE, 0x7E, 0x3F, 0xF8, 0x1F, 0xF0, 0x0F, 0xF0, 0x0F, 0xF0, 0x0F, 0xF0, 0x0F,
    0xF0, 0x0F, 0xF0, 0x0F, 0xF0, 0x0F, 0xF0, 0x0F, 0xF0, 0x0F, 0xF0, 0x0F, 0xF0, 0x0F, 0xF0, 0x0F,
    0xF0, 0x0F, 0xF0, 0x0F, 0xF0, 0x0F, 0xF0, 0x0F, 0xF0, 0x0F, 0xF0, 0x0F, 0xF0, 0x0F, 0xF0, 0x0F,
    0xF0, 0x0F, 0xF0, 0x0F, 0xF0, 0x0F, 0xF0, 0x0F, 0xF0, 0x0F, 0xF0, 0x0F, 0xF0, 0x0F, 0xF0, 0x0F,
    0xF0, 0x0F, 0xF0, 0x0F, 0xF8, 0x1F, 0x7C, 0x3F, 0x7F, 0xFE, 0x3F, 0xFC, 0x1F, 0xF8, 0x01, 0xFE,
    0x07, 0xFC, 0x0F, 0xF8, 0x3E, 0x00, 0x78, 0x00, 0xF0, 0x01, 0xE0, 0x03, 0xC0, 0x07, 0x80, 0x0F,
    0x00, 0x1E, 0x00, 0x3C, 0x00, 0x78, 0x00, 0xF0, 0x01, 0xE0, 0x03, 0xC0, 0x07, 0x80, 0x0F, 0x00,
    0x1E, 0x00, 0x3C, 0x00, 0x78, 0x1F, 0xF0, 0x3F, 0xE0, 0x7F, 0x80, 0xFC, 0x00, 0x03, 0xC0, 0x03,
    0xE0, 0x03, 0xE0, 0x03, 0xC0, 0x00, 0x00, 0x00, 0x00, 0x00, 0x00, 0x00, 0x00, 0x00, 0x00, 0x00,
    0x00, 0x00, 0x00, 0x78, 0x0E, 0xF8, 0x1F, 0xF8, 0x1F, 0x78, 0x1F, 0x78, 0x1F, 0xF8, 0x1F, 0xF8,
    0x1F, 0x78, 0x0E, 0x00, 0x00, 0x00, 0x00, 0x00, 0x00, 0x00, 0x00, 0x00, 0x00, 0x00, 0x00, 0x00,
    0x00, 0x03, 0xC0, 0x03, 0xE0, 0x03, 0xE0, 0x03, 0xC0, 0x7B, 0xFF, 0xDE, 0x00, 0x00, 0x00, 0x00,
    0x00, 0x1E, 0xFF, 0xF7, 0x80, 0x78, 0x7B, 0xF1, 0xFF, 0xCF, 0xFF, 0x1F, 0x78, 0x78, 0x00, 0x00,
    0x00, 0x00, 0x00, 0x00, 0x01, 0xE1, 0xEF, 0xC7, 0xFF, 0x3F, 0xFC, 0x7D, 0xE1, 0xE0, 0x00, 0x07,
    0x83, 0xF0, 0xFC, 0x1E, 0x00, 0x00, 0x03, 0xFF, 0xFF, 0xFF, 0xF0, 0x00, 0x0F, 0x00, 0x0F, 0xC0,
    0x07, 0xE0, 0x03, 0xF0, 0x00, 0xF7, 0xFE, 0x03, 0xFF, 0x01, 0xFF, 0x80, 0x00, 0x0F, 0x00, 0x0F,
    0xC0, 0x07, 0xE0, 0x03, 0xF0, 0x00, 0xF0, 0x3E, 0x1D, 0xFC, 0x7F, 0xF9, 0xFD, 0xFF, 0xF3, 0xFF,
    0x87, 0xE0, 0x3F, 0x1C, 0x7F, 0x9E, 0x7F, 0x9F, 0xF3, 0xCF, 0xF3, 0xC7, 0xF1, 0xCF, 0x79, 0xFF,
    0x78, 0xFE, 0x38, 0x7C, 0x3C, 0x19, 0xFC, 0x7F, 0xF1, 0xFD, 0xEF, 0xF3, 0xFF, 0xCF, 0xE6, 0x0F,
    0x00, 0x00, 0x00, 0x03, 0xFF, 0xFF, 0xFF, 0xFF, 0xFF, 0x3E, 0x1D, 0xFC, 0x7F, 0xF9, 0xFD, 0xFF,
    0xF3, 0xFF, 0x87, 0xE0, 0x00, 0x00, 0x00, 0xFF, 0xFF, 0xFF, 0xFF, 0xFF, 0xC0, 0x00, 0x00, 0x00,
    0x00, 0x00, 0x00, 0x3F, 0xFF, 0xFF, 0xFF, 0xFF, 0xF0, 0x00, 0x30, 0x01, 0xC3, 0xE7, 0xDF, 0xDF,
    0xFF, 0xFF, 0xDF, 0xFF, 0x3F, 0xFC, 0x7E, 0x01, 0xC0, 0x0E, 0x0F, 0xFF, 0xFF, 0xFF, 0xFF, 0xFC,
    0x1C, 0x00, 0x70, 0x03, 0x80, 0x0E, 0x03, 0xFF, 0xFF, 0xFF, 0xFF, 0xFF, 0x1C, 0x00, 0xE0, 0x03,
    0x80, 0x0C, 0x00, 0x3E, 0x1D, 0xFC, 0x7F, 0xF9, 0xFD, 0xFF, 0xF3, 0xFF, 0x87, 0xE0, 0x00, 0x0F,
    0x87, 0x7F, 0x1F, 0xFE, 0x7F, 0x7F, 0xFC, 0xFF, 0xE1, 0xF8, 0x00, 0x70, 0x01, 0xC0, 0x07, 0x00,
    0x38, 0x00, 0xE0, 0x03, 0x83, 0xFD, 0xDF, 0xF7, 0xFF, 0xDF, 0xDF, 0xFF, 0x3F, 0xF8, 0xFE, 0x07,
    0x00, 0xFC, 0x77, 0xF1, 0xFF, 0xE7, 0xFF, 0xFF, 0xFF, 0xFF, 0xDF, 0x87, 0x00, 0x1C, 0x00, 0xE0,
    0x03, 0x80, 0x00, 0x3E, 0x1D, 0xFE, 0x7F, 0xFF, 0xFC, 0xFF, 0xF1, 0xF8, 0x00, 0x03, 0xC1, 0xDF,
    0xC7, 0xFF, 0xBF, 0xDF, 0xFF, 0x3F, 0xB8, 0x3C, 0x00, 0x00, 0xF8, 0x77, 0xF9, 0xFF, 0xFF, 0xF3,
    0xFF, 0xC7, 0xE0, 0xF0, 0x0F, 0xF8, 0x1F, 0x7F, 0xFE, 0x7F, 0xFE, 0x1F, 0xF8, 0x00, 0x00, 0x00,
    0x00, 0x0F, 0xF0, 0x3F, 0xFC, 0x7F, 0xFE, 0x7C, 0x3F, 0xF0, 0x0F, 0xF0, 0x0F, 0x78, 0x00, 0x1F,
    0x00, 0x07, 0xDF, 0xFD, 0xF7, 0xFF, 0x79, 0xFF, 0xC0, 0x00, 0x00, 0x00, 0x00, 0x00, 0x00, 0x79,
    0xFF, 0xDF, 0x7F, 0xF7, 0xDF, 0xFD, 0xF0, 0x00, 0x78, 0x00, 0x00, 0x0F, 0x81, 0xF8, 0x39, 0xC3,
    0x9C, 0x3D, 0xC1, 0xF8, 0x0F, 0x00, 0x00, 0x00, 0x00, 0x00, 0xFF, 0xFF, 0xFF, 0xFF, 0xF0, 0x00,
    0x00, 0x00, 0x00, 0xFF, 0xFF, 0xFF, 0xFF, 0xF0, 0x1F, 0x81, 0xFC, 0x01, 0xC0, 0x1C, 0x0F, 0xC0,
    0xF8, 0x0E, 0x00, 0x00, 0x0E, 0x00, 0xE0, 0x00, 0x00, 0x00, 0xFF, 0xFF, 0xFF, 0xFF, 0xF0, 0x00,
    0x00, 0x00, 0x00, 0xFF, 0xFF, 0xFF, 0xFF, 0xF0, 0x00, 0xE0, 0x0E, 0x00, 0xE0, 0x1C, 0x01, 0xC0,
    0x18, 0x03, 0x8F, 0xFF, 0xFF, 0xFF, 0xFF, 0x07, 0x00, 0x60, 0x0E, 0x00, 0xE0, 0xFF, 0xFF, 0xFF,
    0xFF, 0xF1, 0x80, 0x38, 0x03, 0x80, 0x70, 0x07, 0x00, 0x70, 0x00, 0xFF, 0xFF, 0xFF, 0xFF, 0xF0,
    0x00, 0x00, 0x00, 0x00, 0xFF, 0xFF, 0xFF, 0xFF, 0xF0, 0x00, 0x00, 0x00, 0x00, 0x00, 0x0F, 0xFF,
    0xFF, 0xFF, 0xFF, 0x00, 0xE0, 0x0E, 0x00, 0xE0, 0x1C, 0xFF, 0xFF, 0xFF, 0xFF, 0xF0, 0x38, 0x03,
    0x80, 0x70, 0xFF, 0xFF, 0xFF, 0xFF, 0xF0, 0xE0, 0x0E, 0x01, 0xC0, 0x1C, 0x0F, 0xFF, 0xFF, 0xFF,
    0xFF, 0x38, 0x03, 0x00, 0x70, 0x00, 0xFF, 0xFF, 0xFF, 0x7F, 0xF0, 0x00, 0x7F, 0xFF, 0xFF, 0xFF,
    0xF0, 0x00, 0x00, 0x0F, 0xFF, 0xFF, 0xF7, 0xFF, 0x00, 0x07, 0xFF, 0xFF, 0xFF, 0xFF, 0x00, 0x10,
    0x03, 0xC0, 0x7E, 0x0F, 0xE3, 0xFE, 0x7F, 0xC3, 0xF0, 0x1E, 0x00, 0xF8, 0x07, 0xF8, 0x0F, 0xF0,
    0x1F, 0xE0, 0x3F, 0x80, 0x7C, 0x00, 0xE0, 0x00, 0x00, 0x07, 0xFF, 0xFF, 0xFF, 0xFF, 0xF0, 0x80,
    0x07, 0x00, 0x3E, 0x01, 0xFE, 0x07, 0xFC, 0x07, 0xF8, 0x0F, 0xE0, 0x1F, 0x01, 0xF8, 0x3F, 0x8F,
    0xF9, 0xFF, 0x0F, 0xC0, 0x78, 0x03, 0x00, 0x00, 0x00, 0x00, 0x07, 0xFF, 0xFF, 0xFF, 0xFF, 0xF0,
    0x00, 0x00, 0x00, 0xC1, 0xC0, 0xE1, 0xE1, 0xF3, 0xF1, 0xF3, 0xF3, 0xF3, 0xE3, 0xE7, 0xE1, 0xE3,
    0xC0, 0xE1, 0xE0, 0x7C, 0xF8, 0x1F, 0x3F, 0x07, 0xE7, 0xC0, 0xF9, 0xF0, 0x3C, 0x3C, 0x06, 0x0E,
    0x01, 0x00, 0x00, 0x00, 0x60, 0xC0, 0x38, 0x78, 0x1F, 0x3E, 0x07, 0xCF, 0xC1, 0xFB, 0xF0, 0x3E,
    0x7C, 0x0F, 0x1F, 0x07, 0x87, 0x87, 0xCF, 0x87, 0xCF, 0x8F, 0x8F, 0x8F, 0x9F, 0x07, 0x8F, 0x03,
    0x07, 0x01, 0x02, 0x00, 0x81, 0x7F, 0x9F, 0x87, 0xC7, 0x63, 0x1B, 0x0D, 0x86, 0xC3, 0xE0, 0xF0,
    0xF8, 0x6C, 0x33, 0x19, 0x9C, 0x7C, 0x3E, 0x7F, 0xB0, 0x40, 0x00, 0x38, 0x00, 0x70, 0x00, 0x70,
    0xF0, 0x7F, 0xF8, 0xFF, 0x7F, 0xFE, 0x7F, 0xFE, 0x1F, 0xF8, 0x01, 0xC0, 0x01, 0xC0, 0x0F, 0xF8,
    0x3F, 0xFC, 0x7F, 0xFE, 0xFF, 0x3F, 0xF7, 0x0F, 0xFE, 0x0F, 0x0E, 0x00, 0x0C, 0x00, 0x00, 0xE0,
    0x07, 0x00, 0x70, 0x03, 0x80, 0x1D, 0x01, 0xFC, 0x0F, 0xE1, 0xFE, 0x3F, 0xC7, 0xF8, 0x3F, 0xC1,
    0xFC, 0x0F, 0xE0, 0x7F, 0x80, 0xFF, 0x83, 0xFE, 0x19, 0xF9, 0xC3, 0xCE, 0x04, 0x60, 0x07, 0x00,
    0x38, 0x00, 0x00, 0xE0, 0x07, 0x00, 0x70, 0x03, 0x8C, 0x1C, 0x79, 0xC3, 0xFE, 0x1F, 0xF0, 0x3F,
    0xC0, 0x7F, 0x81, 0xFE, 0x1D, 0xF0, 0xFF, 0x87, 0xF8, 0xFF, 0x1F, 0xE0, 0xFC, 0x07, 0xC0, 0x2E,
    0x00, 0x60, 0x07, 0x00, 0x38, 0x00, 0x00, 0x60, 0x07, 0x00, 0x3E, 0x03, 0xF0, 0x7F, 0x0F, 0xF1,
    0xFE, 0x1F, 0xF0, 0xFB, 0x87, 0xF8, 0x3F, 0xC0, 0xFF, 0x81, 0xFF, 0x07, 0xFC, 0x3B, 0xE3, 0x87,
    0x1C, 0x03, 0xFF, 0xBF, 0xFF, 0xFF, 0xFF, 0xFF, 0xB8, 0x01, 0xC0, 0x0E, 0x00, 0x00, 0x64, 0x07,
    0x38, 0x39, 0xF1, 0x8F, 0xFC, 0x3F, 0xE0, 0x7F, 0xC0, 0xFE, 0x03, 0xF8, 0x1F, 0xC1, 0xFC, 0x3F,
    0xCF, 0xF8, 0x7F, 0x03, 0xF8, 0x1B, 0x80, 0x1C, 0x03, 0xFF, 0xBF, 0xFF, 0xFF, 0xFF, 0xFF, 0xB8,
    0x01, 0xC0, 0x0E, 0x00, 0x00, 0x1C, 0x01, 0xF0, 0x1F, 0xC1, 0xFE, 0x1F, 0xE1, 0xFE, 0x07, 0xE0,
    0x1E, 0x00, 0x7E, 0x01, 0xFE, 0x01, 0xFF, 0x01, 0xFE, 0x01, 0xFC, 0x00, 0xF0, 0x00, 0x87, 0x8F,
    0x7F, 0x3D, 0xFF, 0xFF, 0x7F, 0xBC, 0x7C, 0x60, 0x01, 0xE0, 0x07, 0xE0, 0x1F, 0xE0, 0x1F, 0xE0,
    0x1F, 0xE0, 0x1F, 0xC0, 0x1F, 0x01, 0xFC, 0x1F, 0xE1, 0xFE, 0x1F, 0xE0, 0x7E, 0x01, 0xE0, 0x06,
    0x00, 0x07, 0x8F, 0x3F, 0x3D, 0xFF, 0xE7, 0x7F, 0x9C, 0x7C, 0x00, 0x38, 0x01, 0xE0, 0x0F, 0x80,
    0x7C, 0x1F, 0xE3, 0xFF, 0x0F, 0xF0, 0x3F, 0xC0, 0xFF, 0xC0, 0xFF, 0x80, 0x3F, 0x00, 0x3E, 0x00,
    0x78, 0x00, 0xE0, 0x03, 0x80, 0xE0, 0x07, 0x80, 0x3C, 0x00, 0xF0, 0x07, 0xE0, 0x1F, 0xFC, 0x3F,
    0xE0, 0x7F, 0x0F, 0xF9, 0xFF, 0xDF, 0xC0, 0xF8, 0x0F, 0x00, 0x78, 0x03, 0xC0, 0x00, 0x00, 0x38,
    0x01, 0xE0, 0x07, 0x80, 0x3E, 0x03, 0xF0, 0x7F, 0x8F, 0xFC, 0x3F, 0xC0, 0xFF, 0x83, 0xFF, 0x00,
    0xFF, 0x00, 0x7C, 0x00, 0xF8, 0x01, 0xE0, 0x03, 0x80, 0x0E, 0x00, 0x03, 0xFF, 0xFF, 0xFF, 0xFF,
    0xFF, 0x0F, 0xFF, 0x3F, 0xFF, 0x7F, 0xFF, 0x7E, 0x00, 0x78, 0x00, 0xF8, 0x00, 0xF8, 0x00, 0xF8,
    0x00, 0x78, 0x00, 0x7C, 0x00, 0x7F, 0xFF, 0x3F, 0xFF, 0x0F, 0xFF, 0xFF, 0xF8, 0xFF, 0xFC, 0xFF,
    0xFE, 0x00, 0x3E, 0x00, 0x1F, 0x00, 0x0F, 0x00, 0x0F, 0x00, 0x0F, 0x00, 0x1F, 0x00, 0x3E, 0xFF,
    0xFE, 0xFF, 0xFC, 0xFF, 0xF8, 0x00, 0x38, 0x00, 0x38, 0x00, 0x38, 0x00, 0x70, 0x00, 0x70, 0x1F,
    0xFF, 0x3F, 0xFF, 0x7F, 0xFF, 0x7E, 0xE0, 0x79, 0xC0, 0xF9, 0xC0, 0xF9, 0xC0, 0xFB, 0x80, 0x7B,
    0x80, 0x7F, 0x80, 0x7F, 0xFF, 0x3F, 0xFF, 0x0F, 0xFF, 0x0E, 0x00, 0x0E, 0x00, 0x1C, 0x00, 0x1C,
    0x00, 0x1C, 0x00, 0x00, 0x38, 0x00, 0x38, 0x00, 0x38, 0x00, 0x70, 0x00, 0x70, 0xFF, 0xF0, 0xFF,
    0xFC, 0xFF, 0xFE, 0x00, 0xFE, 0x01, 0xDF, 0x01, 0xCF, 0x01, 0xCF, 0x03, 0x8F, 0x03, 0x9F, 0x03,
    0x3E, 0xFF, 0xFE, 0xFF, 0xFC, 0xFF, 0xF8, 0x0E, 0x00, 0x0E, 0x00, 0x1C, 0x00, 0x1C, 0x00, 0x1C,
    0x00, 0x0F, 0xFF, 0x3F, 0xFF, 0x3F, 0xFF, 0x7F, 0xFE, 0x78, 0x00, 0x78, 0x00, 0xF8, 0x00, 0xF8,
    0x00, 0x78, 0x00, 0x78, 0x00, 0x7F, 0xFE, 0x3F, 0xFF, 0x3F, 0xFF, 0x0F, 0xFF, 0x00, 0x00, 0x3F,
    0xFE, 0x7F, 0xFF, 0x7F, 0xFF, 0x7F, 0xFF, 0xFF, 0xF0, 0xFF, 0xFC, 0xFF, 0xFE, 0x7F, 0xFE, 0x00,
    0x1F, 0x00, 0x0F, 0x00, 0x0F, 0x00, 0x0F, 0x00, 0x0F, 0x00, 0x1F, 0x7F, 0xFE, 0xFF, 0xFE, 0xFF,
    0xFC, 0xFF, 0xF0, 0x00, 0x00, 0x7F, 0xFE, 0xFF, 0xFE, 0xFF, 0xFE, 0xFF, 0xFE, 0x00, 0x0C, 0x00,
    0x1C, 0x00, 0x1C, 0x00, 0x38, 0x0F, 0xFF, 0x3F, 0xFF, 0x3F, 0xFF, 0x7F, 0xFE, 0x78, 0xE0, 0x78,
    0xE0, 0xF8, 0xE0, 0xF9, 0xC0, 0xF9, 0xC0, 0x79, 0xC0, 0x7F, 0xFE, 0x3F, 0xFF, 0x3F, 0xFF, 0x0F,
    0xFF, 0x07, 0x00, 0x3F, 0xFE, 0x7F, 0xFF, 0x7F, 0xFF, 0x7F, 0xFF, 0x1C, 0x00, 0x1C, 0x00, 0x38,
    0x00, 0x00, 0x0C, 0x00, 0x1C, 0x00, 0x1C, 0x00, 0x38, 0xFF, 0xF8, 0xFF, 0xFC, 0xFF, 0xFE, 0x7F,
    0xFE, 0x00, 0x7F, 0x00, 0xEF, 0x00, 0xEF, 0x01, 0xCF, 0x01, 0xCF, 0x01, 0xDF, 0x7F, 0xFE, 0xFF,
    0xFE, 0xFF, 0xFC, 0xFF, 0xF0, 0x07, 0x00, 0x7F, 0xFE, 0xFF, 0xFE, 0xFF, 0xFE, 0xFF, 0xFE, 0x1C,
    0x00, 0x1C, 0x00, 0x38, 0x00, 0x40, 0x0D, 0x80, 0x36, 0x00, 0xD8, 0x03, 0x60, 0x0D, 0x80, 0x36,
    0x00, 0xD8, 0x03, 0x60, 0x0D, 0x80, 0x36, 0x30, 0xD8, 0xC3, 0x63, 0x0D, 0xFF, 0xB6, 0x30, 0xD8,
    0xC3, 0x63, 0x19, 0x8C, 0x63, 0x87, 0x07, 0xF8, 0xFF, 0xFF, 0xFF, 0xFF, 0xFF, 0xFF, 0xF8, 0x00,
    0xF8, 0x00, 0xF8, 0x00, 0xF8, 0x00, 0xF8, 0x00, 0xF8, 0x00, 0xF8, 0x00, 0xFF, 0xFF, 0xFF, 0xFF,
    0xFF, 0xFF, 0xFF, 0xFF, 0xFF, 0xFF, 0xFF, 0xFF, 0x00, 0x0F, 0x00, 0x0F, 0x00, 0x0F, 0x00, 0x0F,
    0x00, 0x0F, 0x00, 0x0F, 0x00, 0x0F, 0xFF, 0xFF, 0xFF, 0xFF, 0xFF, 0xFF, 0xFF, 0xFF, 0xFF, 0xFF,
    0xFF, 0xFF, 0xFF, 0xFE, 0xF8, 0x00, 0xF8, 0x00, 0xF8, 0x00, 0xF8, 0x00, 0xF8, 0x00, 0xF8, 0x00,
    0xFF, 0xFE, 0xFF, 0xFF, 0xFF, 0xFF, 0xFF, 0xFF, 0x00, 0x00, 0x7F, 0xFE, 0xFF, 0xFF, 0xFF, 0xFF,
    0xFF, 0xFF, 0xFF, 0xFF, 0xFF, 0xFF, 0xFF, 0xFF, 0x7F, 0xFF, 0x00, 0x0F, 0x00, 0x0F, 0x00, 0x0F,
    0x00, 0x0F, 0x00, 0x0F, 0x00, 0x0F, 0x7F, 0xFF, 0xFF, 0xFF, 0xFF, 0xFF, 0xFF, 0xFF, 0x00, 0x00,
    0x7F, 0xFE, 0xFF, 0xFF, 0xFF, 0xFF, 0xFF, 0xFF, 0x7F, 0xFB, 0xFF, 0xFF, 0xFF, 0xFF, 0xFF, 0xF0,
    0x3F, 0xC0, 0xFF, 0x03, 0xFC, 0x0F, 0xF0, 0x3F, 0xC0, 0xFF, 0x03, 0xFC, 0x0F, 0xF0, 0x3F, 0xC0,
    0xFF, 0x03, 0xFC, 0x0F, 0xF0, 0x3F, 0xC0, 0xFF, 0x03, 0xFC, 0x0F, 0xF0, 0x3F, 0xC0, 0xFF, 0x03,
    0xFC, 0x0F, 0xF0, 0x3F, 0xC0, 0xFF, 0x03, 0xFF, 0xFF, 0xFF, 0xFF, 0xFF, 0xFF, 0xFF, 0xC0, 0x07,
    0xF8, 0x03, 0xFF, 0x01, 0xDE, 0xF0, 0xE7, 0x8C, 0x71, 0xE3, 0x98, 0x78, 0x66, 0x1E, 0x1F, 0xFF,
    0xFF, 0xFF, 0xFF, 0xFF, 0xFF, 0xF6, 0x1E, 0x1D, 0x87, 0x86, 0x71, 0xE3, 0x8E, 0x78, 0xC1, 0xDE,
    0xF0, 0x3F, 0xF0, 0x07, 0xF8, 0x00, 0x07, 0xF8, 0x03, 0xFF, 0x81, 0xC0, 0x70, 0xC0, 0x0C, 0x60,
    0x01, 0x98, 0x00, 0x66, 0xFF, 0xCF, 0xBF, 0xF3, 0xEF, 0xFC, 0xF8, 0x00, 0x36, 0x00, 0x19, 0x80,
    0x06, 0x30, 0x03, 0x8E, 0x01, 0xC1, 0xF3, 0xE0, 0x1F, 0xE0, 0x00, 0xC0, 0x00, 0x07, 0xF8, 0x03,
    0xFF, 0x01, 0xE1, 0xF0, 0xF0, 0x3C, 0x7E, 0x1F, 0x9F, 0xEF, 0xE6, 0xFF, 0xDF, 0x9F, 0xE3, 0xC3,
    0xF0, 0xF9, 0xFE, 0x36, 0xFF, 0xDD, 0xFE, 0xFE, 0x7F, 0x1F, 0x8F, 0x83, 0xC1, 0xE1, 0xF0, 0x3F,
    0xF0, 0x07, 0xF8, 0x00, 0x07, 0xF8, 0x03, 0xFF, 0x01, 0xE1, 0xF0, 0xE0, 0x7C, 0x70, 0x3B, 0x98,
    0x1E, 0x66, 0x07, 0x1F, 0x83, 0x83, 0xC1, 0xE0, 0xF8, 0x70, 0x36, 0x38, 0x1D, 0x9E, 0x06, 0x77,
    0x03, 0x8F, 0x81, 0xC1, 0xE1, 0xF0, 0x3F, 0xF0, 0x07, 0xF8, 0x00, 0x07, 0xF8, 0x03, 0xFF, 0x81,
    0xC0, 0x70, 0xC0, 0x0C, 0x60, 0x01, 0x98, 0x00, 0x66, 0x0E, 0x0F, 0x87, 0x83, 0xE0, 0xE0, 0xF8,
    0x00, 0x36, 0x00, 0x19, 0x80, 0x06, 0x30, 0x03, 0x8E, 0x01, 0xC1, 0xF3, 0xE0, 0x1F, 0xE0, 0x00,
    0xC0, 0x00, 0x01, 0xF0, 0x03, 0xFF, 0x01, 0xFF, 0xE0, 0xE7, 0x9C, 0x71, 0xE3, 0x9F, 0x79, 0xE7,
    0xFF, 0xFF, 0xFF, 0xFF, 0xCF, 0xFC, 0xF8, 0xFC, 0x36, 0x7F, 0x9D, 0x9F, 0xF6, 0x7F, 0x3F, 0x8F,
    0x87, 0xC1, 0xE1, 0xF0, 0x3F, 0xF8, 0x07, 0xF8, 0x00, 0x07, 0xF8, 0x03, 0xFF, 0x01, 0xE1, 0xF0,
    0xE0, 0x1C, 0x70, 0x03, 0x9F, 0xFF, 0xE7, 0xFF, 0xFF, 0xFF, 0xFF, 0xC0, 0x00, 0xF0, 0x00, 0x37,
    0xFF, 0xFD, 0xFF, 0xFE, 0x7F, 0xFF, 0x8C, 0x00, 0xC1, 0xE1, 0xF0, 0x3F, 0xF0, 0x07, 0xF8, 0x00,
    0x07, 0xF8, 0x03, 0xFF, 0x01, 0xE1, 0xF0, 0xE0, 0x1C, 0x70, 0x03, 0x98, 0x00, 0x66, 0x00, 0x1F,
    0xFF, 0xFF, 0xFF, 0xFF, 0xFF, 0xFF, 0xF6, 0x00, 0x1D, 0x80, 0x06, 0x70, 0x03, 0x8E, 0x01, 0xC1,
    0xE1, 0xF0, 0x3F, 0xF0, 0x07, 0xF8, 0x00, 0xFF, 0xFF, 0xFC, 0x07, 0xFF, 0x07, 0xFF, 0xC7, 0xFF,
    0xF7, 0xFE, 0xFF, 0xDF, 0x3F, 0xCF, 0x8F, 0xC7, 0xC7, 0xE3, 0xE7, 0xF9, 0xF7, 0xFE, 0xFF, 0xEF,
    0xFF, 0xE3, 0xFF, 0xE0, 0xFF, 0xE0, 0x3F, 0xFF, 0xFF, 0xFF, 0xFF, 0xFF, 0xFF, 0xF0, 0x00, 0xF8,
    0x00, 0x7C, 0x00, 0x3E, 0x00, 0x1F, 0x00, 0x0F, 0xBF, 0xF7, 0xDF, 0xFB, 0xEF, 0xFD, 0xF0, 0x00,
    0xF8, 0x00, 0x7C, 0x00, 0x3E, 0x00, 0x1F, 0x00, 0x0F, 0xFF, 0xFF, 0xFF, 0xFF, 0x00, 0xFF, 0xFF,
    0xFF, 0xFF, 0xF0, 0xF0, 0xF8, 0x78, 0x7C, 0x3C, 0x3E, 0x1E, 0x1F, 0x0F, 0x0F, 0xFF, 0xFF, 0xFF,
    0xFF, 0xFF, 0xFF, 0xF0, 0xF0, 0xF8, 0x78, 0x7C, 0x3C, 0x3E, 0x1E, 0x1F, 0x0F, 0x0F, 0xFF, 0xFF,
    0xFF, 0xFF, 0x00, 0xFF, 0xFF, 0xFF, 0xFF, 0xF0, 0x00, 0xF8, 0x00, 0x7C, 0x00, 0x3E, 0x00, 0x1F,
    0x00, 0x0F, 0x83, 0x87, 0xC3, 0xC3, 0xE0, 0xE1, 0xF0, 0x00, 0xF8, 0x00, 0x7C, 0x00, 0x3E, 0x00,
    0x1F, 0x00, 0x0F, 0xFF, 0xFF, 0xFF, 0xFF, 0x00, 0xF0, 0x00, 0x78, 0x00, 0x3C, 0x00, 0x1E, 0x00,
    0x0F, 0x00, 0x07, 0x80, 0x03, 0xFF, 0xFD, 0xFF, 0xFF, 0xFF, 0xFF, 0xFF, 0xFF, 0xFC, 0x00, 0x1E,
    0x00, 0x0F, 0x00, 0x07, 0x80, 0x03, 0xC0, 0x01, 0xE0, 0x00, 0xF0, 0x00, 0x00, 0x00, 0x07, 0x00,
    0x07, 0xC0, 0x03, 0xE0, 0x01, 0xF0, 0x00, 0xF8, 0x00, 0x7C, 0x00, 0x3F, 0xFF, 0xFF, 0xFF, 0xFF,
    0xFF, 0xFF, 0xC0, 0x03, 0xE0, 0x01, 0xF0, 0x00, 0xF8, 0x00, 0x7C, 0x00, 0x3E, 0x00, 0x1F, 0x00,
    0x07, 0x00, 0x00, 0x00, 0x7F, 0xFF, 0xFF, 0xFF, 0xFF, 0xFF, 0xF0, 0x3C, 0x00, 0x1E, 0x00, 0x0F,
    0x00, 0x07, 0x80, 0x03, 0xC0, 0x01, 0xE0, 0x00, 0xF0, 0x00, 0x78, 0x00, 0x3C, 0x00, 0x1E, 0x00,
    0x0F, 0x00, 0x07, 0x80, 0x03, 0xC0, 0x00, 0x03, 0xC0, 0x01, 0xE0, 0x00, 0xF0, 0x00, 0x78, 0x00,
    0x3C, 0x00, 0x1E, 0x00, 0x0F, 0x00, 0x07, 0x80, 0x03, 0xC0, 0x01, 0xE0, 0x00, 0xF0, 0x00, 0x78,
    0x00, 0x3C, 0x07, 0xFF, 0xFF, 0xFF, 0xFF, 0xFF, 0xFF, 0x00, 0x10, 0x03, 0xC0, 0x7E, 0x0F, 0xF3,
    0xFF, 0xFF, 0xFF, 0xF1, 0xFE, 0x0F, 0xF8, 0x7F, 0xFB, 0xCF, 0xFE, 0x1F, 0xF0, 0x3F, 0x80, 0x7C,
    0x00, 0xE0, 0x00, 0x00, 0x07, 0xFF, 0xFF, 0xFF, 0xFF, 0xF0, 0x00, 0x1E, 0x00, 0x1B, 0xFF, 0xF3,
    0x7F, 0xFB, 0x00, 0x1E, 0xF0, 0x3D, 0xE0, 0x7B, 0xE0, 0xF3, 0xC3, 0xC7, 0x87, 0x87, 0x8F, 0x0F,
    0x3C, 0x1E, 0x78, 0x1F, 0xF0, 0x3F, 0xC0, 0x7F, 0x80, 0x7F, 0x00, 0xFC, 0x01, 0xF8, 0x00, 0x00,
    0x00, 0x00, 0x7F, 0xFC, 0xFF, 0xF9, 0xFF, 0xF0, 0xFF, 0xFF, 0xFF, 0xFF, 0xFF, 0xFF, 0x00, 0x00,
    0x00, 0x00, 0x07, 0xE0, 0x07, 0xE0, 0x07, 0xE0, 0x0F, 0xF0, 0x0F, 0xF0, 0x0F, 0xF8, 0x1E, 0x78,
    0x1E, 0x78, 0x1E, 0x7C, 0x3C, 0x3C, 0x3C, 0x3C, 0x7C, 0x1E, 0x78, 0x1E, 0x78, 0x1E, 0xFF, 0xFF,
    0xFF, 0xFF, 0xFF, 0xFF, 0x00, 0x00, 0x00, 0x00, 0x78, 0x1E, 0x78, 0x1E, 0x3C, 0x3E, 0x3C, 0x3C,
    0x3E, 0x3C, 0x1E, 0x7C, 0x1E, 0x78, 0x1F, 0x78, 0x0F, 0xF0, 0x0F, 0xF0, 0x0F, 0xF0, 0x07, 0xE0,
    0x07, 0xE0, 0x03, 0xE0, 0x1F, 0xF8, 0x3F, 0xFC, 0x7F, 0xFE, 0x7E, 0x3F, 0xF8, 0x1F, 0xF0, 0x0F,
    0xF0, 0x0F, 0xF0, 0x0F, 0xF0, 0x0F, 0xF0, 0x0F, 0xF0, 0x0F, 0xF0, 0x0F, 0xF0, 0x0F, 0xF0, 0x0F,
    0xF0, 0x0F, 0xF0, 0x0F, 0xF0, 0x0F, 0xF0, 0x0F, 0xF0, 0x0F, 0xF0, 0x0F, 0xF0, 0x0F, 0xF0, 0x0F,
    0xF0, 0x0F, 0xF0, 0x0F, 0xF0, 0x0F, 0xF0, 0x0F, 0xF0, 0x0F, 0xF0, 0x0F, 0xF0, 0x0F, 0xF0, 0x0F,
    0xF0, 0x0F, 0xF0, 0x0F, 0xF0, 0x0F, 0xF0, 0x0F, 0xF0, 0x0F, 0xF8, 0x1F, 0x7C, 0x3F, 0x7F, 0xFE,
    0x3F, 0xFC, 0x1F, 0xF8, 0x18, 0x3C, 0x7E, 0xE7, 0xE7, 0x7E, 0x3C, 0x18, 0x00, 0x18, 0x18, 0x7E,
    0x3C, 0x3C, 0x24, 0x00, 0x00, 0x00, 0x40, 0x00, 0xF0, 0x00, 0xFC, 0x00, 0xFF, 0x00, 0xFF, 0xC0,
    0xFF, 0x78, 0xEF, 0x8E, 0xE7, 0xC3, 0xC3, 0xE1, 0xE1, 0xF1, 0xF8, 0xF9, 0xCE, 0x7D, 0xC3, 0xBF,
    0xC0, 0xFF, 0xC0, 0x3F, 0xC0, 0x0F, 0xC0, 0x03, 0xC0, 0x00, 0x00, 0x00, 0x00, 0x40, 0x00, 0x30,
    0x00, 0xDC, 0x00, 0xEF, 0x00, 0xE7, 0xC0, 0xE3, 0x78, 0xE1, 0x8E, 0xE0, 0xC3, 0xC0, 0x61, 0xE0,
    0x31, 0xF8, 0x19, 0xCE, 0x0D, 0xC3, 0x87, 0xC0, 0xE3, 0xC0, 0x39, 0xC0, 0x0E, 0xC0, 0x03, 0x40,
    0x00, 0x00, 0x00, 0x00, 0x00, 0x00, 0xF0, 0x00, 0xFC, 0x00, 0xF7, 0x00, 0xF9, 0xC0, 0xFC, 0x38,
    0xEE, 0x0E, 0xE7, 0x03, 0xC3, 0x81, 0xE1, 0xC1, 0xF8, 0xE1, 0xCE, 0x71, 0xC3, 0xB9, 0xC0, 0xFD,
    0xC0, 0x3F, 0xC0, 0x0F, 0xC0, 0x03, 0x80, 0x00, 0x00, 0xF0, 0x07, 0xF8, 0x1F, 0xFC, 0x3F, 0x7E,
    0x7E, 0x1E, 0x78, 0x0F, 0xF0, 0x07, 0xE0, 0x07, 0xE0, 0x07, 0xE0, 0x03, 0xE0, 0x03, 0xC0, 0x03,
    0xC0, 0x03, 0xC0, 0x03, 0xC0, 0x03, 0xC0, 0x0F, 0xFF, 0x1F, 0xFF, 0x3F, 0xFE, 0x78, 0x00, 0x73,
    0xFF, 0x77, 0xFF, 0xF7, 0xFE, 0xF7, 0x00, 0xF7, 0x00, 0xF7, 0xFE, 0x77, 0xFF, 0x73, 0xFF, 0x78,
    0x00, 0x3F, 0xFE, 0x1F, 0xFF, 0x0F, 0xFF, 0x00, 0x0C, 0x00, 0x1C, 0x00, 0x1C, 0x00, 0x38, 0xFF,
    0xFF, 0xFF, 0xFF, 0xFF, 0xFF, 0xFF, 0xFE, 0xF8, 0xE0, 0xF8, 0xE0, 0xF8, 0xE0, 0xF9, 0xC0, 0xF9,
    0xC0, 0xF9, 0xC0, 0xFF, 0xFE, 0xFF, 0xFF, 0xFF, 0xFF, 0xFF, 0xFF, 0x07, 0x00, 0x7F, 0xFE, 0xFF,
    0xFF, 0xFF, 0xFF, 0xFF, 0xFF, 0x1C, 0x00, 0x1C, 0x00, 0x38, 0x00, 0xF7, 0xBD, 0xE0, 0x00, 0x1E,
    0xF7, 0xBC, 0x00, 0x7B, 0xDE, 0xF0, 0x79, 0xE3, 0xBE, 0x79, 0xFF, 0x9E, 0x7D, 0xE7, 0x8E, 0x00,
    0x03, 0x80, 0x01, 0xF0, 0x00, 0x7C, 0x00, 0x0E, 0x00, 0x00, 0x00, 0x00, 0x00, 0x00, 0x00, 0x07,
    0x80, 0x01, 0xE0, 0x00, 0x78, 0x00, 0x1E, 0x00, 0x00, 0x00, 0x00, 0x00, 0x1E, 0x00, 0x0F, 0x80,
    0x03, 0xE0, 0x00, 0x78, 0x00, 0x00, 0x78, 0x00, 0x3E, 0x00, 0x0F, 0x80, 0x01, 0xE0, 0x00, 0x00,
    0x00, 0x00, 0x00, 0x00, 0x00, 0x00, 0x07, 0x80, 0x01, 0xE0, 0x00, 0x78, 0x00, 0x1E, 0x00, 0x00,
    0x00, 0x00, 0x00, 0x00, 0x00, 0xE0, 0x00, 0x7C, 0x00, 0x1F, 0x00, 0x03, 0x80, 0x01, 0xE0, 0x00,
    0xFC, 0x00, 0x3F, 0x80, 0x1F, 0xE0, 0x0F, 0xFC, 0x07, 0xCF, 0x83, 0xF1, 0xF0, 0xFF, 0xBE, 0x7F,
    0xEF, 0xBF, 0xFF, 0xFF, 0xFB, 0xFD, 0xFF, 0xFE, 0x7F, 0xFF, 0x8F, 0xDF, 0xC1, 0xF7, 0xE0, 0x3F,
    0xF0, 0x07, 0xF8, 0x00, 0xFE, 0x00, 0x3F, 0x00, 0x07, 0x80,
};

static const EpdGlyph jetbrainsmono_13_boldGlyphs[] = {
    { 0, 0, 16, 0, 0, 0, 0 }, // 
    { 0, 0, 16, 0, 0, 0, 0 }, //  
    { 6, 20, 16, 5, 20, 15, 0 }, // !
    { 11, 8, 16, 3, 20, 11, 15 }, // "
    { 16, 20, 16, 0, 20, 40, 26 }, // #
    { 14, 27, 16, 1, 23, 48, 66 }, // $
    { 17, 20, 16, 0, 20, 43, 114 }, // %
    { 17, 20, 16, 0, 20, 43, 157 }, // &
    { 4, 8, 16, 6, 20, 4, 200 }, // '
    { 10, 27, 16, 4, 23, 34, 204 }, // (
    { 9, 27, 16, 3, 23, 31, 238 }, // )
    { 16, 14, 16, 0, 17, 28, 269 }, // *
    { 14, 13, 16, 1, 15, 23, 297 }, // +
    { 6, 8, 16, 5, 4, 6, 320 }, // ,
    { 10, 3, 16, 3, 10, 4, 326 }, // -
    { 6, 5, 16, 5, 5, 4, 330 }, // .
    { 14, 25, 16, 1, 22, 44, 334 }, // /
    { 14, 20, 16, 1, 20, 35, 378 }, // 0
    { 13, 20, 16, 2, 20, 33, 413 }, // 1
    { 14, 20, 16, 1, 20, 35, 446 }, // 2
    { 14, 20, 16, 1, 20, 35, 481 }, // 3
    { 13, 20, 16, 1, 20, 33, 516 }, // 4
    { 14, 20, 16, 1, 20, 35, 549 }, // 5
    { 14, 20, 16, 1, 20, 35, 584 }, // 6
    { 15, 20, 16, 1, 20, 38, 619 }, // 7
    { 14, 20, 16, 1, 20, 35, 657 }, // 8
    { 14, 20, 16, 1, 20, 35, 692 }, // 9
    { 6, 15, 16, 5, 15, 12, 727 }, // :
    { 6, 20, 16, 5, 15, 15, 739 }, // ;
    { 13, 16, 16, 2, 17, 26, 754 }, // <
    { 12, 10, 16, 2, 14, 15, 780 }, // =
    { 13, 16, 16, 2, 17, 26, 795 }, // >
    { 11, 20, 16, 3, 20, 28, 821 }, // ?
    { 16, 25, 16, 0, 20, 50, 849 }, // @
    { 16, 20, 16, 0, 20, 40, 899 }, // A
    { 13, 20, 16, 2, 20, 33, 939 }, // B
    { 13, 20, 16, 2, 20, 33, 972 }, // C
    { 13, 20, 16, 2, 20, 33, 1005 }, // D
    { 13, 20, 16, 2, 20, 33, 1038 }, // E
    { 13, 20, 16, 2, 20, 33, 1071 }, // F
    { 14, 20, 16, 1, 20, 35, 1104 }, // G
    { 13, 20, 16, 2, 20, 33, 1139 }, // H
    { 12, 20, 16, 2, 20, 30, 1172 }, // I
    { 14, 20, 16, 0, 20, 35, 1202 }, // J
    { 14, 20, 16, 2, 20, 35, 1237 }, // K
    { 13, 20, 16, 3, 20, 33, 1272 }, // L
    { 14, 20, 16, 1, 20, 35, 1305 }, // M
    { 14, 20, 16, 1, 20, 35, 1340 }, // N
    { 14, 20, 16, 1, 20, 35, 1375 }, // O
    { 14, 20, 16, 2, 20, 35, 1410 }, // P
    { 14, 25, 16, 1, 20, 44, 1445 }, // Q
    { 14, 20, 16, 2, 20, 35, 1489 }, // R
    { 14, 20, 16, 1, 20, 35, 1524 }, // S
    { 14, 20, 16, 1, 20, 35, 1559 }, // T
    { 14, 20, 16, 1, 20, 35, 1594 }, // U
    { 16, 20, 16, 0, 20, 40, 1629 }, // V
    { 16, 20, 16, 0, 20, 40, 1669 }, // W
    { 16, 20, 16, 0, 20, 40, 1709 }, // X
    { 16, 20, 16, 0, 20, 40, 1749 }, // Y
    { 13, 20, 16, 2, 20, 33, 1789 }, // Z
    { 8, 25, 16, 5, 22, 25, 1822 }, // [
    { 14, 25, 16, 1, 22, 44, 1847 }, // <backslash>
    { 9, 25, 16, 3, 22, 29, 1891 }, // ]
    { 14, 11, 16, 1, 20, 20, 1920 }, // ^
    { 14, 3, 16, 1, -1, 6, 1940 }, // _
    { 8, 4, 16, 3, 21, 4, 1946 }, // `
    { 14, 15, 16, 1, 15, 27, 1950 }, // a
    { 13, 20, 16, 2, 20, 33, 1977 }, // b
    { 13, 15, 16, 2, 15, 25, 2010 }, // c
    { 14, 20, 16, 1, 20, 35, 2035 }, // d
    { 14, 15, 16, 1, 15, 27, 2070 }, // e
    { 14, 20, 16, 1, 20, 35, 2097 }, // f
    { 14, 20, 16, 1, 15, 35, 2132 }, // g
    { 13, 20, 16, 2, 20, 33, 2167 }, // h
    { 14, 21, 16, 2, 21, 37, 2200 }, // i
    { 11, 26, 16, 2, 21, 36, 2237 }, // j
    { 14, 20, 16, 2, 20, 35, 2273 }, // k
    { 16, 20, 16, 0, 20, 40, 2308 }, // l
    { 14, 15, 16, 1, 15, 27, 2348 }, // m
    { 13, 15, 16, 2, 15, 25, 2375 }, // n
    { 14, 15, 16, 1, 15, 27, 2400 }, // o
    { 13, 20, 16, 2, 15, 33, 2427 }, // p
    { 14, 20, 16, 1, 15, 35, 2460 }, // q
    { 13, 15, 16, 2, 15, 25, 2495 }, // r
    { 14, 15, 16, 1, 15, 27, 2520 }, // s
    { 15, 19, 16, 0, 19, 36, 2547 }, // t
    { 13, 15, 16, 2, 15, 25, 2583 }, // u
    { 16, 15, 16, 0, 15, 30, 2608 }, // v
    { 16, 15, 16, 0, 15, 30, 2638 }, // w
    { 16, 15, 16, 0, 15, 30, 2668 }, // x
    { 16, 20, 16, 0, 15, 40, 2698 }, // y
    { 13, 15, 16, 2, 15, 25, 2738 }, // z
    { 13, 25, 16, 1, 22, 41, 2763 }, // {
    { 4, 25, 16, 6, 22, 13, 2804 }, // |
    { 13, 25, 16, 2, 22, 41, 2817 }, // }
    { 14, 6, 16, 1, 12, 11, 2858 }, // ~
    { 0, 0, 16, 0, 0, 0, 2869 }, //  
    { 6, 20, 16, 5, 15, 15, 2869 }, // ¡
    { 13, 22, 16, 2, 18, 36, 2884 }, // ¢
    { 14, 20, 16, 1, 20, 35, 2920 }, // £
    { 15, 15, 16, 1, 17, 29, 2955 }, // ¤
    { 16, 20, 16, 0, 20, 40, 2984 }, // ¥
    { 4, 25, 16, 6, 22, 13, 3024 }, // ¦
    { 14, 24, 16, 1, 20, 42, 3037 }, // §
    { 12, 4, 16, 2, 21, 6, 3079 }, // ¨
    { 14, 18, 16, 1, 20, 32, 3085 }, // ©
    { 8, 9, 16, 4, 20, 9, 3117 }, // ª
    { 16, 13, 16, 0, 14, 26, 3126 }, // «
    { 12, 7, 16, 2, 11, 11, 3152 }, // ¬
    { 14, 18, 16, 1, 20, 32, 3163 }, // ®
    { 10, 3, 16, 3, 21, 4, 3195 }, // ¯
    { 10, 8, 16, 3, 19, 10, 3199 }, // °
    { 14, 16, 16, 1, 16, 28, 3209 }, // ±
    { 10, 12, 16, 3, 22, 15, 3237 }, // ²
    { 10, 12, 16, 3, 22, 15, 3252 }, // ³
    { 8, 4, 16, 5, 21, 4, 3267 }, // ´
    { 13, 20, 16, 2, 15, 33, 3271 }, // µ
    { 14, 25, 16, 1, 20, 44, 3304 }, // ¶
    { 6, 5, 16, 5, 12, 4, 3348 }, // ·
    { 7, 7, 16, 5, 1, 7, 3352 }, // ¸
    { 11, 12, 16, 3, 22, 17, 3359 }, // ¹
    { 8, 9, 16, 4, 21, 9, 3376 }, // º
    { 16, 13, 16, 0, 14, 26, 3385 }, // »
    { 18, 20, 16, -1, 20, 45, 3411 }, // ¼
    { 18, 20, 16, -1, 20, 45, 3456 }, // ½
    { 18, 20, 16, -1, 20, 45, 3501 }, // ¾
    { 12, 20, 16, 2, 15, 30, 3546 }, // ¿
    { 16, 26, 16, 0, 26, 52, 3576 }, // À
    { 16, 26, 16, 0, 26, 52, 3628 }, // Á
    { 16, 26, 16, 0, 26, 52, 3680 }, // Â
    { 16, 26, 16, 0, 26, 52, 3732 }, // Ã
    { 16, 26, 16, 0, 26, 52, 3784 }, // Ä
    { 16, 27, 16, 0, 27, 54, 3836 }, // Å
    { 16, 20, 16, 0, 20, 40, 3890 }, // Æ
    { 13, 26, 16, 2, 20, 43, 3930 }, // Ç
    { 13, 26, 16, 2, 26, 43, 3973 }, // È
    { 13, 26, 16, 2, 26, 43, 4016 }, // É
    { 13, 26, 16, 2, 26, 43, 4059 }, // Ê
    { 13, 26, 16, 2, 26, 43, 4102 }, // Ë
    { 12, 26, 16, 2, 26, 39, 4145 }, // Ì
    { 12, 26, 16, 2, 26, 39, 4184 }, // Í
    { 12, 26, 16, 2, 26, 39, 4223 }, // Î
    { 12, 26, 16, 2, 26, 39, 4262 }, // Ï
    { 15, 20, 16, 0, 20, 38, 4301 }, // Ð
    { 14, 26, 16, 1, 26, 46, 4339 }, // Ñ
    { 14, 26, 16, 1, 26, 46, 4385 }, // Ò
    { 14, 26, 16, 1, 26, 46, 4431 }, // Ó
    { 14, 26, 16, 1, 26, 46, 4477 }, // Ô
    { 14, 26, 16, 1, 26, 46, 4523 }, // Õ
    { 14, 26, 16, 1, 26, 46, 4569 }, // Ö
    { 12, 12, 16, 2, 15, 18, 4615 }, // ×
    { 16, 22, 16, 0, 21, 44, 4633 }, // Ø
    { 14, 26, 16, 1, 26, 46, 4677 }, // Ù
    { 14, 26, 16, 1, 26, 46, 4723 }, // Ú
    { 14, 26, 16, 1, 26, 46, 4769 }, // Û
    { 14, 26, 16, 1, 26, 46, 4815 }, // Ü
    { 16, 26, 16, 0, 26, 52, 4861 }, // Ý
    { 14, 20, 16, 2, 20, 35, 4913 }, // Þ
    { 14, 20, 16, 1, 20, 35, 4948 }, // ß
    { 14, 21, 16, 1, 21, 37, 4983 }, // à
    { 14, 21, 16, 1, 21, 37, 5020 }, // á
    { 14, 21, 16, 1, 21, 37, 5057 }, // â
    { 14, 21, 16, 1, 21, 37, 5094 }, // ã
    { 14, 21, 16, 1, 21, 37, 5131 }, // ä
    { 14, 23, 16, 1, 23, 41, 5168 }, // å
    { 16, 15, 16, 0, 15, 30, 5209 }, // æ
    { 13, 21, 16, 2, 15, 35, 5239 }, // ç
    { 14, 21, 16, 1, 21, 37, 5274 }, // è
    { 14, 21, 16, 1, 21, 37, 5311 }, // é
    { 14, 21, 16, 1, 21, 37, 5348 }, // ê
    { 14, 21, 16, 1, 21, 37, 5385 }, // ë
    { 14, 21, 16, 2, 21, 37, 5422 }, // ì
    { 14, 21, 16, 2, 21, 37, 5459 }, // í
    { 14, 21, 16, 2, 21, 37, 5496 }, // î
    { 14, 21, 16, 2, 21, 37, 5533 }, // ï
    { 14, 21, 16, 1, 21, 37, 5570 }, // ð
    { 13, 21, 16, 2, 21, 35, 5607 }, // ñ
    { 14, 21, 16, 1, 21, 37, 5642 }, // ò
    { 14, 21, 16, 1, 21, 37, 5679 }, // ó
    { 14, 21, 16, 1, 21, 37, 5716 }, // ô
    { 14, 21, 16, 1, 21, 37, 5753 }, // õ
    { 14, 21, 16, 1, 21, 37, 5790 }, // ö
    { 12, 16, 16, 2, 17, 24, 5827 }, // ÷
    { 16, 17, 16, 0, 16, 34, 5851 }, // ø
    { 13, 21, 16, 2, 21, 35, 5885 }, // ù
    { 13, 21, 16, 2, 21, 35, 5920 }, // ú
    { 13, 21, 16, 2, 21, 35, 5955 }, // û
    { 13, 21, 16, 2, 21, 35, 5990 }, // ü
    { 16, 26, 16, 0, 21, 52, 6025 }, // ý
    { 13, 25, 16, 2, 20, 41, 6077 }, // þ
    { 16, 26, 16, 0, 21, 52, 6118 }, // ÿ
    { 16, 25, 16, 0, 25, 50, 6170 }, // Ā
    { 14, 21, 16, 1, 21, 37, 6220 }, // ā
    { 16, 26, 16, 0, 26, 52, 6257 }, // Ă
    { 14, 21, 16, 1, 21, 37, 6309 }, // ă
    { 16, 26, 16, 0, 20, 52, 6346 }, // Ą
    { 15, 21, 16, 1, 15, 40, 6398 }, // ą
    { 13, 26, 16, 2, 26, 43, 6438 }, // Ć
    { 13, 21, 16, 2, 21, 35, 6481 }, // ć
    { 13, 26, 16, 2, 26, 43, 6516 }, // Ĉ
    { 13, 21, 16, 2, 21, 35, 6559 }, // ĉ
    { 13, 26, 16, 2, 26, 43, 6594 }, // Ċ
    { 13, 21, 16, 2, 21, 35, 6637 }, // ċ
    { 13, 26, 16, 2, 26, 43, 6672 }, // Č
    { 13, 21, 16, 2, 21, 35, 6715 }, // č
    { 13, 26, 16, 2, 26, 43, 6750 }, // Ď
    { 16, 20, 16, 1, 20, 40, 6793 }, // ď
    { 15, 20, 16, 0, 20, 38, 6833 }, // Đ
    { 16, 20, 16, 1, 20, 40, 6871 }, // đ
    { 13, 25, 16, 2, 25, 41, 6911 }, // Ē
    { 14, 21, 16, 1, 21, 37, 6952 }, // ē
    { 13, 26, 16, 2, 26, 43, 6989 }, // Ĕ
    { 14, 21, 16, 1, 21, 37, 7032 }, // ĕ
    { 13, 26, 16, 2, 26, 43, 7069 }, // Ė
    { 14, 21, 16, 1, 21, 37, 7112 }, // ė
    { 13, 26, 16, 2, 20, 43, 7149 }, // Ę
    { 14, 21, 16, 1, 15, 37, 7192 }, // ę
    { 13, 26, 16, 2, 26, 43, 7229 }, // Ě
    { 14, 21, 16, 1, 21, 37, 7272 }, // ě
    { 14, 26, 16, 1, 26, 46, 7309 }, // Ĝ
    { 14, 26, 16, 1, 21, 46, 7355 }, // ĝ
    { 14, 26, 16, 1, 26, 46, 7401 }, // Ğ
    { 14, 26, 16, 1, 21, 46, 7447 }, // ğ
    { 14, 26, 16, 1, 26, 46, 7493 }, // Ġ
    { 14, 26, 16, 1, 21, 46, 7539 }, // ġ
    { 14, 26, 16, 1, 20, 46, 7585 }, // Ģ
    { 14, 28, 16, 1, 23, 49, 7631 }, // ģ
    { 13, 26, 16, 2, 26, 43, 7680 }, // Ĥ
    { 17, 26, 16, -2, 26, 56, 7723 }, // ĥ
    { 16, 20, 16, 0, 20, 40, 7779 }, // Ħ
    { 15, 20, 16, 0, 20, 38, 7819 }, // ħ
    { 12, 26, 16, 2, 26, 39, 7857 }, // Ĩ
    { 14, 21, 16, 2, 21, 37, 7896 }, // ĩ
    { 12, 25, 16, 2, 25, 38, 7933 }, // Ī
    { 14, 21, 16, 2, 21, 37, 7971 }, // ī
    { 12, 26, 16, 2, 26, 39, 8008 }, // Ĭ
    { 14, 21, 16, 2, 21, 37, 8047 }, // ĭ
    { 12, 26, 16, 2, 20, 39, 8084 }, // Į
    { 14, 27, 16, 2, 21, 48, 8123 }, // į
    { 12, 26, 16, 2, 26, 39, 8171 }, // İ
    { 14, 15, 16, 2, 15, 27, 8210 }, // ı
    { 16, 20, 16, 0, 20, 40, 8237 }, // Ĳ
    { 13, 26, 16, 2, 21, 43, 8277 }, // ĳ
    { 18, 26, 16, 0, 26, 59, 8320 }, // Ĵ
    { 14, 26, 16, 2, 21, 46, 8379 }, // ĵ
    { 14, 26, 16, 2, 20, 46, 8425 }, // Ķ
    { 14, 26, 16, 2, 20, 46, 8471 }, // ķ
    { 14, 15, 16, 2, 15, 27, 8517 }, // ĸ
    { 14, 26, 16, 2, 26, 46, 8544 }, // Ĺ
    { 16, 26, 16, 0, 26, 52, 8590 }, // ĺ
    { 13, 26, 16, 3, 20, 43, 8642 }, // Ļ
    { 16, 26, 16, 0, 20, 52, 8685 }, // ļ
    { 13, 20, 16, 3, 20, 33, 8737 }, // Ľ
    { 16, 20, 16, 0, 20, 40, 8770 }, // ľ
    { 13, 20, 16, 3, 20, 33, 8810 }, // Ŀ
    { 18, 20, 16, 0, 20, 45, 8843 }, // ŀ
    { 16, 20, 16, 0, 20, 40, 8888 }, // Ł
    { 16, 20, 16, 0, 20, 40, 8928 }, // ł
    { 14, 26, 16, 1, 26, 46, 8968 }, // Ń
    { 13, 21, 16, 2, 21, 35, 9014 }, // ń
    { 14, 26, 16, 1, 20, 46, 9049 }, // Ņ
    { 13, 21, 16, 2, 15, 35, 9095 }, // ņ
    { 14, 26, 16, 1, 26, 46, 9130 }, // Ň
    { 13, 21, 16, 2, 21, 35, 9176 }, // ň
    { 16, 22, 16, -1, 22, 44, 9211 }, // ŉ
    { 14, 25, 16, 1, 20, 44, 9255 }, // Ŋ
    { 13, 20, 16, 2, 15, 33, 9299 }, // ŋ
    { 14, 25, 16, 1, 25, 44, 9332 }, // Ō
    { 14, 21, 16, 1, 21, 37, 9376 }, // ō
    { 14, 26, 16, 1, 26, 46, 9413 }, // Ŏ
    { 14, 21, 16, 1, 21, 37, 9459 }, // ŏ
    { 14, 26, 16, 1, 26, 46, 9496 }, // Ő
    { 14, 21, 16, 1, 21, 37, 9542 }, // ő
    { 16, 20, 16, 0, 20, 40, 9579 }, // Œ
    { 16, 15, 16, 0, 15, 30, 9619 }, // œ
    { 14, 26, 16, 2, 26, 46, 9649 }, // Ŕ
    { 13, 21, 16, 2, 21, 35, 9695 }, // ŕ
    { 14, 26, 16, 2, 20, 46, 9730 }, // Ŗ
    { 15, 21, 16, 0, 15, 40, 9776 }, // ŗ
    { 14, 26, 16, 2, 26, 46, 9816 }, // Ř
    { 13, 21, 16, 2, 21, 35, 9862 }, // ř
    { 14, 26, 16, 1, 26, 46, 9897 }, // Ś
    { 14, 21, 16, 1, 21, 37, 9943 }, // ś
    { 14, 26, 16, 1, 26, 46, 9980 }, // Ŝ
    { 14, 21, 16, 1, 21, 37, 10026 }, // ŝ
    { 14, 26, 16, 1, 20, 46, 10063 }, // Ş
    { 14, 21, 16, 1, 15, 37, 10109 }, // ş
    { 14, 26, 16, 1, 26, 46, 10146 }, // Š
    { 14, 21, 16, 1, 21, 37, 10192 }, // š
    { 14, 26, 16, 1, 20, 46, 10229 }, // Ţ
    { 15, 25, 16, 0, 19, 47, 10275 }, // ţ
    { 14, 26, 16, 1, 26, 46, 10322 }, // Ť
    { 15, 22, 16, 0, 22, 42, 10368 }, // ť
    { 14, 20, 16, 1, 20, 35, 10410 }, // Ŧ
    { 15, 19, 16, 0, 19, 36, 10445 }, // ŧ
    { 14, 26, 16, 1, 26, 46, 10481 }, // Ũ
    { 13, 21, 16, 2, 21, 35, 10527 }, // ũ
    { 14, 25, 16, 1, 25, 44, 10562 }, // Ū
    { 13, 21, 16, 2, 21, 35, 10606 }, // ū
    { 14, 26, 16, 1, 26, 46, 10641 }, // Ŭ
    { 13, 21, 16, 2, 21, 35, 10687 }, // ŭ
    { 14, 27, 16, 1, 27, 48, 10722 }, // Ů
    { 13, 23, 16, 2, 23, 38, 10770 }, // ů
    { 14, 26, 16, 1, 26, 46, 10808 }, // Ű
    { 13, 21, 16, 2, 21, 35, 10854 }, // ű
    { 14, 26, 16, 1, 20, 46, 10889 }, // Ų
    { 13, 21, 16, 2, 15, 35, 10935 }, // ų
    { 16, 26, 16, 0, 26, 52, 10970 }, // Ŵ
    { 16, 21, 16, 0, 21, 42, 11022 }, // ŵ
    { 16, 26, 16, 0, 26, 52, 11064 }, // Ŷ
    { 16, 26, 16, 0, 21, 52, 11116 }, // ŷ
    { 16, 26, 16, 0, 26, 52, 11168 }, // Ÿ
    { 13, 26, 16, 2, 26, 43, 11220 }, // Ź
    { 13, 21, 16, 2, 21, 35, 11263 }, // ź
    { 13, 26, 16, 2, 26, 43, 11298 }, // Ż
    { 13, 21, 16, 2, 21, 35, 11341 }, // ż
    { 13, 26, 16, 2, 26, 43, 11376 }, // Ž
    { 13, 21, 16, 2, 21, 35, 11419 }, // ž
    { 12, 20, 16, 3, 20, 30, 11454 }, // ſ
    { 8, 4, 0, -13, 21, 4, 11484 }, // ̀
    { 8, 4, 0, -11, 21, 4, 11488 }, // ́
    { 12, 4, 0, -14, 21, 6, 11492 }, // ̂
    { 10, 4, 0, -13, 21, 5, 11498 }, // ̃
    { 10, 3, 0, -13, 21, 4, 11503 }, // ̄
    { 10, 4, 0, -13, 21, 5, 11507 }, // ̆
    { 6, 4, 0, -11, 21, 3, 11512 }, // ̇
    { 12, 4, 0, -14, 21, 6, 11515 }, // ̈
    { 6, 6, 0, -11, 23, 5, 11521 }, // ̉
    { 8, 7, 0, -12, 23, 7, 11526 }, // ̊
    { 12, 4, 0, -13, 21, 6, 11533 }, // ̋
    { 12, 4, 0, -14, 21, 6, 11539 }, // ̌
    { 12, 4, 0, -15, 21, 6, 11545 }, // ̏
    { 7, 6, 0, -11, 23, 6, 11551 }, // ̒
    { 6, 5, 0, -7, 17, 4, 11557 }, // ̛
    { 6, 4, 0, -11, -2, 3, 11561 }, // ̣
    { 8, 6, 0, -12, -2, 6, 11564 }, // ̥
    { 7, 4, 0, -12, -2, 4, 11570 }, // ̦
    { 7, 7, 0, -11, 1, 7, 11574 }, // ̧
    { 7, 6, 0, -12, 0, 6, 11581 }, // ̨
    { 19, 3, 0, -18, 10, 8, 11587 }, // ̶
    { 16, 17, 0, -16, 16, 34, 11595 }, // ̷
    { 12, 21, 0, -14, 18, 32, 11629 }, // ̸
    { 13, 26, 16, 2, 26, 43, 11661 }, // Ё
    { 16, 25, 16, 0, 20, 50, 11704 }, // Ђ
    { 13, 26, 16, 3, 26, 43, 11754 }, // Ѓ
    { 13, 20, 16, 2, 20, 33, 11797 }, // Є
    { 14, 20, 16, 1, 20, 35, 11830 }, // Ѕ
    { 12, 20, 16, 2, 20, 30, 11865 }, // І
    { 12, 26, 16, 2, 26, 39, 11895 }, // Ї
    { 14, 20, 16, 0, 20, 35, 11934 }, // Ј
    { 17, 20, 16, -1, 20, 43, 11969 }, // Љ
    { 15, 20, 16, 1, 20, 38, 12012 }, // Њ
    { 16, 20, 16, 0, 20, 40, 12050 }, // Ћ
    { 14, 26, 16, 2, 26, 46, 12090 }, // Ќ
    { 16, 26, 16, 0, 26, 52, 12136 }, // Ў
    { 13, 24, 16, 2, 20, 39, 12188 }, // Џ
    { 16, 20, 16, 0, 20, 40, 12227 }, // А
    { 13, 20, 16, 2, 20, 33, 12267 }, // Б
    { 13, 20, 16, 2, 20, 33, 12300 }, // В
    { 13, 20, 16, 3, 20, 33, 12333 }, // Г
    { 16, 25, 16, 0, 20, 50, 12366 }, // Д
    { 13, 20, 16, 2, 20, 33, 12416 }, // Е
    { 17, 20, 16, 0, 20, 43, 12449 }, // Ж
    { 14, 20, 16, 1, 20, 35, 12492 }, // З
    { 14, 20, 16, 1, 20, 35, 12527 }, // И
    { 14, 26, 16, 1, 26, 46, 12562 }, // Й
    { 14, 20, 16, 2, 20, 35, 12608 }, // К
    { 15, 20, 16, 0, 20, 38, 12643 }, // Л
    { 14, 20, 16, 1, 20, 35, 12681 }, // М
    { 13, 20, 16, 2, 20, 33, 12716 }, // Н
    { 14, 20, 16, 1, 20, 35, 12749 }, // О
    { 13, 20, 16, 2, 20, 33, 12784 }, // П
    { 14, 20, 16, 2, 20, 35, 12817 }, // Р
    { 13, 20, 16, 2, 20, 33, 12852 }, // С
    { 14, 20, 16, 1, 20, 35, 12885 }, // Т
    { 16, 20, 16, 0, 20, 40, 12920 }, // У
    { 16, 21, 16, 0, 21, 42, 12960 }, // Ф
    { 16, 20, 16, 0, 20, 40, 13002 }, // Х
    { 14, 25, 16, 2, 20, 44, 13042 }, // Ц
    { 14, 20, 16, 1, 20, 35, 13086 }, // Ч
    { 14, 20, 16, 1, 20, 35, 13121 }, // Ш
    { 16, 25, 16, 1, 20, 50, 13156 }, // Щ
    { 17, 20, 16, -1, 20, 43, 13206 }, // Ъ
    { 14, 20, 16, 1, 20, 35, 13249 }, // Ы
    { 14, 20, 16, 2, 20, 35, 13284 }, // Ь
    { 14, 20, 16, 1, 20, 35, 13319 }, // Э
    { 15, 20, 16, 1, 20, 38, 13354 }, // Ю
    { 14, 20, 16, 1, 20, 35, 13392 }, // Я
    { 14, 15, 16, 1, 15, 27, 13427 }, // а
    { 14, 20, 16, 1, 20, 35, 13454 }, // б
    { 13, 15, 16, 2, 15, 25, 13489 }, // в
    { 12, 15, 16, 3, 15, 23, 13514 }, // г
    { 16, 20, 16, 0, 15, 40, 13537 }, // д
    { 14, 15, 16, 1, 15, 27, 13577 }, // е
    { 17, 15, 16, 0, 15, 32, 13604 }, // ж
    { 14, 15, 16, 1, 15, 27, 13636 }, // з
    { 13, 15, 16, 2, 15, 25, 13663 }, // и
    { 13, 21, 16, 2, 21, 35, 13688 }, // й
    { 14, 15, 16, 2, 15, 27, 13723 }, // к
    { 15, 15, 16, 0, 15, 29, 13750 }, // л
    { 14, 15, 16, 1, 15, 27, 13779 }, // м
    { 13, 15, 16, 2, 15, 25, 13806 }, // н
    { 14, 15, 16, 1, 15, 27, 13831 }, // о
    { 13, 15, 16, 2, 15, 25, 13858 }, // п
    { 13, 20, 16, 2, 15, 33, 13883 }, // р
    { 13, 15, 16, 2, 15, 25, 13916 }, // с
    { 14, 15, 16, 1, 15, 27, 13941 }, // т
    { 16, 20, 16, 0, 15, 40, 13968 }, // у
    { 15, 25, 16, 1, 20, 47, 14008 }, // ф
    { 16, 15, 16, 0, 15, 30, 14055 }, // х
    { 14, 20, 16, 2, 15, 35, 14085 }, // ц
    { 13, 15, 16, 1, 15, 25, 14120 }, // ч
    { 14, 15, 16, 1, 15, 27, 14145 }, // ш
    { 16, 19, 16, 1, 15, 38, 14172 }, // щ
    { 16, 15, 16, 0, 15, 30, 14210 }, // ъ
    { 14, 15, 16, 1, 15, 27, 14240 }, // ы
    { 14, 15, 16, 2, 15, 27, 14267 }, // ь
    { 14, 15, 16, 1, 15, 27, 14294 }, // э
    { 15, 15, 16, 1, 15, 29, 14321 }, // ю
    { 14, 15, 16, 1, 15, 27, 14350 }, // я
    { 14, 21, 16, 1, 21, 37, 14377 }, // ё
    { 15, 25, 16, 0, 20, 47, 14414 }, // ђ
    { 12, 21, 16, 3, 21, 32, 14461 }, // ѓ
    { 13, 15, 16, 2, 15, 25, 14493 }, // є
    { 14, 15, 16, 1, 15, 27, 14518 }, // ѕ
    { 14, 21, 16, 2, 21, 37, 14545 }, // і
    { 14, 21, 16, 2, 21, 37, 14582 }, // ї
    { 11, 26, 16, 2, 21, 36, 14619 }, // ј
    { 17, 15, 16, -1, 15, 32, 14655 }, // љ
    { 15, 15, 16, 1, 15, 29, 14687 }, // њ
    { 15, 20, 16, 0, 20, 38, 14716 }, // ћ
    { 14, 21, 16, 2, 21, 37, 14754 }, // ќ
    { 16, 26, 16, 0, 21, 52, 14791 }, // ў
    { 13, 19, 16, 2, 15, 31, 14843 }, // џ
    { 13, 22, 16, 3, 22, 36, 14874 }, // Ґ
    { 12, 18, 16, 3, 18, 27, 14910 }, // ґ
    { 16, 20, 16, 0, 20, 40, 14937 }, // Ғ
    { 14, 15, 16, 1, 15, 27, 14977 }, // ғ
    { 15, 24, 16, 1, 20, 45, 15004 }, // Қ
    { 14, 19, 16, 2, 15, 34, 15049 }, // қ
    { 15, 24, 16, 1, 20, 45, 15083 }, // Ң
    { 15, 19, 16, 1, 15, 36, 15128 }, // ң
    { 16, 20, 16, 0, 20, 40, 15164 }, // Ү
    { 15, 20, 16, 1, 15, 38, 15204 }, // ү
    { 16, 20, 16, 0, 20, 40, 15242 }, // Ұ
    { 15, 20, 16, 1, 15, 38, 15282 }, // ұ
    { 15, 24, 16, 1, 20, 45, 15320 }, // Ҷ
    { 15, 19, 16, 1, 15, 36, 15365 }, // ҷ
    { 13, 20, 16, 2, 20, 33, 15401 }, // Һ
    { 13, 15, 16, 2, 15, 25, 15434 }, // һ
    { 14, 20, 16, 1, 20, 35, 15459 }, // Ә
    { 14, 15, 16, 1, 15, 27, 15494 }, // ә
    { 17, 26, 16, 0, 26, 56, 15521 }, // Ӝ
    { 17, 21, 16, 0, 21, 45, 15577 }, // ӝ
    { 14, 26, 16, 1, 26, 46, 15622 }, // Ӟ
    { 14, 21, 16, 1, 21, 37, 15668 }, // ӟ
    { 14, 26, 16, 1, 26, 46, 15705 }, // Ӥ
    { 13, 21, 16, 2, 21, 35, 15751 }, // ӥ
    { 14, 26, 16, 1, 26, 46, 15786 }, // Ӧ
    { 14, 21, 16, 1, 21, 37, 15832 }, // ӧ
    { 14, 20, 16, 1, 20, 35, 15869 }, // Ө
    { 14, 15, 16, 1, 15, 27, 15904 }, // ө
    { 14, 26, 16, 1, 26, 46, 15931 }, // Ӵ
    { 13, 21, 16, 1, 21, 35, 15977 }, // ӵ
    { 0, 0, 16, 0, 0, 0, 16012 }, //  
    { 0, 0, 16, 0, 0, 0, 16012 }, // ​
    { 10, 3, 16, 3, 10, 4, 16012 }, // ‐
    { 13, 3, 16, 2, 10, 5, 16016 }, // –
    { 17, 3, 16, 0, 10, 7, 16021 }, // —
    { 12, 25, 16, 2, 22, 38, 16028 }, // ‖
    { 6, 8, 16, 5, 20, 6, 16066 }, // ‘
    { 6, 8, 16, 5, 20, 6, 16072 }, // ’
    { 6, 8, 16, 5, 4, 6, 16078 }, // ‚
    { 6, 8, 16, 5, 20, 6, 16084 }, // ‛
    { 12, 8, 16, 2, 20, 12, 16090 }, // “
    { 12, 8, 16, 2, 20, 12, 16102 }, // ”
    { 13, 8, 16, 2, 4, 13, 16114 }, // „
    { 12, 8, 16, 2, 20, 12, 16127 }, // ‟
    { 13, 25, 16, 2, 22, 41, 16139 }, // †
    { 13, 25, 16, 2, 22, 41, 16180 }, // ‡
    { 8, 7, 16, 4, 13, 7, 16221 }, // •
    { 6, 5, 16, 5, 5, 4, 16228 }, // ․
    { 14, 5, 16, 1, 5, 9, 16232 }, // …
    { 18, 20, 16, -1, 20, 45, 16241 }, // ‰
    { 6, 8, 16, 5, 20, 6, 16286 }, // ′
    { 12, 8, 16, 2, 20, 12, 16292 }, // ″
    { 17, 8, 16, 0, 20, 17, 16304 }, // ‴
    { 10, 13, 16, 3, 14, 17, 16321 }, // ‹
    { 10, 13, 16, 3, 14, 17, 16338 }, // ›
    { 12, 20, 16, 2, 20, 30, 16355 }, // ‼
    { 11, 20, 16, 3, 20, 28, 16385 }, // ‽
    { 18, 3, 16, -1, 22, 7, 16413 }, // ‾
    { 17, 5, 16, 0, 0, 11, 16420 }, // ‿
    { 18, 20, 16, -1, 20, 45, 16431 }, // ⁄
    { 8, 25, 16, 5, 22, 25, 16476 }, // ⁅
    { 9, 25, 16, 3, 22, 29, 16501 }, // ⁆
    { 10, 12, 16, 3, 22, 15, 16530 }, // ⁰
    { 10, 12, 16, 3, 22, 15, 16545 }, // ⁴
    { 10, 12, 16, 3, 22, 15, 16560 }, // ⁵
    { 10, 12, 16, 3, 22, 15, 16575 }, // ⁶
    { 10, 12, 16, 3, 22, 15, 16590 }, // ⁷
    { 10, 12, 16, 3, 22, 15, 16605 }, // ⁸
    { 10, 12, 16, 3, 22, 15, 16620 }, // ⁹
    { 8, 8, 16, 4, 16, 8, 16635 }, // ⁺
    { 9, 7, 16, 4, 19, 8, 16643 }, // ⁼
    { 10, 12, 16, 3, 8, 15, 16651 }, // ₀
    { 11, 12, 16, 3, 8, 17, 16666 }, // ₁
    { 10, 12, 16, 3, 8, 15, 16683 }, // ₂
    { 10, 12, 16, 3, 8, 15, 16698 }, // ₃
    { 10, 12, 16, 3, 8, 15, 16713 }, // ₄
    { 10, 12, 16, 3, 8, 15, 16728 }, // ₅
    { 10, 12, 16, 3, 8, 15, 16743 }, // ₆
    { 10, 12, 16, 3, 8, 15, 16758 }, // ₇
    { 10, 12, 16, 3, 8, 15, 16773 }, // ₈
    { 10, 12, 16, 3, 8, 15, 16788 }, // ₉
    { 16, 22, 16, 1, 20, 44, 16803 }, // ₫
    { 15, 20, 16, 0, 20, 38, 16847 }, // €
    { 15, 20, 16, 1, 20, 38, 16885 }, // ₮
    { 15, 20, 16, 1, 20, 38, 16923 }, // ₴
    { 16, 20, 16, 0, 20, 40, 16961 }, // ₽
    { 13, 28, 16, 2, 24, 46, 17001 }, // ₿
    { 16, 17, 16, 0, 17, 34, 17047 }, // ←
    { 16, 20, 16, 0, 20, 40, 17081 }, // ↑
    { 16, 17, 16, 0, 17, 34, 17121 }, // →
    { 16, 20, 16, 0, 20, 40, 17155 }, // ↓
    { 22, 17, 16, -3, 17, 47, 17195 }, // ↔
    { 16, 30, 16, 0, 25, 60, 17242 }, // ↕
    { 15, 14, 16, 1, 20, 27, 17302 }, // ↖
    { 15, 14, 16, 0, 20, 27, 17329 }, // ↗
    { 15, 14, 16, 0, 14, 27, 17356 }, // ↘
    { 15, 14, 16, 1, 14, 27, 17383 }, // ↙
    { 16, 8, 16, 0, 12, 16, 17410 }, // ↝
    { 16, 10, 16, 0, 12, 20, 17426 }, // ↞
    { 16, 10, 16, 0, 12, 20, 17446 }, // ↠
    { 16, 10, 16, 0, 12, 20, 17466 }, // ↢
    { 16, 10, 16, 0, 12, 20, 17486 }, // ↣
    { 12, 15, 16, 2, 15, 23, 17506 }, // ↥
    { 16, 10, 16, 0, 12, 20, 17529 }, // ↦
    { 12, 16, 16, 2, 16, 24, 17549 }, // ↧
    { 16, 17, 16, 0, 20, 34, 17573 }, // ↩
    { 16, 17, 16, 0, 20, 34, 17607 }, // ↪
    { 16, 10, 16, 0, 13, 20, 17641 }, // ↭
    { 8, 28, 16, 6, 23, 28, 17661 }, // ↾
    { 16, 17, 16, 0, 16, 34, 17689 }, // ⇉
    { 17, 17, 16, 0, 18, 37, 17723 }, // ⇐
    { 18, 28, 16, -1, 23, 63, 17760 }, // ⇑
    { 17, 17, 16, 0, 18, 37, 17823 }, // ⇒
    { 18, 28, 16, -1, 22, 63, 17860 }, // ⇓
    { 22, 17, 16, -3, 18, 47, 17923 }, // ⇔
    { 17, 17, 16, 0, 17, 37, 17970 }, // ⇛
    { 12, 21, 16, 2, 21, 32, 18007 }, // ⇞
    { 12, 21, 16, 2, 20, 32, 18039 }, // ⇟
    { 16, 11, 16, 0, 15, 22, 18071 }, // ⇥
    { 16, 23, 16, 0, 22, 46, 18093 }, // ⇧
    { 17, 16, 16, 0, 17, 34, 18139 }, // ⇨
    { 16, 23, 16, 0, 22, 46, 18173 }, // ⇪
    { 16, 20, 16, 0, 20, 40, 18219 }, // ∀
    { 10, 15, 16, 3, 15, 19, 18259 }, // ∁
    { 14, 20, 16, 1, 20, 35, 18278 }, // ∂
    { 12, 20, 16, 2, 20, 30, 18313 }, // ∃
    { 13, 26, 16, 1, 23, 43, 18343 }, // ∄
    { 18, 21, 16, -1, 20, 48, 18386 }, // ∅
    { 16, 20, 16, 0, 20, 40, 18434 }, // ∆
    { 16, 20, 16, 0, 20, 40, 18474 }, // ∇
    { 16, 16, 16, 0, 18, 32, 18514 }, // ∈
    { 16, 24, 16, 0, 22, 48, 18546 }, // ∉
    { 9, 9, 16, 4, 13, 11, 18594 }, // ∊
    { 16, 16, 16, 0, 18, 32, 18605 }, // ∋
    { 16, 24, 16, 0, 22, 48, 18637 }, // ∌
    { 10, 14, 16, 3, 14, 18, 18685 }, // ∎
    { 16, 26, 16, 0, 21, 52, 18703 }, // ∏
    { 16, 25, 16, 0, 20, 50, 18755 }, // ∐
    { 14, 25, 16, 1, 20, 44, 18805 }, // ∑
    { 10, 3, 16, 3, 10, 4, 18849 }, // −
    { 14, 16, 16, 1, 15, 28, 18853 }, // ∓
    { 18, 20, 16, -1, 20, 45, 18881 }, // ∕
    { 8, 6, 16, 4, 12, 6, 18926 }, // ∘
    { 6, 5, 16, 5, 12, 4, 18932 }, // ∙
    { 17, 20, 16, 0, 20, 43, 18936 }, // √
    { 16, 10, 16, 0, 14, 20, 18979 }, // ∞
    { 4, 20, 16, 6, 20, 10, 18999 }, // ∣
    { 12, 20, 16, 2, 20, 30, 19009 }, // ∤
    { 10, 20, 16, 3, 20, 25, 19039 }, // ∥
    { 15, 14, 16, 1, 15, 27, 19064 }, // ∧
    { 15, 14, 16, 1, 15, 27, 19091 }, // ∨
    { 16, 20, 16, 0, 20, 40, 19118 }, // ∩
    { 16, 20, 16, 0, 20, 40, 19158 }, // ∪
    { 15, 25, 16, 0, 20, 47, 19198 }, // ∫
    { 16, 15, 16, 0, 15, 30, 19245 }, // ∴
    { 16, 15, 16, 0, 15, 30, 19275 }, // ∵
    { 6, 15, 16, 5, 15, 12, 19305 }, // ∶
    { 14, 14, 16, 1, 14, 25, 19317 }, // ∷
    { 10, 10, 16, 3, 14, 13, 19342 }, // ∸
    { 17, 13, 16, 0, 16, 28, 19355 }, // ∹
    { 14, 6, 16, 1, 12, 11, 19383 }, // ∼
    { 16, 9, 16, 0, 13, 18, 19394 }, // ∾
    { 14, 12, 16, 1, 16, 21, 19412 }, // ≃
    { 14, 18, 16, 1, 19, 32, 19433 }, // ≅
    { 14, 24, 16, 1, 21, 42, 19465 }, // ≇
    { 14, 13, 16, 1, 15, 23, 19507 }, // ≈
    { 14, 23, 16, 1, 21, 41, 19530 }, // ≉
    { 14, 18, 16, 1, 18, 32, 19571 }, // ≋
    { 16, 13, 16, 0, 15, 26, 19603 }, // ≍
    { 18, 13, 16, -1, 15, 30, 19629 }, // ≔
    { 12, 19, 16, 2, 20, 29, 19659 }, // ≗
    { 12, 21, 16, 2, 22, 32, 19688 }, // ≟
    { 12, 23, 16, 2, 21, 35, 19720 }, // ≠
    { 12, 16, 16, 2, 17, 24, 19755 }, // ≡
    { 12, 23, 16, 2, 21, 35, 19779 }, // ≢
    { 12, 16, 16, 2, 17, 24, 19814 }, // ≣
    { 13, 20, 16, 2, 20, 33, 19838 }, // ≤
    { 13, 20, 16, 2, 20, 33, 19871 }, // ≥
    { 17, 16, 16, 0, 17, 34, 19904 }, // ≪
    { 17, 16, 16, 0, 17, 34, 19938 }, // ≫
    { 9, 19, 16, 4, 17, 22, 19972 }, // ≬
    { 16, 18, 16, 0, 18, 36, 19994 }, // ≭
    { 13, 22, 16, 2, 20, 36, 20030 }, // ≮
    { 13, 22, 16, 2, 20, 36, 20066 }, // ≯
    { 13, 24, 16, 2, 21, 39, 20102 }, // ≰
    { 13, 24, 16, 2, 21, 39, 20141 }, // ≱
    { 14, 20, 16, 1, 20, 35, 20180 }, // ≲
    { 14, 20, 16, 1, 20, 35, 20215 }, // ≳
    { 14, 15, 16, 1, 16, 27, 20250 }, // ≺
    { 13, 15, 16, 2, 17, 25, 20277 }, // ≻
    { 14, 20, 16, 1, 20, 35, 20302 }, // ≼
    { 16, 13, 16, 0, 16, 26, 20337 }, // ⊂
    { 16, 13, 16, 0, 16, 26, 20363 }, // ⊃
    { 16, 23, 16, 0, 21, 46, 20389 }, // ⊄
    { 16, 23, 16, 0, 21, 46, 20435 }, // ⊅
    { 16, 19, 16, 0, 19, 38, 20481 }, // ⊆
    { 16, 19, 16, 0, 19, 38, 20519 }, // ⊇
    { 16, 26, 16, 0, 23, 52, 20557 }, // ⊈
    { 16, 26, 16, 0, 23, 52, 20609 }, // ⊉
    { 14, 20, 16, 1, 20, 35, 20661 }, // ⊎
    { 16, 13, 16, 0, 15, 26, 20696 }, // ⊏
    { 16, 13, 16, 0, 15, 26, 20722 }, // ⊐
    { 16, 19, 16, 0, 19, 38, 20748 }, // ⊑
    { 16, 19, 16, 0, 19, 38, 20786 }, // ⊒
    { 14, 16, 16, 1, 16, 28, 20824 }, // ⊓
    { 14, 15, 16, 1, 15, 27, 20852 }, // ⊔
    { 18, 17, 16, -1, 17, 39, 20879 }, // ⊕
    { 18, 17, 16, -1, 17, 39, 20918 }, // ⊖
    { 18, 17, 16, -1, 18, 39, 20957 }, // ⊗
    { 18, 17, 16, -1, 18, 39, 20996 }, // ⊘
    { 18, 17, 16, -1, 16, 39, 21035 }, // ⊙
    { 18, 17, 16, -1, 18, 39, 21074 }, // ⊛
    { 18, 17, 16, -1, 18, 39, 21113 }, // ⊜
    { 18, 17, 16, -1, 18, 39, 21152 }, // ⊝
    { 17, 16, 16, 0, 17, 34, 21191 }, // ⊞
    { 17, 17, 16, 0, 17, 37, 21225 }, // ⊟
    { 17, 17, 16, 0, 17, 37, 21262 }, // ⊠
    { 17, 17, 16, 0, 17, 37, 21299 }, // ⊡
    { 17, 17, 16, 0, 17, 37, 21336 }, // ⊢
    { 17, 17, 16, 0, 17, 37, 21373 }, // ⊣
    { 17, 17, 16, 0, 17, 37, 21410 }, // ⊤
    { 17, 16, 16, 0, 16, 34, 21447 }, // ⊥
    { 13, 20, 16, 2, 20, 33, 21481 }, // ⊴
    { 16, 5, 16, 0, 11, 10, 21514 }, // ⊸
    { 15, 19, 16, 1, 19, 36, 21524 }, // ⊻
    { 16, 19, 16, 0, 21, 38, 21560 }, // ⊼
    { 16, 19, 16, 0, 21, 38, 21598 }, // ⊽
    { 16, 20, 16, 0, 20, 40, 21636 }, // ⋂
    { 16, 20, 16, 0, 20, 40, 21676 }, // ⋃
    { 8, 8, 16, 4, 13, 8, 21716 }, // ⋄
    { 8, 8, 16, 4, 13, 8, 21724 }, // ⋆
    { 17, 18, 16, 0, 19, 39, 21732 }, // ⋈
    { 17, 18, 16, 0, 19, 39, 21771 }, // ⋉
    { 17, 18, 16, 0, 19, 39, 21810 }, // ⋊
    { 16, 15, 16, 0, 15, 30, 21849 }, // ⋎
    { 16, 16, 16, 0, 18, 32, 21879 }, // ⋐
    { 16, 26, 16, 0, 23, 52, 21911 }, // ⋢
    { 5, 17, 16, 6, 18, 11, 21963 }, // ⋮
    { 18, 4, 16, -1, 11, 9, 21974 }, // ⋯
    { 18, 17, 16, -1, 18, 39, 21983 }, // ⋰
    { 18, 17, 16, -1, 18, 39, 22022 }, // ⋱
    { 18, 20, 16, -1, 20, 45, 22061 }, // �
};

static const EpdUnicodeInterval jetbrainsmono_13_boldIntervals[] = {
    { 0xD, 0xD, 0x0 },
    { 0x20, 0x7E, 0x1 },
    { 0xA0, 0xAC, 0x60 },
    { 0xAE, 0xFF, 0x6D },
    { 0x100, 0x17F, 0xBF },
    { 0x300, 0x304, 0x13F },
    { 0x306, 0x30C, 0x144 },
    { 0x30F, 0x30F, 0x14B },
    { 0x312, 0x312, 0x14C },
    { 0x31B, 0x31B, 0x14D },
    { 0x323, 0x323, 0x14E },
    { 0x325, 0x328, 0x14F },
    { 0x336, 0x338, 0x153 },
    { 0x401, 0x40C, 0x156 },
    { 0x40E, 0x44F, 0x162 },
    { 0x451, 0x45C, 0x1A4 },
    { 0x45E, 0x45F, 0x1B0 },
    { 0x490, 0x493, 0x1B2 },
    { 0x49A, 0x49B, 0x1B6 },
    { 0x4A2, 0x4A3, 0x1B8 },
    { 0x4AE, 0x4B1, 0x1BA },
    { 0x4B6, 0x4B7, 0x1BE },
    { 0x4BA, 0x4BB, 0x1C0 },
    { 0x4D8, 0x4D9, 0x1C2 },
    { 0x4DC, 0x4DF, 0x1C4 },
    { 0x4E4, 0x4E9, 0x1C8 },
    { 0x4F4, 0x4F5, 0x1CE },
    { 0x2001, 0x2001, 0x1D0 },
    { 0x200B, 0x200B, 0x1D1 },
    { 0x2010, 0x2010, 0x1D2 },
    { 0x2013, 0x2014, 0x1D3 },
    { 0x2016, 0x2016, 0x1D5 },
    { 0x2018, 0x2022, 0x1D6 },
    { 0x2024, 0x2024, 0x1E1 },
    { 0x2026, 0x2026, 0x1E2 },
    { 0x2030, 0x2030, 0x1E3 },
    { 0x2032, 0x2034, 0x1E4 },
    { 0x2039, 0x203A, 0x1E7 },
    { 0x203C, 0x203F, 0x1E9 },
    { 0x2044, 0x2046, 0x1ED },
    { 0x2070, 0x2070, 0x1F0 },
    { 0x2074, 0x207A, 0x1F1 },
    { 0x207C, 0x207C, 0x1F8 },
    { 0x2080, 0x2089, 0x1F9 },
    { 0x20AB, 0x20AC, 0x203 },
    { 0x20AE, 0x20AE, 0x205 },
    { 0x20B4, 0x20B4, 0x206 },
    { 0x20BD, 0x20BD, 0x207 },
    { 0x20BF, 0x20BF, 0x208 },
    { 0x2190, 0x2199, 0x209 },
    { 0x219D, 0x219E, 0x213 },
    { 0x21A0, 0x21A0, 0x215 },
    { 0x21A2, 0x21A3, 0x216 },
    { 0x21A5, 0x21A7, 0x218 },
    { 0x21A9, 0x21AA, 0x21B },
    { 0x21AD, 0x21AD, 0x21D },
    { 0x21BE, 0x21BE, 0x21E },
    { 0x21C9, 0x21C9, 0x21F },
    { 0x21D0, 0x21D4, 0x220 },
    { 0x21DB, 0x21DB, 0x225 },
    { 0x21DE, 0x21DF, 0x226 },
    { 0x21E5, 0x21E5, 0x228 },
    { 0x21E7, 0x21E8, 0x229 },
    { 0x21EA, 0x21EA, 0x22B },
    { 0x2200, 0x220C, 0x22C },
    { 0x220E, 0x2213, 0x239 },
    { 0x2215, 0x2215, 0x23F },
    { 0x2218, 0x221A, 0x240 },
    { 0x221E, 0x221E, 0x243 },
    { 0x2223, 0x2225, 0x244 },
    { 0x2227, 0x222B, 0x247 },
    { 0x2234, 0x2239, 0x24C },
    { 0x223C, 0x223C, 0x252 },
    { 0x223E, 0x223E, 0x253 },
    { 0x2243, 0x2243, 0x254 },
    { 0x2245, 0x2245, 0x255 },
    { 0x2247, 0x2249, 0x256 },
    { 0x224B, 0x224B, 0x259 },
    { 0x224D, 0x224D, 0x25A },
    { 0x2254, 0x2254, 0x25B },
    { 0x2257, 0x2257, 0x25C },
    { 0x225F, 0x2265, 0x25D },
    { 0x226A, 0x2273, 0x264 },
    { 0x227A, 0x227C, 0x26E },
    { 0x2282, 0x2289, 0x271 },
    { 0x228E, 0x2299, 0x279 },
    { 0x229B, 0x22A5, 0x285 },
    { 0x22B4, 0x22B4, 0x290 },
    { 0x22B8, 0x22B8, 0x291 },
    { 0x22BB, 0x22BD, 0x292 },
    { 0x22C2, 0x22C4, 0x295 },
    { 0x22C6, 0x22C6, 0x298 },
    { 0x22C8, 0x22CA, 0x299 },
    { 0x22CE, 0x22CE, 0x29C },
    { 0x22D0, 0x22D0, 0x29D },
    { 0x22E2, 0x22E2, 0x29E },
    { 0x22EE, 0x22F1, 0x29F },
    { 0xFFFD, 0xFFFD, 0x2A3 },
};

static const EpdFontData jetbrainsmono_13_bold = {
    jetbrainsmono_13_boldBitmaps,
    jetbrainsmono_13_boldGlyphs,
    jetbrainsmono_13_boldIntervals,
    98,
    36,
    28,
    -9,
    false,
};
