/**
 * generated by fontconvert.py
 * name: jetbrainsmono_18_regular
 * size: 18
 * mode: 1-bit
 * Command used: fontconvert.py jetbrainsmono_18_regular 18 ../builtinFonts/source/JetBrainsMono/JetBrainsMono-Regular.ttf
 */
#pragma once
#include "EpdFontData.h"

static const uint8_t jetbrainsmono_18_regularBitmaps[39638] = {
    0x7C, 0xF9, 0xF3, 0xE7, 0xCF, 0x9F, 0x3E, 0x7C, 0xF9, 0xF3, 0xE7, 0x8F, 0x1E, 0x3C, 0x78, 0xF1,
    0xE0, 0x00, 0x00, 0x1F, 0x7E, 0xFF, 0xF9, 0xF0, 0xF8, 0xFF, 0xC7, 0xFE, 0x3F, 0xF1, 0xFF, 0x8F,
    0xFC, 0x7F, 0xE3, 0xFF, 0x1F, 0xF0, 0xFF, 0x87, 0xFC, 0x3C, 0x01, 0xC1, 0xE0, 0x0E, 0x0F, 0x00,
    0xF0, 0x70, 0x07, 0x83, 0x80, 0x38, 0x1C, 0x01, 0xC1, 0xE0, 0x1E, 0x0F, 0x0F, 0xFF, 0xFF, 0x7F,
    0xFF, 0xFB, 0xFF, 0xFF, 0xC1, 0xC0, 0xE0, 0x0E, 0x0F, 0x00, 0xF0, 0x78, 0x07, 0x83, 0x80, 0x38,
    0x1C, 0x01, 0xC0, 0xE0, 0xFF, 0xFF, 0xF7, 0xFF, 0xFF, 0xBF, 0xFF, 0xFC, 0x3C, 0x1C, 0x01, 0xC0,
    0xE0, 0x0E, 0x07, 0x00, 0x70, 0x78, 0x07, 0x83, 0xC0, 0x3C, 0x1C, 0x01, 0xC0, 0xE0, 0x0E, 0x07,
    0x00, 0x00, 0xE0, 0x00, 0x1C, 0x00, 0x03, 0x80, 0x00, 0x70, 0x00, 0x0E, 0x00, 0x07, 0xF8, 0x03,
    0xFF, 0x80, 0xFF, 0xF8, 0x3F, 0xFF, 0x87, 0x9C, 0xF9, 0xF3, 0x9F, 0x3C, 0x71, 0xE7, 0x8E, 0x3C,
    0xF9, 0xC0, 0x1F, 0x38, 0x01, 0xF7, 0x00, 0x3F, 0xE0, 0x03, 0xFE, 0x00, 0x3F, 0xF0, 0x03, 0xFF,
    0x80, 0x0F, 0xF8, 0x01, 0xFF, 0x00, 0x39, 0xF0, 0x07, 0x1E, 0x00, 0xE3, 0xCE, 0x1C, 0x7B, 0xE3,
    0x8F, 0x3C, 0x71, 0xE7, 0xCE, 0x7C, 0xFF, 0xFF, 0x0F, 0xFF, 0xE0, 0xFF, 0xF8, 0x07, 0xFC, 0x00,
    0x1C, 0x00, 0x03, 0x80, 0x00, 0x70, 0x00, 0x0E, 0x00, 0x01, 0xC0, 0x00, 0x3F, 0x80, 0x1C, 0xFF,
    0x80, 0x79, 0xFF, 0x81, 0xE7, 0xCF, 0x03, 0x8F, 0x0E, 0x0F, 0x1E, 0x1E, 0x3C, 0x3C, 0x3C, 0xF0,
    0x78, 0x71, 0xC0, 0xF9, 0xE7, 0x80, 0xFF, 0xDE, 0x01, 0xFF, 0x38, 0x01, 0xFC, 0xF0, 0x00, 0x03,
    0xC0, 0x00, 0x07, 0x00, 0x00, 0x1E, 0xFC, 0x00, 0x7B, 0xFC, 0x01, 0xEF, 0xFC, 0x03, 0x9E, 0x78,
    0x0F, 0x78, 0x78, 0x3C, 0xF0, 0xF0, 0x71, 0xE1, 0xE1, 0xE3, 0xC3, 0xC7, 0x87, 0x87, 0x8E, 0x07,
    0x9E, 0x3C, 0x0F, 0xFC, 0xF0, 0x0F, 0xF3, 0xC0, 0x0F, 0xC0, 0x01, 0xFC, 0x00, 0x07, 0xFF, 0x00,
    0x07, 0xFF, 0x80, 0x0F, 0xCF, 0x80, 0x0F, 0x07, 0xC0, 0x0F, 0x03, 0xC0, 0x0F, 0x03, 0xC0, 0x0F,
    0x00, 0x00, 0x07, 0x80, 0x00, 0x03, 0xC0, 0x00, 0x03, 0xE0, 0x00, 0x0F, 0xE0, 0x00, 0x3F, 0xF0,
    0x00, 0x3F, 0xF8, 0x1E, 0x7E, 0x7C, 0x3E, 0x78, 0x3E, 0x7C, 0x78, 0x1F, 0xF8, 0x78, 0x0F, 0xF0,
    0x78, 0x07, 0xE0, 0x78, 0x07, 0xE0, 0x78, 0x07, 0xE0, 0x78, 0x0F, 0xF0, 0x7C, 0x1F, 0xF0, 0x7E,
    0x7E, 0x78, 0x3F, 0xFC, 0x7C, 0x1F, 0xF8, 0x3E, 0x0F, 0xF0, 0x1E, 0xFF, 0xFF, 0xFF, 0xFF, 0xFF,
    0xFF, 0xBC, 0x00, 0x70, 0x1F, 0x07, 0xF0, 0xFF, 0x1F, 0x83, 0xF0, 0x3E, 0x07, 0xC0, 0x78, 0x0F,
    0x80, 0xF8, 0x0F, 0x00, 0xF0, 0x0F, 0x00, 0xF0, 0x0F, 0x00, 0xF0, 0x0F, 0x00, 0xF0, 0x0F, 0x00,
    0xF0, 0x0F, 0x00, 0xF0, 0x0F, 0x00, 0xF0, 0x0F, 0x00, 0xF8, 0x07, 0x80, 0x7C, 0x07, 0xC0, 0x3E,
    0x01, 0xF0, 0x1F, 0xC0, 0xFF, 0x03, 0xF0, 0x1F, 0x00, 0x30, 0xE0, 0x0F, 0x80, 0xFE, 0x0F, 0xF0,
    0x3F, 0x80, 0xF8, 0x07, 0xC0, 0x3E, 0x03, 0xE0, 0x1E, 0x01, 0xF0, 0x0F, 0x00, 0xF0, 0x0F, 0x00,
    0xF0, 0x0F, 0x00, 0xF0, 0x0F, 0x00, 0xF0, 0x0F, 0x00, 0xF0, 0x0F, 0x00, 0xF0, 0x0F, 0x00, 0xF0,
    0x1F, 0x01, 0xF0, 0x1E, 0x03, 0xE0, 0x3C, 0x07, 0xC0, 0xF8, 0x3F, 0x0F, 0xE0, 0xFC, 0x0F, 0x00,
    0xC0, 0x00, 0x00, 0xF0, 0x00, 0x07, 0x80, 0x00, 0x3C, 0x00, 0x01, 0xE0, 0x00, 0x0F, 0x00, 0x30,
    0x78, 0x19, 0xF1, 0xC7, 0xDF, 0xEE, 0xFF, 0xFF, 0xFF, 0xF0, 0xFF, 0xFE, 0x00, 0xFF, 0x80, 0x03,
    0xF0, 0x00, 0x3F, 0xC0, 0x01, 0xEF, 0x00, 0x1E, 0x7C, 0x01, 0xF1, 0xF0, 0x1F, 0x07, 0x80, 0xF0,
    0x3E, 0x03, 0x80, 0xE0, 0x08, 0x02, 0x00, 0x01, 0xE0, 0x00, 0x3C, 0x00, 0x07, 0x80, 0x00, 0xF0,
    0x00, 0x1E, 0x00, 0x03, 0xC0, 0x00, 0x78, 0x00, 0x0F, 0x00, 0xFF, 0xFF, 0xFF, 0xFF, 0xFF, 0xFF,
    0xFF, 0x80, 0xF0, 0x00, 0x1E, 0x00, 0x03, 0xC0, 0x00, 0x78, 0x00, 0x0F, 0x00, 0x01, 0xE0, 0x00,
    0x3C, 0x00, 0x1E, 0x3E, 0x3E, 0x3E, 0x3C, 0x3C, 0x7C, 0x7C, 0x78, 0x78, 0x78, 0x00, 0x07, 0xFF,
    0xFF, 0xFF, 0xFF, 0xF0, 0x7D, 0xFB, 0xFF, 0xFF, 0xEF, 0x80, 0x00, 0x03, 0xC0, 0x00, 0xF0, 0x00,
    0x7C, 0x00, 0x1E, 0x00, 0x0F, 0x80, 0x03, 0xC0, 0x00, 0xF0, 0x00, 0x7C, 0x00, 0x1E, 0x00, 0x07,
    0x80, 0x03, 0xE0, 0x00, 0xF0, 0x00, 0x7C, 0x00, 0x1E, 0x00, 0x07, 0x80, 0x03, 0xE0, 0x00, 0xF0,
    0x00, 0x7C, 0x00, 0x1E, 0x00, 0x07, 0x80, 0x03, 0xE0, 0x00, 0xF0, 0x00, 0x3C, 0x00, 0x1F, 0x00,
    0x07, 0x80, 0x03, 0xE0, 0x00, 0xF0, 0x00, 0x3C, 0x00, 0x1F, 0x00, 0x07, 0x80, 0x01, 0xE0, 0x00,
    0xF8, 0x00, 0x3C, 0x00, 0x1F, 0x00, 0x07, 0x80, 0x01, 0xE0, 0x00, 0x0F, 0xF8, 0x0F, 0xFE, 0x1F,
    0xFF, 0x8F, 0xCF, 0xEF, 0x80, 0xFF, 0x80, 0x7F, 0xC0, 0x1F, 0xE0, 0x0F, 0xF0, 0x07, 0xF8, 0x03,
    0xFC, 0x01, 0xFE, 0x78, 0xFF, 0x3E, 0x7F, 0x9F, 0x3F, 0xCF, 0x1F, 0xE0, 0x0F, 0xF0, 0x07, 0xF8,
    0x03, 0xFC, 0x01, 0xFE, 0x00, 0xFF, 0x00, 0x7F, 0x80, 0x7F, 0xE0, 0x3E, 0xFC, 0x7E, 0x7F, 0xFE,
    0x0F, 0xFE, 0x03, 0xFE, 0x00, 0x07, 0xF0, 0x03, 0xFC, 0x01, 0xFF, 0x01, 0xFF, 0xC0, 0xFC, 0xF0,
    0x3E, 0x3C, 0x0F, 0x0F, 0x03, 0x03, 0xC0, 0x00, 0xF0, 0x00, 0x3C, 0x00, 0x0F, 0x00, 0x03, 0xC0,
    0x00, 0xF0, 0x00, 0x3C, 0x00, 0x0F, 0x00, 0x03, 0xC0, 0x00, 0xF0, 0x00, 0x3C, 0x00, 0x0F, 0x00,
    0x03, 0xC0, 0x00, 0xF0, 0x00, 0x3C, 0x00, 0x0F, 0x00, 0x03, 0xC0, 0xFF, 0xFF, 0xFF, 0xFF, 0xFF,
    0xFF, 0xFC, 0x07, 0xFC, 0x01, 0xFF, 0xC0, 0xFF, 0xFC, 0x1F, 0x9F, 0xC7, 0xC0, 0x78, 0xF0, 0x0F,
    0x9E, 0x00, 0xF3, 0xC0, 0x1E, 0x00, 0x03, 0xC0, 0x00, 0x78, 0x00, 0x1F, 0x00, 0x03, 0xC0, 0x00,
    0xF8, 0x00, 0x3E, 0x00, 0x0F, 0x80, 0x03, 0xE0, 0x00, 0xF8, 0x00, 0x3E, 0x00, 0x0F, 0x80, 0x03,
    0xE0, 0x00, 0xF8, 0x00, 0x3E, 0x00, 0x0F, 0x80, 0x03, 0xE0, 0x00, 0x7F, 0xFF, 0xCF, 0xFF, 0xF9,
    0xFF, 0xFF, 0x00, 0x7F, 0xFF, 0x9F, 0xFF, 0xE7, 0xFF, 0xF8, 0x00, 0x3E, 0x00, 0x1F, 0x00, 0x0F,
    0x80, 0x07, 0xC0, 0x03, 0xE0, 0x01, 0xF0, 0x00, 0xF8, 0x00, 0x3F, 0xC0, 0x0F, 0xF8, 0x03, 0xFF,
    0x00, 0x07, 0xE0, 0x00, 0x78, 0x00, 0x1F, 0x00, 0x07, 0xC0, 0x00, 0xF0, 0x00, 0x3F, 0xC0, 0x0F,
    0xF8, 0x07, 0xDE, 0x01, 0xE7, 0xC0, 0xF9, 0xFC, 0xFE, 0x3F, 0xFF, 0x07, 0xFF, 0x80, 0x7F, 0x80,
    0x00, 0x3E, 0x00, 0x3E, 0x00, 0x1E, 0x00, 0x1F, 0x00, 0x1F, 0x00, 0x0F, 0x80, 0x0F, 0x80, 0x07,
    0x80, 0x07, 0xC0, 0x07, 0xC0, 0x03, 0xC0, 0x03, 0xE0, 0xF3, 0xE0, 0x79, 0xE0, 0x3D, 0xF0, 0x1F,
    0xF0, 0x0F, 0xF8, 0x07, 0xF8, 0x03, 0xFF, 0xFF, 0xFF, 0xFF, 0xFF, 0xFF, 0xF8, 0x00, 0x3C, 0x00,
    0x1E, 0x00, 0x0F, 0x00, 0x07, 0x80, 0x03, 0xC0, 0x01, 0xE0, 0x7F, 0xFF, 0x9F, 0xFF, 0xE7, 0xFF,
    0xF9, 0xE0, 0x00, 0x78, 0x00, 0x1E, 0x00, 0x07, 0x80, 0x01, 0xE0, 0x00, 0x78, 0x00, 0x1E, 0x00,
    0x07, 0xFF, 0xC1, 0xFF, 0xF8, 0x7F, 0xFF, 0x00, 0x07, 0xE0, 0x00, 0x78, 0x00, 0x1F, 0x00, 0x03,
    0xC0, 0x00, 0xF0, 0x00, 0x3D, 0xE0, 0x0F, 0x78, 0x03, 0xDE, 0x01, 0xF7, 0xC0, 0x78, 0xFC, 0xFE,
    0x3F, 0xFF, 0x07, 0xFF, 0x80, 0x7F, 0x80, 0x00, 0x78, 0x00, 0x1F, 0x00, 0x03, 0xC0, 0x00, 0xF0,
    0x00, 0x3E, 0x00, 0x07, 0x80, 0x01, 0xF0, 0x00, 0x3C, 0x00, 0x0F, 0x00, 0x03, 0xE0, 0x00, 0x7F,
    0xF0, 0x1F, 0xFF, 0x83, 0xFF, 0xF8, 0xFC, 0x1F, 0x1F, 0x01, 0xF3, 0xC0, 0x1E, 0xF0, 0x03, 0xFE,
    0x00, 0x3F, 0xC0, 0x07, 0xF8, 0x01, 0xFF, 0x80, 0x3C, 0xF0, 0x07, 0x9F, 0x01, 0xF1, 0xF8, 0xFC,
    0x3F, 0xFF, 0x01, 0xFF, 0xC0, 0x1F, 0xF0, 0x00, 0xFF, 0xFF, 0xFF, 0xFF, 0xFF, 0xFF, 0xFF, 0xC0,
    0x1F, 0xF0, 0x07, 0xFC, 0x01, 0xEF, 0x00, 0xFB, 0xC0, 0x3C, 0x00, 0x1F, 0x00, 0x07, 0xC0, 0x01,
    0xE0, 0x00, 0xF8, 0x00, 0x3C, 0x00, 0x1F, 0x00, 0x07, 0x80, 0x01, 0xE0, 0x00, 0xF8, 0x00, 0x3C,
    0x00, 0x1F, 0x00, 0x07, 0x80, 0x01, 0xE0, 0x00, 0xF8, 0x00, 0x3C, 0x00, 0x1F, 0x00, 0x07, 0x80,
    0x03, 0xE0, 0x00, 0xF8, 0x00, 0x07, 0xFC, 0x03, 0xFF, 0xC0, 0xFF, 0xFC, 0x1F, 0x8F, 0xC7, 0xC0,
    0x7C, 0xF0, 0x0F, 0x9E, 0x00, 0xF3, 0xC0, 0x1E, 0x78, 0x07, 0xC7, 0x80, 0xF0, 0xFC, 0x7E, 0x0F,
    0xFF, 0x00, 0xFF, 0xC0, 0x3F, 0xFE, 0x0F, 0xC7, 0xE3, 0xE0, 0x3E, 0x78, 0x03, 0xDF, 0x00, 0x7B,
    0xC0, 0x0F, 0xF8, 0x01, 0xFF, 0x80, 0x3F, 0xF0, 0x07, 0x9F, 0x01, 0xF3, 0xF8, 0xFC, 0x3F, 0xFF,
    0x83, 0xFF, 0xC0, 0x1F, 0xF0, 0x00, 0x07, 0xFC, 0x01, 0xFF, 0xC0, 0xFF, 0xFC, 0x1F, 0x8F, 0xC7,
    0xC0, 0x7C, 0xF0, 0x07, 0xBE, 0x00, 0xFF, 0x80, 0x1F, 0xF0, 0x01, 0xFE, 0x00, 0x7F, 0xE0, 0x0F,
    0xFC, 0x01, 0xE7, 0xC0, 0x7C, 0xFE, 0x3F, 0x0F, 0xFF, 0xE0, 0xFF, 0xF8, 0x07, 0xFF, 0x00, 0x03,
    0xC0, 0x00, 0xF8, 0x00, 0x1E, 0x00, 0x07, 0xC0, 0x01, 0xF0, 0x00, 0x3C, 0x00, 0x0F, 0x80, 0x03,
    0xE0, 0x00, 0x7C, 0x00, 0x1F, 0x00, 0x00, 0x7D, 0xFF, 0xFF, 0xFF, 0xEF, 0x80, 0x00, 0x00, 0x00,
    0x00, 0x00, 0x00, 0x00, 0x3E, 0xFF, 0xFF, 0xFF, 0xF7, 0xC0, 0x3E, 0x7F, 0x7F, 0x7F, 0x7F, 0x3E,
    0x00, 0x00, 0x00, 0x00, 0x00, 0x00, 0x00, 0x00, 0x00, 0x00, 0x3E, 0x3E, 0x3E, 0x3E, 0x3C, 0x7C,
    0x7C, 0x7C, 0x78, 0x78, 0x78, 0x00, 0x00, 0x80, 0x01, 0xC0, 0x03, 0xE0, 0x07, 0xF0, 0x0F, 0xF0,
    0x1F, 0xE0, 0x3F, 0xC0, 0x7F, 0x80, 0xFF, 0x00, 0x7E, 0x00, 0x3C, 0x00, 0x1F, 0x80, 0x0F, 0xF0,
    0x01, 0xFE, 0x00, 0x3F, 0xC0, 0x07, 0xF8, 0x00, 0xFF, 0x00, 0x1F, 0xC0, 0x03, 0xE0, 0x00, 0x70,
    0x00, 0x08, 0x00, 0x00, 0x7F, 0xFF, 0xFF, 0xFF, 0xFF, 0xFF, 0xF0, 0x00, 0x00, 0x00, 0x00, 0x00,
    0x00, 0x00, 0x00, 0x00, 0x00, 0x00, 0x00, 0x3F, 0xFF, 0xFF, 0xFF, 0xFF, 0xFF, 0xF8, 0x80, 0x00,
    0x70, 0x00, 0x3E, 0x00, 0x1F, 0xC0, 0x07, 0xF8, 0x00, 0xFF, 0x00, 0x1F, 0xE0, 0x03, 0xFC, 0x00,
    0x7F, 0x80, 0x0F, 0xC0, 0x01, 0xE0, 0x03, 0xF0, 0x07, 0xF8, 0x0F, 0xF0, 0x1F, 0xE0, 0x3F, 0xC0,
    0x7F, 0x80, 0x7F, 0x00, 0x3E, 0x00, 0x1C, 0x00, 0x08, 0x00, 0x00, 0x7F, 0xC0, 0xFF, 0xE1, 0xFF,
    0xE0, 0x0F, 0xE0, 0x07, 0xC0, 0x07, 0xC0, 0x07, 0x80, 0x0F, 0x00, 0x1E, 0x00, 0x7C, 0x01, 0xF0,
    0x0F, 0xE1, 0xFF, 0x83, 0xFE, 0x07, 0xF8, 0x0F, 0x80, 0x1F, 0x00, 0x3E, 0x00, 0x38, 0x00, 0x00,
    0x00, 0x00, 0x00, 0x00, 0x07, 0xC0, 0x1F, 0xC0, 0x3F, 0x80, 0x7F, 0x00, 0x7C, 0x00, 0x03, 0xFE,
    0x00, 0x3F, 0xFC, 0x07, 0xFF, 0xF0, 0x3F, 0x9F, 0xC3, 0xE0, 0x1F, 0x3E, 0x00, 0x79, 0xE0, 0x03,
    0xCF, 0x00, 0x0F, 0xF0, 0x00, 0x7F, 0x81, 0xFB, 0xFC, 0x1F, 0xFF, 0xE1, 0xFF, 0xFF, 0x0F, 0x0F,
    0xF8, 0x78, 0x3F, 0xC3, 0xC1, 0xFE, 0x1E, 0x0F, 0xF0, 0xF0, 0x7F, 0x87, 0x83, 0xFC, 0x3C, 0x1F,
    0xE1, 0xE0, 0xFF, 0x0F, 0x0F, 0x78, 0x7E, 0xFB, 0xC1, 0xFF, 0xDE, 0x0F, 0xFC, 0xF0, 0x1F, 0xC3,
    0x80, 0x00, 0x1E, 0x00, 0x00, 0xF0, 0x00, 0x07, 0xC0, 0x00, 0x1F, 0x00, 0x00, 0x7F, 0x00, 0x01,
    0xFF, 0xE0, 0x07, 0xFF, 0x00, 0x0F, 0xF8, 0x00, 0x00, 0xF8, 0x00, 0x1F, 0x80, 0x01, 0xFC, 0x00,
    0x1F, 0xC0, 0x01, 0xFC, 0x00, 0x3D, 0xE0, 0x03, 0xDE, 0x00, 0x3D, 0xE0, 0x07, 0x9E, 0x00, 0x78,
    0xF0, 0x07, 0x8F, 0x00, 0x78, 0xF0, 0x0F, 0x0F, 0x00, 0xF0, 0x78, 0x0F, 0x07, 0x80, 0xF0, 0x78,
    0x1E, 0x07, 0x81, 0xFF, 0xFC, 0x1F, 0xFF, 0xC1, 0xFF, 0xFC, 0x3C, 0x03, 0xE3, 0xC0, 0x1E, 0x3C,
    0x01, 0xE7, 0xC0, 0x1E, 0x78, 0x01, 0xF7, 0x80, 0x0F, 0x78, 0x00, 0xF0, 0xFF, 0xF8, 0x3F, 0xFF,
    0x8F, 0xFF, 0xE3, 0xC0, 0xFC, 0xF0, 0x0F, 0xBC, 0x03, 0xEF, 0x00, 0x7B, 0xC0, 0x1E, 0xF0, 0x0F,
    0xBC, 0x03, 0xCF, 0x03, 0xE3, 0xFF, 0xF0, 0xFF, 0xF8, 0x3F, 0xFF, 0x8F, 0x03, 0xF3, 0xC0, 0x3E,
    0xF0, 0x07, 0xBC, 0x01, 0xEF, 0x00, 0x7B, 0xC0, 0x1E, 0xF0, 0x07, 0xBC, 0x01, 0xEF, 0x00, 0xFB,
    0xC0, 0xFC, 0xFF, 0xFF, 0x3F, 0xFF, 0x8F, 0xFF, 0x80, 0x0F, 0xF8, 0x0F, 0xFE, 0x0F, 0xFF, 0x8F,
    0xE7, 0xE7, 0x80, 0xFF, 0xC0, 0x3F, 0xC0, 0x1F, 0xE0, 0x0F, 0xF0, 0x00, 0x78, 0x00, 0x3C, 0x00,
    0x1E, 0x00, 0x0F, 0x00, 0x07, 0x80, 0x03, 0xC0, 0x01, 0xE0, 0x00, 0xF0, 0x00, 0x78, 0x00, 0x3C,
    0x00, 0x1E, 0x00, 0xFF, 0x00, 0x7F, 0xC0, 0x3D, 0xE0, 0x3E, 0xFE, 0x7E, 0x3F, 0xFE, 0x0F, 0xFE,
    0x03, 0xFE, 0x00, 0xFF, 0xF0, 0x7F, 0xFE, 0x3F, 0xFF, 0x9E, 0x0F, 0xEF, 0x01, 0xF7, 0x80, 0x7B,
    0xC0, 0x3F, 0xE0, 0x0F, 0xF0, 0x07, 0xF8, 0x03, 0xFC, 0x01, 0xFE, 0x00, 0xFF, 0x00, 0x7F, 0x80,
    0x3F, 0xC0, 0x1F, 0xE0, 0x0F, 0xF0, 0x07, 0xF8, 0x03, 0xFC, 0x01, 0xFE, 0x00, 0xFF, 0x00, 0xFF,
    0x80, 0x7B, 0xC0, 0x7D, 0xE0, 0xFE, 0xFF, 0xFE, 0x7F, 0xFE, 0x3F, 0xFC, 0x00, 0xFF, 0xFF, 0xFF,
    0xFF, 0xFF, 0xFF, 0xFF, 0x00, 0x0F, 0x80, 0x07, 0xC0, 0x03, 0xE0, 0x01, 0xF0, 0x00, 0xF8, 0x00,
    0x7C, 0x00, 0x3E, 0x00, 0x1F, 0xFF, 0xEF, 0xFF, 0xF7, 0xFF, 0xFB, 0xE0, 0x01, 0xF0, 0x00, 0xF8,
    0x00, 0x7C, 0x00, 0x3E, 0x00, 0x1F, 0x00, 0x0F, 0x80, 0x07, 0xC0, 0x03, 0xE0, 0x01, 0xF0, 0x00,
    0xFF, 0xFF, 0xFF, 0xFF, 0xFF, 0xFF, 0xE0, 0xFF, 0xFF, 0xFF, 0xFF, 0xFF, 0xFF, 0xFE, 0x00, 0x0F,
    0x00, 0x07, 0x80, 0x03, 0xC0, 0x01, 0xE0, 0x00, 0xF0, 0x00, 0x78, 0x00, 0x3C, 0x00, 0x1E, 0x00,
    0x0F, 0xFF, 0xF7, 0xFF, 0xFB, 0xFF, 0xFD, 0xE0, 0x00, 0xF0, 0x00, 0x78, 0x00, 0x3C, 0x00, 0x1E,
    0x00, 0x0F, 0x00, 0x07, 0x80, 0x03, 0xC0, 0x01, 0xE0, 0x00, 0xF0, 0x00, 0x78, 0x00, 0x3C, 0x00,
    0x00, 0x0F, 0xF8, 0x0F, 0xFE, 0x0F, 0xFF, 0x8F, 0xC7, 0xE7, 0x80, 0xFF, 0xC0, 0x3F, 0xC0, 0x1F,
    0xE0, 0x0F, 0xF0, 0x00, 0x78, 0x00, 0x3C, 0x00, 0x1E, 0x00, 0x0F, 0x1F, 0xFF, 0x8F, 0xFF, 0xC7,
    0xFF, 0xE0, 0x0F, 0xF0, 0x07, 0xF8, 0x03, 0xFC, 0x01, 0xFE, 0x00, 0xFF, 0x00, 0x7F, 0xC0, 0x7D,
    0xE0, 0x3C, 0xFC, 0x7E, 0x3F, 0xFE, 0x0F, 0xFE, 0x03, 0xFE, 0x00, 0xF0, 0x0F, 0xF8, 0x07, 0xFC,
    0x03, 0xFE, 0x01, 0xFF, 0x00, 0xFF, 0x80, 0x7F, 0xC0, 0x3F, 0xE0, 0x1F, 0xF0, 0x0F, 0xF8, 0x07,
    0xFC, 0x03, 0xFF, 0xFF, 0xFF, 0xFF, 0xFF, 0xFF, 0xFF, 0xC0, 0x3F, 0xE0, 0x1F, 0xF0, 0x0F, 0xF8,
    0x07, 0xFC, 0x03, 0xFE, 0x01, 0xFF, 0x00, 0xFF, 0x80, 0x7F, 0xC0, 0x3F, 0xE0, 0x1F, 0xF0, 0x0F,
    0xF8, 0x07, 0xFC, 0x03, 0xE0, 0x7F, 0xFF, 0x7F, 0xFF, 0x7F, 0xFF, 0x03, 0xE0, 0x03, 0xE0, 0x03,
    0xE0, 0x03, 0xE0, 0x03, 0xE0, 0x03, 0xE0, 0x03, 0xE0, 0x03, 0xE0, 0x03, 0xE0, 0x03, 0xE0, 0x03,
    0xE0, 0x03, 0xE0, 0x03, 0xE0, 0x03, 0xE0, 0x03, 0xE0, 0x03, 0xE0, 0x03, 0xE0, 0x03, 0xE0, 0x03,
    0xE0, 0x03, 0xE0, 0x03, 0xE0, 0x7F, 0xFF, 0x7F, 0xFF, 0x7F, 0xFF, 0x00, 0x03, 0xC0, 0x00, 0xF0,
    0x00, 0x3C, 0x00, 0x0F, 0x00, 0x03, 0xC0, 0x00, 0xF0, 0x00, 0x3C, 0x00, 0x0F, 0x00, 0x03, 0xC0,
    0x00, 0xF0, 0x00, 0x3C, 0x00, 0x0F, 0x00, 0x03, 0xC0, 0x00, 0xF0, 0x00, 0x3C, 0x00, 0x0F, 0x00,
    0x03, 0xC0, 0x00, 0xF7, 0x00, 0x3F, 0xE0, 0x0F, 0xF8, 0x03, 0xDE, 0x01, 0xF7, 0xC0, 0x7C, 0xFC,
    0xFE, 0x3F, 0xFF, 0x07, 0xFF, 0x80, 0x7F, 0xC0, 0xF0, 0x07, 0xDE, 0x00, 0xF3, 0xC0, 0x3E, 0x78,
    0x07, 0x8F, 0x01, 0xF1, 0xE0, 0x3C, 0x3C, 0x0F, 0x87, 0x81, 0xE0, 0xF0, 0x7C, 0x1E, 0x1F, 0x03,
    0xC3, 0xE0, 0x7F, 0xF8, 0x0F, 0xFF, 0x01, 0xFF, 0xE0, 0x3C, 0x3C, 0x07, 0x87, 0xC0, 0xF0, 0x78,
    0x1E, 0x0F, 0x83, 0xC0, 0xF0, 0x78, 0x1F, 0x0F, 0x01, 0xE1, 0xE0, 0x3E, 0x3C, 0x03, 0xC7, 0x80,
    0x7C, 0xF0, 0x07, 0x9E, 0x00, 0xFB, 0xC0, 0x0F, 0x00, 0x78, 0x00, 0x3C, 0x00, 0x1E, 0x00, 0x0F,
    0x00, 0x07, 0x80, 0x03, 0xC0, 0x01, 0xE0, 0x00, 0xF0, 0x00, 0x78, 0x00, 0x3C, 0x00, 0x1E, 0x00,
    0x0F, 0x00, 0x07, 0x80, 0x03, 0xC0, 0x01, 0xE0, 0x00, 0xF0, 0x00, 0x78, 0x00, 0x3C, 0x00, 0x1E,
    0x00, 0x0F, 0x00, 0x07, 0x80, 0x03, 0xC0, 0x01, 0xE0, 0x00, 0xF0, 0x00, 0x7F, 0xFF, 0xBF, 0xFF,
    0xDF, 0xFF, 0xE0, 0xFC, 0x0F, 0xDF, 0xC1, 0xFB, 0xF8, 0x3F, 0x7F, 0x07, 0xEF, 0xF1, 0xDD, 0xFE,
    0x3B, 0xBD, 0xC7, 0x77, 0xB9, 0xEE, 0xF7, 0xBB, 0xDE, 0x77, 0x7B, 0xCF, 0xEF, 0x79, 0xF9, 0xEF,
    0x1F, 0x3D, 0xE3, 0xE7, 0xBC, 0x78, 0xF7, 0x80, 0x1E, 0xF0, 0x03, 0xDE, 0x00, 0x7B, 0xC0, 0x0F,
    0x78, 0x01, 0xEF, 0x00, 0x3D, 0xE0, 0x07, 0xBC, 0x00, 0xF7, 0x80, 0x1E, 0xF0, 0x03, 0xDE, 0x00,
    0x7B, 0xC0, 0x0F, 0x00, 0xFC, 0x07, 0xFE, 0x03, 0xFF, 0x01, 0xFF, 0xC0, 0xFF, 0xE0, 0x7F, 0xF0,
    0x3F, 0xFC, 0x1F, 0xFE, 0x0F, 0xF7, 0x07, 0xFB, 0xC3, 0xFD, 0xE1, 0xFE, 0x78, 0xFF, 0x3C, 0x7F,
    0x8E, 0x3F, 0xC7, 0x9F, 0xE3, 0xCF, 0xF0, 0xE7, 0xF8, 0x7B, 0xFC, 0x3D, 0xFE, 0x0F, 0xFF, 0x07,
    0xFF, 0x83, 0xFF, 0xC0, 0xFF, 0xE0, 0x7F, 0xF0, 0x1F, 0xF8, 0x0F, 0xFC, 0x07, 0xE0, 0x0F, 0xF8,
    0x0F, 0xFE, 0x0F, 0xFF, 0x8F, 0xC7, 0xE7, 0x80, 0xF7, 0xC0, 0x7F, 0xC0, 0x1F, 0xE0, 0x0F, 0xF0,
    0x07, 0xF8, 0x03, 0xFC, 0x01, 0xFE, 0x00, 0xFF, 0x00, 0x7F, 0x80, 0x3F, 0xC0, 0x1F, 0xE0, 0x0F,
    0xF0, 0x07, 0xF8, 0x03, 0xFC, 0x01, 0xFE, 0x00, 0xFF, 0x00, 0x7F, 0xC0, 0x7D, 0xE0, 0x3C, 0xFC,
    0x7E, 0x3F, 0xFE, 0x0F, 0xFE, 0x03, 0xFE, 0x00, 0xFF, 0xFC, 0x3F, 0xFF, 0x8F, 0xFF, 0xF3, 0xC0,
    0xFE, 0xF0, 0x07, 0xFC, 0x01, 0xFF, 0x00, 0x3F, 0xC0, 0x0F, 0xF0, 0x03, 0xFC, 0x00, 0xFF, 0x00,
    0x7F, 0xC0, 0x1F, 0xF0, 0x1F, 0xBF, 0xFF, 0xCF, 0xFF, 0xE3, 0xFF, 0xF0, 0xF0, 0x00, 0x3C, 0x00,
    0x0F, 0x00, 0x03, 0xC0, 0x00, 0xF0, 0x00, 0x3C, 0x00, 0x0F, 0x00, 0x03, 0xC0, 0x00, 0xF0, 0x00,
    0x3C, 0x00, 0x0F, 0x00, 0x00, 0x0F, 0xF8, 0x0F, 0xFE, 0x1F, 0xFF, 0x8F, 0xCF, 0xEF, 0x80, 0xFF,
    0x80, 0x7F, 0xC0, 0x1F, 0xE0, 0x0F, 0xF0, 0x07, 0xF8, 0x03, 0xFC, 0x01, 0xFE, 0x00, 0xFF, 0x00,
    0x7F, 0x80, 0x3F, 0xC0, 0x1F, 0xE0, 0x0F, 0xF0, 0x07, 0xF8, 0x03, 0xFC, 0x01, 0xFE, 0x00, 0xFF,
    0x00, 0x7F, 0x80, 0x7F, 0xE0, 0x3E, 0xFC, 0xFE, 0x7F, 0xFE, 0x0F, 0xFE, 0x03, 0xFE, 0x00, 0x0F,
    0x80, 0x03, 0xC0, 0x01, 0xF0, 0x00, 0x78, 0x00, 0x3E, 0x00, 0x0F, 0x80, 0x07, 0xC0, 0xFF, 0xF8,
    0x3F, 0xFF, 0x8F, 0xFF, 0xF3, 0xC0, 0xFE, 0xF0, 0x0F, 0xBC, 0x01, 0xEF, 0x00, 0x7F, 0xC0, 0x1F,
    0xF0, 0x07, 0xFC, 0x01, 0xEF, 0x00, 0xFB, 0xC0, 0xFE, 0xFF, 0xFF, 0x3F, 0xFF, 0x8F, 0xFF, 0x83,
    0xC3, 0xE0, 0xF0, 0x78, 0x3C, 0x1F, 0x0F, 0x03, 0xC3, 0xC0, 0xF8, 0xF0, 0x1E, 0x3C, 0x07, 0xCF,
    0x00, 0xF3, 0xC0, 0x3C, 0xF0, 0x0F, 0xBC, 0x01, 0xEF, 0x00, 0x7C, 0x07, 0xF8, 0x01, 0xFF, 0xC0,
    0x7F, 0xFC, 0x1F, 0x9F, 0xC3, 0xC0, 0xF8, 0xF0, 0x0F, 0x9E, 0x01, 0xF3, 0xC0, 0x00, 0x78, 0x00,
    0x07, 0x80, 0x00, 0xFC, 0x00, 0x0F, 0xF0, 0x00, 0xFF, 0xC0, 0x0F, 0xFE, 0x00, 0x3F, 0xE0, 0x00,
    0x7C, 0x00, 0x07, 0xC0, 0x00, 0x78, 0x00, 0x0F, 0x78, 0x01, 0xEF, 0x80, 0x3C, 0xF0, 0x07, 0x9F,
    0x01, 0xF3, 0xF8, 0xFC, 0x3F, 0xFF, 0x83, 0xFF, 0xE0, 0x1F, 0xF0, 0x00, 0xFF, 0xFF, 0xFF, 0xFF,
    0xFF, 0xFF, 0xFF, 0x80, 0xF0, 0x00, 0x1E, 0x00, 0x03, 0xC0, 0x00, 0x78, 0x00, 0x0F, 0x00, 0x01,
    0xE0, 0x00, 0x3C, 0x00, 0x07, 0x80, 0x00, 0xF0, 0x00, 0x1E, 0x00, 0x03, 0xC0, 0x00, 0x78, 0x00,
    0x0F, 0x00, 0x01, 0xE0, 0x00, 0x3C, 0x00, 0x07, 0x80, 0x00, 0xF0, 0x00, 0x1E, 0x00, 0x03, 0xC0,
    0x00, 0x78, 0x00, 0x0F, 0x00, 0x01, 0xE0, 0x00, 0x3C, 0x00, 0x07, 0x80, 0x00, 0xF0, 0x07, 0xF8,
    0x03, 0xFC, 0x01, 0xFE, 0x00, 0xFF, 0x00, 0x7F, 0x80, 0x3F, 0xC0, 0x1F, 0xE0, 0x0F, 0xF0, 0x07,
    0xF8, 0x03, 0xFC, 0x01, 0xFE, 0x00, 0xFF, 0x00, 0x7F, 0x80, 0x3F, 0xC0, 0x1F, 0xE0, 0x0F, 0xF0,
    0x07, 0xF8, 0x03, 0xFC, 0x01, 0xFE, 0x00, 0xFF, 0x00, 0xFF, 0xC0, 0x7D, 0xE0, 0x3C, 0xFC, 0x7E,
    0x3F, 0xFE, 0x0F, 0xFE, 0x03, 0xFE, 0x00, 0x78, 0x00, 0xF7, 0x80, 0x0F, 0x78, 0x01, 0xF7, 0xC0,
    0x1E, 0x3C, 0x01, 0xE3, 0xC0, 0x1E, 0x3C, 0x03, 0xE1, 0xE0, 0x3C, 0x1E, 0x03, 0xC1, 0xE0, 0x3C,
    0x1E, 0x07, 0x80, 0xF0, 0x78, 0x0F, 0x07, 0x80, 0xF0, 0x78, 0x0F, 0x8F, 0x00, 0x78, 0xF0, 0x07,
    0x8F, 0x00, 0x78, 0xF0, 0x07, 0xDE, 0x00, 0x3D, 0xE0, 0x03, 0xDE, 0x00, 0x3D, 0xE0, 0x03, 0xFC,
    0x00, 0x1F, 0xC0, 0x01, 0xFC, 0x00, 0x1F, 0x80, 0x00, 0xF8, 0x00, 0xF0, 0x7C, 0x1C, 0xE0, 0xF8,
    0x79, 0xE1, 0xF0, 0xF3, 0xC3, 0xE1, 0xE7, 0x87, 0xC3, 0xCF, 0x0F, 0x87, 0x9E, 0x3F, 0x8F, 0x3C,
    0x77, 0x1C, 0x78, 0xEE, 0x38, 0x71, 0xDC, 0x70, 0xE3, 0xB8, 0xE1, 0xE7, 0x73, 0xC3, 0xCE, 0xE7,
    0x87, 0xBD, 0xCF, 0x0F, 0x73, 0x9E, 0x1E, 0xE3, 0xB8, 0x3D, 0xC7, 0x70, 0x3B, 0x8E, 0xE0, 0x77,
    0x1D, 0xC0, 0xEE, 0x3B, 0x81, 0xFC, 0x7F, 0x03, 0xF0, 0xFE, 0x07, 0xE1, 0xFC, 0x0F, 0xC1, 0xF0,
    0x1F, 0x83, 0xE0, 0x1F, 0x07, 0xC0, 0x3E, 0x0F, 0x80, 0x7C, 0x01, 0xF3, 0xE0, 0x0F, 0x0F, 0x80,
    0xF8, 0x3C, 0x07, 0x81, 0xF0, 0x7C, 0x07, 0x83, 0xC0, 0x3E, 0x3E, 0x00, 0xF1, 0xE0, 0x07, 0xDE,
    0x00, 0x1E, 0xF0, 0x00, 0xFF, 0x00, 0x03, 0xF8, 0x00, 0x0F, 0x80, 0x00, 0x7C, 0x00, 0x07, 0xE0,
    0x00, 0x3F, 0x80, 0x03, 0xFE, 0x00, 0x1E, 0xF0, 0x01, 0xE7, 0xC0, 0x1F, 0x1E, 0x00, 0xF0, 0xF8,
    0x0F, 0x83, 0xE0, 0x78, 0x1F, 0x07, 0xC0, 0x7C, 0x3C, 0x01, 0xE3, 0xE0, 0x0F, 0xBE, 0x00, 0x3C,
    0xF8, 0x00, 0xFB, 0xC0, 0x07, 0x9F, 0x00, 0x7C, 0x78, 0x03, 0xC3, 0xE0, 0x3E, 0x0F, 0x01, 0xE0,
    0x7C, 0x1F, 0x01, 0xE0, 0xF0, 0x0F, 0x0F, 0x80, 0x3C, 0x78, 0x01, 0xE7, 0xC0, 0x07, 0xBC, 0x00,
    0x3F, 0xE0, 0x00, 0xFE, 0x00, 0x07, 0xF0, 0x00, 0x1F, 0x00, 0x00, 0xF8, 0x00, 0x07, 0x80, 0x00,
    0x3C, 0x00, 0x01, 0xE0, 0x00, 0x0F, 0x00, 0x00, 0x78, 0x00, 0x03, 0xC0, 0x00, 0x1E, 0x00, 0x00,
    0xF0, 0x00, 0x07, 0x80, 0x00, 0x3C, 0x00, 0xFF, 0xFF, 0xFF, 0xFF, 0xFF, 0xFF, 0xE0, 0x01, 0xE0,
    0x01, 0xF0, 0x00, 0xF0, 0x00, 0xF8, 0x00, 0x78, 0x00, 0x78, 0x00, 0x7C, 0x00, 0x3C, 0x00, 0x3E,
    0x00, 0x1E, 0x00, 0x1E, 0x00, 0x1F, 0x00, 0x0F, 0x00, 0x0F, 0x80, 0x07, 0x80, 0x07, 0x80, 0x07,
    0xC0, 0x03, 0xC0, 0x03, 0xE0, 0x01, 0xE0, 0x01, 0xE0, 0x00, 0xFF, 0xFF, 0xFF, 0xFF, 0xFF, 0xFF,
    0xE0, 0x00, 0x1F, 0xFB, 0xFF, 0x7F, 0xEF, 0x81, 0xF0, 0x3E, 0x07, 0xC0, 0xF8, 0x1F, 0x03, 0xE0,
    0x7C, 0x0F, 0x81, 0xF0, 0x3E, 0x07, 0xC0, 0xF8, 0x1F, 0x03, 0xE0, 0x7C, 0x0F, 0x81, 0xF0, 0x3E,
    0x07, 0xC0, 0xF8, 0x1F, 0x03, 0xE0, 0x7C, 0x0F, 0x81, 0xF0, 0x3E, 0x07, 0xC0, 0xF8, 0x1F, 0xFB,
    0xFF, 0x7F, 0xE0, 0x78, 0x00, 0x1E, 0x00, 0x07, 0xC0, 0x00, 0xF0, 0x00, 0x3C, 0x00, 0x0F, 0x80,
    0x01, 0xE0, 0x00, 0x78, 0x00, 0x0F, 0x00, 0x03, 0xC0, 0x00, 0xF8, 0x00, 0x1E, 0x00, 0x07, 0x80,
    0x01, 0xF0, 0x00, 0x3C, 0x00, 0x0F, 0x80, 0x01, 0xE0, 0x00, 0x78, 0x00, 0x1F, 0x00, 0x03, 0xC0,
    0x00, 0xF0, 0x00, 0x3E, 0x00, 0x07, 0x80, 0x01, 0xF0, 0x00, 0x3C, 0x00, 0x0F, 0x00, 0x03, 0xE0,
    0x00, 0x78, 0x00, 0x1E, 0x00, 0x07, 0xC0, 0x00, 0xF0, 0x00, 0x3E, 0x00, 0x07, 0x80, 0x01, 0xE0,
    0x00, 0x7C, 0x00, 0x0F, 0x00, 0x1F, 0xFB, 0xFF, 0x7F, 0xE0, 0x3C, 0x07, 0x80, 0xF0, 0x1E, 0x03,
    0xC0, 0x78, 0x0F, 0x01, 0xE0, 0x3C, 0x07, 0x80, 0xF0, 0x1E, 0x03, 0xC0, 0x78, 0x0F, 0x01, 0xE0,
    0x3C, 0x07, 0x80, 0xF0, 0x1E, 0x03, 0xC0, 0x78, 0x0F, 0x01, 0xE0, 0x3C, 0x07, 0x80, 0xF0, 0x1E,
    0x03, 0xDF, 0xFB, 0xFF, 0x7F, 0xE0, 0x03, 0xC0, 0x01, 0xF0, 0x00, 0xF8, 0x00, 0xFE, 0x00, 0x77,
    0x00, 0x7B, 0xC0, 0x39, 0xE0, 0x3C, 0x78, 0x1C, 0x3C, 0x1E, 0x0F, 0x0F, 0x07, 0x8F, 0x01, 0xE7,
    0x80, 0xF7, 0x80, 0x3B, 0xC0, 0x1E, 0x00, 0x00, 0x1F, 0xFF, 0xFF, 0xFF, 0xFF, 0xFF, 0xFF, 0xF0,
    0xF8, 0x3E, 0x0F, 0x83, 0xC0, 0xF0, 0x07, 0xFC, 0x07, 0xFF, 0x83, 0xFF, 0xF0, 0xFC, 0x7E, 0x7C,
    0x07, 0x9E, 0x01, 0xF0, 0x00, 0x3C, 0x00, 0x0F, 0x0F, 0xFF, 0xCF, 0xFF, 0xF7, 0xFF, 0xFD, 0xF8,
    0x0F, 0xF8, 0x03, 0xFE, 0x00, 0xFF, 0x00, 0x7F, 0xE0, 0x1F, 0xF8, 0x0F, 0xDF, 0xCF, 0xF7, 0xFF,
    0xFC, 0xFF, 0xEF, 0x0F, 0xF3, 0xC0, 0xF0, 0x00, 0x78, 0x00, 0x3C, 0x00, 0x1E, 0x00, 0x0F, 0x00,
    0x07, 0x80, 0x03, 0xCF, 0xE1, 0xEF, 0xFC, 0xFF, 0xFE, 0x7F, 0x1F, 0xBE, 0x03, 0xDF, 0x01, 0xFF,
    0x00, 0x7F, 0x80, 0x3F, 0xC0, 0x1F, 0xE0, 0x0F, 0xF0, 0x07, 0xF8, 0x03, 0xFC, 0x01, 0xFE, 0x00,
    0xFF, 0x00, 0x7F, 0xC0, 0x7F, 0xE0, 0x3D, 0xFC, 0x7E, 0xFF, 0xFE, 0x7B, 0xFF, 0x3C, 0xFE, 0x00,
    0x0F, 0xF8, 0x0F, 0xFF, 0x0F, 0xFF, 0xCF, 0xE7, 0xE7, 0x80, 0xFF, 0xC0, 0x3F, 0xC0, 0x1F, 0xE0,
    0x00, 0xF0, 0x00, 0x78, 0x00, 0x3C, 0x00, 0x1E, 0x00, 0x0F, 0x00, 0x07, 0x80, 0x03, 0xC0, 0x1F,
    0xF0, 0x0F, 0x78, 0x0F, 0xBF, 0x9F, 0x8F, 0xFF, 0xC3, 0xFF, 0xC0, 0xFF, 0x80, 0x00, 0x07, 0x80,
    0x03, 0xC0, 0x01, 0xE0, 0x00, 0xF0, 0x00, 0x78, 0x00, 0x3C, 0x3F, 0x9E, 0x7F, 0xEF, 0x7F, 0xFF,
    0xBF, 0x3F, 0xFE, 0x07, 0xFE, 0x01, 0xFF, 0x00, 0xFF, 0x80, 0x7F, 0xC0, 0x1F, 0xE0, 0x0F, 0xF0,
    0x07, 0xF8, 0x03, 0xFC, 0x01, 0xFE, 0x01, 0xFF, 0x00, 0xFF, 0x80, 0x7F, 0xE0, 0x7E, 0xFC, 0xFF,
    0x7F, 0xFF, 0x9F, 0xFB, 0xC3, 0xF9, 0xE0, 0x0F, 0xF8, 0x0F, 0xFE, 0x0F, 0xFF, 0x8F, 0xC7, 0xEF,
    0x80, 0xF7, 0x80, 0x3F, 0xC0, 0x1F, 0xE0, 0x0F, 0xFF, 0xFF, 0xFF, 0xFF, 0xFF, 0xFF, 0xFE, 0x00,
    0x0F, 0x00, 0x07, 0x80, 0x03, 0xC0, 0x01, 0xE0, 0x0F, 0xF8, 0x0F, 0xBF, 0x3F, 0x8F, 0xFF, 0x83,
    0xFF, 0x80, 0xFF, 0x80, 0x00, 0xFF, 0xE0, 0x3F, 0xFC, 0x0F, 0xFF, 0x81, 0xF0, 0x00, 0x3C, 0x00,
    0x07, 0x80, 0x00, 0xF0, 0x00, 0x1E, 0x00, 0x03, 0xC0, 0x1F, 0xFF, 0xFF, 0xFF, 0xFF, 0xFF, 0xFF,
    0xF0, 0x3C, 0x00, 0x07, 0x80, 0x00, 0xF0, 0x00, 0x1E, 0x00, 0x03, 0xC0, 0x00, 0x78, 0x00, 0x0F,
    0x00, 0x01, 0xE0, 0x00, 0x3C, 0x00, 0x07, 0x80, 0x00, 0xF0, 0x00, 0x1E, 0x00, 0x03, 0xC0, 0x00,
    0x78, 0x00, 0x0F, 0x00, 0x00, 0x0F, 0xE7, 0x9F, 0xFB, 0xDF, 0xFF, 0xEF, 0xCF, 0xFF, 0x81, 0xFF,
    0xC0, 0x7F, 0xC0, 0x3F, 0xE0, 0x1F, 0xF0, 0x07, 0xF8, 0x03, 0xFC, 0x01, 0xFE, 0x00, 0xFF, 0x00,
    0xFF, 0x80, 0x7F, 0xE0, 0x3F, 0xF0, 0x3F, 0x7E, 0x7F, 0xBF, 0xFF, 0xCF, 0xFF, 0xE1, 0xFD, 0xF0,
    0x00, 0xF8, 0x00, 0x7C, 0x00, 0x3E, 0x00, 0x1E, 0x00, 0x3F, 0x0F, 0xFF, 0x07, 0xFF, 0x03, 0xFF,
    0x00, 0xF0, 0x00, 0x78, 0x00, 0x3C, 0x00, 0x1E, 0x00, 0x0F, 0x00, 0x07, 0x80, 0x03, 0xCF, 0xE1,
    0xEF, 0xFC, 0xFF, 0xFE, 0x7F, 0x1F, 0xBE, 0x07, 0xDF, 0x01, 0xFF, 0x00, 0xFF, 0x80, 0x3F, 0xC0,
    0x1F, 0xE0, 0x0F, 0xF0, 0x07, 0xF8, 0x03, 0xFC, 0x01, 0xFE, 0x00, 0xFF, 0x00, 0x7F, 0x80, 0x3F,
    0xC0, 0x1F, 0xE0, 0x0F, 0xF0, 0x07, 0xF8, 0x03, 0xFC, 0x01, 0xE0, 0x01, 0xE0, 0x00, 0x7E, 0x00,
    0x0F, 0xC0, 0x01, 0xF8, 0x00, 0x1E, 0x00, 0x00, 0x00, 0x00, 0x00, 0x00, 0x00, 0x00, 0x7F, 0xE0,
    0x0F, 0xFC, 0x01, 0xFF, 0x80, 0x00, 0xF0, 0x00, 0x1E, 0x00, 0x03, 0xC0, 0x00, 0x78, 0x00, 0x0F,
    0x00, 0x01, 0xE0, 0x00, 0x3C, 0x00, 0x07, 0x80, 0x00, 0xF0, 0x00, 0x1E, 0x00, 0x03, 0xC0, 0x00,
    0x78, 0x00, 0x0F, 0x00, 0x01, 0xE0, 0x00, 0x3C, 0x03, 0xFF, 0xFF, 0x7F, 0xFF, 0xEF, 0xFF, 0xFC,
    0x00, 0x7C, 0x00, 0xF8, 0x03, 0xF0, 0x03, 0xE0, 0x07, 0xC0, 0x00, 0x00, 0x00, 0x00, 0x00, 0xFF,
    0xFD, 0xFF, 0xFB, 0xFF, 0xF0, 0x01, 0xE0, 0x03, 0xC0, 0x07, 0x80, 0x0F, 0x00, 0x1E, 0x00, 0x3C,
    0x00, 0x78, 0x00, 0xF0, 0x01, 0xE0, 0x03, 0xC0, 0x07, 0x80, 0x0F, 0x00, 0x1E, 0x00, 0x3C, 0x00,
    0x78, 0x00, 0xF0, 0x01, 0xE0, 0x03, 0xC0, 0x07, 0x80, 0x1F, 0x00, 0x7C, 0x03, 0xF9, 0xFF, 0xE3,
    0xFF, 0x87, 0xFC, 0x00, 0xF0, 0x00, 0x1E, 0x00, 0x03, 0xC0, 0x00, 0x78, 0x00, 0x0F, 0x00, 0x01,
    0xE0, 0x00, 0x3C, 0x01, 0xF7, 0x80, 0x3C, 0xF0, 0x0F, 0x9E, 0x03, 0xE3, 0xC0, 0x78, 0x78, 0x1F,
    0x0F, 0x07, 0xC1, 0xE0, 0xF0, 0x3C, 0x3E, 0x07, 0xFF, 0x80, 0xFF, 0xF0, 0x1F, 0xFE, 0x03, 0xC3,
    0xE0, 0x78, 0x3E, 0x0F, 0x07, 0xC1, 0xE0, 0x7C, 0x3C, 0x07, 0xC7, 0x80, 0xF8, 0xF0, 0x0F, 0x9E,
    0x00, 0xFB, 0xC0, 0x1F, 0x00, 0xFF, 0xE0, 0x0F, 0xFE, 0x00, 0xFF, 0xE0, 0x00, 0x1E, 0x00, 0x01,
    0xE0, 0x00, 0x1E, 0x00, 0x01, 0xE0, 0x00, 0x1E, 0x00, 0x01, 0xE0, 0x00, 0x1E, 0x00, 0x01, 0xE0,
    0x00, 0x1E, 0x00, 0x01, 0xE0, 0x00, 0x1E, 0x00, 0x01, 0xE0, 0x00, 0x1E, 0x00, 0x01, 0xE0, 0x00,
    0x1E, 0x00, 0x01, 0xE0, 0x00, 0x1E, 0x00, 0x01, 0xE0, 0x00, 0x1E, 0x00, 0x01, 0xE0, 0x00, 0x1F,
    0x80, 0x00, 0xFF, 0xF0, 0x07, 0xFF, 0x00, 0x3F, 0xF0, 0xFF, 0x8F, 0x9F, 0xFB, 0xFB, 0xFF, 0xFF,
    0x7D, 0xF9, 0xFF, 0x1E, 0x1F, 0xE1, 0xC3, 0xFC, 0x38, 0x7F, 0x87, 0x0F, 0xF0, 0xE1, 0xFE, 0x1C,
    0x3F, 0xC3, 0x87, 0xF8, 0x70, 0xFF, 0x0E, 0x1F, 0xE1, 0xC3, 0xFC, 0x38, 0x7F, 0x87, 0x0F, 0xF0,
    0xE1, 0xFE, 0x1C, 0x3F, 0xC3, 0x87, 0xF8, 0x70, 0xFF, 0x0E, 0x1E, 0xF3, 0xF8, 0x7B, 0xFF, 0x3F,
    0xFF, 0x9F, 0xC7, 0xEF, 0x81, 0xF7, 0xC0, 0x7F, 0xC0, 0x3F, 0xE0, 0x0F, 0xF0, 0x07, 0xF8, 0x03,
    0xFC, 0x01, 0xFE, 0x00, 0xFF, 0x00, 0x7F, 0x80, 0x3F, 0xC0, 0x1F, 0xE0, 0x0F, 0xF0, 0x07, 0xF8,
    0x03, 0xFC, 0x01, 0xFE, 0x00, 0xFF, 0x00, 0x78, 0x0F, 0xF8, 0x0F, 0xFE, 0x0F, 0xFF, 0x8F, 0xC7,
    0xEF, 0x80, 0xF7, 0x80, 0x7F, 0xC0, 0x1F, 0xE0, 0x0F, 0xF0, 0x07, 0xF8, 0x03, 0xFC, 0x01, 0xFE,
    0x00, 0xFF, 0x00, 0x7F, 0x80, 0x3F, 0xC0, 0x1F, 0xE0, 0x1F, 0xF8, 0x0F, 0x3F, 0x1F, 0x8F, 0xFF,
    0x83, 0xFF, 0x80, 0xFF, 0x80, 0xF3, 0xF8, 0x7B, 0xFF, 0x3F, 0xFF, 0x9F, 0xC7, 0xEF, 0x80, 0xF7,
    0xC0, 0x7F, 0xC0, 0x1F, 0xE0, 0x0F, 0xF0, 0x07, 0xF8, 0x03, 0xFC, 0x01, 0xFE, 0x00, 0xFF, 0x00,
    0x7F, 0x80, 0x3F, 0xC0, 0x1F, 0xF0, 0x1F, 0xF8, 0x0F, 0x7F, 0x1F, 0xBF, 0xFF, 0x9E, 0xFF, 0xCF,
    0x3F, 0x87, 0x80, 0x03, 0xC0, 0x01, 0xE0, 0x00, 0xF0, 0x00, 0x78, 0x00, 0x3C, 0x00, 0x1E, 0x00,
    0x00, 0x0F, 0xE7, 0x9F, 0xFB, 0xDF, 0xFF, 0xEF, 0xCF, 0xFF, 0x81, 0xFF, 0x80, 0x7F, 0xC0, 0x3F,
    0xE0, 0x1F, 0xF0, 0x07, 0xF8, 0x03, 0xFC, 0x01, 0xFE, 0x00, 0xFF, 0x00, 0x7F, 0x80, 0x7F, 0xC0,
    0x3F, 0xE0, 0x1F, 0xF8, 0x1F, 0xBF, 0x3F, 0xDF, 0xFF, 0xE7, 0xFE, 0xF0, 0xFE, 0x78, 0x00, 0x3C,
    0x00, 0x1E, 0x00, 0x0F, 0x00, 0x07, 0x80, 0x03, 0xC0, 0x01, 0xE0, 0x00, 0xF0, 0xF3, 0xF8, 0x7B,
    0xFE, 0x3F, 0xFF, 0x9F, 0xCF, 0xEF, 0x81, 0xF7, 0x80, 0x7B, 0xC0, 0x3D, 0xE0, 0x1F, 0xF0, 0x0F,
    0xF8, 0x03, 0xBC, 0x00, 0x1E, 0x00, 0x0F, 0x00, 0x07, 0x80, 0x03, 0xC0, 0x01, 0xE0, 0x00, 0xF0,
    0x00, 0x78, 0x00, 0x3C, 0x00, 0x1E, 0x00, 0x0F, 0x00, 0x00, 0x1F, 0xF8, 0x1F, 0xFF, 0x1F, 0xFF,
    0xCF, 0xC7, 0xEF, 0x80, 0xF7, 0x80, 0x3B, 0xC0, 0x01, 0xF0, 0x00, 0x7F, 0xC0, 0x3F, 0xFE, 0x0F,
    0xFF, 0x80, 0xFF, 0xE0, 0x01, 0xF8, 0x00, 0x3C, 0x00, 0x1F, 0xE0, 0x0F, 0xF0, 0x0F, 0xFF, 0x1F,
    0x9F, 0xFF, 0xC7, 0xFF, 0xC1, 0xFF, 0xC0, 0x01, 0xC0, 0x00, 0x7C, 0x00, 0x0F, 0x80, 0x01, 0xF0,
    0x00, 0x3E, 0x00, 0x07, 0xC0, 0x3F, 0xFF, 0xFF, 0xFF, 0xFF, 0xFF, 0xFF, 0xE0, 0x7C, 0x00, 0x0F,
    0x80, 0x01, 0xF0, 0x00, 0x3E, 0x00, 0x07, 0xC0, 0x00, 0xF8, 0x00, 0x1F, 0x00, 0x03, 0xE0, 0x00,
    0x7C, 0x00, 0x0F, 0x80, 0x01, 0xF0, 0x00, 0x3E, 0x00, 0x07, 0xC0, 0x00, 0x78, 0x00, 0x0F, 0x80,
    0x01, 0xFF, 0xE0, 0x1F, 0xFC, 0x01, 0xFF, 0x80, 0xF0, 0x07, 0xF8, 0x03, 0xFC, 0x01, 0xFE, 0x00,
    0xFF, 0x00, 0x7F, 0x80, 0x3F, 0xC0, 0x1F, 0xE0, 0x0F, 0xF0, 0x07, 0xF8, 0x03, 0xFC, 0x01, 0xFE,
    0x00, 0xFF, 0x00, 0x7F, 0x80, 0x3F, 0xC0, 0x3F, 0xF0, 0x1E, 0x78, 0x1F, 0x3F, 0x3F, 0x8F, 0xFF,
    0x83, 0xFF, 0x80, 0xFF, 0x00, 0xF0, 0x01, 0xFF, 0x00, 0x7D, 0xE0, 0x0F, 0x3C, 0x01, 0xE7, 0xC0,
    0x7C, 0x78, 0x0F, 0x0F, 0x01, 0xE1, 0xF0, 0x7C, 0x1E, 0x0F, 0x03, 0xC1, 0xE0, 0x7C, 0x7C, 0x07,
    0x8F, 0x00, 0xF1, 0xE0, 0x1E, 0x7C, 0x01, 0xEF, 0x00, 0x3D, 0xE0, 0x07, 0xBC, 0x00, 0x7F, 0x00,
    0x0F, 0xE0, 0x01, 0xFC, 0x00, 0x1F, 0x00, 0xF0, 0xF8, 0x7F, 0x87, 0xC3, 0xFC, 0x3E, 0x1F, 0xE1,
    0xF0, 0xE7, 0x0F, 0x87, 0x38, 0xFC, 0x39, 0xC7, 0x73, 0xCF, 0x3B, 0x9E, 0x79, 0xDC, 0xF3, 0xCE,
    0xE7, 0x0E, 0xF7, 0x38, 0x77, 0x3D, 0xC3, 0xB9, 0xEE, 0x1D, 0xC7, 0xF0, 0xFE, 0x3F, 0x87, 0xF1,
    0xF8, 0x3F, 0x8F, 0xC0, 0xF8, 0x7E, 0x07, 0xC3, 0xF0, 0x3E, 0x0F, 0x81, 0xF0, 0x7C, 0x00, 0x7C,
    0x01, 0xF3, 0xE0, 0x3E, 0x1E, 0x07, 0xC1, 0xF0, 0x7C, 0x0F, 0x8F, 0x80, 0x78, 0xF0, 0x07, 0xDF,
    0x00, 0x3F, 0xE0, 0x01, 0xFC, 0x00, 0x1F, 0x80, 0x00, 0xF8, 0x00, 0x1F, 0xC0, 0x03, 0xFE, 0x00,
    0x3D, 0xE0, 0x07, 0xDF, 0x00, 0xF8, 0xF8, 0x0F, 0x07, 0x81, 0xF0, 0x7C, 0x3E, 0x03, 0xE3, 0xC0,
    0x3E, 0x7C, 0x01, 0xF0, 0xF0, 0x01, 0xFF, 0x00, 0x7D, 0xE0, 0x0F, 0x3C, 0x01, 0xE7, 0xC0, 0x78,
    0x78, 0x0F, 0x0F, 0x83, 0xE0, 0xF0, 0x78, 0x1E, 0x0F, 0x03, 0xE3, 0xE0, 0x3C, 0x78, 0x07, 0x8F,
    0x00, 0x7B, 0xC0, 0x0F, 0x78, 0x01, 0xFF, 0x00, 0x1F, 0xC0, 0x03, 0xF8, 0x00, 0x3F, 0x00, 0x07,
    0xC0, 0x00, 0xF8, 0x00, 0x1F, 0x00, 0x03, 0xC0, 0x00, 0xF8, 0x00, 0x1E, 0x00, 0x03, 0xC0, 0x00,
    0xF8, 0x00, 0x1E, 0x00, 0x03, 0xC0, 0x00, 0xFF, 0xFF, 0x7F, 0xFF, 0xBF, 0xFF, 0xC0, 0x03, 0xE0,
    0x03, 0xE0, 0x01, 0xF0, 0x01, 0xF0, 0x01, 0xF0, 0x01, 0xF0, 0x01, 0xF0, 0x00, 0xF8, 0x00, 0xF8,
    0x00, 0xF8, 0x00, 0xF8, 0x00, 0xF8, 0x00, 0x7C, 0x00, 0x7C, 0x00, 0x7C, 0x00, 0x3F, 0xFF, 0xFF,
    0xFF, 0xFF, 0xFF, 0xF8, 0x00, 0x00, 0x00, 0x07, 0xF0, 0x03, 0xFC, 0x01, 0xFF, 0x00, 0xFE, 0x00,
    0x3E, 0x00, 0x0F, 0x00, 0x03, 0xC0, 0x00, 0xF0, 0x00, 0x3C, 0x00, 0x0F, 0x80, 0x03, 0xE0, 0x00,
    0x78, 0x00, 0x1E, 0x00, 0x07, 0x80, 0x03, 0xE0, 0x01, 0xF0, 0x3F, 0xF8, 0x0F, 0xFC, 0x03, 0xFF,
    0x80, 0x01, 0xF0, 0x00, 0x3E, 0x00, 0x07, 0x80, 0x01, 0xE0, 0x00, 0x78, 0x00, 0x3E, 0x00, 0x0F,
    0x80, 0x03, 0xC0, 0x00, 0xF0, 0x00, 0x3C, 0x00, 0x0F, 0x00, 0x03, 0xE0, 0x00, 0xFE, 0x00, 0x1F,
    0xF0, 0x03, 0xFC, 0x00, 0x7F, 0xF7, 0xBD, 0xEF, 0x7B, 0xDE, 0xF7, 0xBD, 0xEF, 0x7B, 0xDE, 0xF7,
    0xBD, 0xEF, 0x7B, 0xDE, 0xF7, 0xBD, 0xEF, 0x7B, 0xDE, 0xF7, 0xBD, 0xE0, 0x00, 0x00, 0x7F, 0x00,
    0x3F, 0xC0, 0x1F, 0xF0, 0x01, 0xF8, 0x00, 0x3E, 0x00, 0x0F, 0x00, 0x07, 0x80, 0x07, 0xC0, 0x03,
    0xC0, 0x01, 0xE0, 0x00, 0xF0, 0x00, 0x78, 0x00, 0x3C, 0x00, 0x1E, 0x00, 0x0F, 0x00, 0x07, 0xE0,
    0x01, 0xFF, 0xC0, 0x7F, 0xE0, 0x7F, 0xF0, 0x7E, 0x00, 0x3C, 0x00, 0x1E, 0x00, 0x0F, 0x00, 0x07,
    0x80, 0x03, 0xC0, 0x01, 0xE0, 0x00, 0xF0, 0x00, 0x7C, 0x00, 0x1E, 0x00, 0x0F, 0x00, 0x0F, 0x80,
    0x1F, 0x80, 0x7F, 0xC0, 0x3F, 0xC0, 0x1F, 0xC0, 0x00, 0x1F, 0x01, 0xC7, 0xF8, 0x3D, 0xFF, 0x07,
    0xBD, 0xF1, 0xEF, 0x1F, 0x3D, 0xE1, 0xFF, 0xBC, 0x1F, 0xE7, 0x81, 0xF8, 0x7D, 0xFB, 0xFF, 0xE7,
    0xC0, 0x00, 0x00, 0x00, 0xF1, 0xE3, 0xC7, 0x8F, 0x1E, 0x3C, 0x7C, 0xF9, 0xF3, 0xE7, 0xCF, 0x9F,
    0x3E, 0x7C, 0xF9, 0xF3, 0xE0, 0x01, 0xC0, 0x00, 0xE0, 0x00, 0x70, 0x00, 0x38, 0x00, 0x1C, 0x00,
    0x7F, 0xC0, 0x7F, 0xF8, 0x7F, 0xFE, 0x7F, 0xFF, 0x3C, 0xE7, 0xFE, 0x71, 0xFE, 0x38, 0xFF, 0x1C,
    0x07, 0x8E, 0x03, 0xC7, 0x01, 0xE3, 0x80, 0xF1, 0xC0, 0x78, 0xE0, 0x3C, 0x70, 0x1E, 0x38, 0xFF,
    0x9C, 0x7B, 0xCE, 0x7D, 0xFF, 0x7C, 0x7F, 0xFE, 0x1F, 0xFE, 0x07, 0xFC, 0x00, 0x70, 0x00, 0x38,
    0x00, 0x1C, 0x00, 0x0E, 0x00, 0x07, 0x00, 0x07, 0xFC, 0x03, 0xFF, 0xC0, 0xFF, 0xFC, 0x1F, 0x9F,
    0xC7, 0xC0, 0x78, 0xF0, 0x0F, 0x9E, 0x00, 0xF3, 0xC0, 0x00, 0x78, 0x00, 0x0F, 0x80, 0x00, 0xF0,
    0x00, 0x1F, 0x00, 0x01, 0xF0, 0x01, 0xFF, 0xFC, 0x3F, 0xFF, 0x87, 0xFF, 0xF0, 0x0F, 0x80, 0x00,
    0xF0, 0x00, 0x3E, 0x00, 0x07, 0x80, 0x01, 0xF0, 0x00, 0x7C, 0x00, 0x1F, 0x80, 0x03, 0xE0, 0x00,
    0xFF, 0xFF, 0xFF, 0xFF, 0xFF, 0xFF, 0xFF, 0x80, 0x00, 0x00, 0x01, 0x80, 0x03, 0x1E, 0x00, 0x3C,
    0xFB, 0xFB, 0xE7, 0xFF, 0xFF, 0x1F, 0xFF, 0xF0, 0x7E, 0x7F, 0x03, 0xC0, 0x78, 0x1C, 0x03, 0xC1,
    0xE0, 0x0E, 0x0F, 0x00, 0x78, 0x78, 0x03, 0x81, 0xC0, 0x3C, 0x0F, 0x01, 0xE0, 0x7E, 0x3F, 0x07,
    0xFF, 0xFC, 0x7F, 0xFF, 0xE3, 0xEF, 0xEF, 0x9E, 0x00, 0x3C, 0x60, 0x00, 0xC0, 0x00, 0x00, 0x00,
    0xF8, 0x00, 0xFB, 0xC0, 0x07, 0x9F, 0x00, 0x7C, 0x78, 0x03, 0xC3, 0xE0, 0x3E, 0x0F, 0x01, 0xE0,
    0x7C, 0x1F, 0x01, 0xE0, 0xF0, 0x0F, 0x8F, 0x80, 0x3C, 0x78, 0x01, 0xF7, 0xC0, 0x07, 0xBC, 0x00,
    0x3F, 0xE0, 0x00, 0xFE, 0x01, 0xFF, 0xFF, 0xCF, 0xFF, 0xFE, 0x7F, 0xFF, 0xF0, 0x07, 0x80, 0x00,
    0x3C, 0x00, 0x01, 0xE0, 0x07, 0xFF, 0xFF, 0x3F, 0xFF, 0xF9, 0xFF, 0xFF, 0xC0, 0x1E, 0x00, 0x00,
    0xF0, 0x00, 0x07, 0x80, 0x00, 0x3C, 0x00, 0xF7, 0xBD, 0xEF, 0x7B, 0xDE, 0xF7, 0xBD, 0xEF, 0x78,
    0x00, 0x00, 0x00, 0x00, 0x7B, 0xDE, 0xF7, 0xBD, 0xEF, 0x7B, 0xDE, 0xF7, 0xBC, 0x07, 0xFC, 0x07,
    0xFF, 0xC3, 0xFF, 0xF8, 0xFC, 0x7E, 0x7C, 0x07, 0xDE, 0x00, 0xF7, 0x80, 0x01, 0xF0, 0x00, 0x7C,
    0x00, 0x0F, 0xF0, 0x01, 0xFF, 0xC0, 0x3F, 0xFC, 0x1C, 0x0F, 0x8F, 0x01, 0xE7, 0x80, 0x3D, 0xE0,
    0x0F, 0x78, 0x03, 0xDF, 0x00, 0xF7, 0xC0, 0x7C, 0xFF, 0xBF, 0x3F, 0xFF, 0x87, 0xFF, 0xC0, 0xFF,
    0xF0, 0x0F, 0xFE, 0x00, 0x1F, 0xC0, 0x01, 0xF0, 0x00, 0x3C, 0x00, 0x0F, 0x78, 0x03, 0xDE, 0x01,
    0xF7, 0xF1, 0xFC, 0xFF, 0xFE, 0x1F, 0xFF, 0x03, 0xFF, 0x80, 0x78, 0x3C, 0xF8, 0xFB, 0xF1, 0xF3,
    0xE3, 0xE7, 0x83, 0xC0, 0x03, 0xFE, 0x00, 0x7F, 0xF8, 0x07, 0xE3, 0xF0, 0x78, 0x03, 0xC3, 0x80,
    0x0E, 0x38, 0x7E, 0x39, 0xCF, 0xF9, 0xDC, 0x7B, 0xCE, 0xE3, 0x8F, 0x37, 0x3C, 0x31, 0xB9, 0xE0,
    0x0D, 0xCF, 0x00, 0x6E, 0x78, 0x03, 0x73, 0xC0, 0x1B, 0x9E, 0x18, 0xDC, 0x71, 0xE6, 0xE3, 0xDE,
    0x73, 0x9F, 0xF3, 0x9C, 0x3F, 0x1C, 0xF0, 0x01, 0xC3, 0xC0, 0x1E, 0x0F, 0x83, 0xE0, 0x3F, 0xFE,
    0x00, 0x7F, 0xC0, 0x3F, 0x9F, 0xF7, 0x1C, 0x03, 0x3F, 0xDF, 0xFF, 0x0F, 0x83, 0xE1, 0xDC, 0xF3,
    0xEC, 0x23, 0x01, 0xE0, 0xF0, 0x1F, 0x0F, 0x81, 0xF0, 0xF8, 0x1F, 0x0F, 0x81, 0xF0, 0xF8, 0x0F,
    0x07, 0x80, 0xF8, 0x7C, 0x0F, 0x87, 0xC0, 0xF8, 0x7C, 0x07, 0xC3, 0xE0, 0x1F, 0x0F, 0x80, 0x78,
    0x3C, 0x03, 0xE0, 0xF0, 0x0F, 0x87, 0xC0, 0x3E, 0x1F, 0x00, 0xF8, 0x7C, 0x03, 0xE1, 0xF0, 0x0F,
    0x07, 0x80, 0x00, 0x00, 0xFF, 0xFF, 0xFF, 0xFF, 0xFF, 0xFF, 0x00, 0x0F, 0x00, 0x0F, 0x00, 0x0F,
    0x00, 0x0F, 0x00, 0x0F, 0x03, 0xFE, 0x00, 0x7F, 0xF8, 0x07, 0xE3, 0xF0, 0x78, 0x03, 0xC3, 0x80,
    0x0E, 0x38, 0x00, 0x39, 0xCF, 0xF1, 0xDC, 0x7F, 0xCE, 0xE3, 0x8E, 0x37, 0x1C, 0x71, 0xB8, 0xE3,
    0x8D, 0xC7, 0x3C, 0x6E, 0x3F, 0xE3, 0x71, 0xFC, 0x1B, 0x8E, 0xF0, 0xDC, 0x73, 0x86, 0xE3, 0x9E,
    0x73, 0x9C, 0x73, 0x9C, 0xE3, 0x9C, 0xF0, 0x01, 0xC3, 0xC0, 0x1E, 0x0F, 0x83, 0xE0, 0x3F, 0xFE,
    0x00, 0x7F, 0xC0, 0x00, 0x07, 0xFF, 0xFF, 0xFF, 0xFF, 0xF0, 0x1F, 0xC1, 0xFF, 0x1F, 0xFC, 0xE0,
    0xEF, 0x07, 0x78, 0x3B, 0xC1, 0xCE, 0x0E, 0x7F, 0xF1, 0xFF, 0x07, 0xF0, 0x01, 0xE0, 0x00, 0x3C,
    0x00, 0x07, 0x80, 0x00, 0xF0, 0x00, 0x1E, 0x00, 0x03, 0xC0, 0x00, 0x78, 0x00, 0x0F, 0x00, 0xFF,
    0xFF, 0xFF, 0xFF, 0xFF, 0xFF, 0xFF, 0x80, 0xF0, 0x00, 0x1E, 0x00, 0x03, 0xC0, 0x00, 0x78, 0x00,
    0x0F, 0x00, 0x01, 0xE0, 0x00, 0x3C, 0x00, 0x07, 0x80, 0x7F, 0xFF, 0xEF, 0xFF, 0xFF, 0xFF, 0xFF,
    0xC0, 0x1F, 0xC1, 0xFF, 0x1F, 0xFC, 0xF1, 0xEF, 0x07, 0xF8, 0x3C, 0x01, 0xC0, 0x1E, 0x01, 0xE0,
    0x1E, 0x01, 0xE0, 0x3E, 0x03, 0xE0, 0x3E, 0x01, 0xFF, 0xEF, 0xFF, 0x7F, 0xF8, 0x7F, 0xF3, 0xFF,
    0x9F, 0xFC, 0x03, 0xE0, 0x3C, 0x03, 0xC0, 0x3F, 0x01, 0xFC, 0x07, 0xF0, 0x03, 0xC0, 0x1F, 0xC0,
    0xFF, 0x07, 0xF8, 0x7D, 0xFF, 0xC7, 0xFC, 0x1F, 0xC0, 0x0F, 0x8F, 0x8F, 0x87, 0x87, 0x80, 0xF0,
    0x0F, 0xF8, 0x07, 0xFC, 0x03, 0xFE, 0x01, 0xFF, 0x00, 0xFF, 0x80, 0x7F, 0xC0, 0x3F, 0xE0, 0x1F,
    0xF0, 0x0F, 0xF8, 0x07, 0xFC, 0x03, 0xFE, 0x01, 0xFF, 0x00, 0xFF, 0x80, 0x7F, 0xC0, 0x3F, 0xF0,
    0x1F, 0xF8, 0x1F, 0xFF, 0x3F, 0xFF, 0xFF, 0xFF, 0xFE, 0xFF, 0x7E, 0x7F, 0x80, 0x03, 0xC0, 0x01,
    0xE0, 0x00, 0xF0, 0x00, 0x78, 0x00, 0x3C, 0x00, 0x1E, 0x00, 0x00, 0x0F, 0xE3, 0xCF, 0xF8, 0xF7,
    0xFE, 0x3D, 0xFF, 0x8F, 0xFF, 0xE3, 0xFF, 0xF8, 0xFF, 0xFE, 0x3F, 0xFF, 0x8F, 0xFF, 0xE3, 0xFF,
    0xF8, 0xFF, 0xFE, 0x3F, 0xFF, 0x8F, 0x7F, 0xE3, 0xDF, 0xF8, 0xF3, 0xFE, 0x3C, 0x3F, 0x8F, 0x01,
    0xE3, 0xC0, 0x78, 0xF0, 0x1E, 0x3C, 0x07, 0x8F, 0x01, 0xE3, 0xC0, 0x78, 0xF0, 0x1E, 0x3C, 0x07,
    0x8F, 0x01, 0xE3, 0xC0, 0x78, 0xF0, 0x1E, 0x3C, 0x07, 0x8F, 0x01, 0xE3, 0xC0, 0x78, 0xF0, 0x1E,
    0x3C, 0x07, 0x8F, 0x01, 0xE3, 0xC0, 0x78, 0xF0, 0x7D, 0xFB, 0xFF, 0xFF, 0xEF, 0x80, 0x00, 0x1C,
    0x0E, 0x0F, 0xC1, 0xF0, 0x3C, 0x3F, 0xFE, 0xFE, 0x00, 0x0F, 0x80, 0xFE, 0x07, 0xF8, 0x3E, 0xE0,
    0xE3, 0x81, 0x0E, 0x00, 0x38, 0x00, 0xE0, 0x03, 0x80, 0x0E, 0x00, 0x38, 0x00, 0xE0, 0x03, 0x80,
    0x0E, 0x0F, 0xFF, 0xBF, 0xFF, 0xFF, 0xFC, 0x7E, 0x7F, 0xB8, 0xF8, 0x7C, 0x3E, 0x1F, 0x0F, 0x87,
    0xE3, 0xFF, 0x9F, 0x80, 0xF8, 0x7C, 0x03, 0xE1, 0xF0, 0x0F, 0x87, 0xC0, 0x3E, 0x1F, 0x00, 0xF0,
    0x78, 0x07, 0xC3, 0xE0, 0x1F, 0x0F, 0x80, 0x7C, 0x3E, 0x01, 0xF0, 0xF8, 0x0F, 0x87, 0xC0, 0xF8,
    0x7C, 0x0F, 0x87, 0xC0, 0xF8, 0x7C, 0x07, 0x83, 0xE0, 0x7C, 0x3E, 0x07, 0xC3, 0xE0, 0x7C, 0x3E,
    0x07, 0xC3, 0xE0, 0x00, 0x0F, 0x00, 0x1E, 0x3E, 0x00, 0x78, 0xFC, 0x00, 0xF1, 0xF8, 0x03, 0xC3,
    0x70, 0x0F, 0x04, 0xE0, 0x1E, 0x01, 0xC0, 0x78, 0x03, 0x81, 0xE0, 0x07, 0x07, 0x80, 0x0E, 0x0F,
    0x00, 0x1C, 0x3C, 0x03, 0xFF, 0xF0, 0x07, 0xFF, 0xE0, 0x00, 0x07, 0x80, 0x00, 0x1E, 0x00, 0x00,
    0x3C, 0x70, 0x00, 0xF1, 0xE0, 0x03, 0xC3, 0x80, 0x0F, 0x0E, 0x00, 0x1E, 0x3C, 0x00, 0x78, 0xF3,
    0x81, 0xE1, 0xC7, 0x03, 0xC7, 0x0E, 0x0F, 0x0F, 0xFC, 0x3C, 0x1F, 0xF8, 0x78, 0x00, 0x71, 0xE0,
    0x00, 0xE7, 0x80, 0x01, 0xC0, 0x0F, 0x00, 0x1E, 0x3E, 0x00, 0x78, 0xFC, 0x00, 0xF1, 0xF8, 0x03,
    0xC3, 0x70, 0x0F, 0x04, 0xE0, 0x1E, 0x01, 0xC0, 0x78, 0x03, 0x81, 0xE0, 0x07, 0x07, 0x80, 0x0E,
    0x0F, 0x00, 0x1C, 0x3C, 0x03, 0xFF, 0xF0, 0x07, 0xFF, 0xE0, 0x00, 0x07, 0x80, 0x00, 0x1E, 0x00,
    0x00, 0x3C, 0x00, 0x00, 0xF3, 0xF0, 0x03, 0xCF, 0xF0, 0x0F, 0x3C, 0xF0, 0x1E, 0x70, 0xE0, 0x78,
    0xC1, 0xC1, 0xE0, 0x07, 0x03, 0xC0, 0x1E, 0x0F, 0x00, 0xF8, 0x3C, 0x07, 0xC0, 0x78, 0x1E, 0x01,
    0xE0, 0x3F, 0xF7, 0x80, 0x7F, 0xE0, 0x3F, 0xC0, 0x1E, 0x7F, 0x80, 0x78, 0x0F, 0x01, 0xE0, 0x3C,
    0x07, 0xC0, 0xF8, 0x0F, 0x01, 0xF8, 0x3C, 0x00, 0xF8, 0xF0, 0x00, 0x71, 0xE0, 0x70, 0xE7, 0x80,
    0xF3, 0xDE, 0x01, 0xFF, 0x7C, 0x00, 0xFC, 0xF0, 0x00, 0x03, 0xC0, 0x00, 0x0F, 0x00, 0x00, 0x1E,
    0x38, 0x00, 0x78, 0xF0, 0x01, 0xE1, 0xC0, 0x03, 0xC7, 0x00, 0x0F, 0x1E, 0x00, 0x3C, 0x79, 0xC0,
    0xF0, 0xE3, 0x81, 0xE3, 0x87, 0x07, 0x87, 0xFE, 0x1E, 0x0F, 0xFC, 0x3C, 0x00, 0x38, 0xF0, 0x00,
    0x73, 0xC0, 0x00, 0xE0, 0x01, 0xF0, 0x0F, 0xC0, 0x3F, 0x00, 0xFC, 0x01, 0xF0, 0x00, 0x00, 0x00,
    0x00, 0x00, 0x01, 0xE0, 0x07, 0x80, 0x1E, 0x00, 0x78, 0x07, 0xE0, 0x7F, 0x83, 0xFE, 0x1F, 0xC0,
    0x7C, 0x03, 0xE0, 0x0F, 0x00, 0x3C, 0x00, 0xF0, 0x03, 0xC0, 0x0F, 0x80, 0x1F, 0x00, 0x7F, 0x00,
    0xFF, 0xF1, 0xFF, 0xC1, 0xFF, 0x07, 0x80, 0x00, 0x7C, 0x00, 0x03, 0xE0, 0x00, 0x1E, 0x00, 0x01,
    0xF0, 0x00, 0x0F, 0x80, 0x00, 0x00, 0x00, 0x00, 0x00, 0x00, 0x00, 0x00, 0x0F, 0x80, 0x01, 0xF8,
    0x00, 0x1F, 0xC0, 0x01, 0xFC, 0x00, 0x1F, 0xC0, 0x03, 0xDE, 0x00, 0x3D, 0xE0, 0x03, 0xDE, 0x00,
    0x79, 0xE0, 0x07, 0x8F, 0x00, 0x78, 0xF0, 0x07, 0x8F, 0x00, 0xF0, 0xF0, 0x0F, 0x07, 0x80, 0xF0,
    0x78, 0x0F, 0x07, 0x81, 0xE0, 0x78, 0x1F, 0xFF, 0xC1, 0xFF, 0xFC, 0x1F, 0xFF, 0xC3, 0xC0, 0x3E,
    0x3C, 0x01, 0xE3, 0xC0, 0x1E, 0x7C, 0x01, 0xE7, 0x80, 0x1F, 0x78, 0x00, 0xF7, 0x80, 0x0F, 0x00,
    0x0F, 0x00, 0x01, 0xF0, 0x00, 0x3E, 0x00, 0x03, 0xC0, 0x00, 0x78, 0x00, 0x0F, 0x80, 0x00, 0x00,
    0x00, 0x00, 0x00, 0x00, 0x00, 0x00, 0x0F, 0x80, 0x01, 0xF8, 0x00, 0x1F, 0xC0, 0x01, 0xFC, 0x00,
    0x1F, 0xC0, 0x03, 0xDE, 0x00, 0x3D, 0xE0, 0x03, 0xDE, 0x00, 0x79, 0xE0, 0x07, 0x8F, 0x00, 0x78,
    0xF0, 0x07, 0x8F, 0x00, 0xF0, 0xF0, 0x0F, 0x07, 0x80, 0xF0, 0x78, 0x0F, 0x07, 0x81, 0xE0, 0x78,
    0x1F, 0xFF, 0xC1, 0xFF, 0xFC, 0x1F, 0xFF, 0xC3, 0xC0, 0x3E, 0x3C, 0x01, 0xE3, 0xC0, 0x1E, 0x7C,
    0x01, 0xE7, 0x80, 0x1F, 0x78, 0x00, 0xF7, 0x80, 0x0F, 0x00, 0xF0, 0x00, 0x1F, 0x80, 0x03, 0xFC,
    0x00, 0x7F, 0xE0, 0x0F, 0x9F, 0x00, 0xF0, 0x78, 0x00, 0x00, 0x00, 0x00, 0x00, 0x00, 0x00, 0x00,
    0x0F, 0x80, 0x01, 0xF8, 0x00, 0x1F, 0xC0, 0x01, 0xFC, 0x00, 0x1F, 0xC0, 0x03, 0xDE, 0x00, 0x3D,
    0xE0, 0x03, 0xDE, 0x00, 0x79, 0xE0, 0x07, 0x8F, 0x00, 0x78, 0xF0, 0x07, 0x8F, 0x00, 0xF0, 0xF0,
    0x0F, 0x07, 0x80, 0xF0, 0x78, 0x0F, 0x07, 0x81, 0xE0, 0x78, 0x1F, 0xFF, 0xC1, 0xFF, 0xFC, 0x1F,
    0xFF, 0xC3, 0xC0, 0x3E, 0x3C, 0x01, 0xE3, 0xC0, 0x1E, 0x7C, 0x01, 0xE7, 0x80, 0x1F, 0x78, 0x00,
    0xF7, 0x80, 0x0F, 0x07, 0xC3, 0x80, 0x7E, 0x38, 0x0F, 0xFF, 0x80, 0xE7, 0xF0, 0x0E, 0x3E, 0x00,
    0x00, 0x00, 0x00, 0x00, 0x00, 0x00, 0x00, 0x00, 0x00, 0x00, 0x0F, 0x80, 0x01, 0xF8, 0x00, 0x1F,
    0xC0, 0x01, 0xFC, 0x00, 0x1F, 0xC0, 0x03, 0xDE, 0x00, 0x3D, 0xE0, 0x03, 0xDE, 0x00, 0x79, 0xE0,
    0x07, 0x8F, 0x00, 0x78, 0xF0, 0x07, 0x8F, 0x00, 0xF0, 0xF0, 0x0F, 0x07, 0x80, 0xF0, 0x78, 0x0F,
    0x07, 0x81, 0xE0, 0x78, 0x1F, 0xFF, 0xC1, 0xFF, 0xFC, 0x1F, 0xFF, 0xC3, 0xC0, 0x3E, 0x3C, 0x01,
    0xE3, 0xC0, 0x1E, 0x7C, 0x01, 0xE7, 0x80, 0x1F, 0x78, 0x00, 0xF7, 0x80, 0x0F, 0x0F, 0x07, 0x80,
    0xF8, 0xF8, 0x1F, 0x8F, 0x80, 0xF8, 0xF8, 0x0F, 0x07, 0x80, 0x00, 0x00, 0x00, 0x00, 0x00, 0x00,
    0x00, 0x00, 0x00, 0x00, 0x0F, 0x80, 0x01, 0xF8, 0x00, 0x1F, 0xC0, 0x01, 0xFC, 0x00, 0x1F, 0xC0,
    0x03, 0xDE, 0x00, 0x3D, 0xE0, 0x03, 0xDE, 0x00, 0x79, 0xE0, 0x07, 0x8F, 0x00, 0x78, 0xF0, 0x07,
    0x8F, 0x00, 0xF0, 0xF0, 0x0F, 0x07, 0x80, 0xF0, 0x78, 0x0F, 0x07, 0x81, 0xE0, 0x78, 0x1F, 0xFF,
    0xC1, 0xFF, 0xFC, 0x1F, 0xFF, 0xC3, 0xC0, 0x3E, 0x3C, 0x01, 0xE3, 0xC0, 0x1E, 0x7C, 0x01, 0xE7,
    0x80, 0x1F, 0x78, 0x00, 0xF7, 0x80, 0x0F, 0x01, 0xF8, 0x00, 0x3F, 0xC0, 0x03, 0xDE, 0x00, 0x38,
    0xE0, 0x07, 0x8E, 0x00, 0x38, 0xE0, 0x03, 0xDE, 0x00, 0x3F, 0xC0, 0x01, 0xF8, 0x00, 0x00, 0x00,
    0x00, 0x00, 0x00, 0x0F, 0x80, 0x01, 0xF8, 0x00, 0x1F, 0xC0, 0x01, 0xFC, 0x00, 0x1F, 0xC0, 0x03,
    0xDE, 0x00, 0x3D, 0xE0, 0x03, 0xDE, 0x00, 0x79, 0xE0, 0x07, 0x8F, 0x00, 0x78, 0xF0, 0x07, 0x8F,
    0x00, 0xF0, 0xF0, 0x0F, 0x07, 0x80, 0xF0, 0x78, 0x0F, 0x07, 0x81, 0xE0, 0x78, 0x1F, 0xFF, 0xC1,
    0xFF, 0xFC, 0x1F, 0xFF, 0xC3, 0xC0, 0x3E, 0x3C, 0x01, 0xE3, 0xC0, 0x1E, 0x7C, 0x01, 0xE7, 0x80,
    0x1F, 0x78, 0x00, 0xF7, 0x80, 0x0F, 0x07, 0xFF, 0xF8, 0x3F, 0xFF, 0xC1, 0xFF, 0xFE, 0x0F, 0x78,
    0x00, 0xF3, 0xC0, 0x07, 0x9E, 0x00, 0x3C, 0xF0, 0x01, 0xE7, 0x80, 0x0F, 0x3C, 0x00, 0xF1, 0xE0,
    0x07, 0x8F, 0x00, 0x3C, 0x7F, 0xE1, 0xE3, 0xFF, 0x0F, 0x1F, 0xF8, 0xF0, 0xF0, 0x07, 0x87, 0x80,
    0x3F, 0xFC, 0x01, 0xFF, 0xE0, 0x1F, 0xFF, 0x00, 0xF0, 0x78, 0x07, 0x83, 0xC0, 0x3C, 0x1E, 0x01,
    0xE0, 0xF0, 0x1F, 0x07, 0x80, 0xF0, 0x3F, 0xFF, 0x81, 0xFF, 0xFC, 0x0F, 0xFE, 0x0F, 0xF8, 0x0F,
    0xFE, 0x0F, 0xFF, 0x8F, 0xE7, 0xE7, 0x80, 0xFF, 0xC0, 0x3F, 0xC0, 0x1F, 0xE0, 0x0F, 0xF0, 0x00,
    0x78, 0x00, 0x3C, 0x00, 0x1E, 0x00, 0x0F, 0x00, 0x07, 0x80, 0x03, 0xC0, 0x01, 0xE0, 0x00, 0xF0,
    0x00, 0x78, 0x00, 0x3C, 0x00, 0x1E, 0x00, 0xFF, 0x00, 0x7F, 0xC0, 0x3D, 0xE0, 0x3E, 0xFE, 0x7E,
    0x3F, 0xFE, 0x0F, 0xFE, 0x03, 0xFE, 0x00, 0x70, 0x00, 0x7E, 0x00, 0x1F, 0xC0, 0x01, 0xE0, 0x01,
    0xF0, 0x07, 0xF8, 0x03, 0xF8, 0x00, 0x00, 0x00, 0x1E, 0x00, 0x0F, 0x80, 0x03, 0xE0, 0x00, 0xF8,
    0x00, 0x3C, 0x00, 0x0F, 0x00, 0x00, 0x00, 0x00, 0x00, 0x00, 0x00, 0x7F, 0xFF, 0xFF, 0xFF, 0xFF,
    0xFF, 0xFF, 0x80, 0x07, 0xC0, 0x03, 0xE0, 0x01, 0xF0, 0x00, 0xF8, 0x00, 0x7C, 0x00, 0x3E, 0x00,
    0x1F, 0x00, 0x0F, 0xFF, 0xF7, 0xFF, 0xFB, 0xFF, 0xFD, 0xF0, 0x00, 0xF8, 0x00, 0x7C, 0x00, 0x3E,
    0x00, 0x1F, 0x00, 0x0F, 0x80, 0x07, 0xC0, 0x03, 0xE0, 0x01, 0xF0, 0x00, 0xF8, 0x00, 0x7F, 0xFF,
    0xFF, 0xFF, 0xFF, 0xFF, 0xF0, 0x00, 0x3C, 0x00, 0x3E, 0x00, 0x1E, 0x00, 0x1E, 0x00, 0x1F, 0x00,
    0x0F, 0x00, 0x00, 0x00, 0x00, 0x00, 0x00, 0x00, 0x7F, 0xFF, 0xFF, 0xFF, 0xFF, 0xFF, 0xFF, 0x80,
    0x07, 0xC0, 0x03, 0xE0, 0x01, 0xF0, 0x00, 0xF8, 0x00, 0x7C, 0x00, 0x3E, 0x00, 0x1F, 0x00, 0x0F,
    0xFF, 0xF7, 0xFF, 0xFB, 0xFF, 0xFD, 0xF0, 0x00, 0xF8, 0x00, 0x7C, 0x00, 0x3E, 0x00, 0x1F, 0x00,
    0x0F, 0x80, 0x07, 0xC0, 0x03, 0xE0, 0x01, 0xF0, 0x00, 0xF8, 0x00, 0x7F, 0xFF, 0xFF, 0xFF, 0xFF,
    0xFF, 0xF0, 0x01, 0xE0, 0x01, 0xF8, 0x01, 0xFE, 0x01, 0xFF, 0x81, 0xF3, 0xE1, 0xF0, 0xF8, 0x00,
    0x00, 0x00, 0x00, 0x00, 0x00, 0x7F, 0xFF, 0xFF, 0xFF, 0xFF, 0xFF, 0xFF, 0x80, 0x07, 0xC0, 0x03,
    0xE0, 0x01, 0xF0, 0x00, 0xF8, 0x00, 0x7C, 0x00, 0x3E, 0x00, 0x1F, 0x00, 0x0F, 0xFF, 0xF7, 0xFF,
    0xFB, 0xFF, 0xFD, 0xF0, 0x00, 0xF8, 0x00, 0x7C, 0x00, 0x3E, 0x00, 0x1F, 0x00, 0x0F, 0x80, 0x07,
    0xC0, 0x03, 0xE0, 0x01, 0xF0, 0x00, 0xF8, 0x00, 0x7F, 0xFF, 0xFF, 0xFF, 0xFF, 0xFF, 0xF0, 0x1E,
    0x1E, 0x1F, 0x1F, 0x8F, 0x8F, 0xC7, 0xC7, 0xE1, 0xE1, 0xE0, 0x00, 0x00, 0x00, 0x00, 0x00, 0x00,
    0x00, 0x00, 0x7F, 0xFF, 0xFF, 0xFF, 0xFF, 0xFF, 0xFF, 0x80, 0x07, 0xC0, 0x03, 0xE0, 0x01, 0xF0,
    0x00, 0xF8, 0x00, 0x7C, 0x00, 0x3E, 0x00, 0x1F, 0x00, 0x0F, 0xFF, 0xF7, 0xFF, 0xFB, 0xFF, 0xFD,
    0xF0, 0x00, 0xF8, 0x00, 0x7C, 0x00, 0x3E, 0x00, 0x1F, 0x00, 0x0F, 0x80, 0x07, 0xC0, 0x03, 0xE0,
    0x01, 0xF0, 0x00, 0xF8, 0x00, 0x7F, 0xFF, 0xFF, 0xFF, 0xFF, 0xFF, 0xF0, 0x1E, 0x00, 0x1F, 0x00,
    0x0F, 0x80, 0x07, 0x80, 0x07, 0xC0, 0x03, 0xE0, 0x00, 0x00, 0x00, 0x00, 0x00, 0x00, 0x7F, 0xFF,
    0x7F, 0xFF, 0x7F, 0xFF, 0x03, 0xE0, 0x03, 0xE0, 0x03, 0xE0, 0x03, 0xE0, 0x03, 0xE0, 0x03, 0xE0,
    0x03, 0xE0, 0x03, 0xE0, 0x03, 0xE0, 0x03, 0xE0, 0x03, 0xE0, 0x03, 0xE0, 0x03, 0xE0, 0x03, 0xE0,
    0x03, 0xE0, 0x03, 0xE0, 0x03, 0xE0, 0x03, 0xE0, 0x03, 0xE0, 0x03, 0xE0, 0x03, 0xE0, 0x7F, 0xFF,
    0x7F, 0xFF, 0x7F, 0xFF, 0x00, 0x3C, 0x00, 0x7C, 0x00, 0xF8, 0x00, 0xF0, 0x01, 0xE0, 0x03, 0xE0,
    0x00, 0x00, 0x00, 0x00, 0x00, 0x00, 0x7F, 0xFF, 0x7F, 0xFF, 0x7F, 0xFF, 0x03, 0xE0, 0x03, 0xE0,
    0x03, 0xE0, 0x03, 0xE0, 0x03, 0xE0, 0x03, 0xE0, 0x03, 0xE0, 0x03, 0xE0, 0x03, 0xE0, 0x03, 0xE0,
    0x03, 0xE0, 0x03, 0xE0, 0x03, 0xE0, 0x03, 0xE0, 0x03, 0xE0, 0x03, 0xE0, 0x03, 0xE0, 0x03, 0xE0,
    0x03, 0xE0, 0x03, 0xE0, 0x03, 0xE0, 0x7F, 0xFF, 0x7F, 0xFF, 0x7F, 0xFF, 0x03, 0xC0, 0x07, 0xE0,
    0x0F, 0xF0, 0x1F, 0xF8, 0x3E, 0x7C, 0x3C, 0x1E, 0x00, 0x00, 0x00, 0x00, 0x00, 0x00, 0x7F, 0xFF,
    0x7F, 0xFF, 0x7F, 0xFF, 0x03, 0xE0, 0x03, 0xE0, 0x03, 0xE0, 0x03, 0xE0, 0x03, 0xE0, 0x03, 0xE0,
    0x03, 0xE0, 0x03, 0xE0, 0x03, 0xE0, 0x03, 0xE0, 0x03, 0xE0, 0x03, 0xE0, 0x03, 0xE0, 0x03, 0xE0,
    0x03, 0xE0, 0x03, 0xE0, 0x03, 0xE0, 0x03, 0xE0, 0x03, 0xE0, 0x03, 0xE0, 0x03, 0xE0, 0x7F, 0xFF,
    0x7F, 0xFF, 0x7F, 0xFF, 0x3C, 0x1E, 0x3E, 0x3E, 0x7E, 0x3E, 0x3E, 0x3E, 0x3C, 0x1E, 0x00, 0x00,
    0x00, 0x00, 0x00, 0x00, 0x00, 0x00, 0x7F, 0xFF, 0x7F, 0xFF, 0x7F, 0xFF, 0x03, 0xE0, 0x03, 0xE0,
    0x03, 0xE0, 0x03, 0xE0, 0x03, 0xE0, 0x03, 0xE0, 0x03, 0xE0, 0x03, 0xE0, 0x03, 0xE0, 0x03, 0xE0,
    0x03, 0xE0, 0x03, 0xE0, 0x03, 0xE0, 0x03, 0xE0, 0x03, 0xE0, 0x03, 0xE0, 0x03, 0xE0, 0x03, 0xE0,
    0x03, 0xE0, 0x03, 0xE0, 0x03, 0xE0, 0x7F, 0xFF, 0x7F, 0xFF, 0x7F, 0xFF, 0x1F, 0xFE, 0x01, 0xFF,
    0xF8, 0x1F, 0xFF, 0xC1, 0xE0, 0xFE, 0x1E, 0x03, 0xE1, 0xE0, 0x1E, 0x1E, 0x01, 0xF1, 0xE0, 0x0F,
    0x1E, 0x00, 0xF1, 0xE0, 0x0F, 0x1E, 0x00, 0xF1, 0xE0, 0x0F, 0xFF, 0xE0, 0xFF, 0xFE, 0x0F, 0xFF,
    0xE0, 0xF1, 0xE0, 0x0F, 0x1E, 0x00, 0xF1, 0xE0, 0x0F, 0x1E, 0x00, 0xF1, 0xE0, 0x0F, 0x1E, 0x01,
    0xF1, 0xE0, 0x1E, 0x1E, 0x03, 0xE1, 0xE0, 0xFE, 0x1F, 0xFF, 0xC1, 0xFF, 0xF8, 0x1F, 0xFE, 0x00,
    0x1F, 0x0E, 0x0F, 0xC7, 0x0F, 0xFF, 0x87, 0x3F, 0x83, 0x8F, 0x80, 0x00, 0x00, 0x00, 0x00, 0x00,
    0x00, 0x00, 0x00, 0x7E, 0x03, 0xFF, 0x01, 0xFF, 0x80, 0xFF, 0xE0, 0x7F, 0xF0, 0x3F, 0xF8, 0x1F,
    0xFE, 0x0F, 0xFF, 0x07, 0xFB, 0x83, 0xFD, 0xE1, 0xFE, 0xF0, 0xFF, 0x3C, 0x7F, 0x9E, 0x3F, 0xC7,
    0x1F, 0xE3, 0xCF, 0xF1, 0xE7, 0xF8, 0x73, 0xFC, 0x3D, 0xFE, 0x1E, 0xFF, 0x07, 0xFF, 0x83, 0xFF,
    0xC1, 0xFF, 0xE0, 0x7F, 0xF0, 0x3F, 0xF8, 0x0F, 0xFC, 0x07, 0xFE, 0x03, 0xF0, 0x1E, 0x00, 0x0F,
    0x80, 0x03, 0xE0, 0x00, 0xF0, 0x00, 0x7C, 0x00, 0x1F, 0x00, 0x00, 0x00, 0x00, 0x00, 0x00, 0x00,
    0x07, 0xFC, 0x07, 0xFF, 0x07, 0xFF, 0xC7, 0xE3, 0xF3, 0xC0, 0x7B, 0xE0, 0x3F, 0xE0, 0x0F, 0xF0,
    0x07, 0xF8, 0x03, 0xFC, 0x01, 0xFE, 0x00, 0xFF, 0x00, 0x7F, 0x80, 0x3F, 0xC0, 0x1F, 0xE0, 0x0F,
    0xF0, 0x07, 0xF8, 0x03, 0xFC, 0x01, 0xFE, 0x00, 0xFF, 0x00, 0x7F, 0x80, 0x3F, 0xE0, 0x3E, 0xF0,
    0x1E, 0x7E, 0x3F, 0x1F, 0xFF, 0x07, 0xFF, 0x01, 0xFF, 0x00, 0x00, 0x3C, 0x00, 0x3E, 0x00, 0x3E,
    0x00, 0x1E, 0x00, 0x1E, 0x00, 0x1F, 0x00, 0x00, 0x00, 0x00, 0x00, 0x00, 0x00, 0x07, 0xFC, 0x07,
    0xFF, 0x07, 0xFF, 0xC7, 0xE3, 0xF3, 0xC0, 0x7B, 0xE0, 0x3F, 0xE0, 0x0F, 0xF0, 0x07, 0xF8, 0x03,
    0xFC, 0x01, 0xFE, 0x00, 0xFF, 0x00, 0x7F, 0x80, 0x3F, 0xC0, 0x1F, 0xE0, 0x0F, 0xF0, 0x07, 0xF8,
    0x03, 0xFC, 0x01, 0xFE, 0x00, 0xFF, 0x00, 0x7F, 0x80, 0x3F, 0xE0, 0x3E, 0xF0, 0x1E, 0x7E, 0x3F,
    0x1F, 0xFF, 0x07, 0xFF, 0x01, 0xFF, 0x00, 0x03, 0xC0, 0x03, 0xF0, 0x03, 0xFC, 0x03, 0xFF, 0x03,
    0xE7, 0xC1, 0xE0, 0xF0, 0x00, 0x00, 0x00, 0x00, 0x00, 0x00, 0x07, 0xFC, 0x07, 0xFF, 0x07, 0xFF,
    0xC7, 0xE3, 0xF3, 0xC0, 0x7B, 0xE0, 0x3F, 0xE0, 0x0F, 0xF0, 0x07, 0xF8, 0x03, 0xFC, 0x01, 0xFE,
    0x00, 0xFF, 0x00, 0x7F, 0x80, 0x3F, 0xC0, 0x1F, 0xE0, 0x0F, 0xF0, 0x07, 0xF8, 0x03, 0xFC, 0x01,
    0xFE, 0x00, 0xFF, 0x00, 0x7F, 0x80, 0x3F, 0xE0, 0x3E, 0xF0, 0x1E, 0x7E, 0x3F, 0x1F, 0xFF, 0x07,
    0xFF, 0x01, 0xFF, 0x00, 0x1F, 0x0E, 0x0F, 0xC7, 0x0F, 0xFF, 0x87, 0x3F, 0x83, 0x8F, 0x80, 0x00,
    0x00, 0x00, 0x00, 0x00, 0x00, 0x00, 0x00, 0x07, 0xFC, 0x07, 0xFF, 0x07, 0xFF, 0xC7, 0xE3, 0xF3,
    0xC0, 0x7B, 0xE0, 0x3F, 0xE0, 0x0F, 0xF0, 0x07, 0xF8, 0x03, 0xFC, 0x01, 0xFE, 0x00, 0xFF, 0x00,
    0x7F, 0x80, 0x3F, 0xC0, 0x1F, 0xE0, 0x0F, 0xF0, 0x07, 0xF8, 0x03, 0xFC, 0x01, 0xFE, 0x00, 0xFF,
    0x00, 0x7F, 0x80, 0x3F, 0xE0, 0x3E, 0xF0, 0x1E, 0x7E, 0x3F, 0x1F, 0xFF, 0x07, 0xFF, 0x01, 0xFF,
    0x00, 0x3C, 0x1E, 0x1F, 0x1F, 0x1F, 0x8F, 0x87, 0xC7, 0xC3, 0xC1, 0xE0, 0x00, 0x00, 0x00, 0x00,
    0x00, 0x00, 0x00, 0x00, 0x07, 0xFC, 0x07, 0xFF, 0x07, 0xFF, 0xC7, 0xE3, 0xF3, 0xC0, 0x7B, 0xE0,
    0x3F, 0xE0, 0x0F, 0xF0, 0x07, 0xF8, 0x03, 0xFC, 0x01, 0xFE, 0x00, 0xFF, 0x00, 0x7F, 0x80, 0x3F,
    0xC0, 0x1F, 0xE0, 0x0F, 0xF0, 0x07, 0xF8, 0x03, 0xFC, 0x01, 0xFE, 0x00, 0xFF, 0x00, 0x7F, 0x80,
    0x3F, 0xE0, 0x3E, 0xF0, 0x1E, 0x7E, 0x3F, 0x1F, 0xFF, 0x07, 0xFF, 0x01, 0xFF, 0x00, 0x30, 0x06,
    0x78, 0x0F, 0x7C, 0x1F, 0x3E, 0x3E, 0x1F, 0x7C, 0x0F, 0xF8, 0x07, 0xF0, 0x03, 0xE0, 0x07, 0xF0,
    0x0F, 0xF8, 0x1F, 0x7C, 0x3E, 0x3E, 0x7C, 0x1F, 0x78, 0x0F, 0x30, 0x06, 0x00, 0x00, 0x78, 0x00,
    0x03, 0x80, 0xFF, 0xBC, 0x0F, 0xFF, 0xE0, 0xFF, 0xFE, 0x0F, 0xCF, 0xF0, 0xF8, 0x1F, 0x07, 0xC0,
    0x78, 0x3C, 0x07, 0xE1, 0xE0, 0x7F, 0x0F, 0x03, 0xF8, 0x78, 0x3F, 0xC3, 0xC1, 0xFE, 0x1E, 0x1E,
    0xF0, 0xF1, 0xE7, 0x87, 0x8F, 0x3C, 0x3C, 0xF1, 0xE1, 0xEF, 0x0F, 0x0F, 0x78, 0x78, 0x7F, 0x83,
    0xC3, 0xFC, 0x1E, 0x1F, 0xC0, 0xF0, 0xFC, 0x07, 0x87, 0xE0, 0x7C, 0x1E, 0x03, 0xC0, 0xFC, 0x7E,
    0x0F, 0xFF, 0xE0, 0xFF, 0xFE, 0x07, 0xBF, 0xE0, 0x78, 0x00, 0x00, 0x1E, 0x00, 0x0F, 0x80, 0x03,
    0xE0, 0x00, 0xF0, 0x00, 0x7C, 0x00, 0x1F, 0x00, 0x00, 0x00, 0x00, 0x00, 0x00, 0x00, 0x78, 0x03,
    0xFC, 0x01, 0xFE, 0x00, 0xFF, 0x00, 0x7F, 0x80, 0x3F, 0xC0, 0x1F, 0xE0, 0x0F, 0xF0, 0x07, 0xF8,
    0x03, 0xFC, 0x01, 0xFE, 0x00, 0xFF, 0x00, 0x7F, 0x80, 0x3F, 0xC0, 0x1F, 0xE0, 0x0F, 0xF0, 0x07,
    0xF8, 0x03, 0xFC, 0x01, 0xFE, 0x00, 0xFF, 0x00, 0x7F, 0x80, 0x7F, 0xE0, 0x3E, 0xF0, 0x1E, 0x7E,
    0x3F, 0x1F, 0xFF, 0x07, 0xFF, 0x01, 0xFF, 0x00, 0x00, 0x3C, 0x00, 0x3E, 0x00, 0x3E, 0x00, 0x1E,
    0x00, 0x1E, 0x00, 0x1F, 0x00, 0x00, 0x00, 0x00, 0x00, 0x00, 0x00, 0x78, 0x03, 0xFC, 0x01, 0xFE,
    0x00, 0xFF, 0x00, 0x7F, 0x80, 0x3F, 0xC0, 0x1F, 0xE0, 0x0F, 0xF0, 0x07, 0xF8, 0x03, 0xFC, 0x01,
    0xFE, 0x00, 0xFF, 0x00, 0x7F, 0x80, 0x3F, 0xC0, 0x1F, 0xE0, 0x0F, 0xF0, 0x07, 0xF8, 0x03, 0xFC,
    0x01, 0xFE, 0x00, 0xFF, 0x00, 0x7F, 0x80, 0x7F, 0xE0, 0x3E, 0xF0, 0x1E, 0x7E, 0x3F, 0x1F, 0xFF,
    0x07, 0xFF, 0x01, 0xFF, 0x00, 0x03, 0xC0, 0x03, 0xF0, 0x03, 0xFC, 0x03, 0xFF, 0x03, 0xE7, 0xC1,
    0xE0, 0xF0, 0x00, 0x00, 0x00, 0x00, 0x00, 0x00, 0x78, 0x03, 0xFC, 0x01, 0xFE, 0x00, 0xFF, 0x00,
    0x7F, 0x80, 0x3F, 0xC0, 0x1F, 0xE0, 0x0F, 0xF0, 0x07, 0xF8, 0x03, 0xFC, 0x01, 0xFE, 0x00, 0xFF,
    0x00, 0x7F, 0x80, 0x3F, 0xC0, 0x1F, 0xE0, 0x0F, 0xF0, 0x07, 0xF8, 0x03, 0xFC, 0x01, 0xFE, 0x00,
    0xFF, 0x00, 0x7F, 0x80, 0x7F, 0xE0, 0x3E, 0xF0, 0x1E, 0x7E, 0x3F, 0x1F, 0xFF, 0x07, 0xFF, 0x01,
    0xFF, 0x00, 0x3C, 0x1E, 0x1F, 0x1F, 0x1F, 0x8F, 0x87, 0xC7, 0xC3, 0xC1, 0xE0, 0x00, 0x00, 0x00,
    0x00, 0x00, 0x00, 0x00, 0x00, 0x78, 0x03, 0xFC, 0x01, 0xFE, 0x00, 0xFF, 0x00, 0x7F, 0x80, 0x3F,
    0xC0, 0x1F, 0xE0, 0x0F, 0xF0, 0x07, 0xF8, 0x03, 0xFC, 0x01, 0xFE, 0x00, 0xFF, 0x00, 0x7F, 0x80,
    0x3F, 0xC0, 0x1F, 0xE0, 0x0F, 0xF0, 0x07, 0xF8, 0x03, 0xFC, 0x01, 0xFE, 0x00, 0xFF, 0x00, 0x7F,
    0x80, 0x7F, 0xE0, 0x3E, 0xF0, 0x1E, 0x7E, 0x3F, 0x1F, 0xFF, 0x07, 0xFF, 0x01, 0xFF, 0x00, 0x00,
    0x0F, 0x00, 0x00, 0xF8, 0x00, 0x0F, 0x80, 0x00, 0x78, 0x00, 0x07, 0x80, 0x00, 0x7C, 0x00, 0x00,
    0x00, 0x00, 0x00, 0x00, 0x00, 0x00, 0x07, 0xC0, 0x07, 0xDE, 0x00, 0x3C, 0xF8, 0x03, 0xE3, 0xC0,
    0x1E, 0x1F, 0x01, 0xF0, 0x78, 0x0F, 0x03, 0xE0, 0xF8, 0x0F, 0x07, 0x80, 0x78, 0x7C, 0x01, 0xE3,
    0xC0, 0x0F, 0x3E, 0x00, 0x3D, 0xE0, 0x01, 0xFF, 0x00, 0x07, 0xF0, 0x00, 0x3F, 0x80, 0x00, 0xF8,
    0x00, 0x07, 0xC0, 0x00, 0x3C, 0x00, 0x01, 0xE0, 0x00, 0x0F, 0x00, 0x00, 0x78, 0x00, 0x03, 0xC0,
    0x00, 0x1E, 0x00, 0x00, 0xF0, 0x00, 0x07, 0x80, 0x00, 0x3C, 0x00, 0x01, 0xE0, 0x00, 0xF0, 0x00,
    0x3C, 0x00, 0x0F, 0x00, 0x03, 0xC0, 0x00, 0xF0, 0x00, 0x3F, 0xFF, 0x0F, 0xFF, 0xE3, 0xFF, 0xFC,
    0xF0, 0x1F, 0xBC, 0x01, 0xFF, 0x00, 0x3F, 0xC0, 0x0F, 0xF0, 0x03, 0xFC, 0x00, 0xFF, 0x00, 0x3F,
    0xC0, 0x1F, 0xF0, 0x1F, 0xBF, 0xFF, 0xEF, 0xFF, 0xF3, 0xFF, 0xF0, 0xF0, 0x00, 0x3C, 0x00, 0x0F,
    0x00, 0x03, 0xC0, 0x00, 0xF0, 0x00, 0x3C, 0x00, 0x0F, 0x00, 0x00, 0x07, 0xF8, 0x07, 0xFF, 0x03,
    0xFF, 0xE1, 0xFC, 0xFC, 0x7C, 0x0F, 0xBE, 0x03, 0xEF, 0x00, 0x7B, 0xC0, 0x1E, 0xF0, 0x0F, 0xBC,
    0x03, 0xCF, 0x03, 0xE3, 0xCF, 0xF0, 0xF3, 0xFC, 0x3C, 0xFF, 0x8F, 0x03, 0xF3, 0xC0, 0x3E, 0xF0,
    0x07, 0xBC, 0x01, 0xFF, 0x00, 0x7F, 0xC0, 0x1F, 0xF0, 0x07, 0xFC, 0x01, 0xEF, 0x00, 0xFB, 0xC0,
    0xFE, 0xF3, 0xFF, 0x3C, 0xFF, 0x8F, 0x3F, 0x80, 0x0F, 0x80, 0x01, 0xE0, 0x00, 0x3C, 0x00, 0x07,
    0x80, 0x01, 0xF0, 0x00, 0x00, 0x00, 0x00, 0x00, 0x00, 0x00, 0x07, 0xFC, 0x07, 0xFF, 0x83, 0xFF,
    0xF0, 0xFC, 0x7E, 0x7C, 0x07, 0x9E, 0x01, 0xF0, 0x00, 0x3C, 0x00, 0x0F, 0x0F, 0xFF, 0xCF, 0xFF,
    0xF7, 0xFF, 0xFD, 0xF8, 0x0F, 0xF8, 0x03, 0xFE, 0x00, 0xFF, 0x00, 0x7F, 0xE0, 0x1F, 0xF8, 0x0F,
    0xDF, 0xCF, 0xF7, 0xFF, 0xFC, 0xFF, 0xEF, 0x0F, 0xF3, 0xC0, 0x00, 0x1E, 0x00, 0x0F, 0x00, 0x07,
    0x80, 0x03, 0xE0, 0x01, 0xF0, 0x00, 0x00, 0x00, 0x00, 0x00, 0x00, 0x00, 0x07, 0xFC, 0x07, 0xFF,
    0x83, 0xFF, 0xF0, 0xFC, 0x7E, 0x7C, 0x07, 0x9E, 0x01, 0xF0, 0x00, 0x3C, 0x00, 0x0F, 0x0F, 0xFF,
    0xCF, 0xFF, 0xF7, 0xFF, 0xFD, 0xF8, 0x0F, 0xF8, 0x03, 0xFE, 0x00, 0xFF, 0x00, 0x7F, 0xE0, 0x1F,
    0xF8, 0x0F, 0xDF, 0xCF, 0xF7, 0xFF, 0xFC, 0xFF, 0xEF, 0x0F, 0xF3, 0xC0, 0x01, 0xF0, 0x00, 0xFE,
    0x00, 0x7F, 0xC0, 0x3E, 0xF8, 0x1F, 0x0F, 0x00, 0x00, 0x00, 0x00, 0x00, 0x00, 0x00, 0x07, 0xFC,
    0x07, 0xFF, 0x83, 0xFF, 0xF0, 0xFC, 0x7E, 0x7C, 0x07, 0x9E, 0x01, 0xF0, 0x00, 0x3C, 0x00, 0x0F,
    0x0F, 0xFF, 0xCF, 0xFF, 0xF7, 0xFF, 0xFD, 0xF8, 0x0F, 0xF8, 0x03, 0xFE, 0x00, 0xFF, 0x00, 0x7F,
    0xE0, 0x1F, 0xF8, 0x0F, 0xDF, 0xCF, 0xF7, 0xFF, 0xFC, 0xFF, 0xEF, 0x0F, 0xF3, 0xC0, 0x07, 0x87,
    0x03, 0xF9, 0xC1, 0xFF, 0xF0, 0x71, 0xF8, 0x1C, 0x3E, 0x00, 0x00, 0x00, 0x00, 0x00, 0x00, 0x00,
    0x07, 0xFC, 0x07, 0xFF, 0x83, 0xFF, 0xF0, 0xFC, 0x7E, 0x7C, 0x07, 0x9E, 0x01, 0xF0, 0x00, 0x3C,
    0x00, 0x0F, 0x0F, 0xFF, 0xCF, 0xFF, 0xF7, 0xFF, 0xFD, 0xF8, 0x0F, 0xF8, 0x03, 0xFE, 0x00, 0xFF,
    0x00, 0x7F, 0xE0, 0x1F, 0xF8, 0x0F, 0xDF, 0xCF, 0xF7, 0xFF, 0xFC, 0xFF, 0xEF, 0x0F, 0xF3, 0xC0,
    0x1E, 0x0F, 0x07, 0xC7, 0xC1, 0xF1, 0xF8, 0x7C, 0x7C, 0x1E, 0x0F, 0x00, 0x00, 0x00, 0x00, 0x00,
    0x00, 0x00, 0x07, 0xFC, 0x07, 0xFF, 0x83, 0xFF, 0xF0, 0xFC, 0x7E, 0x7C, 0x07, 0x9E, 0x01, 0xF0,
    0x00, 0x3C, 0x00, 0x0F, 0x0F, 0xFF, 0xCF, 0xFF, 0xF7, 0xFF, 0xFD, 0xF8, 0x0F, 0xF8, 0x03, 0xFE,
    0x00, 0xFF, 0x00, 0x7F, 0xE0, 0x1F, 0xF8, 0x0F, 0xDF, 0xCF, 0xF7, 0xFF, 0xFC, 0xFF, 0xEF, 0x0F,
    0xF3, 0xC0, 0x01, 0xF0, 0x00, 0xFF, 0x00, 0x7B, 0xC0, 0x1C, 0x70, 0x07, 0x1C, 0x01, 0xC7, 0x00,
    0x7B, 0xC0, 0x0F, 0xF0, 0x01, 0xF8, 0x00, 0x00, 0x00, 0x00, 0x00, 0x1F, 0xF0, 0x1F, 0xFE, 0x0F,
    0xFF, 0xC3, 0xF1, 0xF9, 0xF0, 0x1E, 0x78, 0x07, 0xC0, 0x00, 0xF0, 0x00, 0x3C, 0x3F, 0xFF, 0x3F,
    0xFF, 0xDF, 0xFF, 0xF7, 0xE0, 0x3F, 0xE0, 0x0F, 0xF8, 0x03, 0xFC, 0x01, 0xFF, 0x80, 0x7F, 0xE0,
    0x3F, 0x7F, 0x3F, 0xDF, 0xFF, 0xF3, 0xFF, 0xBC, 0x3F, 0xCF, 0x1F, 0x8F, 0xC1, 0xFE, 0xFF, 0x1F,
    0xFF, 0xFC, 0xF1, 0xF1, 0xEF, 0x0F, 0x87, 0x80, 0x38, 0x3C, 0x01, 0xC1, 0xE0, 0x0E, 0x0F, 0x1F,
    0xFF, 0xF9, 0xFF, 0xFF, 0xDF, 0xFF, 0xFF, 0xF8, 0xE0, 0x0F, 0x07, 0x00, 0x78, 0x38, 0x03, 0xC1,
    0xC0, 0x1E, 0x0E, 0x0F, 0xF0, 0xF8, 0x7F, 0xCF, 0xE7, 0xDF, 0xFF, 0xFC, 0x7F, 0xBF, 0xC1, 0xF8,
    0xFC, 0x00, 0x0F, 0xF8, 0x0F, 0xFF, 0x0F, 0xFF, 0xCF, 0xE7, 0xE7, 0x80, 0xFF, 0xC0, 0x3F, 0xC0,
    0x1F, 0xE0, 0x00, 0xF0, 0x00, 0x78, 0x00, 0x3C, 0x00, 0x1E, 0x00, 0x0F, 0x00, 0x07, 0x80, 0x03,
    0xC0, 0x1F, 0xF0, 0x0F, 0x78, 0x0F, 0xBF, 0x9F, 0x8F, 0xFF, 0xC3, 0xFF, 0xC0, 0xFF, 0x80, 0x1C,
    0x00, 0x1F, 0x80, 0x07, 0xF0, 0x00, 0x78, 0x00, 0x7C, 0x01, 0xFE, 0x00, 0xFE, 0x00, 0x00, 0x00,
    0x1E, 0x00, 0x07, 0x80, 0x03, 0xE0, 0x00, 0xF8, 0x00, 0x3E, 0x00, 0x00, 0x00, 0x00, 0x00, 0x00,
    0x00, 0x0F, 0xF8, 0x0F, 0xFE, 0x0F, 0xFF, 0x8F, 0xC7, 0xEF, 0x80, 0xF7, 0x80, 0x3F, 0xC0, 0x1F,
    0xE0, 0x0F, 0xFF, 0xFF, 0xFF, 0xFF, 0xFF, 0xFF, 0xFE, 0x00, 0x0F, 0x00, 0x07, 0x80, 0x03, 0xC0,
    0x01, 0xE0, 0x0F, 0xF8, 0x0F, 0xBF, 0x3F, 0x8F, 0xFF, 0x83, 0xFF, 0x80, 0xFF, 0x80, 0x00, 0x7C,
    0x00, 0x3C, 0x00, 0x3C, 0x00, 0x3C, 0x00, 0x3E, 0x00, 0x00, 0x00, 0x00, 0x00, 0x00, 0x00, 0x0F,
    0xF8, 0x0F, 0xFE, 0x0F, 0xFF, 0x8F, 0xC7, 0xEF, 0x80, 0xF7, 0x80, 0x3F, 0xC0, 0x1F, 0xE0, 0x0F,
    0xFF, 0xFF, 0xFF, 0xFF, 0xFF, 0xFF, 0xFE, 0x00, 0x0F, 0x00, 0x07, 0x80, 0x03, 0xC0, 0x01, 0xE0,
    0x0F, 0xF8, 0x0F, 0xBF, 0x3F, 0x8F, 0xFF, 0x83, 0xFF, 0x80, 0xFF, 0x80, 0x03, 0xE0, 0x03, 0xF8,
    0x03, 0xFE, 0x03, 0xEF, 0x83, 0xC3, 0xE0, 0x00, 0x00, 0x00, 0x00, 0x00, 0x00, 0x0F, 0xF8, 0x0F,
    0xFE, 0x0F, 0xFF, 0x8F, 0xC7, 0xEF, 0x80, 0xF7, 0x80, 0x3F, 0xC0, 0x1F, 0xE0, 0x0F, 0xFF, 0xFF,
    0xFF, 0xFF, 0xFF, 0xFF, 0xFE, 0x00, 0x0F, 0x00, 0x07, 0x80, 0x03, 0xC0, 0x01, 0xE0, 0x0F, 0xF8,
    0x0F, 0xBF, 0x3F, 0x8F, 0xFF, 0x83, 0xFF, 0x80, 0xFF, 0x80, 0x3C, 0x1E, 0x1F, 0x1F, 0x1F, 0x8F,
    0x87, 0xC7, 0xC3, 0xC1, 0xE0, 0x00, 0x00, 0x00, 0x00, 0x00, 0x00, 0x0F, 0xF8, 0x0F, 0xFE, 0x0F,
    0xFF, 0x8F, 0xC7, 0xEF, 0x80, 0xF7, 0x80, 0x3F, 0xC0, 0x1F, 0xE0, 0x0F, 0xFF, 0xFF, 0xFF, 0xFF,
    0xFF, 0xFF, 0xFE, 0x00, 0x0F, 0x00, 0x07, 0x80, 0x03, 0xC0, 0x01, 0xE0, 0x0F, 0xF8, 0x0F, 0xBF,
    0x3F, 0x8F, 0xFF, 0x83, 0xFF, 0x80, 0xFF, 0x80, 0x1F, 0x00, 0x01, 0xF0, 0x00, 0x1F, 0x00, 0x01,
    0xF0, 0x00, 0x1E, 0x00, 0x00, 0x00, 0x00, 0x00, 0x00, 0x00, 0x00, 0x7F, 0xE0, 0x0F, 0xFC, 0x01,
    0xFF, 0x80, 0x00, 0xF0, 0x00, 0x1E, 0x00, 0x03, 0xC0, 0x00, 0x78, 0x00, 0x0F, 0x00, 0x01, 0xE0,
    0x00, 0x3C, 0x00, 0x07, 0x80, 0x00, 0xF0, 0x00, 0x1E, 0x00, 0x03, 0xC0, 0x00, 0x78, 0x00, 0x0F,
    0x00, 0x01, 0xE0, 0x00, 0x3C, 0x03, 0xFF, 0xFF, 0x7F, 0xFF, 0xEF, 0xFF, 0xFC, 0x00, 0x3E, 0x00,
    0x0F, 0x80, 0x03, 0xE0, 0x00, 0x78, 0x00, 0x1E, 0x00, 0x00, 0x00, 0x00, 0x00, 0x00, 0x00, 0x00,
    0x7F, 0xE0, 0x0F, 0xFC, 0x01, 0xFF, 0x80, 0x00, 0xF0, 0x00, 0x1E, 0x00, 0x03, 0xC0, 0x00, 0x78,
    0x00, 0x0F, 0x00, 0x01, 0xE0, 0x00, 0x3C, 0x00, 0x07, 0x80, 0x00, 0xF0, 0x00, 0x1E, 0x00, 0x03,
    0xC0, 0x00, 0x78, 0x00, 0x0F, 0x00, 0x01, 0xE0, 0x00, 0x3C, 0x03, 0xFF, 0xFF, 0x7F, 0xFF, 0xEF,
    0xFF, 0xFC, 0x03, 0xF0, 0x00, 0xFF, 0x00, 0x3F, 0xF0, 0x0F, 0x9F, 0x03, 0xE1, 0xF0, 0x00, 0x00,
    0x00, 0x00, 0x00, 0x00, 0x00, 0x7F, 0xE0, 0x0F, 0xFC, 0x01, 0xFF, 0x80, 0x00, 0xF0, 0x00, 0x1E,
    0x00, 0x03, 0xC0, 0x00, 0x78, 0x00, 0x0F, 0x00, 0x01, 0xE0, 0x00, 0x3C, 0x00, 0x07, 0x80, 0x00,
    0xF0, 0x00, 0x1E, 0x00, 0x03, 0xC0, 0x00, 0x78, 0x00, 0x0F, 0x00, 0x01, 0xE0, 0x00, 0x3C, 0x03,
    0xFF, 0xFF, 0x7F, 0xFF, 0xEF, 0xFF, 0xFC, 0x1E, 0x1E, 0x07, 0xC3, 0xE0, 0xFC, 0xFC, 0x1F, 0x0F,
    0x81, 0xE1, 0xE0, 0x00, 0x00, 0x00, 0x00, 0x00, 0x00, 0x00, 0x7F, 0xE0, 0x0F, 0xFC, 0x01, 0xFF,
    0x80, 0x00, 0xF0, 0x00, 0x1E, 0x00, 0x03, 0xC0, 0x00, 0x78, 0x00, 0x0F, 0x00, 0x01, 0xE0, 0x00,
    0x3C, 0x00, 0x07, 0x80, 0x00, 0xF0, 0x00, 0x1E, 0x00, 0x03, 0xC0, 0x00, 0x78, 0x00, 0x0F, 0x00,
    0x01, 0xE0, 0x00, 0x3C, 0x03, 0xFF, 0xFF, 0x7F, 0xFF, 0xEF, 0xFF, 0xFC, 0x00, 0x00, 0x01, 0xF0,
    0xE0, 0x1F, 0x7C, 0x01, 0xFF, 0x80, 0x3F, 0xC0, 0x1F, 0xE0, 0x0F, 0xFE, 0x01, 0xF3, 0xC0, 0x38,
    0x3C, 0x00, 0x07, 0xC0, 0x00, 0x7C, 0x03, 0xF7, 0x80, 0xFF, 0xF8, 0x7F, 0xFF, 0x0F, 0xC7, 0xF3,
    0xE0, 0x3E, 0x78, 0x03, 0xDF, 0x00, 0x7B, 0xE0, 0x0F, 0x78, 0x01, 0xFF, 0x80, 0x3D, 0xF0, 0x07,
    0x9E, 0x00, 0xF3, 0xE0, 0x3E, 0x3F, 0x3F, 0x87, 0xFF, 0xE0, 0x3F, 0xF8, 0x03, 0xFE, 0x00, 0x0F,
    0x0E, 0x0F, 0xE7, 0x0F, 0xFF, 0x87, 0x1F, 0x83, 0x87, 0xC0, 0x00, 0x00, 0x00, 0x00, 0x00, 0x00,
    0xF3, 0xF8, 0x7B, 0xFF, 0x3F, 0xFF, 0x9F, 0xC7, 0xEF, 0x81, 0xF7, 0xC0, 0x7F, 0xC0, 0x3F, 0xE0,
    0x0F, 0xF0, 0x07, 0xF8, 0x03, 0xFC, 0x01, 0xFE, 0x00, 0xFF, 0x00, 0x7F, 0x80, 0x3F, 0xC0, 0x1F,
    0xE0, 0x0F, 0xF0, 0x07, 0xF8, 0x03, 0xFC, 0x01, 0xFE, 0x00, 0xFF, 0x00, 0x78, 0x1E, 0x00, 0x07,
    0x80, 0x03, 0xE0, 0x00, 0xF8, 0x00, 0x3E, 0x00, 0x00, 0x00, 0x00, 0x00, 0x00, 0x00, 0x0F, 0xF8,
    0x0F, 0xFE, 0x0F, 0xFF, 0x8F, 0xC7, 0xEF, 0x80, 0xF7, 0x80, 0x7F, 0xC0, 0x1F, 0xE0, 0x0F, 0xF0,
    0x07, 0xF8, 0x03, 0xFC, 0x01, 0xFE, 0x00, 0xFF, 0x00, 0x7F, 0x80, 0x3F, 0xC0, 0x1F, 0xE0, 0x1F,
    0xF8, 0x0F, 0x3F, 0x1F, 0x8F, 0xFF, 0x83, 0xFF, 0x80, 0xFF, 0x80, 0x00, 0x7C, 0x00, 0x3C, 0x00,
    0x3C, 0x00, 0x3C, 0x00, 0x3E, 0x00, 0x00, 0x00, 0x00, 0x00, 0x00, 0x00, 0x0F, 0xF8, 0x0F, 0xFE,
    0x0F, 0xFF, 0x8F, 0xC7, 0xEF, 0x80, 0xF7, 0x80, 0x7F, 0xC0, 0x1F, 0xE0, 0x0F, 0xF0, 0x07, 0xF8,
    0x03, 0xFC, 0x01, 0xFE, 0x00, 0xFF, 0x00, 0x7F, 0x80, 0x3F, 0xC0, 0x1F, 0xE0, 0x1F, 0xF8, 0x0F,
    0x3F, 0x1F, 0x8F, 0xFF, 0x83, 0xFF, 0x80, 0xFF, 0x80, 0x03, 0xE0, 0x03, 0xF8, 0x03, 0xFE, 0x03,
    0xEF, 0x83, 0xC3, 0xE0, 0x00, 0x00, 0x00, 0x00, 0x00, 0x00, 0x0F, 0xF8, 0x0F, 0xFE, 0x0F, 0xFF,
    0x8F, 0xC7, 0xEF, 0x80, 0xF7, 0x80, 0x7F, 0xC0, 0x1F, 0xE0, 0x0F, 0xF0, 0x07, 0xF8, 0x03, 0xFC,
    0x01, 0xFE, 0x00, 0xFF, 0x00, 0x7F, 0x80, 0x3F, 0xC0, 0x1F, 0xE0, 0x1F, 0xF8, 0x0F, 0x3F, 0x1F,
    0x8F, 0xFF, 0x83, 0xFF, 0x80, 0xFF, 0x80, 0x1F, 0x0E, 0x0F, 0xC7, 0x0F, 0xFF, 0x87, 0x3F, 0x83,
    0x8F, 0x80, 0x00, 0x00, 0x00, 0x00, 0x00, 0x00, 0x0F, 0xF8, 0x0F, 0xFE, 0x0F, 0xFF, 0x8F, 0xC7,
    0xEF, 0x80, 0xF7, 0x80, 0x7F, 0xC0, 0x1F, 0xE0, 0x0F, 0xF0, 0x07, 0xF8, 0x03, 0xFC, 0x01, 0xFE,
    0x00, 0xFF, 0x00, 0x7F, 0x80, 0x3F, 0xC0, 0x1F, 0xE0, 0x1F, 0xF8, 0x0F, 0x3F, 0x1F, 0x8F, 0xFF,
    0x83, 0xFF, 0x80, 0xFF, 0x80, 0x3C, 0x1E, 0x1F, 0x1F, 0x1F, 0x8F, 0x87, 0xC7, 0xC3, 0xC1, 0xE0,
    0x00, 0x00, 0x00, 0x00, 0x00, 0x00, 0x0F, 0xF8, 0x0F, 0xFE, 0x0F, 0xFF, 0x8F, 0xC7, 0xEF, 0x80,
    0xF7, 0x80, 0x7F, 0xC0, 0x1F, 0xE0, 0x0F, 0xF0, 0x07, 0xF8, 0x03, 0xFC, 0x01, 0xFE, 0x00, 0xFF,
    0x00, 0x7F, 0x80, 0x3F, 0xC0, 0x1F, 0xE0, 0x1F, 0xF8, 0x0F, 0x3F, 0x1F, 0x8F, 0xFF, 0x83, 0xFF,
    0x80, 0xFF, 0x80, 0x03, 0xE0, 0x07, 0xF0, 0x07, 0xF0, 0x07, 0xF0, 0x07, 0xF0, 0x03, 0xE0, 0x00,
    0x00, 0x00, 0x00, 0x00, 0x00, 0xFF, 0xFF, 0xFF, 0xFF, 0xFF, 0xFF, 0x00, 0x00, 0x00, 0x00, 0x00,
    0x00, 0x03, 0xE0, 0x07, 0xF0, 0x07, 0xF0, 0x07, 0xF0, 0x07, 0xF0, 0x03, 0xE0, 0x00, 0x00, 0x78,
    0x00, 0x07, 0x80, 0xFF, 0xFC, 0x0F, 0xFF, 0xC0, 0xFF, 0xFC, 0x0F, 0xCF, 0xE0, 0x78, 0x1F, 0x07,
    0x81, 0xFC, 0x3C, 0x1F, 0xE1, 0xE1, 0xFF, 0x0F, 0x0F, 0x78, 0x78, 0xF3, 0xC3, 0xCF, 0x1E, 0x1E,
    0x78, 0xF0, 0xF7, 0x87, 0x87, 0xF8, 0x3C, 0x3F, 0x81, 0xE1, 0xFC, 0x1F, 0x07, 0xC0, 0xF0, 0x3F,
    0x9F, 0x83, 0xFF, 0xF8, 0x1F, 0xFF, 0x81, 0xEF, 0xF8, 0x1E, 0x00, 0x00, 0x1E, 0x00, 0x07, 0x80,
    0x03, 0xE0, 0x00, 0xF8, 0x00, 0x3E, 0x00, 0x00, 0x00, 0x00, 0x00, 0x00, 0x00, 0xF0, 0x07, 0xF8,
    0x03, 0xFC, 0x01, 0xFE, 0x00, 0xFF, 0x00, 0x7F, 0x80, 0x3F, 0xC0, 0x1F, 0xE0, 0x0F, 0xF0, 0x07,
    0xF8, 0x03, 0xFC, 0x01, 0xFE, 0x00, 0xFF, 0x00, 0x7F, 0x80, 0x3F, 0xC0, 0x3F, 0xF0, 0x1E, 0x78,
    0x1F, 0x3F, 0x3F, 0x8F, 0xFF, 0x83, 0xFF, 0x80, 0xFF, 0x00, 0x00, 0x7C, 0x00, 0x3C, 0x00, 0x3C,
    0x00, 0x3C, 0x00, 0x3E, 0x00, 0x00, 0x00, 0x00, 0x00, 0x00, 0x00, 0xF0, 0x07, 0xF8, 0x03, 0xFC,
    0x01, 0xFE, 0x00, 0xFF, 0x00, 0x7F, 0x80, 0x3F, 0xC0, 0x1F, 0xE0, 0x0F, 0xF0, 0x07, 0xF8, 0x03,
    0xFC, 0x01, 0xFE, 0x00, 0xFF, 0x00, 0x7F, 0x80, 0x3F, 0xC0, 0x3F, 0xF0, 0x1E, 0x78, 0x1F, 0x3F,
    0x3F, 0x8F, 0xFF, 0x83, 0xFF, 0x80, 0xFF, 0x00, 0x03, 0xE0, 0x03, 0xF8, 0x03, 0xFE, 0x03, 0xEF,
    0x83, 0xC3, 0xE0, 0x00, 0x00, 0x00, 0x00, 0x00, 0x00, 0xF0, 0x07, 0xF8, 0x03, 0xFC, 0x01, 0xFE,
    0x00, 0xFF, 0x00, 0x7F, 0x80, 0x3F, 0xC0, 0x1F, 0xE0, 0x0F, 0xF0, 0x07, 0xF8, 0x03, 0xFC, 0x01,
    0xFE, 0x00, 0xFF, 0x00, 0x7F, 0x80, 0x3F, 0xC0, 0x3F, 0xF0, 0x1E, 0x78, 0x1F, 0x3F, 0x3F, 0x8F,
    0xFF, 0x83, 0xFF, 0x80, 0xFF, 0x00, 0x3C, 0x1E, 0x1F, 0x1F, 0x1F, 0x8F, 0x87, 0xC7, 0xC3, 0xC1,
    0xE0, 0x00, 0x00, 0x00, 0x00, 0x00, 0x00, 0xF0, 0x07, 0xF8, 0x03, 0xFC, 0x01, 0xFE, 0x00, 0xFF,
    0x00, 0x7F, 0x80, 0x3F, 0xC0, 0x1F, 0xE0, 0x0F, 0xF0, 0x07, 0xF8, 0x03, 0xFC, 0x01, 0xFE, 0x00,
    0xFF, 0x00, 0x7F, 0x80, 0x3F, 0xC0, 0x3F, 0xF0, 0x1E, 0x78, 0x1F, 0x3F, 0x3F, 0x8F, 0xFF, 0x83,
    0xFF, 0x80, 0xFF, 0x00, 0x00, 0x3E, 0x00, 0x07, 0x80, 0x01, 0xE0, 0x00, 0x78, 0x00, 0x1F, 0x00,
    0x00, 0x00, 0x00, 0x00, 0x00, 0x00, 0x00, 0xF0, 0x01, 0xFF, 0x00, 0x7D, 0xE0, 0x0F, 0x3C, 0x01,
    0xE7, 0xC0, 0x78, 0x78, 0x0F, 0x0F, 0x83, 0xE0, 0xF0, 0x78, 0x1E, 0x0F, 0x03, 0xE3, 0xE0, 0x3C,
    0x78, 0x07, 0x8F, 0x00, 0x7B, 0xC0, 0x0F, 0x78, 0x01, 0xFF, 0x00, 0x1F, 0xC0, 0x03, 0xF8, 0x00,
    0x3F, 0x00, 0x07, 0xC0, 0x00, 0xF8, 0x00, 0x1F, 0x00, 0x03, 0xC0, 0x00, 0xF8, 0x00, 0x1E, 0x00,
    0x03, 0xC0, 0x00, 0xF8, 0x00, 0x1E, 0x00, 0x03, 0xC0, 0x00, 0xF0, 0x00, 0x78, 0x00, 0x3C, 0x00,
    0x1E, 0x00, 0x0F, 0x00, 0x07, 0x80, 0x03, 0xCF, 0xE1, 0xEF, 0xF8, 0xFF, 0xFE, 0x7F, 0x3F, 0xBE,
    0x03, 0xDF, 0x01, 0xEF, 0x00, 0xFF, 0x80, 0x3F, 0xC0, 0x1F, 0xE0, 0x0F, 0xF0, 0x07, 0xF8, 0x03,
    0xFC, 0x01, 0xFE, 0x00, 0xFF, 0x00, 0xFF, 0xC0, 0x7B, 0xE0, 0x3D, 0xFC, 0xFE, 0xFF, 0xFE, 0x7B,
    0xFE, 0x3C, 0xFE, 0x1E, 0x00, 0x0F, 0x00, 0x07, 0x80, 0x03, 0xC0, 0x01, 0xE0, 0x00, 0xF0, 0x00,
    0x78, 0x00, 0x00, 0x1E, 0x0F, 0x03, 0xE3, 0xE0, 0xFC, 0x7C, 0x0F, 0x8F, 0x81, 0xE0, 0xF0, 0x00,
    0x00, 0x00, 0x00, 0x00, 0x00, 0x00, 0xF0, 0x01, 0xFF, 0x00, 0x7D, 0xE0, 0x0F, 0x3C, 0x01, 0xE7,
    0xC0, 0x78, 0x78, 0x0F, 0x0F, 0x83, 0xE0, 0xF0, 0x78, 0x1E, 0x0F, 0x03, 0xE3, 0xE0, 0x3C, 0x78,
    0x07, 0x8F, 0x00, 0x7B, 0xC0, 0x0F, 0x78, 0x01, 0xFF, 0x00, 0x1F, 0xC0, 0x03, 0xF8, 0x00, 0x3F,
    0x00, 0x07, 0xC0, 0x00, 0xF8, 0x00, 0x1F, 0x00, 0x03, 0xC0, 0x00, 0xF8, 0x00, 0x1E, 0x00, 0x03,
    0xC0, 0x00, 0xF8, 0x00, 0x1E, 0x00, 0x03, 0xC0, 0x00, 0x00, 0x00, 0x00, 0xFF, 0xF8, 0x0F, 0xFF,
    0x80, 0xFF, 0xF8, 0x00, 0x00, 0x00, 0x00, 0x00, 0x00, 0x00, 0x00, 0x00, 0x00, 0x00, 0x00, 0x00,
    0x0F, 0x80, 0x01, 0xF8, 0x00, 0x1F, 0xC0, 0x01, 0xFC, 0x00, 0x1F, 0xC0, 0x03, 0xDE, 0x00, 0x3D,
    0xE0, 0x03, 0xDE, 0x00, 0x79, 0xE0, 0x07, 0x8F, 0x00, 0x78, 0xF0, 0x07, 0x8F, 0x00, 0xF0, 0xF0,
    0x0F, 0x07, 0x80, 0xF0, 0x78, 0x0F, 0x07, 0x81, 0xE0, 0x78, 0x1F, 0xFF, 0xC1, 0xFF, 0xFC, 0x1F,
    0xFF, 0xC3, 0xC0, 0x3E, 0x3C, 0x01, 0xE3, 0xC0, 0x1E, 0x7C, 0x01, 0xE7, 0x80, 0x1F, 0x78, 0x00,
    0xF7, 0x80, 0x0F, 0x00, 0x00, 0x07, 0xFF, 0xC1, 0xFF, 0xF0, 0x7F, 0xFC, 0x00, 0x00, 0x00, 0x00,
    0x00, 0x00, 0x00, 0x00, 0x00, 0x07, 0xFC, 0x07, 0xFF, 0x83, 0xFF, 0xF0, 0xFC, 0x7E, 0x7C, 0x07,
    0x9E, 0x01, 0xF0, 0x00, 0x3C, 0x00, 0x0F, 0x0F, 0xFF, 0xCF, 0xFF, 0xF7, 0xFF, 0xFD, 0xF8, 0x0F,
    0xF8, 0x03, 0xFE, 0x00, 0xFF, 0x00, 0x7F, 0xE0, 0x1F, 0xF8, 0x0F, 0xDF, 0xCF, 0xF7, 0xFF, 0xFC,
    0xFF, 0xEF, 0x0F, 0xF3, 0xC0, 0x0E, 0x07, 0x80, 0xF0, 0x78, 0x0F, 0x07, 0x80, 0x7F, 0xF0, 0x03,
    0xFE, 0x00, 0x1F, 0xC0, 0x00, 0x00, 0x00, 0x00, 0x00, 0x00, 0x00, 0x00, 0x0F, 0x80, 0x01, 0xF8,
    0x00, 0x1F, 0xC0, 0x01, 0xFC, 0x00, 0x1F, 0xC0, 0x03, 0xDE, 0x00, 0x3D, 0xE0, 0x03, 0xDE, 0x00,
    0x79, 0xE0, 0x07, 0x8F, 0x00, 0x78, 0xF0, 0x07, 0x8F, 0x00, 0xF0, 0xF0, 0x0F, 0x07, 0x80, 0xF0,
    0x78, 0x0F, 0x07, 0x81, 0xE0, 0x78, 0x1F, 0xFF, 0xC1, 0xFF, 0xFC, 0x1F, 0xFF, 0xC3, 0xC0, 0x3E,
    0x3C, 0x01, 0xE3, 0xC0, 0x1E, 0x7C, 0x01, 0xE7, 0x80, 0x1F, 0x78, 0x00, 0xF7, 0x80, 0x0F, 0x1C,
    0x07, 0x07, 0x83, 0xC1, 0xE0, 0xF0, 0x3F, 0xF8, 0x07, 0xFC, 0x00, 0xFE, 0x00, 0x00, 0x00, 0x00,
    0x00, 0x00, 0x00, 0x01, 0xFF, 0x01, 0xFF, 0xE0, 0xFF, 0xFC, 0x3F, 0x1F, 0x9F, 0x01, 0xE7, 0x80,
    0x7C, 0x00, 0x0F, 0x00, 0x03, 0xC3, 0xFF, 0xF3, 0xFF, 0xFD, 0xFF, 0xFF, 0x7E, 0x03, 0xFE, 0x00,
    0xFF, 0x80, 0x3F, 0xC0, 0x1F, 0xF8, 0x07, 0xFE, 0x03, 0xF7, 0xF3, 0xFD, 0xFF, 0xFF, 0x3F, 0xFB,
    0xC3, 0xFC, 0xF0, 0x00, 0xF8, 0x00, 0x07, 0xE0, 0x00, 0x1F, 0xC0, 0x00, 0x7F, 0x00, 0x01, 0xFC,
    0x00, 0x0F, 0x78, 0x00, 0x3D, 0xE0, 0x00, 0xF7, 0x80, 0x07, 0x9E, 0x00, 0x1E, 0x3C, 0x00, 0x78,
    0xF0, 0x01, 0xE3, 0xC0, 0x0F, 0x0F, 0x00, 0x3C, 0x1E, 0x00, 0xF0, 0x78, 0x03, 0xC1, 0xE0, 0x1E,
    0x07, 0x80, 0x7F, 0xFF, 0x01, 0xFF, 0xFC, 0x07, 0xFF, 0xF0, 0x3C, 0x03, 0xE0, 0xF0, 0x07, 0x83,
    0xC0, 0x1E, 0x1F, 0x00, 0x78, 0x78, 0x01, 0xF1, 0xE0, 0x03, 0xC7, 0x80, 0x0F, 0x00, 0x00, 0x78,
    0x00, 0x03, 0xC0, 0x00, 0x0E, 0x00, 0x00, 0x78, 0x00, 0x01, 0xF0, 0x00, 0x03, 0xFC, 0x00, 0x07,
    0xF0, 0x00, 0x03, 0x80, 0x07, 0xFC, 0x01, 0xFF, 0xE0, 0x3F, 0xFF, 0x03, 0xF1, 0xF8, 0x7C, 0x07,
    0x87, 0x80, 0x7C, 0x00, 0x03, 0xC0, 0x00, 0x3C, 0x0F, 0xFF, 0xC3, 0xFF, 0xFC, 0x7F, 0xFF, 0xC7,
    0xE0, 0x3C, 0xF8, 0x03, 0xCF, 0x80, 0x3C, 0xF0, 0x07, 0xCF, 0x80, 0x7C, 0xF8, 0x0F, 0xC7, 0xF3,
    0xFC, 0x7F, 0xFF, 0xC3, 0xFF, 0xBC, 0x0F, 0xF3, 0xC0, 0x00, 0x78, 0x00, 0x0F, 0x00, 0x00, 0xF0,
    0x00, 0x1E, 0x00, 0x01, 0xF0, 0x00, 0x0F, 0xF0, 0x00, 0x7F, 0x00, 0x00, 0xE0, 0x00, 0x3C, 0x00,
    0x3E, 0x00, 0x1E, 0x00, 0x1E, 0x00, 0x1E, 0x00, 0x1F, 0x00, 0x00, 0x00, 0x00, 0x00, 0x00, 0x00,
    0x07, 0xFC, 0x07, 0xFF, 0x07, 0xFF, 0xC7, 0xF3, 0xF3, 0xC0, 0x7F, 0xE0, 0x1F, 0xE0, 0x0F, 0xF0,
    0x07, 0xF8, 0x00, 0x3C, 0x00, 0x1E, 0x00, 0x0F, 0x00, 0x07, 0x80, 0x03, 0xC0, 0x01, 0xE0, 0x00,
    0xF0, 0x00, 0x78, 0x00, 0x3C, 0x00, 0x1E, 0x00, 0x0F, 0x00, 0x7F, 0x80, 0x3F, 0xE0, 0x1E, 0xF0,
    0x1F, 0x7F, 0x3F, 0x1F, 0xFF, 0x07, 0xFF, 0x01, 0xFF, 0x00, 0x00, 0x3C, 0x00, 0x3C, 0x00, 0x3E,
    0x00, 0x3E, 0x00, 0x3E, 0x00, 0x00, 0x00, 0x00, 0x00, 0x00, 0x00, 0x0F, 0xF8, 0x0F, 0xFF, 0x0F,
    0xFF, 0xCF, 0xE7, 0xE7, 0x80, 0xFF, 0xC0, 0x3F, 0xC0, 0x1F, 0xE0, 0x00, 0xF0, 0x00, 0x78, 0x00,
    0x3C, 0x00, 0x1E, 0x00, 0x0F, 0x00, 0x07, 0x80, 0x03, 0xC0, 0x1F, 0xF0, 0x0F, 0x78, 0x0F, 0xBF,
    0x9F, 0x8F, 0xFF, 0xC3, 0xFF, 0xC0, 0xFF, 0x80, 0x03, 0xE0, 0x01, 0xF8, 0x01, 0xFE, 0x01, 0xFF,
    0x81, 0xF3, 0xE1, 0xF0, 0xF0, 0x00, 0x00, 0x00, 0x00, 0x00, 0x00, 0x07, 0xFC, 0x07, 0xFF, 0x07,
    0xFF, 0xC7, 0xF3, 0xF3, 0xC0, 0x7F, 0xE0, 0x1F, 0xE0, 0x0F, 0xF0, 0x07, 0xF8, 0x00, 0x3C, 0x00,
    0x1E, 0x00, 0x0F, 0x00, 0x07, 0x80, 0x03, 0xC0, 0x01, 0xE0, 0x00, 0xF0, 0x00, 0x78, 0x00, 0x3C,
    0x00, 0x1E, 0x00, 0x0F, 0x00, 0x7F, 0x80, 0x3F, 0xE0, 0x1E, 0xF0, 0x1F, 0x7F, 0x3F, 0x1F, 0xFF,
    0x07, 0xFF, 0x01, 0xFF, 0x00, 0x03, 0xE0, 0x03, 0xF8, 0x03, 0xFE, 0x03, 0xE7, 0xC3, 0xE1, 0xF0,
    0x00, 0x00, 0x00, 0x00, 0x00, 0x00, 0x0F, 0xF8, 0x0F, 0xFF, 0x0F, 0xFF, 0xCF, 0xE7, 0xE7, 0x80,
    0xFF, 0xC0, 0x3F, 0xC0, 0x1F, 0xE0, 0x00, 0xF0, 0x00, 0x78, 0x00, 0x3C, 0x00, 0x1E, 0x00, 0x0F,
    0x00, 0x07, 0x80, 0x03, 0xC0, 0x1F, 0xF0, 0x0F, 0x78, 0x0F, 0xBF, 0x9F, 0x8F, 0xFF, 0xC3, 0xFF,
    0xC0, 0xFF, 0x80, 0x03, 0xE0, 0x01, 0xF0, 0x00, 0xFC, 0x00, 0x7C, 0x00, 0x3E, 0x00, 0x00, 0x00,
    0x00, 0x00, 0x00, 0x00, 0x00, 0x00, 0x07, 0xFC, 0x07, 0xFF, 0x07, 0xFF, 0xC7, 0xF3, 0xF3, 0xC0,
    0x7F, 0xE0, 0x1F, 0xE0, 0x0F, 0xF0, 0x07, 0xF8, 0x00, 0x3C, 0x00, 0x1E, 0x00, 0x0F, 0x00, 0x07,
    0x80, 0x03, 0xC0, 0x01, 0xE0, 0x00, 0xF0, 0x00, 0x78, 0x00, 0x3C, 0x00, 0x1E, 0x00, 0x0F, 0x00,
    0x7F, 0x80, 0x3F, 0xE0, 0x1E, 0xF0, 0x1F, 0x7F, 0x3F, 0x1F, 0xFF, 0x07, 0xFF, 0x01, 0xFF, 0x00,
    0x03, 0xE0, 0x01, 0xF8, 0x00, 0xFC, 0x00, 0x7E, 0x00, 0x3E, 0x00, 0x00, 0x00, 0x00, 0x00, 0x00,
    0x00, 0x0F, 0xF8, 0x0F, 0xFF, 0x0F, 0xFF, 0xCF, 0xE7, 0xE7, 0x80, 0xFF, 0xC0, 0x3F, 0xC0, 0x1F,
    0xE0, 0x00, 0xF0, 0x00, 0x78, 0x00, 0x3C, 0x00, 0x1E, 0x00, 0x0F, 0x00, 0x07, 0x80, 0x03, 0xC0,
    0x1F, 0xF0, 0x0F, 0x78, 0x0F, 0xBF, 0x9F, 0x8F, 0xFF, 0xC3, 0xFF, 0xC0, 0xFF, 0x80, 0x3C, 0x1E,
    0x1F, 0x1F, 0x07, 0xDF, 0x01, 0xFF, 0x00, 0x7F, 0x00, 0x1F, 0x00, 0x00, 0x00, 0x00, 0x00, 0x00,
    0x00, 0x07, 0xFC, 0x07, 0xFF, 0x07, 0xFF, 0xC7, 0xF3, 0xF3, 0xC0, 0x7F, 0xE0, 0x1F, 0xE0, 0x0F,
    0xF0, 0x07, 0xF8, 0x00, 0x3C, 0x00, 0x1E, 0x00, 0x0F, 0x00, 0x07, 0x80, 0x03, 0xC0, 0x01, 0xE0,
    0x00, 0xF0, 0x00, 0x78, 0x00, 0x3C, 0x00, 0x1E, 0x00, 0x0F, 0x00, 0x7F, 0x80, 0x3F, 0xE0, 0x1E,
    0xF0, 0x1F, 0x7F, 0x3F, 0x1F, 0xFF, 0x07, 0xFF, 0x01, 0xFF, 0x00, 0x3E, 0x1F, 0x0F, 0x9F, 0x03,
    0xFE, 0x00, 0xFE, 0x00, 0x3E, 0x00, 0x00, 0x00, 0x00, 0x00, 0x00, 0x00, 0x0F, 0xF8, 0x0F, 0xFF,
    0x0F, 0xFF, 0xCF, 0xE7, 0xE7, 0x80, 0xFF, 0xC0, 0x3F, 0xC0, 0x1F, 0xE0, 0x00, 0xF0, 0x00, 0x78,
    0x00, 0x3C, 0x00, 0x1E, 0x00, 0x0F, 0x00, 0x07, 0x80, 0x03, 0xC0, 0x1F, 0xF0, 0x0F, 0x78, 0x0F,
    0xBF, 0x9F, 0x8F, 0xFF, 0xC3, 0xFF, 0xC0, 0xFF, 0x80, 0x3C, 0x1E, 0x1F, 0x1F, 0x07, 0xDF, 0x01,
    0xFF, 0x00, 0x7F, 0x00, 0x1F, 0x00, 0x00, 0x00, 0x00, 0x00, 0x00, 0x00, 0x7F, 0xF8, 0x3F, 0xFF,
    0x1F, 0xFF, 0xCF, 0x07, 0xF7, 0x80, 0xFB, 0xC0, 0x3D, 0xE0, 0x1F, 0xF0, 0x07, 0xF8, 0x03, 0xFC,
    0x01, 0xFE, 0x00, 0xFF, 0x00, 0x7F, 0x80, 0x3F, 0xC0, 0x1F, 0xE0, 0x0F, 0xF0, 0x07, 0xF8, 0x03,
    0xFC, 0x01, 0xFE, 0x00, 0xFF, 0x00, 0x7F, 0x80, 0x7F, 0xC0, 0x3D, 0xE0, 0x3E, 0xF0, 0x7F, 0x7F,
    0xFF, 0x3F, 0xFF, 0x1F, 0xFE, 0x00, 0x00, 0x1F, 0x78, 0x00, 0xFB, 0xC0, 0x07, 0xDE, 0x00, 0x3E,
    0xF0, 0x01, 0xF7, 0x80, 0x0F, 0xBC, 0x7F, 0x7D, 0xC7, 0xFF, 0xE0, 0x7F, 0xFF, 0x03, 0xF3, 0xF8,
    0x3E, 0x0F, 0xC1, 0xF0, 0x3E, 0x0F, 0x01, 0xF0, 0x78, 0x0F, 0x83, 0xC0, 0x7C, 0x1E, 0x03, 0xE0,
    0xF0, 0x1F, 0x07, 0x80, 0xF8, 0x3C, 0x07, 0xC1, 0xE0, 0x3E, 0x0F, 0x01, 0xF0, 0x7C, 0x0F, 0x83,
    0xE0, 0xFC, 0x0F, 0xCF, 0xE0, 0x7F, 0xFF, 0x01, 0xFF, 0xF8, 0x07, 0xF7, 0xC0, 0x1F, 0xFE, 0x01,
    0xFF, 0xF8, 0x1F, 0xFF, 0xC1, 0xE0, 0xFE, 0x1E, 0x03, 0xE1, 0xE0, 0x1E, 0x1E, 0x01, 0xF1, 0xE0,
    0x0F, 0x1E, 0x00, 0xF1, 0xE0, 0x0F, 0x1E, 0x00, 0xF1, 0xE0, 0x0F, 0xFF, 0xE0, 0xFF, 0xFE, 0x0F,
    0xFF, 0xE0, 0xF1, 0xE0, 0x0F, 0x1E, 0x00, 0xF1, 0xE0, 0x0F, 0x1E, 0x00, 0xF1, 0xE0, 0x0F, 0x1E,
    0x01, 0xF1, 0xE0, 0x1E, 0x1E, 0x03, 0xE1, 0xE0, 0xFE, 0x1F, 0xFF, 0xC1, 0xFF, 0xF8, 0x1F, 0xFE,
    0x00, 0x00, 0x0F, 0x80, 0x00, 0xF8, 0x03, 0xFF, 0xF0, 0x3F, 0xFF, 0x03, 0xFF, 0xF0, 0x00, 0xF8,
    0x00, 0x0F, 0x80, 0x00, 0xF8, 0x0F, 0xEF, 0x83, 0xFF, 0xF8, 0x7F, 0xFF, 0x87, 0xE7, 0xF8, 0x78,
    0x1F, 0x8F, 0x80, 0xF8, 0xF0, 0x0F, 0x8F, 0x00, 0xF8, 0xF0, 0x0F, 0x8F, 0x00, 0xF8, 0xF0, 0x0F,
    0x8F, 0x00, 0xF8, 0xF0, 0x0F, 0x8F, 0x80, 0xF8, 0x78, 0x1F, 0x87, 0xE7, 0xF8, 0x7F, 0xFF, 0x83,
    0xFF, 0xF8, 0x0F, 0xEF, 0x80, 0x00, 0x00, 0x1F, 0xFF, 0x0F, 0xFF, 0x87, 0xFF, 0xC0, 0x00, 0x00,
    0x00, 0x00, 0x00, 0x00, 0x00, 0x00, 0x00, 0x00, 0x7F, 0xFF, 0xFF, 0xFF, 0xFF, 0xFF, 0xFF, 0x80,
    0x07, 0xC0, 0x03, 0xE0, 0x01, 0xF0, 0x00, 0xF8, 0x00, 0x7C, 0x00, 0x3E, 0x00, 0x1F, 0x00, 0x0F,
    0xFF, 0xF7, 0xFF, 0xFB, 0xFF, 0xFD, 0xF0, 0x00, 0xF8, 0x00, 0x7C, 0x00, 0x3E, 0x00, 0x1F, 0x00,
    0x0F, 0x80, 0x07, 0xC0, 0x03, 0xE0, 0x01, 0xF0, 0x00, 0xF8, 0x00, 0x7F, 0xFF, 0xFF, 0xFF, 0xFF,
    0xFF, 0xF0, 0x00, 0x00, 0x1F, 0xFF, 0x0F, 0xFF, 0x87, 0xFF, 0xC0, 0x00, 0x00, 0x00, 0x00, 0x00,
    0x00, 0x00, 0x00, 0x0F, 0xF8, 0x0F, 0xFE, 0x0F, 0xFF, 0x8F, 0xC7, 0xEF, 0x80, 0xF7, 0x80, 0x3F,
    0xC0, 0x1F, 0xE0, 0x0F, 0xFF, 0xFF, 0xFF, 0xFF, 0xFF, 0xFF, 0xFE, 0x00, 0x0F, 0x00, 0x07, 0x80,
    0x03, 0xC0, 0x01, 0xE0, 0x0F, 0xF8, 0x0F, 0xBF, 0x3F, 0x8F, 0xFF, 0x83, 0xFF, 0x80, 0xFF, 0x80,
    0x3C, 0x0E, 0x1E, 0x07, 0x07, 0x07, 0x83, 0xFF, 0x80, 0xFF, 0xC0, 0x3F, 0x80, 0x00, 0x00, 0x00,
    0x00, 0x00, 0x00, 0x7F, 0xFF, 0xFF, 0xFF, 0xFF, 0xFF, 0xFF, 0x80, 0x07, 0xC0, 0x03, 0xE0, 0x01,
    0xF0, 0x00, 0xF8, 0x00, 0x7C, 0x00, 0x3E, 0x00, 0x1F, 0x00, 0x0F, 0xFF, 0xF7, 0xFF, 0xFB, 0xFF,
    0xFD, 0xF0, 0x00, 0xF8, 0x00, 0x7C, 0x00, 0x3E, 0x00, 0x1F, 0x00, 0x0F, 0x80, 0x07, 0xC0, 0x03,
    0xE0, 0x01, 0xF0, 0x00, 0xF8, 0x00, 0x7F, 0xFF, 0xFF, 0xFF, 0xFF, 0xFF, 0xF0, 0x38, 0x1E, 0x1E,
    0x0F, 0x0F, 0x07, 0x83, 0xFF, 0x80, 0xFF, 0x80, 0x3F, 0x80, 0x00, 0x00, 0x00, 0x00, 0x00, 0x00,
    0x07, 0xFC, 0x07, 0xFF, 0x07, 0xFF, 0xC7, 0xE3, 0xF7, 0xC0, 0x7B, 0xC0, 0x1F, 0xE0, 0x0F, 0xF0,
    0x07, 0xFF, 0xFF, 0xFF, 0xFF, 0xFF, 0xFF, 0xFF, 0x00, 0x07, 0x80, 0x03, 0xC0, 0x01, 0xE0, 0x00,
    0xF0, 0x07, 0xFC, 0x07, 0xDF, 0x9F, 0xC7, 0xFF, 0xC1, 0xFF, 0xC0, 0x7F, 0xC0, 0x01, 0xE0, 0x01,
    0xF8, 0x00, 0xFC, 0x00, 0x7E, 0x00, 0x1E, 0x00, 0x00, 0x00, 0x00, 0x00, 0x00, 0x00, 0x00, 0x00,
    0x7F, 0xFF, 0xFF, 0xFF, 0xFF, 0xFF, 0xFF, 0x80, 0x07, 0xC0, 0x03, 0xE0, 0x01, 0xF0, 0x00, 0xF8,
    0x00, 0x7C, 0x00, 0x3E, 0x00, 0x1F, 0x00, 0x0F, 0xFF, 0xF7, 0xFF, 0xFB, 0xFF, 0xFD, 0xF0, 0x00,
    0xF8, 0x00, 0x7C, 0x00, 0x3E, 0x00, 0x1F, 0x00, 0x0F, 0x80, 0x07, 0xC0, 0x03, 0xE0, 0x01, 0xF0,
    0x00, 0xF8, 0x00, 0x7F, 0xFF, 0xFF, 0xFF, 0xFF, 0xFF, 0xF0, 0x03, 0xE0, 0x01, 0xF0, 0x01, 0xF8,
    0x00, 0x7C, 0x00, 0x3E, 0x00, 0x00, 0x00, 0x00, 0x00, 0x00, 0x00, 0x0F, 0xF8, 0x0F, 0xFE, 0x0F,
    0xFF, 0x8F, 0xC7, 0xEF, 0x80, 0xF7, 0x80, 0x3F, 0xC0, 0x1F, 0xE0, 0x0F, 0xFF, 0xFF, 0xFF, 0xFF,
    0xFF, 0xFF, 0xFE, 0x00, 0x0F, 0x00, 0x07, 0x80, 0x03, 0xC0, 0x01, 0xE0, 0x0F, 0xF8, 0x0F, 0xBF,
    0x3F, 0x8F, 0xFF, 0x83, 0xFF, 0x80, 0xFF, 0x80, 0xFF, 0xFF, 0xFF, 0xFF, 0xFF, 0xFF, 0xFF, 0x00,
    0x0F, 0x80, 0x07, 0xC0, 0x03, 0xE0, 0x01, 0xF0, 0x00, 0xF8, 0x00, 0x7C, 0x00, 0x3E, 0x00, 0x1F,
    0xFF, 0xEF, 0xFF, 0xF7, 0xFF, 0xFB, 0xE0, 0x01, 0xF0, 0x00, 0xF8, 0x00, 0x7C, 0x00, 0x3E, 0x00,
    0x1F, 0x00, 0x0F, 0x80, 0x07, 0xC0, 0x03, 0xE0, 0x01, 0xF0, 0x00, 0xFF, 0xFF, 0xFF, 0xFF, 0xFF,
    0xFF, 0xE0, 0x03, 0xC0, 0x03, 0xC0, 0x03, 0xC0, 0x01, 0xE0, 0x00, 0xF8, 0x00, 0x7F, 0x80, 0x1F,
    0xC0, 0x00, 0xE0, 0x0F, 0xF8, 0x0F, 0xFE, 0x0F, 0xFF, 0x8F, 0xC7, 0xE7, 0x80, 0xF7, 0x80, 0x7F,
    0xC0, 0x1F, 0xE0, 0x0F, 0xFF, 0xFF, 0xFF, 0xFF, 0xFF, 0xFF, 0xFE, 0x00, 0x0F, 0x00, 0x07, 0x80,
    0x03, 0xC0, 0x01, 0xF0, 0x1F, 0x78, 0x0F, 0x3F, 0x1F, 0x8F, 0xFF, 0x83, 0xFF, 0x80, 0xFF, 0x80,
    0x07, 0x80, 0x07, 0x80, 0x07, 0x80, 0x03, 0xC0, 0x01, 0xF0, 0x00, 0x7F, 0x80, 0x1F, 0xC0, 0x03,
    0xC0, 0x3C, 0x1F, 0x1F, 0x1F, 0x07, 0xDF, 0x01, 0xFF, 0x00, 0x7F, 0x00, 0x1F, 0x00, 0x00, 0x00,
    0x00, 0x00, 0x00, 0x00, 0x7F, 0xFF, 0xFF, 0xFF, 0xFF, 0xFF, 0xFF, 0x80, 0x07, 0xC0, 0x03, 0xE0,
    0x01, 0xF0, 0x00, 0xF8, 0x00, 0x7C, 0x00, 0x3E, 0x00, 0x1F, 0x00, 0x0F, 0xFF, 0xF7, 0xFF, 0xFB,
    0xFF, 0xFD, 0xF0, 0x00, 0xF8, 0x00, 0x7C, 0x00, 0x3E, 0x00, 0x1F, 0x00, 0x0F, 0x80, 0x07, 0xC0,
    0x03, 0xE0, 0x01, 0xF0, 0x00, 0xF8, 0x00, 0x7F, 0xFF, 0xFF, 0xFF, 0xFF, 0xFF, 0xF0, 0x3C, 0x3E,
    0x0F, 0x3E, 0x03, 0xFE, 0x00, 0xFE, 0x00, 0x3E, 0x00, 0x00, 0x00, 0x00, 0x00, 0x00, 0x00, 0x0F,
    0xF8, 0x0F, 0xFE, 0x0F, 0xFF, 0x8F, 0xC7, 0xEF, 0x80, 0xF7, 0x80, 0x3F, 0xC0, 0x1F, 0xE0, 0x0F,
    0xFF, 0xFF, 0xFF, 0xFF, 0xFF, 0xFF, 0xFE, 0x00, 0x0F, 0x00, 0x07, 0x80, 0x03, 0xC0, 0x01, 0xE0,
    0x0F, 0xF8, 0x0F, 0xBF, 0x3F, 0x8F, 0xFF, 0x83, 0xFF, 0x80, 0xFF, 0x80, 0x03, 0xC0, 0x03, 0xF0,
    0x03, 0xFC, 0x03, 0xFF, 0x03, 0xE7, 0xC1, 0xE0, 0xF0, 0x00, 0x00, 0x00, 0x00, 0x00, 0x00, 0x07,
    0xFC, 0x07, 0xFF, 0x07, 0xFF, 0xC7, 0xE3, 0xF3, 0xC0, 0x7F, 0xE0, 0x1F, 0xE0, 0x0F, 0xF0, 0x07,
    0xF8, 0x00, 0x3C, 0x00, 0x1E, 0x00, 0x0F, 0x00, 0x07, 0x8F, 0xFF, 0xC7, 0xFF, 0xE3, 0xFF, 0xF0,
    0x07, 0xF8, 0x03, 0xFC, 0x01, 0xFE, 0x00, 0xFF, 0x00, 0x7F, 0x80, 0x3F, 0xE0, 0x3E, 0xF0, 0x1E,
    0x7E, 0x3F, 0x1F, 0xFF, 0x07, 0xFF, 0x01, 0xFF, 0x00, 0x03, 0xE0, 0x03, 0xF8, 0x03, 0xFE, 0x07,
    0xCF, 0x87, 0xC3, 0xE0, 0x00, 0x00, 0x00, 0x00, 0x00, 0x00, 0x0F, 0xE7, 0x9F, 0xFB, 0xDF, 0xFF,
    0xEF, 0xCF, 0xFF, 0x81, 0xFF, 0xC0, 0x7F, 0xC0, 0x3F, 0xE0, 0x1F, 0xF0, 0x07, 0xF8, 0x03, 0xFC,
    0x01, 0xFE, 0x00, 0xFF, 0x00, 0xFF, 0x80, 0x7F, 0xE0, 0x3F, 0xF0, 0x3F, 0x7E, 0x7F, 0xBF, 0xFF,
    0xCF, 0xFF, 0xE1, 0xFD, 0xF0, 0x00, 0xF8, 0x00, 0x7C, 0x00, 0x3E, 0x00, 0x1E, 0x00, 0x3F, 0x0F,
    0xFF, 0x07, 0xFF, 0x03, 0xFF, 0x00, 0x38, 0x1E, 0x1E, 0x0F, 0x0F, 0x07, 0x83, 0xFF, 0x80, 0xFF,
    0x80, 0x3F, 0x80, 0x00, 0x00, 0x00, 0x00, 0x00, 0x00, 0x07, 0xFC, 0x07, 0xFF, 0x07, 0xFF, 0xC7,
    0xE3, 0xF3, 0xC0, 0x7F, 0xE0, 0x1F, 0xE0, 0x0F, 0xF0, 0x07, 0xF8, 0x00, 0x3C, 0x00, 0x1E, 0x00,
    0x0F, 0x00, 0x07, 0x8F, 0xFF, 0xC7, 0xFF, 0xE3, 0xFF, 0xF0, 0x07, 0xF8, 0x03, 0xFC, 0x01, 0xFE,
    0x00, 0xFF, 0x00, 0x7F, 0x80, 0x3F, 0xE0, 0x3E, 0xF0, 0x1E, 0x7E, 0x3F, 0x1F, 0xFF, 0x07, 0xFF,
    0x01, 0xFF, 0x00, 0x38, 0x1E, 0x1C, 0x0F, 0x0F, 0x07, 0x03, 0xFF, 0x81, 0xFF, 0x80, 0x3F, 0x80,
    0x00, 0x00, 0x00, 0x00, 0x00, 0x00, 0x07, 0xF3, 0xCF, 0xFD, 0xEF, 0xFF, 0xF7, 0xE7, 0xFF, 0xC0,
    0xFF, 0xE0, 0x3F, 0xE0, 0x1F, 0xF0, 0x0F, 0xF8, 0x03, 0xFC, 0x01, 0xFE, 0x00, 0xFF, 0x00, 0x7F,
    0x80, 0x7F, 0xC0, 0x3F, 0xF0, 0x1F, 0xF8, 0x1F, 0xBF, 0x3F, 0xDF, 0xFF, 0xE7, 0xFF, 0xF0, 0xFE,
    0xF8, 0x00, 0x7C, 0x00, 0x3E, 0x00, 0x1F, 0x00, 0x0F, 0x00, 0x1F, 0x87, 0xFF, 0x83, 0xFF, 0x81,
    0xFF, 0x80, 0x03, 0xE0, 0x01, 0xF0, 0x01, 0xF8, 0x00, 0x7C, 0x00, 0x3E, 0x00, 0x00, 0x00, 0x00,
    0x00, 0x00, 0x00, 0x00, 0x00, 0x07, 0xFC, 0x07, 0xFF, 0x07, 0xFF, 0xC7, 0xE3, 0xF3, 0xC0, 0x7F,
    0xE0, 0x1F, 0xE0, 0x0F, 0xF0, 0x07, 0xF8, 0x00, 0x3C, 0x00, 0x1E, 0x00, 0x0F, 0x00, 0x07, 0x8F,
    0xFF, 0xC7, 0xFF, 0xE3, 0xFF, 0xF0, 0x07, 0xF8, 0x03, 0xFC, 0x01, 0xFE, 0x00, 0xFF, 0x00, 0x7F,
    0x80, 0x3F, 0xE0, 0x3E, 0xF0, 0x1E, 0x7E, 0x3F, 0x1F, 0xFF, 0x07, 0xFF, 0x01, 0xFF, 0x00, 0x03,
    0xE0, 0x03, 0xF0, 0x01, 0xF8, 0x00, 0xFC, 0x00, 0x3E, 0x00, 0x00, 0x00, 0x00, 0x00, 0x00, 0x00,
    0x0F, 0xE7, 0x9F, 0xFB, 0xDF, 0xFF, 0xEF, 0xCF, 0xFF, 0x81, 0xFF, 0xC0, 0x7F, 0xC0, 0x3F, 0xE0,
    0x1F, 0xF0, 0x07, 0xF8, 0x03, 0xFC, 0x01, 0xFE, 0x00, 0xFF, 0x00, 0xFF, 0x80, 0x7F, 0xE0, 0x3F,
    0xF0, 0x3F, 0x7E, 0x7F, 0xBF, 0xFF, 0xCF, 0xFF, 0xE1, 0xFD, 0xF0, 0x00, 0xF8, 0x00, 0x7C, 0x00,
    0x3E, 0x00, 0x1E, 0x00, 0x3F, 0x0F, 0xFF, 0x07, 0xFF, 0x03, 0xFF, 0x00, 0x0F, 0xF8, 0x0F, 0xFE,
    0x0F, 0xFF, 0x8F, 0xC7, 0xE7, 0x80, 0xFF, 0xC0, 0x3F, 0xC0, 0x1F, 0xE0, 0x0F, 0xF0, 0x00, 0x78,
    0x00, 0x3C, 0x00, 0x1E, 0x00, 0x0F, 0x1F, 0xFF, 0x8F, 0xFF, 0xC7, 0xFF, 0xE0, 0x0F, 0xF0, 0x07,
    0xF8, 0x03, 0xFC, 0x01, 0xFE, 0x00, 0xFF, 0x00, 0x7F, 0xC0, 0x7D, 0xE0, 0x3C, 0xFC, 0x7E, 0x3F,
    0xFE, 0x0F, 0xFE, 0x03, 0xFE, 0x00, 0x00, 0x00, 0x00, 0x00, 0x00, 0x00, 0x03, 0xC0, 0x03, 0xE0,
    0x03, 0xE0, 0x01, 0xE0, 0x01, 0xF0, 0x01, 0xF0, 0x00, 0x00, 0x78, 0x00, 0x3C, 0x00, 0x3C, 0x00,
    0x3E, 0x00, 0x1F, 0x00, 0x1F, 0x00, 0x0F, 0x80, 0x0F, 0xC0, 0x07, 0xC0, 0x00, 0x00, 0x00, 0x00,
    0x00, 0x00, 0x00, 0xFE, 0x79, 0xFF, 0xBD, 0xFF, 0xFE, 0xFC, 0xFF, 0xF8, 0x1F, 0xFC, 0x07, 0xFC,
    0x03, 0xFE, 0x01, 0xFF, 0x00, 0x7F, 0x80, 0x3F, 0xC0, 0x1F, 0xE0, 0x0F, 0xF0, 0x0F, 0xF8, 0x07,
    0xFE, 0x03, 0xFF, 0x03, 0xF7, 0xE7, 0xFB, 0xFF, 0xFC, 0xFF, 0xFE, 0x1F, 0xDF, 0x00, 0x0F, 0x80,
    0x07, 0xC0, 0x03, 0xE0, 0x01, 0xE0, 0x03, 0xF0, 0xFF, 0xF0, 0x7F, 0xF0, 0x3F, 0xF0, 0x03, 0xC0,
    0x03, 0xF0, 0x03, 0xFC, 0x03, 0xFF, 0x03, 0xE7, 0xC1, 0xE0, 0xF0, 0x00, 0x00, 0x00, 0x00, 0x00,
    0x00, 0x78, 0x07, 0xFC, 0x03, 0xFE, 0x01, 0xFF, 0x00, 0xFF, 0x80, 0x7F, 0xC0, 0x3F, 0xE0, 0x1F,
    0xF0, 0x0F, 0xF8, 0x07, 0xFC, 0x03, 0xFE, 0x01, 0xFF, 0xFF, 0xFF, 0xFF, 0xFF, 0xFF, 0xFF, 0xE0,
    0x1F, 0xF0, 0x0F, 0xF8, 0x07, 0xFC, 0x03, 0xFE, 0x01, 0xFF, 0x00, 0xFF, 0x80, 0x7F, 0xC0, 0x3F,
    0xE0, 0x1F, 0xF0, 0x0F, 0xF8, 0x07, 0xFC, 0x03, 0xFE, 0x01, 0xF0, 0x07, 0xC0, 0x00, 0x3F, 0x80,
    0x03, 0xFF, 0x00, 0x1F, 0x3E, 0x00, 0xF8, 0x7C, 0x00, 0x00, 0x00, 0x00, 0x00, 0x00, 0x00, 0x00,
    0x00, 0x00, 0x00, 0x00, 0x1E, 0x00, 0x00, 0x78, 0x00, 0x01, 0xE0, 0x00, 0x07, 0x80, 0x00, 0x1E,
    0x00, 0x00, 0x78, 0x00, 0x01, 0xE7, 0xF0, 0x07, 0xBF, 0xF0, 0x1F, 0xFF, 0xC0, 0x7F, 0x1F, 0x81,
    0xF0, 0x3E, 0x07, 0xC0, 0x7C, 0x1E, 0x01, 0xF0, 0x78, 0x03, 0xC1, 0xE0, 0x0F, 0x07, 0x80, 0x3C,
    0x1E, 0x00, 0xF0, 0x78, 0x03, 0xC1, 0xE0, 0x0F, 0x07, 0x80, 0x3C, 0x1E, 0x00, 0xF0, 0x78, 0x03,
    0xC1, 0xE0, 0x0F, 0x07, 0x80, 0x3C, 0x1E, 0x00, 0xF0, 0x78, 0x03, 0xC1, 0xE0, 0x0F, 0x1E, 0x01,
    0xF0, 0x3C, 0x03, 0xE0, 0x78, 0x07, 0xC0, 0xF0, 0x0F, 0x8F, 0xFF, 0xFF, 0xFF, 0xFF, 0xFF, 0xFF,
    0xFF, 0xFF, 0x8F, 0x00, 0xF8, 0x1E, 0x01, 0xF0, 0x3C, 0x03, 0xE0, 0x78, 0x07, 0xC0, 0xFF, 0xFF,
    0x81, 0xFF, 0xFF, 0x03, 0xFF, 0xFE, 0x07, 0x80, 0x7C, 0x0F, 0x00, 0xF8, 0x1E, 0x01, 0xF0, 0x3C,
    0x03, 0xE0, 0x78, 0x07, 0xC0, 0xF0, 0x0F, 0x81, 0xE0, 0x1F, 0x03, 0xC0, 0x3E, 0x07, 0x80, 0x7C,
    0x0F, 0x00, 0xF8, 0x1E, 0x01, 0xF0, 0x3C, 0x03, 0xE0, 0x78, 0x07, 0xC0, 0x1E, 0x00, 0x01, 0xE0,
    0x00, 0x1E, 0x00, 0x0F, 0xFF, 0xC0, 0xFF, 0xFC, 0x0F, 0xFF, 0xC0, 0x1E, 0x00, 0x01, 0xE0, 0x00,
    0x1E, 0x7F, 0x01, 0xEF, 0xFC, 0x1F, 0xFF, 0xC1, 0xFE, 0x7E, 0x1F, 0x83, 0xE1, 0xF0, 0x1F, 0x1E,
    0x01, 0xF1, 0xE0, 0x0F, 0x1E, 0x00, 0xF1, 0xE0, 0x0F, 0x1E, 0x00, 0xF1, 0xE0, 0x0F, 0x1E, 0x00,
    0xF1, 0xE0, 0x0F, 0x1E, 0x00, 0xF1, 0xE0, 0x0F, 0x1E, 0x00, 0xF1, 0xE0, 0x0F, 0x1E, 0x00, 0xF0,
    0x1F, 0x0E, 0x1F, 0x8E, 0x3F, 0xFE, 0x39, 0xFC, 0x38, 0xF8, 0x00, 0x00, 0x00, 0x00, 0x00, 0x00,
    0x00, 0x00, 0x7F, 0xFF, 0x7F, 0xFF, 0x7F, 0xFF, 0x03, 0xE0, 0x03, 0xE0, 0x03, 0xE0, 0x03, 0xE0,
    0x03, 0xE0, 0x03, 0xE0, 0x03, 0xE0, 0x03, 0xE0, 0x03, 0xE0, 0x03, 0xE0, 0x03, 0xE0, 0x03, 0xE0,
    0x03, 0xE0, 0x03, 0xE0, 0x03, 0xE0, 0x03, 0xE0, 0x03, 0xE0, 0x03, 0xE0, 0x03, 0xE0, 0x03, 0xE0,
    0x03, 0xE0, 0x7F, 0xFF, 0x7F, 0xFF, 0x7F, 0xFF, 0x0F, 0x8E, 0x03, 0xF9, 0xC0, 0x7F, 0xF8, 0x0E,
    0x7F, 0x01, 0xC7, 0xC0, 0x00, 0x00, 0x00, 0x00, 0x00, 0x00, 0x00, 0x7F, 0xE0, 0x0F, 0xFC, 0x01,
    0xFF, 0x80, 0x00, 0xF0, 0x00, 0x1E, 0x00, 0x03, 0xC0, 0x00, 0x78, 0x00, 0x0F, 0x00, 0x01, 0xE0,
    0x00, 0x3C, 0x00, 0x07, 0x80, 0x00, 0xF0, 0x00, 0x1E, 0x00, 0x03, 0xC0, 0x00, 0x78, 0x00, 0x0F,
    0x00, 0x01, 0xE0, 0x00, 0x3C, 0x03, 0xFF, 0xFF, 0x7F, 0xFF, 0xEF, 0xFF, 0xFC, 0x00, 0x00, 0x3F,
    0xFE, 0x3F, 0xFE, 0x3F, 0xFE, 0x00, 0x00, 0x00, 0x00, 0x00, 0x00, 0x00, 0x00, 0x00, 0x00, 0x7F,
    0xFF, 0x7F, 0xFF, 0x7F, 0xFF, 0x03, 0xE0, 0x03, 0xE0, 0x03, 0xE0, 0x03, 0xE0, 0x03, 0xE0, 0x03,
    0xE0, 0x03, 0xE0, 0x03, 0xE0, 0x03, 0xE0, 0x03, 0xE0, 0x03, 0xE0, 0x03, 0xE0, 0x03, 0xE0, 0x03,
    0xE0, 0x03, 0xE0, 0x03, 0xE0, 0x03, 0xE0, 0x03, 0xE0, 0x03, 0xE0, 0x03, 0xE0, 0x03, 0xE0, 0x7F,
    0xFF, 0x7F, 0xFF, 0x7F, 0xFF, 0x00, 0x00, 0x03, 0xFF, 0xC0, 0x7F, 0xF8, 0x0F, 0xFF, 0x00, 0x00,
    0x00, 0x00, 0x00, 0x00, 0x00, 0x00, 0x00, 0x00, 0x7F, 0xE0, 0x0F, 0xFC, 0x01, 0xFF, 0x80, 0x00,
    0xF0, 0x00, 0x1E, 0x00, 0x03, 0xC0, 0x00, 0x78, 0x00, 0x0F, 0x00, 0x01, 0xE0, 0x00, 0x3C, 0x00,
    0x07, 0x80, 0x00, 0xF0, 0x00, 0x1E, 0x00, 0x03, 0xC0, 0x00, 0x78, 0x00, 0x0F, 0x00, 0x01, 0xE0,
    0x00, 0x3C, 0x03, 0xFF, 0xFF, 0x7F, 0xFF, 0xEF, 0xFF, 0xFC, 0x38, 0x1E, 0x3C, 0x1E, 0x3C, 0x1E,
    0x1F, 0xFC, 0x0F, 0xF8, 0x07, 0xF0, 0x00, 0x00, 0x00, 0x00, 0x00, 0x00, 0x7F, 0xFF, 0x7F, 0xFF,
    0x7F, 0xFF, 0x03, 0xE0, 0x03, 0xE0, 0x03, 0xE0, 0x03, 0xE0, 0x03, 0xE0, 0x03, 0xE0, 0x03, 0xE0,
    0x03, 0xE0, 0x03, 0xE0, 0x03, 0xE0, 0x03, 0xE0, 0x03, 0xE0, 0x03, 0xE0, 0x03, 0xE0, 0x03, 0xE0,
    0x03, 0xE0, 0x03, 0xE0, 0x03, 0xE0, 0x03, 0xE0, 0x03, 0xE0, 0x03, 0xE0, 0x7F, 0xFF, 0x7F, 0xFF,
    0x7F, 0xFF, 0x1C, 0x0E, 0x03, 0x81, 0xC0, 0x78, 0x78, 0x0F, 0xFF, 0x00, 0xFF, 0xC0, 0x0F, 0xF0,
    0x00, 0x00, 0x00, 0x00, 0x00, 0x00, 0x00, 0x0F, 0xFC, 0x01, 0xFF, 0x80, 0x3F, 0xF0, 0x00, 0x1E,
    0x00, 0x03, 0xC0, 0x00, 0x78, 0x00, 0x0F, 0x00, 0x01, 0xE0, 0x00, 0x3C, 0x00, 0x07, 0x80, 0x00,
    0xF0, 0x00, 0x1E, 0x00, 0x03, 0xC0, 0x00, 0x78, 0x00, 0x0F, 0x00, 0x01, 0xE0, 0x00, 0x3C, 0x00,
    0x07, 0x80, 0x7F, 0xFF, 0xEF, 0xFF, 0xFD, 0xFF, 0xFF, 0x80, 0x7F, 0xFF, 0x7F, 0xFF, 0x7F, 0xFF,
    0x03, 0xE0, 0x03, 0xE0, 0x03, 0xE0, 0x03, 0xE0, 0x03, 0xE0, 0x03, 0xE0, 0x03, 0xE0, 0x03, 0xE0,
    0x03, 0xE0, 0x03, 0xE0, 0x03, 0xE0, 0x03, 0xE0, 0x03, 0xE0, 0x03, 0xE0, 0x03, 0xE0, 0x03, 0xE0,
    0x03, 0xE0, 0x03, 0xE0, 0x03, 0xE0, 0x03, 0xE0, 0x03, 0xE0, 0x7F, 0xFF, 0x7F, 0xFF, 0x7F, 0xFF,
    0x03, 0xC0, 0x07, 0x80, 0x0F, 0x00, 0x0F, 0x00, 0x0F, 0x80, 0x0F, 0xF0, 0x07, 0xF0, 0x00, 0xE0,
    0x01, 0xE0, 0x00, 0x7E, 0x00, 0x0F, 0xC0, 0x01, 0xF8, 0x00, 0x1E, 0x00, 0x00, 0x00, 0x00, 0x00,
    0x00, 0x00, 0x00, 0x7F, 0xE0, 0x0F, 0xFC, 0x01, 0xFF, 0x80, 0x00, 0xF0, 0x00, 0x1E, 0x00, 0x03,
    0xC0, 0x00, 0x78, 0x00, 0x0F, 0x00, 0x01, 0xE0, 0x00, 0x3C, 0x00, 0x07, 0x80, 0x00, 0xF0, 0x00,
    0x1E, 0x00, 0x03, 0xC0, 0x00, 0x78, 0x00, 0x0F, 0x00, 0x01, 0xE0, 0x00, 0x3C, 0x03, 0xFF, 0xFF,
    0x7F, 0xFF, 0xEF, 0xFF, 0xFC, 0x07, 0x80, 0x01, 0xE0, 0x00, 0x38, 0x00, 0x0F, 0x00, 0x01, 0xF0,
    0x00, 0x1F, 0xE0, 0x01, 0xFC, 0x00, 0x07, 0x00, 0x03, 0xE0, 0x03, 0xE0, 0x07, 0xE0, 0x03, 0xE0,
    0x03, 0xE0, 0x00, 0x00, 0x00, 0x00, 0x00, 0x00, 0x00, 0x00, 0x7F, 0xFF, 0x7F, 0xFF, 0x7F, 0xFF,
    0x03, 0xE0, 0x03, 0xE0, 0x03, 0xE0, 0x03, 0xE0, 0x03, 0xE0, 0x03, 0xE0, 0x03, 0xE0, 0x03, 0xE0,
    0x03, 0xE0, 0x03, 0xE0, 0x03, 0xE0, 0x03, 0xE0, 0x03, 0xE0, 0x03, 0xE0, 0x03, 0xE0, 0x03, 0xE0,
    0x03, 0xE0, 0x03, 0xE0, 0x03, 0xE0, 0x03, 0xE0, 0x03, 0xE0, 0x7F, 0xFF, 0x7F, 0xFF, 0x7F, 0xFF,
    0x7F, 0xE0, 0x0F, 0xFC, 0x01, 0xFF, 0x80, 0x00, 0xF0, 0x00, 0x1E, 0x00, 0x03, 0xC0, 0x00, 0x78,
    0x00, 0x0F, 0x00, 0x01, 0xE0, 0x00, 0x3C, 0x00, 0x07, 0x80, 0x00, 0xF0, 0x00, 0x1E, 0x00, 0x03,
    0xC0, 0x00, 0x78, 0x00, 0x0F, 0x00, 0x01, 0xE0, 0x00, 0x3C, 0x03, 0xFF, 0xFF, 0x7F, 0xFF, 0xEF,
    0xFF, 0xFC, 0x7F, 0xF0, 0x7D, 0xFF, 0xC1, 0xF7, 0xFF, 0x07, 0xC3, 0xC0, 0x1F, 0x0F, 0x00, 0x7C,
    0x3C, 0x01, 0xF0, 0xF0, 0x07, 0xC3, 0xC0, 0x1F, 0x0F, 0x00, 0x7C, 0x3C, 0x01, 0xF0, 0xF0, 0x07,
    0xC3, 0xC0, 0x1F, 0x0F, 0x00, 0x7C, 0x3C, 0x01, 0xF7, 0xFF, 0x07, 0xDF, 0xFC, 0x1F, 0x7F, 0xF0,
    0x7C, 0x00, 0x01, 0xF0, 0x00, 0x07, 0xC3, 0xC0, 0x1F, 0x0F, 0x80, 0x7C, 0x1E, 0x01, 0xE0, 0x7C,
    0x0F, 0x81, 0xFC, 0xFC, 0x03, 0xFF, 0xF0, 0x07, 0xFF, 0x80, 0x07, 0xF8, 0x00, 0x78, 0x0F, 0x7E,
    0x0F, 0xFF, 0x07, 0xFF, 0x83, 0xFF, 0x80, 0xF0, 0x00, 0x00, 0x00, 0x00, 0x00, 0x00, 0x78, 0x0F,
    0x3C, 0x07, 0x9E, 0x03, 0xCF, 0x01, 0xE7, 0x80, 0xF3, 0xC0, 0x79, 0xE0, 0x3C, 0xF0, 0x1E, 0x78,
    0x0F, 0x3C, 0x07, 0x9E, 0x03, 0xCF, 0x01, 0xE7, 0x80, 0xF3, 0xC0, 0x79, 0xE0, 0x3C, 0xF0, 0x1E,
    0x78, 0x0F, 0x3C, 0x07, 0x9E, 0x03, 0xCF, 0x01, 0xE7, 0x80, 0xF0, 0x00, 0x78, 0x00, 0x7C, 0x00,
    0x3C, 0x00, 0x7E, 0x3F, 0xFE, 0x1F, 0xFE, 0x0F, 0xFE, 0x00, 0x00, 0x03, 0xC0, 0x00, 0x0F, 0xC0,
    0x00, 0x3F, 0xC0, 0x00, 0xFF, 0xC0, 0x03, 0xE7, 0xC0, 0x0F, 0x87, 0xC0, 0x00, 0x00, 0x00, 0x00,
    0x00, 0x00, 0x00, 0x00, 0x00, 0x07, 0x80, 0x00, 0x0F, 0x00, 0x00, 0x1E, 0x00, 0x00, 0x3C, 0x00,
    0x00, 0x78, 0x00, 0x00, 0xF0, 0x00, 0x01, 0xE0, 0x00, 0x03, 0xC0, 0x00, 0x07, 0x80, 0x00, 0x0F,
    0x00, 0x00, 0x1E, 0x00, 0x00, 0x3C, 0x00, 0x00, 0x78, 0x00, 0x00, 0xF0, 0x00, 0x01, 0xE0, 0x00,
    0x03, 0xC0, 0x00, 0x07, 0x80, 0x00, 0x0F, 0x03, 0x80, 0x1E, 0x0F, 0x80, 0x3C, 0x1F, 0x00, 0x78,
    0x1E, 0x01, 0xF0, 0x3E, 0x03, 0xE0, 0x3F, 0x3F, 0x80, 0x7F, 0xFE, 0x00, 0x7F, 0xF8, 0x00, 0x3F,
    0xE0, 0x00, 0x00, 0x7C, 0x00, 0x1F, 0xC0, 0x07, 0xFC, 0x01, 0xF7, 0xC0, 0x78, 0x7C, 0x00, 0x00,
    0x00, 0x00, 0x00, 0x00, 0x00, 0xFF, 0xFC, 0x1F, 0xFF, 0x83, 0xFF, 0xF0, 0x00, 0x1E, 0x00, 0x03,
    0xC0, 0x00, 0x78, 0x00, 0x0F, 0x00, 0x01, 0xE0, 0x00, 0x3C, 0x00, 0x07, 0x80, 0x00, 0xF0, 0x00,
    0x1E, 0x00, 0x03, 0xC0, 0x00, 0x78, 0x00, 0x0F, 0x00, 0x01, 0xE0, 0x00, 0x3C, 0x00, 0x07, 0x80,
    0x00, 0xF0, 0x00, 0x1E, 0x00, 0x03, 0xC0, 0x00, 0x78, 0x00, 0x1F, 0x00, 0x07, 0xC0, 0x03, 0xF8,
    0x1F, 0xFE, 0x03, 0xFF, 0x80, 0x7F, 0xC0, 0x00, 0xF0, 0x07, 0xDE, 0x00, 0xF3, 0xC0, 0x3E, 0x78,
    0x07, 0x8F, 0x01, 0xF1, 0xE0, 0x3C, 0x3C, 0x0F, 0x87, 0x81, 0xE0, 0xF0, 0x7C, 0x1E, 0x1F, 0x03,
    0xC3, 0xE0, 0x7F, 0xF8, 0x0F, 0xFF, 0x01, 0xFF, 0xE0, 0x3C, 0x3C, 0x07, 0x87, 0xC0, 0xF0, 0x78,
    0x1E, 0x0F, 0x83, 0xC0, 0xF0, 0x78, 0x1F, 0x0F, 0x01, 0xE1, 0xE0, 0x3E, 0x3C, 0x03, 0xC7, 0x80,
    0x7C, 0xF0, 0x07, 0x9E, 0x00, 0xFB, 0xC0, 0x0F, 0x00, 0x00, 0x00, 0x00, 0x00, 0x00, 0x00, 0x00,
    0x7C, 0x00, 0x0F, 0x80, 0x03, 0xE0, 0x00, 0xF8, 0x00, 0x1E, 0x00, 0x07, 0xC0, 0x00, 0xF0, 0x00,
    0x1E, 0x00, 0x03, 0xC0, 0x00, 0x78, 0x00, 0x0F, 0x00, 0x01, 0xE0, 0x00, 0x3C, 0x01, 0xF7, 0x80,
    0x3C, 0xF0, 0x0F, 0x9E, 0x03, 0xE3, 0xC0, 0x78, 0x78, 0x1F, 0x0F, 0x07, 0xC1, 0xE0, 0xF0, 0x3C,
    0x3E, 0x07, 0xFF, 0x80, 0xFF, 0xF0, 0x1F, 0xFE, 0x03, 0xC3, 0xE0, 0x78, 0x3E, 0x0F, 0x07, 0xC1,
    0xE0, 0x7C, 0x3C, 0x07, 0xC7, 0x80, 0xF8, 0xF0, 0x0F, 0x9E, 0x00, 0xFB, 0xC0, 0x1F, 0x00, 0x00,
    0x00, 0x00, 0x00, 0x00, 0x00, 0x00, 0x7C, 0x00, 0x0F, 0x80, 0x03, 0xE0, 0x00, 0xF8, 0x00, 0x1E,
    0x00, 0x07, 0xC0, 0x00, 0x78, 0x07, 0xCF, 0x00, 0xF9, 0xE0, 0x3E, 0x3C, 0x07, 0x87, 0x81, 0xF0,
    0xF0, 0x7C, 0x1E, 0x0F, 0x03, 0xC3, 0xE0, 0x78, 0xF8, 0x0F, 0xFE, 0x01, 0xFF, 0xC0, 0x3F, 0xFC,
    0x07, 0x8F, 0x80, 0xF0, 0xF8, 0x1E, 0x0F, 0x83, 0xC1, 0xF0, 0x78, 0x1F, 0x0F, 0x01, 0xF1, 0xE0,
    0x3E, 0x3C, 0x03, 0xE7, 0x80, 0x3E, 0x0F, 0x00, 0x0F, 0x80, 0x07, 0x80, 0x07, 0x80, 0x07, 0xC0,
    0x07, 0xC0, 0x00, 0x00, 0x00, 0x00, 0x00, 0x00, 0x00, 0x3C, 0x00, 0x1E, 0x00, 0x0F, 0x00, 0x07,
    0x80, 0x03, 0xC0, 0x01, 0xE0, 0x00, 0xF0, 0x00, 0x78, 0x00, 0x3C, 0x00, 0x1E, 0x00, 0x0F, 0x00,
    0x07, 0x80, 0x03, 0xC0, 0x01, 0xE0, 0x00, 0xF0, 0x00, 0x78, 0x00, 0x3C, 0x00, 0x1E, 0x00, 0x0F,
    0x00, 0x07, 0x80, 0x03, 0xC0, 0x01, 0xE0, 0x00, 0xF0, 0x00, 0x78, 0x00, 0x3F, 0xFF, 0xDF, 0xFF,
    0xEF, 0xFF, 0xF0, 0x00, 0x3C, 0x00, 0x07, 0x80, 0x00, 0xF8, 0x00, 0x1F, 0x00, 0x01, 0xE0, 0x00,
    0x3C, 0x00, 0x00, 0x00, 0x00, 0x00, 0x00, 0x00, 0x00, 0x0F, 0xFE, 0x00, 0xFF, 0xE0, 0x0F, 0xFE,
    0x00, 0x01, 0xE0, 0x00, 0x1E, 0x00, 0x01, 0xE0, 0x00, 0x1E, 0x00, 0x01, 0xE0, 0x00, 0x1E, 0x00,
    0x01, 0xE0, 0x00, 0x1E, 0x00, 0x01, 0xE0, 0x00, 0x1E, 0x00, 0x01, 0xE0, 0x00, 0x1E, 0x00, 0x01,
    0xE0, 0x00, 0x1E, 0x00, 0x01, 0xE0, 0x00, 0x1E, 0x00, 0x01, 0xE0, 0x00, 0x1E, 0x00, 0x01, 0xE0,
    0x00, 0x1E, 0x00, 0x01, 0xF8, 0x00, 0x0F, 0xFF, 0x00, 0x7F, 0xF0, 0x03, 0xFF, 0x78, 0x00, 0x3C,
    0x00, 0x1E, 0x00, 0x0F, 0x00, 0x07, 0x80, 0x03, 0xC0, 0x01, 0xE0, 0x00, 0xF0, 0x00, 0x78, 0x00,
    0x3C, 0x00, 0x1E, 0x00, 0x0F, 0x00, 0x07, 0x80, 0x03, 0xC0, 0x01, 0xE0, 0x00, 0xF0, 0x00, 0x78,
    0x00, 0x3C, 0x00, 0x1E, 0x00, 0x0F, 0x00, 0x07, 0x80, 0x03, 0xC0, 0x01, 0xE0, 0x00, 0xF0, 0x00,
    0x7F, 0xFF, 0xBF, 0xFF, 0xDF, 0xFF, 0xE0, 0x00, 0x00, 0x00, 0x00, 0x00, 0x00, 0x03, 0xC0, 0x03,
    0xE0, 0x01, 0xE0, 0x01, 0xF0, 0x01, 0xF0, 0x00, 0xF0, 0x00, 0xFF, 0xE0, 0x0F, 0xFE, 0x00, 0xFF,
    0xE0, 0x00, 0x1E, 0x00, 0x01, 0xE0, 0x00, 0x1E, 0x00, 0x01, 0xE0, 0x00, 0x1E, 0x00, 0x01, 0xE0,
    0x00, 0x1E, 0x00, 0x01, 0xE0, 0x00, 0x1E, 0x00, 0x01, 0xE0, 0x00, 0x1E, 0x00, 0x01, 0xE0, 0x00,
    0x1E, 0x00, 0x01, 0xE0, 0x00, 0x1E, 0x00, 0x01, 0xE0, 0x00, 0x1E, 0x00, 0x01, 0xE0, 0x00, 0x1E,
    0x00, 0x01, 0xE0, 0x00, 0x1F, 0x80, 0x00, 0xFF, 0xF0, 0x07, 0xFF, 0x00, 0x3F, 0xF0, 0x00, 0x00,
    0x00, 0x00, 0x00, 0x00, 0x00, 0x00, 0x3E, 0x00, 0x03, 0xC0, 0x00, 0x7C, 0x00, 0x0F, 0x80, 0x00,
    0xF0, 0x00, 0x1E, 0x00, 0x78, 0x78, 0x3C, 0x3C, 0x1E, 0x1E, 0x0F, 0x0F, 0x07, 0x87, 0x83, 0xC3,
    0xC1, 0xE1, 0xC0, 0xF0, 0x00, 0x78, 0x00, 0x3C, 0x00, 0x1E, 0x00, 0x0F, 0x00, 0x07, 0x80, 0x03,
    0xC0, 0x01, 0xE0, 0x00, 0xF0, 0x00, 0x78, 0x00, 0x3C, 0x00, 0x1E, 0x00, 0x0F, 0x00, 0x07, 0x80,
    0x03, 0xC0, 0x01, 0xE0, 0x00, 0xF0, 0x00, 0x7F, 0xFF, 0xBF, 0xFF, 0xDF, 0xFF, 0xE0, 0xFF, 0xE1,
    0xEF, 0xFE, 0x1E, 0xFF, 0xE1, 0xC0, 0x1E, 0x3C, 0x01, 0xE3, 0xC0, 0x1E, 0x3C, 0x01, 0xE3, 0xC0,
    0x1E, 0x00, 0x01, 0xE0, 0x00, 0x1E, 0x00, 0x01, 0xE0, 0x00, 0x1E, 0x00, 0x01, 0xE0, 0x00, 0x1E,
    0x00, 0x01, 0xE0, 0x00, 0x1E, 0x00, 0x01, 0xE0, 0x00, 0x1E, 0x00, 0x01, 0xE0, 0x00, 0x1E, 0x00,
    0x01, 0xE0, 0x00, 0x1E, 0x00, 0x01, 0xE0, 0x00, 0x1F, 0x80, 0x00, 0xFF, 0xF0, 0x07, 0xFF, 0x00,
    0x3F, 0xF0, 0x78, 0x00, 0x3C, 0x00, 0x1E, 0x00, 0x0F, 0x00, 0x07, 0x80, 0x03, 0xC0, 0x01, 0xE0,
    0x00, 0xF0, 0x00, 0x78, 0x00, 0x3C, 0x00, 0x1E, 0x00, 0x0F, 0x03, 0xE7, 0x81, 0xFB, 0xC1, 0xFD,
    0xE0, 0xFE, 0xF0, 0x3F, 0x78, 0x1F, 0x3C, 0x00, 0x1E, 0x00, 0x0F, 0x00, 0x07, 0x80, 0x03, 0xC0,
    0x01, 0xE0, 0x00, 0xF0, 0x00, 0x7F, 0xFF, 0xBF, 0xFF, 0xDF, 0xFF, 0xE0, 0xFF, 0xE0, 0x00, 0xFF,
    0xE0, 0x00, 0xFF, 0xE0, 0x00, 0x01, 0xE0, 0x00, 0x01, 0xE0, 0x00, 0x01, 0xE0, 0x00, 0x01, 0xE0,
    0x00, 0x01, 0xE0, 0x00, 0x01, 0xE0, 0x00, 0x01, 0xE0, 0x00, 0x01, 0xE0, 0x00, 0x01, 0xE0, 0x3E,
    0x01, 0xE0, 0x3F, 0x01, 0xE0, 0x7F, 0x01, 0xE0, 0x7F, 0x01, 0xE0, 0x3F, 0x01, 0xE0, 0x3E, 0x01,
    0xE0, 0x00, 0x01, 0xE0, 0x00, 0x01, 0xE0, 0x00, 0x01, 0xE0, 0x00, 0x01, 0xE0, 0x00, 0x01, 0xF0,
    0x00, 0x00, 0xF8, 0x00, 0x00, 0xFF, 0xF8, 0x00, 0x7F, 0xF8, 0x00, 0x3F, 0xF8, 0x07, 0x80, 0x00,
    0x3C, 0x00, 0x01, 0xE0, 0x00, 0x0F, 0x00, 0x00, 0x78, 0x00, 0x03, 0xC0, 0x00, 0x1E, 0x08, 0x00,
    0xF1, 0xC0, 0x07, 0x9E, 0x00, 0x3F, 0xF0, 0x01, 0xFF, 0x00, 0x0F, 0xE0, 0x00, 0x7E, 0x00, 0x0F,
    0xC0, 0x00, 0xFE, 0x00, 0x0F, 0xF0, 0x00, 0xFF, 0x80, 0x07, 0x3C, 0x00, 0x01, 0xE0, 0x00, 0x0F,
    0x00, 0x00, 0x78, 0x00, 0x03, 0xC0, 0x00, 0x1E, 0x00, 0x00, 0xF0, 0x00, 0x07, 0xFF, 0xF8, 0x3F,
    0xFF, 0xC1, 0xFF, 0xFE, 0xFF, 0xE0, 0x0F, 0xFE, 0x00, 0xFF, 0xE0, 0x00, 0x1E, 0x00, 0x01, 0xE0,
    0x00, 0x1E, 0x00, 0x01, 0xE0, 0x80, 0x1E, 0x38, 0x01, 0xE7, 0x80, 0x1F, 0xF8, 0x01, 0xFF, 0x00,
    0x1F, 0xC0, 0x01, 0xF8, 0x00, 0x7E, 0x00, 0x0F, 0xE0, 0x01, 0xFE, 0x00, 0x3F, 0xE0, 0x03, 0x9E,
    0x00, 0x01, 0xE0, 0x00, 0x1E, 0x00, 0x01, 0xE0, 0x00, 0x1E, 0x00, 0x01, 0xE0, 0x00, 0x1F, 0x80,
    0x00, 0xFF, 0xF0, 0x07, 0xFF, 0x00, 0x3F, 0xF0, 0x00, 0x3C, 0x00, 0x3E, 0x00, 0x3E, 0x00, 0x1E,
    0x00, 0x1E, 0x00, 0x1F, 0x00, 0x00, 0x00, 0x00, 0x00, 0x00, 0x00, 0x7E, 0x03, 0xFF, 0x01, 0xFF,
    0x80, 0xFF, 0xE0, 0x7F, 0xF0, 0x3F, 0xF8, 0x1F, 0xFE, 0x0F, 0xFF, 0x07, 0xFB, 0x83, 0xFD, 0xE1,
    0xFE, 0xF0, 0xFF, 0x3C, 0x7F, 0x9E, 0x3F, 0xC7, 0x1F, 0xE3, 0xCF, 0xF1, 0xE7, 0xF8, 0x73, 0xFC,
    0x3D, 0xFE, 0x1E, 0xFF, 0x07, 0xFF, 0x83, 0xFF, 0xC1, 0xFF, 0xE0, 0x7F, 0xF0, 0x3F, 0xF8, 0x0F,
    0xFC, 0x07, 0xFE, 0x03, 0xF0, 0x00, 0x3C, 0x00, 0x3C, 0x00, 0x3C, 0x00, 0x3E, 0x00, 0x3E, 0x00,
    0x00, 0x00, 0x00, 0x00, 0x00, 0x00, 0xF3, 0xF8, 0x7B, 0xFF, 0x3F, 0xFF, 0x9F, 0xC7, 0xEF, 0x81,
    0xF7, 0xC0, 0x7F, 0xC0, 0x3F, 0xE0, 0x0F, 0xF0, 0x07, 0xF8, 0x03, 0xFC, 0x01, 0xFE, 0x00, 0xFF,
    0x00, 0x7F, 0x80, 0x3F, 0xC0, 0x1F, 0xE0, 0x0F, 0xF0, 0x07, 0xF8, 0x03, 0xFC, 0x01, 0xFE, 0x00,
    0xFF, 0x00, 0x78, 0xFC, 0x07, 0xFE, 0x03, 0xFF, 0x01, 0xFF, 0xC0, 0xFF, 0xE0, 0x7F, 0xF0, 0x3F,
    0xFC, 0x1F, 0xFE, 0x0F, 0xF7, 0x07, 0xFB, 0xC3, 0xFD, 0xE1, 0xFE, 0x78, 0xFF, 0x3C, 0x7F, 0x8E,
    0x3F, 0xC7, 0x9F, 0xE3, 0xCF, 0xF0, 0xE7, 0xF8, 0x7B, 0xFC, 0x3D, 0xFE, 0x0F, 0xFF, 0x07, 0xFF,
    0x83, 0xFF, 0xC0, 0xFF, 0xE0, 0x7F, 0xF0, 0x1F, 0xF8, 0x0F, 0xFC, 0x07, 0xE0, 0x00, 0x00, 0x00,
    0x00, 0x00, 0x00, 0x07, 0xC0, 0x03, 0xE0, 0x03, 0xE0, 0x03, 0xE0, 0x01, 0xE0, 0x01, 0xF0, 0x00,
    0xF3, 0xF8, 0x7B, 0xFF, 0x3F, 0xFF, 0x9F, 0xC7, 0xEF, 0x81, 0xF7, 0xC0, 0x7F, 0xC0, 0x3F, 0xE0,
    0x0F, 0xF0, 0x07, 0xF8, 0x03, 0xFC, 0x01, 0xFE, 0x00, 0xFF, 0x00, 0x7F, 0x80, 0x3F, 0xC0, 0x1F,
    0xE0, 0x0F, 0xF0, 0x07, 0xF8, 0x03, 0xFC, 0x01, 0xFE, 0x00, 0xFF, 0x00, 0x78, 0x00, 0x00, 0x00,
    0x00, 0x00, 0x00, 0x01, 0xF0, 0x00, 0xF8, 0x00, 0xF8, 0x00, 0xF8, 0x00, 0x78, 0x00, 0x7C, 0x00,
    0x3C, 0x1E, 0x1F, 0x1F, 0x07, 0xDF, 0x01, 0xFF, 0x00, 0x7F, 0x00, 0x1F, 0x00, 0x00, 0x00, 0x00,
    0x00, 0x00, 0x00, 0x7E, 0x03, 0xFF, 0x01, 0xFF, 0x80, 0xFF, 0xE0, 0x7F, 0xF0, 0x3F, 0xF8, 0x1F,
    0xFE, 0x0F, 0xFF, 0x07, 0xFB, 0x83, 0xFD, 0xE1, 0xFE, 0xF0, 0xFF, 0x3C, 0x7F, 0x9E, 0x3F, 0xC7,
    0x1F, 0xE3, 0xCF, 0xF1, 0xE7, 0xF8, 0x73, 0xFC, 0x3D, 0xFE, 0x1E, 0xFF, 0x07, 0xFF, 0x83, 0xFF,
    0xC1, 0xFF, 0xE0, 0x7F, 0xF0, 0x3F, 0xF8, 0x0F, 0xFC, 0x07, 0xFE, 0x03, 0xF0, 0x3E, 0x1E, 0x0F,
    0xBE, 0x03, 0xFE, 0x00, 0xFE, 0x00, 0x3E, 0x00, 0x00, 0x00, 0x00, 0x00, 0x00, 0x00, 0xF3, 0xF8,
    0x7B, 0xFF, 0x3F, 0xFF, 0x9F, 0xC7, 0xEF, 0x81, 0xF7, 0xC0, 0x7F, 0xC0, 0x3F, 0xE0, 0x0F, 0xF0,
    0x07, 0xF8, 0x03, 0xFC, 0x01, 0xFE, 0x00, 0xFF, 0x00, 0x7F, 0x80, 0x3F, 0xC0, 0x1F, 0xE0, 0x0F,
    0xF0, 0x07, 0xF8, 0x03, 0xFC, 0x01, 0xFE, 0x00, 0xFF, 0x00, 0x78, 0x0F, 0x00, 0x00, 0xF8, 0x00,
    0x0F, 0x80, 0x00, 0x78, 0x00, 0x07, 0xC0, 0x00, 0x3C, 0x00, 0x00, 0x00, 0x00, 0x00, 0x00, 0x00,
    0x00, 0x00, 0x00, 0x00, 0x00, 0x03, 0xCF, 0xE0, 0x1E, 0xFF, 0xC0, 0xFF, 0xFE, 0x07, 0xF1, 0xF8,
    0x3E, 0x07, 0xC1, 0xF0, 0x1F, 0x0F, 0x00, 0xF8, 0x78, 0x03, 0xC3, 0xC0, 0x1E, 0x1E, 0x00, 0xF0,
    0xF0, 0x07, 0x87, 0x80, 0x3C, 0x3C, 0x01, 0xE1, 0xE0, 0x0F, 0x0F, 0x00, 0x78, 0x78, 0x03, 0xC3,
    0xC0, 0x1E, 0x1E, 0x00, 0xF0, 0xF0, 0x07, 0x87, 0x80, 0x3C, 0x3C, 0x01, 0xE0, 0xFC, 0x07, 0xFE,
    0x03, 0xFF, 0x01, 0xFF, 0xC0, 0xFF, 0xE0, 0x7F, 0xF8, 0x3F, 0xFC, 0x1F, 0xEE, 0x0F, 0xF7, 0x87,
    0xFB, 0xC3, 0xFC, 0xF1, 0xFE, 0x78, 0xFF, 0x1E, 0x7F, 0x8F, 0x3F, 0xC7, 0x9F, 0xE1, 0xEF, 0xF0,
    0xF7, 0xF8, 0x3F, 0xFC, 0x1F, 0xFE, 0x07, 0xFF, 0x03, 0xFF, 0x81, 0xFF, 0xC0, 0x7F, 0xE0, 0x3F,
    0xF0, 0x0F, 0xF8, 0x07, 0xFC, 0x01, 0xE0, 0x01, 0xF0, 0x00, 0xF8, 0x00, 0x78, 0x00, 0xFC, 0x07,
    0xFC, 0x03, 0xFC, 0x01, 0xFC, 0x00, 0xF3, 0xF8, 0x7B, 0xFE, 0x3F, 0xFF, 0x9F, 0xC7, 0xEF, 0xC1,
    0xF7, 0xC0, 0x7F, 0xE0, 0x3F, 0xE0, 0x1F, 0xF0, 0x07, 0xF8, 0x03, 0xFC, 0x01, 0xFE, 0x00, 0xFF,
    0x00, 0x7F, 0x80, 0x3F, 0xC0, 0x1F, 0xE0, 0x0F, 0xF0, 0x07, 0xF8, 0x03, 0xFC, 0x01, 0xFE, 0x00,
    0xFF, 0x00, 0x78, 0x00, 0x7C, 0x00, 0x3C, 0x00, 0x1E, 0x00, 0x3F, 0x01, 0xFF, 0x00, 0xFF, 0x00,
    0x7F, 0x00, 0x00, 0x00, 0x1F, 0xFF, 0x0F, 0xFF, 0x87, 0xFF, 0xC0, 0x00, 0x00, 0x00, 0x00, 0x00,
    0x00, 0x00, 0x00, 0x00, 0x00, 0x07, 0xFC, 0x07, 0xFF, 0x07, 0xFF, 0xC7, 0xE3, 0xF3, 0xC0, 0x7B,
    0xE0, 0x3F, 0xE0, 0x0F, 0xF0, 0x07, 0xF8, 0x03, 0xFC, 0x01, 0xFE, 0x00, 0xFF, 0x00, 0x7F, 0x80,
    0x3F, 0xC0, 0x1F, 0xE0, 0x0F, 0xF0, 0x07, 0xF8, 0x03, 0xFC, 0x01, 0xFE, 0x00, 0xFF, 0x00, 0x7F,
    0x80, 0x3F, 0xE0, 0x3E, 0xF0, 0x1E, 0x7E, 0x3F, 0x1F, 0xFF, 0x07, 0xFF, 0x01, 0xFF, 0x00, 0x00,
    0x00, 0x1F, 0xFF, 0x0F, 0xFF, 0x87, 0xFF, 0xC0, 0x00, 0x00, 0x00, 0x00, 0x00, 0x00, 0x00, 0x00,
    0x0F, 0xF8, 0x0F, 0xFE, 0x0F, 0xFF, 0x8F, 0xC7, 0xEF, 0x80, 0xF7, 0x80, 0x7F, 0xC0, 0x1F, 0xE0,
    0x0F, 0xF0, 0x07, 0xF8, 0x03, 0xFC, 0x01, 0xFE, 0x00, 0xFF, 0x00, 0x7F, 0x80, 0x3F, 0xC0, 0x1F,
    0xE0, 0x1F, 0xF8, 0x0F, 0x3F, 0x1F, 0x8F, 0xFF, 0x83, 0xFF, 0x80, 0xFF, 0x80, 0x38, 0x1E, 0x1E,
    0x0F, 0x0F, 0x07, 0x83, 0xFF, 0x80, 0xFF, 0x80, 0x3F, 0x80, 0x00, 0x00, 0x00, 0x00, 0x00, 0x00,
    0x07, 0xFC, 0x07, 0xFF, 0x07, 0xFF, 0xC7, 0xE3, 0xF3, 0xC0, 0x7B, 0xE0, 0x3F, 0xE0, 0x0F, 0xF0,
    0x07, 0xF8, 0x03, 0xFC, 0x01, 0xFE, 0x00, 0xFF, 0x00, 0x7F, 0x80, 0x3F, 0xC0, 0x1F, 0xE0, 0x0F,
    0xF0, 0x07, 0xF8, 0x03, 0xFC, 0x01, 0xFE, 0x00, 0xFF, 0x00, 0x7F, 0x80, 0x3F, 0xE0, 0x3E, 0xF0,
    0x1E, 0x7E, 0x3F, 0x1F, 0xFF, 0x07, 0xFF, 0x01, 0xFF, 0x00, 0x38, 0x1E, 0x1E, 0x0F, 0x0F, 0x07,
    0x83, 0xFF, 0x80, 0xFF, 0x80, 0x3F, 0x80, 0x00, 0x00, 0x00, 0x00, 0x00, 0x00, 0x07, 0xFC, 0x07,
    0xFF, 0x07, 0xFF, 0xC7, 0xE3, 0xF7, 0xC0, 0x7B, 0xC0, 0x3F, 0xE0, 0x0F, 0xF0, 0x07, 0xF8, 0x03,
    0xFC, 0x01, 0xFE, 0x00, 0xFF, 0x00, 0x7F, 0x80, 0x3F, 0xC0, 0x1F, 0xE0, 0x0F, 0xF0, 0x0F, 0xFC,
    0x07, 0x9F, 0x8F, 0xC7, 0xFF, 0xC1, 0xFF, 0xC0, 0x7F, 0xC0, 0x03, 0xC7, 0x81, 0xE3, 0xC0, 0xF9,
    0xE0, 0x7C, 0xF0, 0x1E, 0x7C, 0x00, 0x00, 0x00, 0x00, 0x00, 0x00, 0x00, 0x0F, 0xF8, 0x07, 0xFF,
    0x03, 0xFF, 0xE1, 0xF8, 0xFC, 0x78, 0x0F, 0x3E, 0x03, 0xEF, 0x00, 0x7B, 0xC0, 0x1E, 0xF0, 0x07,
    0xBC, 0x01, 0xEF, 0x00, 0x7B, 0xC0, 0x1E, 0xF0, 0x07, 0xBC, 0x01, 0xEF, 0x00, 0x7B, 0xC0, 0x1E,
    0xF0, 0x07, 0xBC, 0x01, 0xEF, 0x00, 0x7B, 0xC0, 0x1E, 0xF0, 0x07, 0xBE, 0x03, 0xE7, 0x80, 0xF1,
    0xF8, 0xFC, 0x3F, 0xFE, 0x07, 0xFF, 0x00, 0xFF, 0x80, 0x03, 0xC7, 0x81, 0xE3, 0xC0, 0xF9, 0xE0,
    0x7C, 0xF0, 0x1E, 0x7C, 0x00, 0x00, 0x00, 0x00, 0x00, 0x00, 0x00, 0x0F, 0xF8, 0x07, 0xFF, 0x03,
    0xFF, 0xE1, 0xF8, 0xFC, 0xF8, 0x0F, 0x3C, 0x03, 0xEF, 0x00, 0x7B, 0xC0, 0x1E, 0xF0, 0x07, 0xBC,
    0x01, 0xEF, 0x00, 0x7B, 0xC0, 0x1E, 0xF0, 0x07, 0xBC, 0x01, 0xEF, 0x00, 0x7B, 0xC0, 0x3E, 0xF8,
    0x0F, 0x1F, 0x8F, 0xC3, 0xFF, 0xE0, 0x7F, 0xF0, 0x0F, 0xF8, 0x00, 0x1F, 0xBF, 0xF9, 0xFF, 0xFF,
    0xDF, 0xFF, 0xFE, 0xFD, 0xFC, 0x0F, 0x83, 0xE0, 0x7C, 0x1F, 0x03, 0xC0, 0xF8, 0x1E, 0x07, 0xC0,
    0xF0, 0x3E, 0x07, 0x81, 0xF0, 0x3C, 0x0F, 0x81, 0xE0, 0x7F, 0xEF, 0x03, 0xFF, 0x78, 0x1F, 0xFB,
    0xC0, 0xF8, 0x1E, 0x07, 0xC0, 0xF0, 0x3E, 0x07, 0x81, 0xF0, 0x3C, 0x0F, 0x81, 0xE0, 0x7C, 0x0F,
    0x03, 0xE0, 0x7C, 0x1F, 0x03, 0xE0, 0xF8, 0x0F, 0x9F, 0xC0, 0x7F, 0xFF, 0xF9, 0xFF, 0xFF, 0xC7,
    0xEF, 0xFE, 0x1F, 0x8F, 0xC3, 0xFE, 0xFF, 0x1F, 0xFF, 0xFD, 0xFB, 0xFB, 0xFF, 0x0F, 0x87, 0xF8,
    0x78, 0x3F, 0xC3, 0xC1, 0xFE, 0x1E, 0x0F, 0xF0, 0xFF, 0xFF, 0x87, 0xFF, 0xFC, 0x3F, 0xFF, 0xE1,
    0xE0, 0x0F, 0x0F, 0x00, 0x78, 0x78, 0x03, 0xC3, 0xC0, 0x1E, 0x1E, 0x0E, 0xF0, 0xF8, 0xFF, 0xEF,
    0xEF, 0x9F, 0xFF, 0xFC, 0xFF, 0xBF, 0xC1, 0xF8, 0xFC, 0x00, 0x00, 0x3C, 0x00, 0x1F, 0x00, 0x0F,
    0x80, 0x03, 0xC0, 0x01, 0xE0, 0x00, 0xF8, 0x00, 0x00, 0x00, 0x00, 0x00, 0x00, 0x00, 0x3F, 0xFE,
    0x0F, 0xFF, 0xE3, 0xFF, 0xFC, 0xF0, 0x3F, 0xBC, 0x03, 0xEF, 0x00, 0x7B, 0xC0, 0x1F, 0xF0, 0x07,
    0xFC, 0x01, 0xFF, 0x00, 0x7B, 0xC0, 0x3E, 0xF0, 0x3F, 0xBF, 0xFF, 0xCF, 0xFF, 0xE3, 0xFF, 0xE0,
    0xF0, 0xF8, 0x3C, 0x1E, 0x0F, 0x07, 0xC3, 0xC0, 0xF0, 0xF0, 0x3E, 0x3C, 0x07, 0x8F, 0x01, 0xF3,
    0xC0, 0x3C, 0xF0, 0x0F, 0x3C, 0x03, 0xEF, 0x00, 0x7B, 0xC0, 0x1F, 0x00, 0x7C, 0x00, 0x7C, 0x00,
    0x3C, 0x00, 0x3C, 0x00, 0x3C, 0x00, 0x00, 0x00, 0x00, 0x00, 0x00, 0x00, 0xF3, 0xF8, 0x7B, 0xFE,
    0x3F, 0xFF, 0x9F, 0xCF, 0xEF, 0x81, 0xF7, 0x80, 0x7B, 0xC0, 0x3D, 0xE0, 0x1F, 0xF0, 0x0F, 0xF8,
    0x03, 0xBC, 0x00, 0x1E, 0x00, 0x0F, 0x00, 0x07, 0x80, 0x03, 0xC0, 0x01, 0xE0, 0x00, 0xF0, 0x00,
    0x78, 0x00, 0x3C, 0x00, 0x1E, 0x00, 0x0F, 0x00, 0x00, 0xFF, 0xF8, 0x3F, 0xFF, 0x8F, 0xFF, 0xF3,
    0xC0, 0xFE, 0xF0, 0x0F, 0xBC, 0x01, 0xEF, 0x00, 0x7F, 0xC0, 0x1F, 0xF0, 0x07, 0xFC, 0x01, 0xEF,
    0x00, 0xFB, 0xC0, 0xFE, 0xFF, 0xFF, 0x3F, 0xFF, 0x8F, 0xFF, 0x83, 0xC3, 0xE0, 0xF0, 0x78, 0x3C,
    0x1F, 0x0F, 0x03, 0xC3, 0xC0, 0xF8, 0xF0, 0x1E, 0x3C, 0x07, 0xCF, 0x00, 0xF3, 0xC0, 0x3C, 0xF0,
    0x0F, 0xBC, 0x01, 0xEF, 0x00, 0x7C, 0x00, 0x00, 0x00, 0x00, 0x00, 0x00, 0x00, 0x1F, 0x00, 0x07,
    0xC0, 0x03, 0xE0, 0x01, 0xF0, 0x00, 0x78, 0x00, 0x3E, 0x00, 0x1E, 0x7F, 0x01, 0xEF, 0xF8, 0x1F,
    0xFF, 0xC1, 0xFC, 0xFE, 0x1F, 0x03, 0xE1, 0xE0, 0x1E, 0x1E, 0x01, 0xE1, 0xE0, 0x1F, 0x1E, 0x01,
    0xF1, 0xE0, 0x0E, 0x1E, 0x00, 0x01, 0xE0, 0x00, 0x1E, 0x00, 0x01, 0xE0, 0x00, 0x1E, 0x00, 0x01,
    0xE0, 0x00, 0x1E, 0x00, 0x01, 0xE0, 0x00, 0x1E, 0x00, 0x01, 0xE0, 0x00, 0x1E, 0x00, 0x00, 0x00,
    0x00, 0x00, 0x00, 0x00, 0x00, 0x00, 0x0F, 0x00, 0x01, 0xF0, 0x00, 0x3E, 0x00, 0x03, 0xC0, 0x00,
    0x78, 0x00, 0x0F, 0x80, 0x00, 0x3C, 0x1E, 0x0F, 0x8F, 0x81, 0xF7, 0xC0, 0x3F, 0xE0, 0x07, 0xF0,
    0x00, 0xF8, 0x00, 0x00, 0x00, 0x00, 0x00, 0x00, 0x00, 0x3F, 0xFE, 0x0F, 0xFF, 0xE3, 0xFF, 0xFC,
    0xF0, 0x3F, 0xBC, 0x03, 0xEF, 0x00, 0x7B, 0xC0, 0x1F, 0xF0, 0x07, 0xFC, 0x01, 0xFF, 0x00, 0x7B,
    0xC0, 0x3E, 0xF0, 0x3F, 0xBF, 0xFF, 0xCF, 0xFF, 0xE3, 0xFF, 0xE0, 0xF0, 0xF8, 0x3C, 0x1E, 0x0F,
    0x07, 0xC3, 0xC0, 0xF0, 0xF0, 0x3E, 0x3C, 0x07, 0x8F, 0x01, 0xF3, 0xC0, 0x3C, 0xF0, 0x0F, 0x3C,
    0x03, 0xEF, 0x00, 0x7B, 0xC0, 0x1F, 0x7C, 0x3E, 0x1F, 0x3E, 0x07, 0xFE, 0x01, 0xFE, 0x00, 0x3E,
    0x00, 0x00, 0x00, 0x00, 0x00, 0x00, 0x00, 0xF3, 0xF8, 0x7B, 0xFE, 0x3F, 0xFF, 0x9F, 0xCF, 0xEF,
    0x81, 0xF7, 0x80, 0x7B, 0xC0, 0x3D, 0xE0, 0x1F, 0xF0, 0x0F, 0xF8, 0x03, 0xBC, 0x00, 0x1E, 0x00,
    0x0F, 0x00, 0x07, 0x80, 0x03, 0xC0, 0x01, 0xE0, 0x00, 0xF0, 0x00, 0x78, 0x00, 0x3C, 0x00, 0x1E,
    0x00, 0x0F, 0x00, 0x00, 0x00, 0x1E, 0x00, 0x07, 0xC0, 0x01, 0xF0, 0x00, 0x3C, 0x00, 0x0F, 0x00,
    0x03, 0xE0, 0x00, 0x00, 0x00, 0x00, 0x00, 0x00, 0x00, 0x00, 0xFF, 0x00, 0x3F, 0xF8, 0x0F, 0xFF,
    0x83, 0xF3, 0xF8, 0x78, 0x1F, 0x1E, 0x01, 0xF3, 0xC0, 0x3E, 0x78, 0x00, 0x0F, 0x00, 0x00, 0xF0,
    0x00, 0x1F, 0x80, 0x01, 0xFE, 0x00, 0x1F, 0xF8, 0x01, 0xFF, 0xC0, 0x07, 0xFC, 0x00, 0x0F, 0x80,
    0x00, 0xF8, 0x00, 0x0F, 0x00, 0x01, 0xEF, 0x00, 0x3D, 0xF0, 0x07, 0x9E, 0x00, 0xF3, 0xE0, 0x3E,
    0x7F, 0x1F, 0x87, 0xFF, 0xF0, 0x7F, 0xFC, 0x03, 0xFE, 0x00, 0x00, 0x7C, 0x00, 0x3C, 0x00, 0x3C,
    0x00, 0x3C, 0x00, 0x3E, 0x00, 0x00, 0x00, 0x00, 0x00, 0x00, 0x00, 0x1F, 0xF8, 0x1F, 0xFF, 0x1F,
    0xFF, 0xCF, 0xC7, 0xEF, 0x80, 0xF7, 0x80, 0x3B, 0xC0, 0x01, 0xF0, 0x00, 0x7F, 0xC0, 0x3F, 0xFE,
    0x0F, 0xFF, 0x80, 0xFF, 0xE0, 0x01, 0xF8, 0x00, 0x3C, 0x00, 0x1F, 0xE0, 0x0F, 0xF0, 0x0F, 0xFF,
    0x1F, 0x9F, 0xFF, 0xC7, 0xFF, 0xC1, 0xFF, 0xC0, 0x01, 0xE0, 0x00, 0x7E, 0x00, 0x1F, 0xE0, 0x07,
    0xFE, 0x01, 0xF3, 0xE0, 0x3C, 0x1E, 0x00, 0x00, 0x00, 0x00, 0x00, 0x00, 0x00, 0x00, 0xFF, 0x00,
    0x3F, 0xF8, 0x0F, 0xFF, 0x83, 0xF3, 0xF8, 0x78, 0x1F, 0x1E, 0x01, 0xF3, 0xC0, 0x3E, 0x78, 0x00,
    0x0F, 0x00, 0x00, 0xF0, 0x00, 0x1F, 0x80, 0x01, 0xFE, 0x00, 0x1F, 0xF8, 0x01, 0xFF, 0xC0, 0x07,
    0xFC, 0x00, 0x0F, 0x80, 0x00, 0xF8, 0x00, 0x0F, 0x00, 0x01, 0xEF, 0x00, 0x3D, 0xF0, 0x07, 0x9E,
    0x00, 0xF3, 0xE0, 0x3E, 0x7F, 0x1F, 0x87, 0xFF, 0xF0, 0x7F, 0xFC, 0x03, 0xFE, 0x00, 0x03, 0xE0,
    0x03, 0xF8, 0x03, 0xFE, 0x03, 0xEF, 0x83, 0xC3, 0xE0, 0x00, 0x00, 0x00, 0x00, 0x00, 0x00, 0x1F,
    0xF8, 0x1F, 0xFF, 0x1F, 0xFF, 0xCF, 0xC7, 0xEF, 0x80, 0xF7, 0x80, 0x3B, 0xC0, 0x01, 0xF0, 0x00,
    0x7F, 0xC0, 0x3F, 0xFE, 0x0F, 0xFF, 0x80, 0xFF, 0xE0, 0x01, 0xF8, 0x00, 0x3C, 0x00, 0x1F, 0xE0,
    0x0F, 0xF0, 0x0F, 0xFF, 0x1F, 0x9F, 0xFF, 0xC7, 0xFF, 0xC1, 0xFF, 0xC0, 0x07, 0xF8, 0x01, 0xFF,
    0xC0, 0x7F, 0xFC, 0x1F, 0x9F, 0xC3, 0xC0, 0xF8, 0xF0, 0x0F, 0x9E, 0x01, 0xF3, 0xC0, 0x00, 0x78,
    0x00, 0x07, 0x80, 0x00, 0xFC, 0x00, 0x0F, 0xF0, 0x00, 0xFF, 0xC0, 0x0F, 0xFE, 0x00, 0x3F, 0xE0,
    0x00, 0x7C, 0x00, 0x07, 0xC0, 0x00, 0x78, 0x00, 0x0F, 0x78, 0x01, 0xEF, 0x80, 0x3C, 0xF0, 0x07,
    0x9F, 0x01, 0xF3, 0xF8, 0xFC, 0x3F, 0xFF, 0x83, 0xFF, 0xE0, 0x1F, 0xF0, 0x00, 0xE0, 0x00, 0x3F,
    0x00, 0x03, 0xF0, 0x00, 0x0F, 0x00, 0x03, 0xE0, 0x07, 0xF8, 0x00, 0xFE, 0x00, 0x00, 0x00, 0x00,
    0x1F, 0xF8, 0x1F, 0xFF, 0x1F, 0xFF, 0xCF, 0xC7, 0xEF, 0x80, 0xF7, 0x80, 0x3B, 0xC0, 0x01, 0xF0,
    0x00, 0x7F, 0xC0, 0x3F, 0xFE, 0x0F, 0xFF, 0x80, 0xFF, 0xE0, 0x01, 0xF8, 0x00, 0x3C, 0x00, 0x1F,
    0xE0, 0x0F, 0xF0, 0x0F, 0xFF, 0x1F, 0x9F, 0xFF, 0xC7, 0xFF, 0xC1, 0xFF, 0xC0, 0x1C, 0x00, 0x0F,
    0x80, 0x07, 0xF0, 0x00, 0x78, 0x00, 0x3C, 0x01, 0xFE, 0x00, 0xFE, 0x00, 0x00, 0x00, 0x1E, 0x0F,
    0x03, 0xE3, 0xE0, 0x3E, 0xF8, 0x03, 0xFE, 0x00, 0x3F, 0x80, 0x03, 0xE0, 0x00, 0x00, 0x00, 0x00,
    0x00, 0x00, 0x00, 0x00, 0xFF, 0x00, 0x3F, 0xF8, 0x0F, 0xFF, 0x83, 0xF3, 0xF8, 0x78, 0x1F, 0x1E,
    0x01, 0xF3, 0xC0, 0x3E, 0x78, 0x00, 0x0F, 0x00, 0x00, 0xF0, 0x00, 0x1F, 0x80, 0x01, 0xFE, 0x00,
    0x1F, 0xF8, 0x01, 0xFF, 0xC0, 0x07, 0xFC, 0x00, 0x0F, 0x80, 0x00, 0xF8, 0x00, 0x0F, 0x00, 0x01,
    0xEF, 0x00, 0x3D, 0xF0, 0x07, 0x9E, 0x00, 0xF3, 0xE0, 0x3E, 0x7F, 0x1F, 0x87, 0xFF, 0xF0, 0x7F,
    0xFC, 0x03, 0xFE, 0x00, 0x3C, 0x3E, 0x0F, 0x3E, 0x03, 0xFE, 0x00, 0xFE, 0x00, 0x3E, 0x00, 0x00,
    0x00, 0x00, 0x00, 0x00, 0x00, 0x1F, 0xF8, 0x1F, 0xFF, 0x1F, 0xFF, 0xCF, 0xC7, 0xEF, 0x80, 0xF7,
    0x80, 0x3B, 0xC0, 0x01, 0xF0, 0x00, 0x7F, 0xC0, 0x3F, 0xFE, 0x0F, 0xFF, 0x80, 0xFF, 0xE0, 0x01,
    0xF8, 0x00, 0x3C, 0x00, 0x1F, 0xE0, 0x0F, 0xF0, 0x0F, 0xFF, 0x1F, 0x9F, 0xFF, 0xC7, 0xFF, 0xC1,
    0xFF, 0xC0, 0xFF, 0xFF, 0xFF, 0xFF, 0xFF, 0xFF, 0xFF, 0x80, 0xF0, 0x00, 0x1E, 0x00, 0x03, 0xC0,
    0x00, 0x78, 0x00, 0x0F, 0x00, 0x01, 0xE0, 0x00, 0x3C, 0x00, 0x07, 0x80, 0x00, 0xF0, 0x00, 0x1E,
    0x00, 0x03, 0xC0, 0x00, 0x78, 0x00, 0x0F, 0x00, 0x01, 0xE0, 0x00, 0x3C, 0x00, 0x07, 0x80, 0x00,
    0xF0, 0x00, 0x1E, 0x00, 0x03, 0xC0, 0x00, 0x78, 0x00, 0x0F, 0x00, 0x01, 0xE0, 0x00, 0x3C, 0x00,
    0x07, 0x80, 0x00, 0x70, 0x00, 0x0F, 0x00, 0x01, 0xF8, 0x00, 0x0F, 0x80, 0x00, 0x78, 0x00, 0x3E,
    0x00, 0x3F, 0xC0, 0x07, 0xF0, 0x00, 0x01, 0xC0, 0x00, 0x7C, 0x00, 0x0F, 0x80, 0x01, 0xF0, 0x00,
    0x3E, 0x00, 0x07, 0xC0, 0x3F, 0xFF, 0xFF, 0xFF, 0xFF, 0xFF, 0xFF, 0xE0, 0x7C, 0x00, 0x0F, 0x80,
    0x01, 0xF0, 0x00, 0x3E, 0x00, 0x07, 0xC0, 0x00, 0xF8, 0x00, 0x1F, 0x00, 0x03, 0xE0, 0x00, 0x7C,
    0x00, 0x0F, 0x80, 0x01, 0xF0, 0x00, 0x3E, 0x00, 0x07, 0xC0, 0x00, 0x78, 0x00, 0x0F, 0x80, 0x01,
    0xFF, 0xE0, 0x1F, 0xFC, 0x01, 0xFF, 0x80, 0x1C, 0x00, 0x03, 0xC0, 0x00, 0xFE, 0x00, 0x03, 0xE0,
    0x00, 0x3C, 0x00, 0x0F, 0x80, 0x0F, 0xF0, 0x01, 0xF8, 0x00, 0x1E, 0x0F, 0x03, 0xE3, 0xE0, 0x3E,
    0xF8, 0x03, 0xFE, 0x00, 0x3F, 0x80, 0x03, 0xE0, 0x00, 0x00, 0x00, 0x00, 0x00, 0x00, 0x00, 0x1F,
    0xFF, 0xFF, 0xFF, 0xFF, 0xFF, 0xFF, 0xF0, 0x1E, 0x00, 0x03, 0xC0, 0x00, 0x78, 0x00, 0x0F, 0x00,
    0x01, 0xE0, 0x00, 0x3C, 0x00, 0x07, 0x80, 0x00, 0xF0, 0x00, 0x1E, 0x00, 0x03, 0xC0, 0x00, 0x78,
    0x00, 0x0F, 0x00, 0x01, 0xE0, 0x00, 0x3C, 0x00, 0x07, 0x80, 0x00, 0xF0, 0x00, 0x1E, 0x00, 0x03,
    0xC0, 0x00, 0x78, 0x00, 0x0F, 0x00, 0x01, 0xE0, 0x00, 0x3C, 0x00, 0x07, 0x80, 0x00, 0xF0, 0x00,
    0x00, 0x07, 0x80, 0x00, 0xF0, 0x00, 0x1E, 0x00, 0xE3, 0xC0, 0x3E, 0x78, 0x07, 0xCE, 0x00, 0xF9,
    0xC0, 0x1F, 0x00, 0x03, 0xE0, 0x1F, 0xFF, 0xFF, 0xFF, 0xFF, 0xFF, 0xFF, 0xF0, 0x3E, 0x00, 0x07,
    0xC0, 0x00, 0xF8, 0x00, 0x1F, 0x00, 0x03, 0xE0, 0x00, 0x7C, 0x00, 0x0F, 0x80, 0x01, 0xF0, 0x00,
    0x3E, 0x00, 0x07, 0xC0, 0x00, 0xF8, 0x00, 0x1F, 0x00, 0x03, 0xE0, 0x00, 0x3C, 0x00, 0x07, 0xC0,
    0x00, 0xFF, 0xF0, 0x0F, 0xFE, 0x00, 0xFF, 0xC0, 0xFF, 0xFF, 0xFF, 0xFF, 0xFF, 0xFF, 0xFF, 0x80,
    0xF0, 0x00, 0x1E, 0x00, 0x03, 0xC0, 0x00, 0x78, 0x00, 0x0F, 0x00, 0x01, 0xE0, 0x00, 0x3C, 0x00,
    0x07, 0x80, 0x00, 0xF0, 0x00, 0x1E, 0x00, 0x7F, 0xFF, 0x0F, 0xFF, 0xE1, 0xFF, 0xFC, 0x01, 0xE0,
    0x00, 0x3C, 0x00, 0x07, 0x80, 0x00, 0xF0, 0x00, 0x1E, 0x00, 0x03, 0xC0, 0x00, 0x78, 0x00, 0x0F,
    0x00, 0x01, 0xE0, 0x00, 0x3C, 0x00, 0x07, 0x80, 0x00, 0x01, 0xC0, 0x00, 0x7C, 0x00, 0x0F, 0x80,
    0x01, 0xF0, 0x00, 0x3E, 0x00, 0x07, 0xC0, 0x3F, 0xFF, 0xFF, 0xFF, 0xFF, 0xFF, 0xFF, 0xE0, 0x7C,
    0x00, 0x0F, 0x80, 0x01, 0xF0, 0x00, 0x3E, 0x00, 0x07, 0xC0, 0x00, 0xF8, 0x01, 0xFF, 0xFC, 0x3F,
    0xFF, 0x87, 0xFF, 0xF0, 0x0F, 0x80, 0x01, 0xF0, 0x00, 0x3E, 0x00, 0x07, 0xC0, 0x00, 0x78, 0x00,
    0x0F, 0x80, 0x01, 0xFF, 0xE0, 0x1F, 0xFC, 0x01, 0xFF, 0x80, 0x1F, 0x0E, 0x0F, 0xC7, 0x0F, 0xFF,
    0x87, 0x3F, 0x83, 0x8F, 0x80, 0x00, 0x00, 0x00, 0x00, 0x00, 0x00, 0x00, 0x00, 0x78, 0x03, 0xFC,
    0x01, 0xFE, 0x00, 0xFF, 0x00, 0x7F, 0x80, 0x3F, 0xC0, 0x1F, 0xE0, 0x0F, 0xF0, 0x07, 0xF8, 0x03,
    0xFC, 0x01, 0xFE, 0x00, 0xFF, 0x00, 0x7F, 0x80, 0x3F, 0xC0, 0x1F, 0xE0, 0x0F, 0xF0, 0x07, 0xF8,
    0x03, 0xFC, 0x01, 0xFE, 0x00, 0xFF, 0x00, 0x7F, 0x80, 0x7F, 0xE0, 0x3E, 0xF0, 0x1E, 0x7E, 0x3F,
    0x1F, 0xFF, 0x07, 0xFF, 0x01, 0xFF, 0x00, 0x1F, 0x0E, 0x0F, 0xC7, 0x0F, 0xFF, 0x87, 0x3F, 0x83,
    0x8F, 0x80, 0x00, 0x00, 0x00, 0x00, 0x00, 0x00, 0xF0, 0x07, 0xF8, 0x03, 0xFC, 0x01, 0xFE, 0x00,
    0xFF, 0x00, 0x7F, 0x80, 0x3F, 0xC0, 0x1F, 0xE0, 0x0F, 0xF0, 0x07, 0xF8, 0x03, 0xFC, 0x01, 0xFE,
    0x00, 0xFF, 0x00, 0x7F, 0x80, 0x3F, 0xC0, 0x3F, 0xF0, 0x1E, 0x78, 0x1F, 0x3F, 0x3F, 0x8F, 0xFF,
    0x83, 0xFF, 0x80, 0xFF, 0x00, 0x00, 0x00, 0x1F, 0xFF, 0x0F, 0xFF, 0x87, 0xFF, 0xC0, 0x00, 0x00,
    0x00, 0x00, 0x00, 0x00, 0x00, 0x00, 0x00, 0x00, 0x78, 0x03, 0xFC, 0x01, 0xFE, 0x00, 0xFF, 0x00,
    0x7F, 0x80, 0x3F, 0xC0, 0x1F, 0xE0, 0x0F, 0xF0, 0x07, 0xF8, 0x03, 0xFC, 0x01, 0xFE, 0x00, 0xFF,
    0x00, 0x7F, 0x80, 0x3F, 0xC0, 0x1F, 0xE0, 0x0F, 0xF0, 0x07, 0xF8, 0x03, 0xFC, 0x01, 0xFE, 0x00,
    0xFF, 0x00, 0x7F, 0x80, 0x7F, 0xE0, 0x3E, 0xF0, 0x1E, 0x7E, 0x3F, 0x1F, 0xFF, 0x07, 0xFF, 0x01,
    0xFF, 0x00, 0x00, 0x00, 0x1F, 0xFF, 0x0F, 0xFF, 0x87, 0xFF, 0xC0, 0x00, 0x00, 0x00, 0x00, 0x00,
    0x00, 0x00, 0x00, 0xF0, 0x07, 0xF8, 0x03, 0xFC, 0x01, 0xFE, 0x00, 0xFF, 0x00, 0x7F, 0x80, 0x3F,
    0xC0, 0x1F, 0xE0, 0x0F, 0xF0, 0x07, 0xF8, 0x03, 0xFC, 0x01, 0xFE, 0x00, 0xFF, 0x00, 0x7F, 0x80,
    0x3F, 0xC0, 0x3F, 0xF0, 0x1E, 0x78, 0x1F, 0x3F, 0x3F, 0x8F, 0xFF, 0x83, 0xFF, 0x80, 0xFF, 0x00,
    0x38, 0x1E, 0x1E, 0x0F, 0x0F, 0x07, 0x83, 0xFF, 0x80, 0xFF, 0x80, 0x3F, 0x80, 0x00, 0x00, 0x00,
    0x00, 0x00, 0x00, 0x78, 0x03, 0xFC, 0x01, 0xFE, 0x00, 0xFF, 0x00, 0x7F, 0x80, 0x3F, 0xC0, 0x1F,
    0xE0, 0x0F, 0xF0, 0x07, 0xF8, 0x03, 0xFC, 0x01, 0xFE, 0x00, 0xFF, 0x00, 0x7F, 0x80, 0x3F, 0xC0,
    0x1F, 0xE0, 0x0F, 0xF0, 0x07, 0xF8, 0x03, 0xFC, 0x01, 0xFE, 0x00, 0xFF, 0x00, 0x7F, 0x80, 0x7F,
    0xE0, 0x3E, 0xF0, 0x1E, 0x7E, 0x3F, 0x1F, 0xFF, 0x07, 0xFF, 0x01, 0xFF, 0x00, 0x38, 0x1E, 0x1E,
    0x0F, 0x0F, 0x07, 0x83, 0xFF, 0x80, 0xFF, 0x80, 0x3F, 0x80, 0x00, 0x00, 0x00, 0x00, 0x00, 0x00,
    0x78, 0x03, 0xFC, 0x01, 0xFE, 0x00, 0xFF, 0x00, 0x7F, 0x80, 0x3F, 0xC0, 0x1F, 0xE0, 0x0F, 0xF0,
    0x07, 0xF8, 0x03, 0xFC, 0x01, 0xFE, 0x00, 0xFF, 0x00, 0x7F, 0x80, 0x3F, 0xC0, 0x1F, 0xE0, 0x1F,
    0xF8, 0x0F, 0x3C, 0x0F, 0x9F, 0x9F, 0xC7, 0xFF, 0xC1, 0xFF, 0xC0, 0x7F, 0x80, 0x07, 0xE0, 0x07,
    0xF8, 0x03, 0xDE, 0x01, 0xC7, 0x01, 0xE3, 0x80, 0x71, 0xC0, 0x3D, 0xE0, 0x1F, 0xE0, 0x07, 0xE0,
    0x00, 0x00, 0x00, 0x00, 0x1E, 0x00, 0xFF, 0x00, 0x7F, 0x80, 0x3F, 0xC0, 0x1F, 0xE0, 0x0F, 0xF0,
    0x07, 0xF8, 0x03, 0xFC, 0x01, 0xFE, 0x00, 0xFF, 0x00, 0x7F, 0x80, 0x3F, 0xC0, 0x1F, 0xE0, 0x0F,
    0xF0, 0x07, 0xF8, 0x03, 0xFC, 0x01, 0xFE, 0x00, 0xFF, 0x00, 0x7F, 0x80, 0x3F, 0xC0, 0x1F, 0xE0,
    0x1F, 0xF8, 0x0F, 0xBC, 0x07, 0x9F, 0x8F, 0xC7, 0xFF, 0xC1, 0xFF, 0xC0, 0x7F, 0xC0, 0x07, 0xE0,
    0x07, 0xF8, 0x03, 0xDE, 0x01, 0xC7, 0x01, 0xE3, 0x80, 0x71, 0xC0, 0x3D, 0xE0, 0x1F, 0xE0, 0x07,
    0xE0, 0x00, 0x00, 0x00, 0x00, 0x1E, 0x00, 0xFF, 0x00, 0x7F, 0x80, 0x3F, 0xC0, 0x1F, 0xE0, 0x0F,
    0xF0, 0x07, 0xF8, 0x03, 0xFC, 0x01, 0xFE, 0x00, 0xFF, 0x00, 0x7F, 0x80, 0x3F, 0xC0, 0x1F, 0xE0,
    0x0F, 0xF0, 0x07, 0xF8, 0x07, 0xFE, 0x03, 0xCF, 0x03, 0xE7, 0xE7, 0xF1, 0xFF, 0xF0, 0x7F, 0xF0,
    0x1F, 0xE0, 0x03, 0xC7, 0x81, 0xE3, 0xC0, 0xF9, 0xE0, 0x7C, 0xF0, 0x1E, 0x7C, 0x00, 0x00, 0x00,
    0x00, 0x00, 0x00, 0x00, 0xF0, 0x07, 0xBC, 0x01, 0xEF, 0x00, 0x7B, 0xC0, 0x1E, 0xF0, 0x07, 0xBC,
    0x01, 0xEF, 0x00, 0x7B, 0xC0, 0x1E, 0xF0, 0x07, 0xBC, 0x01, 0xEF, 0x00, 0x7B, 0xC0, 0x1E, 0xF0,
    0x07, 0xBC, 0x01, 0xEF, 0x00, 0x7B, 0xC0, 0x1E, 0xF0, 0x07, 0xBC, 0x01, 0xEF, 0x00, 0x7B, 0xC0,
    0x1E, 0xF0, 0x0F, 0xBE, 0x03, 0xE7, 0x80, 0xF1, 0xF8, 0xFC, 0x3F, 0xFE, 0x07, 0xFF, 0x00, 0xFF,
    0x80, 0x03, 0xC7, 0x81, 0xE3, 0xC0, 0xF9, 0xE0, 0x7C, 0xF0, 0x1E, 0x7C, 0x00, 0x00, 0x00, 0x00,
    0x00, 0x00, 0x00, 0xF0, 0x07, 0xBC, 0x01, 0xEF, 0x00, 0x7B, 0xC0, 0x1E, 0xF0, 0x07, 0xBC, 0x01,
    0xEF, 0x00, 0x7B, 0xC0, 0x1E, 0xF0, 0x07, 0xBC, 0x01, 0xEF, 0x00, 0x7B, 0xC0, 0x1E, 0xF0, 0x07,
    0xBC, 0x01, 0xEF, 0x00, 0xFB, 0xE0, 0x3C, 0x78, 0x1F, 0x1F, 0x9F, 0xC3, 0xFF, 0xE0, 0x7F, 0xF0,
    0x0F, 0xF0, 0x00, 0xF0, 0x07, 0xF8, 0x03, 0xFC, 0x01, 0xFE, 0x00, 0xFF, 0x00, 0x7F, 0x80, 0x3F,
    0xC0, 0x1F, 0xE0, 0x0F, 0xF0, 0x07, 0xF8, 0x03, 0xFC, 0x01, 0xFE, 0x00, 0xFF, 0x00, 0x7F, 0x80,
    0x3F, 0xC0, 0x1F, 0xE0, 0x0F, 0xF0, 0x07, 0xF8, 0x03, 0xFC, 0x01, 0xFE, 0x00, 0xFF, 0x00, 0xFF,
    0xC0, 0x7D, 0xE0, 0x3C, 0xFC, 0x7E, 0x3F, 0xFE, 0x0F, 0xFE, 0x03, 0xFE, 0x00, 0x1E, 0x00, 0x1E,
    0x00, 0x0E, 0x00, 0x0F, 0x00, 0x03, 0xC0, 0x01, 0xFE, 0x00, 0x7F, 0x00, 0x07, 0x00, 0xF0, 0x07,
    0xF8, 0x03, 0xFC, 0x01, 0xFE, 0x00, 0xFF, 0x00, 0x7F, 0x80, 0x3F, 0xC0, 0x1F, 0xE0, 0x0F, 0xF0,
    0x07, 0xF8, 0x03, 0xFC, 0x01, 0xFE, 0x00, 0xFF, 0x00, 0x7F, 0x80, 0x3F, 0xC0, 0x3F, 0xF0, 0x1E,
    0x78, 0x0F, 0x3F, 0x1F, 0x8F, 0xFF, 0x83, 0xFF, 0x80, 0xFF, 0x80, 0x07, 0x80, 0x07, 0x80, 0x07,
    0x80, 0x03, 0xC0, 0x01, 0xF0, 0x00, 0x7F, 0x00, 0x1F, 0x80, 0x03, 0xC0, 0x00, 0x78, 0x00, 0x01,
    0xF8, 0x00, 0x07, 0xF8, 0x00, 0x1F, 0xF8, 0x00, 0x7C, 0xF8, 0x00, 0xF0, 0x78, 0x00, 0x00, 0x00,
    0x00, 0x00, 0x00, 0x00, 0x00, 0x01, 0xE0, 0xF8, 0x39, 0xC1, 0xF0, 0xF3, 0xC3, 0xE1, 0xE7, 0x87,
    0xC3, 0xCF, 0x0F, 0x87, 0x9E, 0x1F, 0x0F, 0x3C, 0x7F, 0x1E, 0x78, 0xEE, 0x38, 0xF1, 0xDC, 0x70,
    0xE3, 0xB8, 0xE1, 0xC7, 0x71, 0xC3, 0xCE, 0xE7, 0x87, 0x9D, 0xCF, 0x0F, 0x7B, 0x9E, 0x1E, 0xE7,
    0x3C, 0x3D, 0xC7, 0x70, 0x7B, 0x8E, 0xE0, 0x77, 0x1D, 0xC0, 0xEE, 0x3B, 0x81, 0xDC, 0x77, 0x03,
    0xF8, 0xFE, 0x07, 0xE1, 0xFC, 0x0F, 0xC3, 0xF8, 0x1F, 0x83, 0xE0, 0x3F, 0x07, 0xC0, 0x3E, 0x0F,
    0x80, 0x7C, 0x1F, 0x00, 0x00, 0xF8, 0x00, 0x0F, 0xE0, 0x00, 0xFF, 0x80, 0x0F, 0xBE, 0x00, 0xF0,
    0xF8, 0x00, 0x00, 0x00, 0x00, 0x00, 0x00, 0x00, 0x00, 0xF0, 0xF8, 0x7F, 0x87, 0xC3, 0xFC, 0x3E,
    0x1F, 0xE1, 0xF0, 0xE7, 0x0F, 0x87, 0x38, 0xFC, 0x39, 0xC7, 0x73, 0xCF, 0x3B, 0x9E, 0x79, 0xDC,
    0xF3, 0xCE, 0xE7, 0x0E, 0xF7, 0x38, 0x77, 0x3D, 0xC3, 0xB9, 0xEE, 0x1D, 0xC7, 0xF0, 0xFE, 0x3F,
    0x87, 0xF1, 0xF8, 0x3F, 0x8F, 0xC0, 0xF8, 0x7E, 0x07, 0xC3, 0xF0, 0x3E, 0x0F, 0x81, 0xF0, 0x7C,
    0x00, 0x00, 0xF0, 0x00, 0x0F, 0xC0, 0x00, 0xFF, 0x00, 0x0F, 0xFC, 0x00, 0xF9, 0xF0, 0x07, 0x83,
    0xC0, 0x00, 0x00, 0x00, 0x00, 0x00, 0x00, 0x00, 0x07, 0xC0, 0x07, 0xDE, 0x00, 0x3C, 0xF8, 0x03,
    0xE3, 0xC0, 0x1E, 0x1F, 0x01, 0xF0, 0x78, 0x0F, 0x03, 0xE0, 0xF8, 0x0F, 0x07, 0x80, 0x78, 0x7C,
    0x01, 0xE3, 0xC0, 0x0F, 0x3E, 0x00, 0x3D, 0xE0, 0x01, 0xFF, 0x00, 0x07, 0xF0, 0x00, 0x3F, 0x80,
    0x00, 0xF8, 0x00, 0x07, 0xC0, 0x00, 0x3C, 0x00, 0x01, 0xE0, 0x00, 0x0F, 0x00, 0x00, 0x78, 0x00,
    0x03, 0xC0, 0x00, 0x1E, 0x00, 0x00, 0xF0, 0x00, 0x07, 0x80, 0x00, 0x3C, 0x00, 0x01, 0xE0, 0x00,
    0x01, 0xF0, 0x00, 0x7F, 0x00, 0x1F, 0xF0, 0x07, 0xDF, 0x01, 0xE1, 0xF0, 0x00, 0x00, 0x00, 0x00,
    0x00, 0x00, 0x00, 0xF0, 0x01, 0xFF, 0x00, 0x7D, 0xE0, 0x0F, 0x3C, 0x01, 0xE7, 0xC0, 0x78, 0x78,
    0x0F, 0x0F, 0x83, 0xE0, 0xF0, 0x78, 0x1E, 0x0F, 0x03, 0xE3, 0xE0, 0x3C, 0x78, 0x07, 0x8F, 0x00,
    0x7B, 0xC0, 0x0F, 0x78, 0x01, 0xFF, 0x00, 0x1F, 0xC0, 0x03, 0xF8, 0x00, 0x3F, 0x00, 0x07, 0xC0,
    0x00, 0xF8, 0x00, 0x1F, 0x00, 0x03, 0xC0, 0x00, 0xF8, 0x00, 0x1E, 0x00, 0x03, 0xC0, 0x00, 0xF8,
    0x00, 0x1E, 0x00, 0x03, 0xC0, 0x00, 0x0F, 0x07, 0x80, 0x7C, 0x7C, 0x07, 0xE3, 0xE0, 0x1F, 0x1F,
    0x00, 0xF0, 0x78, 0x00, 0x00, 0x00, 0x00, 0x00, 0x00, 0x00, 0x00, 0x00, 0x00, 0x07, 0xC0, 0x07,
    0xDE, 0x00, 0x3C, 0xF8, 0x03, 0xE3, 0xC0, 0x1E, 0x1F, 0x01, 0xF0, 0x78, 0x0F, 0x03, 0xE0, 0xF8,
    0x0F, 0x07, 0x80, 0x78, 0x7C, 0x01, 0xE3, 0xC0, 0x0F, 0x3E, 0x00, 0x3D, 0xE0, 0x01, 0xFF, 0x00,
    0x07, 0xF0, 0x00, 0x3F, 0x80, 0x00, 0xF8, 0x00, 0x07, 0xC0, 0x00, 0x3C, 0x00, 0x01, 0xE0, 0x00,
    0x0F, 0x00, 0x00, 0x78, 0x00, 0x03, 0xC0, 0x00, 0x1E, 0x00, 0x00, 0xF0, 0x00, 0x07, 0x80, 0x00,
    0x3C, 0x00, 0x01, 0xE0, 0x00, 0x00, 0x3C, 0x00, 0x3E, 0x00, 0x3E, 0x00, 0x1E, 0x00, 0x1E, 0x00,
    0x1F, 0x00, 0x00, 0x00, 0x00, 0x00, 0x00, 0x00, 0x7F, 0xFF, 0xFF, 0xFF, 0xFF, 0xFF, 0xF0, 0x00,
    0xF0, 0x00, 0xF8, 0x00, 0x78, 0x00, 0x7C, 0x00, 0x3C, 0x00, 0x3C, 0x00, 0x3E, 0x00, 0x1E, 0x00,
    0x1F, 0x00, 0x0F, 0x00, 0x0F, 0x00, 0x0F, 0x80, 0x07, 0x80, 0x07, 0xC0, 0x03, 0xC0, 0x03, 0xC0,
    0x03, 0xE0, 0x01, 0xE0, 0x01, 0xF0, 0x00, 0xF0, 0x00, 0xF0, 0x00, 0x7F, 0xFF, 0xFF, 0xFF, 0xFF,
    0xFF, 0xF0, 0x00, 0x7C, 0x00, 0x3C, 0x00, 0x3C, 0x00, 0x3C, 0x00, 0x3E, 0x00, 0x00, 0x00, 0x00,
    0x00, 0x00, 0x00, 0xFF, 0xFF, 0x7F, 0xFF, 0xBF, 0xFF, 0xC0, 0x03, 0xE0, 0x03, 0xE0, 0x01, 0xF0,
    0x01, 0xF0, 0x01, 0xF0, 0x01, 0xF0, 0x01, 0xF0, 0x00, 0xF8, 0x00, 0xF8, 0x00, 0xF8, 0x00, 0xF8,
    0x00, 0xF8, 0x00, 0x7C, 0x00, 0x7C, 0x00, 0x7C, 0x00, 0x3F, 0xFF, 0xFF, 0xFF, 0xFF, 0xFF, 0xF8,
    0x03, 0xE0, 0x01, 0xF0, 0x01, 0xF8, 0x00, 0x7C, 0x00, 0x3E, 0x00, 0x00, 0x00, 0x00, 0x00, 0x00,
    0x00, 0x00, 0x00, 0x7F, 0xFF, 0xFF, 0xFF, 0xFF, 0xFF, 0xF0, 0x00, 0xF0, 0x00, 0xF8, 0x00, 0x78,
    0x00, 0x7C, 0x00, 0x3C, 0x00, 0x3C, 0x00, 0x3E, 0x00, 0x1E, 0x00, 0x1F, 0x00, 0x0F, 0x00, 0x0F,
    0x00, 0x0F, 0x80, 0x07, 0x80, 0x07, 0xC0, 0x03, 0xC0, 0x03, 0xC0, 0x03, 0xE0, 0x01, 0xE0, 0x01,
    0xF0, 0x00, 0xF0, 0x00, 0xF0, 0x00, 0x7F, 0xFF, 0xFF, 0xFF, 0xFF, 0xFF, 0xF0, 0x03, 0xE0, 0x01,
    0xF0, 0x01, 0xF8, 0x00, 0x7C, 0x00, 0x3E, 0x00, 0x00, 0x00, 0x00, 0x00, 0x00, 0x00, 0xFF, 0xFF,
    0x7F, 0xFF, 0xBF, 0xFF, 0xC0, 0x03, 0xE0, 0x03, 0xE0, 0x01, 0xF0, 0x01, 0xF0, 0x01, 0xF0, 0x01,
    0xF0, 0x01, 0xF0, 0x00, 0xF8, 0x00, 0xF8, 0x00, 0xF8, 0x00, 0xF8, 0x00, 0xF8, 0x00, 0x7C, 0x00,
    0x7C, 0x00, 0x7C, 0x00, 0x3F, 0xFF, 0xFF, 0xFF, 0xFF, 0xFF, 0xF8, 0x3C, 0x1E, 0x1F, 0x1F, 0x07,
    0xDF, 0x01, 0xFF, 0x00, 0x7F, 0x00, 0x1F, 0x00, 0x00, 0x00, 0x00, 0x00, 0x00, 0x00, 0x7F, 0xFF,
    0xFF, 0xFF, 0xFF, 0xFF, 0xF0, 0x00, 0xF0, 0x00, 0xF8, 0x00, 0x78, 0x00, 0x7C, 0x00, 0x3C, 0x00,
    0x3C, 0x00, 0x3E, 0x00, 0x1E, 0x00, 0x1F, 0x00, 0x0F, 0x00, 0x0F, 0x00, 0x0F, 0x80, 0x07, 0x80,
    0x07, 0xC0, 0x03, 0xC0, 0x03, 0xC0, 0x03, 0xE0, 0x01, 0xE0, 0x01, 0xF0, 0x00, 0xF0, 0x00, 0xF0,
    0x00, 0x7F, 0xFF, 0xFF, 0xFF, 0xFF, 0xFF, 0xF0, 0x3C, 0x3E, 0x0F, 0x3E, 0x03, 0xFE, 0x00, 0xFE,
    0x00, 0x3E, 0x00, 0x00, 0x00, 0x00, 0x00, 0x00, 0x00, 0xFF, 0xFF, 0x7F, 0xFF, 0xBF, 0xFF, 0xC0,
    0x03, 0xE0, 0x03, 0xE0, 0x01, 0xF0, 0x01, 0xF0, 0x01, 0xF0, 0x01, 0xF0, 0x01, 0xF0, 0x00, 0xF8,
    0x00, 0xF8, 0x00, 0xF8, 0x00, 0xF8, 0x00, 0xF8, 0x00, 0x7C, 0x00, 0x7C, 0x00, 0x7C, 0x00, 0x3F,
    0xFF, 0xFF, 0xFF, 0xFF, 0xFF, 0xF8, 0x1F, 0xFC, 0xFF, 0xF7, 0xFF, 0xFF, 0x00, 0xF0, 0x03, 0xC0,
    0x0F, 0x00, 0x3C, 0x00, 0xF0, 0x03, 0xC0, 0x0F, 0x00, 0x3C, 0x00, 0xF0, 0x03, 0xC0, 0x0F, 0x00,
    0x3C, 0x00, 0xF0, 0x03, 0xC0, 0x0F, 0x00, 0x3C, 0x00, 0xF0, 0x03, 0xC0, 0x0F, 0x00, 0x3C, 0x00,
    0xF0, 0x03, 0xC0, 0x0F, 0x00, 0x00, 0xF8, 0x3E, 0x0F, 0x83, 0xE0, 0xF0, 0x1F, 0x3E, 0x3C, 0x78,
    0xF0, 0x07, 0xC0, 0x1F, 0xC0, 0x7F, 0xC1, 0xF7, 0xC7, 0xC3, 0xC0, 0x3C, 0x3B, 0xF9, 0xFF, 0xFF,
    0xC7, 0xEE, 0x1F, 0x00, 0x00, 0x07, 0xFF, 0xFF, 0xFF, 0xFF, 0xF0, 0xF0, 0x3F, 0x83, 0xFC, 0x1E,
    0xFF, 0xE3, 0xFE, 0x0F, 0xE0, 0x7C, 0xF9, 0xFB, 0xE7, 0xC0, 0x78, 0x3C, 0xF8, 0xF9, 0xF1, 0xFB,
    0xE3, 0xE7, 0x83, 0xC0, 0x00, 0xFE, 0xFE, 0xFF, 0x0F, 0x0F, 0x1E, 0x3C, 0x3C, 0x3F, 0x1F, 0xEF,
    0x7B, 0x8E, 0xE3, 0xF8, 0xEF, 0x79, 0xFE, 0x3F, 0x00, 0x0F, 0x9E, 0x1F, 0x3C, 0x3E, 0x7C, 0x3C,
    0xF8, 0x78, 0xF0, 0x7C, 0x3C, 0x7D, 0xF0, 0x7F, 0xC0, 0x7F, 0x00, 0x7C, 0x00, 0x78, 0xF0, 0x3C,
    0x78, 0x1E, 0x7C, 0x0F, 0x3E, 0x0F, 0x9E, 0x0F, 0x0F, 0x1F, 0x1E, 0x3E, 0x3C, 0x7C, 0x7C, 0xF8,
    0x3C, 0xF3, 0xCF, 0xFF, 0xEF, 0x00, 0x7C, 0xF9, 0xFB, 0xE7, 0xC0, 0x3F, 0x1F, 0xEF, 0x7B, 0x8E,
    0xE3, 0xBC, 0xEF, 0xF8, 0xFC, 0x0F, 0x0F, 0x8F, 0x87, 0x87, 0xC7, 0xC0, 0x00, 0x1C, 0x0E, 0x0F,
    0xC1, 0xF8, 0x3C, 0x3E, 0xFF, 0x7F, 0x00, 0x3C, 0x78, 0xF0, 0xF0, 0xF0, 0xFF, 0x7F, 0x3F, 0x00,
    0x00, 0x00, 0x3F, 0xFF, 0xFF, 0xFF, 0xFF, 0xFF, 0xFF, 0xFF, 0xFF, 0xFF, 0x00, 0x00, 0x78, 0x00,
    0x07, 0x80, 0x00, 0x7C, 0x00, 0x03, 0xC0, 0x00, 0x3C, 0x00, 0x03, 0xE0, 0x00, 0x1E, 0x00, 0x01,
    0xE0, 0x00, 0x1E, 0x00, 0x01, 0xF0, 0x00, 0x0F, 0x00, 0x00, 0xF0, 0x00, 0x0F, 0x80, 0x00, 0x78,
    0x00, 0x07, 0x80, 0x00, 0x78, 0x00, 0x07, 0xC0, 0x00, 0x3C, 0x00, 0x03, 0xC0, 0x00, 0x3E, 0x00,
    0x01, 0xE0, 0x00, 0x1E, 0x00, 0x01, 0xE0, 0x00, 0x1F, 0x00, 0x00, 0x00, 0x0E, 0x00, 0x3C, 0x00,
    0x70, 0x00, 0xE0, 0x03, 0x80, 0x07, 0x00, 0x1E, 0x00, 0x38, 0x00, 0x70, 0x01, 0xC0, 0x03, 0x80,
    0x0E, 0x00, 0x1C, 0x00, 0x78, 0x00, 0xE0, 0x01, 0xC0, 0x07, 0x00, 0x0E, 0x00, 0x3C, 0x00, 0x70,
    0x00, 0xE0, 0x03, 0x80, 0x07, 0x00, 0x1C, 0x00, 0x38, 0x00, 0xF0, 0x01, 0xC0, 0x03, 0x80, 0x0E,
    0x00, 0x00, 0x1E, 0x1E, 0x1F, 0x1F, 0x8F, 0x8F, 0xC7, 0xC7, 0xE1, 0xE1, 0xE0, 0x00, 0x00, 0x00,
    0x00, 0x00, 0x00, 0x00, 0x00, 0x7F, 0xFF, 0xFF, 0xFF, 0xFF, 0xFF, 0xFF, 0x80, 0x07, 0xC0, 0x03,
    0xE0, 0x01, 0xF0, 0x00, 0xF8, 0x00, 0x7C, 0x00, 0x3E, 0x00, 0x1F, 0x00, 0x0F, 0xFF, 0xF7, 0xFF,
    0xFB, 0xFF, 0xFD, 0xF0, 0x00, 0xF8, 0x00, 0x7C, 0x00, 0x3E, 0x00, 0x1F, 0x00, 0x0F, 0x80, 0x07,
    0xC0, 0x03, 0xE0, 0x01, 0xF0, 0x00, 0xF8, 0x00, 0x7F, 0xFF, 0xFF, 0xFF, 0xFF, 0xFF, 0xF0, 0xFF,
    0xF8, 0x07, 0xFF, 0xC0, 0x3F, 0xFE, 0x00, 0x1E, 0x00, 0x00, 0xF0, 0x00, 0x07, 0x80, 0x00, 0x3C,
    0x00, 0x01, 0xE0, 0x00, 0x0F, 0x1F, 0xC0, 0x79, 0xFF, 0x03, 0xFF, 0xFC, 0x1F, 0xF7, 0xE0, 0xFE,
    0x0F, 0x07, 0xE0, 0x7C, 0x3E, 0x03, 0xE1, 0xE0, 0x0F, 0x0F, 0x00, 0x78, 0x78, 0x03, 0xC3, 0xC0,
    0x1E, 0x1E, 0x00, 0xF0, 0xF0, 0x07, 0x87, 0x80, 0x3C, 0x3C, 0x01, 0xE1, 0xE0, 0x0F, 0x0F, 0x00,
    0x78, 0x78, 0x03, 0xC3, 0xC0, 0x1E, 0x00, 0x01, 0xF0, 0x00, 0x0F, 0x00, 0x00, 0x78, 0x00, 0x0F,
    0xC0, 0x0F, 0xFC, 0x00, 0x7F, 0xC0, 0x03, 0xFC, 0x00, 0x00, 0x3C, 0x00, 0x1E, 0x00, 0x0F, 0x80,
    0x07, 0xC0, 0x01, 0xE0, 0x00, 0xF0, 0x00, 0x00, 0x00, 0x00, 0x00, 0x00, 0x00, 0x1F, 0xFF, 0xE7,
    0xFF, 0xF9, 0xFF, 0xFE, 0x78, 0x00, 0x1E, 0x00, 0x07, 0x80, 0x01, 0xE0, 0x00, 0x78, 0x00, 0x1E,
    0x00, 0x07, 0x80, 0x01, 0xE0, 0x00, 0x78, 0x00, 0x1E, 0x00, 0x07, 0x80, 0x01, 0xE0, 0x00, 0x78,
    0x00, 0x1E, 0x00, 0x07, 0x80, 0x01, 0xE0, 0x00, 0x78, 0x00, 0x1E, 0x00, 0x07, 0x80, 0x01, 0xE0,
    0x00, 0x78, 0x00, 0x1E, 0x00, 0x07, 0x80, 0x01, 0xE0, 0x00, 0x0F, 0xF8, 0x0F, 0xFF, 0x0F, 0xFF,
    0xCF, 0xE7, 0xE7, 0x80, 0xFF, 0xC0, 0x3F, 0xC0, 0x1F, 0xE0, 0x0F, 0xF0, 0x00, 0x78, 0x00, 0x3C,
    0x00, 0x1F, 0xFF, 0x0F, 0xFF, 0x87, 0xFF, 0xC3, 0xC0, 0x01, 0xE0, 0x00, 0xF0, 0x00, 0x78, 0x00,
    0x3C, 0x00, 0x1E, 0x00, 0xFF, 0x00, 0x7F, 0xC0, 0x3D, 0xE0, 0x3E, 0xFE, 0x7E, 0x3F, 0xFE, 0x0F,
    0xFE, 0x03, 0xFE, 0x00, 0x07, 0xF8, 0x01, 0xFF, 0xC0, 0x7F, 0xFC, 0x1F, 0x9F, 0xC3, 0xC0, 0xF8,
    0xF0, 0x0F, 0x9E, 0x01, 0xF3, 0xC0, 0x00, 0x78, 0x00, 0x07, 0x80, 0x00, 0xFC, 0x00, 0x0F, 0xF0,
    0x00, 0xFF, 0xC0, 0x0F, 0xFE, 0x00, 0x3F, 0xE0, 0x00, 0x7C, 0x00, 0x07, 0xC0, 0x00, 0x78, 0x00,
    0x0F, 0x78, 0x01, 0xEF, 0x80, 0x3C, 0xF0, 0x07, 0x9F, 0x01, 0xF3, 0xF8, 0xFC, 0x3F, 0xFF, 0x83,
    0xFF, 0xE0, 0x1F, 0xF0, 0x00, 0x7F, 0xFF, 0x7F, 0xFF, 0x7F, 0xFF, 0x03, 0xE0, 0x03, 0xE0, 0x03,
    0xE0, 0x03, 0xE0, 0x03, 0xE0, 0x03, 0xE0, 0x03, 0xE0, 0x03, 0xE0, 0x03, 0xE0, 0x03, 0xE0, 0x03,
    0xE0, 0x03, 0xE0, 0x03, 0xE0, 0x03, 0xE0, 0x03, 0xE0, 0x03, 0xE0, 0x03, 0xE0, 0x03, 0xE0, 0x03,
    0xE0, 0x03, 0xE0, 0x03, 0xE0, 0x7F, 0xFF, 0x7F, 0xFF, 0x7F, 0xFF, 0x3C, 0x1E, 0x3E, 0x3E, 0x7E,
    0x3E, 0x3E, 0x3E, 0x3C, 0x1E, 0x00, 0x00, 0x00, 0x00, 0x00, 0x00, 0x00, 0x00, 0x7F, 0xFF, 0x7F,
    0xFF, 0x7F, 0xFF, 0x03, 0xE0, 0x03, 0xE0, 0x03, 0xE0, 0x03, 0xE0, 0x03, 0xE0, 0x03, 0xE0, 0x03,
    0xE0, 0x03, 0xE0, 0x03, 0xE0, 0x03, 0xE0, 0x03, 0xE0, 0x03, 0xE0, 0x03, 0xE0, 0x03, 0xE0, 0x03,
    0xE0, 0x03, 0xE0, 0x03, 0xE0, 0x03, 0xE0, 0x03, 0xE0, 0x03, 0xE0, 0x03, 0xE0, 0x7F, 0xFF, 0x7F,
    0xFF, 0x7F, 0xFF, 0x00, 0x03, 0xC0, 0x00, 0xF0, 0x00, 0x3C, 0x00, 0x0F, 0x00, 0x03, 0xC0, 0x00,
    0xF0, 0x00, 0x3C, 0x00, 0x0F, 0x00, 0x03, 0xC0, 0x00, 0xF0, 0x00, 0x3C, 0x00, 0x0F, 0x00, 0x03,
    0xC0, 0x00, 0xF0, 0x00, 0x3C, 0x00, 0x0F, 0x00, 0x03, 0xC0, 0x00, 0xF7, 0x00, 0x3F, 0xE0, 0x0F,
    0xF8, 0x03, 0xDE, 0x01, 0xF7, 0xC0, 0x7C, 0xFC, 0xFE, 0x3F, 0xFF, 0x07, 0xFF, 0x80, 0x7F, 0xC0,
    0x1F, 0xFE, 0x00, 0x1F, 0xFE, 0x00, 0x1F, 0xFE, 0x00, 0x1E, 0x1E, 0x00, 0x1E, 0x1E, 0x00, 0x1E,
    0x1E, 0x00, 0x1E, 0x1E, 0x00, 0x1E, 0x1E, 0x00, 0x1E, 0x1E, 0x00, 0x1E, 0x1E, 0x00, 0x1E, 0x1E,
    0x00, 0x1E, 0x1F, 0xF0, 0x1E, 0x1F, 0xFC, 0x1E, 0x1F, 0xFE, 0x1E, 0x1E, 0x3E, 0x1E, 0x1E, 0x1E,
    0x1E, 0x1E, 0x1E, 0x1E, 0x1E, 0x1E, 0x1E, 0x1E, 0x1E, 0x1E, 0x1E, 0x1E, 0x1E, 0x1E, 0x1E, 0x1E,
    0x1E, 0x1E, 0x1E, 0x1E, 0x1E, 0x3E, 0x1E, 0x3E, 0xFC, 0x1F, 0xFE, 0xFC, 0x1F, 0xFC, 0xF8, 0x1F,
    0xF0, 0xE0, 0xF0, 0x07, 0x07, 0x80, 0x38, 0x3C, 0x01, 0xC1, 0xE0, 0x0E, 0x0F, 0x00, 0x70, 0x78,
    0x03, 0x83, 0xC0, 0x1C, 0x1E, 0x00, 0xE0, 0xF0, 0x07, 0x07, 0x80, 0x38, 0x3C, 0x01, 0xFF, 0xFF,
    0x8F, 0xFF, 0xFE, 0x7F, 0xFF, 0xFB, 0x83, 0xC7, 0xDC, 0x1E, 0x1E, 0xE0, 0xF0, 0x77, 0x07, 0x83,
    0xB8, 0x3C, 0x1D, 0xC1, 0xE0, 0xEE, 0x0F, 0x07, 0x70, 0x78, 0x3B, 0x83, 0xC3, 0xDC, 0x1E, 0x3E,
    0xE0, 0xFF, 0xF7, 0x07, 0xFF, 0x38, 0x3F, 0xF0, 0xFF, 0xF8, 0x07, 0xFF, 0xC0, 0x3F, 0xFE, 0x00,
    0x1E, 0x00, 0x00, 0xF0, 0x00, 0x07, 0x80, 0x00, 0x3C, 0x00, 0x01, 0xE0, 0x00, 0x0F, 0x1F, 0xC0,
    0x79, 0xFF, 0x03, 0xFF, 0xFC, 0x1F, 0xF7, 0xE0, 0xFE, 0x0F, 0x07, 0xE0, 0x7C, 0x3E, 0x03, 0xE1,
    0xE0, 0x0F, 0x0F, 0x00, 0x78, 0x78, 0x03, 0xC3, 0xC0, 0x1E, 0x1E, 0x00, 0xF0, 0xF0, 0x07, 0x87,
    0x80, 0x3C, 0x3C, 0x01, 0xE1, 0xE0, 0x0F, 0x0F, 0x00, 0x78, 0x78, 0x03, 0xC3, 0xC0, 0x1E, 0x00,
    0x3C, 0x00, 0x0F, 0x80, 0x03, 0xE0, 0x00, 0x78, 0x00, 0x1E, 0x00, 0x07, 0xC0, 0x00, 0x00, 0x00,
    0x00, 0x00, 0x00, 0x00, 0x1E, 0x00, 0xFB, 0xC0, 0x1E, 0x78, 0x07, 0xCF, 0x00, 0xF1, 0xE0, 0x3E,
    0x3C, 0x07, 0x87, 0x81, 0xF0, 0xF0, 0x3C, 0x1E, 0x0F, 0x83, 0xC3, 0xE0, 0x78, 0x7C, 0x0F, 0xFF,
    0x01, 0xFF, 0xE0, 0x3F, 0xFC, 0x07, 0x87, 0x80, 0xF0, 0xF8, 0x1E, 0x0F, 0x03, 0xC1, 0xF0, 0x78,
    0x1E, 0x0F, 0x03, 0xE1, 0xE0, 0x3C, 0x3C, 0x07, 0xC7, 0x80, 0x78, 0xF0, 0x0F, 0x9E, 0x00, 0xF3,
    0xC0, 0x1F, 0x78, 0x01, 0xE0, 0x0E, 0x07, 0x80, 0xF0, 0x78, 0x0F, 0x07, 0x80, 0x7F, 0xF0, 0x03,
    0xFE, 0x00, 0x1F, 0xC0, 0x00, 0x00, 0x00, 0x00, 0x00, 0x00, 0x00, 0x07, 0x80, 0x0F, 0x7C, 0x01,
    0xF3, 0xC0, 0x1E, 0x3C, 0x01, 0xE3, 0xE0, 0x3E, 0x1E, 0x03, 0xC1, 0xE0, 0x3C, 0x0F, 0x07, 0xC0,
    0xF0, 0x78, 0x0F, 0x87, 0x80, 0x78, 0xF0, 0x07, 0x8F, 0x00, 0x3C, 0xF0, 0x03, 0xDE, 0x00, 0x3D,
    0xE0, 0x01, 0xFE, 0x00, 0x1F, 0xC0, 0x00, 0xFC, 0x00, 0x0F, 0x80, 0x00, 0xF8, 0x00, 0x0F, 0x80,
    0x00, 0xF0, 0x00, 0x0F, 0x00, 0x01, 0xF0, 0x00, 0x1E, 0x00, 0x03, 0xE0, 0x00, 0x3C, 0x00, 0xF0,
    0x0F, 0xF8, 0x07, 0xFC, 0x03, 0xFE, 0x01, 0xFF, 0x00, 0xFF, 0x80, 0x7F, 0xC0, 0x3F, 0xE0, 0x1F,
    0xF0, 0x0F, 0xF8, 0x07, 0xFC, 0x03, 0xFE, 0x01, 0xFF, 0x00, 0xFF, 0x80, 0x7F, 0xC0, 0x3F, 0xE0,
    0x1F, 0xF0, 0x0F, 0xF8, 0x07, 0xFC, 0x03, 0xFE, 0x01, 0xFF, 0x00, 0xFF, 0x80, 0x7F, 0xC0, 0x3F,
    0xE0, 0x1F, 0xFF, 0xFF, 0xFF, 0xFF, 0xFF, 0xFF, 0xE0, 0x78, 0x00, 0x3C, 0x00, 0x1E, 0x00, 0x0F,
    0x00, 0x07, 0x80, 0x00, 0xF8, 0x00, 0x1F, 0x80, 0x01, 0xFC, 0x00, 0x1F, 0xC0, 0x01, 0xFC, 0x00,
    0x3D, 0xE0, 0x03, 0xDE, 0x00, 0x3D, 0xE0, 0x07, 0x9E, 0x00, 0x78, 0xF0, 0x07, 0x8F, 0x00, 0x78,
    0xF0, 0x0F, 0x0F, 0x00, 0xF0, 0x78, 0x0F, 0x07, 0x80, 0xF0, 0x78, 0x1E, 0x07, 0x81, 0xFF, 0xFC,
    0x1F, 0xFF, 0xC1, 0xFF, 0xFC, 0x3C, 0x03, 0xE3, 0xC0, 0x1E, 0x3C, 0x01, 0xE7, 0xC0, 0x1E, 0x78,
    0x01, 0xF7, 0x80, 0x0F, 0x78, 0x00, 0xF0, 0xFF, 0xFF, 0x3F, 0xFF, 0xCF, 0xFF, 0xF3, 0xC0, 0x00,
    0xF0, 0x00, 0x3C, 0x00, 0x0F, 0x00, 0x03, 0xC0, 0x00, 0xF0, 0x00, 0x3C, 0x00, 0x0F, 0x00, 0x03,
    0xFF, 0xE0, 0xFF, 0xFE, 0x3F, 0xFF, 0xCF, 0x03, 0xF3, 0xC0, 0x3E, 0xF0, 0x07, 0xBC, 0x01, 0xEF,
    0x00, 0x7B, 0xC0, 0x1E, 0xF0, 0x07, 0xBC, 0x01, 0xEF, 0x00, 0xFB, 0xC0, 0xFC, 0xFF, 0xFF, 0x3F,
    0xFF, 0x8F, 0xFF, 0x80, 0xFF, 0xF8, 0x3F, 0xFF, 0x8F, 0xFF, 0xE3, 0xC0, 0xFC, 0xF0, 0x0F, 0xBC,
    0x03, 0xEF, 0x00, 0x7B, 0xC0, 0x1E, 0xF0, 0x0F, 0xBC, 0x03, 0xCF, 0x03, 0xE3, 0xFF, 0xF0, 0xFF,
    0xF8, 0x3F, 0xFF, 0x8F, 0x03, 0xF3, 0xC0, 0x3E, 0xF0, 0x07, 0xBC, 0x01, 0xEF, 0x00, 0x7B, 0xC0,
    0x1E, 0xF0, 0x07, 0xBC, 0x01, 0xEF, 0x00, 0xFB, 0xC0, 0xFC, 0xFF, 0xFF, 0x3F, 0xFF, 0x8F, 0xFF,
    0x80, 0x7F, 0xFF, 0x9F, 0xFF, 0xE7, 0xFF, 0xF9, 0xE0, 0x00, 0x78, 0x00, 0x1E, 0x00, 0x07, 0x80,
    0x01, 0xE0, 0x00, 0x78, 0x00, 0x1E, 0x00, 0x07, 0x80, 0x01, 0xE0, 0x00, 0x78, 0x00, 0x1E, 0x00,
    0x07, 0x80, 0x01, 0xE0, 0x00, 0x78, 0x00, 0x1E, 0x00, 0x07, 0x80, 0x01, 0xE0, 0x00, 0x78, 0x00,
    0x1E, 0x00, 0x07, 0x80, 0x01, 0xE0, 0x00, 0x78, 0x00, 0x1E, 0x00, 0x07, 0x80, 0x00, 0x07, 0xFF,
    0xF0, 0x1F, 0xFF, 0xC0, 0x7F, 0xFF, 0x01, 0xE0, 0x7C, 0x07, 0x81, 0xF0, 0x1E, 0x07, 0xC0, 0xF8,
    0x1F, 0x03, 0xE0, 0x7C, 0x0F, 0x81, 0xF0, 0x3E, 0x07, 0xC0, 0xF8, 0x1F, 0x03, 0xE0, 0x7C, 0x0F,
    0x01, 0xF0, 0x3C, 0x07, 0xC0, 0xF0, 0x1F, 0x03, 0xC0, 0x7C, 0x0F, 0x01, 0xF0, 0x3C, 0x07, 0xC0,
    0xF0, 0x1F, 0x03, 0xC0, 0x7C, 0x0F, 0x01, 0xF0, 0x7C, 0x07, 0xC1, 0xE0, 0x1F, 0x0F, 0x80, 0x7C,
    0x7F, 0xFF, 0xFD, 0xFF, 0xFF, 0xF7, 0xFF, 0xFF, 0xDC, 0x00, 0x0F, 0x70, 0x00, 0x3D, 0xC0, 0x00,
    0xF7, 0x00, 0x03, 0xDC, 0x00, 0x0F, 0xFF, 0xFF, 0xFF, 0xFF, 0xFF, 0xFF, 0xFF, 0x00, 0x0F, 0x80,
    0x07, 0xC0, 0x03, 0xE0, 0x01, 0xF0, 0x00, 0xF8, 0x00, 0x7C, 0x00, 0x3E, 0x00, 0x1F, 0xFF, 0xEF,
    0xFF, 0xF7, 0xFF, 0xFB, 0xE0, 0x01, 0xF0, 0x00, 0xF8, 0x00, 0x7C, 0x00, 0x3E, 0x00, 0x1F, 0x00,
    0x0F, 0x80, 0x07, 0xC0, 0x03, 0xE0, 0x01, 0xF0, 0x00, 0xFF, 0xFF, 0xFF, 0xFF, 0xFF, 0xFF, 0xE0,
    0xF8, 0x38, 0x3C, 0xF0, 0x70, 0x79, 0xE0, 0xE1, 0xF1, 0xE1, 0xC3, 0xC3, 0xC3, 0x87, 0x87, 0xC7,
    0x1E, 0x07, 0x8E, 0x3C, 0x0F, 0x1C, 0x78, 0x1F, 0x39, 0xE0, 0x1E, 0x73, 0xC0, 0x3C, 0xEF, 0x80,
    0x3F, 0xFE, 0x00, 0x7F, 0xFC, 0x00, 0xFF, 0xF8, 0x03, 0xCE, 0xF8, 0x07, 0x9C, 0xF0, 0x0F, 0x39,
    0xE0, 0x3C, 0x73, 0xE0, 0x78, 0xE3, 0xC1, 0xF1, 0xC7, 0x83, 0xC3, 0x8F, 0x87, 0x87, 0x0F, 0x1F,
    0x0E, 0x1E, 0x3C, 0x1C, 0x3E, 0x78, 0x38, 0x3D, 0xF0, 0x70, 0x7B, 0xC0, 0xE0, 0xF8, 0x03, 0xFE,
    0x00, 0xFF, 0xF0, 0x1F, 0xFF, 0x83, 0xF9, 0xFC, 0x3E, 0x03, 0xC3, 0xC0, 0x3E, 0x7C, 0x01, 0xE3,
    0x80, 0x1E, 0x00, 0x03, 0xC0, 0x00, 0x7C, 0x00, 0x1F, 0x80, 0x3F, 0xF0, 0x03, 0xFF, 0x00, 0x3F,
    0xF8, 0x00, 0x1F, 0xC0, 0x00, 0x3E, 0x00, 0x01, 0xE0, 0x00, 0x1E, 0x00, 0x01, 0xF7, 0x80, 0x1F,
    0x78, 0x01, 0xF7, 0x80, 0x1E, 0x7C, 0x03, 0xE3, 0xF9, 0xFC, 0x1F, 0xFF, 0xC0, 0xFF, 0xF0, 0x03,
    0xFE, 0x00, 0xF0, 0x1F, 0xF8, 0x0F, 0xFC, 0x07, 0xFE, 0x07, 0xFF, 0x03, 0xFF, 0x83, 0xFF, 0xC1,
    0xFF, 0xE0, 0xFF, 0xF0, 0xF7, 0xF8, 0x7B, 0xFC, 0x39, 0xFE, 0x3C, 0xFF, 0x1E, 0x7F, 0x8E, 0x3F,
    0xCF, 0x1F, 0xE7, 0x8F, 0xF7, 0x87, 0xFB, 0xC3, 0xFD, 0xC1, 0xFF, 0xE0, 0xFF, 0xF0, 0x7F, 0xF0,
    0x3F, 0xF8, 0x1F, 0xFC, 0x0F, 0xFC, 0x07, 0xFE, 0x03, 0xFF, 0x01, 0xE0, 0x38, 0x1E, 0x1E, 0x0F,
    0x0F, 0x07, 0x83, 0xFF, 0x80, 0xFF, 0x80, 0x3F, 0x80, 0x00, 0x00, 0x00, 0x00, 0x00, 0x00, 0x78,
    0x0F, 0xFC, 0x07, 0xFE, 0x03, 0xFF, 0x03, 0xFF, 0x81, 0xFF, 0xC1, 0xFF, 0xE0, 0xFF, 0xF0, 0x7F,
    0xF8, 0x7B, 0xFC, 0x3D, 0xFE, 0x1C, 0xFF, 0x1E, 0x7F, 0x8F, 0x3F, 0xC7, 0x1F, 0xE7, 0x8F, 0xF3,
    0xC7, 0xFB, 0xC3, 0xFD, 0xE1, 0xFE, 0xE0, 0xFF, 0xF0, 0x7F, 0xF8, 0x3F, 0xF8, 0x1F, 0xFC, 0x0F,
    0xFE, 0x07, 0xFE, 0x03, 0xFF, 0x01, 0xFF, 0x80, 0xF0, 0xF0, 0x07, 0xDE, 0x00, 0xF3, 0xC0, 0x3E,
    0x78, 0x07, 0x8F, 0x01, 0xF1, 0xE0, 0x3C, 0x3C, 0x0F, 0x87, 0x81, 0xE0, 0xF0, 0x7C, 0x1E, 0x1F,
    0x03, 0xC3, 0xE0, 0x7F, 0xF8, 0x0F, 0xFF, 0x01, 0xFF, 0xE0, 0x3C, 0x3C, 0x07, 0x87, 0xC0, 0xF0,
    0x78, 0x1E, 0x0F, 0x83, 0xC0, 0xF0, 0x78, 0x1F, 0x0F, 0x01, 0xE1, 0xE0, 0x3E, 0x3C, 0x03, 0xC7,
    0x80, 0x7C, 0xF0, 0x07, 0x9E, 0x00, 0xFB, 0xC0, 0x0F, 0x00, 0x07, 0xFF, 0xF0, 0x7F, 0xFF, 0x07,
    0xFF, 0xF0, 0xF8, 0x1F, 0x0F, 0x81, 0xF0, 0xF8, 0x1F, 0x0F, 0x81, 0xF0, 0xF8, 0x1F, 0x0F, 0x81,
    0xF0, 0xF8, 0x1F, 0x0F, 0x81, 0xF0, 0xF8, 0x1F, 0x0F, 0x81, 0xF0, 0xF8, 0x1F, 0x0F, 0x01, 0xF0,
    0xF0, 0x1F, 0x0F, 0x01, 0xF0, 0xF0, 0x1F, 0x0F, 0x01, 0xF0, 0xF0, 0x1F, 0x0F, 0x01, 0xF0, 0xF0,
    0x1F, 0x1F, 0x01, 0xF3, 0xE0, 0x1F, 0xFE, 0x01, 0xFF, 0xC0, 0x1F, 0xF8, 0x01, 0xF0, 0xFC, 0x0F,
    0xDF, 0xC1, 0xFB, 0xF8, 0x3F, 0x7F, 0x07, 0xEF, 0xF1, 0xDD, 0xFE, 0x3B, 0xBD, 0xC7, 0x77, 0xB9,
    0xEE, 0xF7, 0xBB, 0xDE, 0x77, 0x7B, 0xCF, 0xEF, 0x79, 0xF9, 0xEF, 0x1F, 0x3D, 0xE3, 0xE7, 0xBC,
    0x78, 0xF7, 0x80, 0x1E, 0xF0, 0x03, 0xDE, 0x00, 0x7B, 0xC0, 0x0F, 0x78, 0x01, 0xEF, 0x00, 0x3D,
    0xE0, 0x07, 0xBC, 0x00, 0xF7, 0x80, 0x1E, 0xF0, 0x03, 0xDE, 0x00, 0x7B, 0xC0, 0x0F, 0x00, 0xF0,
    0x0F, 0xF8, 0x07, 0xFC, 0x03, 0xFE, 0x01, 0xFF, 0x00, 0xFF, 0x80, 0x7F, 0xC0, 0x3F, 0xE0, 0x1F,
    0xF0, 0x0F, 0xF8, 0x07, 0xFC, 0x03, 0xFF, 0xFF, 0xFF, 0xFF, 0xFF, 0xFF, 0xFF, 0xC0, 0x3F, 0xE0,
    0x1F, 0xF0, 0x0F, 0xF8, 0x07, 0xFC, 0x03, 0xFE, 0x01, 0xFF, 0x00, 0xFF, 0x80, 0x7F, 0xC0, 0x3F,
    0xE0, 0x1F, 0xF0, 0x0F, 0xF8, 0x07, 0xFC, 0x03, 0xE0, 0x0F, 0xF8, 0x0F, 0xFE, 0x0F, 0xFF, 0x8F,
    0xC7, 0xE7, 0x80, 0xF7, 0xC0, 0x7F, 0xC0, 0x1F, 0xE0, 0x0F, 0xF0, 0x07, 0xF8, 0x03, 0xFC, 0x01,
    0xFE, 0x00, 0xFF, 0x00, 0x7F, 0x80, 0x3F, 0xC0, 0x1F, 0xE0, 0x0F, 0xF0, 0x07, 0xF8, 0x03, 0xFC,
    0x01, 0xFE, 0x00, 0xFF, 0x00, 0x7F, 0xC0, 0x7D, 0xE0, 0x3C, 0xFC, 0x7E, 0x3F, 0xFE, 0x0F, 0xFE,
    0x03, 0xFE, 0x00, 0xFF, 0xFF, 0xFF, 0xFF, 0xFF, 0xFF, 0xFE, 0x01, 0xFF, 0x00, 0xFF, 0x80, 0x7F,
    0xC0, 0x3F, 0xE0, 0x1F, 0xF0, 0x0F, 0xF8, 0x07, 0xFC, 0x03, 0xFE, 0x01, 0xFF, 0x00, 0xFF, 0x80,
    0x7F, 0xC0, 0x3F, 0xE0, 0x1F, 0xF0, 0x0F, 0xF8, 0x07, 0xFC, 0x03, 0xFE, 0x01, 0xFF, 0x00, 0xFF,
    0x80, 0x7F, 0xC0, 0x3F, 0xE0, 0x1F, 0xF0, 0x0F, 0xF8, 0x07, 0xFC, 0x03, 0xE0, 0xFF, 0xFC, 0x3F,
    0xFF, 0x8F, 0xFF, 0xF3, 0xC0, 0xFE, 0xF0, 0x07, 0xFC, 0x01, 0xFF, 0x00, 0x3F, 0xC0, 0x0F, 0xF0,
    0x03, 0xFC, 0x00, 0xFF, 0x00, 0x7F, 0xC0, 0x1F, 0xF0, 0x1F, 0xBF, 0xFF, 0xCF, 0xFF, 0xE3, 0xFF,
    0xF0, 0xF0, 0x00, 0x3C, 0x00, 0x0F, 0x00, 0x03, 0xC0, 0x00, 0xF0, 0x00, 0x3C, 0x00, 0x0F, 0x00,
    0x03, 0xC0, 0x00, 0xF0, 0x00, 0x3C, 0x00, 0x0F, 0x00, 0x00, 0x0F, 0xF8, 0x0F, 0xFE, 0x0F, 0xFF,
    0x8F, 0xE7, 0xE7, 0x80, 0xFF, 0xC0, 0x3F, 0xC0, 0x1F, 0xE0, 0x0F, 0xF0, 0x00, 0x78, 0x00, 0x3C,
    0x00, 0x1E, 0x00, 0x0F, 0x00, 0x07, 0x80, 0x03, 0xC0, 0x01, 0xE0, 0x00, 0xF0, 0x00, 0x78, 0x00,
    0x3C, 0x00, 0x1E, 0x00, 0xFF, 0x00, 0x7F, 0xC0, 0x3D, 0xE0, 0x3E, 0xFE, 0x7E, 0x3F, 0xFE, 0x0F,
    0xFE, 0x03, 0xFE, 0x00, 0xFF, 0xFF, 0xFF, 0xFF, 0xFF, 0xFF, 0xFF, 0x80, 0xF0, 0x00, 0x1E, 0x00,
    0x03, 0xC0, 0x00, 0x78, 0x00, 0x0F, 0x00, 0x01, 0xE0, 0x00, 0x3C, 0x00, 0x07, 0x80, 0x00, 0xF0,
    0x00, 0x1E, 0x00, 0x03, 0xC0, 0x00, 0x78, 0x00, 0x0F, 0x00, 0x01, 0xE0, 0x00, 0x3C, 0x00, 0x07,
    0x80, 0x00, 0xF0, 0x00, 0x1E, 0x00, 0x03, 0xC0, 0x00, 0x78, 0x00, 0x0F, 0x00, 0x01, 0xE0, 0x00,
    0x3C, 0x00, 0x07, 0x80, 0x00, 0x78, 0x00, 0xF7, 0xC0, 0x1F, 0x3C, 0x01, 0xE3, 0xC0, 0x1E, 0x3E,
    0x03, 0xE1, 0xE0, 0x3C, 0x1E, 0x03, 0xC0, 0xF0, 0x7C, 0x0F, 0x07, 0x80, 0xF8, 0x78, 0x07, 0x8F,
    0x00, 0x78, 0xF0, 0x03, 0xCF, 0x00, 0x3D, 0xE0, 0x03, 0xDE, 0x00, 0x1F, 0xE0, 0x01, 0xFC, 0x00,
    0x0F, 0xC0, 0x00, 0xF8, 0x00, 0x0F, 0x80, 0x00, 0xF8, 0x00, 0x0F, 0x00, 0x00, 0xF0, 0x00, 0x1F,
    0x00, 0x01, 0xE0, 0x00, 0x3E, 0x00, 0x03, 0xC0, 0x00, 0x00, 0xF0, 0x00, 0x07, 0x80, 0x00, 0x3C,
    0x00, 0x0F, 0xFE, 0x01, 0xFF, 0xF8, 0x1F, 0xFF, 0xF0, 0xFF, 0xDF, 0x8F, 0x9E, 0x3E, 0x78, 0xF0,
    0xF7, 0xC7, 0x87, 0xBC, 0x3C, 0x3D, 0xE1, 0xE1, 0xEF, 0x0F, 0x0F, 0x78, 0x78, 0x7B, 0xC3, 0xC3,
    0xDE, 0x1E, 0x1E, 0xF0, 0xF0, 0xF7, 0x87, 0x87, 0xBC, 0x3C, 0x3D, 0xE1, 0xE1, 0xEF, 0x0F, 0x0F,
    0x3C, 0x78, 0x79, 0xF3, 0xC7, 0xC7, 0xFE, 0xFC, 0x3F, 0xFF, 0xE0, 0xFF, 0xFE, 0x01, 0xFF, 0xC0,
    0x01, 0xE0, 0x00, 0x0F, 0x00, 0x00, 0x78, 0x00, 0x7C, 0x01, 0xF3, 0xE0, 0x0F, 0x0F, 0x80, 0xF8,
    0x3C, 0x07, 0x81, 0xF0, 0x7C, 0x07, 0x83, 0xC0, 0x3E, 0x3E, 0x00, 0xF1, 0xE0, 0x07, 0xDE, 0x00,
    0x1E, 0xF0, 0x00, 0xFF, 0x00, 0x03, 0xF8, 0x00, 0x0F, 0x80, 0x00, 0x7C, 0x00, 0x07, 0xE0, 0x00,
    0x3F, 0x80, 0x03, 0xFE, 0x00, 0x1E, 0xF0, 0x01, 0xE7, 0xC0, 0x1F, 0x1E, 0x00, 0xF0, 0xF8, 0x0F,
    0x83, 0xE0, 0x78, 0x1F, 0x07, 0xC0, 0x7C, 0x3C, 0x01, 0xE3, 0xE0, 0x0F, 0xBE, 0x00, 0x3C, 0xF0,
    0x0F, 0x1E, 0x01, 0xE3, 0xC0, 0x3C, 0x78, 0x07, 0x8F, 0x00, 0xF1, 0xE0, 0x1E, 0x3C, 0x03, 0xC7,
    0x80, 0x78, 0xF0, 0x0F, 0x1E, 0x01, 0xE3, 0xC0, 0x3C, 0x78, 0x07, 0x8F, 0x00, 0xF1, 0xE0, 0x1E,
    0x3C, 0x03, 0xC7, 0x80, 0x78, 0xF0, 0x0F, 0x1E, 0x01, 0xE3, 0xC0, 0x3C, 0x78, 0x07, 0x8F, 0x00,
    0xF1, 0xE0, 0x1E, 0x3C, 0x03, 0xC7, 0x80, 0x78, 0xFF, 0xFF, 0xFF, 0xFF, 0xFF, 0xFF, 0xFF, 0x80,
    0x00, 0xF0, 0x00, 0x1E, 0x00, 0x03, 0xC0, 0x00, 0x78, 0x00, 0x0F, 0xF8, 0x07, 0xFE, 0x01, 0xFF,
    0x80, 0x7F, 0xE0, 0x1F, 0xF8, 0x07, 0xFE, 0x01, 0xFF, 0x80, 0x7F, 0xE0, 0x1F, 0xF8, 0x07, 0xFE,
    0x01, 0xFF, 0x80, 0x7D, 0xE0, 0x1F, 0x78, 0x07, 0xDF, 0xC1, 0xF3, 0xFF, 0xFC, 0x7F, 0xFF, 0x0F,
    0xFF, 0xC0, 0x01, 0xF0, 0x00, 0x7C, 0x00, 0x1F, 0x00, 0x07, 0xC0, 0x01, 0xF0, 0x00, 0x7C, 0x00,
    0x1F, 0x00, 0x07, 0xC0, 0x01, 0xF0, 0x00, 0x7C, 0xF0, 0xE1, 0xFE, 0x1C, 0x3F, 0xC3, 0x87, 0xF8,
    0x70, 0xFF, 0x0E, 0x1F, 0xE1, 0xC3, 0xFC, 0x38, 0x7F, 0x87, 0x0F, 0xF0, 0xE1, 0xFE, 0x1C, 0x3F,
    0xC3, 0x87, 0xF8, 0x70, 0xFF, 0x0E, 0x1F, 0xE1, 0xC3, 0xFC, 0x38, 0x7F, 0x87, 0x0F, 0xF0, 0xE1,
    0xFE, 0x1C, 0x3F, 0xC3, 0x87, 0xF8, 0x70, 0xFF, 0x0E, 0x1F, 0xE1, 0xC3, 0xFC, 0x38, 0x7F, 0x87,
    0x0F, 0xFF, 0xFF, 0xFF, 0xFF, 0xFF, 0xFF, 0xFF, 0x80, 0xF0, 0xE1, 0xE7, 0x87, 0x0F, 0x3C, 0x38,
    0x79, 0xE1, 0xC3, 0xCF, 0x0E, 0x1E, 0x78, 0x70, 0xF3, 0xC3, 0x87, 0x9E, 0x1C, 0x3C, 0xF0, 0xE1,
    0xE7, 0x87, 0x0F, 0x3C, 0x38, 0x79, 0xE1, 0xC3, 0xCF, 0x0E, 0x1E, 0x78, 0x70, 0xF3, 0xC3, 0x87,
    0x9E, 0x1C, 0x3C, 0xF0, 0xE1, 0xE7, 0x87, 0x0F, 0x3C, 0x38, 0x79, 0xE1, 0xC3, 0xCF, 0x0E, 0x1E,
    0x78, 0x70, 0xF3, 0xC3, 0x87, 0x9E, 0x1C, 0x3C, 0xFF, 0xFF, 0xFF, 0xFF, 0xFF, 0xFF, 0xFF, 0xFE,
    0x00, 0x00, 0xF0, 0x00, 0x07, 0x80, 0x00, 0x3C, 0x00, 0x01, 0xE0, 0x00, 0x0F, 0x00, 0x00, 0x00,
    0xFF, 0xC0, 0x03, 0xFF, 0x00, 0x0F, 0xFC, 0x00, 0x00, 0xF0, 0x00, 0x03, 0xC0, 0x00, 0x0F, 0x00,
    0x00, 0x3C, 0x00, 0x00, 0xF0, 0x00, 0x03, 0xC0, 0x00, 0x0F, 0x00, 0x00, 0x3C, 0x00, 0x00, 0xFF,
    0xF0, 0x03, 0xFF, 0xE0, 0x0F, 0xFF, 0xC0, 0x3C, 0x3F, 0x80, 0xF0, 0x1F, 0x03, 0xC0, 0x7C, 0x0F,
    0x00, 0xF0, 0x3C, 0x03, 0xC0, 0xF0, 0x0F, 0x03, 0xC0, 0x3C, 0x0F, 0x01, 0xF0, 0x3C, 0x07, 0xC0,
    0xF0, 0xFE, 0x03, 0xFF, 0xF0, 0x0F, 0xFF, 0x80, 0x3F, 0xFC, 0x00, 0xF0, 0x01, 0xFE, 0x00, 0x3F,
    0xC0, 0x07, 0xF8, 0x00, 0xFF, 0x00, 0x1F, 0xE0, 0x03, 0xFC, 0x00, 0x7F, 0x80, 0x0F, 0xF0, 0x01,
    0xFE, 0x00, 0x3F, 0xC0, 0x07, 0xFF, 0xC0, 0xFF, 0xFE, 0x1F, 0xFF, 0xE3, 0xFC, 0xFC, 0x7F, 0x87,
    0xCF, 0xF0, 0x79, 0xFE, 0x0F, 0x3F, 0xC1, 0xE7, 0xF8, 0x3C, 0xFF, 0x07, 0x9F, 0xE0, 0xF3, 0xFC,
    0x3E, 0x7F, 0x9F, 0x8F, 0xFF, 0xF1, 0xFF, 0xFC, 0x3F, 0xFE, 0x07, 0x80, 0xF0, 0x00, 0x3C, 0x00,
    0x0F, 0x00, 0x03, 0xC0, 0x00, 0xF0, 0x00, 0x3C, 0x00, 0x0F, 0x00, 0x03, 0xC0, 0x00, 0xF0, 0x00,
    0x3C, 0x00, 0x0F, 0x00, 0x03, 0xFF, 0xF0, 0xFF, 0xFE, 0x3F, 0xFF, 0xCF, 0x03, 0xFB, 0xC0, 0x1F,
    0xF0, 0x07, 0xFC, 0x00, 0xFF, 0x00, 0x3F, 0xC0, 0x0F, 0xF0, 0x03, 0xFC, 0x01, 0xFF, 0x00, 0x7F,
    0xC0, 0xFE, 0xFF, 0xFF, 0x3F, 0xFF, 0x8F, 0xFF, 0xC0, 0x07, 0xF8, 0x07, 0xFF, 0x83, 0xFF, 0xF0,
    0xFC, 0xFE, 0x7C, 0x0F, 0x9E, 0x01, 0xE7, 0x80, 0x7D, 0xC0, 0x0F, 0x00, 0x03, 0xC0, 0x00, 0xF0,
    0x00, 0x3C, 0x1F, 0xFF, 0x07, 0xFF, 0xC1, 0xFF, 0xF0, 0x00, 0x3C, 0x00, 0x0F, 0x00, 0x03, 0xC0,
    0x00, 0xF0, 0x00, 0x3D, 0xE0, 0x1F, 0x78, 0x07, 0xDE, 0x01, 0xE7, 0xC0, 0xF8, 0xFC, 0xFE, 0x3F,
    0xFF, 0x07, 0xFF, 0x80, 0x7F, 0x80, 0xF0, 0x3F, 0x8F, 0x0F, 0xFC, 0xF0, 0xFF, 0xEF, 0x1F, 0x3E,
    0xF1, 0xE1, 0xFF, 0x1C, 0x0F, 0xF1, 0xC0, 0xFF, 0x1C, 0x0F, 0xF1, 0xC0, 0xFF, 0x1C, 0x0F, 0xF1,
    0xC0, 0xFF, 0xFC, 0x0F, 0xFF, 0xC0, 0xFF, 0xFC, 0x0F, 0xF1, 0xC0, 0xFF, 0x1C, 0x0F, 0xF1, 0xC0,
    0xFF, 0x1C, 0x0F, 0xF1, 0xC0, 0xFF, 0x1C, 0x0F, 0xF1, 0xC0, 0xFF, 0x1C, 0x0F, 0xF1, 0xE1, 0xFF,
    0x1F, 0xBE, 0xF0, 0xFF, 0xEF, 0x07, 0xFC, 0xF0, 0x3F, 0x80, 0x07, 0xFF, 0xC7, 0xFF, 0xF3, 0xFF,
    0xFD, 0xFC, 0x1F, 0x7C, 0x07, 0xFE, 0x01, 0xFF, 0x00, 0x7F, 0xC0, 0x1F, 0xF0, 0x07, 0xFE, 0x01,
    0xF7, 0xC0, 0x7D, 0xFC, 0x1F, 0x3F, 0xFF, 0xC7, 0xFF, 0xF0, 0xFF, 0xFC, 0x1F, 0x1F, 0x07, 0x87,
    0xC3, 0xE1, 0xF0, 0xF0, 0x7C, 0x7C, 0x1F, 0x1E, 0x07, 0xCF, 0x81, 0xF3, 0xC0, 0x7D, 0xF0, 0x1F,
    0x7C, 0x07, 0xFE, 0x01, 0xFF, 0x80, 0x7C, 0x07, 0xFC, 0x07, 0xFF, 0x83, 0xFF, 0xF0, 0xFC, 0x7E,
    0x7C, 0x07, 0x9E, 0x01, 0xF0, 0x00, 0x3C, 0x00, 0x0F, 0x0F, 0xFF, 0xCF, 0xFF, 0xF7, 0xFF, 0xFD,
    0xF8, 0x0F, 0xF8, 0x03, 0xFE, 0x00, 0xFF, 0x00, 0x7F, 0xE0, 0x1F, 0xF8, 0x0F, 0xDF, 0xCF, 0xF7,
    0xFF, 0xFC, 0xFF, 0xEF, 0x0F, 0xF3, 0xC0, 0x00, 0x0F, 0x01, 0xFF, 0x83, 0xFF, 0xC7, 0xFF, 0xE3,
    0xFF, 0x83, 0xF0, 0x01, 0xE0, 0x01, 0xE0, 0x00, 0xF0, 0x00, 0x7B, 0xFC, 0x3F, 0xFF, 0x1F, 0xFF,
    0xCF, 0xE7, 0xF7, 0xC0, 0xFB, 0xE0, 0x3F, 0xE0, 0x0F, 0xF0, 0x07, 0xF8, 0x03, 0xFC, 0x01, 0xFE,
    0x00, 0xFF, 0x00, 0x7F, 0x80, 0x3F, 0xC0, 0x1F, 0xF0, 0x1F, 0x78, 0x1F, 0x3F, 0x3F, 0x8F, 0xFF,
    0x83, 0xFF, 0x80, 0xFF, 0x00, 0xFF, 0xFC, 0x7F, 0xFF, 0x3F, 0xFF, 0xDE, 0x07, 0xEF, 0x00, 0xFF,
    0x80, 0x3F, 0xC0, 0x1F, 0xE0, 0x1E, 0xF0, 0x3F, 0x7F, 0xFE, 0x3F, 0xFF, 0x9F, 0xFF, 0xEF, 0x01,
    0xFF, 0x80, 0x3F, 0xC0, 0x1F, 0xE0, 0x0F, 0xF0, 0x07, 0xF8, 0x0F, 0xFF, 0xFF, 0xDF, 0xFF, 0xCF,
    0xFF, 0xC0, 0xFF, 0xFF, 0xFF, 0xFF, 0xFF, 0xFF, 0xF0, 0x00, 0xF0, 0x00, 0xF0, 0x00, 0xF0, 0x00,
    0xF0, 0x00, 0xF0, 0x00, 0xF0, 0x00, 0xF0, 0x00, 0xF0, 0x00, 0xF0, 0x00, 0xF0, 0x00, 0xF0, 0x00,
    0xF0, 0x00, 0xF0, 0x00, 0xF0, 0x00, 0xF0, 0x00, 0xF0, 0x00, 0xF0, 0x00, 0x0F, 0xFF, 0xC0, 0x7F,
    0xFE, 0x03, 0xFF, 0xF0, 0x1E, 0x07, 0x81, 0xF0, 0x3C, 0x0F, 0x81, 0xE0, 0x7C, 0x0F, 0x03, 0xC0,
    0x78, 0x1E, 0x03, 0xC0, 0xF0, 0x1E, 0x07, 0x80, 0xF0, 0x3C, 0x07, 0x81, 0xE0, 0x3C, 0x0F, 0x01,
    0xE0, 0x78, 0x0F, 0x03, 0xC0, 0x78, 0x3C, 0x03, 0xC1, 0xE0, 0x1E, 0x3F, 0xFF, 0xFF, 0xFF, 0xFF,
    0xFF, 0xFF, 0xFF, 0xF0, 0x00, 0x3F, 0x80, 0x01, 0xFC, 0x00, 0x0F, 0xE0, 0x00, 0x7F, 0x00, 0x03,
    0xC0, 0x0F, 0xF8, 0x0F, 0xFE, 0x0F, 0xFF, 0x8F, 0xC7, 0xEF, 0x80, 0xF7, 0x80, 0x3F, 0xC0, 0x1F,
    0xE0, 0x0F, 0xFF, 0xFF, 0xFF, 0xFF, 0xFF, 0xFF, 0xFE, 0x00, 0x0F, 0x00, 0x07, 0x80, 0x03, 0xC0,
    0x01, 0xE0, 0x0F, 0xF8, 0x0F, 0xBF, 0x3F, 0x8F, 0xFF, 0x83, 0xFF, 0x80, 0xFF, 0x80, 0x78, 0x38,
    0x3C, 0xF0, 0x70, 0x78, 0xF0, 0xE1, 0xE1, 0xE1, 0xC3, 0xC3, 0xC3, 0x8F, 0x03, 0xC7, 0x1E, 0x07,
    0x8E, 0x78, 0x07, 0x9C, 0xF0, 0x0F, 0x39, 0xE0, 0x0F, 0xFF, 0x80, 0x1F, 0xFF, 0x00, 0x7F, 0xFF,
    0x00, 0xF3, 0x9E, 0x03, 0xC7, 0x3C, 0x07, 0x8E, 0x3C, 0x0F, 0x1C, 0x78, 0x3C, 0x38, 0x78, 0x78,
    0x70, 0xF1, 0xE0, 0xE1, 0xF3, 0xC1, 0xC1, 0xEF, 0x03, 0x83, 0xC0, 0x0F, 0xFE, 0x07, 0xFF, 0xC3,
    0xFF, 0xF9, 0xF8, 0x7E, 0x78, 0x07, 0xDE, 0x01, 0xF0, 0x00, 0x7C, 0x00, 0x1E, 0x00, 0x1F, 0x81,
    0xFF, 0xC0, 0x7F, 0xF0, 0x1F, 0xFE, 0x00, 0x1F, 0xC0, 0x01, 0xF0, 0x00, 0x3F, 0xC0, 0x0F, 0xF8,
    0x07, 0xDF, 0x87, 0xF7, 0xFF, 0xF8, 0xFF, 0xFC, 0x0F, 0xFE, 0x00, 0xF0, 0x1F, 0xF8, 0x0F, 0xFC,
    0x0F, 0xFE, 0x07, 0xFF, 0x07, 0xFF, 0x83, 0xFF, 0xC3, 0xDF, 0xE1, 0xEF, 0xF1, 0xE7, 0xF8, 0xF3,
    0xFC, 0xF1, 0xFE, 0x78, 0xFF, 0x78, 0x7F, 0xBC, 0x3F, 0xFC, 0x1F, 0xFE, 0x0F, 0xFE, 0x07, 0xFF,
    0x03, 0xFF, 0x01, 0xFF, 0x80, 0xFF, 0x80, 0x78, 0x38, 0x1E, 0x1E, 0x0F, 0x0F, 0x07, 0x83, 0xFF,
    0x80, 0xFF, 0x80, 0x3F, 0x80, 0x00, 0x00, 0x00, 0x00, 0x00, 0x00, 0x78, 0x0F, 0xFC, 0x07, 0xFE,
    0x07, 0xFF, 0x03, 0xFF, 0x83, 0xFF, 0xC1, 0xFF, 0xE1, 0xEF, 0xF0, 0xF7, 0xF8, 0xF3, 0xFC, 0x79,
    0xFE, 0x78, 0xFF, 0x3C, 0x7F, 0xBC, 0x3F, 0xDE, 0x1F, 0xFE, 0x0F, 0xFF, 0x07, 0xFF, 0x03, 0xFF,
    0x81, 0xFF, 0x80, 0xFF, 0xC0, 0x7F, 0xC0, 0x3C, 0x78, 0x07, 0xCF, 0x00, 0xF9, 0xE0, 0x3E, 0x3C,
    0x07, 0x87, 0x81, 0xF0, 0xF0, 0x7C, 0x1E, 0x0F, 0x03, 0xC3, 0xE0, 0x78, 0xF8, 0x0F, 0xFE, 0x01,
    0xFF, 0xC0, 0x3F, 0xFC, 0x07, 0x8F, 0x80, 0xF0, 0xF8, 0x1E, 0x0F, 0x83, 0xC1, 0xF0, 0x78, 0x1F,
    0x0F, 0x01, 0xF1, 0xE0, 0x3E, 0x3C, 0x03, 0xE7, 0x80, 0x3E, 0x07, 0xFF, 0xF0, 0x7F, 0xFF, 0x07,
    0xFF, 0xF0, 0xF8, 0x0F, 0x0F, 0x80, 0xF0, 0xF8, 0x0F, 0x0F, 0x80, 0xF0, 0xF8, 0x0F, 0x0F, 0x80,
    0xF0, 0xF8, 0x0F, 0x0F, 0x80, 0xF0, 0xF8, 0x0F, 0x0F, 0x00, 0xF0, 0xF0, 0x0F, 0x0F, 0x00, 0xF0,
    0xF0, 0x0F, 0x0F, 0x00, 0xF3, 0xF0, 0x0F, 0x7E, 0x00, 0xF7, 0xC0, 0x0F, 0x78, 0x00, 0xF0, 0xFC,
    0x07, 0xDF, 0x81, 0xFB, 0xF8, 0x3F, 0x7F, 0x07, 0xEF, 0xE1, 0xFD, 0xFE, 0x3B, 0xBD, 0xCF, 0x77,
    0xBD, 0xDE, 0xF3, 0xBB, 0xDE, 0x7F, 0x7B, 0xCF, 0xCF, 0x78, 0xF9, 0xEF, 0x1E, 0x3D, 0xE0, 0x07,
    0xBC, 0x00, 0xF7, 0x80, 0x1E, 0xF0, 0x03, 0xDE, 0x00, 0x7B, 0xC0, 0x0F, 0x78, 0x01, 0xEF, 0x00,
    0x3C, 0xF0, 0x07, 0xF8, 0x03, 0xFC, 0x01, 0xFE, 0x00, 0xFF, 0x00, 0x7F, 0x80, 0x3F, 0xC0, 0x1F,
    0xE0, 0x0F, 0xF0, 0x07, 0xFF, 0xFF, 0xFF, 0xFF, 0xFF, 0xFF, 0xFF, 0x00, 0x7F, 0x80, 0x3F, 0xC0,
    0x1F, 0xE0, 0x0F, 0xF0, 0x07, 0xF8, 0x03, 0xFC, 0x01, 0xFE, 0x00, 0xFF, 0x00, 0x78, 0x0F, 0xF8,
    0x0F, 0xFE, 0x0F, 0xFF, 0x8F, 0xC7, 0xEF, 0x80, 0xF7, 0x80, 0x7F, 0xC0, 0x1F, 0xE0, 0x0F, 0xF0,
    0x07, 0xF8, 0x03, 0xFC, 0x01, 0xFE, 0x00, 0xFF, 0x00, 0x7F, 0x80, 0x3F, 0xC0, 0x1F, 0xE0, 0x1F,
    0xF8, 0x0F, 0x3F, 0x1F, 0x8F, 0xFF, 0x83, 0xFF, 0x80, 0xFF, 0x80, 0xFF, 0xFF, 0xFF, 0xFF, 0xFF,
    0xFF, 0xFE, 0x00, 0xFF, 0x00, 0x7F, 0x80, 0x3F, 0xC0, 0x1F, 0xE0, 0x0F, 0xF0, 0x07, 0xF8, 0x03,
    0xFC, 0x01, 0xFE, 0x00, 0xFF, 0x00, 0x7F, 0x80, 0x3F, 0xC0, 0x1F, 0xE0, 0x0F, 0xF0, 0x07, 0xF8,
    0x03, 0xFC, 0x01, 0xFE, 0x00, 0xFF, 0x00, 0x78, 0xF3, 0xF8, 0x7B, 0xFF, 0x3F, 0xFF, 0x9F, 0xC7,
    0xEF, 0x80, 0xF7, 0xC0, 0x7F, 0xC0, 0x1F, 0xE0, 0x0F, 0xF0, 0x07, 0xF8, 0x03, 0xFC, 0x01, 0xFE,
    0x00, 0xFF, 0x00, 0x7F, 0x80, 0x3F, 0xC0, 0x1F, 0xF0, 0x1F, 0xF8, 0x0F, 0x7F, 0x1F, 0xBF, 0xFF,
    0x9E, 0xFF, 0xCF, 0x3F, 0x87, 0x80, 0x03, 0xC0, 0x01, 0xE0, 0x00, 0xF0, 0x00, 0x78, 0x00, 0x3C,
    0x00, 0x1E, 0x00, 0x00, 0x0F, 0xF8, 0x0F, 0xFF, 0x0F, 0xFF, 0xCF, 0xE7, 0xE7, 0x80, 0xFF, 0xC0,
    0x3F, 0xC0, 0x1F, 0xE0, 0x00, 0xF0, 0x00, 0x78, 0x00, 0x3C, 0x00, 0x1E, 0x00, 0x0F, 0x00, 0x07,
    0x80, 0x03, 0xC0, 0x1F, 0xF0, 0x0F, 0x78, 0x0F, 0xBF, 0x9F, 0x8F, 0xFF, 0xC3, 0xFF, 0xC0, 0xFF,
    0x80, 0xFF, 0xFF, 0xFF, 0xFF, 0xFF, 0xFF, 0xFF, 0x80, 0xF0, 0x00, 0x1E, 0x00, 0x03, 0xC0, 0x00,
    0x78, 0x00, 0x0F, 0x00, 0x01, 0xE0, 0x00, 0x3C, 0x00, 0x07, 0x80, 0x00, 0xF0, 0x00, 0x1E, 0x00,
    0x03, 0xC0, 0x00, 0x78, 0x00, 0x0F, 0x00, 0x01, 0xE0, 0x00, 0x3C, 0x00, 0x07, 0x80, 0x00, 0xF0,
    0x00, 0x1E, 0x00, 0xF0, 0x01, 0xFF, 0x00, 0x7D, 0xE0, 0x0F, 0x3C, 0x01, 0xE7, 0xC0, 0x78, 0x78,
    0x0F, 0x0F, 0x83, 0xE0, 0xF0, 0x78, 0x1E, 0x0F, 0x03, 0xE3, 0xE0, 0x3C, 0x78, 0x07, 0x8F, 0x00,
    0x7B, 0xC0, 0x0F, 0x78, 0x01, 0xFF, 0x00, 0x1F, 0xC0, 0x03, 0xF8, 0x00, 0x3F, 0x00, 0x07, 0xC0,
    0x00, 0xF8, 0x00, 0x1F, 0x00, 0x03, 0xC0, 0x00, 0xF8, 0x00, 0x1E, 0x00, 0x03, 0xC0, 0x00, 0xF8,
    0x00, 0x1E, 0x00, 0x03, 0xC0, 0x00, 0x00, 0xF0, 0x00, 0x0F, 0x00, 0x00, 0xF0, 0x00, 0x0F, 0x00,
    0x00, 0xF0, 0x00, 0x0F, 0x00, 0x07, 0xFF, 0x01, 0xFF, 0xF8, 0x3F, 0xFF, 0xC3, 0xF7, 0x7E, 0x7C,
    0x71, 0xF7, 0x87, 0x0F, 0x78, 0x70, 0xF7, 0x07, 0x0F, 0xF0, 0x70, 0xFF, 0x07, 0x0F, 0xF0, 0x70,
    0xFF, 0x07, 0x0F, 0xF0, 0x70, 0xF7, 0x07, 0x0F, 0x78, 0x70, 0xF7, 0x87, 0x0F, 0x7C, 0x71, 0xF3,
    0xF7, 0x7E, 0x3F, 0xFF, 0xC1, 0xFF, 0xF8, 0x07, 0xFF, 0x00, 0x0F, 0x00, 0x00, 0xF0, 0x00, 0x0F,
    0x00, 0x00, 0xF0, 0x00, 0x0F, 0x00, 0x00, 0xF0, 0x00, 0x0F, 0x00, 0x7C, 0x01, 0xF3, 0xE0, 0x3E,
    0x1E, 0x07, 0xC1, 0xF0, 0x7C, 0x0F, 0x8F, 0x80, 0x78, 0xF0, 0x07, 0xDF, 0x00, 0x3F, 0xE0, 0x01,
    0xFC, 0x00, 0x1F, 0x80, 0x00, 0xF8, 0x00, 0x1F, 0xC0, 0x03, 0xFE, 0x00, 0x3D, 0xE0, 0x07, 0xDF,
    0x00, 0xF8, 0xF8, 0x0F, 0x07, 0x81, 0xF0, 0x7C, 0x3E, 0x03, 0xE3, 0xC0, 0x3E, 0x7C, 0x01, 0xF0,
    0xF0, 0x0F, 0x1E, 0x01, 0xE3, 0xC0, 0x3C, 0x78, 0x07, 0x8F, 0x00, 0xF1, 0xE0, 0x1E, 0x3C, 0x03,
    0xC7, 0x80, 0x78, 0xF0, 0x0F, 0x1E, 0x01, 0xE3, 0xC0, 0x3C, 0x78, 0x07, 0x8F, 0x00, 0xF1, 0xE0,
    0x1E, 0x3C, 0x03, 0xC7, 0x80, 0x78, 0xF0, 0x0F, 0x1E, 0x01, 0xE3, 0xFF, 0xFF, 0xFF, 0xFF, 0xFF,
    0xFF, 0xFE, 0x00, 0x03, 0xC0, 0x00, 0x78, 0x00, 0x0F, 0x00, 0x01, 0xE0, 0x00, 0x3C, 0x78, 0x07,
    0xBC, 0x03, 0xDE, 0x01, 0xEF, 0x00, 0xF7, 0x80, 0x7B, 0xC0, 0x3D, 0xE0, 0x1E, 0xF0, 0x0F, 0x78,
    0x07, 0xBC, 0x03, 0xDF, 0x81, 0xE7, 0xFF, 0xF1, 0xFF, 0xF8, 0x7F, 0xFC, 0x00, 0x1E, 0x00, 0x0F,
    0x00, 0x07, 0x80, 0x03, 0xC0, 0x01, 0xE0, 0x00, 0xF0, 0x00, 0x78, 0xF0, 0xE1, 0xFE, 0x1C, 0x3F,
    0xC3, 0x87, 0xF8, 0x70, 0xFF, 0x0E, 0x1F, 0xE1, 0xC3, 0xFC, 0x38, 0x7F, 0x87, 0x0F, 0xF0, 0xE1,
    0xFE, 0x1C, 0x3F, 0xC3, 0x87, 0xF8, 0x70, 0xFF, 0x0E, 0x1F, 0xE1, 0xC3, 0xFC, 0x38, 0x7F, 0x87,
    0x0F, 0xF0, 0xE1, 0xFE, 0x1C, 0x3F, 0xFF, 0xFF, 0xFF, 0xFF, 0xFF, 0xFF, 0xFE, 0xF1, 0xE1, 0xC7,
    0x8F, 0x0E, 0x3C, 0x78, 0x71, 0xE3, 0xC3, 0x8F, 0x1E, 0x1C, 0x78, 0xF0, 0xE3, 0xC7, 0x87, 0x1E,
    0x3C, 0x38, 0xF1, 0xE1, 0xC7, 0x8F, 0x0E, 0x3C, 0x78, 0x71, 0xE3, 0xC3, 0x8F, 0x1E, 0x1C, 0x78,
    0xF0, 0xE3, 0xC7, 0x87, 0x1E, 0x3C, 0x38, 0xF1, 0xE1, 0xC7, 0x8F, 0x0E, 0x3F, 0xFF, 0xFF, 0xFF,
    0xFF, 0xFF, 0xFF, 0xFF, 0x80, 0x00, 0x3C, 0x00, 0x01, 0xE0, 0x00, 0x0F, 0x00, 0x00, 0x78, 0x00,
    0x03, 0xC0, 0x00, 0x0C, 0x7F, 0xC0, 0x01, 0xFF, 0x00, 0x07, 0xFC, 0x00, 0x00, 0xF0, 0x00, 0x03,
    0xC0, 0x00, 0x0F, 0x00, 0x00, 0x3C, 0x00, 0x00, 0xF0, 0x00, 0x03, 0xFF, 0xC0, 0x0F, 0xFF, 0xC0,
    0x3F, 0xFF, 0x80, 0xF0, 0x7E, 0x03, 0xC0, 0x7C, 0x0F, 0x00, 0xF0, 0x3C, 0x03, 0xC0, 0xF0, 0x0F,
    0x03, 0xC0, 0x7C, 0x0F, 0x07, 0xE0, 0x3F, 0xFF, 0x80, 0xFF, 0xFC, 0x03, 0xFF, 0xC0, 0xF0, 0x01,
    0xFE, 0x00, 0x3F, 0xC0, 0x07, 0xF8, 0x00, 0xFF, 0x00, 0x1F, 0xE0, 0x03, 0xFC, 0x00, 0x7F, 0x80,
    0x0F, 0xFF, 0xC1, 0xFF, 0xFC, 0x3F, 0xFF, 0xC7, 0xF8, 0x7C, 0xFF, 0x07, 0x9F, 0xE0, 0xF3, 0xFC,
    0x1E, 0x7F, 0x83, 0xCF, 0xF0, 0x79, 0xFE, 0x1F, 0x3F, 0xFF, 0xC7, 0xFF, 0xF0, 0xFF, 0xFC, 0x1E,
    0x78, 0x00, 0x1E, 0x00, 0x07, 0x80, 0x01, 0xE0, 0x00, 0x78, 0x00, 0x1E, 0x00, 0x07, 0x80, 0x01,
    0xE0, 0x00, 0x7F, 0xFE, 0x1F, 0xFF, 0xC7, 0xFF, 0xF9, 0xE0, 0x7F, 0x78, 0x07, 0xDE, 0x00, 0xF7,
    0x80, 0x3D, 0xE0, 0x0F, 0x78, 0x07, 0xDE, 0x07, 0xF7, 0xFF, 0xF9, 0xFF, 0xFC, 0x7F, 0xFE, 0x00,
    0x0F, 0xF0, 0x1F, 0xFE, 0x1F, 0xFF, 0x8F, 0xCF, 0xEF, 0x81, 0xF7, 0x80, 0x7F, 0xC0, 0x1E, 0x00,
    0x0F, 0x00, 0x07, 0x81, 0xFF, 0xC0, 0xFF, 0xE0, 0x7F, 0xF0, 0x00, 0x78, 0x00, 0x3F, 0xC0, 0x1F,
    0xE0, 0x1F, 0xF8, 0x0F, 0x3F, 0x3F, 0x9F, 0xFF, 0x87, 0xFF, 0x80, 0xFF, 0x00, 0xF0, 0x3F, 0x8F,
    0x0F, 0xFC, 0xF0, 0xFF, 0xEF, 0x1F, 0x3E, 0xF1, 0xE1, 0xEF, 0x1E, 0x0F, 0xF1, 0xC0, 0xFF, 0x1C,
    0x0F, 0xF1, 0xC0, 0xFF, 0xFC, 0x0F, 0xFF, 0xC0, 0xFF, 0xFC, 0x0F, 0xF1, 0xC0, 0xFF, 0x1C, 0x0F,
    0xF1, 0xC0, 0xFF, 0x1E, 0x0F, 0xF1, 0xE1, 0xEF, 0x1F, 0x3E, 0xF0, 0xFF, 0xEF, 0x0F, 0xFC, 0xF0,
    0x3F, 0x80, 0x0F, 0xFF, 0xC7, 0xFF, 0xF3, 0xFF, 0xFD, 0xFC, 0x0F, 0x78, 0x03, 0xDE, 0x00, 0xF7,
    0x80, 0x3D, 0xE0, 0x0F, 0x78, 0x03, 0xDF, 0xC0, 0xF3, 0xFF, 0xFC, 0x7F, 0xFF, 0x0F, 0xFF, 0xC1,
    0xF0, 0xF0, 0xF8, 0x3C, 0x3C, 0x0F, 0x1F, 0x03, 0xCF, 0x80, 0xF3, 0xC0, 0x3D, 0xF0, 0x0F, 0xF8,
    0x03, 0xC0, 0x3C, 0x1E, 0x1F, 0x1F, 0x1F, 0x8F, 0x87, 0xC7, 0xC3, 0xC1, 0xE0, 0x00, 0x00, 0x00,
    0x00, 0x00, 0x00, 0x0F, 0xF8, 0x0F, 0xFE, 0x0F, 0xFF, 0x8F, 0xC7, 0xEF, 0x80, 0xF7, 0x80, 0x3F,
    0xC0, 0x1F, 0xE0, 0x0F, 0xFF, 0xFF, 0xFF, 0xFF, 0xFF, 0xFF, 0xFE, 0x00, 0x0F, 0x00, 0x07, 0x80,
    0x03, 0xC0, 0x01, 0xE0, 0x0F, 0xF8, 0x0F, 0xBF, 0x3F, 0x8F, 0xFF, 0x83, 0xFF, 0x80, 0xFF, 0x80,
    0x1E, 0x00, 0x01, 0xE0, 0x00, 0x1E, 0x00, 0x0F, 0xFF, 0xC0, 0xFF, 0xFC, 0x0F, 0xFF, 0xC0, 0x1E,
    0x00, 0x01, 0xE0, 0x00, 0x1E, 0x7F, 0x01, 0xEF, 0xF8, 0x1F, 0xFF, 0xC1, 0xFE, 0x7E, 0x1F, 0x83,
    0xE1, 0xF0, 0x1F, 0x1F, 0x01, 0xF1, 0xE0, 0x1F, 0x1E, 0x00, 0xF1, 0xE0, 0x0F, 0x1E, 0x00, 0xF1,
    0xE0, 0x0F, 0x1E, 0x00, 0xF1, 0xE0, 0x0F, 0x1E, 0x00, 0xF1, 0xE0, 0x0F, 0x1E, 0x00, 0xF1, 0xE0,
    0x0F, 0x1E, 0x01, 0xF0, 0x00, 0x1F, 0x00, 0x01, 0xE0, 0x00, 0x3E, 0x00, 0x0F, 0xC0, 0x07, 0xFC,
    0x00, 0x7F, 0x80, 0x07, 0xE0, 0x00, 0x78, 0x00, 0xF0, 0x01, 0xE0, 0x03, 0xE0, 0x07, 0xC0, 0x00,
    0x00, 0x00, 0x00, 0x00, 0x00, 0xFF, 0xFF, 0xFF, 0xFF, 0xFF, 0xFF, 0xF0, 0x00, 0xF0, 0x00, 0xF0,
    0x00, 0xF0, 0x00, 0xF0, 0x00, 0xF0, 0x00, 0xF0, 0x00, 0xF0, 0x00, 0xF0, 0x00, 0xF0, 0x00, 0xF0,
    0x00, 0xF0, 0x00, 0xF0, 0x00, 0xF0, 0x00, 0xF0, 0x00, 0xF0, 0x00, 0xF0, 0x00, 0xF0, 0x00, 0x0F,
    0xF8, 0x0F, 0xFE, 0x0F, 0xFF, 0x8F, 0xE7, 0xE7, 0x80, 0xFF, 0xC0, 0x3F, 0xC0, 0x1F, 0xE0, 0x00,
    0xF0, 0x00, 0x7F, 0xF0, 0x3F, 0xF8, 0x1F, 0xFC, 0x0F, 0x00, 0x07, 0x80, 0x03, 0xC0, 0x1F, 0xF0,
    0x0F, 0x78, 0x0F, 0xBF, 0x3F, 0x8F, 0xFF, 0xC3, 0xFF, 0xC0, 0xFF, 0x80, 0x1F, 0xF8, 0x1F, 0xFF,
    0x1F, 0xFF, 0xCF, 0xC7, 0xEF, 0x80, 0xF7, 0x80, 0x3B, 0xC0, 0x01, 0xF0, 0x00, 0x7F, 0xC0, 0x3F,
    0xFE, 0x0F, 0xFF, 0x80, 0xFF, 0xE0, 0x01, 0xF8, 0x00, 0x3C, 0x00, 0x1F, 0xE0, 0x0F, 0xF0, 0x0F,
    0xFF, 0x1F, 0x9F, 0xFF, 0xC7, 0xFF, 0xC1, 0xFF, 0xC0, 0x01, 0xE0, 0x00, 0x7E, 0x00, 0x0F, 0xC0,
    0x01, 0xF8, 0x00, 0x1E, 0x00, 0x00, 0x00, 0x00, 0x00, 0x00, 0x00, 0x00, 0x7F, 0xE0, 0x0F, 0xFC,
    0x01, 0xFF, 0x80, 0x00, 0xF0, 0x00, 0x1E, 0x00, 0x03, 0xC0, 0x00, 0x78, 0x00, 0x0F, 0x00, 0x01,
    0xE0, 0x00, 0x3C, 0x00, 0x07, 0x80, 0x00, 0xF0, 0x00, 0x1E, 0x00, 0x03, 0xC0, 0x00, 0x78, 0x00,
    0x0F, 0x00, 0x01, 0xE0, 0x00, 0x3C, 0x03, 0xFF, 0xFF, 0x7F, 0xFF, 0xEF, 0xFF, 0xFC, 0x1E, 0x1E,
    0x07, 0xC3, 0xE0, 0xFC, 0xFC, 0x1F, 0x0F, 0x81, 0xE1, 0xE0, 0x00, 0x00, 0x00, 0x00, 0x00, 0x00,
    0x00, 0x7F, 0xE0, 0x0F, 0xFC, 0x01, 0xFF, 0x80, 0x00, 0xF0, 0x00, 0x1E, 0x00, 0x03, 0xC0, 0x00,
    0x78, 0x00, 0x0F, 0x00, 0x01, 0xE0, 0x00, 0x3C, 0x00, 0x07, 0x80, 0x00, 0xF0, 0x00, 0x1E, 0x00,
    0x03, 0xC0, 0x00, 0x78, 0x00, 0x0F, 0x00, 0x01, 0xE0, 0x00, 0x3C, 0x03, 0xFF, 0xFF, 0x7F, 0xFF,
    0xEF, 0xFF, 0xFC, 0x00, 0x7C, 0x00, 0xF8, 0x03, 0xF0, 0x03, 0xE0, 0x07, 0xC0, 0x00, 0x00, 0x00,
    0x00, 0x00, 0xFF, 0xFD, 0xFF, 0xFB, 0xFF, 0xF0, 0x01, 0xE0, 0x03, 0xC0, 0x07, 0x80, 0x0F, 0x00,
    0x1E, 0x00, 0x3C, 0x00, 0x78, 0x00, 0xF0, 0x01, 0xE0, 0x03, 0xC0, 0x07, 0x80, 0x0F, 0x00, 0x1E,
    0x00, 0x3C, 0x00, 0x78, 0x00, 0xF0, 0x01, 0xE0, 0x03, 0xC0, 0x07, 0x80, 0x1F, 0x00, 0x7C, 0x03,
    0xF9, 0xFF, 0xE3, 0xFF, 0x87, 0xFC, 0x00, 0x1F, 0xFC, 0x00, 0x7F, 0xF0, 0x01, 0xFF, 0xC0, 0x07,
    0x8F, 0x00, 0x1E, 0x3C, 0x00, 0x78, 0xF0, 0x01, 0xE3, 0xC0, 0x07, 0x8F, 0x00, 0x1E, 0x3F, 0xE0,
    0x78, 0xFF, 0xE1, 0xE3, 0xFF, 0x87, 0x8F, 0x1F, 0x1E, 0x3C, 0x3C, 0x78, 0xF0, 0xF1, 0xC3, 0xC3,
    0xCF, 0x0F, 0x0F, 0x3C, 0x3C, 0x3D, 0xF0, 0xF1, 0xFF, 0x83, 0xFF, 0xBE, 0x0F, 0xFE, 0xF0, 0x3F,
    0xE0, 0xF0, 0xF0, 0x0F, 0x0F, 0x00, 0xF0, 0xF0, 0x0F, 0x0F, 0x00, 0xF0, 0xF0, 0x0F, 0x0F, 0x00,
    0xF0, 0xF0, 0x0F, 0x0F, 0x00, 0xFF, 0xFF, 0x8F, 0xFF, 0xFE, 0xFF, 0xFF, 0xEF, 0x0F, 0x1F, 0xF0,
    0xF0, 0xFF, 0x0F, 0x0F, 0xF0, 0xF0, 0xFF, 0x0F, 0x0F, 0xF0, 0xF0, 0xFF, 0x0F, 0x1F, 0xF0, 0xFF,
    0xEF, 0x0F, 0xFE, 0xF0, 0xFF, 0x80, 0x1E, 0x00, 0x01, 0xE0, 0x00, 0x1E, 0x00, 0x0F, 0xFF, 0xC0,
    0xFF, 0xFC, 0x0F, 0xFF, 0xC0, 0x1E, 0x00, 0x01, 0xE0, 0x00, 0x1E, 0x7F, 0x01, 0xEF, 0xFC, 0x1F,
    0xFF, 0xC1, 0xFE, 0x7E, 0x1F, 0x83, 0xE1, 0xF0, 0x1F, 0x1E, 0x01, 0xF1, 0xE0, 0x0F, 0x1E, 0x00,
    0xF1, 0xE0, 0x0F, 0x1E, 0x00, 0xF1, 0xE0, 0x0F, 0x1E, 0x00, 0xF1, 0xE0, 0x0F, 0x1E, 0x00, 0xF1,
    0xE0, 0x0F, 0x1E, 0x00, 0xF1, 0xE0, 0x0F, 0x1E, 0x00, 0xF0, 0x00, 0x7C, 0x00, 0x0F, 0x00, 0x03,
    0xC0, 0x00, 0xF8, 0x00, 0x3E, 0x00, 0x00, 0x00, 0x00, 0x00, 0x00, 0x00, 0x00, 0x78, 0x07, 0xCF,
    0x00, 0xF9, 0xE0, 0x3E, 0x3C, 0x07, 0x87, 0x81, 0xF0, 0xF0, 0x7C, 0x1E, 0x0F, 0x03, 0xC3, 0xE0,
    0x78, 0xF8, 0x0F, 0xFE, 0x01, 0xFF, 0xC0, 0x3F, 0xFC, 0x07, 0x8F, 0x80, 0xF0, 0xF8, 0x1E, 0x0F,
    0x83, 0xC1, 0xF0, 0x78, 0x1F, 0x0F, 0x01, 0xF1, 0xE0, 0x3E, 0x3C, 0x03, 0xE7, 0x80, 0x3E, 0x1C,
    0x0F, 0x03, 0xC1, 0xE0, 0x78, 0x3C, 0x07, 0xFF, 0x00, 0x7F, 0xC0, 0x07, 0xF0, 0x00, 0x00, 0x00,
    0x00, 0x00, 0x00, 0x00, 0x1E, 0x00, 0x3F, 0xE0, 0x0F, 0xBC, 0x01, 0xE7, 0x80, 0x3C, 0xF8, 0x0F,
    0x0F, 0x01, 0xE1, 0xF0, 0x7C, 0x1E, 0x0F, 0x03, 0xC1, 0xE0, 0x7C, 0x7C, 0x07, 0x8F, 0x00, 0xF1,
    0xE0, 0x0F, 0x78, 0x01, 0xEF, 0x00, 0x3F, 0xE0, 0x03, 0xF8, 0x00, 0x7F, 0x00, 0x07, 0xE0, 0x00,
    0xF8, 0x00, 0x1F, 0x00, 0x03, 0xE0, 0x00, 0x78, 0x00, 0x1F, 0x00, 0x03, 0xC0, 0x00, 0x78, 0x00,
    0x1F, 0x00, 0x03, 0xC0, 0x00, 0x78, 0x00, 0xF0, 0x07, 0xF8, 0x03, 0xFC, 0x01, 0xFE, 0x00, 0xFF,
    0x00, 0x7F, 0x80, 0x3F, 0xC0, 0x1F, 0xE0, 0x0F, 0xF0, 0x07, 0xF8, 0x03, 0xFC, 0x01, 0xFE, 0x00,
    0xFF, 0x00, 0x7F, 0x80, 0x3F, 0xC0, 0x1F, 0xE0, 0x0F, 0xF0, 0x07, 0xF8, 0x03, 0xFF, 0xFF, 0xFF,
    0xFF, 0xFF, 0xFF, 0xF8, 0x1E, 0x00, 0x0F, 0x00, 0x07, 0x80, 0x03, 0xC0, 0x01, 0xE0, 0x00, 0x00,
    0x07, 0x80, 0x01, 0xE0, 0x00, 0x78, 0x00, 0x1E, 0x7F, 0xFF, 0x9F, 0xFF, 0xE7, 0xFF, 0xF9, 0xE0,
    0x00, 0x78, 0x00, 0x1E, 0x00, 0x07, 0x80, 0x01, 0xE0, 0x00, 0x78, 0x00, 0x1E, 0x00, 0x07, 0x80,
    0x01, 0xE0, 0x00, 0x78, 0x00, 0x1E, 0x00, 0x07, 0x80, 0x01, 0xE0, 0x00, 0x78, 0x00, 0x1E, 0x00,
    0x07, 0x80, 0x01, 0xE0, 0x00, 0x78, 0x00, 0x1E, 0x00, 0x07, 0x80, 0x01, 0xE0, 0x00, 0x78, 0x00,
    0x1E, 0x00, 0x07, 0x80, 0x00, 0x00, 0x0F, 0x00, 0x0F, 0x00, 0x0F, 0x00, 0x0F, 0x7F, 0xFF, 0x7F,
    0xFF, 0x7F, 0xFF, 0x78, 0x00, 0x78, 0x00, 0x78, 0x00, 0x78, 0x00, 0x78, 0x00, 0x78, 0x00, 0x78,
    0x00, 0x78, 0x00, 0x78, 0x00, 0x78, 0x00, 0x78, 0x00, 0x78, 0x00, 0x78, 0x00, 0x78, 0x00, 0x78,
    0x00, 0x78, 0x00, 0x78, 0x00, 0x78, 0x00, 0x0F, 0xFF, 0xF0, 0x7F, 0xFF, 0x83, 0xFF, 0xFC, 0x1E,
    0x00, 0x00, 0xF0, 0x00, 0x07, 0x80, 0x00, 0x3C, 0x00, 0x01, 0xE0, 0x00, 0x0F, 0x00, 0x00, 0x78,
    0x00, 0x03, 0xC0, 0x00, 0x1E, 0x00, 0x0F, 0xFF, 0xC0, 0x7F, 0xFE, 0x03, 0xFF, 0xF0, 0x01, 0xE0,
    0x00, 0x0F, 0x00, 0x00, 0x78, 0x00, 0x03, 0xC0, 0x00, 0x1E, 0x00, 0x00, 0xF0, 0x00, 0x07, 0x80,
    0x00, 0x3C, 0x00, 0x01, 0xE0, 0x00, 0x0F, 0x00, 0x00, 0x78, 0x00, 0x03, 0xC0, 0x00, 0x0F, 0xFF,
    0xF0, 0xFF, 0xFF, 0x0F, 0xFF, 0xF0, 0xF8, 0x00, 0x0F, 0x80, 0x00, 0xF8, 0x00, 0x0F, 0x80, 0x00,
    0xF8, 0x00, 0x0F, 0x80, 0x07, 0xFF, 0xE0, 0x7F, 0xFE, 0x07, 0xFF, 0xE0, 0x0F, 0x80, 0x00, 0xF8,
    0x00, 0x0F, 0x80, 0x00, 0xF8, 0x00, 0x0F, 0x80, 0x00, 0xF8, 0x00, 0x0F, 0x80, 0x00, 0xF8, 0x00,
    0x0F, 0x80, 0x00, 0xF0, 0x07, 0xCF, 0x00, 0x78, 0xF0, 0x0F, 0x8F, 0x01, 0xF0, 0xF0, 0x1E, 0x0F,
    0x03, 0xE0, 0xF0, 0x3C, 0x0F, 0x07, 0xC0, 0xF0, 0x78, 0x0F, 0x0F, 0x80, 0xF1, 0xF0, 0x0F, 0xFF,
    0x00, 0xFF, 0xE0, 0x0F, 0xFF, 0x00, 0xF1, 0xF0, 0x0F, 0x0F, 0x80, 0xF0, 0xF8, 0x0F, 0x07, 0xC0,
    0xF0, 0x7C, 0x0F, 0x03, 0xC0, 0xF0, 0x3E, 0x0F, 0x01, 0xE0, 0xF0, 0x1F, 0x0F, 0x00, 0xF0, 0xF0,
    0x0F, 0xFF, 0x00, 0x7F, 0xF0, 0x07, 0xF0, 0x00, 0x0F, 0x00, 0x00, 0xF0, 0x00, 0x0F, 0x00, 0x00,
    0xF0, 0x00, 0x0F, 0xF0, 0x07, 0xDE, 0x01, 0xF3, 0xC0, 0x3C, 0x78, 0x0F, 0x8F, 0x03, 0xE1, 0xE0,
    0x78, 0x3C, 0x1F, 0x07, 0x87, 0xC0, 0xF0, 0xF0, 0x1F, 0xFE, 0x03, 0xFF, 0x80, 0x7F, 0xF8, 0x0F,
    0x0F, 0x01, 0xE1, 0xF0, 0x3C, 0x1F, 0x07, 0x81, 0xF0, 0xF0, 0x3E, 0x1E, 0x03, 0xE3, 0xC0, 0x3F,
    0xF8, 0x07, 0xFF, 0x00, 0x7E, 0x00, 0x03, 0xC0, 0x00, 0x78, 0x00, 0x0F, 0x00, 0x01, 0xE0, 0x00,
    0x3C, 0xF0, 0x0F, 0x3C, 0x03, 0xCF, 0x00, 0xF3, 0xC0, 0x3C, 0xF0, 0x0F, 0x3C, 0x03, 0xCF, 0x00,
    0xF3, 0xC0, 0x3C, 0xF0, 0x0F, 0x3C, 0x03, 0xCF, 0x00, 0xF3, 0xFF, 0xFC, 0xFF, 0xFF, 0x3F, 0xFF,
    0xCF, 0x00, 0xF3, 0xC0, 0x3C, 0xF0, 0x0F, 0x3C, 0x03, 0xCF, 0x00, 0xF3, 0xC0, 0x3C, 0xF0, 0x0F,
    0x3C, 0x03, 0xCF, 0x00, 0xF3, 0xC0, 0x3C, 0xF0, 0x0F, 0xFC, 0x03, 0xFF, 0x00, 0xFC, 0x00, 0x0F,
    0x00, 0x03, 0xC0, 0x00, 0xF0, 0x00, 0x3C, 0x00, 0x0F, 0xF0, 0x0F, 0x3C, 0x03, 0xCF, 0x00, 0xF3,
    0xC0, 0x3C, 0xF0, 0x0F, 0x3C, 0x03, 0xCF, 0x00, 0xF3, 0xC0, 0x3C, 0xF0, 0x0F, 0x3F, 0xFF, 0xCF,
    0xFF, 0xF3, 0xFF, 0xFC, 0xF0, 0x0F, 0x3C, 0x03, 0xCF, 0x00, 0xF3, 0xC0, 0x3C, 0xF0, 0x0F, 0x3C,
    0x03, 0xCF, 0x00, 0xFF, 0xC0, 0x3F, 0xF0, 0x0F, 0xC0, 0x00, 0xF0, 0x00, 0x3C, 0x00, 0x0F, 0x00,
    0x03, 0xC0, 0x00, 0xF0, 0xF8, 0x00, 0xFB, 0xC0, 0x07, 0x9F, 0x00, 0x7C, 0x78, 0x03, 0xC3, 0xE0,
    0x3E, 0x0F, 0x01, 0xE0, 0x7C, 0x1F, 0x01, 0xE0, 0xF0, 0x0F, 0x0F, 0x80, 0x3C, 0x78, 0x01, 0xE7,
    0xC0, 0x07, 0xBC, 0x00, 0x3F, 0xE0, 0x00, 0xFE, 0x00, 0x07, 0xF0, 0x00, 0x1F, 0x00, 0x00, 0xF8,
    0x00, 0x07, 0x80, 0x00, 0x3C, 0x00, 0x01, 0xE0, 0x00, 0x0F, 0x00, 0x00, 0x78, 0x00, 0x03, 0xC0,
    0x00, 0x1E, 0x00, 0x00, 0xF0, 0x00, 0x07, 0x80, 0x00, 0x3C, 0x00, 0xF0, 0x03, 0xFF, 0x00, 0x79,
    0xE0, 0x0F, 0x3C, 0x01, 0xE7, 0xC0, 0x78, 0x78, 0x0F, 0x0F, 0x01, 0xE0, 0xF0, 0x78, 0x1E, 0x0F,
    0x03, 0xC1, 0xE0, 0x3C, 0x78, 0x07, 0x8F, 0x00, 0xF1, 0xE0, 0x0F, 0x78, 0x01, 0xEF, 0x00, 0x3D,
    0xC0, 0x03, 0xF8, 0x00, 0x7F, 0x00, 0x0F, 0xC0, 0x00, 0xF8, 0x00, 0x1F, 0x00, 0x03, 0xC0, 0x00,
    0x78, 0x00, 0x0F, 0x00, 0x01, 0xE0, 0x00, 0x3C, 0x00, 0x07, 0x80, 0x00, 0xF0, 0x00, 0xF8, 0x00,
    0xFB, 0xC0, 0x07, 0x9F, 0x00, 0x7C, 0x78, 0x03, 0xC3, 0xE0, 0x3E, 0x0F, 0x01, 0xE0, 0x7C, 0x1F,
    0x01, 0xE0, 0xF0, 0x0F, 0x0F, 0x80, 0x3C, 0x78, 0x01, 0xE7, 0xC0, 0x07, 0xBC, 0x00, 0x3F, 0xE0,
    0x00, 0xFE, 0x00, 0x07, 0xF0, 0x00, 0x1F, 0x00, 0x00, 0xF8, 0x00, 0xFF, 0xFC, 0x07, 0xFF, 0xE0,
    0x3F, 0xFF, 0x00, 0x0F, 0x00, 0x00, 0x78, 0x00, 0x03, 0xC0, 0x00, 0x1E, 0x00, 0x00, 0xF0, 0x00,
    0x07, 0x80, 0x00, 0x3C, 0x00, 0xF0, 0x03, 0xFF, 0x00, 0x79, 0xE0, 0x0F, 0x3C, 0x01, 0xE7, 0xC0,
    0x78, 0x78, 0x0F, 0x0F, 0x01, 0xE0, 0xF0, 0x78, 0x1E, 0x0F, 0x03, 0xC1, 0xE0, 0x3C, 0x78, 0x07,
    0x8F, 0x00, 0xF1, 0xE0, 0x0F, 0x78, 0x01, 0xEF, 0x00, 0x3D, 0xC0, 0x03, 0xF8, 0x00, 0x7F, 0x00,
    0x0F, 0xC0, 0x00, 0xF8, 0x00, 0x1F, 0x00, 0x7F, 0xFE, 0x0F, 0xFF, 0xC1, 0xFF, 0xF8, 0x01, 0xE0,
    0x00, 0x3C, 0x00, 0x07, 0x80, 0x00, 0xF0, 0x00, 0xF0, 0x07, 0x9E, 0x00, 0xF3, 0xC0, 0x1E, 0x78,
    0x03, 0xCF, 0x00, 0x79, 0xE0, 0x0F, 0x3C, 0x01, 0xE7, 0x80, 0x3C, 0xF0, 0x07, 0x9E, 0x00, 0xF3,
    0xC0, 0x1E, 0x78, 0x03, 0xCF, 0x80, 0x78, 0xFE, 0x0F, 0x1F, 0xFF, 0xE1, 0xFF, 0xFC, 0x0F, 0xFF,
    0x80, 0x00, 0xF0, 0x00, 0x1E, 0x00, 0x03, 0xC0, 0x00, 0x78, 0x00, 0x0F, 0x00, 0x01, 0xE0, 0x00,
    0x3C, 0x00, 0x07, 0xE0, 0x00, 0xFC, 0x00, 0x1F, 0x80, 0x00, 0xF0, 0x00, 0x1E, 0x00, 0x03, 0xC0,
    0x00, 0x78, 0x00, 0x0F, 0xF8, 0x07, 0x9F, 0x00, 0xF3, 0xE0, 0x1E, 0x7C, 0x03, 0xCF, 0x80, 0x79,
    0xF0, 0x0F, 0x3E, 0x01, 0xE7, 0xC0, 0x3C, 0xF8, 0x07, 0x8F, 0x00, 0xF1, 0xF8, 0x1E, 0x1F, 0xFF,
    0xC3, 0xFF, 0xF8, 0x1F, 0xFF, 0x00, 0x01, 0xE0, 0x00, 0x3C, 0x00, 0x07, 0x80, 0x00, 0xF0, 0x00,
    0x1F, 0x80, 0x03, 0xF0, 0x00, 0x7E, 0x00, 0x03, 0xC0, 0x00, 0x78, 0x00, 0x0F, 0x00, 0x01, 0xE0,
    0x00, 0x3C, 0xF0, 0x00, 0x78, 0x00, 0x3C, 0x00, 0x1E, 0x00, 0x0F, 0x00, 0x07, 0x80, 0x03, 0xC0,
    0x01, 0xE0, 0x00, 0xF0, 0x00, 0x78, 0x00, 0x3F, 0xFF, 0x1F, 0xFF, 0xCF, 0xFF, 0xF7, 0x81, 0xFF,
    0xC0, 0x3F, 0xE0, 0x0F, 0xF0, 0x07, 0xF8, 0x03, 0xFC, 0x01, 0xFE, 0x00, 0xFF, 0x00, 0x7F, 0x80,
    0x3F, 0xC0, 0x1F, 0xE0, 0x0F, 0xF0, 0x07, 0xF8, 0x03, 0xFC, 0x01, 0xE0, 0xF8, 0x00, 0x7C, 0x00,
    0x3E, 0x00, 0x1F, 0x00, 0x0F, 0x80, 0x07, 0xC0, 0x03, 0xE0, 0x01, 0xF0, 0x00, 0xFF, 0xFC, 0x7F,
    0xFF, 0x3F, 0xFF, 0xDF, 0x03, 0xFF, 0x80, 0x7F, 0xC0, 0x3F, 0xE0, 0x1F, 0xF0, 0x0F, 0xF8, 0x07,
    0xFC, 0x03, 0xFE, 0x01, 0xFF, 0x00, 0xFF, 0x80, 0x78, 0x0F, 0xF0, 0x1F, 0xFE, 0x1F, 0xFF, 0x8F,
    0xCF, 0xEF, 0x80, 0xF7, 0x80, 0x7B, 0xC0, 0x1E, 0xC0, 0x0F, 0x00, 0x07, 0x80, 0x03, 0xC0, 0x01,
    0xFF, 0xFF, 0xFF, 0xFF, 0xFF, 0xFF, 0xFF, 0xC0, 0x1F, 0xE0, 0x0F, 0xF0, 0x07, 0xF8, 0x03, 0xFC,
    0x01, 0xFE, 0x00, 0xFF, 0x00, 0xFF, 0xC0, 0x7F, 0xE0, 0x7C, 0xFC, 0xFE, 0x3F, 0xFE, 0x0F, 0xFE,
    0x03, 0xFC, 0x00, 0x0F, 0xF0, 0x1F, 0xFE, 0x1F, 0xFF, 0x8F, 0xC7, 0xEF, 0x80, 0xF7, 0x80, 0x3C,
    0x00, 0x1E, 0x00, 0x0F, 0x00, 0x07, 0xFF, 0xFF, 0xFF, 0xFF, 0xFF, 0xFF, 0xFF, 0x00, 0x7F, 0x80,
    0x3F, 0xC0, 0x1F, 0xE0, 0x1F, 0x78, 0x0F, 0x3F, 0x1F, 0x8F, 0xFF, 0x83, 0xFF, 0x80, 0xFF, 0x00,
    0x07, 0x83, 0xC0, 0x0F, 0x8F, 0x80, 0x3F, 0x1F, 0x00, 0x3E, 0x3E, 0x00, 0x78, 0x3C, 0x00, 0x00,
    0x00, 0x00, 0x00, 0x00, 0x00, 0x00, 0x00, 0x00, 0x00, 0x01, 0xF0, 0x70, 0x79, 0xE0, 0xE0, 0xF3,
    0xC1, 0xC3, 0xE3, 0xC3, 0x87, 0x87, 0x87, 0x0F, 0x0F, 0x8E, 0x3C, 0x0F, 0x1C, 0x78, 0x1E, 0x38,
    0xF0, 0x3E, 0x73, 0xC0, 0x3C, 0xE7, 0x80, 0x79, 0xDF, 0x00, 0x7F, 0xFC, 0x00, 0xFF, 0xF8, 0x01,
    0xFF, 0xF0, 0x07, 0x9D, 0xF0, 0x0F, 0x39, 0xE0, 0x1E, 0x73, 0xC0, 0x78, 0xE7, 0xC0, 0xF1, 0xC7,
    0x83, 0xE3, 0x8F, 0x07, 0x87, 0x1F, 0x0F, 0x0E, 0x1E, 0x3E, 0x1C, 0x3C, 0x78, 0x38, 0x7C, 0xF0,
    0x70, 0x7B, 0xE0, 0xE0, 0xF7, 0x81, 0xC1, 0xF0, 0x07, 0x83, 0xC0, 0x0F, 0x8F, 0x80, 0x3F, 0x1F,
    0x00, 0x3E, 0x3E, 0x00, 0x78, 0x3C, 0x00, 0x00, 0x00, 0x00, 0x00, 0x00, 0x00, 0x00, 0x00, 0x78,
    0x38, 0x3C, 0xF0, 0x70, 0x78, 0xF0, 0xE1, 0xE1, 0xE1, 0xC3, 0xC3, 0xC3, 0x8F, 0x03, 0xC7, 0x1E,
    0x07, 0x8E, 0x78, 0x07, 0x9C, 0xF0, 0x0F, 0x39, 0xE0, 0x0F, 0xFF, 0x80, 0x1F, 0xFF, 0x00, 0x7F,
    0xFF, 0x00, 0xF3, 0x9E, 0x03, 0xC7, 0x3C, 0x07, 0x8E, 0x3C, 0x0F, 0x1C, 0x78, 0x3C, 0x38, 0x78,
    0x78, 0x70, 0xF1, 0xE0, 0xE1, 0xF3, 0xC1, 0xC1, 0xEF, 0x03, 0x83, 0xC0, 0x0F, 0x07, 0x80, 0xF8,
    0xF8, 0x1F, 0x8F, 0x80, 0xF8, 0xF8, 0x0F, 0x07, 0x80, 0x00, 0x00, 0x00, 0x00, 0x00, 0x00, 0x00,
    0x00, 0x00, 0x00, 0x3F, 0xE0, 0x0F, 0xFF, 0x01, 0xFF, 0xF8, 0x3F, 0x9F, 0xC3, 0xE0, 0x3C, 0x3C,
    0x03, 0xE7, 0xC0, 0x1E, 0x38, 0x01, 0xE0, 0x00, 0x3C, 0x00, 0x07, 0xC0, 0x01, 0xF8, 0x03, 0xFF,
    0x00, 0x3F, 0xF0, 0x03, 0xFF, 0x80, 0x01, 0xFC, 0x00, 0x03, 0xE0, 0x00, 0x1E, 0x00, 0x01, 0xE0,
    0x00, 0x1F, 0x78, 0x01, 0xF7, 0x80, 0x1F, 0x78, 0x01, 0xE7, 0xC0, 0x3E, 0x3F, 0x9F, 0xC1, 0xFF,
    0xFC, 0x0F, 0xFF, 0x00, 0x3F, 0xE0, 0x1E, 0x0F, 0x07, 0xC7, 0xC3, 0xF1, 0xF0, 0x7C, 0x7C, 0x1E,
    0x0F, 0x00, 0x00, 0x00, 0x00, 0x00, 0x00, 0x00, 0x0F, 0xFE, 0x07, 0xFF, 0xC3, 0xFF, 0xF9, 0xF8,
    0x7E, 0x78, 0x07, 0xDE, 0x01, 0xF0, 0x00, 0x7C, 0x00, 0x1E, 0x00, 0x1F, 0x81, 0xFF, 0xC0, 0x7F,
    0xF0, 0x1F, 0xFE, 0x00, 0x1F, 0xC0, 0x01, 0xF0, 0x00, 0x3F, 0xC0, 0x0F, 0xF8, 0x07, 0xDF, 0x87,
    0xF7, 0xFF, 0xF8, 0xFF, 0xFC, 0x0F, 0xFE, 0x00, 0x3C, 0x1E, 0x1F, 0x1F, 0x1F, 0x8F, 0x87, 0xC7,
    0xC3, 0xC1, 0xE0, 0x00, 0x00, 0x00, 0x00, 0x00, 0x00, 0x00, 0x00, 0x78, 0x0F, 0xFC, 0x07, 0xFE,
    0x03, 0xFF, 0x03, 0xFF, 0x81, 0xFF, 0xC1, 0xFF, 0xE0, 0xFF, 0xF0, 0x7F, 0xF8, 0x7B, 0xFC, 0x3D,
    0xFE, 0x1C, 0xFF, 0x1E, 0x7F, 0x8F, 0x3F, 0xC7, 0x1F, 0xE7, 0x8F, 0xF3, 0xC7, 0xFB, 0xC3, 0xFD,
    0xE1, 0xFE, 0xE0, 0xFF, 0xF0, 0x7F, 0xF8, 0x3F, 0xF8, 0x1F, 0xFC, 0x0F, 0xFE, 0x07, 0xFE, 0x03,
    0xFF, 0x01, 0xFF, 0x80, 0xF0, 0x3C, 0x1E, 0x1F, 0x1F, 0x1F, 0x8F, 0x87, 0xC7, 0xC3, 0xC1, 0xE0,
    0x00, 0x00, 0x00, 0x00, 0x00, 0x00, 0xF0, 0x1F, 0xF8, 0x0F, 0xFC, 0x0F, 0xFE, 0x07, 0xFF, 0x07,
    0xFF, 0x83, 0xFF, 0xC3, 0xDF, 0xE1, 0xEF, 0xF1, 0xE7, 0xF8, 0xF3, 0xFC, 0xF1, 0xFE, 0x78, 0xFF,
    0x78, 0x7F, 0xBC, 0x3F, 0xFC, 0x1F, 0xFE, 0x0F, 0xFE, 0x07, 0xFF, 0x03, 0xFF, 0x01, 0xFF, 0x80,
    0xFF, 0x80, 0x78, 0x3C, 0x1E, 0x1F, 0x1F, 0x1F, 0x8F, 0x87, 0xC7, 0xC3, 0xC1, 0xE0, 0x00, 0x00,
    0x00, 0x00, 0x00, 0x00, 0x00, 0x00, 0x07, 0xFC, 0x07, 0xFF, 0x07, 0xFF, 0xC7, 0xE3, 0xF3, 0xC0,
    0x7B, 0xE0, 0x3F, 0xE0, 0x0F, 0xF0, 0x07, 0xF8, 0x03, 0xFC, 0x01, 0xFE, 0x00, 0xFF, 0x00, 0x7F,
    0x80, 0x3F, 0xC0, 0x1F, 0xE0, 0x0F, 0xF0, 0x07, 0xF8, 0x03, 0xFC, 0x01, 0xFE, 0x00, 0xFF, 0x00,
    0x7F, 0x80, 0x3F, 0xE0, 0x3E, 0xF0, 0x1E, 0x7E, 0x3F, 0x1F, 0xFF, 0x07, 0xFF, 0x01, 0xFF, 0x00,
    0x3C, 0x1E, 0x1F, 0x1F, 0x1F, 0x8F, 0x87, 0xC7, 0xC3, 0xC1, 0xE0, 0x00, 0x00, 0x00, 0x00, 0x00,
    0x00, 0x0F, 0xF8, 0x0F, 0xFE, 0x0F, 0xFF, 0x8F, 0xC7, 0xEF, 0x80, 0xF7, 0x80, 0x7F, 0xC0, 0x1F,
    0xE0, 0x0F, 0xF0, 0x07, 0xF8, 0x03, 0xFC, 0x01, 0xFE, 0x00, 0xFF, 0x00, 0x7F, 0x80, 0x3F, 0xC0,
    0x1F, 0xE0, 0x1F, 0xF8, 0x0F, 0x3F, 0x1F, 0x8F, 0xFF, 0x83, 0xFF, 0x80, 0xFF, 0x80, 0x0F, 0xF8,
    0x0F, 0xFE, 0x0F, 0xFF, 0x8F, 0xC7, 0xE7, 0x80, 0xF7, 0x80, 0x7F, 0xC0, 0x1F, 0xE0, 0x0F, 0xF0,
    0x07, 0xF8, 0x03, 0xFC, 0x01, 0xFF, 0xFF, 0xFF, 0xFF, 0xFF, 0xFF, 0xFF, 0xC0, 0x1F, 0xE0, 0x0F,
    0xF0, 0x07, 0xF8, 0x03, 0xFC, 0x01, 0xFE, 0x00, 0xFF, 0x00, 0xFF, 0xC0, 0x79, 0xE0, 0x7C, 0xFC,
    0x7E, 0x3F, 0xFE, 0x0F, 0xFE, 0x03, 0xFE, 0x00, 0x0F, 0xF0, 0x0F, 0xFE, 0x0F, 0xFF, 0x8F, 0xC7,
    0xE7, 0x80, 0xF7, 0xC0, 0x7B, 0xC0, 0x1F, 0xE0, 0x0F, 0xF0, 0x07, 0xFF, 0xFF, 0xFF, 0xFF, 0xFF,
    0xFF, 0xFF, 0x00, 0x7F, 0x80, 0x3F, 0xC0, 0x1F, 0xF0, 0x1E, 0x78, 0x0F, 0x3F, 0x1F, 0x8F, 0xFF,
    0x83, 0xFF, 0x80, 0xFF, 0x00, 0x1E, 0x0F, 0x07, 0xC7, 0xC3, 0xF1, 0xF0, 0x7C, 0x7C, 0x1E, 0x0F,
    0x00, 0x00, 0x00, 0x00, 0x00, 0x00, 0x00, 0x00, 0x00, 0x3E, 0x01, 0xFF, 0x80, 0x7F, 0xE0, 0x1F,
    0xF8, 0x07, 0xFE, 0x01, 0xFF, 0x80, 0x7F, 0xE0, 0x1F, 0xF8, 0x07, 0xFE, 0x01, 0xFF, 0x80, 0x7F,
    0xE0, 0x1F, 0x78, 0x07, 0xDE, 0x01, 0xF7, 0xF0, 0x7C, 0xFF, 0xFF, 0x1F, 0xFF, 0xC3, 0xFF, 0xF0,
    0x00, 0x7C, 0x00, 0x1F, 0x00, 0x07, 0xC0, 0x01, 0xF0, 0x00, 0x7C, 0x00, 0x1F, 0x00, 0x07, 0xC0,
    0x01, 0xF0, 0x00, 0x7C, 0x00, 0x1F, 0x1E, 0x0F, 0x0F, 0x8F, 0x8F, 0xC7, 0xC3, 0xE3, 0xE1, 0xE0,
    0xF0, 0x00, 0x00, 0x00, 0x00, 0x00, 0x00, 0x78, 0x07, 0xBC, 0x03, 0xDE, 0x01, 0xEF, 0x00, 0xF7,
    0x80, 0x7B, 0xC0, 0x3D, 0xE0, 0x1E, 0xF0, 0x0F, 0x78, 0x07, 0xBC, 0x03, 0xDF, 0x81, 0xE7, 0xFF,
    0xF1, 0xFF, 0xF8, 0x7F, 0xFC, 0x00, 0x1E, 0x00, 0x0F, 0x00, 0x07, 0x80, 0x03, 0xC0, 0x01, 0xE0,
    0x00, 0xF0, 0x00, 0x78, 0x00, 0x07, 0xFF, 0xFF, 0xFF, 0xFF, 0xF0, 0x00, 0x00, 0x7F, 0xFF, 0xFF,
    0xFF, 0xFF, 0xFF, 0xF0, 0x00, 0x00, 0x01, 0xFF, 0xFF, 0xFF, 0xFF, 0xFF, 0xFF, 0xFF, 0xFF, 0xF0,
    0xF0, 0x3D, 0xF0, 0x7B, 0xE0, 0xF7, 0xC1, 0xEF, 0x83, 0xDF, 0x07, 0xBE, 0x0F, 0x7C, 0x1E, 0xF8,
    0x3D, 0xF0, 0x7B, 0xE0, 0xF7, 0xC1, 0xEF, 0x83, 0xDF, 0x07, 0xBE, 0x0F, 0x7C, 0x1E, 0xF8, 0x3D,
    0xF0, 0x7B, 0xE0, 0xF7, 0xC1, 0xEF, 0x83, 0xDF, 0x07, 0xBE, 0x0F, 0x7C, 0x1E, 0xF8, 0x3D, 0xF0,
    0x7B, 0xE0, 0xF7, 0xC1, 0xEF, 0x83, 0xDF, 0x07, 0xBE, 0x0F, 0x7C, 0x1E, 0xF8, 0x3D, 0xF0, 0x7B,
    0xE0, 0xF7, 0xC1, 0xE0, 0x1F, 0x1E, 0x3E, 0x3C, 0x7C, 0x78, 0x78, 0x78, 0x78, 0x7C, 0x3E, 0x7C,
    0x7C, 0x78, 0xF1, 0xE7, 0xCF, 0x9E, 0x7C, 0xF3, 0xE0, 0x7C, 0x7C, 0x78, 0xF1, 0xE7, 0xCF, 0x9E,
    0x7C, 0xF3, 0xE0, 0x3E, 0x7C, 0x78, 0x78, 0x78, 0x78, 0x7C, 0x3C, 0x3E, 0x1E, 0x1F, 0x1F, 0x1F,
    0x1E, 0x1E, 0x3E, 0x3E, 0x3C, 0x3C, 0x7C, 0x3C, 0x78, 0x7C, 0x78, 0x78, 0x78, 0x78, 0x78, 0x78,
    0x7C, 0x7C, 0x3E, 0x3E, 0x3E, 0x3E, 0x1E, 0x1F, 0x1F, 0x0F, 0x1F, 0x0F, 0x1F, 0x0F, 0x1F, 0x1F,
    0x1E, 0x1F, 0x3E, 0x1E, 0x3C, 0x3E, 0x7C, 0x3C, 0x78, 0x7C, 0x3E, 0x1F, 0x0F, 0x07, 0x87, 0xC3,
    0xE3, 0xE0, 0xF1, 0xF0, 0x78, 0xF8, 0x7C, 0x78, 0x3C, 0x7C, 0x3E, 0x3C, 0x1F, 0x3E, 0x0F, 0x1E,
    0x0F, 0x80, 0x3E, 0x3E, 0x7C, 0x3C, 0x78, 0x7C, 0x78, 0x78, 0x78, 0x78, 0x78, 0x7C, 0x7C, 0x3C,
    0x3C, 0x3E, 0x3E, 0x3E, 0x1E, 0x1E, 0x1F, 0x1F, 0x03, 0xC0, 0x01, 0xE0, 0x00, 0xF0, 0x00, 0x78,
    0x00, 0x3C, 0x00, 0x1E, 0x00, 0x0F, 0x00, 0x07, 0x80, 0x03, 0xC0, 0x7F, 0xFF, 0xFF, 0xFF, 0xFF,
    0xFF, 0xF0, 0x3C, 0x00, 0x1E, 0x00, 0x0F, 0x00, 0x07, 0x80, 0x03, 0xC0, 0x01, 0xE0, 0x00, 0xF0,
    0x00, 0x78, 0x00, 0x3C, 0x00, 0x1E, 0x00, 0x0F, 0x00, 0x07, 0x80, 0x03, 0xC0, 0x01, 0xE0, 0x00,
    0xF0, 0x00, 0x78, 0x00, 0x3C, 0x00, 0x1E, 0x00, 0x0F, 0x00, 0x07, 0x80, 0x03, 0xC0, 0x01, 0xE0,
    0x00, 0xF0, 0x00, 0x78, 0x00, 0x03, 0xC0, 0x01, 0xE0, 0x00, 0xF0, 0x00, 0x78, 0x00, 0x3C, 0x00,
    0x1E, 0x00, 0x0F, 0x00, 0x07, 0x80, 0x03, 0xC0, 0x7F, 0xFF, 0xFF, 0xFF, 0xFF, 0xFF, 0xF0, 0x3C,
    0x00, 0x1E, 0x00, 0x0F, 0x00, 0x07, 0x80, 0x03, 0xC0, 0x01, 0xE0, 0x00, 0xF0, 0x00, 0x78, 0x00,
    0x3C, 0x00, 0x1E, 0x00, 0x0F, 0x01, 0xFF, 0xFF, 0xFF, 0xFF, 0xFF, 0xFF, 0xC0, 0xF0, 0x00, 0x78,
    0x00, 0x3C, 0x00, 0x1E, 0x00, 0x0F, 0x00, 0x07, 0x80, 0x03, 0xC0, 0x01, 0xE0, 0x00, 0xF0, 0x00,
    0x78, 0x00, 0x1F, 0x1F, 0xE7, 0xFD, 0xFF, 0xFF, 0xDF, 0xF7, 0xFD, 0xFE, 0x1F, 0x00, 0x7D, 0xFB,
    0xFF, 0xFF, 0xEF, 0x80, 0xF0, 0xE1, 0xDE, 0x3E, 0x7F, 0xC7, 0xCF, 0xF8, 0xF9, 0xFF, 0x1F, 0x3F,
    0xE3, 0xE7, 0xFC, 0x38, 0x70, 0x1F, 0x80, 0x70, 0x1F, 0xE0, 0x70, 0x1F, 0xF0, 0x78, 0x0E, 0x3C,
    0x38, 0x07, 0x0E, 0x3C, 0x03, 0x87, 0x1C, 0x01, 0xC7, 0x9C, 0x00, 0xF7, 0x9E, 0x00, 0x7F, 0xCE,
    0x00, 0x1F, 0xCF, 0x00, 0x01, 0x07, 0x00, 0x00, 0x07, 0x00, 0x00, 0x07, 0x80, 0x00, 0x03, 0x80,
    0x00, 0x03, 0x80, 0x00, 0x03, 0xC0, 0x00, 0x01, 0xDF, 0xBE, 0x01, 0xFF, 0xFF, 0x80, 0xEF, 0x7D,
    0xE0, 0xE7, 0x1C, 0x70, 0xF3, 0x8E, 0x38, 0x71, 0xC7, 0x1C, 0x78, 0xE3, 0x8E, 0x38, 0x71, 0xC7,
    0x38, 0x39, 0xF7, 0xBC, 0x1F, 0xFF, 0x9C, 0x07, 0xEF, 0x80, 0x1E, 0x3E, 0x3E, 0x3E, 0x3C, 0x3C,
    0x7C, 0x7C, 0x78, 0x78, 0x78, 0x3C, 0x3E, 0xF8, 0x7D, 0xF0, 0xFB, 0xE1, 0xE7, 0x87, 0xCF, 0x0F,
    0xBE, 0x1F, 0x7C, 0x3C, 0xF8, 0x79, 0xE0, 0xF3, 0xC3, 0xE0, 0x3E, 0x3E, 0x7C, 0x7C, 0x7C, 0xF8,
    0xF8, 0xF1, 0xF1, 0xE3, 0xE3, 0xE3, 0xC7, 0xC7, 0x8F, 0x8F, 0x8F, 0x1F, 0x1E, 0x3E, 0x3E, 0x3C,
    0x7C, 0x78, 0xF8, 0xF0, 0xF1, 0xF1, 0xE3, 0xE3, 0xC3, 0xC0, 0x01, 0xF0, 0x0F, 0x00, 0xF0, 0x0F,
    0x80, 0xF8, 0x0F, 0x80, 0xF8, 0x0F, 0x80, 0x78, 0x07, 0xC0, 0x1F, 0x00, 0x7C, 0x01, 0xF0, 0x07,
    0xC0, 0x1F, 0x00, 0x7C, 0x03, 0xE0, 0x0F, 0x80, 0x78, 0x03, 0xE0, 0x0F, 0x80, 0x3E, 0x00, 0xF8,
    0x03, 0xE0, 0x0F, 0x80, 0x3C, 0x01, 0xF0, 0x07, 0x80, 0x7C, 0x07, 0xC0, 0x7C, 0x07, 0xC0, 0x7C,
    0x07, 0xC0, 0x3C, 0x03, 0xC0, 0x00, 0x7C, 0x1E, 0x7C, 0x1E, 0x3C, 0x1E, 0x3C, 0x1E, 0x3C, 0x1E,
    0x3C, 0x1E, 0x3C, 0x1E, 0x3C, 0x1E, 0x3C, 0x1E, 0x3C, 0x1E, 0x3C, 0x1E, 0x3C, 0x1E, 0x3C, 0x1E,
    0x3C, 0x1E, 0x3C, 0x1E, 0x3C, 0x1E, 0x3C, 0x1E, 0x3C, 0x1E, 0x3C, 0x1E, 0x00, 0x00, 0x00, 0x00,
    0x00, 0x00, 0x7C, 0x1E, 0x7E, 0x3F, 0x7E, 0x3F, 0x7E, 0x3F, 0x7C, 0x1E, 0xFF, 0x83, 0xFF, 0x8F,
    0xFF, 0x00, 0xFE, 0x00, 0xF8, 0x01, 0xF1, 0xE3, 0xC7, 0x8F, 0x1E, 0x3C, 0x79, 0xF1, 0xE7, 0x87,
    0xFE, 0x1F, 0xF0, 0x7F, 0x81, 0xFC, 0x07, 0x00, 0x1C, 0x00, 0x70, 0x01, 0xC0, 0x00, 0x00, 0x00,
    0x00, 0x00, 0x03, 0xE0, 0x0F, 0xC0, 0x3F, 0x00, 0xFC, 0x03, 0xE0, 0x00, 0x00, 0x00, 0x00, 0x7F,
    0xFF, 0xFF, 0xFF, 0xFF, 0xFF, 0xFF, 0xFF, 0xFF, 0xF0, 0xF0, 0x00, 0x1F, 0xE0, 0x00, 0x7F, 0xE0,
    0x00, 0xF3, 0xE0, 0x07, 0xE7, 0xFF, 0xFF, 0xC7, 0xFF, 0xFF, 0x07, 0xFF, 0xF8, 0x00, 0x00, 0x00,
    0x1E, 0x00, 0x00, 0x78, 0x00, 0x01, 0xE0, 0x00, 0x07, 0xC0, 0x00, 0x0F, 0x00, 0x00, 0x3C, 0x00,
    0x00, 0xF0, 0x00, 0x01, 0xE0, 0x00, 0x07, 0x80, 0x00, 0x1E, 0x00, 0x00, 0x7C, 0x00, 0x00, 0xF0,
    0x00, 0x03, 0xC0, 0x00, 0x0F, 0x00, 0x00, 0x1E, 0x00, 0x00, 0x78, 0x00, 0x01, 0xE0, 0x00, 0x03,
    0xC0, 0x00, 0x0F, 0x00, 0x00, 0x3C, 0x00, 0x00, 0xF0, 0x00, 0x01, 0xE0, 0x00, 0x07, 0x80, 0x00,
    0x1E, 0x00, 0x00, 0x3C, 0x00, 0x00, 0xF0, 0x00, 0x03, 0xC0, 0x00, 0x00, 0x00, 0x1F, 0xFB, 0xFF,
    0x7F, 0xEF, 0x81, 0xF0, 0x3E, 0x07, 0xC0, 0xF8, 0x1F, 0x03, 0xE0, 0x7C, 0x0F, 0x81, 0xF0, 0x3E,
    0x07, 0xC0, 0xFF, 0xDF, 0xFB, 0xFF, 0x7C, 0x0F, 0x81, 0xF0, 0x3E, 0x07, 0xC0, 0xF8, 0x1F, 0x03,
    0xE0, 0x7C, 0x0F, 0x81, 0xF0, 0x3E, 0x07, 0xC0, 0xF8, 0x1F, 0xFB, 0xFF, 0x7F, 0xE0, 0x00, 0x1F,
    0xFB, 0xFF, 0x7F, 0xE0, 0x3C, 0x07, 0x80, 0xF0, 0x1E, 0x03, 0xC0, 0x78, 0x0F, 0x01, 0xE0, 0x3C,
    0x07, 0x80, 0xF0, 0x1E, 0xFF, 0xDF, 0xFB, 0xFF, 0x01, 0xE0, 0x3C, 0x07, 0x80, 0xF0, 0x1E, 0x03,
    0xC0, 0x78, 0x0F, 0x01, 0xE0, 0x3C, 0x07, 0x80, 0xF0, 0x1E, 0x03, 0xCF, 0xF9, 0xFF, 0x3F, 0xE0,
    0x1F, 0xC1, 0xFF, 0x1F, 0xFD, 0xE1, 0xEF, 0x07, 0xF0, 0x3F, 0x80, 0xFC, 0x07, 0xE0, 0x3F, 0x01,
    0xF8, 0x0F, 0xC0, 0xFF, 0x07, 0xF8, 0x79, 0xFF, 0xC7, 0xFC, 0x1F, 0xC0, 0x03, 0xC0, 0x38, 0x07,
    0x80, 0xF0, 0x1E, 0x01, 0xE0, 0x3C, 0x77, 0x87, 0x78, 0x7F, 0x07, 0xFF, 0xFF, 0xFF, 0xFF, 0xF0,
    0x07, 0x00, 0x70, 0x07, 0x00, 0x70, 0x7F, 0xF3, 0xFF, 0x9F, 0xFC, 0xE0, 0x07, 0x00, 0x38, 0x01,
    0xFF, 0x0F, 0xFC, 0x7F, 0xF0, 0x03, 0xC0, 0x1F, 0xC0, 0xFF, 0x07, 0xF8, 0x3D, 0xFF, 0xC7, 0xFC,
    0x1F, 0xC0, 0x07, 0x80, 0x3C, 0x03, 0xC0, 0x1C, 0x01, 0xE0, 0x1E, 0x00, 0xFF, 0x8F, 0xFE, 0xFD,
    0xF7, 0x83, 0xF8, 0x1F, 0xC0, 0x7E, 0x07, 0xF8, 0x3D, 0xFF, 0xCF, 0xFC, 0x1F, 0xC0, 0xFF, 0xFF,
    0xFF, 0xFF, 0xFF, 0xE0, 0xFF, 0x07, 0x70, 0x78, 0x03, 0x80, 0x3C, 0x01, 0xC0, 0x1E, 0x00, 0xF0,
    0x0F, 0x00, 0x78, 0x07, 0x80, 0x3C, 0x01, 0xC0, 0x1E, 0x00, 0x1F, 0xC3, 0xFF, 0x9F, 0xFD, 0xE0,
    0xFF, 0x07, 0xB8, 0x39, 0xFF, 0xC3, 0xF8, 0x7F, 0xF7, 0xCF, 0xBC, 0x1F, 0xC0, 0x7E, 0x03, 0xF8,
    0x3F, 0xFF, 0xCF, 0xFE, 0x1F, 0xC0, 0x1F, 0xC1, 0xFF, 0x1F, 0xFD, 0xE1, 0xEF, 0x07, 0xF0, 0x3F,
    0xC1, 0xFE, 0x1F, 0x7F, 0xF3, 0xFF, 0x8F, 0xF8, 0x03, 0xC0, 0x3C, 0x01, 0xC0, 0x1E, 0x01, 0xE0,
    0x0E, 0x00, 0x1E, 0x03, 0xC0, 0x78, 0x0F, 0x0F, 0xFF, 0xFF, 0xFF, 0xF8, 0xF0, 0x1E, 0x03, 0xC0,
    0x78, 0x00, 0x7F, 0xF7, 0xFF, 0xFF, 0xFE, 0x00, 0x00, 0x00, 0x00, 0x01, 0xFF, 0xDF, 0xFF, 0xFF,
    0xF8, 0x1F, 0xC1, 0xFF, 0x1F, 0xFD, 0xE1, 0xEF, 0x07, 0xF0, 0x3F, 0x80, 0xFC, 0x07, 0xE0, 0x3F,
    0x01, 0xF8, 0x0F, 0xC0, 0xFF, 0x07, 0xF8, 0x79, 0xFF, 0xC7, 0xFC, 0x1F, 0xC0, 0x0F, 0x80, 0xFE,
    0x07, 0xF8, 0x3E, 0xE0, 0xE3, 0x81, 0x0E, 0x00, 0x38, 0x00, 0xE0, 0x03, 0x80, 0x0E, 0x00, 0x38,
    0x00, 0xE0, 0x03, 0x80, 0x0E, 0x0F, 0xFF, 0xBF, 0xFF, 0xFF, 0xFC, 0x1F, 0xC1, 0xFF, 0x1F, 0xFC,
    0xF1, 0xEF, 0x07, 0xF8, 0x3C, 0x01, 0xC0, 0x1E, 0x01, 0xE0, 0x1E, 0x01, 0xE0, 0x3E, 0x03, 0xE0,
    0x3E, 0x01, 0xFF, 0xEF, 0xFF, 0x7F, 0xF8, 0x7F, 0xF3, 0xFF, 0x9F, 0xFC, 0x03, 0xE0, 0x3C, 0x03,
    0xC0, 0x3F, 0x01, 0xFC, 0x07, 0xF0, 0x03, 0xC0, 0x1F, 0xC0, 0xFF, 0x07, 0xF8, 0x7D, 0xFF, 0xC7,
    0xFC, 0x1F, 0xC0, 0x03, 0xC0, 0x38, 0x07, 0x80, 0xF0, 0x1E, 0x01, 0xE0, 0x3C, 0x77, 0x87, 0x78,
    0x7F, 0x07, 0xFF, 0xFF, 0xFF, 0xFF, 0xF0, 0x07, 0x00, 0x70, 0x07, 0x00, 0x70, 0x7F, 0xF3, 0xFF,
    0x9F, 0xFC, 0xE0, 0x07, 0x00, 0x38, 0x01, 0xFF, 0x0F, 0xFC, 0x7F, 0xF0, 0x03, 0xC0, 0x1F, 0xC0,
    0xFF, 0x07, 0xF8, 0x3D, 0xFF, 0xC7, 0xFC, 0x1F, 0xC0, 0x07, 0x80, 0x3C, 0x03, 0xC0, 0x1C, 0x01,
    0xE0, 0x1E, 0x00, 0xFF, 0x8F, 0xFE, 0xFD, 0xF7, 0x83, 0xF8, 0x1F, 0xC0, 0x7E, 0x07, 0xF8, 0x3D,
    0xFF, 0xCF, 0xFC, 0x1F, 0xC0, 0xFF, 0xFF, 0xFF, 0xFF, 0xFF, 0xE0, 0xFF, 0x07, 0x70, 0x78, 0x03,
    0x80, 0x3C, 0x01, 0xC0, 0x1E, 0x00, 0xF0, 0x0F, 0x00, 0x78, 0x07, 0x80, 0x3C, 0x01, 0xC0, 0x1E,
    0x00, 0x1F, 0xC3, 0xFF, 0x9F, 0xFD, 0xE0, 0xFF, 0x07, 0xB8, 0x39, 0xFF, 0xC3, 0xF8, 0x7F, 0xF7,
    0xCF, 0xBC, 0x1F, 0xC0, 0x7E, 0x03, 0xF8, 0x3F, 0xFF, 0xCF, 0xFE, 0x1F, 0xC0, 0x1F, 0xC1, 0xFF,
    0x1F, 0xFD, 0xE1, 0xEF, 0x07, 0xF0, 0x3F, 0xC1, 0xFE, 0x1F, 0x7F, 0xF3, 0xFF, 0x8F, 0xF8, 0x03,
    0xC0, 0x3C, 0x01, 0xC0, 0x1E, 0x01, 0xE0, 0x0E, 0x00, 0x00, 0x0F, 0x80, 0x00, 0xF8, 0x00, 0x0F,
    0x80, 0x0F, 0xFF, 0x00, 0xFF, 0xF0, 0x0F, 0xFF, 0x00, 0x0F, 0x80, 0x00, 0xF8, 0x0F, 0xEF, 0x83,
    0xFF, 0xF8, 0x7F, 0xFF, 0x87, 0xE7, 0xF8, 0x78, 0x1F, 0x8F, 0x80, 0xF8, 0xF0, 0x0F, 0x8F, 0x00,
    0xF8, 0xF0, 0x0F, 0x8F, 0x00, 0xF8, 0xF0, 0x0F, 0x8F, 0x80, 0xF8, 0x78, 0x1F, 0x87, 0xE7, 0xF8,
    0x7F, 0xFF, 0x83, 0xFF, 0xF8, 0x0F, 0xEF, 0x80, 0x00, 0x00, 0x00, 0x00, 0x0F, 0xFF, 0xF8, 0xFF,
    0xFF, 0x8F, 0xFF, 0xF8, 0x00, 0x00, 0x00, 0x01, 0xFF, 0x00, 0x3F, 0xFC, 0x07, 0xFF, 0xE0, 0xFE,
    0x7E, 0x0F, 0x01, 0xF1, 0xF0, 0x0F, 0x1E, 0x00, 0xF1, 0xE0, 0x07, 0x1E, 0x00, 0x0F, 0xFF, 0xC0,
    0xFF, 0xFC, 0x0F, 0xFF, 0xC0, 0x1E, 0x00, 0x01, 0xE0, 0x00, 0x1E, 0x00, 0x0F, 0xFF, 0xC0, 0xFF,
    0xFC, 0x0F, 0xFF, 0xC0, 0x1E, 0x00, 0x01, 0xE0, 0x0F, 0x1E, 0x00, 0xF1, 0xF0, 0x0F, 0x0F, 0x01,
    0xF0, 0xFE, 0x7E, 0x07, 0xFF, 0xE0, 0x3F, 0xFC, 0x01, 0xFF, 0x00, 0xFF, 0xFF, 0xF7, 0xFF, 0xFF,
    0xBF, 0xFF, 0xFC, 0x01, 0xE0, 0x00, 0x0F, 0x00, 0x00, 0x78, 0x00, 0x03, 0xC0, 0x00, 0x1E, 0x00,
    0x00, 0xF0, 0x20, 0x07, 0x9F, 0x00, 0x3F, 0xF8, 0x07, 0xFF, 0xC1, 0xFF, 0xF0, 0x1F, 0xF8, 0x00,
    0xFF, 0xC0, 0x06, 0x1E, 0x3C, 0x00, 0xFF, 0xE0, 0x07, 0xFF, 0x03, 0xFF, 0xE0, 0x7F, 0xF0, 0x03,
    0xFF, 0x00, 0x1E, 0x78, 0x00, 0x03, 0xC0, 0x00, 0x1E, 0x00, 0x00, 0xF0, 0x00, 0x07, 0x80, 0x00,
    0x3C, 0x00, 0x03, 0xFE, 0x00, 0x7F, 0xF8, 0x0F, 0xFF, 0xC1, 0xFC, 0xFC, 0x1E, 0x03, 0xC3, 0xE0,
    0x3C, 0x1C, 0x03, 0xC0, 0x00, 0x78, 0x00, 0x0F, 0x07, 0xFF, 0xFF, 0x7F, 0xFF, 0xF7, 0xFF, 0xFF,
    0x00, 0x00, 0x00, 0x00, 0x00, 0x7F, 0xFF, 0xF7, 0xFF, 0xFF, 0x7F, 0xFF, 0xF0, 0xF0, 0x00, 0x1E,
    0x00, 0x03, 0xE0, 0x1C, 0x3C, 0x03, 0xC3, 0xC0, 0x3C, 0x3E, 0x07, 0xC1, 0xF9, 0xFC, 0x1F, 0xFF,
    0x80, 0xFF, 0xF0, 0x03, 0xFC, 0x00, 0x1F, 0xFF, 0x01, 0xFF, 0xF8, 0x1F, 0xFF, 0xC1, 0xE0, 0x7E,
    0x1E, 0x01, 0xF1, 0xE0, 0x0F, 0x1E, 0x00, 0xF1, 0xE0, 0x0F, 0x1E, 0x00, 0xF1, 0xE0, 0x0F, 0x1E,
    0x01, 0xF1, 0xE0, 0x7E, 0xFF, 0xFF, 0xCF, 0xFF, 0xF8, 0xFF, 0xFF, 0x01, 0xE0, 0x00, 0x1E, 0x00,
    0x01, 0xE0, 0x00, 0xFF, 0xFF, 0x0F, 0xFF, 0xF0, 0xFF, 0xFF, 0x01, 0xE0, 0x00, 0x1E, 0x00, 0x01,
    0xE0, 0x00, 0x1E, 0x00, 0x01, 0xE0, 0x00, 0x1E, 0x00, 0x00, 0x0C, 0xE0, 0x07, 0x38, 0x01, 0xCE,
    0x00, 0x73, 0x80, 0x1C, 0xE0, 0x07, 0x38, 0x0F, 0xFF, 0x83, 0xFF, 0xF0, 0xFF, 0xFE, 0x3C, 0x0F,
    0xCF, 0x00, 0xFB, 0xC0, 0x3E, 0xF0, 0x07, 0xBC, 0x01, 0xEF, 0x00, 0xFB, 0xC0, 0x3C, 0xF0, 0x3F,
    0x3F, 0xFF, 0x8F, 0xFF, 0xC3, 0xFF, 0xF8, 0xF0, 0x3F, 0x3C, 0x03, 0xEF, 0x00, 0x7B, 0xC0, 0x1E,
    0xF0, 0x07, 0xBC, 0x01, 0xEF, 0x00, 0x7B, 0xC0, 0x1E, 0xF0, 0x0F, 0xBC, 0x0F, 0xCF, 0xFF, 0xF3,
    0xFF, 0xF8, 0xFF, 0xF8, 0x07, 0x38, 0x01, 0xCE, 0x00, 0x73, 0x80, 0x1C, 0xE0, 0x07, 0x38, 0x00,
    0x00, 0xF8, 0x00, 0x03, 0xE0, 0x00, 0x0F, 0x80, 0x00, 0x3E, 0x00, 0x00, 0x7C, 0x00, 0x01, 0xF0,
    0x00, 0x07, 0xC0, 0x00, 0x1F, 0x00, 0x00, 0x7C, 0x00, 0x00, 0xFF, 0xFF, 0xFB, 0xFF, 0xFF, 0xF3,
    0xFF, 0xFF, 0xE3, 0xC0, 0x00, 0x07, 0xC0, 0x00, 0x07, 0xC0, 0x00, 0x07, 0xC0, 0x00, 0x07, 0xC0,
    0x00, 0x07, 0x80, 0x00, 0x0F, 0x80, 0x00, 0x0F, 0x80, 0x00, 0x0F, 0x80, 0x00, 0x00, 0x00, 0x00,
    0x03, 0x80, 0x00, 0x3E, 0x00, 0x03, 0xF8, 0x00, 0x3F, 0xE0, 0x03, 0xFF, 0x80, 0x7F, 0xFE, 0x07,
    0xFE, 0xFC, 0x7E, 0xF3, 0xF7, 0xE7, 0x8F, 0xFC, 0x3C, 0x3F, 0xC1, 0xE0, 0x7C, 0x0F, 0x01, 0xC0,
    0x78, 0x00, 0x03, 0xC0, 0x00, 0x1E, 0x00, 0x00, 0xF0, 0x00, 0x07, 0x80, 0x00, 0x3C, 0x00, 0x01,
    0xE0, 0x00, 0x0F, 0x00, 0x00, 0x78, 0x00, 0x03, 0xC0, 0x00, 0x1E, 0x00, 0x00, 0xF0, 0x00, 0x07,
    0x80, 0x00, 0x3C, 0x00, 0x01, 0xE0, 0x00, 0x0F, 0x00, 0x00, 0x00, 0x3E, 0x00, 0x00, 0x3E, 0x00,
    0x00, 0x3E, 0x00, 0x00, 0x7C, 0x00, 0x00, 0x7C, 0x00, 0x00, 0x7C, 0x00, 0x00, 0x7C, 0x00, 0x00,
    0x7C, 0x00, 0x00, 0x79, 0xFF, 0xFF, 0xFB, 0xFF, 0xFF, 0xFF, 0xFF, 0xFF, 0xE0, 0x00, 0x07, 0x80,
    0x00, 0x1E, 0x00, 0x00, 0x7C, 0x00, 0x01, 0xF0, 0x00, 0x07, 0xC0, 0x00, 0x1F, 0x00, 0x00, 0x3C,
    0x00, 0x00, 0xF8, 0x00, 0x03, 0xE0, 0x00, 0x00, 0xF0, 0x00, 0x07, 0x80, 0x00, 0x3C, 0x00, 0x01,
    0xE0, 0x00, 0x0F, 0x00, 0x00, 0x78, 0x00, 0x03, 0xC0, 0x00, 0x1E, 0x00, 0x00, 0xF0, 0x00, 0x07,
    0x80, 0x00, 0x3C, 0x00, 0x01, 0xE0, 0x00, 0x0F, 0x00, 0x00, 0x78, 0x00, 0x03, 0xC0, 0x10, 0x1E,
    0x00, 0xC0, 0xF0, 0x1F, 0x07, 0x81, 0xFC, 0x3C, 0x3F, 0xF9, 0xE3, 0xF7, 0xEF, 0x3F, 0x1F, 0xFB,
    0xF0, 0x7F, 0xFE, 0x00, 0xFF, 0xE0, 0x03, 0xFE, 0x00, 0x0F, 0xE0, 0x00, 0x3E, 0x00, 0x00, 0xE0,
    0x00, 0x00, 0x00, 0x00, 0x00, 0xF8, 0x7C, 0x00, 0x03, 0xE0, 0xF8, 0x00, 0x1F, 0x01, 0xF0, 0x00,
    0xF8, 0x03, 0xE0, 0x07, 0xC0, 0x07, 0xC0, 0x3E, 0x00, 0x1F, 0x00, 0xF8, 0x00, 0x3E, 0x07, 0xC0,
    0x00, 0x7C, 0x3E, 0x00, 0x00, 0xF9, 0xFF, 0xFF, 0xFF, 0xF7, 0xFF, 0xFF, 0xFF, 0xDF, 0xFF, 0xFF,
    0xFE, 0x3E, 0x00, 0x00, 0xF8, 0x7C, 0x00, 0x07, 0xC0, 0xF8, 0x00, 0x3E, 0x03, 0xE0, 0x01, 0xF0,
    0x07, 0xC0, 0x07, 0xC0, 0x0F, 0x80, 0x3E, 0x00, 0x1F, 0x01, 0xF0, 0x00, 0x3E, 0x0F, 0x80, 0x00,
    0xF8, 0x7C, 0x00, 0x00, 0x00, 0x00, 0x03, 0x80, 0x00, 0x3E, 0x00, 0x03, 0xF8, 0x00, 0x3F, 0xE0,
    0x07, 0xFF, 0x80, 0x7F, 0xFF, 0x07, 0xFE, 0xFC, 0x7E, 0xF3, 0xF7, 0xC7, 0x8F, 0xFC, 0x3C, 0x1F,
    0xC1, 0xE0, 0x7C, 0x0F, 0x01, 0x80, 0x78, 0x00, 0x03, 0xC0, 0x00, 0x1E, 0x00, 0x00, 0xF0, 0x00,
    0x07, 0x80, 0x00, 0x3C, 0x00, 0x01, 0xE0, 0x00, 0x0F, 0x00, 0x00, 0x78, 0x00, 0x03, 0xC0, 0x00,
    0x1E, 0x00, 0x00, 0xF0, 0x00, 0x07, 0x80, 0x00, 0x3C, 0x00, 0x01, 0xE0, 0x00, 0x0F, 0x00, 0x60,
    0x78, 0x0F, 0x83, 0xC0, 0xFE, 0x1E, 0x0F, 0xF8, 0xF0, 0xFB, 0xE7, 0x8F, 0x8F, 0xBD, 0xF8, 0x3F,
    0xFF, 0x80, 0xFF, 0xF8, 0x03, 0xFF, 0x00, 0x0F, 0xF0, 0x00, 0x1F, 0x00, 0x00, 0x70, 0x00, 0x01,
    0x00, 0x00, 0xFF, 0xFF, 0x0F, 0xFF, 0xF8, 0xFF, 0xFF, 0xCF, 0xC0, 0x00, 0xFE, 0x00, 0x0F, 0xF0,
    0x00, 0xFF, 0x80, 0x0F, 0x7C, 0x00, 0xF3, 0xE0, 0x0F, 0x1F, 0x00, 0xF0, 0xF8, 0x0F, 0x07, 0xC0,
    0xF0, 0x3E, 0x0F, 0x01, 0xF0, 0xF0, 0x0F, 0x8F, 0x00, 0x7C, 0x70, 0x03, 0xE3, 0x00, 0x1E, 0x00,
    0x00, 0xC0, 0x0F, 0xFF, 0xF1, 0xFF, 0xFF, 0x3F, 0xFF, 0xF0, 0x00, 0x7F, 0x00, 0x0F, 0xF0, 0x01,
    0xFF, 0x00, 0x3F, 0xF0, 0x07, 0xEF, 0x00, 0xFC, 0xF0, 0x1F, 0x8F, 0x03, 0xF0, 0xF0, 0x7E, 0x0F,
    0x0F, 0xC0, 0xF1, 0xF8, 0x0F, 0x3F, 0x00, 0xF7, 0xE0, 0x0E, 0x7C, 0x00, 0xC7, 0x80, 0x08, 0x30,
    0x00, 0x00, 0x30, 0x00, 0x07, 0x80, 0x08, 0x7C, 0x00, 0xC7, 0xE0, 0x0E, 0x3F, 0x00, 0xF1, 0xF8,
    0x0F, 0x0F, 0xC0, 0xF0, 0x7E, 0x0F, 0x03, 0xF0, 0xF0, 0x1F, 0x8F, 0x00, 0xFC, 0xF0, 0x07, 0xEF,
    0x00, 0x3F, 0xF0, 0x01, 0xFF, 0x00, 0x0F, 0xF0, 0x00, 0x7F, 0x3F, 0xFF, 0xF1, 0xFF, 0xFF, 0x0F,
    0xFF, 0xF0, 0x00, 0x00, 0xC3, 0x00, 0x1E, 0x70, 0x03, 0xEF, 0x00, 0x7C, 0xF0, 0x0F, 0x8F, 0x01,
    0xF0, 0xF0, 0x3E, 0x0F, 0x07, 0xC0, 0xF0, 0xF8, 0x0F, 0x1F, 0x00, 0xF3, 0xE0, 0x0F, 0x7C, 0x00,
    0xFF, 0x80, 0x0F, 0xF0, 0x00, 0xFE, 0x00, 0x0F, 0xC0, 0x00, 0xFF, 0xFF, 0xCF, 0xFF, 0xF8, 0xFF,
    0xFF, 0x00, 0x00, 0x0F, 0xF8, 0x00, 0x1F, 0xF8, 0x00, 0x3F, 0xF8, 0x00, 0x07, 0xF3, 0xF0, 0x0F,
    0xEF, 0xF8, 0x3F, 0xDF, 0xF0, 0xFF, 0xFD, 0xF3, 0xEF, 0xF1, 0xFF, 0x9F, 0xE1, 0xFE, 0x3F, 0xC1,
    0xF8, 0x78, 0x07, 0x87, 0x80, 0x1F, 0x1F, 0x00, 0x7C, 0x3C, 0x01, 0xF0, 0xF0, 0x07, 0xC3, 0xC0,
    0x0F, 0x0F, 0x00, 0x3F, 0xFF, 0xFF, 0xFF, 0xFF, 0xFF, 0xFF, 0xFF, 0xFE, 0xF0, 0xF0, 0x01, 0xF0,
    0xF0, 0x01, 0xF0, 0xF0, 0x01, 0xF0, 0xF0, 0x01, 0xF1, 0xF0, 0x01, 0xE1, 0xE0, 0x00, 0x07, 0xC3,
    0xC0, 0x07, 0xC7, 0xC0, 0x07, 0xC7, 0xC0, 0x07, 0xC7, 0xC0, 0x07, 0xC7, 0xDF, 0xFF, 0xFF, 0xFF,
    0xFF, 0xFF, 0xFF, 0xFF, 0xFF, 0xFF, 0xFF, 0xFE, 0x00, 0x78, 0x78, 0x01, 0xE1, 0xE0, 0x07, 0x87,
    0xC0, 0x1E, 0x1F, 0x00, 0x78, 0x7C, 0x01, 0xE0, 0xF0, 0x00, 0x07, 0x80, 0x3C, 0x1F, 0x00, 0xF8,
    0x7C, 0x03, 0xE1, 0xF0, 0x0F, 0x87, 0xC0, 0x1E, 0x0F, 0x00, 0x7C, 0x3F, 0xFF, 0xF0, 0x7F, 0xFF,
    0xC0, 0xFF, 0xFF, 0xC0, 0xF0, 0x07, 0xC1, 0xF0, 0x07, 0xC1, 0xF0, 0x0F, 0x81, 0xF0, 0x0F, 0x81,
    0xF0, 0x0F, 0x81, 0xE0, 0x0F, 0x00, 0xF8, 0x03, 0xC0, 0xF8, 0x07, 0xC0, 0xF8, 0x07, 0xC0, 0xF8,
    0x07, 0xC1, 0xF8, 0x07, 0xC1, 0xFF, 0xFF, 0xC1, 0xFF, 0xFF, 0x81, 0xFF, 0xFF, 0x07, 0xFF, 0xFE,
    0x1F, 0x00, 0x78, 0x7C, 0x01, 0xE1, 0xF0, 0x07, 0xC3, 0xC0, 0x1F, 0x0F, 0x80, 0x7C, 0x3E, 0x00,
    0xF0, 0x00, 0x07, 0xC0, 0x1F, 0xC0, 0x7F, 0xC1, 0xFF, 0xC7, 0xFF, 0xDF, 0xF7, 0xFD, 0xE7, 0xF3,
    0xC7, 0xC7, 0x86, 0x0F, 0x00, 0x1E, 0x00, 0x3C, 0x00, 0x78, 0x00, 0xF0, 0x01, 0xE0, 0x03, 0xC0,
    0x07, 0x80, 0x0F, 0x03, 0xFF, 0xFF, 0xFF, 0xFF, 0xFF, 0xE0, 0xF0, 0x03, 0xC1, 0xE0, 0x07, 0xC3,
    0xC0, 0x07, 0xC7, 0x80, 0x07, 0xCF, 0x00, 0x07, 0xDF, 0xFF, 0xFF, 0xFF, 0xFF, 0xFF, 0xFF, 0xFF,
    0xFF, 0xFF, 0xFF, 0xFF, 0xE0, 0x00, 0x7B, 0xC0, 0x01, 0xE7, 0x80, 0x07, 0xCF, 0x00, 0x1F, 0x1E,
    0x00, 0x7C, 0x3C, 0x00, 0xF0, 0x00, 0xFF, 0xFF, 0xFF, 0xFF, 0xFF, 0xF8, 0x3C, 0x00, 0x78, 0x00,
    0xF0, 0x01, 0xE0, 0x03, 0xC0, 0x07, 0x80, 0x0F, 0x00, 0x1E, 0x00, 0x3C, 0x08, 0x78, 0x7C, 0xF1,
    0xFD, 0xE7, 0xFF, 0xDF, 0x7F, 0xFC, 0x7F, 0xF0, 0x7F, 0xC0, 0x7F, 0x00, 0x7C, 0x00, 0x00, 0x1F,
    0x80, 0x00, 0x3F, 0xC0, 0x00, 0x7F, 0xC0, 0x00, 0x1F, 0xC0, 0x00, 0x07, 0xC0, 0x00, 0x07, 0x80,
    0x00, 0x0F, 0x80, 0x00, 0x0F, 0x03, 0xC0, 0x1E, 0x0F, 0x00, 0x3C, 0x3E, 0x00, 0xF8, 0xF8, 0x01,
    0xE3, 0xE0, 0x07, 0xC7, 0x80, 0x7F, 0x1F, 0xFF, 0xFC, 0x7F, 0xFF, 0xF0, 0x7F, 0xFF, 0x80, 0x78,
    0x00, 0x00, 0xF8, 0x00, 0x00, 0xF8, 0x00, 0x00, 0xF8, 0x00, 0x00, 0xF0, 0x00, 0x00, 0xF0, 0x00,
    0x00, 0x03, 0xF0, 0x00, 0x1F, 0xE0, 0x00, 0x7F, 0xC0, 0x01, 0xFC, 0x00, 0x07, 0xC0, 0x00, 0x0F,
    0x00, 0x00, 0x3E, 0x00, 0x00, 0x78, 0x00, 0x00, 0xF0, 0x07, 0x81, 0xE0, 0x0F, 0x83, 0xE0, 0x0F,
    0x83, 0xC0, 0x0F, 0x87, 0xC0, 0x0F, 0x07, 0xF0, 0x0F, 0x0F, 0xFF, 0xFF, 0x07, 0xFF, 0xFF, 0x07,
    0xFF, 0xFC, 0x00, 0x00, 0xF0, 0x00, 0x03, 0xC0, 0x00, 0x0F, 0x80, 0x00, 0x3E, 0x00, 0x00, 0xF8,
    0x00, 0x01, 0xE0, 0x00, 0x07, 0x83, 0xC0, 0x1E, 0x07, 0xC0, 0x79, 0xE7, 0xC1, 0xE7, 0xE7, 0xC7,
    0xDF, 0xE7, 0xDF, 0x7F, 0xE7, 0xBF, 0xFB, 0xFF, 0xFF, 0xC3, 0xFF, 0xFF, 0x87, 0xFE, 0xFE, 0x07,
    0xF9, 0xF0, 0x01, 0xE1, 0xF0, 0x07, 0xC1, 0xF0, 0x1F, 0x01, 0xF0, 0x7C, 0x01, 0xE0, 0xF0, 0x00,
    0x80, 0x30, 0x0E, 0x03, 0xC0, 0xFC, 0x3F, 0x8E, 0xF3, 0x9E, 0xE3, 0xF8, 0x7E, 0x0F, 0x81, 0xE0,
    0x38, 0x0E, 0x03, 0x80, 0xE0, 0x38, 0x0E, 0x03, 0x80, 0xE0, 0x38, 0x0E, 0x03, 0x80, 0xE0, 0x38,
    0x0E, 0x03, 0x80, 0xE0, 0x38, 0x0E, 0x03, 0x80, 0xE0, 0x38, 0x0E, 0x03, 0x80, 0xE0, 0x38, 0x0E,
    0x00, 0x00, 0x01, 0xE0, 0x00, 0x03, 0xE0, 0x00, 0x03, 0xE0, 0x00, 0x03, 0xE0, 0x00, 0x03, 0xDF,
    0xFF, 0xFF, 0xFF, 0xFF, 0xFF, 0xFF, 0xFF, 0xFF, 0x00, 0x00, 0x3C, 0x00, 0x00, 0xF8, 0x00, 0x03,
    0xE0, 0x00, 0x0F, 0x80, 0x00, 0x1E, 0x00, 0x00, 0x3E, 0x00, 0x00, 0x3E, 0x00, 0x00, 0x3E, 0x00,
    0x00, 0x3D, 0xFF, 0xFF, 0xFF, 0xFF, 0xFF, 0xFF, 0xFF, 0xFF, 0xF0, 0x00, 0x03, 0xC0, 0x00, 0x0F,
    0x80, 0x00, 0x3E, 0x00, 0x00, 0xF8, 0x00, 0x01, 0xE0, 0x00, 0xF8, 0x00, 0x01, 0xF0, 0x00, 0x07,
    0xC0, 0x00, 0x1F, 0x00, 0x00, 0x7C, 0x00, 0x00, 0xF8, 0x00, 0x03, 0xFF, 0xFF, 0x8F, 0xFF, 0xFF,
    0x3F, 0xFF, 0xFE, 0xF8, 0x00, 0x01, 0xF0, 0x00, 0x07, 0xC0, 0x00, 0x0F, 0x80, 0x00, 0x0F, 0x80,
    0x00, 0x0F, 0x00, 0x00, 0x1F, 0xFF, 0xFF, 0x1F, 0xFF, 0xFE, 0x1F, 0xFF, 0xFC, 0x1F, 0x00, 0x00,
    0x1E, 0x00, 0x00, 0x3E, 0x00, 0x00, 0x3E, 0x00, 0x00, 0x3E, 0x00, 0x00, 0x00, 0x41, 0x00, 0x00,
    0x61, 0xC0, 0x00, 0x70, 0xF0, 0x00, 0x78, 0x7C, 0x00, 0x7C, 0x3F, 0x00, 0x7E, 0x1F, 0xC0, 0x7B,
    0x0E, 0xF0, 0x79, 0x87, 0x3C, 0x78, 0xC3, 0x8F, 0x78, 0x61, 0xC3, 0xF0, 0x30, 0xE0, 0xF0, 0x18,
    0x70, 0x30, 0x0C, 0x38, 0x00, 0x06, 0x1C, 0x00, 0x03, 0x0E, 0x00, 0x01, 0x87, 0x00, 0x00, 0xC3,
    0x80, 0x00, 0x61, 0xC0, 0x00, 0x30, 0xE0, 0x00, 0x18, 0x70, 0x00, 0x0C, 0x38, 0x00, 0x06, 0x1C,
    0x00, 0x03, 0x0E, 0x00, 0x01, 0x87, 0x00, 0x00, 0xC3, 0x80, 0x00, 0x61, 0xC0, 0x00, 0x30, 0xE0,
    0x00, 0x18, 0x70, 0x00, 0x0C, 0x38, 0x00, 0x06, 0x1C, 0x00, 0x03, 0x0E, 0x00, 0x01, 0x87, 0x00,
    0x00, 0xC3, 0x80, 0x00, 0x61, 0xC0, 0x00, 0x30, 0xE0, 0x00, 0x18, 0x70, 0x00, 0x0C, 0x38, 0x00,
    0x06, 0x1C, 0x00, 0x03, 0x0E, 0x00, 0x00, 0x3C, 0x00, 0x00, 0x7C, 0x00, 0x00, 0x7C, 0x00, 0x00,
    0x7C, 0x00, 0x00, 0xF8, 0x00, 0x00, 0xF8, 0x3F, 0xFF, 0xF8, 0x7F, 0xFF, 0xF8, 0xFF, 0xFF, 0xF8,
    0x00, 0x01, 0xF0, 0x00, 0x01, 0xF0, 0x00, 0x01, 0xF0, 0x00, 0x03, 0xE0, 0x00, 0x0F, 0x80, 0x00,
    0x3E, 0x7F, 0xFF, 0xF8, 0xFF, 0xFF, 0xF1, 0xFF, 0xFF, 0xC0, 0x00, 0x1F, 0x00, 0x00, 0x7C, 0x00,
    0x00, 0xF0, 0x00, 0x03, 0xE0, 0x00, 0x0F, 0x80, 0x00, 0x00, 0xC3, 0x80, 0x00, 0x61, 0xC0, 0x00,
    0x30, 0xE0, 0x00, 0x18, 0x70, 0x00, 0x0C, 0x38, 0x00, 0x06, 0x1C, 0x00, 0x03, 0x0E, 0x00, 0x01,
    0x87, 0x00, 0x00, 0xC3, 0x80, 0x00, 0x61, 0xC0, 0x00, 0x30, 0xE0, 0x00, 0x18, 0x70, 0x00, 0x0C,
    0x38, 0x00, 0x06, 0x1C, 0x00, 0x03, 0x0E, 0x00, 0x01, 0x87, 0x00, 0x00, 0xC3, 0x80, 0x00, 0x61,
    0xC0, 0x00, 0x30, 0xE0, 0x00, 0x18, 0x70, 0x00, 0x0C, 0x38, 0x00, 0x06, 0x1C, 0x00, 0x03, 0x0E,
    0x00, 0x01, 0x87, 0x00, 0x00, 0xC3, 0x80, 0x00, 0x61, 0xC0, 0x00, 0x30, 0xE0, 0x10, 0x18, 0x70,
    0x3C, 0x0C, 0x38, 0x3F, 0x06, 0x1C, 0x3D, 0xE3, 0x0E, 0x3C, 0x79, 0x87, 0x3C, 0x1E, 0xC3, 0xBC,
    0x07, 0xE1, 0xFC, 0x01, 0xF0, 0xFC, 0x00, 0x78, 0x7C, 0x00, 0x1C, 0x3C, 0x00, 0x06, 0x1C, 0x00,
    0x01, 0x04, 0x00, 0x00, 0x7C, 0x78, 0x00, 0x01, 0xE1, 0xF0, 0x00, 0x0F, 0x83, 0xE0, 0x00, 0x7C,
    0x07, 0xC0, 0x03, 0xE0, 0x0F, 0x80, 0x1F, 0x80, 0x3E, 0x00, 0x7F, 0xFF, 0xFC, 0x03, 0xFF, 0xFF,
    0xF8, 0x1F, 0xFF, 0xFF, 0xF0, 0xF8, 0x00, 0x07, 0xC3, 0xE0, 0x00, 0x0F, 0x9F, 0x00, 0x00, 0x1F,
    0x7C, 0x00, 0x00, 0x7C, 0xF8, 0x00, 0x03, 0xE3, 0xE0, 0x00, 0x1F, 0x07, 0xFF, 0xFF, 0xF8, 0x0F,
    0xFF, 0xFF, 0xE0, 0x1F, 0xFF, 0xFF, 0x00, 0x3E, 0x00, 0xF8, 0x00, 0xF8, 0x07, 0xC0, 0x01, 0xF0,
    0x1F, 0x00, 0x03, 0xE0, 0xF8, 0x00, 0x07, 0xC7, 0xC0, 0x00, 0x00, 0x3E, 0x00, 0x00, 0x3E, 0x00,
    0x00, 0x3C, 0x07, 0xFF, 0xFC, 0x0F, 0xFF, 0xFC, 0x1F, 0xFF, 0xFC, 0x00, 0x00, 0x78, 0x00, 0x00,
    0xF8, 0x00, 0x00, 0xF8, 0x00, 0x00, 0xFB, 0xFF, 0xFF, 0xF7, 0xFF, 0xFF, 0xFF, 0xFF, 0xFF, 0xC0,
    0x00, 0x0F, 0x80, 0x00, 0x3E, 0x00, 0x00, 0xF8, 0xFF, 0xFF, 0xE1, 0xFF, 0xFF, 0x83, 0xFF, 0xFE,
    0x00, 0x00, 0x7C, 0x00, 0x01, 0xF0, 0x00, 0x07, 0xC0, 0x00, 0x00, 0x00, 0x00, 0xC0, 0x01, 0xC0,
    0x03, 0xE0, 0x07, 0xF0, 0x0F, 0xF8, 0x1F, 0xFC, 0x3F, 0xFE, 0x7F, 0xFF, 0x7F, 0xFF, 0x03, 0xC0,
    0x03, 0xC0, 0x03, 0xC0, 0x03, 0xC0, 0x03, 0xC0, 0x7F, 0xFF, 0x7F, 0xFF, 0x7F, 0xFF, 0x03, 0xC0,
    0x03, 0xC0, 0x03, 0xC0, 0x7F, 0xFF, 0x7F, 0xFF, 0x7F, 0xFF, 0x03, 0xC0, 0x03, 0xC0, 0x03, 0xC0,
    0x03, 0xC0, 0x03, 0xC0, 0x03, 0xC0, 0x01, 0xC0, 0x03, 0xC0, 0x03, 0xC0, 0x03, 0xC0, 0x03, 0xC0,
    0x03, 0xC0, 0x03, 0xC0, 0x7F, 0xFF, 0x7F, 0xFF, 0x7F, 0xFF, 0x03, 0xC0, 0x03, 0xC0, 0x03, 0xC0,
    0x7F, 0xFF, 0x7F, 0xFF, 0x7F, 0xFF, 0x03, 0xC0, 0x03, 0xC0, 0x03, 0xC0, 0x03, 0xC0, 0x03, 0xC0,
    0x7F, 0xFF, 0x3F, 0xFE, 0x1F, 0xFC, 0x1F, 0xF8, 0x0F, 0xF8, 0x07, 0xF0, 0x03, 0xE0, 0x01, 0xC0,
    0x00, 0x80, 0x00, 0xF0, 0x3C, 0x00, 0xF0, 0x78, 0x01, 0xF0, 0xF0, 0x01, 0xF1, 0xE0, 0x01, 0xF3,
    0xC0, 0x01, 0xE7, 0xBF, 0xFF, 0xEF, 0x7F, 0xFF, 0xFE, 0xFF, 0xFF, 0xBC, 0x00, 0x1E, 0x78, 0x00,
    0x7C, 0xF0, 0x01, 0xF1, 0xE0, 0x07, 0xC3, 0xC0, 0x0F, 0x07, 0x80, 0x3C, 0x0F, 0x00, 0x00, 0x00,
    0x00, 0x00, 0x70, 0x00, 0x01, 0xE0, 0x00, 0x07, 0xE0, 0x00, 0x1E, 0xE0, 0x00, 0x38, 0xE0, 0x00,
    0xE0, 0xE0, 0x03, 0x80, 0xE0, 0x0E, 0x00, 0xE0, 0x38, 0x00, 0xE0, 0xE0, 0x00, 0xE3, 0xFC, 0x1F,
    0xE7, 0xF8, 0x3F, 0xC0, 0x70, 0x70, 0x00, 0xE0, 0xE0, 0x01, 0xC1, 0xC0, 0x03, 0x83, 0x80, 0x07,
    0x07, 0x00, 0x0E, 0x0E, 0x00, 0x1C, 0x1C, 0x00, 0x38, 0x38, 0x00, 0x70, 0x70, 0x00, 0xE0, 0xE0,
    0x01, 0xC1, 0xC0, 0x03, 0x83, 0x80, 0x07, 0x07, 0x00, 0x0E, 0x0E, 0x00, 0x1C, 0x1C, 0x00, 0x38,
    0x38, 0x00, 0x7F, 0xE0, 0x00, 0x7F, 0xC0, 0x00, 0x00, 0x00, 0x00, 0x00, 0x30, 0x00, 0x00, 0x70,
    0x00, 0x00, 0xF0, 0x00, 0x01, 0xF0, 0x00, 0x03, 0xF0, 0x00, 0x06, 0xF0, 0x7F, 0xFC, 0x70, 0xFF,
    0xF8, 0x71, 0x80, 0x00, 0x73, 0x00, 0x00, 0x76, 0x00, 0x00, 0x7C, 0x00, 0x01, 0xD8, 0x00, 0x07,
    0x3F, 0xFE, 0x1C, 0x7F, 0xFC, 0x70, 0x00, 0x19, 0xC0, 0x00, 0x3F, 0x00, 0x00, 0x7C, 0x00, 0x00,
    0xF0, 0x00, 0x01, 0xC0, 0x00, 0x03, 0x00, 0x00, 0x00, 0x00, 0x00, 0x00, 0x00, 0x00, 0x00, 0x60,
    0x00, 0x01, 0xE0, 0x00, 0x07, 0xE0, 0x00, 0x0E, 0xE0, 0x00, 0x38, 0xE0, 0x00, 0xE0, 0xE0, 0x03,
    0x80, 0xE0, 0x0E, 0x00, 0xE0, 0x38, 0x00, 0xE0, 0xE0, 0x00, 0xE3, 0xFC, 0x1F, 0xE7, 0xF8, 0x3F,
    0xC0, 0x70, 0x70, 0x00, 0xE0, 0xE0, 0x01, 0xC1, 0xC0, 0x03, 0x83, 0x80, 0x07, 0x07, 0x00, 0x0E,
    0x0E, 0x00, 0x1F, 0xFC, 0x00, 0x1F, 0xF0, 0x00, 0x00, 0x00, 0x00, 0x00, 0x00, 0x00, 0x00, 0x00,
    0x03, 0xFF, 0x80, 0x07, 0xFF, 0x00, 0x0E, 0x0E, 0x00, 0x1C, 0x1C, 0x00, 0x38, 0x38, 0x00, 0x7F,
    0xE0, 0x00, 0x7F, 0xC0, 0x00, 0x78, 0x00, 0xF7, 0x80, 0x0F, 0x78, 0x00, 0xF7, 0x80, 0x1E, 0x3C,
    0x01, 0xE3, 0xC0, 0x1E, 0x3C, 0x01, 0xE3, 0xC0, 0x3C, 0x1F, 0xFF, 0xC1, 0xFF, 0xFC, 0x1F, 0xFF,
    0xC1, 0xE0, 0x78, 0x0F, 0x07, 0x80, 0xF0, 0x78, 0x0F, 0x07, 0x80, 0xF0, 0xF0, 0x07, 0x8F, 0x00,
    0x78, 0xF0, 0x07, 0x8F, 0x00, 0x79, 0xE0, 0x03, 0xDE, 0x00, 0x3D, 0xE0, 0x03, 0xDE, 0x00, 0x1F,
    0xC0, 0x01, 0xFC, 0x00, 0x1F, 0xC0, 0x01, 0xF8, 0x00, 0x0F, 0x80, 0x1F, 0xC1, 0xFF, 0x1F, 0xFC,
    0xFB, 0xE7, 0x8F, 0xBC, 0x7D, 0xE3, 0xEF, 0x0E, 0x78, 0x03, 0xC0, 0x1E, 0x00, 0xF0, 0x07, 0x80,
    0x3C, 0x01, 0xE1, 0xCF, 0x1F, 0x78, 0xFB, 0xC7, 0xDF, 0x7C, 0xFF, 0xE3, 0xFE, 0x0F, 0xE0, 0x1F,
    0xC0, 0x03, 0xF0, 0x00, 0x7C, 0x00, 0x1F, 0x00, 0x07, 0xC0, 0x01, 0xF0, 0x00, 0x78, 0x00, 0x3E,
    0x00, 0x0F, 0x07, 0xF7, 0x8F, 0xFF, 0xE7, 0xFF, 0xF7, 0xC1, 0xFB, 0xC0, 0x7F, 0xE0, 0x3F, 0xE0,
    0x1F, 0xF0, 0x07, 0xF8, 0x03, 0xFC, 0x01, 0xFE, 0x00, 0xFF, 0x00, 0x7F, 0x80, 0x7F, 0xE0, 0x3C,
    0xF0, 0x1E, 0x7C, 0x1F, 0x1F, 0xFF, 0x07, 0xFF, 0x01, 0xFE, 0x00, 0xFF, 0xFF, 0xFF, 0xFF, 0xFF,
    0xFF, 0x00, 0x0F, 0x00, 0x0F, 0x00, 0x0F, 0x00, 0x0F, 0x00, 0x0F, 0x00, 0x0F, 0x00, 0x0F, 0x00,
    0x0F, 0x00, 0x0F, 0x7F, 0xFF, 0x7F, 0xFF, 0x7F, 0xFF, 0x00, 0x0F, 0x00, 0x0F, 0x00, 0x0F, 0x00,
    0x0F, 0x00, 0x0F, 0x00, 0x0F, 0x00, 0x0F, 0x00, 0x0F, 0x00, 0x0F, 0x00, 0x0F, 0xFF, 0xFF, 0xFF,
    0xFF, 0xFF, 0xFF, 0x00, 0x07, 0x00, 0x03, 0x80, 0x03, 0xC0, 0x01, 0xC7, 0xFF, 0xFB, 0xFF, 0xFD,
    0xFF, 0xFE, 0x00, 0x3F, 0x00, 0x3F, 0x80, 0x1F, 0xC0, 0x0F, 0xE0, 0x0F, 0xF0, 0x07, 0x78, 0x07,
    0xBC, 0x03, 0xDE, 0x01, 0xCF, 0x3F, 0xFF, 0x9F, 0xFF, 0xCF, 0xFF, 0xE0, 0x78, 0xF0, 0x38, 0x78,
    0x1C, 0x3C, 0x1E, 0x1E, 0x0E, 0x0F, 0x0F, 0x07, 0x87, 0x83, 0xC3, 0x81, 0xE3, 0xC0, 0xF1, 0xC0,
    0x7B, 0xFF, 0xFD, 0xFF, 0xFE, 0xFF, 0xFF, 0x78, 0x00, 0x3C, 0x00, 0x1C, 0x00, 0x1E, 0x00, 0x00,
    0x00, 0x00, 0x0E, 0x00, 0x00, 0x0E, 0x00, 0x3F, 0xEF, 0x00, 0x7F, 0xFF, 0x00, 0x7F, 0xFF, 0x00,
    0xFF, 0x1F, 0xC0, 0x7C, 0x03, 0xF0, 0x7C, 0x03, 0xFC, 0x7C, 0x03, 0xFE, 0x3E, 0x01, 0xCF, 0x9E,
    0x01, 0xC3, 0xDF, 0x01, 0xE1, 0xEF, 0x80, 0xE0, 0xF7, 0x80, 0xE0, 0x7F, 0xC0, 0xF0, 0x3F, 0xF0,
    0x70, 0x1E, 0xF8, 0x70, 0x0F, 0x3C, 0x78, 0x07, 0x9F, 0x38, 0x07, 0xCF, 0xB8, 0x03, 0xC3, 0xFC,
    0x03, 0xE0, 0xFC, 0x03, 0xE0, 0x7F, 0x8F, 0xE0, 0x1F, 0xFF, 0xE0, 0x0F, 0xFF, 0xE0, 0x0E, 0x7F,
    0xC0, 0x0F, 0x00, 0x00, 0x07, 0x00, 0x00, 0x00, 0x00, 0xF8, 0x00, 0x1F, 0x80, 0x01, 0xFC, 0x00,
    0x1F, 0xC0, 0x01, 0xFC, 0x00, 0x3D, 0xE0, 0x03, 0xDE, 0x00, 0x3D, 0xE0, 0x07, 0x9E, 0x00, 0x78,
    0xF0, 0x07, 0x8F, 0x00, 0x78, 0xF0, 0x0F, 0x0F, 0x00, 0xF0, 0x78, 0x0F, 0x07, 0x80, 0xF0, 0x78,
    0x1E, 0x07, 0x81, 0xE0, 0x3C, 0x1E, 0x03, 0xC1, 0xE0, 0x3C, 0x3C, 0x03, 0xE3, 0xC0, 0x1E, 0x3C,
    0x01, 0xE7, 0xC0, 0x1E, 0x7F, 0xFF, 0xF7, 0xFF, 0xFF, 0x7F, 0xFF, 0xF0, 0x7F, 0xFF, 0xF7, 0xFF,
    0xFF, 0x7F, 0xFF, 0xF7, 0xC0, 0x1E, 0x3C, 0x01, 0xE3, 0xC0, 0x1E, 0x3C, 0x03, 0xE3, 0xE0, 0x3C,
    0x1E, 0x03, 0xC1, 0xE0, 0x3C, 0x1E, 0x07, 0xC0, 0xF0, 0x78, 0x0F, 0x07, 0x80, 0xF0, 0x78, 0x0F,
    0x0F, 0x00, 0x78, 0xF0, 0x07, 0x8F, 0x00, 0x78, 0xF0, 0x07, 0x9E, 0x00, 0x3D, 0xE0, 0x03, 0xDE,
    0x00, 0x3D, 0xE0, 0x03, 0xDC, 0x00, 0x1F, 0xC0, 0x01, 0xFC, 0x00, 0x1F, 0xC0, 0x01, 0xF8, 0x00,
    0x0F, 0x80, 0x07, 0xFF, 0xF8, 0x7F, 0xFF, 0xCF, 0xFF, 0xFE, 0x7C, 0x00, 0x07, 0xC0, 0x00, 0x7C,
    0x00, 0x03, 0xC0, 0x00, 0x1E, 0x00, 0x00, 0xF0, 0x00, 0x07, 0xFF, 0xFF, 0xFF, 0xFF, 0xFF, 0xFF,
    0xFF, 0xFF, 0x00, 0x00, 0x78, 0x00, 0x03, 0xC0, 0x00, 0x1F, 0x00, 0x00, 0xF8, 0x00, 0x03, 0xE0,
    0x00, 0x1F, 0x80, 0x00, 0x7F, 0xFF, 0xF0, 0xFF, 0xFF, 0x83, 0xFF, 0xFC, 0x00, 0x03, 0x80, 0x00,
    0x1C, 0x00, 0x00, 0xE0, 0x00, 0x0E, 0x00, 0x00, 0x70, 0x03, 0xFF, 0xFC, 0x7F, 0xFF, 0xE7, 0xFF,
    0xFF, 0x7F, 0x1E, 0x03, 0xE0, 0xE0, 0x3E, 0x07, 0x01, 0xE0, 0x70, 0x0F, 0x03, 0x80, 0x78, 0x1C,
    0x03, 0xFF, 0xFF, 0xFF, 0xFF, 0xFF, 0xFF, 0xFF, 0xFF, 0x87, 0x00, 0x3C, 0x38, 0x01, 0xE3, 0xC0,
    0x0F, 0x9C, 0x00, 0x7C, 0xE0, 0x01, 0xFF, 0x00, 0x0F, 0xF0, 0x00, 0x3F, 0xFF, 0xF8, 0xFF, 0xFF,
    0xC1, 0xFF, 0xFE, 0x0E, 0x00, 0x00, 0xF0, 0x00, 0x07, 0x00, 0x00, 0x38, 0x00, 0x03, 0x80, 0x00,
    0x3F, 0xEF, 0xFF, 0xC0, 0x70, 0x0E, 0x01, 0xFF, 0xFF, 0xFF, 0x00, 0xE0, 0x1E, 0x01, 0xFF, 0x9F,
    0xF0, 0xFF, 0xFF, 0x07, 0xFF, 0xFC, 0x3F, 0xFF, 0xF8, 0x00, 0x07, 0xC0, 0x00, 0x1F, 0x00, 0x00,
    0x7C, 0x00, 0x01, 0xE0, 0x00, 0x0F, 0x00, 0x00, 0x7F, 0xFF, 0xFF, 0xFF, 0xFF, 0xFF, 0xFF, 0xFF,
    0xF0, 0x00, 0x07, 0x80, 0x00, 0x3C, 0x00, 0x01, 0xE0, 0x00, 0x1F, 0x00, 0x00, 0xF8, 0x00, 0x0F,
    0x80, 0x00, 0xF9, 0xFF, 0xFF, 0xCF, 0xFF, 0xF8, 0x7F, 0xFF, 0x80, 0x00, 0x03, 0x80, 0x00, 0x1C,
    0x00, 0x00, 0xE0, 0x00, 0x0E, 0x00, 0x00, 0x70, 0x7F, 0xFF, 0x83, 0xFF, 0xFF, 0x1F, 0xFF, 0xFC,
    0x00, 0x1F, 0xF0, 0x00, 0xEF, 0x80, 0x07, 0x3E, 0x00, 0x70, 0xF0, 0x03, 0x87, 0x80, 0x1C, 0x3F,
    0xFF, 0xFF, 0xFF, 0xFF, 0xFF, 0xFF, 0xFF, 0xF8, 0x07, 0x03, 0xC0, 0x38, 0x1E, 0x01, 0xC0, 0xF0,
    0x1C, 0x0F, 0x80, 0xE0, 0x7C, 0x07, 0x07, 0xC0, 0x70, 0x7C, 0xFF, 0xFF, 0xE7, 0xFF, 0xFC, 0x3F,
    0xFF, 0xC0, 0x0E, 0x00, 0x00, 0xF0, 0x00, 0x07, 0x00, 0x00, 0x38, 0x00, 0x03, 0xC0, 0x00, 0xFF,
    0xFD, 0xFF, 0xFF, 0xFF, 0xFF, 0xFF, 0xFF, 0xFF, 0xFF, 0xFF, 0xFF, 0xFF, 0xFF, 0xFF, 0xFF, 0xFF,
    0xFF, 0xFF, 0xFF, 0xFF, 0xFF, 0xFF, 0xFF, 0xFF, 0xFF, 0xFF, 0xFF, 0xFF, 0xFF, 0xFF, 0xFF, 0xFF,
    0xFF, 0xFF, 0xFF, 0xFF, 0xF0, 0x00, 0x00, 0x07, 0xFF, 0xFF, 0xFF, 0xFF, 0xFF, 0xFF, 0xFF, 0xF1,
    0xE0, 0x3C, 0x0F, 0x01, 0xE0, 0x78, 0x0F, 0x03, 0xC0, 0x78, 0x1E, 0x03, 0xC0, 0xF0, 0x1E, 0x07,
    0x80, 0xF0, 0x3C, 0x07, 0x81, 0xE0, 0x3C, 0x0F, 0x01, 0xE0, 0x78, 0x0F, 0x03, 0xC0, 0x78, 0x1E,
    0x03, 0xC0, 0xF0, 0x1E, 0x07, 0x80, 0xF0, 0x3C, 0x07, 0x81, 0xE0, 0x3C, 0x0F, 0x01, 0xE0, 0x78,
    0x0F, 0x03, 0xC0, 0x78, 0x1E, 0x03, 0xC0, 0xF0, 0x1E, 0x07, 0x80, 0xF0, 0x3C, 0x07, 0x81, 0xE0,
    0x3C, 0x0F, 0x01, 0xE0, 0x78, 0x0F, 0x03, 0xC0, 0x78, 0x1E, 0x03, 0xC0, 0xF0, 0x1E, 0x07, 0x80,
    0xF0, 0x3C, 0x07, 0x80, 0x1E, 0x03, 0xC0, 0xF0, 0x1E, 0x07, 0x80, 0xF0, 0x3C, 0x07, 0x81, 0xE0,
    0x3C, 0x0F, 0x01, 0xE0, 0x78, 0x0F, 0x03, 0xC0, 0x78, 0x1E, 0x03, 0xC0, 0xF0, 0x1E, 0x07, 0x80,
    0xF0, 0x3C, 0x07, 0x81, 0xE0, 0x3C, 0x0F, 0x01, 0xE0, 0x78, 0x0F, 0x03, 0xC0, 0x78, 0x1E, 0x03,
    0xC0, 0xF0, 0x1E, 0x07, 0x80, 0xF0, 0x3C, 0x07, 0x81, 0xE0, 0x3C, 0x0F, 0x01, 0xE0, 0x78, 0x0F,
    0x03, 0xC0, 0x78, 0x1E, 0x03, 0xC0, 0xF0, 0x1E, 0x07, 0x80, 0xF0, 0x3C, 0x07, 0x81, 0xE0, 0x3C,
    0x0F, 0x01, 0xE0, 0x78, 0x0F, 0x0F, 0xFF, 0xFE, 0xFF, 0xFF, 0xFF, 0xFF, 0xFF, 0xFF, 0xFF, 0xFE,
    0xFF, 0xFF, 0xFF, 0xFF, 0xFF, 0xFF, 0xFF, 0xFF, 0xFF, 0xE7, 0xC0, 0x00, 0xF8, 0x00, 0x0F, 0x80,
    0x00, 0xF8, 0x00, 0x0F, 0x80, 0x01, 0xF0, 0x00, 0x1F, 0x00, 0x01, 0xF0, 0x00, 0x3E, 0x00, 0x03,
    0xE0, 0x00, 0x3E, 0x00, 0x03, 0xE0, 0x00, 0x7C, 0x00, 0x07, 0xC0, 0x00, 0xF8, 0x00, 0x3E, 0x00,
    0x0F, 0x80, 0x03, 0xE0, 0x00, 0x7C, 0x00, 0x1F, 0x00, 0x07, 0xC0, 0x01, 0xF0, 0x00, 0x3E, 0x00,
    0x0F, 0x80, 0x03, 0xE0, 0x00, 0xF8, 0x00, 0x1F, 0x00, 0x07, 0xFF, 0xFE, 0xFF, 0xFF, 0xFF, 0xFF,
    0xFF, 0xFF, 0xFF, 0x80, 0x00, 0x07, 0xFF, 0xFF, 0xFF, 0xFF, 0xF0, 0xFF, 0xFF, 0xFF, 0xFF, 0xFF,
    0xFF, 0xFF, 0x00, 0xF0, 0x00, 0x1E, 0x00, 0x03, 0xC0, 0x00, 0x78, 0x00, 0x0F, 0x00, 0x01, 0xE0,
    0x00, 0x3C, 0x00, 0x07, 0x80, 0x7F, 0xFF, 0xFF, 0xFF, 0xFF, 0xFF, 0xFF, 0xC0, 0x78, 0x00, 0x0F,
    0x00, 0x01, 0xE0, 0x00, 0x3C, 0x00, 0x07, 0x80, 0x00, 0xF0, 0x00, 0x1E, 0x00, 0x03, 0xC0, 0x00,
    0x00, 0x00, 0x1E, 0x00, 0x00, 0x78, 0x00, 0x01, 0xE0, 0x00, 0x07, 0xC0, 0x00, 0x0F, 0x00, 0x00,
    0x3C, 0x00, 0x00, 0xF0, 0x00, 0x01, 0xE0, 0x00, 0x07, 0x80, 0x00, 0x1E, 0x00, 0x00, 0x7C, 0x00,
    0x00, 0xF0, 0x00, 0x03, 0xC0, 0x00, 0x0F, 0x00, 0x00, 0x1E, 0x00, 0x00, 0x78, 0x00, 0x01, 0xE0,
    0x00, 0x03, 0xC0, 0x00, 0x0F, 0x00, 0x00, 0x3C, 0x00, 0x00, 0xF0, 0x00, 0x01, 0xE0, 0x00, 0x07,
    0x80, 0x00, 0x1E, 0x00, 0x00, 0x3C, 0x00, 0x00, 0xF0, 0x00, 0x03, 0xC0, 0x00, 0x00, 0x1F, 0x1F,
    0xE7, 0x1D, 0x83, 0xE0, 0xD8, 0x37, 0x1D, 0xFE, 0x1F, 0x00, 0x7D, 0xFB, 0xFF, 0xFF, 0xEF, 0x80,
    0x00, 0x00, 0x38, 0x00, 0x01, 0xE0, 0x00, 0x07, 0x80, 0x00, 0x1E, 0x00, 0x00, 0x70, 0x00, 0x03,
    0xC0, 0x00, 0x0F, 0x3F, 0x80, 0x3C, 0xFF, 0x01, 0xE3, 0xFC, 0x07, 0x80, 0xF0, 0x1E, 0x03, 0xC0,
    0x70, 0x07, 0x83, 0xC0, 0x1E, 0x0F, 0x00, 0x78, 0x3C, 0x01, 0xE1, 0xE0, 0x03, 0xC7, 0x80, 0x0F,
    0x1E, 0x00, 0x3C, 0x70, 0x00, 0x73, 0xC0, 0x01, 0xEF, 0x00, 0x07, 0xB8, 0x00, 0x1F, 0xE0, 0x00,
    0x3F, 0x80, 0x00, 0xFE, 0x00, 0x03, 0xF0, 0x00, 0x0F, 0xC0, 0x00, 0x1F, 0x00, 0x3F, 0x87, 0xE3,
    0xFE, 0x7F, 0x9F, 0xFF, 0xFD, 0xE3, 0xF0, 0xFE, 0x0F, 0x07, 0xF0, 0x78, 0x3F, 0x81, 0xC1, 0xFC,
    0x0F, 0x0F, 0xE0, 0x78, 0x7F, 0x87, 0xC3, 0xDF, 0xFF, 0xFC, 0xFF, 0x3F, 0xE3, 0xF0, 0xFC, 0x00,
    0xF7, 0xBD, 0xEF, 0x7B, 0xDE, 0xF7, 0xBD, 0xEF, 0x7B, 0xDE, 0xF7, 0xBD, 0xEF, 0x7B, 0xDE, 0xF7,
    0xBD, 0xE0, 0x07, 0x80, 0x0F, 0x00, 0x1E, 0x00, 0x3C, 0x00, 0x78, 0x00, 0xF3, 0x81, 0xEF, 0x03,
    0xDC, 0x07, 0xF8, 0x0F, 0xE0, 0x1F, 0x80, 0x3F, 0x00, 0x7C, 0x00, 0xF8, 0x01, 0xE0, 0x03, 0xC0,
    0x0F, 0x80, 0x3F, 0x00, 0x7E, 0x01, 0xFC, 0x03, 0xF8, 0x0E, 0xF0, 0x1D, 0xE0, 0x03, 0xC0, 0x07,
    0x80, 0x0F, 0x00, 0x1E, 0x00, 0x3C, 0x00, 0x78, 0xF7, 0x8F, 0x78, 0xF7, 0x8F, 0x78, 0xF7, 0x8F,
    0x78, 0xF7, 0x8F, 0x78, 0xF7, 0x8F, 0x78, 0xF7, 0x8F, 0x78, 0xF7, 0x8F, 0x78, 0xF7, 0x8F, 0x78,
    0xF7, 0x8F, 0x78, 0xF7, 0x8F, 0x78, 0xF7, 0x8F, 0x78, 0xF7, 0x8F, 0x78, 0xF7, 0x8F, 0x78, 0xF7,
    0x8F, 0x01, 0xF0, 0x00, 0x7F, 0x00, 0x0F, 0xE0, 0x03, 0xFC, 0x00, 0x7F, 0xC0, 0x0F, 0x78, 0x03,
    0xEF, 0x00, 0x79, 0xF0, 0x0F, 0x1E, 0x03, 0xC3, 0xC0, 0x78, 0x3C, 0x0F, 0x07, 0x83, 0xC0, 0xF8,
    0x78, 0x0F, 0x0F, 0x01, 0xE3, 0xC0, 0x3E, 0x78, 0x03, 0xDF, 0x00, 0x7B, 0xC0, 0x0F, 0x80, 0xF0,
    0x01, 0xFF, 0x00, 0x79, 0xE0, 0x0F, 0x3C, 0x03, 0xE3, 0xC0, 0x78, 0x78, 0x0F, 0x0F, 0x83, 0xE0,
    0xF0, 0x78, 0x1E, 0x0F, 0x03, 0xE3, 0xC0, 0x3C, 0x78, 0x07, 0x8F, 0x00, 0xFB, 0xC0, 0x0F, 0x78,
    0x01, 0xEF, 0x00, 0x3F, 0xC0, 0x03, 0xF8, 0x00, 0x7F, 0x00, 0x07, 0xC0, 0x00, 0x00, 0x00, 0x00,
    0x3F, 0xF8, 0x07, 0xFF, 0xF0, 0x7F, 0xFF, 0xC7, 0xF0, 0x7E, 0x3E, 0x00, 0xF9, 0xE0, 0x03, 0xDF,
    0x00, 0x1E, 0xF0, 0x00, 0xF7, 0x80, 0x07, 0xFC, 0x00, 0x3F, 0xE0, 0x01, 0xFF, 0x00, 0x0F, 0xF8,
    0x00, 0x7F, 0xC0, 0x03, 0xFE, 0x00, 0x1F, 0xF0, 0x00, 0xFF, 0x80, 0x07, 0xFC, 0x00, 0x3F, 0xE0,
    0x01, 0xFF, 0x00, 0x0F, 0xF8, 0x00, 0x7F, 0xC0, 0x03, 0xFE, 0x00, 0x1F, 0xF0, 0x00, 0xFF, 0x80,
    0x07, 0xFC, 0x00, 0x3F, 0xE0, 0x01, 0xFF, 0x00, 0x07, 0x00, 0xF0, 0x00, 0xF7, 0x80, 0x07, 0xFC,
    0x00, 0x3F, 0xE0, 0x01, 0xFF, 0x00, 0x0F, 0xF8, 0x00, 0x7F, 0xC0, 0x03, 0xFE, 0x00, 0x1F, 0xF0,
    0x00, 0xFF, 0x80, 0x07, 0xFC, 0x00, 0x3F, 0xE0, 0x01, 0xFF, 0x00, 0x0F, 0xF8, 0x00, 0x7F, 0xC0,
    0x03, 0xFE, 0x00, 0x1F, 0xF0, 0x00, 0xFF, 0x80, 0x07, 0xFC, 0x00, 0x3F, 0xE0, 0x01, 0xFF, 0x00,
    0x0F, 0x7C, 0x00, 0x79, 0xE0, 0x03, 0xCF, 0x80, 0x3E, 0x7F, 0x0F, 0xE1, 0xFF, 0xFF, 0x07, 0xFF,
    0xF0, 0x0F, 0xFE, 0x00, 0x00, 0x1F, 0xF8, 0x03, 0xFF, 0xC0, 0x1F, 0xFE, 0x01, 0xF8, 0x00, 0x0F,
    0x00, 0x00, 0x78, 0x00, 0x03, 0xC0, 0x00, 0x1E, 0x00, 0x00, 0xF0, 0x00, 0x07, 0x80, 0x00, 0x3C,
    0x00, 0x01, 0xE0, 0x00, 0x0F, 0x00, 0x00, 0x78, 0x00, 0x03, 0xC0, 0x00, 0x1E, 0x00, 0x00, 0xF0,
    0x00, 0x07, 0x80, 0x00, 0x3C, 0x00, 0x01, 0xE0, 0x00, 0x0F, 0x00, 0x00, 0x78, 0x00, 0x03, 0xC0,
    0x00, 0x1E, 0x00, 0x00, 0xF0, 0x00, 0x07, 0x80, 0x00, 0x3C, 0x00, 0x01, 0xE0, 0x00, 0x0F, 0x00,
    0x00, 0x78, 0x00, 0x07, 0xC0, 0x1F, 0xFC, 0x00, 0xFF, 0xC0, 0x07, 0xFE, 0x00, 0x3F, 0xC0, 0x00,
    0x00, 0xF8, 0x00, 0x07, 0xC0, 0x00, 0x7E, 0x00, 0x01, 0xF0, 0x00, 0x0F, 0x80, 0x00, 0x00, 0x00,
    0x00, 0x00, 0x00, 0x00, 0x00, 0x00, 0x00, 0x00, 0x00, 0x00, 0x00, 0x00, 0x00, 0x00, 0x00, 0x00,
    0x00, 0x00, 0x00, 0x00, 0x00, 0x00, 0x00, 0x00, 0x00, 0x00, 0x00, 0x00, 0x03, 0xC0, 0x07, 0xBF,
    0x00, 0x7F, 0xF8, 0x03, 0xFF, 0xC0, 0x1F, 0xBC, 0x00, 0x78, 0x78, 0x00, 0xF7, 0xE0, 0x0F, 0xFF,
    0x00, 0x7F, 0xF8, 0x03, 0xF7, 0x80, 0x0F, 0x00, 0x00, 0x00, 0x00, 0x00, 0x00, 0x00, 0x00, 0x00,
    0x00, 0x00, 0x00, 0x00, 0x00, 0x00, 0x00, 0x00, 0x00, 0x00, 0x00, 0x00, 0x00, 0x00, 0x00, 0x00,
    0x00, 0x00, 0x00, 0x00, 0x00, 0x00, 0x00, 0x07, 0x80, 0x00, 0x3E, 0x00, 0x03, 0xF0, 0x00, 0x0F,
    0x80, 0x00, 0x7C, 0x00, 0x7D, 0xFF, 0xFF, 0xFF, 0xEF, 0x80, 0x00, 0x00, 0x00, 0x00, 0x00, 0x00,
    0x00, 0x3E, 0xFF, 0xFF, 0xFF, 0xF7, 0xC0, 0x7C, 0x07, 0xDF, 0x81, 0xFF, 0xF8, 0x3F, 0xFF, 0x07,
    0xFF, 0xC0, 0xFE, 0xF8, 0x0F, 0x80, 0x00, 0x00, 0x00, 0x00, 0x00, 0x00, 0x00, 0x00, 0x00, 0x00,
    0x00, 0x00, 0x00, 0x00, 0x00, 0x00, 0x00, 0x00, 0x1F, 0x01, 0xF7, 0xE0, 0x7F, 0xFE, 0x0F, 0xFF,
    0xC1, 0xFF, 0xF0, 0x3F, 0xBE, 0x03, 0xE0, 0x0F, 0x80, 0xFE, 0x07, 0xF0, 0x3F, 0x81, 0xFC, 0x07,
    0xC0, 0x00, 0x00, 0x00, 0x00, 0x07, 0xFF, 0xFF, 0xFF, 0xFF, 0xF0, 0x00, 0x00, 0x7C, 0x00, 0x00,
    0xFC, 0x00, 0x03, 0xF8, 0x00, 0x07, 0xF0, 0x00, 0x07, 0xE0, 0x00, 0x0F, 0x80, 0x00, 0x00, 0x7F,
    0xFE, 0x00, 0xFF, 0xFC, 0x01, 0xFF, 0xF8, 0x00, 0x00, 0x00, 0x00, 0x00, 0x03, 0xE0, 0x00, 0x07,
    0xE0, 0x00, 0x1F, 0xC0, 0x00, 0x3F, 0x80, 0x00, 0x3F, 0x00, 0x00, 0x7C, 0x1F, 0x01, 0xC7, 0xF8,
    0x3D, 0xFF, 0x07, 0xBD, 0xF1, 0xEF, 0x1F, 0x3D, 0xE1, 0xFF, 0xBC, 0x1F, 0xE7, 0x81, 0xF8, 0x1F,
    0x81, 0xC3, 0xFE, 0x0F, 0x1F, 0xF8, 0x7D, 0xF7, 0xC1, 0xEF, 0x0F, 0x07, 0xF8, 0x78, 0x3F, 0xC3,
    0xC1, 0xFE, 0x0F, 0x0F, 0xF8, 0x7C, 0xF3, 0xE1, 0xFF, 0x9F, 0x07, 0xF8, 0x78, 0x1F, 0x80, 0x1F,
    0x81, 0xCF, 0xF8, 0x3D, 0xFF, 0x87, 0xFC, 0xF1, 0xEF, 0x0F, 0xBD, 0xE1, 0xFF, 0xBC, 0x1F, 0xE7,
    0x81, 0xF8, 0x00, 0x00, 0x00, 0x00, 0x00, 0x00, 0x00, 0x00, 0x00, 0x0F, 0xFF, 0xFF, 0xFF, 0xFF,
    0xFF, 0xFF, 0xF8, 0x1F, 0x01, 0xC7, 0xF8, 0x3D, 0xFF, 0x07, 0xBD, 0xF1, 0xEF, 0x1F, 0x3D, 0xE1,
    0xFF, 0xBC, 0x1F, 0xE7, 0x81, 0xF8, 0x00, 0x00, 0x00, 0x00, 0x00, 0x00, 0x00, 0x00, 0x00, 0x0F,
    0xFF, 0xFF, 0xFF, 0xFF, 0xFF, 0xFF, 0xF8, 0x00, 0x00, 0x00, 0x00, 0x00, 0x00, 0x00, 0x00, 0x00,
    0x00, 0x00, 0x0F, 0xFF, 0xFF, 0xFF, 0xFF, 0xFF, 0xFF, 0xF8, 0x00, 0x07, 0x00, 0x00, 0xE0, 0x00,
    0x1C, 0x00, 0x07, 0x01, 0xF0, 0xFC, 0x7F, 0x9F, 0xDF, 0xFF, 0xFB, 0xDF, 0xFE, 0xF1, 0xFF, 0xDE,
    0x1F, 0xFB, 0xC1, 0xFE, 0x78, 0x1F, 0x80, 0x07, 0x00, 0x00, 0xE0, 0x00, 0x1C, 0x00, 0x07, 0x00,
    0xFF, 0xFF, 0xFF, 0xFF, 0xFF, 0xFF, 0xFF, 0x80, 0xE0, 0x00, 0x1C, 0x00, 0x07, 0x00, 0x00, 0xE0,
    0x00, 0x1C, 0x00, 0xFF, 0xFF, 0xFF, 0xFF, 0xFF, 0xFF, 0xFF, 0x87, 0x00, 0x00, 0xE0, 0x00, 0x1C,
    0x00, 0x07, 0x00, 0x00, 0xE0, 0x00, 0x1C, 0x00, 0x07, 0x00, 0x00, 0x1F, 0x01, 0xC7, 0xF8, 0x3D,
    0xFF, 0x07, 0xBD, 0xF1, 0xEF, 0x1F, 0x3D, 0xE1, 0xFF, 0xBC, 0x1F, 0xE7, 0x81, 0xF8, 0x00, 0x00,
    0x00, 0x00, 0x00, 0x7C, 0x07, 0x1F, 0xE0, 0xF7, 0xFC, 0x1E, 0xF7, 0xC7, 0xBC, 0x7C, 0xF7, 0x87,
    0xFE, 0xF0, 0x7F, 0x9E, 0x07, 0xE0, 0x00, 0x03, 0x00, 0x00, 0xE0, 0x00, 0x1C, 0x00, 0x07, 0x80,
    0x00, 0xE0, 0x00, 0x1C, 0x00, 0x07, 0x00, 0x00, 0xE0, 0x00, 0x1C, 0x03, 0xF7, 0x39, 0xFF, 0xE7,
    0xBF, 0xFC, 0xFF, 0x9F, 0x3D, 0xE3, 0xF7, 0xBC, 0x3F, 0xF7, 0x87, 0xFC, 0xF0, 0xFF, 0x00, 0x3C,
    0x00, 0x7F, 0x07, 0x1F, 0xE0, 0xF7, 0xFC, 0x1E, 0xF7, 0xC7, 0xBC, 0xFC, 0xF7, 0xBF, 0xFE, 0xF7,
    0x7F, 0x9E, 0xE7, 0xE0, 0x38, 0x00, 0x07, 0x00, 0x01, 0xE0, 0x00, 0x38, 0x00, 0x07, 0x00, 0x01,
    0xE0, 0x00, 0x3F, 0x81, 0xEF, 0xFC, 0x3D, 0xFF, 0xEF, 0x7C, 0xFF, 0xEF, 0x0F, 0xF9, 0xE0, 0x7E,
    0x00, 0x00, 0x00, 0x00, 0x00, 0x3F, 0x81, 0xEF, 0xFC, 0x3D, 0xFF, 0xEF, 0x7C, 0xFF, 0xEF, 0x0F,
    0xF9, 0xE0, 0x7E, 0x00, 0x00, 0x00, 0x00, 0x00, 0x1F, 0x81, 0xEF, 0xF8, 0x3D, 0xFF, 0xCF, 0x7D,
    0xFF, 0xEF, 0x0F, 0xFD, 0xE0, 0x7E, 0x00, 0xF8, 0x00, 0xF7, 0xC0, 0x07, 0x9E, 0x00, 0x7C, 0xFC,
    0x07, 0xE3, 0xFF, 0xFE, 0x0F, 0xFF, 0xE0, 0x3F, 0xFE, 0x00, 0x00, 0x00, 0x00, 0x00, 0x00, 0x00,
    0x00, 0x03, 0xFF, 0xE0, 0x3F, 0xFF, 0x83, 0xFF, 0xFE, 0x3F, 0x03, 0xF9, 0xE0, 0x03, 0xDF, 0x00,
    0x1E, 0xF0, 0x00, 0xF0, 0x30, 0x00, 0x01, 0xF8, 0x00, 0x03, 0xF0, 0x00, 0x07, 0xE3, 0xFF, 0xFF,
    0xC7, 0xFF, 0xFF, 0x8F, 0xFF, 0xDE, 0x00, 0x00, 0x00, 0x00, 0x00, 0x00, 0x00, 0x00, 0x00, 0x00,
    0x00, 0x00, 0x00, 0x01, 0x80, 0x00, 0x0F, 0xC7, 0xFF, 0xFF, 0x8F, 0xFF, 0xFF, 0x1F, 0xFF, 0xFE,
    0x00, 0x00, 0xFC, 0x00, 0x00, 0xF0, 0x00, 0x00, 0x07, 0xE0, 0x07, 0xF8, 0x03, 0xDE, 0x01, 0xC7,
    0x01, 0xE3, 0x80, 0x71, 0xC0, 0x3D, 0xE0, 0x1F, 0xE0, 0x07, 0xE0, 0x00, 0x00, 0x00, 0x00, 0x00,
    0x00, 0x00, 0x00, 0x00, 0x00, 0x03, 0xFF, 0xFF, 0xFF, 0xFF, 0xFF, 0xFF, 0x80, 0x00, 0x00, 0x00,
    0x00, 0x00, 0x00, 0x00, 0x00, 0x00, 0x03, 0xFF, 0xFF, 0xFF, 0xFF, 0xFF, 0xFF, 0x80, 0x00, 0x00,
    0x07, 0xFC, 0x03, 0xFE, 0x00, 0x07, 0x80, 0x01, 0xC0, 0x00, 0xE0, 0x00, 0xF0, 0x07, 0xF0, 0x03,
    0xF0, 0x01, 0xC0, 0x00, 0x60, 0x00, 0x00, 0x00, 0x38, 0x00, 0x1E, 0x00, 0x0E, 0x00, 0x00, 0x00,
    0x00, 0x00, 0x7F, 0xFF, 0xFF, 0xFF, 0xFF, 0xFF, 0xF0, 0x00, 0x00, 0x00, 0x00, 0x00, 0x00, 0x00,
    0x00, 0x00, 0x00, 0x7F, 0xFF, 0xFF, 0xFF, 0xFF, 0xFF, 0xF0, 0x00, 0x0E, 0x00, 0x07, 0x00, 0x03,
    0x80, 0x03, 0x80, 0x01, 0xC0, 0x00, 0xE0, 0x00, 0xE0, 0x00, 0x70, 0x00, 0x78, 0x00, 0x38, 0x00,
    0x1C, 0x1F, 0xFF, 0xFF, 0xFF, 0xFF, 0xFF, 0xFC, 0x07, 0x00, 0x03, 0x80, 0x01, 0xC0, 0x01, 0xC0,
    0x00, 0xE0, 0x00, 0xF0, 0x0F, 0xFF, 0xFF, 0xFF, 0xFF, 0xFF, 0xFE, 0x1C, 0x00, 0x0E, 0x00, 0x0F,
    0x00, 0x07, 0x00, 0x03, 0x80, 0x03, 0x80, 0x01, 0xC0, 0x00, 0xE0, 0x00, 0xE0, 0x00, 0xFF, 0xFF,
    0xFF, 0xFF, 0xFF, 0xFF, 0xE0, 0x00, 0x00, 0x00, 0x00, 0x00, 0x00, 0x00, 0x00, 0x00, 0x00, 0xFF,
    0xFF, 0xFF, 0xFF, 0xFF, 0xFF, 0xE0, 0x00, 0x00, 0x00, 0x00, 0x00, 0x00, 0x00, 0x00, 0x00, 0x00,
    0xFF, 0xFF, 0xFF, 0xFF, 0xFF, 0xFF, 0xE0, 0x00, 0x0E, 0x00, 0x0E, 0x00, 0x07, 0x00, 0x03, 0x80,
    0x03, 0xC0, 0x01, 0xC3, 0xFF, 0xFF, 0xFF, 0xFF, 0xFF, 0xFF, 0x80, 0x38, 0x00, 0x3C, 0x00, 0x1C,
    0x00, 0x0E, 0x00, 0x0F, 0x03, 0xFF, 0xFF, 0xFF, 0xFF, 0xFF, 0xFF, 0x81, 0xC0, 0x00, 0xE0, 0x00,
    0xF0, 0x00, 0x70, 0x00, 0x38, 0x03, 0xFF, 0xFF, 0xFF, 0xFF, 0xFF, 0xFF, 0x8F, 0x00, 0x07, 0x00,
    0x03, 0x80, 0x03, 0xC0, 0x01, 0xC0, 0x00, 0xFF, 0xFF, 0xFF, 0xFF, 0xDF, 0xFF, 0xC0, 0x00, 0x00,
    0x00, 0x03, 0xFF, 0xFB, 0xFF, 0xFF, 0xFF, 0xFF, 0x00, 0x00, 0x00, 0x00, 0x00, 0x00, 0x1F, 0xFF,
    0xFF, 0xFF, 0xFB, 0xFF, 0xF8, 0x00, 0x00, 0x00, 0x00, 0x7F, 0xFF, 0x7F, 0xFF, 0xFF, 0xFF, 0xE0,
    0x00, 0x00, 0x00, 0x01, 0xC0, 0x03, 0xE0, 0x07, 0xF0, 0x0F, 0xF0, 0x1F, 0xE0, 0x3F, 0xC0, 0x7F,
    0x80, 0xFF, 0x00, 0x7E, 0x00, 0x3C, 0x00, 0x1F, 0x00, 0x0F, 0xF0, 0x03, 0xFE, 0x00, 0x7F, 0xC0,
    0x0F, 0xF8, 0x01, 0xFF, 0x00, 0x3F, 0xC0, 0x07, 0xE0, 0x00, 0xF0, 0x00, 0x18, 0x00, 0x00, 0x00,
    0x00, 0x00, 0x00, 0x00, 0x00, 0x7F, 0xFF, 0xFF, 0xFF, 0xFF, 0xFF, 0xF0, 0x80, 0x00, 0x70, 0x00,
    0x3E, 0x00, 0x1F, 0xC0, 0x0F, 0xF8, 0x01, 0xFF, 0x00, 0x3F, 0xE0, 0x07, 0xFC, 0x00, 0xFF, 0x80,
    0x1F, 0xC0, 0x01, 0xE0, 0x01, 0xF0, 0x03, 0xF8, 0x07, 0xF8, 0x1F, 0xF0, 0x3F, 0xE0, 0x7F, 0xC0,
    0x7F, 0x80, 0x3F, 0x00, 0x1E, 0x00, 0x0C, 0x00, 0x00, 0x00, 0x00, 0x00, 0x00, 0x00, 0x00, 0x00,
    0x00, 0x7F, 0xFF, 0xFF, 0xFF, 0xFF, 0xFF, 0xF0, 0x00, 0x08, 0x02, 0x00, 0x70, 0x0C, 0x01, 0xE0,
    0x78, 0x0F, 0xC1, 0xF0, 0x3F, 0x0F, 0xC1, 0xF8, 0x3F, 0x07, 0xE1, 0xF8, 0x3F, 0x87, 0xE0, 0xFC,
    0x3F, 0x01, 0xF0, 0x7C, 0x03, 0x80, 0xF0, 0x07, 0xC1, 0xF0, 0x0F, 0xC1, 0xF8, 0x07, 0xE1, 0xF8,
    0x07, 0xE1, 0xF8, 0x03, 0xF0, 0xFC, 0x03, 0xF0, 0xFC, 0x01, 0xF0, 0x7C, 0x01, 0xE0, 0x78, 0x01,
    0xC0, 0x30, 0x00, 0x80, 0x20, 0x80, 0x20, 0x01, 0x80, 0x70, 0x03, 0xC0, 0xF0, 0x07, 0xC1, 0xF0,
    0x07, 0xE1, 0xF8, 0x07, 0xE1, 0xF8, 0x03, 0xF0, 0xFC, 0x03, 0xF0, 0xFC, 0x03, 0xF8, 0x7E, 0x01,
    0xF0, 0x7C, 0x01, 0xE0, 0x78, 0x07, 0xC1, 0xF0, 0x3F, 0x0F, 0xC0, 0xFC, 0x3F, 0x07, 0xE0, 0xFC,
    0x1F, 0x87, 0xE0, 0x7C, 0x1F, 0x81, 0xF0, 0x7C, 0x03, 0xC0, 0xF0, 0x06, 0x01, 0x80, 0x08, 0x02,
    0x00, 0x00, 0xF0, 0xEF, 0xFE, 0x3F, 0x81, 0xF8, 0x3B, 0x87, 0x1C, 0x70, 0xEE, 0x0E, 0xE0, 0xEE,
    0x06, 0xC0, 0x6C, 0x07, 0xC0, 0x7C, 0x07, 0xC0, 0x6E, 0x06, 0xE0, 0xEE, 0x0E, 0x70, 0xE7, 0x1C,
    0x3B, 0xC1, 0xF8, 0x3F, 0x8F, 0xFE, 0xF1, 0xE0, 0x00, 0x00, 0x07, 0x80, 0x00, 0x38, 0x00, 0x01,
    0xC0, 0x00, 0x1E, 0x00, 0x00, 0xE0, 0x7C, 0x07, 0x7B, 0xE0, 0x7B, 0xCF, 0x03, 0xBE, 0x7E, 0x1F,
    0xF1, 0xFF, 0xFF, 0x07, 0xFF, 0xF0, 0x1F, 0xFF, 0x00, 0x07, 0x80, 0x00, 0x38, 0x00, 0x03, 0xC0,
    0x01, 0xFF, 0xF0, 0x1F, 0xFF, 0xC1, 0xFF, 0xFF, 0x1F, 0xF1, 0xFC, 0xF7, 0x81, 0xEF, 0xB8, 0x0F,
    0x79, 0xC0, 0x78, 0x1E, 0x00, 0x00, 0xE0, 0x00, 0x07, 0x00, 0x00, 0x78, 0x00, 0x00, 0x00, 0x0E,
    0x00, 0x0F, 0x00, 0x07, 0x00, 0x03, 0x80, 0x03, 0x80, 0x01, 0xC0, 0x00, 0xEE, 0x00, 0xFF, 0x00,
    0x7F, 0x80, 0x7F, 0x80, 0xFF, 0x01, 0xFE, 0x03, 0xFE, 0x07, 0xFE, 0x03, 0xF7, 0x01, 0xE3, 0x80,
    0xFB, 0x80, 0x7F, 0xC0, 0x1F, 0xE0, 0x03, 0xFC, 0x00, 0x7F, 0x80, 0x7F, 0xF0, 0x39, 0xFE, 0x1C,
    0x3F, 0x1E, 0x07, 0x8E, 0x00, 0xC7, 0x00, 0x07, 0x80, 0x03, 0x80, 0x01, 0xC0, 0x01, 0xE0, 0x00,
    0x00, 0x0E, 0x00, 0x0F, 0x00, 0x07, 0x00, 0x03, 0x80, 0x03, 0x80, 0x01, 0xC3, 0x80, 0xE1, 0xF0,
    0xE0, 0xFE, 0x70, 0x7F, 0xF8, 0x0F, 0xF8, 0x01, 0xFF, 0x00, 0x3F, 0xE0, 0x0F, 0xF8, 0x07, 0xFE,
    0x03, 0x9F, 0x03, 0x8F, 0x81, 0xDF, 0xC0, 0xFF, 0xC0, 0xFF, 0x80, 0xFF, 0x01, 0xFE, 0x03, 0xFC,
    0x01, 0xFC, 0x00, 0xFE, 0x00, 0x6E, 0x00, 0x07, 0x00, 0x07, 0x80, 0x03, 0x80, 0x01, 0xC0, 0x01,
    0xE0, 0x00, 0x00, 0x06, 0x00, 0x07, 0x00, 0x03, 0x80, 0x03, 0xF0, 0x01, 0xF8, 0x01, 0xFC, 0x03,
    0xFE, 0x07, 0xFC, 0x07, 0xF8, 0x0F, 0xFC, 0x1F, 0xFC, 0x1F, 0xCE, 0x0F, 0x0F, 0x07, 0xC7, 0x03,
    0xFB, 0x80, 0xFF, 0xC0, 0x1F, 0xE0, 0x03, 0xFC, 0x00, 0xFF, 0x80, 0x7F, 0xF0, 0x39, 0xF8, 0x3C,
    0x3C, 0x1C, 0x06, 0x0E, 0x00, 0x0F, 0x00, 0x07, 0x00, 0x03, 0x80, 0x1F, 0xFF, 0xFF, 0xFF, 0xFF,
    0xFF, 0xFC, 0xF0, 0x00, 0x70, 0x00, 0x38, 0x00, 0x3C, 0x00, 0x00, 0x00, 0x06, 0x00, 0x07, 0x00,
    0x03, 0x98, 0x03, 0xCF, 0x01, 0xC7, 0xE0, 0xE3, 0xFC, 0x70, 0x7F, 0xF0, 0x0F, 0xF8, 0x01, 0xFE,
    0x00, 0x3F, 0xC0, 0x0F, 0xF0, 0x0F, 0xF8, 0x07, 0x7C, 0x03, 0xFE, 0x03, 0xFE, 0x03, 0xFC, 0x07,
    0xF8, 0x0F, 0xF0, 0x1F, 0xF0, 0x0F, 0xF8, 0x07, 0xBC, 0x03, 0x1C, 0x00, 0x0E, 0x00, 0x0F, 0x00,
    0x07, 0x00, 0x03, 0x80, 0x1F, 0xFF, 0xFF, 0xFF, 0xFF, 0xFF, 0xFC, 0xF0, 0x00, 0x70, 0x00, 0x38,
    0x00, 0x3C, 0x00, 0x00, 0x00, 0x00, 0xC0, 0x00, 0x78, 0x00, 0x3F, 0x00, 0x1F, 0xE0, 0x0F, 0xF8,
    0x07, 0xFC, 0x03, 0xFE, 0x01, 0xFE, 0x00, 0x7F, 0x00, 0x0F, 0x80, 0x01, 0xE0, 0x00, 0x3F, 0x00,
    0x07, 0xF8, 0x00, 0x3F, 0xC0, 0x01, 0xFE, 0x00, 0x0F, 0xF0, 0x00, 0x7F, 0x80, 0x03, 0xF8, 0x00,
    0x1F, 0x00, 0x00, 0xE0, 0x00, 0x04, 0x00, 0x00, 0x07, 0xC0, 0x7B, 0xFE, 0x0F, 0x7F, 0xFB, 0xDF,
    0x7F, 0xFB, 0xC3, 0xFE, 0x78, 0x1F, 0x80, 0x80, 0x00, 0x70, 0x00, 0x3E, 0x00, 0x1F, 0xC0, 0x07,
    0xF8, 0x00, 0xFF, 0x00, 0x1F, 0xE0, 0x03, 0xFC, 0x00, 0x7F, 0x80, 0x0F, 0xC0, 0x01, 0xE0, 0x03,
    0xF0, 0x07, 0xF8, 0x0F, 0xF0, 0x1F, 0xE0, 0x3F, 0xC0, 0x7F, 0x80, 0x7F, 0x00, 0x3E, 0x00, 0x1C,
    0x00, 0x08, 0x00, 0x00, 0x00, 0x00, 0xFC, 0x1E, 0xFF, 0x0F, 0xFF, 0xE7, 0xF9, 0xFF, 0xFC, 0x7F,
    0xDE, 0x0F, 0xC0, 0x00, 0x03, 0xC0, 0x00, 0xF0, 0x00, 0x7C, 0x00, 0x3E, 0x00, 0x1F, 0x80, 0x0F,
    0xC0, 0x0F, 0xE0, 0xFF, 0xF0, 0xFF, 0xF0, 0x3F, 0xE0, 0x0F, 0xFC, 0x03, 0xFF, 0xC0, 0x1F, 0xFC,
    0x00, 0x7F, 0x80, 0x03, 0xF0, 0x00, 0x7C, 0x00, 0x0F, 0x80, 0x01, 0xE0, 0x00, 0x7C, 0x00, 0x0F,
    0x00, 0x03, 0xC0, 0xF0, 0x00, 0x3C, 0x00, 0x0F, 0x80, 0x01, 0xE0, 0x00, 0x7E, 0x00, 0x0F, 0xC0,
    0x01, 0xFC, 0x00, 0x3F, 0xFC, 0x03, 0xFF, 0xC0, 0x3F, 0xF0, 0x1F, 0xFC, 0x1F, 0xFF, 0x0F, 0xFE,
    0x07, 0xF0, 0x03, 0xF0, 0x01, 0xF8, 0x00, 0x7C, 0x00, 0x3E, 0x00, 0x0F, 0x00, 0x03, 0xC0, 0x00,
    0xF0, 0x00, 0x00, 0x00, 0x03, 0xC0, 0x00, 0xF0, 0x00, 0x7C, 0x00, 0x1E, 0x00, 0x0F, 0x80, 0x07,
    0xC0, 0x03, 0xF0, 0x07, 0xF8, 0x1F, 0xF8, 0x3F, 0xFC, 0x0F, 0xF8, 0x03, 0xFF, 0x80, 0xFF, 0xF8,
    0x03, 0xFF, 0x00, 0x0F, 0xE0, 0x00, 0xFC, 0x00, 0x1F, 0x80, 0x03, 0xE0, 0x00, 0x7C, 0x00, 0x0F,
    0x00, 0x03, 0xC0, 0x00, 0xF0, 0x00, 0x00, 0x00, 0x00, 0x00, 0x00, 0x3F, 0xFF, 0xFF, 0xFF, 0xFF,
    0xFF, 0xFF, 0x07, 0xFF, 0xF8, 0xFF, 0xFF, 0xCF, 0xFF, 0xFE, 0xFE, 0x00, 0x07, 0xC0, 0x00, 0x7C,
    0x00, 0x03, 0xC0, 0x00, 0x1E, 0x00, 0x00, 0xF0, 0x00, 0x07, 0x80, 0x00, 0x3C, 0x00, 0x01, 0xE0,
    0x00, 0x0F, 0x80, 0x00, 0x3E, 0x00, 0x01, 0xFC, 0x00, 0x07, 0xFF, 0xFF, 0x1F, 0xFF, 0xF8, 0x3F,
    0xFF, 0xC0, 0xFF, 0xFF, 0x07, 0xFF, 0xFE, 0x3F, 0xFF, 0xF8, 0x00, 0x0F, 0xE0, 0x00, 0x1F, 0x00,
    0x00, 0x78, 0x00, 0x03, 0xE0, 0x00, 0x0F, 0x00, 0x00, 0x78, 0x00, 0x03, 0xC0, 0x00, 0x1E, 0x00,
    0x01, 0xF0, 0x00, 0x0F, 0x00, 0x00, 0xF8, 0x00, 0x1F, 0xDF, 0xFF, 0xFC, 0xFF, 0xFF, 0xC7, 0xFF,
    0xF8, 0x00, 0x00, 0x03, 0x80, 0x00, 0x1C, 0x00, 0x00, 0xE0, 0x00, 0x0E, 0x00, 0x00, 0x70, 0x00,
    0x03, 0x80, 0x00, 0x3C, 0x00, 0xFF, 0xFF, 0x1F, 0xFF, 0xF9, 0xFF, 0xFF, 0xDF, 0xC7, 0x00, 0xF8,
    0x78, 0x0F, 0x83, 0x80, 0x78, 0x1C, 0x03, 0xC1, 0xC0, 0x1E, 0x0E, 0x00, 0xF0, 0x70, 0x07, 0x87,
    0x00, 0x3C, 0x38, 0x01, 0xF1, 0xC0, 0x07, 0xDC, 0x00, 0x3F, 0xE0, 0x00, 0xFF, 0xFF, 0xE3, 0xFF,
    0xFF, 0x07, 0xFF, 0xF8, 0x3C, 0x00, 0x01, 0xC0, 0x00, 0x0E, 0x00, 0x00, 0xF0, 0x00, 0x07, 0x00,
    0x00, 0x38, 0x00, 0x03, 0x80, 0x00, 0x00, 0x03, 0x80, 0x00, 0x1C, 0x00, 0x00, 0xE0, 0x00, 0x0E,
    0x00, 0x00, 0x70, 0x00, 0x03, 0x80, 0x00, 0x38, 0x1F, 0xFF, 0xE0, 0xFF, 0xFF, 0xC7, 0xFF, 0xFF,
    0x00, 0x07, 0xFC, 0x00, 0x7B, 0xE0, 0x03, 0x8F, 0x00, 0x1C, 0x7C, 0x01, 0xE1, 0xE0, 0x0E, 0x0F,
    0x00, 0x70, 0x78, 0x07, 0x03, 0xC0, 0x38, 0x3E, 0x01, 0xC1, 0xE0, 0x1C, 0x1F, 0x00, 0xE3, 0xFB,
    0xFF, 0xFF, 0x9F, 0xFF, 0xF8, 0xFF, 0xFF, 0x00, 0x3C, 0x00, 0x01, 0xC0, 0x00, 0x0E, 0x00, 0x00,
    0xF0, 0x00, 0x07, 0x00, 0x00, 0x38, 0x00, 0x03, 0x80, 0x00, 0x07, 0xFF, 0xF8, 0xFF, 0xFF, 0xCF,
    0xFF, 0xFE, 0xFF, 0x00, 0x07, 0xC0, 0x00, 0x7C, 0x00, 0x03, 0xC0, 0x00, 0x1E, 0x00, 0x00, 0xF0,
    0x00, 0x07, 0x80, 0x00, 0x3C, 0x00, 0x01, 0xE0, 0x00, 0x0F, 0x80, 0x00, 0x3E, 0x00, 0x01, 0xFC,
    0x00, 0x07, 0xFF, 0xFF, 0x1F, 0xFF, 0xF8, 0x3F, 0xFF, 0xC0, 0x00, 0x00, 0x00, 0x00, 0x00, 0x00,
    0x00, 0x00, 0x00, 0x00, 0x00, 0x00, 0x0F, 0xFF, 0xFF, 0x7F, 0xFF, 0xFB, 0xFF, 0xFF, 0xC0, 0xFF,
    0xFF, 0x07, 0xFF, 0xFE, 0x3F, 0xFF, 0xF8, 0x00, 0x1F, 0xC0, 0x00, 0x1F, 0x00, 0x00, 0x78, 0x00,
    0x03, 0xE0, 0x00, 0x0F, 0x00, 0x00, 0x78, 0x00, 0x03, 0xC0, 0x00, 0x1E, 0x00, 0x01, 0xF0, 0x00,
    0x0F, 0x00, 0x00, 0xF8, 0x00, 0x1F, 0xDF, 0xFF, 0xFC, 0xFF, 0xFF, 0xC7, 0xFF, 0xF8, 0x00, 0x00,
    0x00, 0x00, 0x00, 0x00, 0x00, 0x00, 0x00, 0x00, 0x00, 0x00, 0x00, 0x1F, 0xFF, 0xFE, 0xFF, 0xFF,
    0xF7, 0xFF, 0xFF, 0x80, 0x00, 0x00, 0xE0, 0x00, 0x0F, 0x00, 0x00, 0x70, 0x00, 0x07, 0x80, 0x00,
    0x3C, 0x00, 0x01, 0xC0, 0x1F, 0xFF, 0xE3, 0xFF, 0xFF, 0x3F, 0xFF, 0xFB, 0xFC, 0x78, 0x1F, 0x03,
    0x81, 0xF0, 0x3C, 0x0F, 0x01, 0xE0, 0x78, 0x0E, 0x03, 0xC0, 0xF0, 0x1E, 0x07, 0x00, 0xF0, 0x38,
    0x07, 0x83, 0xC0, 0x3E, 0x1C, 0x00, 0xF8, 0xE0, 0x07, 0xFF, 0x00, 0x1F, 0xFF, 0xFC, 0x7F, 0xFF,
    0xE0, 0xFF, 0xFF, 0x01, 0xC0, 0x00, 0x1E, 0x00, 0x00, 0xE0, 0x00, 0x07, 0x00, 0x00, 0x78, 0x00,
    0x3F, 0xFF, 0xFD, 0xFF, 0xFF, 0xEF, 0xFF, 0xFF, 0x0E, 0x00, 0x00, 0xF0, 0x00, 0x07, 0x00, 0x00,
    0x38, 0x00, 0x00, 0x00, 0x00, 0xE0, 0x00, 0x0F, 0x00, 0x00, 0x70, 0x00, 0x07, 0x80, 0x00, 0x3C,
    0x00, 0x01, 0xC3, 0xFF, 0xFE, 0x1F, 0xFF, 0xF8, 0xFF, 0xFF, 0xE0, 0x00, 0x7F, 0x00, 0x03, 0xFC,
    0x00, 0x3D, 0xE0, 0x01, 0xEF, 0x80, 0x0E, 0x3C, 0x00, 0xF1, 0xE0, 0x07, 0x0F, 0x00, 0x38, 0x78,
    0x03, 0xC7, 0xC0, 0x1C, 0x3C, 0x00, 0xE3, 0xE0, 0x0F, 0x7F, 0x7F, 0xFF, 0xF3, 0xFF, 0xFF, 0x1F,
    0xFF, 0xE0, 0x03, 0xC0, 0x00, 0x1E, 0x00, 0x00, 0xE0, 0x00, 0x07, 0x00, 0x00, 0x78, 0x00, 0x7F,
    0xFF, 0xFB, 0xFF, 0xFF, 0xDF, 0xFF, 0xFE, 0x0E, 0x00, 0x00, 0xF0, 0x00, 0x07, 0x00, 0x00, 0x38,
    0x00, 0x00, 0xE0, 0x00, 0xDC, 0x00, 0x1F, 0x80, 0x03, 0xF0, 0x00, 0x7E, 0x00, 0x0F, 0xC0, 0x01,
    0xF8, 0x00, 0x3F, 0x00, 0x07, 0xE0, 0x00, 0xFC, 0x00, 0x1F, 0x80, 0x03, 0xF0, 0x00, 0x7E, 0x00,
    0x0F, 0xC0, 0x01, 0xF8, 0x38, 0x3F, 0x07, 0x07, 0xE0, 0xE0, 0xFC, 0x1C, 0x1F, 0x83, 0x83, 0xF7,
    0xFF, 0x7E, 0xFF, 0xCF, 0xC1, 0xC1, 0xB8, 0x38, 0x33, 0x87, 0x0E, 0x70, 0xC3, 0xC7, 0x81, 0xF0,
    0x7F, 0xFC, 0x07, 0xFF, 0x00, 0xFF, 0xFF, 0xFF, 0xFF, 0xFF, 0xFF, 0xFF, 0xFF, 0xFF, 0xFF, 0xFF,
    0x00, 0x00, 0x78, 0x00, 0x03, 0xC0, 0x00, 0x1E, 0x00, 0x00, 0xF0, 0x00, 0x07, 0x80, 0x00, 0x3C,
    0x00, 0x01, 0xE0, 0x00, 0x0F, 0x00, 0x00, 0x78, 0x00, 0x03, 0xC0, 0x00, 0x1F, 0xFF, 0xFF, 0xFF,
    0xFF, 0xFF, 0xFF, 0xFF, 0xFF, 0xFF, 0xFE, 0xFF, 0xFF, 0xFF, 0xFF, 0xFF, 0xFF, 0xFF, 0xFE, 0x00,
    0x00, 0xF0, 0x00, 0x07, 0x80, 0x00, 0x3C, 0x00, 0x01, 0xE0, 0x00, 0x0F, 0x00, 0x00, 0x78, 0x00,
    0x03, 0xC0, 0x00, 0x1E, 0x00, 0x00, 0xF0, 0x00, 0x07, 0x80, 0x00, 0x3C, 0x00, 0x01, 0xFF, 0xFF,
    0xFF, 0xFF, 0xFF, 0xFF, 0xFF, 0xFF, 0xC0, 0xFF, 0xFF, 0xFF, 0xFF, 0xFF, 0xFF, 0xFF, 0xFF, 0xE0,
    0x00, 0x0F, 0x00, 0x00, 0x78, 0x00, 0x03, 0xC0, 0x00, 0x1E, 0x00, 0x00, 0xF0, 0x00, 0x07, 0x80,
    0x00, 0x3C, 0x00, 0x01, 0xE0, 0x00, 0x0F, 0x00, 0x00, 0x78, 0x00, 0x03, 0xC0, 0x00, 0x1F, 0xFF,
    0xFF, 0xFF, 0xFF, 0xFF, 0xFF, 0xFF, 0xC0, 0x00, 0x00, 0x00, 0x00, 0x00, 0x00, 0x00, 0x00, 0x00,
    0x00, 0x00, 0x00, 0x1F, 0xFF, 0xFF, 0xFF, 0xFF, 0xFF, 0xFF, 0xFF, 0xC0, 0xFF, 0xFF, 0xFF, 0xFF,
    0xFF, 0xFF, 0xFF, 0xFE, 0x00, 0x00, 0xF0, 0x00, 0x07, 0x80, 0x00, 0x3C, 0x00, 0x01, 0xE0, 0x00,
    0x0F, 0x00, 0x00, 0x78, 0x00, 0x03, 0xC0, 0x00, 0x1E, 0x00, 0x00, 0xF0, 0x00, 0x07, 0x80, 0x00,
    0x3C, 0x00, 0x01, 0xFF, 0xFF, 0xFF, 0xFF, 0xFF, 0xFF, 0xFF, 0xFF, 0xC0, 0x00, 0x00, 0x00, 0x00,
    0x00, 0x00, 0x00, 0x00, 0x00, 0x00, 0x00, 0x00, 0x1F, 0xFF, 0xFF, 0xFF, 0xFF, 0xFF, 0xFF, 0xFF,
    0xC0, 0x00, 0x00, 0x1F, 0xFF, 0xFF, 0xFF, 0xFF, 0xFF, 0xFF, 0xFF, 0x00, 0x1F, 0xE0, 0x03, 0xFC,
    0x00, 0x7F, 0x80, 0x0F, 0xF0, 0x01, 0xFE, 0x00, 0x3F, 0xC0, 0x07, 0xF8, 0x00, 0xFF, 0x00, 0x1F,
    0xE0, 0x03, 0xFC, 0x00, 0x7F, 0x80, 0x0F, 0xF0, 0x01, 0xFE, 0x00, 0x3F, 0xC0, 0x07, 0xF8, 0x00,
    0xFF, 0x00, 0x1E, 0xF0, 0x01, 0xFE, 0x00, 0x3F, 0xC0, 0x07, 0xF8, 0x00, 0xFF, 0x00, 0x1F, 0xE0,
    0x03, 0xFC, 0x00, 0x7F, 0x80, 0x0F, 0xF0, 0x01, 0xFE, 0x00, 0x3F, 0xC0, 0x07, 0xF8, 0x00, 0xFF,
    0x00, 0x1F, 0xE0, 0x03, 0xFC, 0x00, 0x7F, 0x80, 0x0F, 0xF0, 0x01, 0xFE, 0x00, 0x3F, 0xFF, 0xFF,
    0xFF, 0xFF, 0xFF, 0xFF, 0xFE, 0x00, 0x7E, 0x00, 0x00, 0xFF, 0xE0, 0x01, 0xFF, 0xFC, 0x01, 0xF7,
    0x9F, 0x01, 0xE3, 0xC3, 0xC1, 0xE1, 0xE0, 0xF0, 0xE0, 0xF0, 0x38, 0xE0, 0x78, 0x0E, 0x70, 0x3C,
    0x07, 0x30, 0x1E, 0x03, 0xB8, 0x0F, 0x00, 0xDF, 0xFF, 0xFF, 0xFF, 0xFF, 0xFF, 0xFF, 0xFF, 0xFF,
    0xFB, 0x80, 0xF0, 0x0C, 0xC0, 0x78, 0x0E, 0x70, 0x3C, 0x07, 0x38, 0x1E, 0x07, 0x0E, 0x0F, 0x03,
    0x83, 0x87, 0x83, 0x81, 0xE3, 0xC7, 0x80, 0x7F, 0xFF, 0x80, 0x0F, 0xFF, 0x80, 0x01, 0xFF, 0x00,
    0x00, 0xFF, 0x80, 0x01, 0xFF, 0xF0, 0x01, 0xF8, 0xFC, 0x01, 0xE0, 0x0F, 0x01, 0xC0, 0x03, 0xC1,
    0xC0, 0x00, 0xF1, 0xE0, 0x00, 0x38, 0xE0, 0x00, 0x0E, 0x60, 0x00, 0x07, 0x30, 0x00, 0x01, 0xB8,
    0x00, 0x00, 0xDC, 0x7F, 0xFC, 0x7E, 0x3F, 0xFE, 0x3F, 0x1F, 0xFF, 0x1B, 0x80, 0x00, 0x0C, 0xC0,
    0x00, 0x0E, 0x70, 0x00, 0x07, 0x38, 0x00, 0x07, 0x0E, 0x00, 0x03, 0x83, 0x80, 0x03, 0x81, 0xF0,
    0x07, 0x80, 0x7E, 0x0F, 0x80, 0x0F, 0xFF, 0x80, 0x01, 0xFF, 0x00, 0x00, 0xFF, 0x80, 0x01, 0xFF,
    0xF0, 0x01, 0xF8, 0xFC, 0x01, 0xE0, 0x0F, 0x01, 0xE0, 0x07, 0xC1, 0xF8, 0x07, 0xF1, 0xFE, 0x07,
    0xF8, 0xEF, 0x87, 0xCE, 0x73, 0xE7, 0xC7, 0x30, 0xFF, 0xC1, 0xB8, 0x3F, 0xC0, 0xDC, 0x0F, 0xC0,
    0x7E, 0x07, 0xE0, 0x3F, 0x07, 0xF8, 0x1B, 0x87, 0xFE, 0x0C, 0xC3, 0xCF, 0x8E, 0x73, 0xC3, 0xE7,
    0x3F, 0xC0, 0xFF, 0x0F, 0xC0, 0x3F, 0x83, 0xC0, 0x0F, 0x81, 0xF0, 0x07, 0x80, 0x7E, 0x0F, 0x80,
    0x0F, 0xFF, 0x80, 0x01, 0xFF, 0x00, 0x00, 0xFF, 0x80, 0x01, 0xFF, 0xF0, 0x01, 0xF8, 0xFC, 0x01,
    0xE0, 0x1F, 0x01, 0xC0, 0x1F, 0xC1, 0xC0, 0x0E, 0xF1, 0xE0, 0x0F, 0x38, 0xE0, 0x0F, 0x0E, 0x60,
    0x07, 0x07, 0x30, 0x07, 0x81, 0xB8, 0x07, 0x80, 0xDC, 0x03, 0x80, 0x7E, 0x03, 0xC0, 0x3F, 0x03,
    0xC0, 0x1B, 0x81, 0xC0, 0x0C, 0xE1, 0xE0, 0x0E, 0x70, 0xE0, 0x07, 0x38, 0xE0, 0x07, 0x0E, 0xF0,
    0x03, 0x83, 0xF0, 0x03, 0x81, 0xF0, 0x07, 0x80, 0x7E, 0x0F, 0x80, 0x0F, 0xFF, 0x80, 0x01, 0xFF,
    0x00, 0x00, 0xFF, 0x80, 0x01, 0xFF, 0xF0, 0x01, 0xF8, 0xFC, 0x01, 0xE0, 0x0F, 0x01, 0xC0, 0x03,
    0xC1, 0xC0, 0x00, 0xF1, 0xE0, 0x00, 0x38, 0xE0, 0x00, 0x0E, 0x60, 0x00, 0x07, 0x30, 0x00, 0x01,
    0xB8, 0x07, 0x00, 0xDC, 0x07, 0xC0, 0x7E, 0x03, 0xE0, 0x3F, 0x01, 0xE0, 0x1B, 0x80, 0x00, 0x0C,
    0xC0, 0x00, 0x0E, 0x70, 0x00, 0x07, 0x38, 0x00, 0x07, 0x0E, 0x00, 0x03, 0x83, 0x80, 0x03, 0x81,
    0xF0, 0x07, 0x80, 0x7E, 0x0F, 0x80, 0x0F, 0xFF, 0x80, 0x01, 0xFF, 0x00, 0x00, 0x7E, 0x00, 0x00,
    0xFF, 0xE0, 0x01, 0xFF, 0xFC, 0x01, 0xF7, 0xBF, 0x01, 0xE3, 0xC3, 0xC1, 0xE1, 0xE0, 0xF0, 0xE0,
    0xF0, 0x38, 0xF0, 0x78, 0x1E, 0x7F, 0x1C, 0x7F, 0x3F, 0xEE, 0xFF, 0xBF, 0xFF, 0xFF, 0xDC, 0xFF,
    0xFE, 0x7E, 0x0F, 0xF8, 0x3F, 0x03, 0xF0, 0x1B, 0x83, 0xFC, 0x0C, 0xC1, 0xEF, 0x0E, 0x71, 0xE7,
    0xC7, 0x39, 0xF1, 0xF7, 0x0F, 0xF0, 0x7B, 0x83, 0xF8, 0x3F, 0x81, 0xF8, 0x0F, 0x80, 0x7E, 0x0F,
    0x80, 0x0F, 0xFF, 0x80, 0x01, 0xFF, 0x00, 0x00, 0xFF, 0x80, 0x01, 0xFF, 0xF0, 0x01, 0xF8, 0xFC,
    0x01, 0xE0, 0x0F, 0x01, 0xC0, 0x03, 0xC1, 0xC0, 0x00, 0xF1, 0xE0, 0x00, 0x38, 0xFF, 0xFF, 0xFE,
    0x7F, 0xFF, 0xFF, 0x3F, 0xFF, 0xFF, 0xB8, 0x00, 0x00, 0xDC, 0x00, 0x00, 0x7E, 0x00, 0x00, 0x3F,
    0x00, 0x00, 0x1B, 0xFF, 0xFF, 0xFC, 0xFF, 0xFF, 0xFE, 0x7F, 0xFF, 0xFF, 0x38, 0x00, 0x07, 0x0E,
    0x00, 0x03, 0x83, 0x80, 0x03, 0x81, 0xF0, 0x07, 0x80, 0x7E, 0x0F, 0x80, 0x0F, 0xFF, 0x80, 0x01,
    0xFF, 0x00, 0x00, 0xFF, 0x80, 0x01, 0xFF, 0xF0, 0x01, 0xF8, 0xFC, 0x01, 0xE0, 0x0F, 0x01, 0xE0,
    0x03, 0xC1, 0xE0, 0x00, 0xF1, 0xE0, 0x00, 0x38, 0xE0, 0x00, 0x0E, 0x70, 0x00, 0x07, 0x30, 0x00,
    0x03, 0xB8, 0x00, 0x00, 0xDF, 0xFF, 0xFF, 0xFF, 0xFF, 0xFF, 0xFF, 0xFF, 0xFF, 0xFB, 0x80, 0x00,
    0x0C, 0xC0, 0x00, 0x0E, 0x70, 0x00, 0x07, 0x38, 0x00, 0x07, 0x0E, 0x00, 0x03, 0x83, 0x80, 0x03,
    0x81, 0xF0, 0x07, 0x80, 0x7E, 0x0F, 0x80, 0x0F, 0xFF, 0x80, 0x01, 0xFF, 0x00, 0xFF, 0xFF, 0xFF,
    0xFF, 0xFF, 0xFF, 0xE0, 0x00, 0xFF, 0xE0, 0x03, 0xFF, 0xE0, 0x0F, 0xFB, 0xE0, 0x3E, 0xF3, 0xE0,
    0xF9, 0xE3, 0xE3, 0xE3, 0xC3, 0xEF, 0x87, 0x83, 0xFE, 0x0F, 0x03, 0xF8, 0x1E, 0x03, 0xE0, 0x3C,
    0x0F, 0xE0, 0x78, 0x3F, 0xE0, 0xF0, 0xFB, 0xE1, 0xE3, 0xE3, 0xE3, 0xCF, 0x83, 0xE7, 0xBE, 0x03,
    0xEF, 0xF8, 0x03, 0xFF, 0xE0, 0x03, 0xFF, 0x80, 0x03, 0xFF, 0xFF, 0xFF, 0xFF, 0xFF, 0xFF, 0x80,
    0xFF, 0xFF, 0xFF, 0xFF, 0xFF, 0xFF, 0x00, 0x00, 0x1E, 0x00, 0x00, 0x3C, 0x00, 0x00, 0x78, 0x00,
    0x00, 0xF0, 0x00, 0x01, 0xE0, 0x00, 0x03, 0xC0, 0x00, 0x07, 0x80, 0x00, 0x0F, 0x1F, 0xFF, 0x1E,
    0x3F, 0xFE, 0x3C, 0x7F, 0xFC, 0x78, 0x00, 0x00, 0xF0, 0x00, 0x01, 0xE0, 0x00, 0x03, 0xC0, 0x00,
    0x07, 0x80, 0x00, 0x0F, 0x00, 0x00, 0x1E, 0x00, 0x00, 0x3C, 0x00, 0x00, 0x7F, 0xFF, 0xFF, 0xFF,
    0xFF, 0xFF, 0x80, 0xFF, 0xFF, 0xFF, 0xFF, 0xFF, 0xFF, 0x01, 0xE0, 0x1E, 0x03, 0xC0, 0x3C, 0x07,
    0x80, 0x78, 0x0F, 0x00, 0xF0, 0x1E, 0x01, 0xE0, 0x3C, 0x03, 0xC0, 0x78, 0x07, 0x80, 0xF0, 0x0F,
    0xFF, 0xFF, 0xFF, 0xFF, 0xFF, 0xFF, 0xFF, 0xFF, 0xF8, 0x0F, 0x01, 0xF0, 0x1E, 0x01, 0xE0, 0x3C,
    0x03, 0xC0, 0x78, 0x07, 0x80, 0xF0, 0x0F, 0x01, 0xE0, 0x1E, 0x03, 0xC0, 0x3C, 0x07, 0x80, 0x7F,
    0xFF, 0xFF, 0xFF, 0xFF, 0xFF, 0x80, 0xFF, 0xFF, 0xFF, 0xFF, 0xFF, 0xFF, 0x00, 0x00, 0x1E, 0x00,
    0x00, 0x3C, 0x00, 0x00, 0x78, 0x00, 0x00, 0xF0, 0x00, 0x01, 0xE0, 0x00, 0x03, 0xC0, 0x00, 0x07,
    0x80, 0x00, 0x0F, 0x00, 0xE0, 0x1E, 0x03, 0xE0, 0x3C, 0x07, 0xC0, 0x78, 0x0F, 0x00, 0xF0, 0x00,
    0x01, 0xE0, 0x00, 0x03, 0xC0, 0x00, 0x07, 0x80, 0x00, 0x0F, 0x00, 0x00, 0x1E, 0x00, 0x00, 0x3C,
    0x00, 0x00, 0x7F, 0xFF, 0xFF, 0xFF, 0xFF, 0xFF, 0x80, 0xF0, 0x00, 0x01, 0xE0, 0x00, 0x03, 0xC0,
    0x00, 0x07, 0x80, 0x00, 0x0F, 0x00, 0x00, 0x1E, 0x00, 0x00, 0x3C, 0x00, 0x00, 0x78, 0x00, 0x00,
    0xF0, 0x00, 0x01, 0xE0, 0x00, 0x03, 0xFF, 0xFF, 0xFF, 0xFF, 0xFF, 0xFF, 0xFF, 0xFF, 0xFE, 0x00,
    0x00, 0x3C, 0x00, 0x00, 0x78, 0x00, 0x00, 0xF0, 0x00, 0x01, 0xE0, 0x00, 0x03, 0xC0, 0x00, 0x07,
    0x80, 0x00, 0x0F, 0x00, 0x00, 0x1E, 0x00, 0x00, 0x3C, 0x00, 0x00, 0x00, 0x00, 0x00, 0x1E, 0x00,
    0x00, 0x3C, 0x00, 0x00, 0x78, 0x00, 0x00, 0xF0, 0x00, 0x01, 0xE0, 0x00, 0x03, 0xC0, 0x00, 0x07,
    0x80, 0x00, 0x0F, 0x00, 0x00, 0x1E, 0x00, 0x00, 0x3F, 0xFF, 0xFF, 0xFF, 0xFF, 0xFF, 0xFF, 0xFF,
    0xFF, 0xE0, 0x00, 0x03, 0xC0, 0x00, 0x07, 0x80, 0x00, 0x0F, 0x00, 0x00, 0x1E, 0x00, 0x00, 0x3C,
    0x00, 0x00, 0x78, 0x00, 0x00, 0xF0, 0x00, 0x01, 0xE0, 0x00, 0x03, 0xC0, 0x00, 0x07, 0x80, 0x00,
    0x00, 0x01, 0xFF, 0xFF, 0xFF, 0xFF, 0xFF, 0xFF, 0xFF, 0xFF, 0xF0, 0x07, 0x80, 0x00, 0x0F, 0x00,
    0x00, 0x1E, 0x00, 0x00, 0x3C, 0x00, 0x00, 0x78, 0x00, 0x00, 0xF0, 0x00, 0x01, 0xE0, 0x00, 0x03,
    0xC0, 0x00, 0x07, 0x80, 0x00, 0x0F, 0x00, 0x00, 0x1E, 0x00, 0x00, 0x3C, 0x00, 0x00, 0x78, 0x00,
    0x00, 0xF0, 0x00, 0x01, 0xE0, 0x00, 0x03, 0xC0, 0x00, 0x07, 0x80, 0x00, 0x0F, 0x00, 0x00, 0x1E,
    0x00, 0x00, 0x3C, 0x00, 0x00, 0x78, 0x00, 0x00, 0xF0, 0x00, 0x01, 0xE0, 0x00, 0x03, 0xC0, 0x00,
    0x07, 0x80, 0x00, 0x0F, 0x00, 0x00, 0x1E, 0x00, 0x00, 0x3C, 0x00, 0x00, 0x78, 0x00, 0x00, 0xF0,
    0x00, 0x01, 0xE0, 0x00, 0x03, 0xC0, 0x00, 0x07, 0x80, 0x00, 0x0F, 0x00, 0x00, 0x1E, 0x00, 0x00,
    0x3C, 0x00, 0x00, 0x78, 0x00, 0x00, 0xF0, 0x00, 0x01, 0xE0, 0x00, 0x03, 0xE0, 0x0F, 0xFF, 0xFF,
    0xFF, 0xFF, 0xFF, 0xFF, 0xFF, 0xFF, 0x80, 0x00, 0x00, 0x00, 0x01, 0xC0, 0x03, 0xE0, 0x07, 0xF0,
    0x0F, 0xF8, 0x1F, 0xFC, 0x3F, 0xDE, 0x7F, 0x8F, 0xFF, 0x07, 0xFE, 0x03, 0xFC, 0x01, 0xFF, 0x80,
    0xFF, 0xF0, 0x7B, 0xFE, 0x3C, 0x7F, 0xDE, 0x0F, 0xFF, 0x01, 0xFF, 0x80, 0x3F, 0xC0, 0x07, 0xE0,
    0x00, 0xF0, 0x00, 0x18, 0x00, 0x00, 0x00, 0x00, 0x00, 0x00, 0x00, 0x00, 0x7F, 0xFF, 0xFF, 0xFF,
    0xFF, 0xFF, 0xF0, 0x00, 0x00, 0xF8, 0x00, 0x03, 0xFB, 0xFF, 0xFF, 0x3F, 0xFF, 0xFC, 0x70, 0x00,
    0x1C, 0xE0, 0x00, 0x1F, 0x80, 0x00, 0x3E, 0x00, 0xF0, 0x01, 0xFF, 0x00, 0x7D, 0xE0, 0x0F, 0x3C,
    0x01, 0xE7, 0xC0, 0x78, 0x78, 0x0F, 0x0F, 0x01, 0xE1, 0xF0, 0x78, 0x1E, 0x0F, 0x03, 0xC3, 0xE0,
    0x7C, 0x78, 0x07, 0x8F, 0x00, 0xFB, 0xE0, 0x0F, 0x78, 0x01, 0xEF, 0x00, 0x3F, 0xE0, 0x03, 0xF8,
    0x00, 0x7F, 0x00, 0x0F, 0xC0, 0x00, 0xF8, 0x00, 0x00, 0x00, 0x00, 0x00, 0x00, 0x00, 0x00, 0x00,
    0x00, 0x7F, 0xFF, 0xCF, 0xFF, 0xF9, 0xFF, 0xFF, 0x00, 0x00, 0x00, 0x07, 0xFF, 0xFF, 0xBF, 0xFF,
    0xFD, 0xFF, 0xFF, 0xE0, 0x00, 0x00, 0x00, 0x00, 0x00, 0x00, 0x00, 0x00, 0x1F, 0x00, 0x01, 0xF8,
    0x00, 0x0F, 0xE0, 0x00, 0x7F, 0x00, 0x07, 0xF8, 0x00, 0x3D, 0xE0, 0x01, 0xEF, 0x00, 0x1E, 0x7C,
    0x00, 0xF1, 0xE0, 0x07, 0x8F, 0x00, 0x78, 0x7C, 0x03, 0xC1, 0xE0, 0x3E, 0x0F, 0x01, 0xE0, 0x7C,
    0x0F, 0x01, 0xE0, 0xF8, 0x0F, 0x07, 0x80, 0x3C, 0x3C, 0x01, 0xE3, 0xC0, 0x0F, 0x9E, 0x00, 0x3C,
    0x00, 0x00, 0x07, 0xFF, 0xFF, 0xBF, 0xFF, 0xFD, 0xFF, 0xFF, 0xE0, 0x00, 0x00, 0x00, 0x00, 0x00,
    0x00, 0x00, 0x0F, 0x00, 0x1E, 0x78, 0x01, 0xF1, 0xE0, 0x0F, 0x0F, 0x00, 0x78, 0x7C, 0x07, 0xC1,
    0xE0, 0x3C, 0x0F, 0x01, 0xE0, 0x7C, 0x1E, 0x01, 0xE0, 0xF0, 0x0F, 0x07, 0x80, 0x7C, 0x78, 0x01,
    0xE3, 0xC0, 0x0F, 0xBE, 0x00, 0x3D, 0xE0, 0x01, 0xEF, 0x00, 0x0F, 0xF8, 0x00, 0x3F, 0x80, 0x01,
    0xFC, 0x00, 0x0F, 0xC0, 0x00, 0x3E, 0x00, 0x00, 0x00, 0x00, 0x3F, 0xF8, 0x07, 0xFF, 0xF0, 0x7F,
    0xFF, 0xC7, 0xF0, 0x7E, 0x3E, 0x00, 0xF9, 0xE0, 0x03, 0xDF, 0x00, 0x1E, 0xF0, 0x00, 0xF7, 0x80,
    0x07, 0xFC, 0x00, 0x3F, 0xE0, 0x01, 0xFF, 0x00, 0x0F, 0xF8, 0x00, 0x7F, 0xC0, 0x03, 0xFE, 0x00,
    0x1F, 0xF0, 0x00, 0xFF, 0x80, 0x07, 0xFC, 0x00, 0x3F, 0xE0, 0x01, 0xFF, 0x00, 0x0F, 0xF8, 0x00,
    0x7F, 0xC0, 0x03, 0xFE, 0x00, 0x1F, 0xF0, 0x00, 0xFF, 0x80, 0x07, 0xFC, 0x00, 0x3F, 0xE0, 0x01,
    0xFF, 0x00, 0x07, 0x00, 0xF0, 0x00, 0xF7, 0x80, 0x07, 0xFC, 0x00, 0x3F, 0xE0, 0x01, 0xFF, 0x00,
    0x0F, 0xF8, 0x00, 0x7F, 0xC0, 0x03, 0xFE, 0x00, 0x1F, 0xF0, 0x00, 0xFF, 0x80, 0x07, 0xFC, 0x00,
    0x3F, 0xE0, 0x01, 0xFF, 0x00, 0x0F, 0xF8, 0x00, 0x7F, 0xC0, 0x03, 0xFE, 0x00, 0x1F, 0xF0, 0x00,
    0xFF, 0x80, 0x07, 0xFC, 0x00, 0x3F, 0xE0, 0x01, 0xFF, 0x00, 0x0F, 0x7C, 0x00, 0x79, 0xE0, 0x03,
    0xCF, 0x80, 0x3E, 0x7F, 0x0F, 0xE1, 0xFF, 0xFF, 0x07, 0xFF, 0xF0, 0x0F, 0xFE, 0x00, 0x0C, 0x03,
    0xC0, 0xFC, 0x3D, 0xCF, 0x1D, 0xC1, 0xDC, 0x71, 0xDC, 0x1F, 0x01, 0xC0, 0x10, 0x00, 0x00, 0x01,
    0x00, 0xC0, 0x38, 0x7F, 0xCF, 0xC1, 0xF0, 0x7C, 0x1B, 0x08, 0x40, 0x00, 0x00, 0x01, 0x00, 0x00,
    0x0F, 0x80, 0x00, 0x3F, 0x80, 0x00, 0xFF, 0x80, 0x03, 0xFF, 0x80, 0x0F, 0xF7, 0x80, 0x3D, 0xE7,
    0x80, 0xF3, 0xC7, 0x83, 0x87, 0x87, 0x8E, 0x0F, 0x07, 0xF8, 0x1E, 0x03, 0xE0, 0x3C, 0x07, 0xC0,
    0x78, 0x1F, 0xC0, 0xF0, 0x7B, 0xC1, 0xE1, 0xE3, 0xC3, 0xC7, 0x83, 0xC7, 0x9E, 0x03, 0xCF, 0x78,
    0x03, 0xDF, 0xE0, 0x03, 0xFF, 0x00, 0x03, 0xFC, 0x00, 0x03, 0xF0, 0x00, 0x01, 0xC0, 0x00, 0x01,
    0x00, 0x00, 0x00, 0x00, 0x00, 0x01, 0x00, 0x00, 0x03, 0x80, 0x00, 0x3F, 0x80, 0x00, 0xFF, 0x80,
    0x03, 0xDF, 0x80, 0x0F, 0x37, 0x80, 0x3C, 0x67, 0x80, 0xF0, 0xC7, 0x83, 0x81, 0x87, 0x8E, 0x03,
    0x07, 0xF8, 0x06, 0x03, 0xE0, 0x0C, 0x07, 0xC0, 0x18, 0x1F, 0xC0, 0x30, 0x7B, 0xC0, 0x61, 0xE3,
    0xC0, 0xC7, 0x83, 0xC1, 0x9E, 0x03, 0xC3, 0x78, 0x03, 0xC7, 0xE0, 0x03, 0xCF, 0x00, 0x03, 0xDC,
    0x00, 0x03, 0xF0, 0x00, 0x03, 0x40, 0x00, 0x00, 0x00, 0x00, 0x00, 0x00, 0x00, 0x00, 0x00, 0x00,
    0x0F, 0x80, 0x00, 0x3F, 0x80, 0x00, 0xF7, 0x80, 0x03, 0xE7, 0x80, 0x0F, 0xC7, 0x80, 0x3D, 0x87,
    0x80, 0xF3, 0x07, 0x83, 0x86, 0x07, 0x8E, 0x0C, 0x07, 0xF8, 0x18, 0x03, 0xE0, 0x30, 0x07, 0xC0,
    0x60, 0x1F, 0xC0, 0xC0, 0x7B, 0xC1, 0x81, 0xE3, 0xC3, 0x07, 0x83, 0xC6, 0x1E, 0x03, 0xCC, 0x78,
    0x03, 0xD9, 0xC0, 0x03, 0xF7, 0x00, 0x03, 0xFC, 0x00, 0x03, 0xF0, 0x00, 0x01, 0x80, 0x00, 0x01,
    0x00, 0x00, 0x00, 0x00, 0x00, 0x07, 0x00, 0x03, 0xFE, 0x00, 0x3F, 0xF8, 0x07, 0xFF, 0xE0, 0x7F,
    0x9F, 0x83, 0xE0, 0x3E, 0x3E, 0x00, 0xF3, 0xE0, 0x03, 0xDE, 0x00, 0x1E, 0xF0, 0x00, 0x7F, 0x00,
    0x03, 0xF8, 0x00, 0x1F, 0x80, 0x00, 0x7C, 0x00, 0x03, 0xE0, 0x00, 0x1F, 0x00, 0x00, 0xF8, 0x00,
    0x07, 0xC0, 0x00, 0x3E, 0x00, 0x01, 0xF0, 0x00, 0x0F, 0x80, 0x00, 0x7C, 0x00, 0x07, 0xFF, 0xF8,
    0x7F, 0xFF, 0xCF, 0xFF, 0xFE, 0x7E, 0x00, 0x07, 0xC0, 0x00, 0x3C, 0x00, 0x03, 0xC3, 0xFF, 0xFE,
    0x3F, 0xFF, 0xF1, 0xFF, 0xFF, 0x9F, 0x00, 0x3C, 0xF0, 0x01, 0xE7, 0x80, 0x0F, 0x3E, 0x00, 0x78,
    0xFF, 0xFF, 0xC7, 0xFF, 0xFE, 0x1F, 0xFF, 0x78, 0x00, 0x03, 0xE0, 0x00, 0x0F, 0xC0, 0x00, 0x7F,
    0xFF, 0xF0, 0xFF, 0xFF, 0x83, 0xFF, 0xFC, 0x00, 0x00, 0xE0, 0x00, 0x0F, 0x00, 0x00, 0x70, 0x00,
    0x07, 0x80, 0x00, 0x38, 0x00, 0x01, 0xC3, 0xFF, 0xFF, 0xFF, 0xFF, 0xFF, 0xFF, 0xFF, 0xFF, 0x80,
    0x78, 0x3C, 0x03, 0x81, 0xE0, 0x3C, 0x0F, 0x01, 0xC0, 0x78, 0x0E, 0x03, 0xC0, 0xF0, 0x1E, 0x07,
    0x00, 0xF0, 0x38, 0x07, 0x83, 0xC0, 0x3C, 0x1C, 0x01, 0xE1, 0xE0, 0x0F, 0x0F, 0x00, 0x7F, 0xFF,
    0xFF, 0xFF, 0xFF, 0xFF, 0xFF, 0xFF, 0x03, 0xC0, 0x00, 0x1E, 0x00, 0x00, 0xE0, 0x00, 0x07, 0x00,
    0x00, 0x78, 0x00, 0x7F, 0xFF, 0xFF, 0xFF, 0xFF, 0xFF, 0xFF, 0xFF, 0x0E, 0x00, 0x00, 0xF0, 0x00,
    0x07, 0x00, 0x00, 0x38, 0x00, 0x00, 0x7C, 0xFB, 0xF3, 0xE7, 0xC0, 0x00, 0x00, 0x00, 0xF9, 0xF7,
    0xE7, 0xCF, 0x80, 0x00, 0x00, 0x01, 0xF3, 0xEF, 0xCF, 0x9F, 0x00, 0x7C, 0x3E, 0x1F, 0x7E, 0x1F,
    0x0F, 0xBF, 0x1F, 0x8F, 0xFF, 0x87, 0xC3, 0xE7, 0xC3, 0xE1, 0xF0, 0x00, 0x00, 0x1F, 0x00, 0x00,
    0x0F, 0x80, 0x00, 0x0F, 0xE0, 0x00, 0x03, 0xE0, 0x00, 0x01, 0xF0, 0x00, 0x00, 0x00, 0x00, 0x00,
    0x00, 0x00, 0x00, 0x00, 0x00, 0x00, 0x00, 0x00, 0x1F, 0x00, 0x00, 0x0F, 0x80, 0x00, 0x0F, 0xC0,
    0x00, 0x03, 0xE0, 0x00, 0x01, 0xF0, 0x00, 0x00, 0x00, 0x00, 0x00, 0x00, 0x00, 0x00, 0x00, 0x00,
    0x00, 0x00, 0x00, 0x1F, 0x00, 0x00, 0x1F, 0x80, 0x00, 0x0F, 0xC0, 0x00, 0x07, 0xE0, 0x00, 0x01,
    0xF0, 0x00, 0x00, 0x7C, 0x00, 0x00, 0x7E, 0x00, 0x00, 0x3F, 0x00, 0x00, 0x1F, 0x80, 0x00, 0x07,
    0xC0, 0x00, 0x00, 0x00, 0x00, 0x00, 0x00, 0x00, 0x00, 0x00, 0x00, 0x00, 0x00, 0x00, 0x00, 0x00,
    0x1F, 0x00, 0x00, 0x0F, 0x80, 0x00, 0x0F, 0xC0, 0x00, 0x03, 0xE0, 0x00, 0x01, 0xF0, 0x00, 0x00,
    0x00, 0x00, 0x00, 0x00, 0x00, 0x00, 0x00, 0x00, 0x00, 0x00, 0x00, 0x00, 0x00, 0x07, 0xC0, 0x00,
    0x03, 0xE0, 0x00, 0x03, 0xF8, 0x00, 0x00, 0xF8, 0x00, 0x00, 0x7C, 0x00, 0x3C, 0x00, 0x00, 0x3F,
    0x00, 0x00, 0x1F, 0xC0, 0x00, 0x1F, 0xF0, 0x00, 0x1F, 0xFC, 0x00, 0x1F, 0xFF, 0x00, 0x1F, 0xFF,
    0x80, 0x0F, 0xFF, 0xE0, 0x0F, 0xC7, 0xF8, 0x0F, 0xE0, 0xFE, 0x0F, 0xFF, 0x3F, 0x07, 0xFF, 0xDF,
    0xC7, 0xFF, 0xEF, 0xF7, 0xFF, 0xF7, 0xFB, 0xFF, 0xF3, 0xFF, 0xFF, 0xC3, 0xFE, 0x7F, 0xE7, 0xFF,
    0x3F, 0xF3, 0xFF, 0x0F, 0xFF, 0xFF, 0x83, 0xFF, 0xFF, 0x80, 0xFE, 0x7F, 0x80, 0x3F, 0x3F, 0x80,
    0x1F, 0xFF, 0x80, 0x07, 0xFF, 0xC0, 0x01, 0xFF, 0xC0, 0x00, 0x7F, 0xC0, 0x00, 0x1F, 0xC0, 0x00,
    0x0F, 0xC0, 0x00, 0x03, 0xC0, 0x00,
};

static const EpdGlyph jetbrainsmono_18_regularGlyphs[] = {
    { 0, 0, 23, 0, 0, 0, 0 }, // 
    { 0, 0, 23, 0, 0, 0, 0 }, //  
    { 7, 27, 23, 8, 27, 24, 0 }, // !
    { 13, 11, 23, 5, 27, 18, 24 }, // "
    { 21, 27, 23, 1, 27, 71, 42 }, // #
    { 19, 38, 23, 2, 33, 91, 113 }, // $
    { 23, 27, 23, 0, 27, 78, 204 }, // %
    { 24, 27, 23, 0, 27, 81, 282 }, // &
    { 5, 11, 23, 9, 27, 7, 363 }, // '
    { 12, 37, 23, 7, 32, 56, 370 }, // (
    { 12, 37, 23, 4, 32, 56, 426 }, // )
    { 21, 20, 23, 1, 23, 53, 482 }, // *
    { 19, 18, 23, 2, 22, 43, 535 }, // +
    { 8, 11, 23, 7, 5, 11, 578 }, // ,
    { 13, 4, 23, 5, 15, 7, 589 }, // -
    { 7, 6, 23, 8, 6, 6, 596 }, // .
    { 18, 36, 23, 2, 32, 81, 602 }, // /
    { 17, 27, 23, 3, 27, 58, 683 }, // 0
    { 18, 27, 23, 3, 27, 61, 741 }, // 1
    { 19, 27, 23, 2, 27, 65, 802 }, // 2
    { 18, 27, 23, 2, 27, 61, 867 }, // 3
    { 17, 27, 23, 2, 27, 58, 928 }, // 4
    { 18, 27, 23, 2, 27, 61, 986 }, // 5
    { 19, 27, 23, 2, 27, 65, 1047 }, // 6
    { 18, 27, 23, 3, 27, 61, 1112 }, // 7
    { 19, 27, 23, 2, 27, 65, 1173 }, // 8
    { 19, 27, 23, 2, 27, 65, 1238 }, // 9
    { 7, 21, 23, 8, 21, 19, 1303 }, // :
    { 8, 27, 23, 7, 21, 27, 1322 }, // ;
    { 17, 21, 23, 3, 23, 45, 1349 }, // <
    { 17, 13, 23, 3, 19, 28, 1394 }, // =
    { 17, 21, 23, 3, 23, 45, 1422 }, // >
    { 15, 27, 23, 4, 27, 51, 1467 }, // ?
    { 21, 34, 23, 1, 27, 90, 1518 }, // @
    { 20, 27, 23, 1, 27, 68, 1608 }, // A
    { 18, 27, 23, 3, 27, 61, 1676 }, // B
    { 17, 27, 23, 3, 27, 58, 1737 }, // C
    { 17, 27, 23, 3, 27, 58, 1795 }, // D
    { 17, 27, 23, 3, 27, 58, 1853 }, // E
    { 17, 27, 23, 3, 27, 58, 1911 }, // F
    { 17, 27, 23, 3, 27, 58, 1969 }, // G
    { 17, 27, 23, 3, 27, 58, 2027 }, // H
    { 16, 27, 23, 3, 27, 54, 2085 }, // I
    { 18, 27, 23, 1, 27, 61, 2139 }, // J
    { 19, 27, 23, 3, 27, 65, 2200 }, // K
    { 17, 27, 23, 4, 27, 58, 2265 }, // L
    { 19, 27, 23, 2, 27, 65, 2323 }, // M
    { 17, 27, 23, 3, 27, 58, 2388 }, // N
    { 17, 27, 23, 3, 27, 58, 2446 }, // O
    { 18, 27, 23, 3, 27, 61, 2504 }, // P
    { 17, 34, 23, 3, 27, 73, 2565 }, // Q
    { 18, 27, 23, 3, 27, 61, 2638 }, // R
    { 19, 27, 23, 2, 27, 65, 2699 }, // S
    { 19, 27, 23, 2, 27, 65, 2764 }, // T
    { 17, 27, 23, 3, 27, 58, 2829 }, // U
    { 20, 27, 23, 1, 27, 68, 2887 }, // V
    { 23, 27, 23, 0, 27, 78, 2955 }, // W
    { 21, 27, 23, 1, 27, 71, 3033 }, // X
    { 21, 27, 23, 1, 27, 71, 3104 }, // Y
    { 17, 27, 23, 3, 27, 58, 3175 }, // Z
    { 11, 36, 23, 7, 32, 50, 3233 }, // [
    { 18, 36, 23, 2, 32, 81, 3283 }, // <backslash>
    { 11, 36, 23, 5, 32, 50, 3364 }, // ]
    { 17, 15, 23, 3, 28, 32, 3414 }, // ^
    { 19, 4, 23, 2, 0, 10, 3446 }, // _
    { 9, 5, 23, 6, 29, 6, 3456 }, // `
    { 18, 21, 23, 2, 21, 48, 3462 }, // a
    { 17, 27, 23, 3, 27, 58, 3510 }, // b
    { 17, 21, 23, 3, 21, 45, 3568 }, // c
    { 17, 27, 23, 3, 27, 58, 3613 }, // d
    { 17, 21, 23, 3, 21, 45, 3671 }, // e
    { 19, 27, 23, 2, 27, 65, 3716 }, // f
    { 17, 28, 23, 3, 21, 60, 3781 }, // g
    { 17, 27, 23, 3, 27, 58, 3841 }, // h
    { 19, 29, 23, 3, 29, 69, 3899 }, // i
    { 15, 36, 23, 3, 29, 68, 3968 }, // j
    { 19, 27, 23, 3, 27, 65, 4036 }, // k
    { 20, 27, 23, 1, 27, 68, 4101 }, // l
    { 19, 21, 23, 2, 21, 50, 4169 }, // m
    { 17, 21, 23, 3, 21, 45, 4219 }, // n
    { 17, 21, 23, 3, 21, 45, 4264 }, // o
    { 17, 28, 23, 3, 21, 60, 4309 }, // p
    { 17, 28, 23, 3, 21, 60, 4369 }, // q
    { 17, 21, 23, 4, 21, 45, 4429 }, // r
    { 17, 21, 23, 3, 21, 45, 4474 }, // s
    { 19, 27, 23, 1, 27, 65, 4519 }, // t
    { 17, 21, 23, 3, 21, 45, 4584 }, // u
    { 19, 21, 23, 2, 21, 50, 4629 }, // v
    { 21, 21, 23, 1, 21, 56, 4679 }, // w
    { 20, 21, 23, 1, 21, 53, 4735 }, // x
    { 19, 28, 23, 2, 21, 67, 4788 }, // y
    { 17, 21, 23, 3, 21, 45, 4855 }, // z
    { 18, 36, 23, 2, 32, 81, 4900 }, // {
    { 5, 36, 23, 9, 32, 23, 4981 }, // |
    { 17, 36, 23, 3, 32, 77, 5004 }, // }
    { 19, 8, 23, 2, 17, 19, 5081 }, // ~
    { 0, 0, 23, 0, 0, 0, 5100 }, //  
    { 7, 28, 23, 8, 21, 25, 5100 }, // ¡
    { 17, 31, 23, 3, 26, 66, 5125 }, // ¢
    { 19, 27, 23, 2, 27, 65, 5191 }, // £
    { 21, 21, 23, 1, 24, 56, 5256 }, // ¤
    { 21, 27, 23, 1, 27, 71, 5312 }, // ¥
    { 5, 35, 23, 9, 31, 22, 5383 }, // ¦
    { 18, 34, 23, 2, 27, 77, 5405 }, // §
    { 15, 5, 23, 4, 29, 10, 5482 }, // ¨
    { 21, 24, 23, 1, 28, 63, 5492 }, // ©
    { 10, 12, 23, 6, 28, 15, 5555 }, // ª
    { 21, 18, 23, 1, 20, 48, 5570 }, // «
    { 16, 9, 23, 3, 16, 18, 5618 }, // ¬
    { 21, 24, 23, 1, 28, 63, 5636 }, // ®
    { 13, 4, 23, 5, 29, 7, 5699 }, // ¯
    { 13, 11, 23, 5, 28, 18, 5706 }, // °
    { 19, 22, 23, 2, 22, 53, 5724 }, // ±
    { 13, 17, 23, 5, 32, 28, 5777 }, // ²
    { 13, 17, 23, 5, 32, 28, 5805 }, // ³
    { 9, 5, 23, 8, 29, 6, 5833 }, // ´
    { 17, 28, 23, 3, 21, 60, 5839 }, // µ
    { 18, 34, 23, 2, 27, 77, 5899 }, // ¶
    { 7, 6, 23, 8, 16, 6, 5976 }, // ·
    { 9, 9, 23, 7, 1, 11, 5982 }, // ¸
    { 14, 17, 23, 5, 32, 30, 5993 }, // ¹
    { 9, 11, 23, 7, 28, 13, 6023 }, // º
    { 21, 18, 23, 1, 20, 48, 6036 }, // »
    { 23, 28, 23, 0, 28, 81, 6084 }, // ¼
    { 23, 28, 23, 0, 28, 81, 6165 }, // ½
    { 23, 27, 23, 0, 27, 78, 6246 }, // ¾
    { 14, 28, 23, 4, 21, 49, 6324 }, // ¿
    { 20, 36, 23, 1, 36, 90, 6373 }, // À
    { 20, 36, 23, 1, 36, 90, 6463 }, // Á
    { 20, 36, 23, 1, 36, 90, 6553 }, // Â
    { 20, 36, 23, 1, 36, 90, 6643 }, // Ã
    { 20, 36, 23, 1, 36, 90, 6733 }, // Ä
    { 20, 38, 23, 1, 38, 95, 6823 }, // Å
    { 21, 27, 23, 1, 27, 71, 6918 }, // Æ
    { 17, 35, 23, 3, 27, 75, 6989 }, // Ç
    { 17, 36, 23, 3, 36, 77, 7064 }, // È
    { 17, 36, 23, 3, 36, 77, 7141 }, // É
    { 17, 36, 23, 3, 36, 77, 7218 }, // Ê
    { 17, 36, 23, 3, 36, 77, 7295 }, // Ë
    { 16, 36, 23, 3, 36, 72, 7372 }, // Ì
    { 16, 36, 23, 3, 36, 72, 7444 }, // Í
    { 16, 36, 23, 3, 36, 72, 7516 }, // Î
    { 16, 36, 23, 3, 36, 72, 7588 }, // Ï
    { 20, 27, 23, 0, 27, 68, 7660 }, // Ð
    { 17, 36, 23, 3, 36, 77, 7728 }, // Ñ
    { 17, 36, 23, 3, 36, 77, 7805 }, // Ò
    { 17, 36, 23, 3, 36, 77, 7882 }, // Ó
    { 17, 36, 23, 3, 36, 77, 7959 }, // Ô
    { 17, 36, 23, 3, 36, 77, 8036 }, // Õ
    { 17, 36, 23, 3, 36, 77, 8113 }, // Ö
    { 16, 15, 23, 3, 20, 30, 8190 }, // ×
    { 21, 30, 23, 1, 29, 79, 8220 }, // Ø
    { 17, 36, 23, 3, 36, 77, 8299 }, // Ù
    { 17, 36, 23, 3, 36, 77, 8376 }, // Ú
    { 17, 36, 23, 3, 36, 77, 8453 }, // Û
    { 17, 36, 23, 3, 36, 77, 8530 }, // Ü
    { 21, 36, 23, 1, 36, 95, 8607 }, // Ý
    { 18, 27, 23, 3, 27, 61, 8702 }, // Þ
    { 18, 27, 23, 3, 27, 61, 8763 }, // ß
    { 18, 29, 23, 2, 29, 66, 8824 }, // à
    { 18, 29, 23, 2, 29, 66, 8890 }, // á
    { 18, 29, 23, 2, 29, 66, 8956 }, // â
    { 18, 29, 23, 2, 29, 66, 9022 }, // ã
    { 18, 29, 23, 2, 29, 66, 9088 }, // ä
    { 18, 32, 23, 2, 32, 72, 9154 }, // å
    { 21, 21, 23, 1, 21, 56, 9226 }, // æ
    { 17, 29, 23, 3, 21, 62, 9282 }, // ç
    { 17, 29, 23, 3, 29, 62, 9344 }, // è
    { 17, 29, 23, 3, 29, 62, 9406 }, // é
    { 17, 29, 23, 3, 29, 62, 9468 }, // ê
    { 17, 29, 23, 3, 29, 62, 9530 }, // ë
    { 19, 29, 23, 3, 29, 69, 9592 }, // ì
    { 19, 29, 23, 3, 29, 69, 9661 }, // í
    { 19, 29, 23, 3, 29, 69, 9730 }, // î
    { 19, 29, 23, 3, 29, 69, 9799 }, // ï
    { 19, 28, 23, 2, 28, 67, 9868 }, // ð
    { 17, 29, 23, 3, 29, 62, 9935 }, // ñ
    { 17, 29, 23, 3, 29, 62, 9997 }, // ò
    { 17, 29, 23, 3, 29, 62, 10059 }, // ó
    { 17, 29, 23, 3, 29, 62, 10121 }, // ô
    { 17, 29, 23, 3, 29, 62, 10183 }, // õ
    { 17, 29, 23, 3, 29, 62, 10245 }, // ö
    { 16, 21, 23, 3, 23, 42, 10307 }, // ÷
    { 21, 24, 23, 1, 23, 63, 10349 }, // ø
    { 17, 29, 23, 3, 29, 62, 10412 }, // ù
    { 17, 29, 23, 3, 29, 62, 10474 }, // ú
    { 17, 29, 23, 3, 29, 62, 10536 }, // û
    { 17, 29, 23, 3, 29, 62, 10598 }, // ü
    { 19, 36, 23, 2, 29, 86, 10660 }, // ý
    { 17, 34, 23, 3, 27, 73, 10746 }, // þ
    { 19, 36, 23, 2, 29, 86, 10819 }, // ÿ
    { 20, 36, 23, 1, 36, 90, 10905 }, // Ā
    { 18, 29, 23, 2, 29, 66, 10995 }, // ā
    { 20, 36, 23, 1, 36, 90, 11061 }, // Ă
    { 18, 30, 23, 2, 30, 68, 11151 }, // ă
    { 22, 35, 23, 1, 27, 97, 11219 }, // Ą
    { 20, 29, 23, 2, 21, 73, 11316 }, // ą
    { 17, 36, 23, 3, 36, 77, 11389 }, // Ć
    { 17, 29, 23, 3, 29, 62, 11466 }, // ć
    { 17, 36, 23, 3, 36, 77, 11528 }, // Ĉ
    { 17, 29, 23, 3, 29, 62, 11605 }, // ĉ
    { 17, 36, 23, 3, 36, 77, 11667 }, // Ċ
    { 17, 29, 23, 3, 29, 62, 11744 }, // ċ
    { 17, 36, 23, 3, 36, 77, 11806 }, // Č
    { 17, 29, 23, 3, 29, 62, 11883 }, // č
    { 17, 36, 23, 3, 36, 77, 11945 }, // Ď
    { 21, 27, 23, 2, 27, 71, 12022 }, // ď
    { 20, 27, 23, 0, 27, 68, 12093 }, // Đ
    { 20, 27, 23, 3, 27, 68, 12161 }, // đ
    { 17, 36, 23, 3, 36, 77, 12229 }, // Ē
    { 17, 29, 23, 3, 29, 62, 12306 }, // ē
    { 17, 36, 23, 3, 36, 77, 12368 }, // Ĕ
    { 17, 30, 23, 3, 30, 64, 12445 }, // ĕ
    { 17, 36, 23, 3, 36, 77, 12509 }, // Ė
    { 17, 29, 23, 3, 29, 62, 12586 }, // ė
    { 17, 35, 23, 3, 27, 75, 12648 }, // Ę
    { 17, 29, 23, 3, 21, 62, 12723 }, // ę
    { 17, 36, 23, 3, 36, 77, 12785 }, // Ě
    { 17, 29, 23, 3, 29, 62, 12862 }, // ě
    { 17, 36, 23, 3, 36, 77, 12924 }, // Ĝ
    { 17, 36, 23, 3, 29, 77, 13001 }, // ĝ
    { 17, 36, 23, 3, 36, 77, 13078 }, // Ğ
    { 17, 37, 23, 3, 30, 79, 13155 }, // ğ
    { 17, 36, 23, 3, 36, 77, 13234 }, // Ġ
    { 17, 36, 23, 3, 29, 77, 13311 }, // ġ
    { 17, 36, 23, 3, 27, 77, 13388 }, // Ģ
    { 17, 40, 23, 3, 33, 85, 13465 }, // ģ
    { 17, 36, 23, 3, 36, 77, 13550 }, // Ĥ
    { 22, 36, 23, -2, 36, 99, 13627 }, // ĥ
    { 23, 27, 23, 0, 27, 78, 13726 }, // Ħ
    { 20, 27, 23, 0, 27, 68, 13804 }, // ħ
    { 16, 36, 23, 3, 36, 72, 13872 }, // Ĩ
    { 19, 29, 23, 3, 29, 69, 13944 }, // ĩ
    { 16, 36, 23, 3, 36, 72, 14013 }, // Ī
    { 19, 29, 23, 3, 29, 69, 14085 }, // ī
    { 16, 36, 23, 3, 36, 72, 14154 }, // Ĭ
    { 19, 30, 23, 3, 30, 72, 14226 }, // ĭ
    { 16, 35, 23, 3, 27, 70, 14298 }, // Į
    { 19, 37, 23, 3, 29, 88, 14368 }, // į
    { 16, 36, 23, 3, 36, 72, 14456 }, // İ
    { 19, 21, 23, 3, 21, 50, 14528 }, // ı
    { 22, 27, 23, 0, 27, 75, 14578 }, // Ĳ
    { 17, 36, 23, 3, 29, 77, 14653 }, // ĳ
    { 23, 36, 23, 1, 36, 104, 14730 }, // Ĵ
    { 19, 36, 23, 3, 29, 86, 14834 }, // ĵ
    { 19, 36, 23, 3, 27, 86, 14920 }, // Ķ
    { 19, 36, 23, 3, 27, 86, 15006 }, // ķ
    { 19, 21, 23, 3, 21, 50, 15092 }, // ĸ
    { 17, 36, 23, 4, 36, 77, 15142 }, // Ĺ
    { 20, 36, 23, 1, 36, 90, 15219 }, // ĺ
    { 17, 36, 23, 4, 27, 77, 15309 }, // Ļ
    { 20, 36, 23, 1, 27, 90, 15386 }, // ļ
    { 17, 27, 23, 4, 27, 58, 15476 }, // Ľ
    { 20, 27, 23, 1, 27, 68, 15534 }, // ľ
    { 17, 27, 23, 4, 27, 58, 15602 }, // Ŀ
    { 24, 27, 23, 0, 27, 81, 15660 }, // ŀ
    { 21, 27, 23, 0, 27, 71, 15741 }, // Ł
    { 20, 27, 23, 1, 27, 68, 15812 }, // ł
    { 17, 36, 23, 3, 36, 77, 15880 }, // Ń
    { 17, 29, 23, 3, 29, 62, 15957 }, // ń
    { 17, 36, 23, 3, 27, 77, 16019 }, // Ņ
    { 17, 30, 23, 3, 21, 64, 16096 }, // ņ
    { 17, 36, 23, 3, 36, 77, 16160 }, // Ň
    { 17, 29, 23, 3, 29, 62, 16237 }, // ň
    { 21, 31, 23, -1, 31, 82, 16299 }, // ŉ
    { 17, 34, 23, 3, 27, 73, 16381 }, // Ŋ
    { 17, 28, 23, 3, 21, 60, 16454 }, // ŋ
    { 17, 36, 23, 3, 36, 77, 16514 }, // Ō
    { 17, 29, 23, 3, 29, 62, 16591 }, // ō
    { 17, 36, 23, 3, 36, 77, 16653 }, // Ŏ
    { 17, 30, 23, 3, 30, 64, 16730 }, // ŏ
    { 18, 35, 23, 3, 35, 79, 16794 }, // Ő
    { 18, 29, 23, 3, 29, 66, 16873 }, // ő
    { 21, 27, 23, 1, 27, 71, 16939 }, // Œ
    { 21, 21, 23, 1, 21, 56, 17010 }, // œ
    { 18, 36, 23, 3, 36, 81, 17066 }, // Ŕ
    { 17, 29, 23, 4, 29, 62, 17147 }, // ŕ
    { 18, 36, 23, 3, 27, 81, 17209 }, // Ŗ
    { 20, 30, 23, 1, 21, 75, 17290 }, // ŗ
    { 18, 36, 23, 3, 36, 81, 17365 }, // Ř
    { 17, 29, 23, 4, 29, 62, 17446 }, // ř
    { 19, 36, 23, 2, 36, 86, 17508 }, // Ś
    { 17, 29, 23, 3, 29, 62, 17594 }, // ś
    { 19, 36, 23, 2, 36, 86, 17656 }, // Ŝ
    { 17, 29, 23, 3, 29, 62, 17742 }, // ŝ
    { 19, 35, 23, 2, 27, 84, 17804 }, // Ş
    { 17, 29, 23, 3, 21, 62, 17888 }, // ş
    { 19, 36, 23, 2, 36, 86, 17950 }, // Š
    { 17, 29, 23, 3, 29, 62, 18036 }, // š
    { 19, 35, 23, 2, 27, 84, 18098 }, // Ţ
    { 19, 35, 23, 1, 27, 84, 18182 }, // ţ
    { 19, 36, 23, 2, 36, 86, 18266 }, // Ť
    { 19, 30, 23, 1, 30, 72, 18352 }, // ť
    { 19, 27, 23, 2, 27, 65, 18424 }, // Ŧ
    { 19, 27, 23, 1, 27, 65, 18489 }, // ŧ
    { 17, 36, 23, 3, 36, 77, 18554 }, // Ũ
    { 17, 29, 23, 3, 29, 62, 18631 }, // ũ
    { 17, 36, 23, 3, 36, 77, 18693 }, // Ū
    { 17, 29, 23, 3, 29, 62, 18770 }, // ū
    { 17, 36, 23, 3, 36, 77, 18832 }, // Ŭ
    { 17, 30, 23, 3, 30, 64, 18909 }, // ŭ
    { 17, 38, 23, 3, 38, 81, 18973 }, // Ů
    { 17, 32, 23, 3, 32, 68, 19054 }, // ů
    { 18, 35, 23, 3, 35, 79, 19122 }, // Ű
    { 18, 29, 23, 3, 29, 66, 19201 }, // ű
    { 17, 35, 23, 3, 27, 75, 19267 }, // Ų
    { 17, 29, 23, 3, 21, 62, 19342 }, // ų
    { 23, 36, 23, 0, 36, 104, 19404 }, // Ŵ
    { 21, 29, 23, 1, 29, 77, 19508 }, // ŵ
    { 21, 36, 23, 1, 36, 95, 19585 }, // Ŷ
    { 19, 36, 23, 2, 29, 86, 19680 }, // ŷ
    { 21, 36, 23, 1, 36, 95, 19766 }, // Ÿ
    { 17, 36, 23, 3, 36, 77, 19861 }, // Ź
    { 17, 29, 23, 3, 29, 62, 19938 }, // ź
    { 17, 36, 23, 3, 36, 77, 20000 }, // Ż
    { 17, 29, 23, 3, 29, 62, 20077 }, // ż
    { 17, 36, 23, 3, 36, 77, 20139 }, // Ž
    { 17, 29, 23, 3, 29, 62, 20216 }, // ž
    { 14, 27, 23, 6, 27, 48, 20278 }, // ſ
    { 9, 5, 0, -17, 29, 6, 20326 }, // ̀
    { 8, 5, 0, -14, 29, 5, 20332 }, // ́
    { 15, 5, 0, -19, 29, 10, 20337 }, // ̂
    { 13, 5, 0, -18, 29, 9, 20347 }, // ̃
    { 13, 4, 0, -18, 29, 7, 20356 }, // ̄
    { 13, 6, 0, -18, 30, 10, 20363 }, // ̆
    { 7, 5, 0, -15, 29, 5, 20373 }, // ̇
    { 15, 5, 0, -19, 29, 10, 20378 }, // ̈
    { 8, 9, 0, -15, 33, 9, 20388 }, // ̉
    { 10, 9, 0, -16, 32, 12, 20397 }, // ̊
    { 16, 5, 0, -18, 29, 10, 20409 }, // ̋
    { 15, 5, 0, -19, 29, 10, 20419 }, // ̌
    { 16, 5, 0, -21, 29, 10, 20429 }, // ̏
    { 8, 9, 0, -15, 33, 9, 20439 }, // ̒
    { 6, 7, 0, -9, 25, 6, 20448 }, // ̛
    { 7, 5, 0, -15, -3, 5, 20454 }, // ̣
    { 10, 8, 0, -16, -1, 10, 20459 }, // ̥
    { 9, 6, 0, -16, -3, 7, 20469 }, // ̦
    { 9, 9, 0, -16, 1, 11, 20476 }, // ̧
    { 8, 8, 0, -16, 0, 8, 20487 }, // ̨
    { 26, 4, 0, -24, 15, 13, 20495 }, // ̶
    { 21, 24, 0, -22, 23, 63, 20508 }, // ̷
    { 15, 29, 0, -19, 25, 55, 20571 }, // ̸
    { 17, 36, 23, 3, 36, 77, 20626 }, // Ё
    { 21, 34, 23, 0, 27, 90, 20703 }, // Ђ
    { 18, 36, 23, 4, 36, 81, 20793 }, // Ѓ
    { 17, 27, 23, 3, 27, 58, 20874 }, // Є
    { 19, 27, 23, 2, 27, 65, 20932 }, // Ѕ
    { 16, 27, 23, 3, 27, 54, 20997 }, // І
    { 16, 36, 23, 3, 36, 72, 21051 }, // Ї
    { 18, 27, 23, 1, 27, 61, 21123 }, // Ј
    { 24, 27, 23, -1, 27, 81, 21184 }, // Љ
    { 21, 27, 23, 2, 27, 71, 21265 }, // Њ
    { 21, 27, 23, 0, 27, 71, 21336 }, // Ћ
    { 19, 36, 23, 3, 36, 86, 21407 }, // Ќ
    { 20, 36, 23, 1, 36, 90, 21493 }, // Ў
    { 17, 32, 23, 3, 27, 68, 21583 }, // Џ
    { 20, 27, 23, 1, 27, 68, 21651 }, // А
    { 18, 27, 23, 3, 27, 61, 21719 }, // Б
    { 18, 27, 23, 3, 27, 61, 21780 }, // В
    { 18, 27, 23, 4, 27, 61, 21841 }, // Г
    { 22, 32, 23, 0, 27, 88, 21902 }, // Д
    { 17, 27, 23, 3, 27, 58, 21990 }, // Е
    { 23, 27, 23, 0, 27, 78, 22048 }, // Ж
    { 20, 27, 23, 1, 27, 68, 22126 }, // З
    { 17, 27, 23, 3, 27, 58, 22194 }, // И
    { 17, 36, 23, 3, 36, 77, 22252 }, // Й
    { 19, 27, 23, 3, 27, 65, 22329 }, // К
    { 20, 27, 23, 0, 27, 68, 22394 }, // Л
    { 19, 27, 23, 2, 27, 65, 22462 }, // М
    { 17, 27, 23, 3, 27, 58, 22527 }, // Н
    { 17, 27, 23, 3, 27, 58, 22585 }, // О
    { 17, 27, 23, 3, 27, 58, 22643 }, // П
    { 18, 27, 23, 3, 27, 61, 22701 }, // Р
    { 17, 27, 23, 3, 27, 58, 22762 }, // С
    { 19, 27, 23, 2, 27, 65, 22820 }, // Т
    { 20, 27, 23, 1, 27, 68, 22885 }, // У
    { 21, 30, 23, 1, 29, 79, 22953 }, // Ф
    { 21, 27, 23, 1, 27, 71, 23032 }, // Х
    { 19, 32, 23, 3, 27, 76, 23103 }, // Ц
    { 18, 27, 23, 2, 27, 61, 23179 }, // Ч
    { 19, 27, 23, 2, 27, 65, 23240 }, // Ш
    { 21, 33, 23, 2, 27, 87, 23305 }, // Щ
    { 22, 27, 23, -1, 27, 75, 23392 }, // Ъ
    { 19, 27, 23, 2, 27, 65, 23467 }, // Ы
    { 18, 27, 23, 3, 27, 61, 23532 }, // Ь
    { 18, 27, 23, 2, 27, 61, 23593 }, // Э
    { 20, 27, 23, 2, 27, 68, 23654 }, // Ю
    { 18, 27, 23, 2, 27, 61, 23722 }, // Я
    { 18, 21, 23, 2, 21, 48, 23783 }, // а
    { 17, 29, 23, 3, 29, 62, 23831 }, // б
    { 17, 21, 23, 3, 21, 45, 23893 }, // в
    { 16, 21, 23, 5, 21, 42, 23938 }, // г
    { 21, 26, 23, 1, 21, 69, 23980 }, // д
    { 17, 21, 23, 3, 21, 45, 24049 }, // е
    { 23, 21, 23, 0, 21, 61, 24094 }, // ж
    { 18, 21, 23, 2, 21, 48, 24155 }, // з
    { 17, 21, 23, 3, 21, 45, 24203 }, // и
    { 17, 30, 23, 3, 30, 64, 24248 }, // й
    { 19, 21, 23, 3, 21, 50, 24312 }, // к
    { 20, 21, 23, 0, 21, 53, 24362 }, // л
    { 19, 21, 23, 2, 21, 50, 24415 }, // м
    { 17, 21, 23, 3, 21, 45, 24465 }, // н
    { 17, 21, 23, 3, 21, 45, 24510 }, // о
    { 17, 21, 23, 3, 21, 45, 24555 }, // п
    { 17, 28, 23, 3, 21, 60, 24600 }, // р
    { 17, 21, 23, 3, 21, 45, 24660 }, // с
    { 19, 21, 23, 2, 21, 50, 24705 }, // т
    { 19, 28, 23, 2, 21, 67, 24755 }, // у
    { 20, 34, 23, 1, 27, 85, 24822 }, // ф
    { 20, 21, 23, 1, 21, 53, 24907 }, // х
    { 19, 26, 23, 3, 21, 62, 24960 }, // ц
    { 17, 21, 23, 2, 21, 45, 25022 }, // ч
    { 19, 21, 23, 2, 21, 50, 25067 }, // ш
    { 21, 27, 23, 2, 21, 71, 25117 }, // щ
    { 22, 21, 23, 0, 21, 58, 25188 }, // ъ
    { 19, 21, 23, 2, 21, 50, 25246 }, // ы
    { 18, 21, 23, 3, 21, 48, 25296 }, // ь
    { 17, 21, 23, 3, 21, 45, 25344 }, // э
    { 20, 21, 23, 2, 21, 53, 25389 }, // ю
    { 18, 21, 23, 2, 21, 48, 25442 }, // я
    { 17, 29, 23, 3, 29, 62, 25490 }, // ё
    { 20, 34, 23, 0, 27, 85, 25552 }, // ђ
    { 16, 29, 23, 5, 29, 58, 25637 }, // ѓ
    { 17, 21, 23, 3, 21, 45, 25695 }, // є
    { 17, 21, 23, 3, 21, 45, 25740 }, // ѕ
    { 19, 29, 23, 3, 29, 69, 25785 }, // і
    { 19, 29, 23, 3, 29, 69, 25854 }, // ї
    { 15, 36, 23, 3, 29, 68, 25923 }, // ј
    { 22, 21, 23, 0, 21, 58, 25991 }, // љ
    { 20, 21, 23, 2, 21, 53, 26049 }, // њ
    { 20, 27, 23, 0, 27, 68, 26102 }, // ћ
    { 19, 29, 23, 3, 29, 69, 26170 }, // ќ
    { 19, 37, 23, 2, 30, 88, 26239 }, // ў
    { 17, 26, 23, 3, 21, 56, 26327 }, // џ
    { 18, 31, 23, 4, 31, 70, 26383 }, // Ґ
    { 16, 25, 23, 4, 25, 50, 26453 }, // ґ
    { 21, 27, 23, 1, 27, 71, 26503 }, // Ғ
    { 20, 21, 23, 1, 21, 53, 26574 }, // ғ
    { 20, 32, 23, 3, 27, 80, 26627 }, // Қ
    { 19, 26, 23, 3, 21, 62, 26707 }, // қ
    { 18, 32, 23, 3, 27, 72, 26769 }, // Ң
    { 18, 26, 23, 3, 21, 59, 26841 }, // ң
    { 21, 27, 23, 1, 27, 71, 26900 }, // Ү
    { 19, 28, 23, 2, 21, 67, 26971 }, // ү
    { 21, 27, 23, 1, 27, 71, 27038 }, // Ұ
    { 19, 28, 23, 2, 21, 67, 27109 }, // ұ
    { 19, 32, 23, 2, 27, 76, 27176 }, // Ҷ
    { 19, 26, 23, 2, 21, 62, 27252 }, // ҷ
    { 17, 27, 23, 3, 27, 58, 27314 }, // Һ
    { 17, 21, 23, 3, 21, 45, 27372 }, // һ
    { 17, 27, 23, 3, 27, 58, 27417 }, // Ә
    { 17, 21, 23, 3, 21, 45, 27475 }, // ә
    { 23, 36, 23, 0, 36, 104, 27520 }, // Ӝ
    { 23, 29, 23, 0, 29, 84, 27624 }, // ӝ
    { 20, 36, 23, 1, 36, 90, 27708 }, // Ӟ
    { 18, 29, 23, 2, 29, 66, 27798 }, // ӟ
    { 17, 36, 23, 3, 36, 77, 27864 }, // Ӥ
    { 17, 29, 23, 3, 29, 62, 27941 }, // ӥ
    { 17, 36, 23, 3, 36, 77, 28003 }, // Ӧ
    { 17, 29, 23, 3, 29, 62, 28080 }, // ӧ
    { 17, 27, 23, 3, 27, 58, 28142 }, // Ө
    { 17, 21, 23, 3, 21, 45, 28200 }, // ө
    { 18, 36, 23, 2, 36, 81, 28245 }, // Ӵ
    { 17, 29, 23, 2, 29, 62, 28326 }, // ӵ
    { 0, 0, 23, 0, 0, 0, 28388 }, //  
    { 0, 0, 23, 0, 0, 0, 28388 }, // ​
    { 13, 4, 23, 5, 15, 7, 28388 }, // ‐
    { 17, 4, 23, 3, 15, 9, 28395 }, // –
    { 23, 4, 23, 0, 15, 12, 28404 }, // —
    { 15, 36, 23, 4, 32, 68, 28416 }, // ‖
    { 8, 11, 23, 7, 27, 11, 28484 }, // ‘
    { 7, 11, 23, 8, 27, 10, 28495 }, // ’
    { 7, 11, 23, 8, 5, 10, 28505 }, // ‚
    { 8, 11, 23, 7, 27, 11, 28515 }, // ‛
    { 16, 11, 23, 3, 27, 22, 28526 }, // “
    { 16, 11, 23, 3, 27, 22, 28548 }, // ”
    { 17, 11, 23, 3, 5, 24, 28570 }, // „
    { 16, 11, 23, 3, 27, 22, 28594 }, // ‟
    { 17, 36, 23, 3, 32, 77, 28616 }, // †
    { 17, 36, 23, 3, 31, 77, 28693 }, // ‡
    { 10, 9, 23, 6, 18, 12, 28770 }, // •
    { 7, 6, 23, 8, 6, 6, 28782 }, // ․
    { 19, 7, 23, 2, 7, 17, 28788 }, // …
    { 25, 27, 23, -1, 27, 85, 28805 }, // ‰
    { 8, 11, 23, 7, 27, 11, 28890 }, // ′
    { 15, 11, 23, 4, 27, 21, 28901 }, // ″
    { 23, 11, 23, 0, 27, 32, 28922 }, // ‴
    { 13, 18, 23, 5, 20, 30, 28954 }, // ‹
    { 13, 18, 23, 5, 20, 30, 28984 }, // ›
    { 16, 27, 23, 3, 27, 54, 29014 }, // ‼
    { 14, 27, 23, 5, 27, 48, 29068 }, // ‽
    { 25, 4, 23, -1, 32, 13, 29116 }, // ‾
    { 23, 7, 23, 0, 0, 21, 29129 }, // ‿
    { 23, 27, 23, 0, 27, 78, 29150 }, // ⁄
    { 11, 36, 23, 7, 32, 50, 29228 }, // ⁅
    { 11, 36, 23, 5, 32, 50, 29278 }, // ⁆
    { 13, 17, 23, 5, 32, 28, 29328 }, // ⁰
    { 12, 17, 23, 5, 32, 26, 29356 }, // ⁴
    { 13, 17, 23, 5, 32, 28, 29382 }, // ⁵
    { 13, 17, 23, 5, 32, 28, 29410 }, // ⁶
    { 13, 17, 23, 5, 32, 28, 29438 }, // ⁷
    { 13, 17, 23, 5, 32, 28, 29466 }, // ⁸
    { 13, 17, 23, 5, 32, 28, 29494 }, // ⁹
    { 11, 11, 23, 6, 23, 16, 29522 }, // ⁺
    { 13, 9, 23, 5, 27, 15, 29538 }, // ⁼
    { 13, 17, 23, 5, 12, 28, 29553 }, // ₀
    { 14, 17, 23, 5, 12, 30, 29581 }, // ₁
    { 13, 17, 23, 5, 12, 28, 29611 }, // ₂
    { 13, 17, 23, 5, 12, 28, 29639 }, // ₃
    { 12, 17, 23, 5, 12, 26, 29667 }, // ₄
    { 13, 17, 23, 5, 12, 28, 29693 }, // ₅
    { 13, 17, 23, 5, 12, 28, 29721 }, // ₆
    { 13, 17, 23, 5, 12, 28, 29749 }, // ₇
    { 13, 17, 23, 5, 12, 28, 29777 }, // ₈
    { 13, 17, 23, 5, 12, 28, 29805 }, // ₉
    { 20, 31, 23, 3, 27, 78, 29833 }, // ₫
    { 20, 27, 23, 0, 27, 68, 29911 }, // €
    { 21, 27, 23, 1, 27, 71, 29979 }, // ₮
    { 20, 27, 23, 1, 27, 68, 30050 }, // ₴
    { 20, 27, 23, 1, 27, 68, 30118 }, // ₽
    { 18, 38, 23, 3, 33, 86, 30186 }, // ₿
    { 23, 21, 23, 0, 23, 61, 30272 }, // ←
    { 21, 29, 23, 1, 29, 77, 30333 }, // ↑
    { 23, 21, 23, 0, 23, 61, 30410 }, // →
    { 21, 29, 23, 1, 28, 77, 30471 }, // ↓
    { 30, 21, 23, -4, 23, 79, 30548 }, // ↔
    { 21, 42, 23, 1, 35, 111, 30627 }, // ↕
    { 20, 19, 23, 2, 28, 48, 30738 }, // ↖
    { 20, 19, 23, 1, 28, 48, 30786 }, // ↗
    { 20, 19, 23, 1, 19, 48, 30834 }, // ↘
    { 20, 19, 23, 2, 19, 48, 30882 }, // ↙
    { 23, 11, 23, 0, 17, 32, 30930 }, // ↝
    { 23, 15, 23, 0, 18, 44, 30962 }, // ↞
    { 23, 15, 23, 0, 18, 44, 31006 }, // ↠
    { 23, 15, 23, 0, 18, 44, 31050 }, // ↢
    { 23, 15, 23, 0, 18, 44, 31094 }, // ↣
    { 15, 21, 23, 4, 21, 40, 31138 }, // ↥
    { 23, 15, 23, 0, 18, 44, 31178 }, // ↦
    { 15, 21, 23, 4, 21, 40, 31222 }, // ↧
    { 23, 23, 23, 0, 27, 67, 31262 }, // ↩
    { 23, 23, 23, 0, 27, 67, 31329 }, // ↪
    { 23, 15, 23, 0, 18, 44, 31396 }, // ↭
    { 10, 39, 23, 9, 32, 49, 31440 }, // ↾
    { 23, 25, 23, 0, 23, 72, 31489 }, // ⇉
    { 23, 23, 23, 0, 24, 67, 31561 }, // ⇐
    { 25, 39, 23, -1, 32, 122, 31628 }, // ⇑
    { 23, 23, 23, 0, 24, 67, 31750 }, // ⇒
    { 25, 39, 23, -1, 32, 122, 31817 }, // ⇓
    { 30, 23, 23, -4, 24, 87, 31939 }, // ⇔
    { 23, 22, 23, 0, 24, 64, 32026 }, // ⇛
    { 16, 30, 23, 3, 30, 60, 32090 }, // ⇞
    { 16, 30, 23, 3, 28, 60, 32150 }, // ⇟
    { 23, 15, 23, 0, 20, 44, 32210 }, // ⇥
    { 23, 31, 23, 0, 31, 90, 32254 }, // ⇧
    { 23, 23, 23, 0, 24, 67, 32344 }, // ⇨
    { 23, 31, 23, 0, 31, 90, 32411 }, // ⇪
    { 20, 28, 23, 1, 28, 70, 32501 }, // ∀
    { 13, 22, 23, 5, 22, 36, 32571 }, // ∁
    { 17, 28, 23, 3, 28, 60, 32607 }, // ∂
    { 16, 28, 23, 3, 28, 56, 32667 }, // ∃
    { 17, 36, 23, 2, 32, 77, 32723 }, // ∄
    { 25, 28, 23, -1, 28, 88, 32800 }, // ∅
    { 20, 27, 23, 1, 27, 68, 32888 }, // ∆
    { 20, 28, 23, 1, 28, 70, 32956 }, // ∇
    { 21, 22, 23, 1, 25, 58, 33026 }, // ∈
    { 21, 32, 23, 1, 30, 84, 33084 }, // ∉
    { 11, 12, 23, 6, 19, 17, 33168 }, // ∊
    { 21, 22, 23, 1, 25, 58, 33185 }, // ∋
    { 21, 32, 23, 1, 30, 84, 33243 }, // ∌
    { 15, 20, 23, 4, 20, 38, 33327 }, // ∎
    { 21, 36, 23, 1, 29, 95, 33365 }, // ∏
    { 21, 35, 23, 1, 28, 92, 33460 }, // ∐
    { 19, 35, 23, 2, 28, 84, 33552 }, // ∑
    { 13, 4, 23, 5, 15, 7, 33636 }, // −
    { 19, 22, 23, 2, 21, 53, 33643 }, // ∓
    { 23, 27, 23, 0, 27, 78, 33696 }, // ∕
    { 10, 9, 23, 6, 17, 12, 33774 }, // ∘
    { 7, 6, 23, 8, 16, 6, 33786 }, // ∙
    { 22, 28, 23, 1, 28, 77, 33792 }, // √
    { 21, 13, 23, 1, 19, 35, 33869 }, // ∞
    { 5, 28, 23, 9, 28, 18, 33904 }, // ∣
    { 15, 28, 23, 4, 28, 53, 33922 }, // ∤
    { 12, 28, 23, 5, 28, 42, 33975 }, // ∥
    { 19, 19, 23, 2, 21, 46, 34017 }, // ∧
    { 19, 19, 23, 2, 21, 46, 34063 }, // ∨
    { 21, 29, 23, 1, 29, 77, 34109 }, // ∩
    { 21, 28, 23, 1, 28, 74, 34186 }, // ∪
    { 21, 35, 23, 0, 28, 92, 34260 }, // ∫
    { 21, 22, 23, 1, 22, 58, 34352 }, // ∴
    { 21, 22, 23, 1, 22, 58, 34410 }, // ∵
    { 7, 21, 23, 8, 21, 19, 34468 }, // ∶
    { 19, 20, 23, 2, 20, 48, 34487 }, // ∷
    { 13, 12, 23, 5, 18, 20, 34535 }, // ∸
    { 23, 17, 23, 0, 21, 49, 34555 }, // ∹
    { 19, 8, 23, 2, 17, 19, 34604 }, // ∼
    { 21, 12, 23, 1, 19, 32, 34623 }, // ∾
    { 19, 15, 23, 2, 21, 36, 34655 }, // ≃
    { 19, 23, 23, 2, 26, 55, 34691 }, // ≅
    { 19, 34, 23, 2, 30, 81, 34746 }, // ≇
    { 19, 18, 23, 2, 21, 43, 34827 }, // ≈
    { 19, 32, 23, 2, 30, 76, 34870 }, // ≉
    { 19, 22, 23, 2, 23, 53, 34946 }, // ≋
    { 21, 17, 23, 1, 21, 45, 34999 }, // ≍
    { 23, 18, 23, 0, 22, 52, 35044 }, // ≔
    { 17, 25, 23, 3, 28, 54, 35096 }, // ≗
    { 17, 28, 23, 3, 31, 60, 35150 }, // ≟
    { 17, 32, 23, 3, 29, 68, 35210 }, // ≠
    { 17, 19, 23, 3, 22, 41, 35278 }, // ≡
    { 17, 30, 23, 3, 28, 64, 35319 }, // ≢
    { 17, 19, 23, 3, 22, 41, 35383 }, // ≣
    { 17, 28, 23, 3, 28, 60, 35424 }, // ≤
    { 17, 28, 23, 3, 28, 60, 35484 }, // ≥
    { 23, 21, 23, 0, 23, 61, 35544 }, // ≪
    { 23, 21, 23, 0, 23, 61, 35605 }, // ≫
    { 12, 26, 23, 6, 23, 39, 35666 }, // ≬
    { 21, 26, 23, 1, 26, 69, 35705 }, // ≭
    { 17, 31, 23, 3, 28, 66, 35774 }, // ≮
    { 17, 31, 23, 3, 28, 66, 35840 }, // ≯
    { 17, 34, 23, 3, 30, 73, 35906 }, // ≰
    { 17, 34, 23, 3, 30, 73, 35979 }, // ≱
    { 19, 28, 23, 2, 28, 67, 36052 }, // ≲
    { 17, 28, 23, 3, 28, 60, 36119 }, // ≳
    { 18, 21, 23, 2, 23, 48, 36179 }, // ≺
    { 18, 21, 23, 3, 23, 48, 36227 }, // ≻
    { 18, 28, 23, 2, 28, 63, 36275 }, // ≼
    { 21, 18, 23, 1, 23, 48, 36338 }, // ⊂
    { 21, 18, 23, 1, 23, 48, 36386 }, // ⊃
    { 21, 32, 23, 1, 30, 84, 36434 }, // ⊄
    { 21, 32, 23, 1, 30, 84, 36518 }, // ⊅
    { 21, 26, 23, 1, 26, 69, 36602 }, // ⊆
    { 21, 26, 23, 1, 26, 69, 36671 }, // ⊇
    { 21, 36, 23, 1, 32, 95, 36740 }, // ⊈
    { 21, 36, 23, 1, 32, 95, 36835 }, // ⊉
    { 19, 28, 23, 2, 28, 67, 36930 }, // ⊎
    { 21, 19, 23, 1, 22, 50, 36997 }, // ⊏
    { 21, 18, 23, 1, 21, 48, 37047 }, // ⊐
    { 21, 26, 23, 1, 26, 69, 37095 }, // ⊑
    { 21, 26, 23, 1, 26, 69, 37164 }, // ⊒
    { 19, 21, 23, 2, 21, 50, 37233 }, // ⊓
    { 19, 21, 23, 2, 21, 50, 37283 }, // ⊔
    { 25, 24, 23, -1, 25, 75, 37333 }, // ⊕
    { 25, 24, 23, -1, 25, 75, 37408 }, // ⊖
    { 25, 24, 23, -1, 25, 75, 37483 }, // ⊗
    { 25, 24, 23, -1, 25, 75, 37558 }, // ⊘
    { 25, 24, 23, -1, 24, 75, 37633 }, // ⊙
    { 25, 24, 23, -1, 25, 75, 37708 }, // ⊛
    { 25, 24, 23, -1, 25, 75, 37783 }, // ⊜
    { 25, 24, 23, -1, 25, 75, 37858 }, // ⊝
    { 23, 23, 23, 0, 24, 67, 37933 }, // ⊞
    { 23, 23, 23, 0, 24, 67, 38000 }, // ⊟
    { 23, 23, 23, 0, 24, 67, 38067 }, // ⊠
    { 23, 23, 23, 0, 24, 67, 38134 }, // ⊡
    { 23, 23, 23, 0, 23, 67, 38201 }, // ⊢
    { 23, 23, 23, 0, 23, 67, 38268 }, // ⊣
    { 23, 24, 23, 0, 24, 69, 38335 }, // ⊤
    { 23, 23, 23, 0, 23, 67, 38404 }, // ⊥
    { 17, 28, 23, 3, 28, 60, 38471 }, // ⊴
    { 23, 7, 23, 0, 16, 21, 38531 }, // ⊸
    { 19, 27, 23, 2, 27, 65, 38552 }, // ⊻
    { 21, 27, 23, 1, 30, 71, 38617 }, // ⊼
    { 21, 27, 23, 1, 30, 71, 38688 }, // ⊽
    { 21, 29, 23, 1, 29, 77, 38759 }, // ⋂
    { 21, 28, 23, 1, 28, 74, 38836 }, // ⋃
    { 11, 11, 23, 6, 18, 16, 38910 }, // ⋄
    { 10, 10, 23, 6, 18, 13, 38926 }, // ⋆
    { 23, 25, 23, 0, 26, 72, 38939 }, // ⋈
    { 23, 25, 23, 0, 26, 72, 39011 }, // ⋉
    { 23, 25, 23, 0, 26, 72, 39083 }, // ⋊
    { 21, 22, 23, 1, 22, 58, 39155 }, // ⋎
    { 21, 22, 23, 1, 25, 58, 39213 }, // ⋐
    { 21, 36, 23, 1, 32, 95, 39271 }, // ⋢
    { 7, 23, 23, 8, 24, 21, 39366 }, // ⋮
    { 25, 5, 23, -1, 15, 16, 39387 }, // ⋯
    { 25, 23, 23, -1, 24, 72, 39403 }, // ⋰
    { 25, 23, 23, -1, 24, 72, 39475 }, // ⋱
    { 25, 29, 23, -1, 29, 91, 39547 }, // �
};

static const EpdUnicodeInterval jetbrainsmono_18_regularIntervals[] = {
    { 0xD, 0xD, 0x0 },
    { 0x20, 0x7E, 0x1 },
    { 0xA0, 0xAC, 0x60 },
    { 0xAE, 0xFF, 0x6D },
    { 0x100, 0x17F, 0xBF },
    { 0x300, 0x304, 0x13F },
    { 0x306, 0x30C, 0x144 },
    { 0x30F, 0x30F, 0x14B },
    { 0x312, 0x312, 0x14C },
    { 0x31B, 0x31B, 0x14D },
    { 0x323, 0x323, 0x14E },
    { 0x325, 0x328, 0x14F },
    { 0x336, 0x338, 0x153 },
    { 0x401, 0x40C, 0x156 },
    { 0x40E, 0x44F, 0x162 },
    { 0x451, 0x45C, 0x1A4 },
    { 0x45E, 0x45F, 0x1B0 },
    { 0x490, 0x493, 0x1B2 },
    { 0x49A, 0x49B, 0x1B6 },
    { 0x4A2, 0x4A3, 0x1B8 },
    { 0x4AE, 0x4B1, 0x1BA },
    { 0x4B6, 0x4B7, 0x1BE },
    { 0x4BA, 0x4BB, 0x1C0 },
    { 0x4D8, 0x4D9, 0x1C2 },
    { 0x4DC, 0x4DF, 0x1C4 },
    { 0x4E4, 0x4E9, 0x1C8 },
    { 0x4F4, 0x4F5, 0x1CE },
    { 0x2001, 0x2001, 0x1D0 },
    { 0x200B, 0x200B, 0x1D1 },
    { 0x2010, 0x2010, 0x1D2 },
    { 0x2013, 0x2014, 0x1D3 },
    { 0x2016, 0x2016, 0x1D5 },
    { 0x2018, 0x2022, 0x1D6 },
    { 0x2024, 0x2024, 0x1E1 },
    { 0x2026, 0x2026, 0x1E2 },
    { 0x2030, 0x2030, 0x1E3 },
    { 0x2032, 0x2034, 0x1E4 },
    { 0x2039, 0x203A, 0x1E7 },
    { 0x203C, 0x203F, 0x1E9 },
    { 0x2044, 0x2046, 0x1ED },
    { 0x2070, 0x2070, 0x1F0 },
    { 0x2074, 0x207A, 0x1F1 },
    { 0x207C, 0x207C, 0x1F8 },
    { 0x2080, 0x2089, 0x1F9 },
    { 0x20AB, 0x20AC, 0x203 },
    { 0x20AE, 0x20AE, 0x205 },
    { 0x20B4, 0x20B4, 0x206 },
    { 0x20BD, 0x20BD, 0x207 },
    { 0x20BF, 0x20BF, 0x208 },
    { 0x2190, 0x2199, 0x209 },
    { 0x219D, 0x219E, 0x213 },
    { 0x21A0, 0x21A0, 0x215 },
    { 0x21A2, 0x21A3, 0x216 },
    { 0x21A5, 0x21A7, 0x218 },
    { 0x21A9, 0x21AA, 0x21B },
    { 0x21AD, 0x21AD, 0x21D },
    { 0x21BE, 0x21BE, 0x21E },
    { 0x21C9, 0x21C9, 0x21F },
    { 0x21D0, 0x21D4, 0x220 },
    { 0x21DB, 0x21DB, 0x225 },
    { 0x21DE, 0x21DF, 0x226 },
    { 0x21E5, 0x21E5, 0x228 },
    { 0x21E7, 0x21E8, 0x229 },
    { 0x21EA, 0x21EA, 0x22B },
    { 0x2200, 0x220C, 0x22C },
    { 0x220E, 0x2213, 0x239 },
    { 0x2215, 0x2215, 0x23F },
    { 0x2218, 0x221A, 0x240 },
    { 0x221E, 0x221E, 0x243 },
    { 0x2223, 0x2225, 0x244 },
    { 0x2227, 0x222B, 0x247 },
    { 0x2234, 0x2239, 0x24C },
    { 0x223C, 0x223C, 0x252 },
    { 0x223E, 0x223E, 0x253 },
    { 0x2243, 0x2243, 0x254 },
    { 0x2245, 0x2245, 0x255 },
    { 0x2247, 0x2249, 0x256 },
    { 0x224B, 0x224B, 0x259 },
    { 0x224D, 0x224D, 0x25A },
    { 0x2254, 0x2254, 0x25B },
    { 0x2257, 0x2257, 0x25C },
    { 0x225F, 0x2265, 0x25D },
    { 0x226A, 0x2273, 0x264 },
    { 0x227A, 0x227C, 0x26E },
    { 0x2282, 0x2289, 0x271 },
    { 0x228E, 0x2299, 0x279 },
    { 0x229B, 0x22A5, 0x285 },
    { 0x22B4, 0x22B4, 0x290 },
    { 0x22B8, 0x22B8, 0x291 },
    { 0x22BB, 0x22BD, 0x292 },
    { 0x22C2, 0x22C4, 0x295 },
    { 0x22C6, 0x22C6, 0x298 },
    { 0x22C8, 0x22CA, 0x299 },
    { 0x22CE, 0x22CE, 0x29C },
    { 0x22D0, 0x22D0, 0x29D },
    { 0x22E2, 0x22E2, 0x29E },
    { 0x22EE, 0x22F1, 0x29F },
    { 0xFFFD, 0xFFFD, 0x2A3 },
};

static const EpdFontData jetbrainsmono_18_regular = {
    jetbrainsmono_18_regularBitmaps,
    jetbrainsmono_18_regularGlyphs,
    jetbrainsmono_18_regularIntervals,
    98,
    50,
    39,
    -12,
    false,
};
