/**
 * generated by fontconvert.py
 * name: jetbrainsmono_12_regular
 * size: 12
 * mode: 1-bit
 * Command used: fontconvert.py jetbrainsmono_12_regular 12 ../builtinFonts/source/JetBrainsMono/JetBrainsMono-Regular.ttf
 */
#pragma once
#include "EpdFontData.h"

static const uint8_t jetbrainsmono_12_regularBitmaps[17672] = {
    0x73, 0x9C, 0xE7, 0x39, 0xCE, 0x73, 0x9C, 0xE7, 0x00, 0x0E, 0xFB, 0x80, 0xE3, 0xF1, 0xF8, 0xFC,
    0x7E, 0x3F, 0x1F, 0x8E, 0x06, 0x18, 0x0C, 0x30, 0x18, 0xE0, 0x71, 0xC0, 0xE3, 0x0F, 0xFF, 0xDF,
    0xFF, 0x86, 0x38, 0x1C, 0x70, 0x38, 0xE0, 0x71, 0x87, 0xFF, 0xEF, 0xFF, 0xC3, 0x1C, 0x0E, 0x38,
    0x1C, 0x60, 0x30, 0xC0, 0x61, 0x80, 0x07, 0x00, 0x38, 0x01, 0xC0, 0x1F, 0x83, 0xFE, 0x1F, 0xF9,
    0xDD, 0xCE, 0xEE, 0x77, 0x03, 0xB8, 0x1F, 0xC0, 0x7E, 0x01, 0xFC, 0x03, 0xF0, 0x1F, 0xC0, 0xEE,
    0x07, 0x3F, 0xBB, 0xDD, 0xDC, 0xFF, 0xE3, 0xFE, 0x0F, 0xE0, 0x1C, 0x00, 0xE0, 0x07, 0x00, 0x7C,
    0x0F, 0xFC, 0x3B, 0xBC, 0x67, 0x39, 0xCE, 0x77, 0x1D, 0xEC, 0x3F, 0xB8, 0x3E, 0xE0, 0x03, 0x80,
    0x07, 0x00, 0x1D, 0xF0, 0x77, 0xF0, 0xDE, 0xE3, 0xB9, 0xCE, 0x73, 0x98, 0xE7, 0x70, 0xFF, 0xC0,
    0xF8, 0x0F, 0xC0, 0x1F, 0xE0, 0x1C, 0xF0, 0x38, 0x70, 0x18, 0x70, 0x1C, 0x00, 0x0E, 0x00, 0x3F,
    0x00, 0x7F, 0x00, 0x7B, 0x8E, 0xE1, 0xDC, 0xE0, 0xFC, 0xE0, 0xF8, 0xE0, 0xF0, 0xF0, 0xF8, 0x7B,
    0xDC, 0x7F, 0x9E, 0x3F, 0x0E, 0xFF, 0xFF, 0xF8, 0x03, 0x07, 0xC7, 0xC7, 0x87, 0x83, 0x81, 0xC1,
    0xE0, 0xE0, 0x70, 0x38, 0x1C, 0x0E, 0x07, 0x03, 0x81, 0xC0, 0xF0, 0x38, 0x1C, 0x0F, 0x03, 0xC0,
    0xF8, 0x3E, 0x06, 0x60, 0x7C, 0x1F, 0x03, 0xC0, 0xF0, 0x38, 0x1C, 0x0F, 0x03, 0x81, 0xC0, 0xE0,
    0x70, 0x38, 0x1C, 0x0E, 0x07, 0x07, 0x83, 0x81, 0xC1, 0xE1, 0xE3, 0xE3, 0xE0, 0xC0, 0x03, 0x80,
    0x07, 0x00, 0x0E, 0x03, 0x1C, 0x67, 0xBB, 0xCF, 0xFF, 0x87, 0xFC, 0x03, 0xE0, 0x07, 0xC0, 0x1D,
    0xC0, 0x7B, 0xC0, 0xE3, 0x81, 0x83, 0x00, 0x07, 0x00, 0x38, 0x01, 0xC0, 0x0E, 0x00, 0x70, 0x7F,
    0xFF, 0xFF, 0xE0, 0xE0, 0x07, 0x00, 0x38, 0x01, 0xC0, 0x0E, 0x00, 0x7B, 0x9C, 0xEF, 0x73, 0x9C,
    0xFF, 0xFF, 0xC0, 0x77, 0xFE, 0xE0, 0x00, 0x70, 0x03, 0x80, 0x1C, 0x01, 0xC0, 0x0E, 0x00, 0xF0,
    0x07, 0x00, 0x38, 0x03, 0x80, 0x1C, 0x00, 0xE0, 0x0E, 0x00, 0x70, 0x07, 0x80, 0x38, 0x01, 0xC0,
    0x1C, 0x00, 0xE0, 0x07, 0x00, 0x70, 0x03, 0x80, 0x3C, 0x01, 0xC0, 0x0E, 0x00, 0x3F, 0x8F, 0xFB,
    0xEF, 0xF0, 0x7E, 0x0F, 0xC1, 0xF8, 0x3F, 0x77, 0xEE, 0xFD, 0xDF, 0x83, 0xF0, 0x7E, 0x0F, 0xC1,
    0xF8, 0x3F, 0xDF, 0x7F, 0xC7, 0xF0, 0x1F, 0x03, 0xF0, 0xFF, 0x0F, 0x70, 0xC7, 0x08, 0x70, 0x07,
    0x00, 0x70, 0x07, 0x00, 0x70, 0x07, 0x00, 0x70, 0x07, 0x00, 0x70, 0x07, 0x00, 0x70, 0xFF, 0xFF,
    0xFF, 0x1F, 0xC1, 0xFF, 0x1F, 0x7C, 0xE0, 0xE7, 0x07, 0x30, 0x38, 0x01, 0xC0, 0x0E, 0x00, 0xE0,
    0x0F, 0x00, 0xF0, 0x0F, 0x00, 0xF0, 0x0F, 0x00, 0xF0, 0x0F, 0x00, 0x7F, 0xFB, 0xFF, 0xC0, 0x7F,
    0xF7, 0xFF, 0x00, 0xE0, 0x1C, 0x03, 0x80, 0x70, 0x0F, 0x00, 0xFC, 0x0F, 0xE0, 0x0F, 0x00, 0x70,
    0x07, 0x60, 0x7E, 0x07, 0x70, 0x77, 0x9F, 0x3F, 0xE1, 0xFC, 0x01, 0xC0, 0x38, 0x07, 0x80, 0x70,
    0x0E, 0x01, 0xE0, 0x1C, 0x03, 0xC7, 0x78, 0x77, 0x07, 0xF0, 0x7E, 0x07, 0xFF, 0xFF, 0xFF, 0x00,
    0x70, 0x07, 0x00, 0x70, 0x07, 0x7F, 0xF7, 0xFF, 0x70, 0x07, 0x00, 0x70, 0x07, 0x00, 0x7F, 0xC7,
    0xFE, 0x01, 0xF0, 0x07, 0x00, 0x70, 0x07, 0x60, 0x77, 0x07, 0x70, 0x77, 0xDF, 0x3F, 0xE1, 0xFC,
    0x03, 0x80, 0x38, 0x01, 0xC0, 0x1C, 0x00, 0xE0, 0x0E, 0x00, 0xFF, 0x07, 0xFC, 0x7D, 0xF3, 0x83,
    0x98, 0x0F, 0xC0, 0x7E, 0x03, 0xF0, 0x1D, 0xC1, 0xCF, 0xBE, 0x3F, 0xE0, 0xFE, 0x00, 0xFF, 0xFF,
    0xFF, 0xE0, 0x7E, 0x0E, 0xE0, 0xE0, 0x1E, 0x01, 0xC0, 0x1C, 0x03, 0x80, 0x38, 0x07, 0x80, 0x70,
    0x07, 0x00, 0xE0, 0x0E, 0x01, 0xE0, 0x1C, 0x01, 0xC0, 0x1F, 0xC1, 0xFF, 0x1F, 0x7C, 0xE0, 0xE7,
    0x07, 0x38, 0x38, 0xF7, 0x83, 0xF8, 0x3F, 0xE3, 0xEF, 0x9C, 0x1D, 0xC0, 0x7E, 0x03, 0xF0, 0x1D,
    0xC1, 0xCF, 0xBE, 0x3F, 0xE0, 0xFE, 0x00, 0x1F, 0xC1, 0xFF, 0x1F, 0x7C, 0xE0, 0xEE, 0x03, 0xF0,
    0x1F, 0x80, 0xEE, 0x0E, 0x7D, 0xF1, 0xFF, 0x87, 0xF8, 0x03, 0xC0, 0x1C, 0x01, 0xC0, 0x1E, 0x00,
    0xE0, 0x0F, 0x00, 0x70, 0x00, 0x77, 0xFE, 0xE0, 0x00, 0x00, 0x00, 0x1D, 0xFF, 0xB8, 0x77, 0xFE,
    0xE0, 0x00, 0x00, 0x00, 0x1C, 0xE7, 0x3B, 0xDC, 0xE7, 0x00, 0x00, 0x60, 0x3C, 0x1F, 0x8F, 0xC7,
    0xE1, 0xF0, 0x38, 0x07, 0x80, 0xFC, 0x07, 0xE0, 0x3F, 0x01, 0xF0, 0x0E, 0x00, 0x40, 0xFF, 0xFF,
    0xFC, 0x00, 0x00, 0x00, 0x00, 0x00, 0x3F, 0xFF, 0xFF, 0xC0, 0x1E, 0x03, 0xF0, 0x1F, 0x80, 0xFC,
    0x07, 0xC0, 0x38, 0x0F, 0x07, 0xE3, 0xF1, 0xF8, 0x7C, 0x0E, 0x01, 0x00, 0x00, 0xFE, 0x3F, 0xC0,
    0xF8, 0x0E, 0x03, 0x80, 0xE0, 0x38, 0x3E, 0x3F, 0x0F, 0x83, 0x80, 0xE0, 0x38, 0x00, 0x00, 0x01,
    0xE0, 0x78, 0x1E, 0x00, 0x1F, 0xC1, 0xFF, 0x9F, 0x3F, 0xE0, 0x7E, 0x03, 0xF1, 0xFF, 0x9F, 0xFC,
    0xE7, 0xE6, 0x1F, 0x30, 0xF9, 0x87, 0xCC, 0x3E, 0x61, 0xF3, 0x9F, 0x9F, 0xFC, 0x7E, 0xE0, 0x07,
    0x00, 0x1C, 0x00, 0xF8, 0x03, 0xFC, 0x0F, 0xE0, 0x0F, 0x80, 0x7C, 0x03, 0xE0, 0x1F, 0x01, 0xDC,
    0x0E, 0xE0, 0x77, 0x03, 0xB8, 0x38, 0xE1, 0xC7, 0x0E, 0x38, 0x7F, 0xC7, 0xFF, 0x38, 0x39, 0xC1,
    0xCE, 0x0E, 0xE0, 0x3F, 0x01, 0xC0, 0xFF, 0x8F, 0xFC, 0xE3, 0xEE, 0x0E, 0xE0, 0xEE, 0x0E, 0xE0,
    0xEE, 0x3C, 0xFF, 0x8F, 0xFC, 0xE3, 0xEE, 0x0E, 0xE0, 0x7E, 0x07, 0xE0, 0xEE, 0x1E, 0xFF, 0xCF,
    0xF8, 0x3F, 0x87, 0xFC, 0xF9, 0xEE, 0x0E, 0xE0, 0xEE, 0x00, 0xE0, 0x0E, 0x00, 0xE0, 0x0E, 0x00,
    0xE0, 0x0E, 0x00, 0xE0, 0x0E, 0x0E, 0xE0, 0xEF, 0x9E, 0x7F, 0xC3, 0xF8, 0xFF, 0x1F, 0xFB, 0x8F,
    0x70, 0x7E, 0x0F, 0xC1, 0xF8, 0x3F, 0x07, 0xE0, 0xFC, 0x1F, 0x83, 0xF0, 0x7E, 0x0F, 0xC1, 0xF8,
    0x3F, 0x1E, 0xFF, 0xDF, 0xE0, 0xFF, 0xFF, 0xFF, 0x80, 0x70, 0x0E, 0x01, 0xC0, 0x38, 0x07, 0xFF,
    0xFF, 0xFC, 0x03, 0x80, 0x70, 0x0E, 0x01, 0xC0, 0x38, 0x07, 0x00, 0xFF, 0xFF, 0xFC, 0xFF, 0xFF,
    0xFF, 0xE0, 0x0E, 0x00, 0xE0, 0x0E, 0x00, 0xE0, 0x0E, 0x00, 0xFF, 0xEF, 0xFE, 0xE0, 0x0E, 0x00,
    0xE0, 0x0E, 0x00, 0xE0, 0x0E, 0x00, 0xE0, 0x0E, 0x00, 0x3F, 0x8F, 0xFB, 0xEF, 0xF0, 0x7E, 0x0F,
    0xC0, 0x38, 0x07, 0x00, 0xE7, 0xFC, 0xFF, 0x83, 0xF0, 0x7E, 0x0F, 0xC1, 0xF8, 0x3F, 0xDF, 0x7F,
    0xC7, 0xF0, 0xE0, 0xFC, 0x1F, 0x83, 0xF0, 0x7E, 0x0F, 0xC1, 0xF8, 0x3F, 0x07, 0xFF, 0xFF, 0xFF,
    0x83, 0xF0, 0x7E, 0x0F, 0xC1, 0xF8, 0x3F, 0x07, 0xE0, 0xFC, 0x1C, 0xFF, 0xFF, 0xFC, 0x38, 0x07,
    0x00, 0xE0, 0x1C, 0x03, 0x80, 0x70, 0x0E, 0x01, 0xC0, 0x38, 0x07, 0x00, 0xE0, 0x1C, 0x03, 0x80,
    0x70, 0xFF, 0xFF, 0xFC, 0x00, 0x70, 0x07, 0x00, 0x70, 0x07, 0x00, 0x70, 0x07, 0x00, 0x70, 0x07,
    0x00, 0x70, 0x07, 0x00, 0x70, 0x07, 0xE0, 0x7E, 0x07, 0xE0, 0xEF, 0x9E, 0x7F, 0xC3, 0xF8, 0xE0,
    0x7E, 0x0E, 0xE0, 0xEE, 0x1C, 0xE1, 0xCE, 0x38, 0xE3, 0x8E, 0x70, 0xFF, 0x0F, 0xF0, 0xE7, 0x0E,
    0x38, 0xE3, 0x8E, 0x1C, 0xE1, 0xEE, 0x0E, 0xE0, 0xFE, 0x07, 0xE0, 0x1C, 0x03, 0x80, 0x70, 0x0E,
    0x01, 0xC0, 0x38, 0x07, 0x00, 0xE0, 0x1C, 0x03, 0x80, 0x70, 0x0E, 0x01, 0xC0, 0x38, 0x07, 0x00,
    0xFF, 0xFF, 0xFC, 0xF8, 0xFF, 0xC7, 0xFE, 0x3F, 0xFB, 0xFF, 0xDF, 0xF6, 0xDF, 0xBE, 0xFD, 0xF7,
    0xE7, 0x3F, 0x39, 0xF8, 0x0F, 0xC0, 0x7E, 0x03, 0xF0, 0x1F, 0x80, 0xFC, 0x07, 0xE0, 0x3F, 0x01,
    0xC0, 0xF0, 0xFE, 0x1F, 0xE3, 0xFC, 0x7F, 0x8F, 0xF9, 0xFF, 0x3F, 0x67, 0xEE, 0xFD, 0xDF, 0x9B,
    0xF3, 0xFE, 0x7F, 0xC7, 0xF8, 0xFF, 0x1F, 0xE1, 0xFC, 0x3C, 0x3F, 0x8F, 0xFB, 0xEF, 0xF0, 0x7E,
    0x0F, 0xC1, 0xF8, 0x3F, 0x07, 0xE0, 0xFC, 0x1F, 0x83, 0xF0, 0x7E, 0x0F, 0xC1, 0xF8, 0x3F, 0xDF,
    0x7F, 0xC7, 0xF0, 0xFF, 0xCF, 0xFE, 0xE1, 0xFE, 0x07, 0xE0, 0x7E, 0x07, 0xE0, 0x7E, 0x1F, 0xFF,
    0xEF, 0xFC, 0xE0, 0x0E, 0x00, 0xE0, 0x0E, 0x00, 0xE0, 0x0E, 0x00, 0xE0, 0x0E, 0x00, 0x3F, 0x87,
    0xFC, 0xFB, 0xEE, 0x0E, 0xE0, 0xEE, 0x0E, 0xE0, 0xEE, 0x0E, 0xE0, 0xEE, 0x0E, 0xE0, 0xEE, 0x0E,
    0xE0, 0xEE, 0x0E, 0xE0, 0xEF, 0xBE, 0x7F, 0xC3, 0xF8, 0x03, 0x80, 0x1C, 0x01, 0xE0, 0x0E, 0xFF,
    0x8F, 0xFC, 0xE1, 0xEE, 0x0F, 0xE0, 0x7E, 0x07, 0xE0, 0xFE, 0x1E, 0xFF, 0xCF, 0xF8, 0xE7, 0x8E,
    0x38, 0xE3, 0xCE, 0x1C, 0xE1, 0xCE, 0x0E, 0xE0, 0xEE, 0x07, 0x1F, 0xC1, 0xFF, 0x1F, 0x7C, 0xE0,
    0xE7, 0x07, 0x38, 0x01, 0xE0, 0x07, 0xE0, 0x1F, 0xC0, 0x3F, 0x00, 0x3C, 0x00, 0xE0, 0x03, 0xF8,
    0x1D, 0xC1, 0xCF, 0xBE, 0x3F, 0xE0, 0xFE, 0x00, 0xFF, 0xFF, 0xFF, 0xC1, 0xC0, 0x0E, 0x00, 0x70,
    0x03, 0x80, 0x1C, 0x00, 0xE0, 0x07, 0x00, 0x38, 0x01, 0xC0, 0x0E, 0x00, 0x70, 0x03, 0x80, 0x1C,
    0x00, 0xE0, 0x07, 0x00, 0x38, 0x00, 0xE0, 0xFC, 0x1F, 0x83, 0xF0, 0x7E, 0x0F, 0xC1, 0xF8, 0x3F,
    0x07, 0xE0, 0xFC, 0x1F, 0x83, 0xF0, 0x7E, 0x0F, 0xC1, 0xF8, 0x3F, 0xDF, 0x7F, 0xC7, 0xF0, 0xE0,
    0x3F, 0x01, 0xDC, 0x1C, 0xE0, 0xE7, 0x07, 0x38, 0x38, 0xE3, 0x87, 0x1C, 0x38, 0xE1, 0xC7, 0x07,
    0x70, 0x3B, 0x81, 0xDC, 0x0E, 0xE0, 0x3E, 0x01, 0xF0, 0x0F, 0x80, 0x7C, 0x00, 0xE3, 0x8F, 0xC7,
    0x1F, 0x8E, 0x3B, 0x3E, 0x66, 0x7C, 0xCE, 0xF9, 0x9D, 0xB7, 0x3B, 0x6E, 0x76, 0xDC, 0xED, 0xB9,
    0xDB, 0x71, 0xF7, 0xC3, 0xEF, 0x87, 0x8F, 0x0F, 0x1E, 0x1E, 0x3C, 0x3C, 0x78, 0x78, 0xF0, 0xF0,
    0x3B, 0x83, 0x9E, 0x1C, 0x71, 0xC3, 0xDE, 0x0E, 0xE0, 0x3E, 0x01, 0xF0, 0x07, 0x00, 0x7C, 0x03,
    0xE0, 0x3F, 0x81, 0xDC, 0x1C, 0x70, 0xE3, 0x8E, 0x0E, 0xF0, 0x7F, 0x01, 0xC0, 0x70, 0x1C, 0xE0,
    0x38, 0xE0, 0xE1, 0xC1, 0xC1, 0xC7, 0x03, 0x8E, 0x03, 0xB8, 0x07, 0x70, 0x07, 0xC0, 0x0F, 0x80,
    0x0E, 0x00, 0x1C, 0x00, 0x38, 0x00, 0x70, 0x00, 0xE0, 0x01, 0xC0, 0x03, 0x80, 0x07, 0x00, 0xFF,
    0xFF, 0xFC, 0x03, 0x80, 0xE0, 0x3C, 0x07, 0x01, 0xE0, 0x38, 0x0E, 0x03, 0xC0, 0x70, 0x1E, 0x03,
    0x80, 0xE0, 0x3C, 0x07, 0x00, 0xFF, 0xFF, 0xFC, 0xFF, 0xFF, 0x87, 0x0E, 0x1C, 0x38, 0x70, 0xE1,
    0xC3, 0x87, 0x0E, 0x1C, 0x38, 0x70, 0xE1, 0xC3, 0x87, 0x0E, 0x1F, 0xFF, 0x80, 0x70, 0x03, 0x80,
    0x1C, 0x00, 0x70, 0x03, 0x80, 0x1E, 0x00, 0x70, 0x03, 0x80, 0x0E, 0x00, 0x70, 0x03, 0x80, 0x0E,
    0x00, 0x70, 0x03, 0xC0, 0x0E, 0x00, 0x70, 0x01, 0xC0, 0x0E, 0x00, 0x70, 0x01, 0xC0, 0x0E, 0x00,
    0x78, 0x01, 0xC0, 0x0E, 0xFF, 0xFC, 0x38, 0x70, 0xE1, 0xC3, 0x87, 0x0E, 0x1C, 0x38, 0x70, 0xE1,
    0xC3, 0x87, 0x0E, 0x1C, 0x38, 0x70, 0xFF, 0xFF, 0x80, 0x0E, 0x03, 0xE0, 0x7C, 0x0D, 0xC3, 0xB8,
    0x63, 0x1C, 0x73, 0x86, 0xE0, 0xFC, 0x1C, 0xFF, 0xFF, 0xFF, 0xC0, 0xE3, 0xC7, 0x8E, 0x1F, 0xC3,
    0xFE, 0x78, 0xF7, 0x07, 0x00, 0x73, 0xFF, 0x7F, 0xF7, 0x87, 0xF0, 0x7E, 0x07, 0xF0, 0x77, 0x9F,
    0x7F, 0xF3, 0xF7, 0xE0, 0x1C, 0x03, 0x80, 0x70, 0x0E, 0xF9, 0xFF, 0xBE, 0xFF, 0x07, 0xE0, 0xFC,
    0x1F, 0x83, 0xF0, 0x7E, 0x0F, 0xC1, 0xF8, 0x3F, 0xDF, 0xFF, 0xDD, 0xF0, 0x3F, 0x87, 0xFC, 0xF9,
    0xEE, 0x0E, 0xE0, 0xEE, 0x00, 0xE0, 0x0E, 0x00, 0xE0, 0x0E, 0x0E, 0xE0, 0xEF, 0x9E, 0x7F, 0xC3,
    0xF8, 0x00, 0xE0, 0x1C, 0x03, 0x80, 0x73, 0xEE, 0xFF, 0xFE, 0xFF, 0x07, 0xE0, 0xFC, 0x1F, 0x83,
    0xF0, 0x7E, 0x0F, 0xC1, 0xF8, 0x3F, 0xDF, 0x7F, 0xE7, 0xDC, 0x3F, 0x8F, 0xFB, 0xEF, 0xF0, 0x7E,
    0x0F, 0xC1, 0xFF, 0xFF, 0xFF, 0xE0, 0x1C, 0x03, 0x83, 0xFC, 0xF7, 0xFC, 0x7F, 0x00, 0x07, 0xF8,
    0x7F, 0xC3, 0xC0, 0x1C, 0x00, 0xE0, 0x07, 0x03, 0xFF, 0xFF, 0xFF, 0x0E, 0x00, 0x70, 0x03, 0x80,
    0x1C, 0x00, 0xE0, 0x07, 0x00, 0x38, 0x01, 0xC0, 0x0E, 0x00, 0x70, 0x00, 0x3E, 0xEF, 0xFF, 0xEF,
    0xF0, 0x7E, 0x0F, 0xC1, 0xF8, 0x3F, 0x07, 0xE0, 0xFC, 0x1F, 0xEF, 0xBF, 0xF3, 0xFE, 0x01, 0xC0,
    0x38, 0x0F, 0x3F, 0xC7, 0xF0, 0xE0, 0x1C, 0x03, 0x80, 0x70, 0x0E, 0xF9, 0xFF, 0xBE, 0xFF, 0x07,
    0xE0, 0xFC, 0x1F, 0x83, 0xF0, 0x7E, 0x0F, 0xC1, 0xF8, 0x3F, 0x07, 0xE0, 0xFC, 0x1C, 0x0F, 0x00,
    0xF0, 0x0F, 0x00, 0x00, 0x00, 0x0F, 0xF0, 0xFF, 0x00, 0x70, 0x07, 0x00, 0x70, 0x07, 0x00, 0x70,
    0x07, 0x00, 0x70, 0x07, 0x00, 0x70, 0x07, 0x0F, 0xFF, 0xFF, 0xF0, 0x03, 0x81, 0xF0, 0x38, 0x00,
    0x00, 0x3F, 0xEF, 0xF8, 0x0E, 0x03, 0x80, 0xE0, 0x38, 0x0E, 0x03, 0x80, 0xE0, 0x38, 0x0E, 0x03,
    0x80, 0xE0, 0x38, 0x0E, 0x0F, 0xBF, 0xCF, 0xE0, 0xE0, 0x0E, 0x00, 0xE0, 0x0E, 0x00, 0xE0, 0xFE,
    0x0E, 0xE1, 0xEE, 0x3C, 0xE3, 0x8E, 0x78, 0xFF, 0x0F, 0xF0, 0xE7, 0x8E, 0x38, 0xE1, 0xCE, 0x1E,
    0xE0, 0xEE, 0x07, 0xFF, 0x03, 0xFC, 0x00, 0x70, 0x01, 0xC0, 0x07, 0x00, 0x1C, 0x00, 0x70, 0x01,
    0xC0, 0x07, 0x00, 0x1C, 0x00, 0x70, 0x01, 0xC0, 0x07, 0x00, 0x1C, 0x00, 0x70, 0x01, 0xE0, 0x03,
    0xFC, 0x07, 0xF0, 0xFE, 0xF7, 0xFF, 0xBD, 0xDF, 0xCE, 0x7E, 0x73, 0xF3, 0x9F, 0x9C, 0xFC, 0xE7,
    0xE7, 0x3F, 0x39, 0xF9, 0xCF, 0xCE, 0x7E, 0x73, 0xF3, 0x9C, 0xEF, 0x9F, 0xFB, 0xEF, 0xF0, 0x7E,
    0x0F, 0xC1, 0xF8, 0x3F, 0x07, 0xE0, 0xFC, 0x1F, 0x83, 0xF0, 0x7E, 0x0F, 0xC1, 0xC0, 0x3F, 0x8F,
    0xFB, 0xEF, 0xF0, 0x7E, 0x0F, 0xC1, 0xF8, 0x3F, 0x07, 0xE0, 0xFC, 0x1F, 0x83, 0xFD, 0xF7, 0xFC,
    0x7F, 0x00, 0xEF, 0x9F, 0xFB, 0xEF, 0xF0, 0x7E, 0x0F, 0xC1, 0xF8, 0x3F, 0x07, 0xE0, 0xFC, 0x1F,
    0x83, 0xFD, 0xFF, 0xFD, 0xDF, 0x38, 0x07, 0x00, 0xE0, 0x1C, 0x00, 0x3E, 0xEF, 0xFF, 0xEF, 0xF0,
    0x7E, 0x0F, 0xC1, 0xF8, 0x3F, 0x07, 0xE0, 0xFC, 0x1F, 0x83, 0xFD, 0xF7, 0xFE, 0x7D, 0xC0, 0x38,
    0x07, 0x00, 0xE0, 0x1C, 0xEF, 0xCF, 0xFE, 0xF9, 0xEF, 0x0E, 0xF0, 0x7E, 0x07, 0xE0, 0x6E, 0x00,
    0xE0, 0x0E, 0x00, 0xE0, 0x0E, 0x00, 0xE0, 0x0E, 0x00, 0x3F, 0x8F, 0xFB, 0xC7, 0xF0, 0x7E, 0x01,
    0xF8, 0x1F, 0xF1, 0xFF, 0x00, 0xE0, 0x1F, 0x83, 0xF8, 0xF7, 0xFC, 0x7F, 0x00, 0x0E, 0x00, 0xE0,
    0x0E, 0x00, 0xE0, 0xFF, 0xFF, 0xFF, 0x0E, 0x00, 0xE0, 0x0E, 0x00, 0xE0, 0x0E, 0x00, 0xE0, 0x0E,
    0x00, 0xE0, 0x0E, 0x00, 0xF0, 0x0F, 0xF0, 0x7F, 0xE0, 0xFC, 0x1F, 0x83, 0xF0, 0x7E, 0x0F, 0xC1,
    0xF8, 0x3F, 0x07, 0xE0, 0xFC, 0x1F, 0x83, 0xFD, 0xE7, 0xFC, 0x7F, 0x00, 0xE0, 0x3F, 0x83, 0xDC,
    0x1C, 0xE0, 0xE7, 0x8F, 0x1C, 0x70, 0xE3, 0x87, 0x9C, 0x1D, 0xC0, 0xEE, 0x07, 0xF0, 0x1F, 0x00,
    0xF8, 0x07, 0xC0, 0xE3, 0x8E, 0xC7, 0x19, 0x8E, 0x33, 0xBE, 0xE7, 0x7D, 0xCE, 0xDB, 0x9D, 0xB7,
    0x1B, 0x6C, 0x36, 0xD8, 0x7D, 0xF0, 0xF3, 0xE1, 0xE3, 0xC3, 0xC7, 0x03, 0x8E, 0x00, 0xF0, 0x7B,
    0xC7, 0x8E, 0x38, 0x7B, 0xC1, 0xFC, 0x07, 0xC0, 0x3E, 0x01, 0xF0, 0x0F, 0x80, 0xEE, 0x0F, 0x78,
    0x71, 0xC7, 0x07, 0x78, 0x3C, 0xE0, 0x3B, 0x83, 0x9C, 0x1C, 0xF0, 0xE3, 0x8E, 0x1C, 0x70, 0x73,
    0x83, 0xB8, 0x1D, 0xC0, 0x7C, 0x03, 0xE0, 0x0F, 0x00, 0x70, 0x03, 0x80, 0x3C, 0x01, 0xC0, 0x0E,
    0x00, 0xE0, 0x00, 0xFF, 0xFF, 0xFC, 0x07, 0x81, 0xE0, 0x38, 0x0E, 0x03, 0xC0, 0xF0, 0x3C, 0x07,
    0x01, 0xC0, 0x70, 0x0F, 0xFF, 0xFF, 0xC0, 0x01, 0xF0, 0x3F, 0x03, 0xC0, 0x38, 0x03, 0x80, 0x38,
    0x03, 0x80, 0x38, 0x03, 0x80, 0x70, 0xFF, 0x0F, 0xF0, 0x07, 0x00, 0x38, 0x03, 0x80, 0x38, 0x03,
    0x80, 0x38, 0x03, 0x80, 0x38, 0x03, 0xC0, 0x3F, 0x01, 0xF0, 0xFF, 0xFF, 0xFF, 0xFF, 0xFF, 0xFF,
    0xFF, 0xFF, 0xFF, 0xF8, 0x0F, 0xC0, 0x3C, 0x01, 0xE0, 0x1C, 0x01, 0xC0, 0x1C, 0x01, 0xC0, 0x1C,
    0x01, 0xE0, 0x0F, 0xF0, 0xFF, 0x1E, 0x01, 0xC0, 0x1C, 0x01, 0xC0, 0x1C, 0x01, 0xC0, 0x1C, 0x01,
    0xE0, 0x3C, 0x0F, 0xC0, 0xF8, 0x00, 0x3C, 0x3B, 0xF1, 0xF9, 0xCD, 0xC7, 0xEE, 0x1E, 0x00, 0x77,
    0xDC, 0x00, 0x39, 0xCE, 0x73, 0x9C, 0xE7, 0x39, 0xCE, 0x73, 0x80, 0x0E, 0x00, 0xE0, 0x0E, 0x01,
    0xF0, 0x3F, 0xC7, 0xFE, 0xFE, 0xEE, 0xEE, 0xEE, 0x0E, 0xE0, 0xEE, 0x0E, 0xE0, 0xEE, 0x0E, 0xEE,
    0xEE, 0xE7, 0xFE, 0x7F, 0xC1, 0xF8, 0x0E, 0x00, 0xE0, 0x0E, 0x00, 0x1F, 0xC1, 0xFF, 0x1F, 0x7C,
    0xE0, 0xE7, 0x07, 0x38, 0x01, 0xE0, 0x07, 0x00, 0xFF, 0xC7, 0xFE, 0x07, 0x00, 0x38, 0x01, 0xC0,
    0x1E, 0x01, 0xE0, 0x0E, 0x00, 0xFF, 0xFF, 0xFF, 0xC0, 0x40, 0x07, 0x01, 0xFF, 0xFE, 0xFF, 0xE3,
    0xDE, 0x38, 0x39, 0xC1, 0xCE, 0x0E, 0x70, 0x73, 0x83, 0x8F, 0x78, 0xFF, 0xEF, 0xFF, 0xF0, 0x1D,
    0x00, 0x40, 0x70, 0x1C, 0xE0, 0x38, 0xE0, 0xE1, 0xC1, 0xC1, 0xC7, 0x03, 0x8E, 0x03, 0xB8, 0x07,
    0xF0, 0x07, 0xC0, 0xFF, 0xF9, 0xFF, 0xF0, 0x1C, 0x00, 0x38, 0x0F, 0xFF, 0x9F, 0xFF, 0x01, 0xC0,
    0x03, 0x80, 0x07, 0x00, 0xFF, 0xFF, 0xFF, 0xE0, 0x00, 0x3F, 0xFF, 0xFF, 0xF8, 0x1F, 0xC1, 0xFF,
    0x1E, 0x3C, 0xE0, 0xE7, 0x00, 0x3C, 0x00, 0xFE, 0x03, 0xFC, 0x38, 0xF3, 0x83, 0x9C, 0x1C, 0xE0,
    0xE7, 0x87, 0x1F, 0xF0, 0x7F, 0x80, 0xFE, 0x00, 0x70, 0x03, 0x9C, 0x1C, 0xF1, 0xE7, 0xFF, 0x1F,
    0xE0, 0xE3, 0xFB, 0xF8, 0xE0, 0x00, 0x00, 0xFE, 0x0F, 0xF8, 0xE0, 0xEE, 0x03, 0xE7, 0xCF, 0x7F,
    0x7B, 0x9B, 0xDC, 0x1E, 0xE0, 0xF7, 0x07, 0xB9, 0xBD, 0xDD, 0xE7, 0xCD, 0x88, 0xCF, 0xBE, 0x1F,
    0xC0, 0x10, 0x00, 0x38, 0xF9, 0xBB, 0xFF, 0xF8, 0xFF, 0xBF, 0x07, 0x1C, 0x1C, 0x70, 0x79, 0xC1,
    0xE7, 0x87, 0x9E, 0x0E, 0x38, 0x1C, 0x70, 0x3C, 0xF0, 0x3C, 0xF0, 0x3C, 0xF0, 0x38, 0xE0, 0x38,
    0xE0, 0xFF, 0xFF, 0xFC, 0x03, 0x80, 0x70, 0x0E, 0x1F, 0xC1, 0xFF, 0x1C, 0x1D, 0xC0, 0x7D, 0xF9,
    0xEF, 0xEF, 0x73, 0x7B, 0xBB, 0xDF, 0x9E, 0xFC, 0xF7, 0x67, 0xBB, 0xBD, 0xCD, 0xB0, 0x19, 0xE3,
    0xC3, 0xF8, 0x02, 0x00, 0xFF, 0xFF, 0xC0, 0x3E, 0x3F, 0x9D, 0xDC, 0x7E, 0x3B, 0xB9, 0xFC, 0x7C,
    0x07, 0x00, 0x38, 0x01, 0xC0, 0x0E, 0x00, 0x70, 0x03, 0x83, 0xFF, 0xFF, 0xFF, 0x07, 0x00, 0x38,
    0x01, 0xC0, 0x0E, 0x00, 0x70, 0x7F, 0xFF, 0xFF, 0xE0, 0x3E, 0x3F, 0x98, 0xFC, 0x70, 0x30, 0x38,
    0x78, 0x78, 0x78, 0x3F, 0xDF, 0xE0, 0x7F, 0xBF, 0xC1, 0xC3, 0x81, 0xE0, 0xF8, 0x0F, 0xC7, 0xE3,
    0xBF, 0x8F, 0x80, 0x1C, 0xF7, 0x9C, 0xE0, 0xFC, 0x1F, 0x83, 0xF0, 0x7E, 0x0F, 0xC1, 0xF8, 0x3F,
    0x07, 0xE0, 0xFC, 0x1F, 0x83, 0xFD, 0xFF, 0xFF, 0xFF, 0xF8, 0x07, 0x00, 0xE0, 0x1C, 0x00, 0x3F,
    0x77, 0xF7, 0x7F, 0x7F, 0xF7, 0xFF, 0x7F, 0xF7, 0xFF, 0x77, 0xF7, 0x7F, 0x73, 0xF7, 0x07, 0x70,
    0x77, 0x07, 0x70, 0x77, 0x07, 0x70, 0x77, 0x07, 0x70, 0x77, 0x07, 0x70, 0x77, 0x07, 0x70, 0x77,
    0x77, 0xFE, 0xE0, 0x63, 0xC3, 0x8F, 0xFB, 0x80, 0x3E, 0x3F, 0x3B, 0x89, 0xC0, 0xE0, 0x70, 0x38,
    0x1C, 0x0E, 0x7F, 0xFF, 0xE0, 0x38, 0xFB, 0xBE, 0x3C, 0x78, 0xDF, 0x3E, 0x71, 0xC0, 0x71, 0xC0,
    0xF3, 0xC0, 0xF3, 0xC0, 0xF3, 0xC0, 0xE3, 0x81, 0xC7, 0x07, 0x9E, 0x1E, 0x78, 0x79, 0xE0, 0xE3,
    0x83, 0x8E, 0x00, 0x18, 0x0E, 0x78, 0x1D, 0xF0, 0x72, 0xE1, 0xC1, 0xC3, 0x83, 0x8E, 0x07, 0x38,
    0x0E, 0x70, 0xFF, 0xC0, 0xFF, 0x00, 0x0C, 0x00, 0x39, 0xC0, 0xE7, 0x01, 0x8C, 0x07, 0x33, 0x1C,
    0xE6, 0x71, 0xFC, 0xE1, 0xFB, 0x80, 0x30, 0x18, 0x06, 0x78, 0x1D, 0xF0, 0x73, 0xE1, 0xC1, 0xC3,
    0x83, 0x8E, 0x07, 0x18, 0x0E, 0x70, 0xFF, 0xC0, 0xFF, 0x00, 0x0E, 0x00, 0x3B, 0xC0, 0xEF, 0xC1,
    0xD9, 0x87, 0x03, 0x1C, 0x0E, 0x38, 0x78, 0xE1, 0xC3, 0x87, 0xFE, 0x07, 0xE0, 0x00, 0x00, 0xFC,
    0x1D, 0xF8, 0x70, 0xE0, 0xE1, 0xE3, 0x80, 0xCE, 0x39, 0xB8, 0x37, 0x70, 0x7F, 0xC0, 0x37, 0x00,
    0x0E, 0x00, 0x39, 0xC0, 0xE7, 0x01, 0xCC, 0x07, 0x33, 0x1C, 0xE6, 0x71, 0xFC, 0xE1, 0xFB, 0x80,
    0x30, 0x07, 0x81, 0xE0, 0x78, 0x00, 0x00, 0x01, 0xC0, 0x70, 0x7C, 0x3F, 0x1F, 0x07, 0x01, 0xC0,
    0x70, 0x1C, 0x07, 0x01, 0xF0, 0x3F, 0xC7, 0xF0, 0x1C, 0x00, 0xF0, 0x03, 0x80, 0x0E, 0x00, 0x00,
    0x00, 0x00, 0x3E, 0x01, 0xF0, 0x0F, 0x80, 0x7C, 0x07, 0x70, 0x3B, 0x81, 0xDC, 0x0E, 0xE0, 0xE3,
    0x87, 0x1C, 0x38, 0xE1, 0xFF, 0x1F, 0xFC, 0xE0, 0xE7, 0x07, 0x38, 0x3B, 0x80, 0xFC, 0x07, 0x01,
    0xC0, 0x0E, 0x00, 0xE0, 0x0E, 0x00, 0x00, 0x00, 0x00, 0x3E, 0x01, 0xF0, 0x0F, 0x80, 0x7C, 0x07,
    0x70, 0x3B, 0x81, 0xDC, 0x0E, 0xE0, 0xE3, 0x87, 0x1C, 0x38, 0xE1, 0xFF, 0x1F, 0xFC, 0xE0, 0xE7,
    0x07, 0x38, 0x3B, 0x80, 0xFC, 0x07, 0x07, 0x00, 0x7C, 0x07, 0xF0, 0x79, 0xC0, 0x00, 0x00, 0x00,
    0x3E, 0x01, 0xF0, 0x0F, 0x80, 0x7C, 0x07, 0x70, 0x3B, 0x81, 0xDC, 0x0E, 0xE0, 0xE3, 0x87, 0x1C,
    0x38, 0xE1, 0xFF, 0x1F, 0xFC, 0xE0, 0xE7, 0x07, 0x38, 0x3B, 0x80, 0xFC, 0x07, 0x1E, 0xE1, 0xFF,
    0x0E, 0xF0, 0x00, 0x00, 0x00, 0x07, 0xC0, 0x3E, 0x01, 0xF0, 0x0F, 0x80, 0xEE, 0x07, 0x70, 0x3B,
    0x81, 0xDC, 0x1C, 0x70, 0xE3, 0x87, 0x1C, 0x3F, 0xE3, 0xFF, 0x9C, 0x1C, 0xE0, 0xE7, 0x07, 0x70,
    0x1F, 0x80, 0xE0, 0x38, 0xE1, 0xEF, 0x0E, 0x38, 0x00, 0x00, 0x00, 0x07, 0xC0, 0x3E, 0x01, 0xF0,
    0x0F, 0x80, 0xEE, 0x07, 0x70, 0x3B, 0x81, 0xDC, 0x1C, 0x70, 0xE3, 0x87, 0x1C, 0x3F, 0xE3, 0xFF,
    0x9C, 0x1C, 0xE0, 0xE7, 0x07, 0x70, 0x1F, 0x80, 0xE0, 0x0F, 0x80, 0xFE, 0x06, 0x30, 0x3B, 0x80,
    0xF8, 0x01, 0x00, 0x3E, 0x01, 0xF0, 0x0F, 0x80, 0x7C, 0x07, 0x70, 0x3B, 0x81, 0xDC, 0x0E, 0xE0,
    0xE3, 0x87, 0x1C, 0x38, 0xE1, 0xFF, 0x1F, 0xFC, 0xE0, 0xE7, 0x07, 0x38, 0x3B, 0x80, 0xFC, 0x07,
    0x0F, 0xFE, 0x1F, 0xFC, 0x77, 0x00, 0xEE, 0x01, 0xDC, 0x03, 0xB8, 0x07, 0x70, 0x1C, 0xE0, 0x39,
    0xFC, 0x73, 0xF8, 0xE7, 0x01, 0xFE, 0x07, 0xFC, 0x0E, 0x38, 0x1C, 0x70, 0x38, 0xE0, 0x71, 0xFF,
    0xE3, 0xFC, 0x3F, 0x87, 0xFC, 0xF9, 0xEE, 0x0E, 0xE0, 0xEE, 0x00, 0xE0, 0x0E, 0x00, 0xE0, 0x0E,
    0x00, 0xE0, 0x0E, 0x00, 0xE0, 0x0E, 0x0E, 0xE0, 0xEF, 0x9E, 0x7F, 0xC3, 0xF8, 0x0C, 0x01, 0xF0,
    0x07, 0x80, 0x78, 0x1F, 0x01, 0xC0, 0x38, 0x07, 0x80, 0x78, 0x07, 0x00, 0x00, 0x00, 0x3F, 0xFF,
    0xFF, 0xE0, 0x1C, 0x03, 0x80, 0x70, 0x0E, 0x01, 0xFF, 0xFF, 0xFF, 0x00, 0xE0, 0x1C, 0x03, 0x80,
    0x70, 0x0E, 0x01, 0xC0, 0x3F, 0xFF, 0xFF, 0x01, 0x80, 0x70, 0x1C, 0x07, 0x00, 0x00, 0x00, 0x3F,
    0xFF, 0xFF, 0xE0, 0x1C, 0x03, 0x80, 0x70, 0x0E, 0x01, 0xFF, 0xFF, 0xFF, 0x00, 0xE0, 0x1C, 0x03,
    0x80, 0x70, 0x0E, 0x01, 0xC0, 0x3F, 0xFF, 0xFF, 0x0E, 0x03, 0xE0, 0xFE, 0x3C, 0xE0, 0x00, 0x00,
    0x3F, 0xFF, 0xFF, 0xE0, 0x1C, 0x03, 0x80, 0x70, 0x0E, 0x01, 0xFF, 0xFF, 0xFF, 0x00, 0xE0, 0x1C,
    0x03, 0x80, 0x70, 0x0E, 0x01, 0xC0, 0x3F, 0xFF, 0xFF, 0x79, 0xCF, 0x39, 0xE7, 0x00, 0x00, 0x01,
    0xFF, 0xFF, 0xFF, 0x00, 0xE0, 0x1C, 0x03, 0x80, 0x70, 0x0F, 0xFF, 0xFF, 0xF8, 0x07, 0x00, 0xE0,
    0x1C, 0x03, 0x80, 0x70, 0x0E, 0x01, 0xFF, 0xFF, 0xF8, 0x38, 0x07, 0x80, 0x70, 0x07, 0x00, 0x00,
    0x00, 0x3F, 0xFF, 0xFF, 0x0E, 0x01, 0xC0, 0x38, 0x07, 0x00, 0xE0, 0x1C, 0x03, 0x80, 0x70, 0x0E,
    0x01, 0xC0, 0x38, 0x07, 0x00, 0xE0, 0x1C, 0x3F, 0xFF, 0xFF, 0x03, 0x80, 0x70, 0x1C, 0x07, 0x00,
    0x00, 0x00, 0x3F, 0xFF, 0xFF, 0x0E, 0x01, 0xC0, 0x38, 0x07, 0x00, 0xE0, 0x1C, 0x03, 0x80, 0x70,
    0x0E, 0x01, 0xC0, 0x38, 0x07, 0x00, 0xE0, 0x1C, 0x3F, 0xFF, 0xFF, 0x0E, 0x03, 0xE0, 0xFE, 0x3C,
    0xE0, 0x00, 0x00, 0x3F, 0xFF, 0xFF, 0x0E, 0x01, 0xC0, 0x38, 0x07, 0x00, 0xE0, 0x1C, 0x03, 0x80,
    0x70, 0x0E, 0x01, 0xC0, 0x38, 0x07, 0x00, 0xE0, 0x1C, 0x3F, 0xFF, 0xFF, 0x71, 0xCF, 0x79, 0xC7,
    0x00, 0x00, 0x01, 0xFF, 0xFF, 0xF8, 0x70, 0x0E, 0x01, 0xC0, 0x38, 0x07, 0x00, 0xE0, 0x1C, 0x03,
    0x80, 0x70, 0x0E, 0x01, 0xC0, 0x38, 0x07, 0x00, 0xE1, 0xFF, 0xFF, 0xF8, 0x3F, 0xC1, 0xFF, 0x8E,
    0x3C, 0x70, 0x73, 0x83, 0x9C, 0x1C, 0xE0, 0xE7, 0x07, 0xFF, 0x3F, 0xF9, 0xCE, 0x0E, 0x70, 0x73,
    0x83, 0x9C, 0x1C, 0xE0, 0xE7, 0x1E, 0x3F, 0xF1, 0xFE, 0x00, 0x3D, 0xCF, 0xF9, 0xDE, 0x00, 0x00,
    0x01, 0xE1, 0xFC, 0x3F, 0xC7, 0xF8, 0xFF, 0x1F, 0xF3, 0xFE, 0x7E, 0xCF, 0xDD, 0xFB, 0xBF, 0x37,
    0xE7, 0xFC, 0xFF, 0x8F, 0xF1, 0xFE, 0x3F, 0xC3, 0xF8, 0x78, 0x38, 0x07, 0x80, 0x70, 0x07, 0x00,
    0x00, 0x00, 0x0F, 0xE3, 0xFE, 0xFB, 0xFC, 0x1F, 0x83, 0xF0, 0x7E, 0x0F, 0xC1, 0xF8, 0x3F, 0x07,
    0xE0, 0xFC, 0x1F, 0x83, 0xF0, 0x7E, 0x0F, 0xF7, 0xDF, 0xF1, 0xFC, 0x03, 0x80, 0x70, 0x1C, 0x07,
    0x00, 0x00, 0x00, 0x0F, 0xE3, 0xFE, 0xFB, 0xFC, 0x1F, 0x83, 0xF0, 0x7E, 0x0F, 0xC1, 0xF8, 0x3F,
    0x07, 0xE0, 0xFC, 0x1F, 0x83, 0xF0, 0x7E, 0x0F, 0xF7, 0xDF, 0xF1, 0xFC, 0x0E, 0x03, 0xE0, 0xFE,
    0x3C, 0xE0, 0x00, 0x00, 0x0F, 0xE3, 0xFE, 0xFB, 0xFC, 0x1F, 0x83, 0xF0, 0x7E, 0x0F, 0xC1, 0xF8,
    0x3F, 0x07, 0xE0, 0xFC, 0x1F, 0x83, 0xF0, 0x7E, 0x0F, 0xF7, 0xDF, 0xF1, 0xFC, 0x3D, 0xCF, 0xF9,
    0xDE, 0x00, 0x00, 0x00, 0x7F, 0x1F, 0xF7, 0xDF, 0xE0, 0xFC, 0x1F, 0x83, 0xF0, 0x7E, 0x0F, 0xC1,
    0xF8, 0x3F, 0x07, 0xE0, 0xFC, 0x1F, 0x83, 0xF0, 0x7F, 0xBE, 0xFF, 0x8F, 0xE0, 0x71, 0xCF, 0x79,
    0xC7, 0x00, 0x00, 0x00, 0x7F, 0x1F, 0xF7, 0xDF, 0xE0, 0xFC, 0x1F, 0x83, 0xF0, 0x7E, 0x0F, 0xC1,
    0xF8, 0x3F, 0x07, 0xE0, 0xFC, 0x1F, 0x83, 0xF0, 0x7F, 0xBE, 0xFF, 0x8F, 0xE0, 0x00, 0x0C, 0x1B,
    0xC7, 0x3D, 0xC3, 0xF0, 0x3C, 0x07, 0xC1, 0xFC, 0x73, 0xDC, 0x39, 0x03, 0x00, 0x00, 0x1C, 0x1F,
    0xF8, 0x7F, 0xE1, 0xF7, 0xC3, 0x87, 0x87, 0x0F, 0x0E, 0x3E, 0x1C, 0x7C, 0x39, 0xF8, 0x77, 0x70,
    0xEE, 0xE1, 0xF9, 0xC3, 0xF3, 0x87, 0xC7, 0x0F, 0x0E, 0x1E, 0x1C, 0x3E, 0xF8, 0x7F, 0xE1, 0xFF,
    0x83, 0x00, 0x00, 0x38, 0x07, 0x80, 0x70, 0x07, 0x00, 0x00, 0x00, 0x38, 0x3F, 0x07, 0xE0, 0xFC,
    0x1F, 0x83, 0xF0, 0x7E, 0x0F, 0xC1, 0xF8, 0x3F, 0x07, 0xE0, 0xFC, 0x1F, 0x83, 0xF0, 0x7E, 0x0F,
    0xF7, 0xDF, 0xF1, 0xFC, 0x03, 0x80, 0x70, 0x1C, 0x07, 0x00, 0x00, 0x00, 0x38, 0x3F, 0x07, 0xE0,
    0xFC, 0x1F, 0x83, 0xF0, 0x7E, 0x0F, 0xC1, 0xF8, 0x3F, 0x07, 0xE0, 0xFC, 0x1F, 0x83, 0xF0, 0x7E,
    0x0F, 0xF7, 0xDF, 0xF1, 0xFC, 0x0E, 0x03, 0xE0, 0xFE, 0x3C, 0xE0, 0x00, 0x00, 0x38, 0x3F, 0x07,
    0xE0, 0xFC, 0x1F, 0x83, 0xF0, 0x7E, 0x0F, 0xC1, 0xF8, 0x3F, 0x07, 0xE0, 0xFC, 0x1F, 0x83, 0xF0,
    0x7E, 0x0F, 0xF7, 0xDF, 0xF1, 0xFC, 0x71, 0xCF, 0x79, 0xC7, 0x00, 0x00, 0x01, 0xC1, 0xF8, 0x3F,
    0x07, 0xE0, 0xFC, 0x1F, 0x83, 0xF0, 0x7E, 0x0F, 0xC1, 0xF8, 0x3F, 0x07, 0xE0, 0xFC, 0x1F, 0x83,
    0xF0, 0x7F, 0xBE, 0xFF, 0x8F, 0xE0, 0x00, 0xE0, 0x01, 0xC0, 0x07, 0x00, 0x1C, 0x00, 0x00, 0x00,
    0x00, 0x1C, 0x07, 0x38, 0x0E, 0x38, 0x38, 0x70, 0x70, 0x71, 0xC0, 0xE3, 0x80, 0xEE, 0x01, 0xDC,
    0x01, 0xF0, 0x03, 0xE0, 0x03, 0x80, 0x07, 0x00, 0x0E, 0x00, 0x1C, 0x00, 0x38, 0x00, 0x70, 0x00,
    0xE0, 0x01, 0xC0, 0xE0, 0x0E, 0x00, 0xE0, 0x0F, 0xFC, 0xFF, 0xEE, 0x1F, 0xE0, 0x7E, 0x07, 0xE0,
    0x7E, 0x07, 0xE1, 0xFF, 0xFE, 0xFF, 0xCE, 0x00, 0xE0, 0x0E, 0x00, 0xE0, 0x0E, 0x00, 0x3F, 0x87,
    0xFC, 0x7B, 0xEE, 0x0E, 0xE0, 0xEE, 0x0E, 0xE3, 0xCE, 0xF8, 0xEF, 0xCE, 0x1E, 0xE0, 0xEE, 0x07,
    0xE0, 0x7E, 0x07, 0xE0, 0xEE, 0x3E, 0xEF, 0xCE, 0xF8, 0x1C, 0x01, 0xE0, 0x0E, 0x00, 0x70, 0x00,
    0x00, 0x00, 0x1F, 0xC3, 0xFE, 0x78, 0xF7, 0x07, 0x00, 0x73, 0xFF, 0x7F, 0xF7, 0x87, 0xF0, 0x7E,
    0x07, 0xF0, 0x77, 0x9F, 0x7F, 0xF3, 0xF7, 0x01, 0xC0, 0x1C, 0x03, 0x80, 0x70, 0x00, 0x00, 0x00,
    0x1F, 0xC3, 0xFE, 0x78, 0xF7, 0x07, 0x00, 0x73, 0xFF, 0x7F, 0xF7, 0x87, 0xF0, 0x7E, 0x07, 0xF0,
    0x77, 0x9F, 0x7F, 0xF3, 0xF7, 0x07, 0x00, 0xF8, 0x1F, 0xC3, 0xCE, 0x00, 0x00, 0x00, 0x1F, 0xC3,
    0xFE, 0x78, 0xF7, 0x07, 0x00, 0x73, 0xFF, 0x7F, 0xF7, 0x87, 0xF0, 0x7E, 0x07, 0xF0, 0x77, 0x9F,
    0x7F, 0xF3, 0xF7, 0x1E, 0x63, 0xFE, 0x3B, 0xC0, 0x00, 0x00, 0x01, 0xFC, 0x3F, 0xE7, 0x8F, 0x70,
    0x70, 0x07, 0x3F, 0xF7, 0xFF, 0x78, 0x7F, 0x07, 0xE0, 0x7F, 0x07, 0x79, 0xF7, 0xFF, 0x3F, 0x70,
    0x3C, 0xE3, 0xDE, 0x3C, 0xE0, 0x00, 0x00, 0x01, 0xFC, 0x3F, 0xE7, 0x8F, 0x70, 0x70, 0x07, 0x3F,
    0xF7, 0xFF, 0x78, 0x7F, 0x07, 0xE0, 0x7F, 0x07, 0x79, 0xF7, 0xFF, 0x3F, 0x70, 0x0F, 0x80, 0xFC,
    0x1C, 0xC1, 0xDC, 0x0F, 0x80, 0x20, 0x1F, 0xC3, 0xFE, 0x78, 0xF7, 0x07, 0x00, 0x73, 0xFF, 0x7F,
    0xF7, 0x87, 0xF0, 0x7E, 0x07, 0xF0, 0x77, 0x9F, 0x7F, 0xF3, 0xF7, 0x3E, 0xF8, 0xFF, 0xF9, 0xCF,
    0x73, 0x9C, 0x60, 0x38, 0xC0, 0x71, 0xCF, 0xFF, 0xBF, 0xFF, 0x73, 0x81, 0xC7, 0x03, 0x8E, 0x33,
    0x9C, 0xE7, 0xFF, 0xC7, 0xDF, 0x00, 0x3F, 0x87, 0xFC, 0xF9, 0xEE, 0x0E, 0xE0, 0xEE, 0x00, 0xE0,
    0x0E, 0x00, 0xE0, 0x0E, 0x0E, 0xE0, 0xEF, 0x9E, 0x7F, 0xC3, 0xF8, 0x0C, 0x01, 0xF0, 0x07, 0x80,
    0x78, 0x1F, 0x01, 0xC0, 0x38, 0x07, 0x80, 0x70, 0x07, 0x00, 0x00, 0x00, 0x0F, 0xE3, 0xFE, 0xFB,
    0xFC, 0x1F, 0x83, 0xF0, 0x7F, 0xFF, 0xFF, 0xF8, 0x07, 0x00, 0xE0, 0xFF, 0x3D, 0xFF, 0x1F, 0xC0,
    0x03, 0x80, 0x70, 0x1C, 0x07, 0x00, 0x00, 0x00, 0x0F, 0xE3, 0xFE, 0xFB, 0xFC, 0x1F, 0x83, 0xF0,
    0x7F, 0xFF, 0xFF, 0xF8, 0x07, 0x00, 0xE0, 0xFF, 0x3D, 0xFF, 0x1F, 0xC0, 0x0E, 0x03, 0xE0, 0xFE,
    0x3C, 0xE0, 0x00, 0x00, 0x0F, 0xE3, 0xFE, 0xFB, 0xFC, 0x1F, 0x83, 0xF0, 0x7F, 0xFF, 0xFF, 0xF8,
    0x07, 0x00, 0xE0, 0xFF, 0x3D, 0xFF, 0x1F, 0xC0, 0x71, 0xCF, 0x79, 0xC7, 0x00, 0x00, 0x00, 0x7F,
    0x1F, 0xF7, 0xDF, 0xE0, 0xFC, 0x1F, 0x83, 0xFF, 0xFF, 0xFF, 0xC0, 0x38, 0x07, 0x07, 0xF9, 0xEF,
    0xF8, 0xFE, 0x00, 0x38, 0x01, 0xC0, 0x1E, 0x00, 0xE0, 0x00, 0x00, 0x00, 0xFF, 0x0F, 0xF0, 0x07,
    0x00, 0x70, 0x07, 0x00, 0x70, 0x07, 0x00, 0x70, 0x07, 0x00, 0x70, 0x07, 0x00, 0x70, 0xFF, 0xFF,
    0xFF, 0x01, 0xC0, 0x38, 0x07, 0x00, 0xF0, 0x00, 0x00, 0x00, 0xFF, 0x0F, 0xF0, 0x07, 0x00, 0x70,
    0x07, 0x00, 0x70, 0x07, 0x00, 0x70, 0x07, 0x00, 0x70, 0x07, 0x00, 0x70, 0xFF, 0xFF, 0xFF, 0x0E,
    0x01, 0xF0, 0x3F, 0x87, 0x9C, 0x00, 0x00, 0x00, 0xFF, 0x0F, 0xF0, 0x07, 0x00, 0x70, 0x07, 0x00,
    0x70, 0x07, 0x00, 0x70, 0x07, 0x00, 0x70, 0x07, 0x00, 0x70, 0xFF, 0xFF, 0xFF, 0x79, 0xC7, 0x9E,
    0x79, 0xC0, 0x00, 0x00, 0x0F, 0xF0, 0xFF, 0x00, 0x70, 0x07, 0x00, 0x70, 0x07, 0x00, 0x70, 0x07,
    0x00, 0x70, 0x07, 0x00, 0x70, 0x07, 0x0F, 0xFF, 0xFF, 0xF0, 0x00, 0x00, 0xF7, 0x03, 0xF8, 0x1F,
    0x83, 0xF8, 0x1D, 0xC0, 0x87, 0x00, 0x1C, 0x1F, 0xE1, 0xFF, 0x9E, 0x3C, 0xE0, 0xEF, 0x07, 0xF0,
    0x1F, 0xC1, 0xCE, 0x0E, 0x7D, 0xF1, 0xFF, 0x07, 0xF0, 0x3C, 0xCF, 0xF9, 0xDE, 0x00, 0x00, 0x01,
    0xDF, 0x3F, 0xF7, 0xDF, 0xE0, 0xFC, 0x1F, 0x83, 0xF0, 0x7E, 0x0F, 0xC1, 0xF8, 0x3F, 0x07, 0xE0,
    0xFC, 0x1F, 0x83, 0x80, 0x38, 0x07, 0x80, 0x70, 0x07, 0x00, 0x00, 0x00, 0x0F, 0xE3, 0xFE, 0xFB,
    0xFC, 0x1F, 0x83, 0xF0, 0x7E, 0x0F, 0xC1, 0xF8, 0x3F, 0x07, 0xE0, 0xFF, 0x7D, 0xFF, 0x1F, 0xC0,
    0x03, 0x80, 0x70, 0x1C, 0x07, 0x00, 0x00, 0x00, 0x0F, 0xE3, 0xFE, 0xFB, 0xFC, 0x1F, 0x83, 0xF0,
    0x7E, 0x0F, 0xC1, 0xF8, 0x3F, 0x07, 0xE0, 0xFF, 0x7D, 0xFF, 0x1F, 0xC0, 0x0E, 0x03, 0xE0, 0xFE,
    0x3C, 0xE0, 0x00, 0x00, 0x0F, 0xE3, 0xFE, 0xFB, 0xFC, 0x1F, 0x83, 0xF0, 0x7E, 0x0F, 0xC1, 0xF8,
    0x3F, 0x07, 0xE0, 0xFF, 0x7D, 0xFF, 0x1F, 0xC0, 0x3D, 0xCF, 0xF9, 0xDE, 0x00, 0x00, 0x00, 0x7F,
    0x1F, 0xF7, 0xDF, 0xE0, 0xFC, 0x1F, 0x83, 0xF0, 0x7E, 0x0F, 0xC1, 0xF8, 0x3F, 0x07, 0xFB, 0xEF,
    0xF8, 0xFE, 0x00, 0x71, 0xCF, 0x79, 0xC7, 0x00, 0x00, 0x00, 0x7F, 0x1F, 0xF7, 0xDF, 0xE0, 0xFC,
    0x1F, 0x83, 0xF0, 0x7E, 0x0F, 0xC1, 0xF8, 0x3F, 0x07, 0xFB, 0xEF, 0xF8, 0xFE, 0x00, 0x0E, 0x03,
    0xE0, 0x7C, 0x07, 0x00, 0x00, 0x00, 0x3F, 0xFF, 0xFF, 0x00, 0x00, 0x00, 0x38, 0x0F, 0x81, 0xF0,
    0x1C, 0x00, 0x00, 0x1C, 0x1F, 0xF8, 0x7F, 0xE1, 0xF7, 0xC3, 0x8F, 0x87, 0x1F, 0x0E, 0x7E, 0x1D,
    0xDC, 0x3B, 0xB8, 0x7E, 0x70, 0xF8, 0xE1, 0xE1, 0xC3, 0xEF, 0x87, 0xFE, 0x1F, 0xF8, 0x38, 0x00,
    0x38, 0x07, 0x80, 0x70, 0x07, 0x00, 0x00, 0x00, 0x38, 0x3F, 0x07, 0xE0, 0xFC, 0x1F, 0x83, 0xF0,
    0x7E, 0x0F, 0xC1, 0xF8, 0x3F, 0x07, 0xE0, 0xFF, 0x79, 0xFF, 0x1F, 0xC0, 0x03, 0x80, 0x70, 0x1C,
    0x07, 0x00, 0x00, 0x00, 0x38, 0x3F, 0x07, 0xE0, 0xFC, 0x1F, 0x83, 0xF0, 0x7E, 0x0F, 0xC1, 0xF8,
    0x3F, 0x07, 0xE0, 0xFF, 0x79, 0xFF, 0x1F, 0xC0, 0x0E, 0x03, 0xE0, 0xFE, 0x3C, 0xE0, 0x00, 0x00,
    0x38, 0x3F, 0x07, 0xE0, 0xFC, 0x1F, 0x83, 0xF0, 0x7E, 0x0F, 0xC1, 0xF8, 0x3F, 0x07, 0xE0, 0xFF,
    0x79, 0xFF, 0x1F, 0xC0, 0x71, 0xCF, 0x79, 0xC7, 0x00, 0x00, 0x01, 0xC1, 0xF8, 0x3F, 0x07, 0xE0,
    0xFC, 0x1F, 0x83, 0xF0, 0x7E, 0x0F, 0xC1, 0xF8, 0x3F, 0x07, 0xFB, 0xCF, 0xF8, 0xFE, 0x00, 0x01,
    0xC0, 0x0E, 0x00, 0xE0, 0x0E, 0x00, 0x00, 0x00, 0x03, 0x80, 0xEE, 0x0E, 0x70, 0x73, 0xC3, 0x8E,
    0x38, 0x71, 0xC1, 0xCE, 0x0E, 0xE0, 0x77, 0x01, 0xF0, 0x0F, 0x80, 0x3C, 0x01, 0xC0, 0x0E, 0x00,
    0xF0, 0x07, 0x00, 0x38, 0x03, 0x80, 0xE0, 0x1C, 0x03, 0x80, 0x70, 0x0F, 0xF9, 0xFF, 0xBE, 0xFF,
    0x07, 0xE0, 0xFC, 0x1F, 0x83, 0xF0, 0x7E, 0x0F, 0xC1, 0xF8, 0x3F, 0xDF, 0xFF, 0xDF, 0xF3, 0x80,
    0x70, 0x0E, 0x01, 0xC0, 0x00, 0x38, 0xE1, 0xEF, 0x0E, 0x38, 0x00, 0x00, 0x00, 0x70, 0x1D, 0xC1,
    0xCE, 0x0E, 0x78, 0x71, 0xC7, 0x0E, 0x38, 0x39, 0xC1, 0xDC, 0x0E, 0xE0, 0x3E, 0x01, 0xF0, 0x07,
    0x80, 0x38, 0x01, 0xC0, 0x1E, 0x00, 0xE0, 0x07, 0x00, 0x70, 0x00, 0x3F, 0xE1, 0xFF, 0x00, 0x00,
    0x00, 0x00, 0x00, 0x07, 0xC0, 0x3E, 0x01, 0xF0, 0x0F, 0x80, 0xEE, 0x07, 0x70, 0x3B, 0x81, 0xDC,
    0x1C, 0x70, 0xE3, 0x87, 0x1C, 0x3F, 0xE3, 0xFF, 0x9C, 0x1C, 0xE0, 0xE7, 0x07, 0x70, 0x1F, 0x80,
    0xE0, 0x3F, 0xE3, 0xFE, 0x00, 0x00, 0x00, 0x00, 0x01, 0xFC, 0x3F, 0xE7, 0x8F, 0x70, 0x70, 0x07,
    0x3F, 0xF7, 0xFF, 0x78, 0x7F, 0x07, 0xE0, 0x7F, 0x07, 0x79, 0xF7, 0xFF, 0x3F, 0x70, 0x38, 0xE1,
    0xEF, 0x07, 0xF0, 0x1F, 0x00, 0x00, 0x00, 0x00, 0x3E, 0x01, 0xF0, 0x0F, 0x80, 0x7C, 0x07, 0x70,
    0x3B, 0x81, 0xDC, 0x0E, 0xE0, 0xE3, 0x87, 0x1C, 0x38, 0xE1, 0xFF, 0x1F, 0xFC, 0xE0, 0xE7, 0x07,
    0x38, 0x3B, 0x80, 0xFC, 0x07, 0x38, 0x63, 0xDE, 0x1F, 0xC0, 0xF8, 0x00, 0x00, 0x00, 0x1F, 0xC3,
    0xFE, 0x78, 0xF7, 0x07, 0x00, 0x73, 0xFF, 0x7F, 0xF7, 0x87, 0xF0, 0x7E, 0x07, 0xF0, 0x77, 0x9F,
    0x7F, 0xF3, 0xF7, 0x0F, 0x80, 0x3E, 0x00, 0xF8, 0x03, 0xE0, 0x1D, 0xC0, 0x77, 0x01, 0xDC, 0x07,
    0x70, 0x38, 0xE0, 0xE3, 0x83, 0x8E, 0x0F, 0xF8, 0x7F, 0xF1, 0xC1, 0xC7, 0x07, 0x1C, 0x0C, 0xE0,
    0x3B, 0x80, 0xE0, 0x07, 0x00, 0x18, 0x00, 0xF0, 0x03, 0xF0, 0x07, 0xC0, 0x1F, 0xC0, 0xFF, 0x87,
    0x8F, 0x1C, 0x1C, 0x00, 0x70, 0xFF, 0xC7, 0xFF, 0x1E, 0x1C, 0xF0, 0x73, 0x81, 0xCF, 0x07, 0x1E,
    0x7C, 0x7F, 0xF0, 0xFD, 0xC0, 0x07, 0x00, 0x38, 0x00, 0xE0, 0x03, 0xE0, 0x07, 0x80, 0x03, 0x80,
    0x38, 0x07, 0x00, 0xE0, 0x00, 0x00, 0x00, 0x3F, 0x87, 0xFC, 0xF9, 0xEE, 0x0E, 0xE0, 0xEE, 0x00,
    0xE0, 0x0E, 0x00, 0xE0, 0x0E, 0x00, 0xE0, 0x0E, 0x00, 0xE0, 0x0E, 0x0E, 0xE0, 0xEF, 0x9E, 0x7F,
    0xC3, 0xF8, 0x03, 0x80, 0x38, 0x07, 0x00, 0xE0, 0x00, 0x00, 0x00, 0x3F, 0x87, 0xFC, 0xF9, 0xEE,
    0x0E, 0xE0, 0xEE, 0x00, 0xE0, 0x0E, 0x00, 0xE0, 0x0E, 0x0E, 0xE0, 0xEF, 0x9E, 0x7F, 0xC3, 0xF8,
    0x0E, 0x01, 0xF0, 0x3F, 0x87, 0x9C, 0x00, 0x00, 0x00, 0x3F, 0x87, 0xFC, 0xF9, 0xEE, 0x0E, 0xE0,
    0xEE, 0x00, 0xE0, 0x0E, 0x00, 0xE0, 0x0E, 0x00, 0xE0, 0x0E, 0x00, 0xE0, 0x0E, 0x0E, 0xE0, 0xEF,
    0x9E, 0x7F, 0xC3, 0xF8, 0x0E, 0x01, 0xF0, 0x3F, 0x87, 0x9C, 0x00, 0x00, 0x00, 0x3F, 0x87, 0xFC,
    0xF9, 0xEE, 0x0E, 0xE0, 0xEE, 0x00, 0xE0, 0x0E, 0x00, 0xE0, 0x0E, 0x0E, 0xE0, 0xEF, 0x9E, 0x7F,
    0xC3, 0xF8, 0x0E, 0x00, 0xF0, 0x0E, 0x00, 0x00, 0x00, 0x03, 0xF8, 0x7F, 0xCF, 0x9E, 0xE0, 0xEE,
    0x0E, 0xE0, 0x0E, 0x00, 0xE0, 0x0E, 0x00, 0xE0, 0x0E, 0x00, 0xE0, 0x0E, 0x00, 0xE0, 0xEE, 0x0E,
    0xF9, 0xE7, 0xFC, 0x3F, 0x80, 0x0F, 0x00, 0xF0, 0x0F, 0x00, 0x00, 0x00, 0x03, 0xF8, 0x7F, 0xCF,
    0x9E, 0xE0, 0xEE, 0x0E, 0xE0, 0x0E, 0x00, 0xE0, 0x0E, 0x00, 0xE0, 0xEE, 0x0E, 0xF9, 0xE7, 0xFC,
    0x3F, 0x80, 0x71, 0xC3, 0xBC, 0x1F, 0x80, 0xF0, 0x00, 0x00, 0x00, 0x3F, 0x87, 0xFC, 0xF9, 0xEE,
    0x0E, 0xE0, 0xEE, 0x00, 0xE0, 0x0E, 0x00, 0xE0, 0x0E, 0x00, 0xE0, 0x0E, 0x00, 0xE0, 0x0E, 0x0E,
    0xE0, 0xEF, 0x9E, 0x7F, 0xC3, 0xF8, 0x71, 0xC3, 0xBC, 0x1F, 0x80, 0xF0, 0x00, 0x00, 0x00, 0x3F,
    0x87, 0xFC, 0xF9, 0xEE, 0x0E, 0xE0, 0xEE, 0x00, 0xE0, 0x0E, 0x00, 0xE0, 0x0E, 0x0E, 0xE0, 0xEF,
    0x9E, 0x7F, 0xC3, 0xF8, 0x71, 0xCF, 0x78, 0xFE, 0x0F, 0x80, 0x00, 0x00, 0x3F, 0xC7, 0xFE, 0xE3,
    0xDC, 0x1F, 0x83, 0xF0, 0x7E, 0x0F, 0xC1, 0xF8, 0x3F, 0x07, 0xE0, 0xFC, 0x1F, 0x83, 0xF0, 0x7E,
    0x0F, 0xC7, 0xBF, 0xF7, 0xF8, 0x00, 0xEC, 0x01, 0xF8, 0x03, 0xF0, 0x07, 0xE3, 0xEE, 0x0F, 0xFC,
    0x1E, 0xF8, 0x78, 0xF0, 0xE0, 0xE1, 0xC1, 0xC3, 0x83, 0x87, 0x07, 0x0E, 0x0E, 0x1C, 0x1C, 0x3C,
    0x78, 0x3D, 0xF0, 0x7F, 0xE0, 0x7D, 0xC0, 0x3F, 0xC1, 0xFF, 0x8E, 0x3C, 0x70, 0x73, 0x83, 0x9C,
    0x1C, 0xE0, 0xE7, 0x07, 0xFF, 0x3F, 0xF9, 0xCE, 0x0E, 0x70, 0x73, 0x83, 0x9C, 0x1C, 0xE0, 0xE7,
    0x1E, 0x3F, 0xF1, 0xFE, 0x00, 0x00, 0xE0, 0x07, 0x03, 0xFE, 0x1F, 0xF0, 0x0E, 0x1F, 0x71, 0xFF,
    0x9F, 0x7C, 0xE0, 0xE7, 0x07, 0x38, 0x39, 0xC1, 0xCE, 0x0E, 0x70, 0x73, 0x83, 0x9F, 0x7C, 0x7F,
    0xE1, 0xF7, 0x00, 0x7F, 0xCF, 0xF8, 0x00, 0x00, 0x00, 0x01, 0xFF, 0xFF, 0xFF, 0x00, 0xE0, 0x1C,
    0x03, 0x80, 0x70, 0x0F, 0xFF, 0xFF, 0xF8, 0x07, 0x00, 0xE0, 0x1C, 0x03, 0x80, 0x70, 0x0E, 0x01,
    0xFF, 0xFF, 0xF8, 0x7F, 0xCF, 0xF8, 0x00, 0x00, 0x00, 0x00, 0x7F, 0x1F, 0xF7, 0xDF, 0xE0, 0xFC,
    0x1F, 0x83, 0xFF, 0xFF, 0xFF, 0xC0, 0x38, 0x07, 0x07, 0xF9, 0xEF, 0xF8, 0xFE, 0x00, 0x30, 0xC7,
    0x38, 0xFF, 0x0F, 0xC0, 0x00, 0x00, 0x3F, 0xFF, 0xFF, 0xE0, 0x1C, 0x03, 0x80, 0x70, 0x0E, 0x01,
    0xFF, 0xFF, 0xFF, 0x00, 0xE0, 0x1C, 0x03, 0x80, 0x70, 0x0E, 0x01, 0xC0, 0x3F, 0xFF, 0xFF, 0x71,
    0xCF, 0x78, 0xFE, 0x0F, 0x80, 0x00, 0x00, 0x0F, 0xE3, 0xFE, 0xFB, 0xFC, 0x1F, 0x83, 0xF0, 0x7F,
    0xFF, 0xFF, 0xF8, 0x07, 0x00, 0xE0, 0xFF, 0x3D, 0xFF, 0x1F, 0xC0, 0x0F, 0x01, 0xE0, 0x3C, 0x00,
    0x00, 0x01, 0xFF, 0xFF, 0xFF, 0x00, 0xE0, 0x1C, 0x03, 0x80, 0x70, 0x0F, 0xFF, 0xFF, 0xF8, 0x07,
    0x00, 0xE0, 0x1C, 0x03, 0x80, 0x70, 0x0E, 0x01, 0xFF, 0xFF, 0xF8, 0x0E, 0x03, 0xE0, 0x38, 0x00,
    0x00, 0x00, 0x7F, 0x1F, 0xF7, 0xDF, 0xE0, 0xFC, 0x1F, 0x83, 0xFF, 0xFF, 0xFF, 0xC0, 0x38, 0x07,
    0x07, 0xF9, 0xEF, 0xF8, 0xFE, 0x00, 0xFF, 0xEF, 0xFE, 0xE0, 0x0E, 0x00, 0xE0, 0x0E, 0x00, 0xE0,
    0x0F, 0xFE, 0xFF, 0xEE, 0x00, 0xE0, 0x0E, 0x00, 0xE0, 0x0E, 0x00, 0xE0, 0x0E, 0x00, 0xFF, 0xEF,
    0xFE, 0x01, 0xC0, 0x38, 0x03, 0x80, 0x3F, 0x01, 0xF0, 0x3F, 0x8F, 0xFB, 0xEF, 0x70, 0x7E, 0x0F,
    0xC1, 0xFF, 0xFF, 0xFF, 0xE0, 0x1C, 0x03, 0x83, 0xFC, 0xF7, 0xFC, 0x7F, 0x01, 0xC0, 0x70, 0x0E,
    0x01, 0xF8, 0x1F, 0x00, 0x71, 0xC7, 0x78, 0x7E, 0x07, 0x80, 0x00, 0x00, 0x3F, 0xFF, 0xFF, 0xE0,
    0x1C, 0x03, 0x80, 0x70, 0x0E, 0x01, 0xFF, 0xFF, 0xFF, 0x00, 0xE0, 0x1C, 0x03, 0x80, 0x70, 0x0E,
    0x01, 0xC0, 0x3F, 0xFF, 0xFF, 0x71, 0xCF, 0x78, 0xFE, 0x0F, 0x80, 0x00, 0x00, 0x0F, 0xE3, 0xFE,
    0xFB, 0xFC, 0x1F, 0x83, 0xF0, 0x7F, 0xFF, 0xFF, 0xF8, 0x07, 0x00, 0xE0, 0xFF, 0x3D, 0xFF, 0x1F,
    0xC0, 0x0E, 0x03, 0xE0, 0xFE, 0x3C, 0xE0, 0x00, 0x00, 0x0F, 0xE3, 0xFE, 0xFB, 0xFC, 0x1F, 0x83,
    0xF0, 0x0E, 0x01, 0xC0, 0x39, 0xFF, 0x3F, 0xE0, 0xFC, 0x1F, 0x83, 0xF0, 0x7E, 0x0F, 0xF7, 0xDF,
    0xF1, 0xFC, 0x0E, 0x03, 0xE0, 0xFE, 0x39, 0xE0, 0x00, 0x00, 0x0F, 0xBB, 0xFF, 0xFB, 0xFC, 0x1F,
    0x83, 0xF0, 0x7E, 0x0F, 0xC1, 0xF8, 0x3F, 0x07, 0xFB, 0xEF, 0xFC, 0xFF, 0x80, 0x70, 0x0E, 0x03,
    0xCF, 0xF1, 0xFC, 0x71, 0xCF, 0x78, 0xFE, 0x0F, 0x80, 0x00, 0x00, 0x0F, 0xE3, 0xFE, 0xFB, 0xFC,
    0x1F, 0x83, 0xF0, 0x0E, 0x01, 0xC0, 0x39, 0xFF, 0x3F, 0xE0, 0xFC, 0x1F, 0x83, 0xF0, 0x7E, 0x0F,
    0xF7, 0xDF, 0xF1, 0xFC, 0x71, 0xCF, 0x78, 0xFE, 0x0F, 0x80, 0x00, 0x00, 0x0F, 0xBB, 0xFF, 0xFB,
    0xFC, 0x1F, 0x83, 0xF0, 0x7E, 0x0F, 0xC1, 0xF8, 0x3F, 0x07, 0xFB, 0xEF, 0xFC, 0xFF, 0x80, 0x70,
    0x0E, 0x03, 0xCF, 0xF1, 0xFC, 0x0E, 0x03, 0xE0, 0x38, 0x00, 0x00, 0x00, 0x7F, 0x1F, 0xF7, 0xDF,
    0xE0, 0xFC, 0x1F, 0x80, 0x70, 0x0E, 0x01, 0xCF, 0xF9, 0xFF, 0x07, 0xE0, 0xFC, 0x1F, 0x83, 0xF0,
    0x7F, 0xBE, 0xFF, 0x8F, 0xE0, 0x0E, 0x03, 0xE0, 0x38, 0x00, 0x00, 0x00, 0x7D, 0xDF, 0xFF, 0xDF,
    0xE0, 0xFC, 0x1F, 0x83, 0xF0, 0x7E, 0x0F, 0xC1, 0xF8, 0x3F, 0xDF, 0x7F, 0xE7, 0xFC, 0x03, 0x80,
    0x70, 0x1E, 0x7F, 0x8F, 0xE0, 0x3F, 0x8F, 0xFB, 0xEF, 0xF0, 0x7E, 0x0F, 0xC0, 0x38, 0x07, 0x00,
    0xE7, 0xFC, 0xFF, 0x83, 0xF0, 0x7E, 0x0F, 0xC1, 0xF8, 0x3F, 0xDF, 0x7F, 0xC7, 0xF0, 0x00, 0x00,
    0x00, 0x70, 0x1E, 0x07, 0x80, 0xE0, 0x03, 0x80, 0xE0, 0x1C, 0x07, 0x80, 0xE0, 0x3C, 0x00, 0x00,
    0x00, 0x3E, 0xEF, 0xFF, 0xEF, 0xF0, 0x7E, 0x0F, 0xC1, 0xF8, 0x3F, 0x07, 0xE0, 0xFC, 0x1F, 0xEF,
    0xBF, 0xF3, 0xFE, 0x01, 0xC0, 0x38, 0x0F, 0x3F, 0xC7, 0xF0, 0x0E, 0x03, 0xE0, 0xFE, 0x3C, 0xE0,
    0x00, 0x00, 0x38, 0x3F, 0x07, 0xE0, 0xFC, 0x1F, 0x83, 0xF0, 0x7E, 0x0F, 0xC1, 0xFF, 0xFF, 0xFF,
    0xE0, 0xFC, 0x1F, 0x83, 0xF0, 0x7E, 0x0F, 0xC1, 0xF8, 0x3F, 0x07, 0x0E, 0x00, 0x3E, 0x00, 0xFE,
    0x03, 0x9E, 0x00, 0x00, 0x00, 0x00, 0x00, 0x00, 0x07, 0x00, 0x0E, 0x00, 0x1C, 0x00, 0x38, 0x00,
    0x77, 0xC0, 0xFF, 0xC1, 0xF7, 0xC3, 0x83, 0x87, 0x07, 0x0E, 0x0E, 0x1C, 0x1C, 0x38, 0x38, 0x70,
    0x70, 0xE0, 0xE1, 0xC1, 0xC3, 0x83, 0x87, 0x07, 0x0E, 0x0E, 0x38, 0x38, 0x70, 0x70, 0xE0, 0xE7,
    0xFF, 0xFF, 0xFF, 0xE7, 0x07, 0x0E, 0x0E, 0x1C, 0x1C, 0x3F, 0xF8, 0x7F, 0xF0, 0xE0, 0xE1, 0xC1,
    0xC3, 0x83, 0x87, 0x07, 0x0E, 0x0E, 0x1C, 0x1C, 0x38, 0x38, 0x70, 0x70, 0x38, 0x01, 0xC0, 0x3F,
    0xE1, 0xFF, 0x03, 0x80, 0x1D, 0xF0, 0xFF, 0xC7, 0xDF, 0x38, 0x39, 0xC1, 0xCE, 0x0E, 0x70, 0x73,
    0x83, 0x9C, 0x1C, 0xE0, 0xE7, 0x07, 0x38, 0x39, 0xC1, 0xC0, 0x3D, 0xCF, 0xF9, 0xDE, 0x00, 0x00,
    0x01, 0xFF, 0xFF, 0xF8, 0x70, 0x0E, 0x01, 0xC0, 0x38, 0x07, 0x00, 0xE0, 0x1C, 0x03, 0x80, 0x70,
    0x0E, 0x01, 0xC0, 0x38, 0x07, 0x00, 0xE1, 0xFF, 0xFF, 0xF8, 0x3C, 0xC3, 0xFC, 0x37, 0xC0, 0x00,
    0x00, 0x0F, 0xF0, 0xFF, 0x00, 0x70, 0x07, 0x00, 0x70, 0x07, 0x00, 0x70, 0x07, 0x00, 0x70, 0x07,
    0x00, 0x70, 0x07, 0x0F, 0xFF, 0xFF, 0xF0, 0x7F, 0xCF, 0xF8, 0x00, 0x00, 0x00, 0x01, 0xFF, 0xFF,
    0xF8, 0x70, 0x0E, 0x01, 0xC0, 0x38, 0x07, 0x00, 0xE0, 0x1C, 0x03, 0x80, 0x70, 0x0E, 0x01, 0xC0,
    0x38, 0x07, 0x00, 0xE1, 0xFF, 0xFF, 0xF8, 0x7F, 0xC7, 0xFC, 0x00, 0x00, 0x00, 0x00, 0x0F, 0xF0,
    0xFF, 0x00, 0x70, 0x07, 0x00, 0x70, 0x07, 0x00, 0x70, 0x07, 0x00, 0x70, 0x07, 0x00, 0x70, 0x07,
    0x0F, 0xFF, 0xFF, 0xF0, 0x71, 0xCF, 0x78, 0xFE, 0x0F, 0x80, 0x00, 0x00, 0x3F, 0xFF, 0xFF, 0x0E,
    0x01, 0xC0, 0x38, 0x07, 0x00, 0xE0, 0x1C, 0x03, 0x80, 0x70, 0x0E, 0x01, 0xC0, 0x38, 0x07, 0x00,
    0xE0, 0x1C, 0x3F, 0xFF, 0xFF, 0x30, 0xC3, 0x9C, 0x3F, 0xC1, 0xF8, 0x00, 0x00, 0x00, 0xFF, 0x0F,
    0xF0, 0x07, 0x00, 0x70, 0x07, 0x00, 0x70, 0x07, 0x00, 0x70, 0x07, 0x00, 0x70, 0x07, 0x00, 0x70,
    0xFF, 0xFF, 0xFF, 0xFF, 0xFF, 0xFC, 0x38, 0x07, 0x00, 0xE0, 0x1C, 0x03, 0x80, 0x70, 0x0E, 0x01,
    0xC0, 0x38, 0x07, 0x00, 0xE0, 0x1C, 0x03, 0x80, 0x70, 0xFF, 0xFF, 0xFC, 0x70, 0x0C, 0x03, 0xC0,
    0x7E, 0x07, 0xC0, 0x0F, 0x00, 0xF0, 0x0F, 0x00, 0x00, 0x00, 0x0F, 0xF0, 0xFF, 0x00, 0x70, 0x07,
    0x00, 0x70, 0x07, 0x00, 0x70, 0x07, 0x00, 0x70, 0x07, 0x00, 0x70, 0x07, 0x0F, 0xFF, 0xFF, 0xF0,
    0xE0, 0x1C, 0x01, 0xC0, 0x1F, 0x00, 0xF0, 0x0E, 0x03, 0xE0, 0x38, 0x00, 0x00, 0x01, 0xFF, 0xFF,
    0xF8, 0x70, 0x0E, 0x01, 0xC0, 0x38, 0x07, 0x00, 0xE0, 0x1C, 0x03, 0x80, 0x70, 0x0E, 0x01, 0xC0,
    0x38, 0x07, 0x00, 0xE1, 0xFF, 0xFF, 0xF8, 0xFF, 0x0F, 0xF0, 0x07, 0x00, 0x70, 0x07, 0x00, 0x70,
    0x07, 0x00, 0x70, 0x07, 0x00, 0x70, 0x07, 0x00, 0x70, 0xFF, 0xFF, 0xFF, 0xFF, 0x1F, 0xFC, 0x71,
    0xC1, 0xC7, 0x07, 0x1C, 0x1C, 0x70, 0x71, 0xC1, 0xC7, 0x07, 0x1C, 0x1C, 0x70, 0x7F, 0xF1, 0xFF,
    0xC7, 0x00, 0x1C, 0x70, 0x71, 0xC1, 0xC7, 0xDF, 0x0F, 0xF8, 0x1F, 0xC0, 0xF1, 0xFE, 0x3F, 0xC7,
    0x80, 0x00, 0x00, 0x00, 0x38, 0x3F, 0x07, 0xE0, 0xFC, 0x1F, 0x83, 0xF0, 0x7E, 0x0F, 0xC1, 0xF8,
    0x3F, 0x07, 0xE0, 0xFC, 0x1F, 0x83, 0xF0, 0x70, 0x1C, 0x07, 0xBF, 0xE7, 0xF8, 0x00, 0x70, 0x01,
    0xF0, 0x07, 0xF0, 0x1C, 0xF0, 0x00, 0x00, 0x00, 0x00, 0x1C, 0x00, 0x38, 0x00, 0x70, 0x00, 0xE0,
    0x01, 0xC0, 0x03, 0x80, 0x07, 0x00, 0x0E, 0x00, 0x1C, 0x00, 0x38, 0x00, 0x70, 0x00, 0xE3, 0x81,
    0xC7, 0x03, 0x8E, 0x0E, 0x1F, 0x3C, 0x1F, 0xF0, 0x1F, 0xC0, 0x03, 0x80, 0x3E, 0x03, 0xF8, 0x3C,
    0xE0, 0x00, 0x00, 0x03, 0xFE, 0x1F, 0xF0, 0x03, 0x80, 0x1C, 0x00, 0xE0, 0x07, 0x00, 0x38, 0x01,
    0xC0, 0x0E, 0x00, 0x70, 0x03, 0x80, 0x1C, 0x00, 0xE0, 0x07, 0x00, 0x38, 0x07, 0xC3, 0xFC, 0x1F,
    0xC0, 0xE0, 0x7E, 0x0E, 0xE0, 0xEE, 0x1C, 0xE1, 0xCE, 0x38, 0xE3, 0x8E, 0x70, 0xFF, 0x0F, 0xF0,
    0xE7, 0x0E, 0x38, 0xE3, 0x8E, 0x1C, 0xE1, 0xEE, 0x0E, 0xE0, 0xFE, 0x07, 0x00, 0x00, 0x00, 0x07,
    0x00, 0xE0, 0x1E, 0x01, 0xC0, 0xE0, 0x0E, 0x00, 0xE0, 0x0E, 0x00, 0xE0, 0xFE, 0x0E, 0xE1, 0xEE,
    0x3C, 0xE3, 0x8E, 0x78, 0xFF, 0x0F, 0xF0, 0xE7, 0x8E, 0x38, 0xE1, 0xCE, 0x1E, 0xE0, 0xEE, 0x07,
    0x00, 0x00, 0x00, 0x07, 0x00, 0xE0, 0x1E, 0x01, 0xC0, 0xE0, 0x77, 0x07, 0x38, 0x79, 0xC3, 0x8E,
    0x38, 0x73, 0xC3, 0xFC, 0x1F, 0xE0, 0xE7, 0x87, 0x1E, 0x38, 0x71, 0xC3, 0xCE, 0x0F, 0x70, 0x38,
    0x1C, 0x03, 0xC0, 0x38, 0x07, 0x00, 0x00, 0x00, 0x00, 0x70, 0x07, 0x00, 0x70, 0x07, 0x00, 0x70,
    0x07, 0x00, 0x70, 0x07, 0x00, 0x70, 0x07, 0x00, 0x70, 0x07, 0x00, 0x70, 0x07, 0x00, 0x70, 0x07,
    0x00, 0x7F, 0xF7, 0xFF, 0x01, 0xC0, 0x0E, 0x00, 0x70, 0x03, 0xC0, 0x00, 0x00, 0x00, 0x0F, 0xF0,
    0x3F, 0xC0, 0x07, 0x00, 0x1C, 0x00, 0x70, 0x01, 0xC0, 0x07, 0x00, 0x1C, 0x00, 0x70, 0x01, 0xC0,
    0x07, 0x00, 0x1C, 0x00, 0x70, 0x01, 0xC0, 0x07, 0x00, 0x1E, 0x00, 0x3F, 0xC0, 0x7F, 0xE0, 0x1C,
    0x03, 0x80, 0x70, 0x0E, 0x01, 0xC0, 0x38, 0x07, 0x00, 0xE0, 0x1C, 0x03, 0x80, 0x70, 0x0E, 0x01,
    0xC0, 0x38, 0x07, 0x00, 0xFF, 0xFF, 0xFC, 0x00, 0x00, 0x00, 0x70, 0x1C, 0x07, 0x80, 0xE0, 0xFF,
    0x03, 0xFC, 0x00, 0x70, 0x01, 0xC0, 0x07, 0x00, 0x1C, 0x00, 0x70, 0x01, 0xC0, 0x07, 0x00, 0x1C,
    0x00, 0x70, 0x01, 0xC0, 0x07, 0x00, 0x1C, 0x00, 0x70, 0x01, 0xE0, 0x03, 0xFC, 0x07, 0xF0, 0x00,
    0x00, 0x00, 0x01, 0xC0, 0x07, 0x00, 0x38, 0x01, 0xC0, 0xE3, 0x1C, 0xE3, 0x9C, 0x73, 0x8E, 0x01,
    0xC0, 0x38, 0x07, 0x00, 0xE0, 0x1C, 0x03, 0x80, 0x70, 0x0E, 0x01, 0xC0, 0x38, 0x07, 0x00, 0xFF,
    0xFF, 0xFC, 0xFF, 0x3B, 0xFC, 0xE0, 0x73, 0x81, 0xCE, 0x07, 0x00, 0x1C, 0x00, 0x70, 0x01, 0xC0,
    0x07, 0x00, 0x1C, 0x00, 0x70, 0x01, 0xC0, 0x07, 0x00, 0x1C, 0x00, 0x70, 0x01, 0xE0, 0x03, 0xFC,
    0x07, 0xF0, 0xE0, 0x1C, 0x03, 0x80, 0x70, 0x0E, 0x01, 0xC0, 0x38, 0x07, 0x0E, 0xE3, 0xFC, 0x7F,
    0x87, 0x70, 0x0E, 0x01, 0xC0, 0x38, 0x07, 0x00, 0xFF, 0xFF, 0xFC, 0xFF, 0x00, 0xFF, 0x00, 0x07,
    0x00, 0x07, 0x00, 0x07, 0x00, 0x07, 0x00, 0x07, 0x00, 0x07, 0x0F, 0x07, 0x1F, 0x07, 0x1F, 0x07,
    0x0F, 0x07, 0x00, 0x07, 0x00, 0x07, 0x00, 0x07, 0x00, 0x07, 0x00, 0x07, 0xFC, 0x03, 0xFC, 0x1C,
    0x00, 0x70, 0x01, 0xC0, 0x07, 0x00, 0x1C, 0x40, 0x77, 0x01, 0xFC, 0x07, 0xC0, 0x1E, 0x01, 0xF0,
    0x0F, 0xC0, 0x37, 0x00, 0x1C, 0x00, 0x70, 0x01, 0xC0, 0x07, 0x00, 0x1F, 0xFC, 0x7F, 0xF0, 0xFF,
    0x03, 0xFC, 0x00, 0x70, 0x01, 0xC0, 0x07, 0x10, 0x1D, 0xC0, 0x7F, 0x01, 0xF0, 0x07, 0x80, 0x7C,
    0x03, 0xF0, 0x0D, 0xC0, 0x07, 0x00, 0x1C, 0x00, 0x70, 0x01, 0xE0, 0x03, 0xFC, 0x07, 0xF0, 0x03,
    0x80, 0x70, 0x1C, 0x07, 0x00, 0x00, 0x00, 0x3C, 0x3F, 0x87, 0xF8, 0xFF, 0x1F, 0xE3, 0xFE, 0x7F,
    0xCF, 0xD9, 0xFB, 0xBF, 0x77, 0xE6, 0xFC, 0xFF, 0x9F, 0xF1, 0xFE, 0x3F, 0xC7, 0xF8, 0x7F, 0x0F,
    0x03, 0x80, 0x70, 0x1C, 0x07, 0x00, 0x00, 0x00, 0x3B, 0xE7, 0xFE, 0xFB, 0xFC, 0x1F, 0x83, 0xF0,
    0x7E, 0x0F, 0xC1, 0xF8, 0x3F, 0x07, 0xE0, 0xFC, 0x1F, 0x83, 0xF0, 0x70, 0xF0, 0xFE, 0x1F, 0xE3,
    0xFC, 0x7F, 0x8F, 0xF9, 0xFF, 0x3F, 0x67, 0xEE, 0xFD, 0xDF, 0x9B, 0xF3, 0xFE, 0x7F, 0xC7, 0xF8,
    0xFF, 0x1F, 0xE1, 0xFC, 0x3C, 0x00, 0x00, 0x00, 0x70, 0x1C, 0x07, 0x80, 0xE0, 0xEF, 0x9F, 0xFB,
    0xEF, 0xF0, 0x7E, 0x0F, 0xC1, 0xF8, 0x3F, 0x07, 0xE0, 0xFC, 0x1F, 0x83, 0xF0, 0x7E, 0x0F, 0xC1,
    0xC0, 0x00, 0x00, 0x07, 0x01, 0xC0, 0x78, 0x0E, 0x00, 0x71, 0xCF, 0x78, 0xFE, 0x0F, 0x80, 0x00,
    0x00, 0x3C, 0x3F, 0x87, 0xF8, 0xFF, 0x1F, 0xE3, 0xFE, 0x7F, 0xCF, 0xD9, 0xFB, 0xBF, 0x77, 0xE6,
    0xFC, 0xFF, 0x9F, 0xF1, 0xFE, 0x3F, 0xC7, 0xF8, 0x7F, 0x0F, 0x71, 0xC7, 0x78, 0x7E, 0x07, 0x80,
    0x00, 0x00, 0x3B, 0xE7, 0xFE, 0xFB, 0xFC, 0x1F, 0x83, 0xF0, 0x7E, 0x0F, 0xC1, 0xF8, 0x3F, 0x07,
    0xE0, 0xFC, 0x1F, 0x83, 0xF0, 0x70, 0x1C, 0x00, 0xE0, 0x07, 0x80, 0x1C, 0x00, 0x00, 0x00, 0x00,
    0x01, 0xDF, 0x07, 0xFE, 0x1F, 0x7C, 0x70, 0x71, 0xC1, 0xC7, 0x07, 0x1C, 0x1C, 0x70, 0x71, 0xC1,
    0xC7, 0x07, 0x1C, 0x1C, 0x70, 0x71, 0xC1, 0xC7, 0x07, 0xF0, 0xFE, 0x1F, 0xE3, 0xFC, 0x7F, 0x8F,
    0xF9, 0xFF, 0x3F, 0x77, 0xEE, 0xFC, 0xFF, 0x9F, 0xF1, 0xFE, 0x3F, 0xC7, 0xF8, 0x7F, 0x0F, 0xE0,
    0xFC, 0x1C, 0x03, 0x80, 0xF0, 0xFC, 0x1F, 0x00, 0xEF, 0x9F, 0xFB, 0xEF, 0xF0, 0x7E, 0x0F, 0xC1,
    0xF8, 0x3F, 0x07, 0xE0, 0xFC, 0x1F, 0x83, 0xF0, 0x7E, 0x0F, 0xC1, 0xC0, 0x38, 0x1F, 0x0F, 0xC1,
    0xF0, 0x7F, 0xCF, 0xF8, 0x00, 0x00, 0x00, 0x00, 0x7F, 0x1F, 0xF7, 0xDF, 0xE0, 0xFC, 0x1F, 0x83,
    0xF0, 0x7E, 0x0F, 0xC1, 0xF8, 0x3F, 0x07, 0xE0, 0xFC, 0x1F, 0x83, 0xF0, 0x7F, 0xBE, 0xFF, 0x8F,
    0xE0, 0x7F, 0xCF, 0xF8, 0x00, 0x00, 0x00, 0x00, 0x7F, 0x1F, 0xF7, 0xDF, 0xE0, 0xFC, 0x1F, 0x83,
    0xF0, 0x7E, 0x0F, 0xC1, 0xF8, 0x3F, 0x07, 0xFB, 0xEF, 0xF8, 0xFE, 0x00, 0x71, 0xCF, 0x78, 0xFE,
    0x0F, 0x80, 0x00, 0x00, 0x0F, 0xE3, 0xFE, 0xFB, 0xFC, 0x1F, 0x83, 0xF0, 0x7E, 0x0F, 0xC1, 0xF8,
    0x3F, 0x07, 0xE0, 0xFC, 0x1F, 0x83, 0xF0, 0x7E, 0x0F, 0xF7, 0xDF, 0xF1, 0xFC, 0x71, 0xCF, 0x78,
    0xFE, 0x0F, 0x80, 0x00, 0x00, 0x0F, 0xE3, 0xFE, 0xFB, 0xFC, 0x1F, 0x83, 0xF0, 0x7E, 0x0F, 0xC1,
    0xF8, 0x3F, 0x07, 0xE0, 0xFF, 0x7D, 0xFF, 0x1F, 0xC0, 0x0E, 0xE1, 0xDE, 0x39, 0xC3, 0xB8, 0x00,
    0x00, 0x00, 0x3F, 0x87, 0xFC, 0xFB, 0xEE, 0x0E, 0xE0, 0xEE, 0x0E, 0xE0, 0xEE, 0x0E, 0xE0, 0xEE,
    0x0E, 0xE0, 0xEE, 0x0E, 0xE0, 0xEE, 0x0E, 0xE0, 0xEF, 0xBE, 0x7F, 0xC3, 0xF8, 0x0E, 0xE1, 0xDE,
    0x39, 0xC3, 0xB8, 0x00, 0x00, 0x00, 0x3F, 0x87, 0xFC, 0xFB, 0xEE, 0x0E, 0xE0, 0xEE, 0x0E, 0xE0,
    0xEE, 0x0E, 0xE0, 0xEE, 0x0E, 0xE0, 0xEF, 0xBE, 0x7F, 0xC3, 0xF8, 0x7F, 0xFF, 0xFF, 0xFF, 0x78,
    0x38, 0xE0, 0xE3, 0x83, 0x8E, 0x0E, 0x38, 0x38, 0xFE, 0xE3, 0xFB, 0x8E, 0x0E, 0x38, 0x38, 0xE0,
    0xE3, 0x83, 0x8E, 0x0E, 0x38, 0x3D, 0xE0, 0xFF, 0xFD, 0xFF, 0xF0, 0x3E, 0xF8, 0xFF, 0xF9, 0xDF,
    0x73, 0x1C, 0x6E, 0x38, 0xDC, 0x71, 0xF8, 0xFF, 0xF1, 0xFF, 0xE3, 0x81, 0xC7, 0x01, 0x8E, 0x33,
    0xBE, 0xE7, 0xFF, 0xC7, 0xDF, 0x00, 0x03, 0x80, 0x38, 0x07, 0x00, 0xE0, 0x00, 0x00, 0x00, 0xFF,
    0x8F, 0xFC, 0xE1, 0xEE, 0x0F, 0xE0, 0x7E, 0x07, 0xE0, 0xFE, 0x1E, 0xFF, 0xCF, 0xF8, 0xE7, 0x8E,
    0x38, 0xE3, 0xCE, 0x1C, 0xE1, 0xCE, 0x0E, 0xE0, 0xEE, 0x07, 0x01, 0xC0, 0x38, 0x07, 0x00, 0xF0,
    0x00, 0x00, 0x00, 0xEF, 0xCF, 0xFE, 0xF9, 0xEF, 0x0E, 0xF0, 0x7E, 0x07, 0xE0, 0x6E, 0x00, 0xE0,
    0x0E, 0x00, 0xE0, 0x0E, 0x00, 0xE0, 0x0E, 0x00, 0xFF, 0x8F, 0xFC, 0xE1, 0xEE, 0x0F, 0xE0, 0x7E,
    0x07, 0xE0, 0xFE, 0x1E, 0xFF, 0xCF, 0xF8, 0xE7, 0x8E, 0x38, 0xE3, 0xCE, 0x1C, 0xE1, 0xCE, 0x0E,
    0xE0, 0xEE, 0x07, 0x00, 0x00, 0x00, 0x07, 0x00, 0xE0, 0x1E, 0x01, 0xC0, 0x3B, 0xF0, 0xFF, 0xE3,
    0xE7, 0x8F, 0x0E, 0x3C, 0x1C, 0xE0, 0x73, 0x81, 0x8E, 0x00, 0x38, 0x00, 0xE0, 0x03, 0x80, 0x0E,
    0x00, 0x38, 0x00, 0xE0, 0x00, 0x00, 0x00, 0x00, 0x1C, 0x00, 0xF0, 0x07, 0x80, 0x1C, 0x00, 0x71,
    0xC7, 0xBC, 0x3F, 0x81, 0xF0, 0x00, 0x00, 0x00, 0xFF, 0x8F, 0xFC, 0xE1, 0xEE, 0x0F, 0xE0, 0x7E,
    0x07, 0xE0, 0xFE, 0x1E, 0xFF, 0xCF, 0xF8, 0xE7, 0x8E, 0x38, 0xE3, 0xCE, 0x1C, 0xE1, 0xCE, 0x0E,
    0xE0, 0xEE, 0x07, 0x71, 0xE3, 0xFC, 0x1F, 0x80, 0xF0, 0x00, 0x00, 0x00, 0xEF, 0xCF, 0xFE, 0xF9,
    0xEF, 0x0E, 0xF0, 0x7E, 0x07, 0xE0, 0x6E, 0x00, 0xE0, 0x0E, 0x00, 0xE0, 0x0E, 0x00, 0xE0, 0x0E,
    0x00, 0x01, 0xC0, 0x0E, 0x00, 0xE0, 0x0E, 0x00, 0x00, 0x00, 0x00, 0x7F, 0x07, 0xFC, 0x7D, 0xF3,
    0x83, 0x9C, 0x1C, 0xE0, 0x07, 0x80, 0x1F, 0x80, 0x7F, 0x00, 0xFC, 0x00, 0xF0, 0x03, 0x80, 0x0F,
    0xE0, 0x77, 0x07, 0x3E, 0xF8, 0xFF, 0x83, 0xF8, 0x03, 0x80, 0x70, 0x1C, 0x07, 0x00, 0x00, 0x00,
    0x0F, 0xE3, 0xFE, 0xF1, 0xFC, 0x1F, 0x80, 0x7E, 0x07, 0xFC, 0x7F, 0xC0, 0x38, 0x07, 0xE0, 0xFE,
    0x3D, 0xFF, 0x1F, 0xC0, 0x07, 0x00, 0x7C, 0x07, 0xF0, 0x79, 0xC0, 0x00, 0x00, 0x00, 0x7F, 0x07,
    0xFC, 0x7D, 0xF3, 0x83, 0x9C, 0x1C, 0xE0, 0x07, 0x80, 0x1F, 0x80, 0x7F, 0x00, 0xFC, 0x00, 0xF0,
    0x03, 0x80, 0x0F, 0xE0, 0x77, 0x07, 0x3E, 0xF8, 0xFF, 0x83, 0xF8, 0x0E, 0x03, 0xE0, 0xFE, 0x3C,
    0xE0, 0x00, 0x00, 0x0F, 0xE3, 0xFE, 0xF1, 0xFC, 0x1F, 0x80, 0x7E, 0x07, 0xFC, 0x7F, 0xC0, 0x38,
    0x07, 0xE0, 0xFE, 0x3D, 0xFF, 0x1F, 0xC0, 0x1F, 0xC1, 0xFF, 0x1F, 0x7C, 0xE0, 0xE7, 0x07, 0x38,
    0x01, 0xE0, 0x07, 0xE0, 0x1F, 0xC0, 0x3F, 0x00, 0x3C, 0x00, 0xE0, 0x03, 0xF8, 0x1D, 0xC1, 0xCF,
    0xBE, 0x3F, 0xE0, 0xFE, 0x03, 0x80, 0x1F, 0x00, 0x3C, 0x01, 0xC0, 0x3E, 0x01, 0xC0, 0x3F, 0x8F,
    0xFB, 0xC7, 0xF0, 0x7E, 0x01, 0xF8, 0x1F, 0xF1, 0xFF, 0x00, 0xE0, 0x1F, 0x83, 0xF8, 0xFF, 0xFC,
    0x7F, 0x03, 0x00, 0x78, 0x03, 0x80, 0x70, 0x7C, 0x06, 0x00, 0x38, 0xE1, 0xEF, 0x07, 0xF0, 0x1F,
    0x00, 0x00, 0x00, 0x00, 0x7F, 0x07, 0xFC, 0x7D, 0xF3, 0x83, 0x9C, 0x1C, 0xE0, 0x07, 0x80, 0x1F,
    0x80, 0x7F, 0x00, 0xFC, 0x00, 0xF0, 0x03, 0x80, 0x0F, 0xE0, 0x77, 0x07, 0x3E, 0xF8, 0xFF, 0x83,
    0xF8, 0x71, 0xCF, 0x78, 0xFE, 0x0F, 0x80, 0x00, 0x00, 0x0F, 0xE3, 0xFE, 0xF1, 0xFC, 0x1F, 0x80,
    0x7E, 0x07, 0xFC, 0x7F, 0xC0, 0x38, 0x07, 0xE0, 0xFE, 0x3D, 0xFF, 0x1F, 0xC0, 0xFF, 0xFF, 0xFF,
    0xC1, 0xC0, 0x0E, 0x00, 0x70, 0x03, 0x80, 0x1C, 0x00, 0xE0, 0x07, 0x00, 0x38, 0x01, 0xC0, 0x0E,
    0x00, 0x70, 0x03, 0x80, 0x1C, 0x00, 0xE0, 0x07, 0x00, 0x38, 0x00, 0xC0, 0x0F, 0x80, 0x1E, 0x00,
    0xF0, 0x1F, 0x00, 0xE0, 0x0E, 0x00, 0xE0, 0x0E, 0x00, 0xE0, 0xFF, 0xFF, 0xFF, 0x0E, 0x00, 0xE0,
    0x0E, 0x00, 0xE0, 0x0E, 0x00, 0xE0, 0x0E, 0x00, 0xE0, 0x0E, 0x00, 0xE0, 0x0F, 0xF0, 0x7F, 0x03,
    0x00, 0x3C, 0x00, 0xE0, 0x0E, 0x07, 0xC0, 0x30, 0x38, 0xE1, 0xEF, 0x07, 0xF0, 0x1F, 0x00, 0x00,
    0x00, 0x03, 0xFF, 0xFF, 0xFF, 0x07, 0x00, 0x38, 0x01, 0xC0, 0x0E, 0x00, 0x70, 0x03, 0x80, 0x1C,
    0x00, 0xE0, 0x07, 0x00, 0x38, 0x01, 0xC0, 0x0E, 0x00, 0x70, 0x03, 0x80, 0x1C, 0x00, 0xE0, 0x00,
    0xE0, 0x0E, 0x0E, 0xE0, 0xEE, 0x0E, 0x00, 0xE0, 0xFF, 0xFF, 0xFF, 0x0E, 0x00, 0xE0, 0x0E, 0x00,
    0xE0, 0x0E, 0x00, 0xE0, 0x0E, 0x00, 0xE0, 0x0E, 0x00, 0xF0, 0x0F, 0xF0, 0x7F, 0xFF, 0xFF, 0xFF,
    0xC1, 0xC0, 0x0E, 0x00, 0x70, 0x03, 0x80, 0x1C, 0x00, 0xE0, 0x07, 0x03, 0xFF, 0x9F, 0xFC, 0x0E,
    0x00, 0x70, 0x03, 0x80, 0x1C, 0x00, 0xE0, 0x07, 0x00, 0x38, 0x00, 0x0E, 0x00, 0xE0, 0x0E, 0x00,
    0xE0, 0xFF, 0xFF, 0xFF, 0x0E, 0x00, 0xE0, 0x0E, 0x00, 0xE0, 0x7F, 0xE7, 0xFE, 0x0E, 0x00, 0xE0,
    0x0E, 0x00, 0xF0, 0x0F, 0xF0, 0x7F, 0x3D, 0xCF, 0xF9, 0xDE, 0x00, 0x00, 0x01, 0xC1, 0xF8, 0x3F,
    0x07, 0xE0, 0xFC, 0x1F, 0x83, 0xF0, 0x7E, 0x0F, 0xC1, 0xF8, 0x3F, 0x07, 0xE0, 0xFC, 0x1F, 0x83,
    0xF0, 0x7F, 0xBE, 0xFF, 0x8F, 0xE0, 0x3D, 0xCF, 0xF9, 0xDE, 0x00, 0x00, 0x01, 0xC1, 0xF8, 0x3F,
    0x07, 0xE0, 0xFC, 0x1F, 0x83, 0xF0, 0x7E, 0x0F, 0xC1, 0xF8, 0x3F, 0x07, 0xFB, 0xCF, 0xF8, 0xFE,
    0x00, 0x7F, 0xCF, 0xF8, 0x00, 0x00, 0x00, 0x01, 0xC1, 0xF8, 0x3F, 0x07, 0xE0, 0xFC, 0x1F, 0x83,
    0xF0, 0x7E, 0x0F, 0xC1, 0xF8, 0x3F, 0x07, 0xE0, 0xFC, 0x1F, 0x83, 0xF0, 0x7F, 0xBE, 0xFF, 0x8F,
    0xE0, 0x7F, 0xCF, 0xF8, 0x00, 0x00, 0x00, 0x01, 0xC1, 0xF8, 0x3F, 0x07, 0xE0, 0xFC, 0x1F, 0x83,
    0xF0, 0x7E, 0x0F, 0xC1, 0xF8, 0x3F, 0x07, 0xFB, 0xCF, 0xF8, 0xFE, 0x00, 0x71, 0xCF, 0x78, 0xFE,
    0x0F, 0x80, 0x00, 0x00, 0x38, 0x3F, 0x07, 0xE0, 0xFC, 0x1F, 0x83, 0xF0, 0x7E, 0x0F, 0xC1, 0xF8,
    0x3F, 0x07, 0xE0, 0xFC, 0x1F, 0x83, 0xF0, 0x7E, 0x0F, 0xF7, 0xDF, 0xF1, 0xFC, 0x71, 0xCF, 0x78,
    0xFE, 0x0F, 0x80, 0x00, 0x00, 0x38, 0x3F, 0x07, 0xE0, 0xFC, 0x1F, 0x83, 0xF0, 0x7E, 0x0F, 0xC1,
    0xF8, 0x3F, 0x07, 0xE0, 0xFF, 0x79, 0xFF, 0x1F, 0xC0, 0x1F, 0x07, 0xF0, 0xC6, 0x1D, 0xC1, 0xF0,
    0x08, 0x38, 0x3F, 0x07, 0xE0, 0xFC, 0x1F, 0x83, 0xF0, 0x7E, 0x0F, 0xC1, 0xF8, 0x3F, 0x07, 0xE0,
    0xFC, 0x1F, 0x83, 0xF0, 0x7E, 0x0F, 0xF7, 0xDF, 0xF1, 0xFC, 0x1F, 0x07, 0xF0, 0xC6, 0x1D, 0xC1,
    0xF0, 0x08, 0x38, 0x3F, 0x07, 0xE0, 0xFC, 0x1F, 0x83, 0xF0, 0x7E, 0x0F, 0xC1, 0xF8, 0x3F, 0x07,
    0xE0, 0xFF, 0x79, 0xFF, 0x1F, 0xC0, 0x0E, 0xE1, 0xDE, 0x39, 0xC3, 0xB8, 0x00, 0x00, 0x00, 0xE0,
    0xEE, 0x0E, 0xE0, 0xEE, 0x0E, 0xE0, 0xEE, 0x0E, 0xE0, 0xEE, 0x0E, 0xE0, 0xEE, 0x0E, 0xE0, 0xEE,
    0x0E, 0xE0, 0xEE, 0x0E, 0xE0, 0xEF, 0xBE, 0x7F, 0xC3, 0xF8, 0x0E, 0xE1, 0xDE, 0x39, 0xC3, 0xB8,
    0x00, 0x00, 0x00, 0xE0, 0xEE, 0x0E, 0xE0, 0xEE, 0x0E, 0xE0, 0xEE, 0x0E, 0xE0, 0xEE, 0x0E, 0xE0,
    0xEE, 0x0E, 0xE0, 0xEF, 0xBC, 0x7F, 0xC3, 0xF8, 0xE0, 0xFC, 0x1F, 0x83, 0xF0, 0x7E, 0x0F, 0xC1,
    0xF8, 0x3F, 0x07, 0xE0, 0xFC, 0x1F, 0x83, 0xF0, 0x7E, 0x0F, 0xC1, 0xF8, 0x3F, 0xDE, 0x7F, 0xC7,
    0xF0, 0x1C, 0x07, 0x00, 0xE0, 0x1F, 0x81, 0xF0, 0xE0, 0xFC, 0x1F, 0x83, 0xF0, 0x7E, 0x0F, 0xC1,
    0xF8, 0x3F, 0x07, 0xE0, 0xFC, 0x1F, 0x83, 0xFD, 0xF7, 0xFC, 0x7F, 0x01, 0xC0, 0x70, 0x0E, 0x01,
    0xF8, 0x1F, 0x00, 0x03, 0x80, 0x0F, 0x80, 0x3F, 0x80, 0xF3, 0x80, 0x00, 0x00, 0x00, 0x38, 0xE3,
    0xF1, 0xC7, 0xE3, 0x8E, 0xCF, 0x99, 0x9F, 0x33, 0xBE, 0x67, 0x6D, 0xCE, 0xDB, 0x9D, 0xB7, 0x3B,
    0x6E, 0x76, 0xDC, 0x7D, 0xF0, 0xFB, 0xE1, 0xE3, 0xC3, 0xC7, 0x87, 0x8F, 0x0F, 0x1E, 0x1E, 0x3C,
    0x03, 0x80, 0x0F, 0x80, 0x3F, 0x80, 0xF3, 0x80, 0x00, 0x00, 0x00, 0x38, 0xE3, 0xB1, 0xC6, 0x63,
    0x8C, 0xEF, 0xB9, 0xDF, 0x73, 0xB6, 0xE7, 0x6D, 0xC6, 0xDB, 0x0D, 0xB6, 0x1F, 0x7C, 0x3C, 0xF8,
    0x78, 0xF0, 0xF1, 0xC0, 0xE3, 0x80, 0x03, 0x80, 0x0F, 0x80, 0x3F, 0x80, 0xF3, 0x80, 0x00, 0x00,
    0x00, 0x1C, 0x07, 0x38, 0x0E, 0x38, 0x38, 0x70, 0x70, 0x71, 0xC0, 0xE3, 0x80, 0xEE, 0x01, 0xDC,
    0x01, 0xF0, 0x03, 0xE0, 0x03, 0x80, 0x07, 0x00, 0x0E, 0x00, 0x1C, 0x00, 0x38, 0x00, 0x70, 0x00,
    0xE0, 0x01, 0xC0, 0x07, 0x00, 0x7C, 0x07, 0xF0, 0x79, 0xC0, 0x00, 0x00, 0x03, 0x80, 0xEE, 0x0E,
    0x70, 0x73, 0xC3, 0x8E, 0x38, 0x71, 0xC1, 0xCE, 0x0E, 0xE0, 0x77, 0x01, 0xF0, 0x0F, 0x80, 0x3C,
    0x01, 0xC0, 0x0E, 0x00, 0xF0, 0x07, 0x00, 0x38, 0x03, 0x80, 0x1C, 0x70, 0x3D, 0xE0, 0x71, 0xC0,
    0x00, 0x00, 0x00, 0x0E, 0x03, 0x9C, 0x07, 0x1C, 0x1C, 0x38, 0x38, 0x38, 0xE0, 0x71, 0xC0, 0x77,
    0x00, 0xEE, 0x00, 0xF8, 0x01, 0xF0, 0x01, 0xC0, 0x03, 0x80, 0x07, 0x00, 0x0E, 0x00, 0x1C, 0x00,
    0x38, 0x00, 0x70, 0x00, 0xE0, 0x00, 0x03, 0x80, 0x70, 0x1C, 0x07, 0x00, 0x00, 0x00, 0x3F, 0xFF,
    0xFF, 0x00, 0xE0, 0x38, 0x0F, 0x01, 0xC0, 0x78, 0x0E, 0x03, 0x80, 0xF0, 0x1C, 0x07, 0x80, 0xE0,
    0x38, 0x0F, 0x01, 0xC0, 0x3F, 0xFF, 0xFF, 0x03, 0x80, 0x70, 0x1C, 0x07, 0x00, 0x00, 0x00, 0x3F,
    0xFF, 0xFF, 0x01, 0xE0, 0x78, 0x0E, 0x03, 0x80, 0xF0, 0x3C, 0x0F, 0x01, 0xC0, 0x70, 0x1C, 0x03,
    0xFF, 0xFF, 0xF0, 0x0E, 0x03, 0xE0, 0x38, 0x00, 0x00, 0x01, 0xFF, 0xFF, 0xF8, 0x07, 0x01, 0xC0,
    0x78, 0x0E, 0x03, 0xC0, 0x70, 0x1C, 0x07, 0x80, 0xE0, 0x3C, 0x07, 0x01, 0xC0, 0x78, 0x0E, 0x01,
    0xFF, 0xFF, 0xF8, 0x0E, 0x03, 0xE0, 0x38, 0x00, 0x00, 0x01, 0xFF, 0xFF, 0xF8, 0x0F, 0x03, 0xC0,
    0x70, 0x1C, 0x07, 0x81, 0xE0, 0x78, 0x0E, 0x03, 0x80, 0xE0, 0x1F, 0xFF, 0xFF, 0x80, 0x71, 0xCF,
    0x78, 0xFE, 0x0F, 0x80, 0x00, 0x00, 0x3F, 0xFF, 0xFF, 0x00, 0xE0, 0x38, 0x0F, 0x01, 0xC0, 0x78,
    0x0E, 0x03, 0x80, 0xF0, 0x1C, 0x07, 0x80, 0xE0, 0x38, 0x0F, 0x01, 0xC0, 0x3F, 0xFF, 0xFF, 0x71,
    0xCF, 0x78, 0xFE, 0x0F, 0x80, 0x00, 0x00, 0x3F, 0xFF, 0xFF, 0x01, 0xE0, 0x78, 0x0E, 0x03, 0x80,
    0xF0, 0x3C, 0x0F, 0x01, 0xC0, 0x70, 0x1C, 0x03, 0xFF, 0xFF, 0xF0, 0x7F, 0xFF, 0xFC, 0x1C, 0x0E,
    0x07, 0x03, 0x81, 0xC0, 0xE0, 0x70, 0x38, 0x1C, 0x0E, 0x07, 0x03, 0x81, 0xC0, 0xE0, 0x70, 0x00,
    0xE3, 0xC7, 0x8E, 0x1C, 0xF7, 0x9C, 0x0E, 0x03, 0xE0, 0xFE, 0x3C, 0xE0, 0x7B, 0xFF, 0xFB, 0xC0,
    0xFF, 0xFF, 0xC0, 0xE3, 0xFB, 0xDF, 0xC7, 0xC0, 0x77, 0xDC, 0xE3, 0xFB, 0xF8, 0xE0, 0xFF, 0xC6,
    0x77, 0x00, 0x7D, 0xFF, 0x1F, 0x77, 0xC2, 0x00, 0x1D, 0xC7, 0x79, 0xCE, 0x3B, 0x80, 0x71, 0xCF,
    0x78, 0xFE, 0x0F, 0x80, 0x77, 0x0F, 0x70, 0xE7, 0x0E, 0xE0, 0x1C, 0xE3, 0x9E, 0x73, 0xC0, 0x77,
    0x7F, 0xE0, 0x77, 0xDC, 0x7D, 0xFF, 0x1F, 0x77, 0xC2, 0x00, 0x1C, 0xE7, 0x9C, 0x63, 0xC3, 0x8F,
    0xFB, 0x80, 0x39, 0xC6, 0x38, 0xFD, 0xF0, 0xFF, 0xFF, 0xFF, 0xFF, 0xC0, 0x00, 0x1C, 0x00, 0x38,
    0x00, 0xE0, 0x03, 0x80, 0x07, 0x00, 0x1C, 0x00, 0x70, 0x01, 0xE0, 0x03, 0x80, 0x0E, 0x00, 0x38,
    0x00, 0x70, 0x01, 0xC0, 0x07, 0x00, 0x0E, 0x00, 0x38, 0x00, 0x00, 0xC0, 0x18, 0x07, 0x00, 0xC0,
    0x38, 0x06, 0x00, 0xC0, 0x38, 0x06, 0x01, 0xC0, 0x30, 0x0E, 0x01, 0x80, 0x30, 0x0E, 0x01, 0x80,
    0x70, 0x0C, 0x01, 0x80, 0x00, 0x79, 0xCF, 0x39, 0xE7, 0x00, 0x00, 0x01, 0xFF, 0xFF, 0xFF, 0x00,
    0xE0, 0x1C, 0x03, 0x80, 0x70, 0x0F, 0xFF, 0xFF, 0xF8, 0x07, 0x00, 0xE0, 0x1C, 0x03, 0x80, 0x70,
    0x0E, 0x01, 0xFF, 0xFF, 0xF8, 0xFF, 0x03, 0xFC, 0x03, 0x80, 0x0E, 0x00, 0x38, 0x00, 0xE7, 0xC3,
    0xBF, 0x8F, 0xCE, 0x3E, 0x1C, 0xF0, 0x73, 0x81, 0xCE, 0x07, 0x38, 0x1C, 0xE0, 0x73, 0x81, 0xCE,
    0x07, 0x38, 0x1C, 0xE0, 0x70, 0x03, 0xC0, 0x1E, 0x03, 0xF8, 0x0F, 0x80, 0x03, 0x80, 0xE0, 0x38,
    0x0F, 0x00, 0x00, 0x00, 0x3F, 0xFF, 0xFF, 0xE0, 0x1C, 0x03, 0x80, 0x70, 0x0E, 0x01, 0xC0, 0x38,
    0x07, 0x00, 0xE0, 0x1C, 0x03, 0x80, 0x70, 0x0E, 0x01, 0xC0, 0x38, 0x07, 0x00, 0x3F, 0x87, 0xFC,
    0xF9, 0xEE, 0x0E, 0xE0, 0xEE, 0x00, 0xE0, 0x0F, 0xF8, 0xFF, 0x8E, 0x00, 0xE0, 0x0E, 0x00, 0xE0,
    0x6E, 0x0E, 0xE0, 0xEF, 0xBE, 0x7F, 0xC3, 0xF8, 0x1F, 0xC1, 0xFF, 0x1F, 0x7C, 0xE0, 0xE7, 0x07,
    0x38, 0x01, 0xE0, 0x07, 0xE0, 0x1F, 0xC0, 0x3F, 0x00, 0x3C, 0x00, 0xE0, 0x03, 0xF8, 0x1D, 0xC1,
    0xCF, 0xBE, 0x3F, 0xE0, 0xFE, 0x00, 0xFF, 0xFF, 0xFC, 0x38, 0x07, 0x00, 0xE0, 0x1C, 0x03, 0x80,
    0x70, 0x0E, 0x01, 0xC0, 0x38, 0x07, 0x00, 0xE0, 0x1C, 0x03, 0x80, 0x70, 0xFF, 0xFF, 0xFC, 0x71,
    0xCF, 0x79, 0xC7, 0x00, 0x00, 0x01, 0xFF, 0xFF, 0xF8, 0x70, 0x0E, 0x01, 0xC0, 0x38, 0x07, 0x00,
    0xE0, 0x1C, 0x03, 0x80, 0x70, 0x0E, 0x01, 0xC0, 0x38, 0x07, 0x00, 0xE1, 0xFF, 0xFF, 0xF8, 0x00,
    0x70, 0x07, 0x00, 0x70, 0x07, 0x00, 0x70, 0x07, 0x00, 0x70, 0x07, 0x00, 0x70, 0x07, 0x00, 0x70,
    0x07, 0xE0, 0x7E, 0x07, 0xE0, 0xEF, 0x9E, 0x7F, 0xC3, 0xF8, 0x3F, 0xC0, 0x3F, 0xC0, 0x38, 0xC0,
    0x38, 0xC0, 0x38, 0xC0, 0x38, 0xC0, 0x38, 0xC0, 0x38, 0xFC, 0x38, 0xFE, 0x38, 0xCF, 0x38, 0xC7,
    0x38, 0xC7, 0x38, 0xC7, 0x38, 0xC7, 0x38, 0xC7, 0x38, 0xCF, 0xF8, 0xFE, 0xF0, 0xFC, 0xE3, 0x03,
    0x8C, 0x0E, 0x30, 0x38, 0xC0, 0xE3, 0x03, 0x8C, 0x0E, 0x30, 0x3F, 0xFC, 0xFF, 0xFB, 0x8C, 0xFE,
    0x31, 0xF8, 0xC7, 0xE3, 0x1F, 0x8C, 0x7E, 0x31, 0xF8, 0xCF, 0xE3, 0xFB, 0x8F, 0xC0, 0xFF, 0x03,
    0xFC, 0x03, 0x80, 0x0E, 0x00, 0x38, 0x00, 0xE7, 0xC3, 0xBF, 0x8F, 0xCE, 0x3E, 0x3C, 0xF0, 0x73,
    0x81, 0xCE, 0x07, 0x38, 0x1C, 0xE0, 0x73, 0x81, 0xCE, 0x07, 0x38, 0x1C, 0xE0, 0x70, 0x03, 0x80,
    0x38, 0x07, 0x00, 0xE0, 0x00, 0x00, 0x00, 0xE0, 0x7E, 0x0E, 0xE0, 0xEE, 0x1C, 0xE1, 0xCE, 0x38,
    0xE3, 0x8E, 0x70, 0xFF, 0x0F, 0xF0, 0xE7, 0x0E, 0x38, 0xE3, 0x8E, 0x1C, 0xE1, 0xEE, 0x0E, 0xE0,
    0xFE, 0x07, 0x38, 0xE1, 0xEF, 0x07, 0xF0, 0x1F, 0x00, 0x00, 0x00, 0x03, 0x80, 0xFE, 0x0F, 0x70,
    0x73, 0x83, 0x8E, 0x38, 0x71, 0xC3, 0x8E, 0x0E, 0xE0, 0x77, 0x01, 0xF8, 0x0F, 0x80, 0x7C, 0x01,
    0xE0, 0x0E, 0x00, 0x70, 0x07, 0x00, 0x38, 0x01, 0xC0, 0xE0, 0xFC, 0x1F, 0x83, 0xF0, 0x7E, 0x0F,
    0xC1, 0xF8, 0x3F, 0x07, 0xE0, 0xFC, 0x1F, 0x83, 0xF0, 0x7E, 0x0F, 0xC1, 0xF8, 0x3F, 0x07, 0xFF,
    0xFF, 0xFC, 0x38, 0x07, 0x00, 0xE0, 0x0F, 0x80, 0x7C, 0x03, 0xE0, 0x1F, 0x01, 0xDC, 0x0E, 0xE0,
    0x77, 0x03, 0xB8, 0x38, 0xE1, 0xC7, 0x0E, 0x38, 0x7F, 0xC7, 0xFF, 0x38, 0x39, 0xC1, 0xCE, 0x0E,
    0xE0, 0x3F, 0x01, 0xC0, 0xFF, 0xEF, 0xFE, 0xE0, 0x0E, 0x00, 0xE0, 0x0E, 0x00, 0xE0, 0x0F, 0xF8,
    0xFF, 0xCE, 0x3E, 0xE0, 0xEE, 0x0F, 0xE0, 0x7E, 0x0F, 0xE0, 0xEE, 0x3E, 0xFF, 0xCF, 0xF8, 0xFF,
    0x8F, 0xFC, 0xE3, 0xEE, 0x0E, 0xE0, 0xEE, 0x0E, 0xE0, 0xEE, 0x3C, 0xFF, 0x8F, 0xFC, 0xE3, 0xEE,
    0x0E, 0xE0, 0x7E, 0x07, 0xE0, 0xEE, 0x1E, 0xFF, 0xCF, 0xF8, 0xFF, 0xFF, 0xFF, 0x80, 0x70, 0x0E,
    0x01, 0xC0, 0x38, 0x07, 0x00, 0xE0, 0x1C, 0x03, 0x80, 0x70, 0x0E, 0x01, 0xC0, 0x38, 0x07, 0x00,
    0xE0, 0x1C, 0x00, 0x1F, 0xF8, 0x3F, 0xF0, 0x70, 0xE0, 0xE1, 0xC1, 0xC3, 0x83, 0x87, 0x07, 0x0E,
    0x0E, 0x1C, 0x1C, 0x38, 0x38, 0x70, 0x70, 0xE0, 0xE1, 0xC1, 0xC3, 0x87, 0x07, 0x0E, 0x0E, 0x1C,
    0x1C, 0xFF, 0xFF, 0xFF, 0xFF, 0x80, 0x3F, 0x00, 0x7E, 0x00, 0xE0, 0xFF, 0xFF, 0xFF, 0x80, 0x70,
    0x0E, 0x01, 0xC0, 0x38, 0x07, 0xFF, 0xFF, 0xFC, 0x03, 0x80, 0x70, 0x0E, 0x01, 0xC0, 0x38, 0x07,
    0x00, 0xFF, 0xFF, 0xFC, 0xE3, 0x8E, 0xE7, 0x39, 0xCE, 0x73, 0x9C, 0xE3, 0xBB, 0x87, 0x77, 0x0E,
    0xEE, 0x0F, 0xF8, 0x1F, 0xF0, 0x3F, 0xE0, 0x7F, 0xC1, 0xDD, 0xC3, 0xBB, 0x8E, 0x77, 0x9C, 0xE7,
    0x39, 0xCE, 0xE3, 0x8F, 0xC7, 0x1C, 0x1F, 0xC1, 0xFF, 0x1E, 0x7C, 0xE0, 0xE6, 0x07, 0x00, 0x38,
    0x07, 0x81, 0xF8, 0x0F, 0xE0, 0x0F, 0x80, 0x1C, 0x00, 0x7E, 0x03, 0xF0, 0x1F, 0xC1, 0xCF, 0x3E,
    0x3F, 0xE0, 0xFE, 0x00, 0xE1, 0xFC, 0x3F, 0x8F, 0xF1, 0xFE, 0x3F, 0xCF, 0xF9, 0xFF, 0x37, 0xEE,
    0xFD, 0xDF, 0xB3, 0xFE, 0x7F, 0xCF, 0xF1, 0xFE, 0x3F, 0xC7, 0xF0, 0xFE, 0x1C, 0x71, 0xCF, 0x78,
    0xFE, 0x0F, 0x80, 0x00, 0x00, 0x38, 0x7F, 0x0F, 0xE3, 0xFC, 0x7F, 0x8F, 0xF3, 0xFE, 0x7F, 0xCD,
    0xFB, 0xBF, 0x77, 0xEC, 0xFF, 0x9F, 0xF3, 0xFC, 0x7F, 0x8F, 0xF1, 0xFC, 0x3F, 0x87, 0xE0, 0x7E,
    0x0E, 0xE0, 0xEE, 0x1C, 0xE1, 0xCE, 0x38, 0xE3, 0x8E, 0x70, 0xFF, 0x0F, 0xF0, 0xE7, 0x0E, 0x38,
    0xE3, 0x8E, 0x1C, 0xE1, 0xEE, 0x0E, 0xE0, 0xFE, 0x07, 0x1F, 0xF8, 0xFF, 0xC7, 0x0E, 0x38, 0x71,
    0xC3, 0x8E, 0x1C, 0x70, 0xE3, 0x87, 0x1C, 0x38, 0xE1, 0xC7, 0x0E, 0x38, 0x71, 0xC3, 0x8E, 0x1C,
    0xE0, 0xEF, 0x07, 0xF8, 0x3F, 0x81, 0xC0, 0xF8, 0xFF, 0xC7, 0xFE, 0x3F, 0xFB, 0xFF, 0xDF, 0xF6,
    0xDF, 0xBE, 0xFD, 0xF7, 0xE7, 0x3F, 0x39, 0xF8, 0x0F, 0xC0, 0x7E, 0x03, 0xF0, 0x1F, 0x80, 0xFC,
    0x07, 0xE0, 0x3F, 0x01, 0xC0, 0xE0, 0xFC, 0x1F, 0x83, 0xF0, 0x7E, 0x0F, 0xC1, 0xF8, 0x3F, 0x07,
    0xFF, 0xFF, 0xFF, 0x83, 0xF0, 0x7E, 0x0F, 0xC1, 0xF8, 0x3F, 0x07, 0xE0, 0xFC, 0x1C, 0x3F, 0x8F,
    0xFB, 0xEF, 0xF0, 0x7E, 0x0F, 0xC1, 0xF8, 0x3F, 0x07, 0xE0, 0xFC, 0x1F, 0x83, 0xF0, 0x7E, 0x0F,
    0xC1, 0xF8, 0x3F, 0xDF, 0x7F, 0xC7, 0xF0, 0xFF, 0xFF, 0xFF, 0x83, 0xF0, 0x7E, 0x0F, 0xC1, 0xF8,
    0x3F, 0x07, 0xE0, 0xFC, 0x1F, 0x83, 0xF0, 0x7E, 0x0F, 0xC1, 0xF8, 0x3F, 0x07, 0xE0, 0xFC, 0x1C,
    0xFF, 0xCF, 0xFE, 0xE1, 0xFE, 0x07, 0xE0, 0x7E, 0x07, 0xE0, 0x7E, 0x1F, 0xFF, 0xEF, 0xFC, 0xE0,
    0x0E, 0x00, 0xE0, 0x0E, 0x00, 0xE0, 0x0E, 0x00, 0xE0, 0x0E, 0x00, 0x3F, 0x87, 0xFC, 0xF9, 0xEE,
    0x0E, 0xE0, 0xEE, 0x00, 0xE0, 0x0E, 0x00, 0xE0, 0x0E, 0x00, 0xE0, 0x0E, 0x00, 0xE0, 0x0E, 0x0E,
    0xE0, 0xEF, 0x9E, 0x7F, 0xC3, 0xF8, 0xFF, 0xFF, 0xFF, 0xC1, 0xC0, 0x0E, 0x00, 0x70, 0x03, 0x80,
    0x1C, 0x00, 0xE0, 0x07, 0x00, 0x38, 0x01, 0xC0, 0x0E, 0x00, 0x70, 0x03, 0x80, 0x1C, 0x00, 0xE0,
    0x07, 0x00, 0x38, 0x00, 0xE0, 0x3F, 0x83, 0xDC, 0x1C, 0xE0, 0xE3, 0x8E, 0x1C, 0x70, 0xE3, 0x83,
    0xB8, 0x1D, 0xC0, 0x7E, 0x03, 0xE0, 0x1F, 0x00, 0x78, 0x03, 0x80, 0x1C, 0x01, 0xC0, 0x0E, 0x00,
    0x70, 0x00, 0x07, 0x00, 0x38, 0x0F, 0xF8, 0xFF, 0xEF, 0xFF, 0xF3, 0x9F, 0x9C, 0xFC, 0xE7, 0xE7,
    0x3F, 0x39, 0xF9, 0xCF, 0xCE, 0x7E, 0x73, 0xF3, 0x9F, 0x9C, 0xFF, 0xFF, 0x7F, 0xF1, 0xFF, 0x01,
    0xC0, 0x0E, 0x00, 0xF0, 0x3B, 0x83, 0x9E, 0x1C, 0x71, 0xC3, 0xDE, 0x0E, 0xE0, 0x3E, 0x01, 0xF0,
    0x07, 0x00, 0x7C, 0x03, 0xE0, 0x3F, 0x81, 0xDC, 0x1C, 0x70, 0xE3, 0x8E, 0x0E, 0xF0, 0x7F, 0x01,
    0xC0, 0xE0, 0xE7, 0x07, 0x38, 0x39, 0xC1, 0xCE, 0x0E, 0x70, 0x73, 0x83, 0x9C, 0x1C, 0xE0, 0xE7,
    0x07, 0x38, 0x39, 0xC1, 0xCE, 0x0E, 0x70, 0x73, 0x83, 0x9C, 0x1C, 0xFF, 0xFF, 0xFF, 0xC0, 0x0E,
    0x00, 0x70, 0x03, 0x80, 0xF0, 0x7F, 0x07, 0xF0, 0x7F, 0x07, 0xF0, 0x7F, 0x07, 0x70, 0x77, 0x07,
    0x78, 0x77, 0xFF, 0x1F, 0xF0, 0x07, 0x00, 0x70, 0x07, 0x00, 0x70, 0x07, 0x00, 0x70, 0x07, 0xE7,
    0x3F, 0x39, 0xF9, 0xCF, 0xCE, 0x7E, 0x73, 0xF3, 0x9F, 0x9C, 0xFC, 0xE7, 0xE7, 0x3F, 0x39, 0xF9,
    0xCF, 0xCE, 0x7E, 0x73, 0xF3, 0x9F, 0x9C, 0xFC, 0xE7, 0xFF, 0xFF, 0xFF, 0xC0, 0xE7, 0x3B, 0x9C,
    0xEE, 0x73, 0xB9, 0xCE, 0xE7, 0x3B, 0x9C, 0xEE, 0x73, 0xB9, 0xCE, 0xE7, 0x3B, 0x9C, 0xEE, 0x73,
    0xB9, 0xCE, 0xE7, 0x3B, 0x9C, 0xEE, 0x73, 0xB9, 0xCE, 0xFF, 0xFF, 0xFF, 0xF0, 0x01, 0xC0, 0x07,
    0x00, 0x1C, 0x00, 0x00, 0xFE, 0x01, 0xFC, 0x00, 0x38, 0x00, 0x70, 0x00, 0xE0, 0x01, 0xC0, 0x03,
    0x80, 0x07, 0xF8, 0x0F, 0xFC, 0x1C, 0x78, 0x38, 0x78, 0x70, 0x70, 0xE0, 0xE1, 0xC1, 0xC3, 0x87,
    0x87, 0x1E, 0x0F, 0xFC, 0x1F, 0xE0, 0xE0, 0x3F, 0x01, 0xF8, 0x0F, 0xC0, 0x7E, 0x03, 0xF0, 0x1F,
    0x80, 0xFF, 0xC7, 0xFF, 0x3F, 0x7D, 0xF8, 0xEF, 0xC7, 0x7E, 0x3B, 0xF1, 0xDF, 0x8E, 0xFC, 0xF7,
    0xFF, 0x3F, 0xF1, 0xC0, 0xE0, 0x0E, 0x00, 0xE0, 0x0E, 0x00, 0xE0, 0x0E, 0x00, 0xE0, 0x0F, 0xF8,
    0xFF, 0xEE, 0x1E, 0xE0, 0xFE, 0x07, 0xE0, 0x7E, 0x07, 0xE0, 0xFE, 0x1E, 0xFF, 0xEF, 0xF8, 0x1F,
    0xC3, 0xFE, 0x79, 0xF7, 0x07, 0x70, 0x70, 0x07, 0x00, 0x71, 0xFF, 0x1F, 0xF0, 0x07, 0x00, 0x70,
    0x07, 0x60, 0x77, 0x07, 0x70, 0x77, 0xDF, 0x3F, 0xE1, 0xFC, 0xE3, 0xF3, 0x9F, 0xEE, 0x73, 0xB9,
    0x87, 0xE6, 0x1F, 0x98, 0x7E, 0x61, 0xFF, 0x87, 0xFE, 0x1F, 0x98, 0x7E, 0x61, 0xF9, 0x87, 0xE6,
    0x1F, 0x98, 0x7E, 0x61, 0xF9, 0xCE, 0xE7, 0xFB, 0x8F, 0xC0, 0x1F, 0xF3, 0xFF, 0x78, 0x7F, 0x07,
    0xE0, 0x7E, 0x07, 0xF0, 0x77, 0x87, 0x3F, 0xF1, 0xFF, 0x1E, 0x71, 0xC7, 0x1C, 0x73, 0x87, 0x38,
    0x77, 0x07, 0x70, 0x7F, 0x07, 0x1F, 0xC3, 0xFE, 0x78, 0xF7, 0x07, 0x00, 0x73, 0xFF, 0x7F, 0xF7,
    0x87, 0xF0, 0x7E, 0x07, 0xF0, 0x77, 0x9F, 0x7F, 0xF3, 0xF7, 0x07, 0xC7, 0xF9, 0xFF, 0x3C, 0x0E,
    0x01, 0xC0, 0x3F, 0xE7, 0xFE, 0xFB, 0xFC, 0x1F, 0x83, 0xF0, 0x7E, 0x0F, 0xC1, 0xF8, 0x3F, 0x07,
    0xFB, 0xEF, 0xF8, 0xFE, 0x00, 0xFF, 0x8F, 0xFE, 0xE1, 0xEE, 0x0E, 0xE0, 0xEE, 0x1E, 0xFF, 0x8F,
    0xFE, 0xE1, 0xEE, 0x0E, 0xE0, 0xEE, 0x1E, 0xFF, 0xEF, 0xFC, 0xFF, 0xFF, 0xFF, 0x80, 0x70, 0x0E,
    0x01, 0xC0, 0x38, 0x07, 0x00, 0xE0, 0x1C, 0x03, 0x80, 0x70, 0x0E, 0x01, 0xC0, 0x00, 0x1F, 0xF8,
    0x3F, 0xF0, 0x70, 0xE0, 0xE1, 0xC1, 0xC3, 0x83, 0x87, 0x07, 0x0E, 0x0E, 0x1C, 0x1C, 0x38, 0x70,
    0x70, 0xE0, 0xE1, 0xC1, 0xCF, 0xFF, 0xFF, 0xFF, 0xF8, 0x03, 0xF0, 0x07, 0xE0, 0x0E, 0x3F, 0x8F,
    0xFB, 0xEF, 0xF0, 0x7E, 0x0F, 0xC1, 0xFF, 0xFF, 0xFF, 0xE0, 0x1C, 0x03, 0x83, 0xFC, 0xF7, 0xFC,
    0x7F, 0x00, 0xE3, 0x8E, 0xE7, 0x39, 0xCE, 0x71, 0xDD, 0xC3, 0xBB, 0x87, 0x77, 0x07, 0xFC, 0x0F,
    0xF8, 0x3B, 0xB8, 0x77, 0x70, 0xEE, 0xF3, 0x9C, 0xE7, 0x39, 0xDC, 0x71, 0xC0, 0x1F, 0xC3, 0xFF,
    0x1E, 0x3C, 0xE0, 0xE0, 0x07, 0x00, 0x78, 0x3F, 0x01, 0xFE, 0x00, 0xF0, 0x03, 0xB8, 0x1C, 0xF1,
    0xE7, 0xFF, 0x1F, 0xE0, 0xE1, 0xFC, 0x3F, 0x8F, 0xF1, 0xFE, 0x7F, 0xCF, 0xFB, 0xBF, 0x77, 0xFC,
    0xFF, 0x9F, 0xE3, 0xFC, 0x7F, 0x0F, 0xE1, 0xC0, 0x71, 0xCF, 0x78, 0xFE, 0x0F, 0x80, 0x00, 0x00,
    0x38, 0x7F, 0x0F, 0xE3, 0xFC, 0x7F, 0x9F, 0xF3, 0xFE, 0xEF, 0xDD, 0xFF, 0x3F, 0xE7, 0xF8, 0xFF,
    0x1F, 0xC3, 0xF8, 0x70, 0xE0, 0x77, 0x07, 0x38, 0x79, 0xC3, 0x8E, 0x38, 0x73, 0xC3, 0xFC, 0x1F,
    0xE0, 0xE7, 0x87, 0x1E, 0x38, 0x71, 0xC3, 0xCE, 0x0F, 0x70, 0x38, 0x1F, 0xF8, 0xFF, 0xC7, 0x0E,
    0x38, 0x71, 0xC3, 0x8E, 0x1C, 0x70, 0xE3, 0x87, 0x1C, 0x38, 0xE1, 0xCE, 0x0E, 0x70, 0x7F, 0x83,
    0xF8, 0x1C, 0xF0, 0x7F, 0xC7, 0xFE, 0x3F, 0xFB, 0xFF, 0xDB, 0xF6, 0xDF, 0xBE, 0xFC, 0xE7, 0xE7,
    0x3F, 0x01, 0xF8, 0x0F, 0xC0, 0x7E, 0x03, 0xF0, 0x1C, 0xE0, 0xFC, 0x1F, 0x83, 0xF0, 0x7E, 0x0F,
    0xC1, 0xFF, 0xFF, 0xFF, 0xE0, 0xFC, 0x1F, 0x83, 0xF0, 0x7E, 0x0F, 0xC1, 0xC0, 0x3F, 0x8F, 0xFB,
    0xEF, 0xF0, 0x7E, 0x0F, 0xC1, 0xF8, 0x3F, 0x07, 0xE0, 0xFC, 0x1F, 0x83, 0xFD, 0xF7, 0xFC, 0x7F,
    0x00, 0xFF, 0xFF, 0xFF, 0x83, 0xF0, 0x7E, 0x0F, 0xC1, 0xF8, 0x3F, 0x07, 0xE0, 0xFC, 0x1F, 0x83,
    0xF0, 0x7E, 0x0F, 0xC1, 0xC0, 0xEF, 0x9F, 0xFB, 0xEF, 0xF0, 0x7E, 0x0F, 0xC1, 0xF8, 0x3F, 0x07,
    0xE0, 0xFC, 0x1F, 0x83, 0xFD, 0xFF, 0xFD, 0xDF, 0x38, 0x07, 0x00, 0xE0, 0x1C, 0x00, 0x3F, 0x87,
    0xFC, 0xF9, 0xEE, 0x0E, 0xE0, 0xEE, 0x00, 0xE0, 0x0E, 0x00, 0xE0, 0x0E, 0x0E, 0xE0, 0xEF, 0x9E,
    0x7F, 0xC3, 0xF8, 0xFF, 0xFF, 0xFF, 0xC1, 0xC0, 0x0E, 0x00, 0x70, 0x03, 0x80, 0x1C, 0x00, 0xE0,
    0x07, 0x00, 0x38, 0x01, 0xC0, 0x0E, 0x00, 0x70, 0x03, 0x80, 0xE0, 0x3B, 0x83, 0x9C, 0x1C, 0xF0,
    0xE3, 0x8E, 0x1C, 0x70, 0x73, 0x83, 0xB8, 0x1D, 0xC0, 0x7C, 0x03, 0xE0, 0x0F, 0x00, 0x70, 0x03,
    0x80, 0x3C, 0x01, 0xC0, 0x0E, 0x00, 0xE0, 0x00, 0x07, 0x00, 0x38, 0x01, 0xC0, 0x0E, 0x03, 0xFE,
    0x3F, 0xF9, 0xFF, 0xDC, 0xE7, 0xE7, 0x3F, 0x39, 0xF9, 0xCF, 0xCE, 0x7E, 0x73, 0xF3, 0x9F, 0x9C,
    0xEF, 0xFE, 0x7F, 0xF1, 0xFF, 0x01, 0xC0, 0x0E, 0x00, 0x70, 0x03, 0x80, 0xF0, 0x7B, 0xC7, 0x8E,
    0x38, 0x7B, 0xC1, 0xFC, 0x07, 0xC0, 0x3E, 0x01, 0xF0, 0x0F, 0x80, 0xEE, 0x0F, 0x78, 0x71, 0xC7,
    0x07, 0x78, 0x3C, 0xE0, 0xE7, 0x07, 0x38, 0x39, 0xC1, 0xCE, 0x0E, 0x70, 0x73, 0x83, 0x9C, 0x1C,
    0xE0, 0xE7, 0x07, 0x38, 0x39, 0xC1, 0xCF, 0xFF, 0xFF, 0xFC, 0x00, 0xE0, 0x07, 0x00, 0x38, 0x70,
    0x77, 0x07, 0x70, 0x77, 0x07, 0x70, 0x77, 0x07, 0x78, 0x77, 0xFF, 0x3F, 0xF0, 0x07, 0x00, 0x70,
    0x07, 0x00, 0x70, 0x07, 0xE7, 0x3F, 0x39, 0xF9, 0xCF, 0xCE, 0x7E, 0x73, 0xF3, 0x9F, 0x9C, 0xFC,
    0xE7, 0xE7, 0x3F, 0x39, 0xF9, 0xCF, 0xCE, 0x7F, 0xFF, 0xFF, 0xFC, 0xE7, 0x3B, 0x9C, 0xEE, 0x73,
    0xB9, 0xCE, 0xE7, 0x3B, 0x9C, 0xEE, 0x73, 0xB9, 0xCE, 0xE7, 0x3B, 0x9C, 0xEE, 0x73, 0xB9, 0xCE,
    0xFF, 0xFF, 0xFF, 0xF0, 0x01, 0xC0, 0x07, 0x00, 0x1C, 0x00, 0x00, 0xFE, 0x01, 0xFC, 0x00, 0x38,
    0x00, 0x70, 0x00, 0xE0, 0x01, 0xFF, 0x03, 0xFF, 0x07, 0x1E, 0x0E, 0x1E, 0x1C, 0x1C, 0x38, 0x78,
    0x71, 0xE0, 0xFF, 0xC1, 0xFE, 0x00, 0xE0, 0x3F, 0x01, 0xF8, 0x0F, 0xC0, 0x7E, 0x03, 0xFF, 0x1F,
    0xFC, 0xFC, 0xF7, 0xE3, 0xBF, 0x1D, 0xF8, 0xEF, 0xCF, 0x7F, 0xF3, 0xFF, 0x1C, 0xE0, 0x0E, 0x00,
    0xE0, 0x0E, 0x00, 0xE0, 0x0F, 0xFC, 0xFF, 0xEE, 0x1F, 0xE0, 0x7E, 0x07, 0xE0, 0x7E, 0x1F, 0xFF,
    0xEF, 0xFC, 0x3F, 0x8F, 0xFB, 0xCF, 0xF0, 0x7E, 0x0E, 0x01, 0xC3, 0xF8, 0x7F, 0x00, 0xFC, 0x1F,
    0x83, 0xF9, 0xF7, 0xFC, 0x7F, 0x00, 0xE3, 0xF7, 0x3F, 0xF9, 0xDF, 0xCC, 0x7E, 0x61, 0xF3, 0x0F,
    0xF8, 0x7F, 0xC3, 0xE6, 0x1F, 0x30, 0xF9, 0x8F, 0xCE, 0xFE, 0x7F, 0xF1, 0xF8, 0x1F, 0xF3, 0xFF,
    0x78, 0x77, 0x07, 0x70, 0x77, 0x07, 0x78, 0x73, 0xFF, 0x1F, 0xF1, 0xE7, 0x1C, 0x73, 0x87, 0x78,
    0x7F, 0x07, 0x71, 0xCF, 0x79, 0xC7, 0x00, 0x00, 0x00, 0x7F, 0x1F, 0xF7, 0xDF, 0xE0, 0xFC, 0x1F,
    0x83, 0xFF, 0xFF, 0xFF, 0xC0, 0x38, 0x07, 0x07, 0xF9, 0xEF, 0xF8, 0xFE, 0x00, 0x38, 0x07, 0xFC,
    0x3F, 0xE0, 0x70, 0x03, 0x80, 0x1D, 0xF0, 0xFF, 0xC7, 0xDF, 0x38, 0x39, 0xC1, 0xCE, 0x0E, 0x70,
    0x73, 0x83, 0x9C, 0x1C, 0xE0, 0xE7, 0x07, 0x38, 0x39, 0xC1, 0xC0, 0x0E, 0x01, 0xE0, 0x3F, 0x01,
    0xF0, 0x03, 0x80, 0xF0, 0x3C, 0x07, 0x00, 0x00, 0x00, 0x3F, 0xFF, 0xFF, 0xE0, 0x1C, 0x03, 0x80,
    0x70, 0x0E, 0x01, 0xC0, 0x38, 0x07, 0x00, 0xE0, 0x1C, 0x03, 0x80, 0x70, 0x00, 0x3F, 0x8F, 0xFB,
    0xE7, 0xF0, 0x7E, 0x0F, 0xC0, 0x3F, 0x87, 0xF0, 0xE0, 0x1C, 0x1F, 0x83, 0xFC, 0xF7, 0xFC, 0x7F,
    0x00, 0x3F, 0x8F, 0xFB, 0xC7, 0xF0, 0x7E, 0x01, 0xF8, 0x1F, 0xF1, 0xFF, 0x00, 0xE0, 0x1F, 0x83,
    0xF8, 0xF7, 0xFC, 0x7F, 0x00, 0x0F, 0x00, 0xF0, 0x0F, 0x00, 0x00, 0x00, 0x0F, 0xF0, 0xFF, 0x00,
    0x70, 0x07, 0x00, 0x70, 0x07, 0x00, 0x70, 0x07, 0x00, 0x70, 0x07, 0x00, 0x70, 0x07, 0x0F, 0xFF,
    0xFF, 0xF0, 0x79, 0xC7, 0x9E, 0x79, 0xC0, 0x00, 0x00, 0x0F, 0xF0, 0xFF, 0x00, 0x70, 0x07, 0x00,
    0x70, 0x07, 0x00, 0x70, 0x07, 0x00, 0x70, 0x07, 0x00, 0x70, 0x07, 0x0F, 0xFF, 0xFF, 0xF0, 0x03,
    0x81, 0xF0, 0x38, 0x00, 0x00, 0x3F, 0xEF, 0xF8, 0x0E, 0x03, 0x80, 0xE0, 0x38, 0x0E, 0x03, 0x80,
    0xE0, 0x38, 0x0E, 0x03, 0x80, 0xE0, 0x38, 0x0E, 0x0F, 0xBF, 0xCF, 0xE0, 0x3F, 0x80, 0x7F, 0x00,
    0xE6, 0x01, 0xCC, 0x03, 0x98, 0x06, 0x3F, 0x0C, 0x7F, 0x18, 0xCF, 0x31, 0x8E, 0x63, 0x1D, 0xC6,
    0x3B, 0x8C, 0xFF, 0x1F, 0xDC, 0x3F, 0x00, 0xE3, 0x03, 0x8C, 0x0E, 0x30, 0x38, 0xC0, 0xE3, 0x03,
    0xFF, 0xCF, 0xFF, 0xB8, 0xCF, 0xE3, 0x1F, 0x8C, 0x7E, 0x31, 0xF8, 0xCF, 0xE3, 0xFB, 0x8F, 0xC0,
    0x38, 0x01, 0xC0, 0x3F, 0xE1, 0xFF, 0x03, 0x80, 0x1D, 0xF0, 0xFF, 0xC7, 0xDF, 0x38, 0x39, 0xC1,
    0xCE, 0x0E, 0x70, 0x73, 0x83, 0x9C, 0x1C, 0xE0, 0xE7, 0x07, 0x38, 0x39, 0xC1, 0xC0, 0x03, 0x80,
    0x1C, 0x01, 0xC0, 0x1C, 0x00, 0x00, 0x00, 0x03, 0x81, 0xDC, 0x1C, 0xE1, 0xE7, 0x0E, 0x38, 0xE1,
    0xCF, 0x0F, 0xF0, 0x7F, 0x83, 0x9E, 0x1C, 0x78, 0xE1, 0xC7, 0x0F, 0x38, 0x3D, 0xC0, 0xE0, 0x38,
    0xE1, 0xEF, 0x07, 0xF0, 0x1F, 0x00, 0x00, 0x00, 0x03, 0x80, 0xEE, 0x0E, 0x70, 0x73, 0xC3, 0x8E,
    0x38, 0x71, 0xC1, 0xCE, 0x0E, 0xE0, 0x77, 0x01, 0xF0, 0x0F, 0x80, 0x3C, 0x01, 0xC0, 0x0E, 0x00,
    0xF0, 0x07, 0x00, 0x38, 0x03, 0x80, 0xE0, 0xFC, 0x1F, 0x83, 0xF0, 0x7E, 0x0F, 0xC1, 0xF8, 0x3F,
    0x07, 0xE0, 0xFC, 0x1F, 0x83, 0xF0, 0x7F, 0xFF, 0xFF, 0xC3, 0x80, 0x70, 0x0E, 0x00, 0x00, 0xE0,
    0x1C, 0x03, 0xFF, 0xFF, 0xFF, 0xC0, 0x38, 0x07, 0x00, 0xE0, 0x1C, 0x03, 0x80, 0x70, 0x0E, 0x01,
    0xC0, 0x38, 0x07, 0x00, 0xE0, 0x1C, 0x03, 0x80, 0x70, 0x0E, 0x00, 0x00, 0xC0, 0x1C, 0x03, 0xFF,
    0xFF, 0xFF, 0xC0, 0x38, 0x07, 0x00, 0xE0, 0x1C, 0x03, 0x80, 0x70, 0x0E, 0x01, 0xC0, 0x38, 0x07,
    0x00, 0xE0, 0x00, 0x1F, 0xFC, 0x7F, 0xF1, 0xC0, 0x07, 0x00, 0x1C, 0x00, 0x70, 0x01, 0xC0, 0x07,
    0x00, 0xFF, 0xC3, 0xFF, 0x01, 0xC0, 0x07, 0x00, 0x1C, 0x00, 0x70, 0x01, 0xC0, 0x07, 0x00, 0x1C,
    0x00, 0x70, 0x00, 0x3F, 0xF9, 0xFF, 0xCE, 0x00, 0x70, 0x03, 0x80, 0x1C, 0x03, 0xFF, 0x1F, 0xF8,
    0x38, 0x01, 0xC0, 0x0E, 0x00, 0x70, 0x03, 0x80, 0x1C, 0x00, 0xE0, 0xF7, 0x07, 0x38, 0x79, 0xC3,
    0x8E, 0x3C, 0x71, 0xC3, 0x9E, 0x1C, 0xE0, 0xFF, 0x07, 0xF8, 0x39, 0xC1, 0xCF, 0x0E, 0x38, 0x71,
    0xE3, 0x87, 0x1C, 0x3C, 0xE0, 0xFF, 0x07, 0xC0, 0x0E, 0x00, 0x70, 0x03, 0x80, 0xE0, 0xF7, 0x07,
    0x38, 0x71, 0xC7, 0x8E, 0x38, 0x73, 0x83, 0xFC, 0x1F, 0xE0, 0xE7, 0x07, 0x1C, 0x38, 0xF1, 0xC3,
    0x8E, 0x0F, 0xF0, 0x7C, 0x00, 0xE0, 0x07, 0x00, 0x38, 0xE0, 0xEE, 0x0E, 0xE0, 0xEE, 0x0E, 0xE0,
    0xEE, 0x0E, 0xE0, 0xEE, 0x0E, 0xFF, 0xEF, 0xFE, 0xE0, 0xEE, 0x0E, 0xE0, 0xEE, 0x0E, 0xE0, 0xEE,
    0x0E, 0xE0, 0xFE, 0x0F, 0x00, 0x70, 0x07, 0x00, 0x70, 0xE0, 0xEE, 0x0E, 0xE0, 0xEE, 0x0E, 0xE0,
    0xEE, 0x0E, 0xFF, 0xEF, 0xFE, 0xE0, 0xEE, 0x0E, 0xE0, 0xEE, 0x0E, 0xE0, 0xFE, 0x0F, 0x00, 0x70,
    0x07, 0x00, 0x70, 0x70, 0x1C, 0xE0, 0x38, 0xE0, 0xE1, 0xC1, 0xC1, 0xC7, 0x03, 0x8E, 0x03, 0xB8,
    0x07, 0x70, 0x07, 0xC0, 0x0F, 0x80, 0x0E, 0x00, 0x1C, 0x00, 0x38, 0x00, 0x70, 0x00, 0xE0, 0x01,
    0xC0, 0x03, 0x80, 0x07, 0x00, 0xE0, 0x3B, 0x83, 0x9C, 0x1C, 0xE0, 0xE3, 0x8E, 0x1C, 0x70, 0xE3,
    0x83, 0xB8, 0x1D, 0xC0, 0x7C, 0x03, 0xE0, 0x1F, 0x00, 0x70, 0x03, 0x80, 0x1C, 0x00, 0xE0, 0x07,
    0x00, 0x38, 0x00, 0x70, 0x1C, 0xE0, 0x38, 0xE0, 0xE1, 0xC1, 0xC1, 0xC7, 0x03, 0x8E, 0x03, 0xB8,
    0x07, 0x70, 0x07, 0xC0, 0x0F, 0x80, 0x0E, 0x00, 0xFF, 0x81, 0xFF, 0x00, 0x70, 0x00, 0xE0, 0x01,
    0xC0, 0x03, 0x80, 0x07, 0x00, 0xE0, 0x3B, 0x83, 0x9C, 0x1C, 0xE0, 0xE3, 0x8E, 0x1C, 0x70, 0x73,
    0x03, 0xB8, 0x1D, 0xC0, 0x7C, 0x03, 0xE0, 0x1F, 0x00, 0x70, 0x1F, 0xF0, 0xFF, 0x80, 0xE0, 0x07,
    0x00, 0x38, 0x00, 0xE0, 0x77, 0x03, 0xB8, 0x1D, 0xC0, 0xEE, 0x07, 0x70, 0x3B, 0x81, 0xDC, 0x0E,
    0x78, 0x73, 0xFF, 0x8F, 0xFC, 0x00, 0xE0, 0x07, 0x00, 0x38, 0x01, 0xC0, 0x0E, 0x00, 0x78, 0x03,
    0xC0, 0x0E, 0x00, 0x70, 0x03, 0x80, 0xE0, 0x77, 0x03, 0xB8, 0x1D, 0xC0, 0xEE, 0x07, 0x38, 0x39,
    0xE1, 0xCF, 0xFE, 0x3F, 0xF0, 0x03, 0x80, 0x1C, 0x00, 0xE0, 0x07, 0x80, 0x3C, 0x00, 0xE0, 0x07,
    0x00, 0x38, 0xE0, 0x0E, 0x00, 0xE0, 0x0E, 0x00, 0xE0, 0x0E, 0x00, 0xE0, 0x0F, 0xF8, 0xFF, 0xEE,
    0x1E, 0xE0, 0xEE, 0x0E, 0xE0, 0xFE, 0x0F, 0xE0, 0xFE, 0x0F, 0xE0, 0xFE, 0x0F, 0xE0, 0x0E, 0x00,
    0xE0, 0x0E, 0x00, 0xE0, 0x0F, 0xFC, 0xFF, 0xEE, 0x1E, 0xE0, 0xEE, 0x0E, 0xE0, 0xEE, 0x0E, 0xE0,
    0xEE, 0x0E, 0x3F, 0x8F, 0xFB, 0xEF, 0xF0, 0x7E, 0x0E, 0x01, 0xC0, 0x38, 0x07, 0xFF, 0xFF, 0xFF,
    0x83, 0xF0, 0x7E, 0x0F, 0xC1, 0xF8, 0x3F, 0xDF, 0x7F, 0xC7, 0xF0, 0x3F, 0x8F, 0xFB, 0xCF, 0xF0,
    0x70, 0x0E, 0x01, 0xFF, 0xFF, 0xFF, 0xE0, 0xFC, 0x1F, 0x83, 0xFD, 0xF7, 0xFC, 0x7F, 0x00, 0x1C,
    0x70, 0x3D, 0xE0, 0x71, 0xC0, 0x00, 0x00, 0x00, 0x1C, 0x71, 0xDC, 0xE7, 0x39, 0xCE, 0x73, 0x9C,
    0x77, 0x70, 0xEE, 0xE1, 0xDD, 0xC1, 0xFF, 0x03, 0xFE, 0x07, 0xFC, 0x0F, 0xF8, 0x3B, 0xB8, 0x77,
    0x71, 0xCE, 0xF3, 0x9C, 0xE7, 0x39, 0xDC, 0x71, 0xF8, 0xE3, 0x80, 0x1C, 0x70, 0x3D, 0xE0, 0x71,
    0xC0, 0x00, 0x00, 0x00, 0x1C, 0x71, 0xDC, 0xE7, 0x39, 0xCE, 0x3B, 0xB8, 0x77, 0x70, 0xEE, 0xE0,
    0xFF, 0x81, 0xFF, 0x07, 0x77, 0x0E, 0xEE, 0x1D, 0xDE, 0x73, 0x9C, 0xE7, 0x3B, 0x8E, 0x38, 0x38,
    0xE1, 0xEF, 0x0E, 0x38, 0x00, 0x00, 0x00, 0x0F, 0xE0, 0xFF, 0x8F, 0x3E, 0x70, 0x73, 0x03, 0x80,
    0x1C, 0x03, 0xC0, 0xFC, 0x07, 0xF0, 0x07, 0xC0, 0x0E, 0x00, 0x3F, 0x01, 0xF8, 0x0F, 0xE0, 0xE7,
    0x9F, 0x1F, 0xF0, 0x7F, 0x00, 0x38, 0xE1, 0xEF, 0x0E, 0x38, 0x00, 0x00, 0x00, 0x0F, 0xE1, 0xFF,
    0x8F, 0x1E, 0x70, 0x70, 0x03, 0x80, 0x3C, 0x1F, 0x80, 0xFF, 0x00, 0x78, 0x01, 0xDC, 0x0E, 0x78,
    0xF3, 0xFF, 0x8F, 0xF0, 0x71, 0xCF, 0x79, 0xC7, 0x00, 0x00, 0x01, 0xC3, 0xF8, 0x7F, 0x1F, 0xE3,
    0xFC, 0x7F, 0x9F, 0xF3, 0xFE, 0x6F, 0xDD, 0xFB, 0xBF, 0x67, 0xFC, 0xFF, 0x9F, 0xE3, 0xFC, 0x7F,
    0x8F, 0xE1, 0xFC, 0x38, 0x71, 0xCF, 0x79, 0xC7, 0x00, 0x00, 0x01, 0xC3, 0xF8, 0x7F, 0x1F, 0xE3,
    0xFC, 0xFF, 0x9F, 0xF7, 0x7E, 0xEF, 0xF9, 0xFF, 0x3F, 0xC7, 0xF8, 0xFE, 0x1F, 0xC3, 0x80, 0x71,
    0xCF, 0x79, 0xC7, 0x00, 0x00, 0x00, 0x7F, 0x1F, 0xF7, 0xDF, 0xE0, 0xFC, 0x1F, 0x83, 0xF0, 0x7E,
    0x0F, 0xC1, 0xF8, 0x3F, 0x07, 0xE0, 0xFC, 0x1F, 0x83, 0xF0, 0x7F, 0xBE, 0xFF, 0x8F, 0xE0, 0x71,
    0xCF, 0x79, 0xC7, 0x00, 0x00, 0x00, 0x7F, 0x1F, 0xF7, 0xDF, 0xE0, 0xFC, 0x1F, 0x83, 0xF0, 0x7E,
    0x0F, 0xC1, 0xF8, 0x3F, 0x07, 0xFB, 0xEF, 0xF8, 0xFE, 0x00, 0x3F, 0x8F, 0xFB, 0xEF, 0xF0, 0x7E,
    0x0F, 0xC1, 0xF8, 0x3F, 0xFF, 0xFF, 0xFC, 0x1F, 0x83, 0xF0, 0x7E, 0x0F, 0xC1, 0xF8, 0x3F, 0xDF,
    0x7F, 0xC7, 0xF0, 0x3F, 0x8F, 0xFB, 0xEF, 0xF0, 0x7E, 0x0F, 0xC1, 0xFF, 0xFF, 0xFF, 0xE0, 0xFC,
    0x1F, 0x83, 0xFD, 0xF7, 0xFC, 0x7F, 0x00, 0x38, 0xE3, 0xDE, 0x38, 0xE0, 0x00, 0x00, 0x0F, 0x07,
    0xF0, 0x7F, 0x07, 0xF0, 0x7F, 0x07, 0xF0, 0x77, 0x07, 0x70, 0x77, 0x87, 0x7F, 0xF1, 0xFF, 0x00,
    0x70, 0x07, 0x00, 0x70, 0x07, 0x00, 0x70, 0x07, 0x00, 0x70, 0x38, 0xE3, 0xDE, 0x38, 0xE0, 0x00,
    0x00, 0x07, 0x07, 0x70, 0x77, 0x07, 0x70, 0x77, 0x07, 0x70, 0x77, 0x87, 0x7F, 0xF3, 0xFF, 0x00,
    0x70, 0x07, 0x00, 0x70, 0x07, 0x00, 0x70, 0xFF, 0xFF, 0xC0, 0xFF, 0xFF, 0xFC, 0xFF, 0xFF, 0xFF,
    0xFC, 0xE3, 0xF1, 0xF8, 0xFC, 0x7E, 0x3F, 0x1F, 0x8F, 0xC7, 0xE3, 0xF1, 0xF8, 0xFC, 0x7E, 0x3F,
    0x1F, 0x8F, 0xC7, 0xE3, 0xF1, 0xF8, 0xFC, 0x7E, 0x3F, 0x1F, 0x8F, 0xC7, 0x7B, 0x9D, 0xCE, 0x73,
    0x8E, 0x71, 0xCE, 0x73, 0xB9, 0xDE, 0x71, 0xCE, 0x73, 0xB9, 0xDE, 0x77, 0x39, 0xCE, 0x39, 0xCF,
    0x39, 0xCF, 0x39, 0xCF, 0x39, 0xCE, 0x39, 0xC7, 0x3C, 0xE3, 0x9E, 0x71, 0xC7, 0x3C, 0xE3, 0x9C,
    0x73, 0x9C, 0xF3, 0x9C, 0xF7, 0x9C, 0x71, 0xE7, 0x1C, 0xE3, 0x9C, 0x73, 0x8E, 0xF3, 0xDC, 0x77,
    0x8E, 0x71, 0xDE, 0x73, 0x8E, 0x71, 0xC7, 0x38, 0xE7, 0x9E, 0x71, 0xCF, 0x0E, 0x01, 0xC0, 0x38,
    0x07, 0x00, 0xE0, 0x1C, 0x3F, 0xFF, 0xFF, 0x0E, 0x01, 0xC0, 0x38, 0x07, 0x00, 0xE0, 0x1C, 0x03,
    0x80, 0x70, 0x0E, 0x01, 0xC0, 0x38, 0x07, 0x00, 0xE0, 0x1C, 0x03, 0x80, 0x70, 0x0E, 0x01, 0xC0,
    0x38, 0x07, 0x00, 0xE0, 0x1C, 0x03, 0x87, 0xFF, 0xFF, 0xE1, 0xC0, 0x38, 0x07, 0x00, 0xE0, 0x1C,
    0x03, 0x80, 0x70, 0xFF, 0xFF, 0xFC, 0x38, 0x07, 0x00, 0xE0, 0x1C, 0x03, 0x80, 0x70, 0x7D, 0xFB,
    0xFF, 0xF7, 0xCF, 0x80, 0x77, 0xFE, 0xE0, 0xE7, 0x3F, 0x39, 0xF9, 0xCF, 0xCE, 0x70, 0x3C, 0x1C,
    0x3F, 0x0C, 0x19, 0x8C, 0x0C, 0xEE, 0x06, 0x66, 0x03, 0xF7, 0x00, 0xFF, 0x00, 0x03, 0x00, 0x03,
    0x80, 0x01, 0x80, 0x01, 0xC0, 0x01, 0xFF, 0xE0, 0xDF, 0xF8, 0xEC, 0xCC, 0x66, 0x66, 0x63, 0x33,
    0x71, 0xBB, 0xB0, 0xFF, 0x80, 0x7B, 0x9C, 0xEF, 0x73, 0x9C, 0x39, 0xEF, 0x39, 0xE7, 0x38, 0xE7,
    0x1C, 0xE7, 0x9C, 0xE7, 0x1C, 0x7B, 0xDE, 0xF7, 0xBD, 0xCE, 0x73, 0x9C, 0xE7, 0x39, 0xCE, 0x77,
    0xBD, 0xCE, 0x73, 0x9C, 0x07, 0x07, 0x07, 0x87, 0x87, 0x83, 0x81, 0xC0, 0xF0, 0x3C, 0x0F, 0x03,
    0xC0, 0xE0, 0x70, 0x3C, 0x0F, 0x03, 0xC0, 0xF0, 0x38, 0x1C, 0x1E, 0x1E, 0x1E, 0x0E, 0x0E, 0x00,
    0x71, 0xCE, 0x39, 0xC7, 0x38, 0xE7, 0x1C, 0xE3, 0x9C, 0x73, 0x8E, 0x71, 0xCE, 0x39, 0xC7, 0x38,
    0xE7, 0x1C, 0x00, 0x00, 0x03, 0x8E, 0xFB, 0xEE, 0x38, 0xFE, 0x3F, 0xC0, 0xF8, 0x0E, 0x39, 0xCE,
    0x73, 0xB8, 0xFE, 0x3F, 0x8F, 0xC3, 0x80, 0xE0, 0x38, 0x00, 0x00, 0x01, 0xE0, 0x7C, 0x1E, 0x00,
    0xFF, 0xFF, 0xFF, 0xFF, 0xC0, 0xE0, 0x0F, 0xC0, 0x1F, 0xC0, 0x7B, 0xFF, 0xE3, 0xFF, 0x80, 0x00,
    0x0E, 0x00, 0x38, 0x00, 0x70, 0x01, 0xC0, 0x07, 0x00, 0x1C, 0x00, 0x38, 0x00, 0xE0, 0x03, 0x80,
    0x07, 0x00, 0x1C, 0x00, 0x70, 0x00, 0xE0, 0x03, 0x80, 0x0E, 0x00, 0x38, 0x00, 0x70, 0x01, 0xC0,
    0x00, 0xFF, 0xFF, 0x87, 0x0E, 0x1C, 0x38, 0x70, 0xE1, 0xC3, 0xFF, 0xFE, 0x1C, 0x38, 0x70, 0xE1,
    0xC3, 0x87, 0x0E, 0x1F, 0xFF, 0x80, 0xFF, 0xFC, 0x38, 0x70, 0xE1, 0xC3, 0x87, 0x0E, 0x1F, 0xFF,
    0xF0, 0xE1, 0xC3, 0x87, 0x0E, 0x1C, 0x38, 0x70, 0xFF, 0xFF, 0x80, 0x3E, 0x3F, 0xB8, 0xFC, 0x7E,
    0x3F, 0x1F, 0x8F, 0xC7, 0xE3, 0xBF, 0x8F, 0x80, 0x0E, 0x0E, 0x07, 0x07, 0x07, 0x3B, 0x9F, 0x8F,
    0xFF, 0xFF, 0x81, 0xC0, 0xE0, 0x7F, 0xBF, 0x98, 0x0F, 0xC7, 0xF0, 0x3C, 0x0F, 0xC7, 0xE3, 0xBF,
    0x8F, 0x80, 0x0C, 0x0E, 0x0E, 0x06, 0x07, 0xF7, 0xFF, 0x8F, 0xC7, 0xE3, 0xBF, 0x8F, 0x80, 0xFF,
    0xFF, 0xF8, 0xFC, 0x60, 0x70, 0x30, 0x38, 0x18, 0x1C, 0x0C, 0x0E, 0x00, 0x3F, 0x3F, 0xB8, 0xFC,
    0x77, 0xF3, 0xFB, 0xDF, 0xC7, 0xE3, 0xBF, 0x8F, 0x80, 0x3E, 0x3F, 0xB8, 0xFC, 0x7E, 0x3B, 0xFD,
    0xFC, 0x0C, 0x0E, 0x0E, 0x06, 0x00, 0x38, 0x70, 0xE7, 0xFF, 0xE7, 0x0E, 0x00, 0xFF, 0xFF, 0xC0,
    0x00, 0x0F, 0xFF, 0xFC, 0x3E, 0x3F, 0xB8, 0xFC, 0x7E, 0x3F, 0x1F, 0x8F, 0xC7, 0xE3, 0xBF, 0x8F,
    0x80, 0x3E, 0x3F, 0x3B, 0x89, 0xC0, 0xE0, 0x70, 0x38, 0x1C, 0x0E, 0x7F, 0xFF, 0xE0, 0x3E, 0x3F,
    0x98, 0xFC, 0x70, 0x30, 0x38, 0x78, 0x78, 0x78, 0x3F, 0xDF, 0xE0, 0x7F, 0xBF, 0xC1, 0xC3, 0x81,
    0xE0, 0xF8, 0x0F, 0xC7, 0xE3, 0xBF, 0x8F, 0x80, 0x0E, 0x0E, 0x07, 0x07, 0x07, 0x3B, 0x9F, 0x8F,
    0xFF, 0xFF, 0x81, 0xC0, 0xE0, 0x7F, 0xBF, 0x98, 0x0F, 0xC7, 0xF0, 0x3C, 0x0F, 0xC7, 0xE3, 0xBF,
    0x8F, 0x80, 0x0C, 0x0E, 0x0E, 0x06, 0x07, 0xF7, 0xFF, 0x8F, 0xC7, 0xE3, 0xBF, 0x8F, 0x80, 0xFF,
    0xFF, 0xF8, 0xFC, 0x60, 0x70, 0x30, 0x38, 0x18, 0x1C, 0x0C, 0x0E, 0x00, 0x3F, 0x3F, 0xB8, 0xFC,
    0x77, 0xF3, 0xFB, 0xDF, 0xC7, 0xE3, 0xBF, 0x8F, 0x80, 0x3E, 0x3F, 0xB8, 0xFC, 0x7E, 0x3B, 0xFD,
    0xFC, 0x0C, 0x0E, 0x0E, 0x06, 0x00, 0x00, 0xE0, 0x07, 0x01, 0xFE, 0x0F, 0xF0, 0x0E, 0x00, 0x70,
    0xFB, 0x8F, 0xFC, 0xFB, 0xE7, 0x07, 0x38, 0x39, 0xC1, 0xCE, 0x0E, 0x70, 0x73, 0xEF, 0x8F, 0xFC,
    0x3E, 0xE0, 0x00, 0x3F, 0xF9, 0xFF, 0xC0, 0x0F, 0xE0, 0x7F, 0xC3, 0xE7, 0x8E, 0x0E, 0x38, 0x38,
    0xE0, 0x0F, 0xF8, 0x3F, 0xE0, 0x38, 0x00, 0xE0, 0x0F, 0xF8, 0x3F, 0xE0, 0x38, 0x00, 0xE0, 0xE3,
    0x83, 0x8F, 0x9E, 0x1F, 0xF0, 0x3F, 0x80, 0xFF, 0xFF, 0xFF, 0xC1, 0xC0, 0x0E, 0x00, 0x70, 0x03,
    0x80, 0x1F, 0xC1, 0xFE, 0x7F, 0xC3, 0xF8, 0x11, 0xDC, 0x0F, 0xE7, 0xFE, 0x3F, 0x81, 0x9C, 0x00,
    0xE0, 0x07, 0x00, 0x38, 0x00, 0x1F, 0xC1, 0xFF, 0x1F, 0x3C, 0xE0, 0xE0, 0x07, 0x00, 0xF3, 0xFF,
    0xFF, 0xFF, 0x00, 0x00, 0x00, 0x3F, 0xFF, 0xFF, 0xF3, 0x80, 0x38, 0x39, 0xC1, 0xCF, 0x3E, 0x3F,
    0xE0, 0xFE, 0x00, 0x3F, 0xF0, 0xFF, 0xE3, 0x87, 0xCE, 0x07, 0x38, 0x1C, 0xE0, 0x73, 0x81, 0xCE,
    0x1F, 0xFF, 0xFB, 0xFF, 0xC3, 0x80, 0x0E, 0x00, 0xFF, 0xE3, 0xFF, 0x83, 0x80, 0x0E, 0x00, 0x38,
    0x00, 0xE0, 0x00, 0x37, 0x03, 0x70, 0x37, 0x03, 0x70, 0xFF, 0x8F, 0xFC, 0xE3, 0xEE, 0x0E, 0xE0,
    0xEE, 0x0E, 0xE0, 0xEE, 0x3C, 0xFF, 0xCF, 0xFC, 0xE3, 0xEE, 0x0E, 0xE0, 0x7E, 0x07, 0xE0, 0xEE,
    0x1E, 0xFF, 0xCF, 0xF8, 0x37, 0x03, 0x70, 0x37, 0x03, 0x60, 0x07, 0x00, 0x1E, 0x00, 0x78, 0x00,
    0xE0, 0x03, 0x80, 0x0E, 0x00, 0x3F, 0xFF, 0xFF, 0xFF, 0x70, 0x00, 0x70, 0x00, 0x70, 0x00, 0xF0,
    0x00, 0xF0, 0x00, 0xE0, 0x00, 0x02, 0x00, 0x38, 0x03, 0xE0, 0x3F, 0x87, 0xFF, 0x7B, 0xBF, 0x9C,
    0xF8, 0xE3, 0x87, 0x08, 0x38, 0x01, 0xC0, 0x0E, 0x00, 0x70, 0x03, 0x80, 0x1C, 0x00, 0xE0, 0x07,
    0x00, 0x38, 0x01, 0xC0, 0x01, 0xC0, 0x03, 0xC0, 0x03, 0xC0, 0x03, 0x80, 0x03, 0x80, 0x03, 0xBF,
    0xFF, 0xFF, 0xFF, 0x00, 0x1C, 0x00, 0x70, 0x01, 0xC0, 0x07, 0x80, 0x1E, 0x00, 0x38, 0x00, 0x07,
    0x00, 0x38, 0x01, 0xC0, 0x0E, 0x00, 0x70, 0x03, 0x80, 0x1C, 0x00, 0xE0, 0x07, 0x00, 0x38, 0x21,
    0xC3, 0x8E, 0x3E, 0x73, 0xFB, 0xBD, 0xFF, 0xC7, 0xF8, 0x0F, 0x80, 0x38, 0x00, 0x80, 0x07, 0x1C,
    0x01, 0xC1, 0xC0, 0x78, 0x3C, 0x1E, 0x03, 0xC7, 0x80, 0x3C, 0xE0, 0x03, 0xBF, 0xFF, 0xFF, 0xFF,
    0xFF, 0x70, 0x01, 0xC7, 0x00, 0x70, 0xF0, 0x1E, 0x0F, 0x07, 0x80, 0xE0, 0xE0, 0x0E, 0x38, 0x00,
    0x02, 0x00, 0x38, 0x03, 0xE0, 0x3F, 0x87, 0xFF, 0x7B, 0xBF, 0x9C, 0xF8, 0xE3, 0x87, 0x08, 0x38,
    0x01, 0xC0, 0x0E, 0x00, 0x70, 0x03, 0x80, 0x1C, 0x00, 0xE0, 0x07, 0x00, 0x38, 0x01, 0xC1, 0x0E,
    0x1C, 0x71, 0xF3, 0x9F, 0xFF, 0xE7, 0xFC, 0x1F, 0xC0, 0x7C, 0x01, 0xC0, 0x00, 0x00, 0xFF, 0xE7,
    0xFF, 0xBE, 0x01, 0xF8, 0x0F, 0xE0, 0x77, 0x83, 0x9E, 0x1C, 0x78, 0xE1, 0xE7, 0x07, 0x98, 0x1E,
    0x40, 0x70, 0x01, 0x00, 0x3F, 0xFB, 0xFF, 0xC0, 0x3E, 0x03, 0xF0, 0x3F, 0x83, 0xDC, 0x3C, 0xE3,
    0xC7, 0x3C, 0x3B, 0xC1, 0xFC, 0x0D, 0xC0, 0x44, 0x00, 0x00, 0x00, 0x07, 0x01, 0x3C, 0x0C, 0xF0,
    0x73, 0xC3, 0x8F, 0x1C, 0x3C, 0xE0, 0xF7, 0x03, 0xF8, 0x0F, 0xC0, 0x3E, 0xFF, 0xF3, 0xFF, 0x80,
    0x00, 0x11, 0x01, 0xD8, 0x1F, 0xC1, 0xEE, 0x1E, 0x71, 0xE3, 0x9E, 0x1D, 0xE0, 0xFE, 0x07, 0xE0,
    0x3E, 0x01, 0xFF, 0xEF, 0xFE, 0x00, 0x01, 0xFC, 0x01, 0xFD, 0xF0, 0xFF, 0xF3, 0xFE, 0xEF, 0xFC,
    0xFD, 0xF8, 0xF3, 0x80, 0x1C, 0x70, 0x71, 0xC1, 0xE7, 0x07, 0x9C, 0x0F, 0xFF, 0xFF, 0xFF, 0xFC,
    0xE0, 0x3C, 0xE0, 0x38, 0xE0, 0x38, 0xC0, 0x1C, 0x70, 0x1C, 0x70, 0x1C, 0xF0, 0x1C, 0xFF, 0xFF,
    0xFF, 0xFF, 0xC0, 0xE7, 0x83, 0x9E, 0x0E, 0x38, 0x18, 0xE0, 0x1C, 0x0E, 0x70, 0x39, 0xE0, 0xE7,
    0x83, 0xCF, 0xFF, 0x1F, 0xFE, 0x3C, 0x1E, 0x3C, 0x1C, 0x38, 0x1C, 0x38, 0x1C, 0xE0, 0x70, 0xE0,
    0x70, 0xE0, 0xF1, 0xE0, 0xF1, 0xFF, 0xE3, 0xFF, 0xCF, 0x07, 0xBC, 0x1E, 0x70, 0x39, 0xC0, 0xE0,
    0x0E, 0x03, 0xF1, 0xFF, 0x7F, 0xFE, 0xEF, 0x9C, 0xC3, 0x80, 0x70, 0x0E, 0x01, 0xC0, 0x38, 0x07,
    0x0F, 0xFF, 0xFF, 0xC0, 0xE0, 0x71, 0xC0, 0x73, 0x80, 0xF7, 0x00, 0xFF, 0xFF, 0xFF, 0xFF, 0xF8,
    0x07, 0xF0, 0x1E, 0xE0, 0x39, 0xC0, 0xE0, 0xFF, 0xFF, 0xFC, 0x38, 0x07, 0x00, 0xE0, 0x1C, 0x03,
    0x80, 0x70, 0xCE, 0x7D, 0xDD, 0xFF, 0x1F, 0xC1, 0xF0, 0x1C, 0x00, 0x01, 0xF0, 0x03, 0xF0, 0x01,
    0xF0, 0x00, 0xF0, 0x00, 0xE1, 0xC1, 0xC7, 0x83, 0x9E, 0x07, 0x38, 0x1E, 0xE0, 0xFB, 0xFF, 0xE7,
    0xFF, 0x87, 0x00, 0x07, 0x00, 0x07, 0x00, 0x0F, 0x00, 0x1F, 0x00, 0x7E, 0x01, 0xF0, 0x07, 0x80,
    0x0E, 0x00, 0x1C, 0x1C, 0x38, 0x3C, 0x70, 0x3C, 0xF0, 0x38, 0xF8, 0x38, 0xFF, 0xF8, 0xFF, 0xF0,
    0x01, 0xC0, 0x07, 0x00, 0x1C, 0x00, 0x78, 0x1C, 0x78, 0x7F, 0x79, 0xDF, 0x7F, 0x77, 0x7F, 0xCF,
    0xFF, 0x0F, 0xDC, 0x07, 0x1C, 0x1C, 0x1C, 0x78, 0x01, 0x83, 0x87, 0x8F, 0x9B, 0xB3, 0xE3, 0xC1,
    0x83, 0x06, 0x0C, 0x18, 0x30, 0x60, 0xC1, 0x83, 0x06, 0x0C, 0x18, 0x30, 0x60, 0xC1, 0x80, 0x00,
    0x38, 0x00, 0x38, 0x00, 0x7F, 0xFF, 0xFF, 0xFF, 0xE0, 0x03, 0xC0, 0x07, 0x00, 0x1C, 0x00, 0x38,
    0x00, 0x38, 0x00, 0x7F, 0xFF, 0xFF, 0xFF, 0xE0, 0x03, 0xC0, 0x07, 0x00, 0x1C, 0x07, 0x00, 0x0E,
    0x00, 0x38, 0x00, 0xF0, 0x03, 0xFF, 0xEF, 0xFF, 0xDC, 0x00, 0x70, 0x00, 0xE0, 0x00, 0xE0, 0x01,
    0xFF, 0xF9, 0xFF, 0xF1, 0xE0, 0x01, 0xC0, 0x01, 0xC0, 0x03, 0x80, 0x00, 0x00, 0x03, 0x18, 0x03,
    0x8E, 0x03, 0xC7, 0x83, 0xE3, 0xE3, 0xB1, 0xBB, 0x98, 0xCF, 0x8C, 0x63, 0x06, 0x30, 0x03, 0x18,
    0x01, 0x8C, 0x00, 0xC6, 0x00, 0x63, 0x00, 0x31, 0x80, 0x18, 0xC0, 0x0C, 0x60, 0x06, 0x30, 0x03,
    0x18, 0x01, 0x8C, 0x00, 0xC6, 0x00, 0x63, 0x00, 0x31, 0x80, 0x18, 0xC0, 0x0C, 0x60, 0x06, 0x30,
    0x03, 0x18, 0x00, 0x01, 0xC0, 0x03, 0x80, 0x03, 0x80, 0x07, 0x8F, 0xFF, 0x9F, 0xFF, 0x80, 0x07,
    0x00, 0x07, 0x00, 0x0E, 0x00, 0x3B, 0xFF, 0xF7, 0xFF, 0xC0, 0x0F, 0x00, 0x1C, 0x00, 0x70, 0x00,
    0xE0, 0x06, 0x30, 0x03, 0x18, 0x01, 0x8C, 0x00, 0xC6, 0x00, 0x63, 0x00, 0x31, 0x80, 0x18, 0xC0,
    0x0C, 0x60, 0x06, 0x30, 0x03, 0x18, 0x01, 0x8C, 0x00, 0xC6, 0x00, 0x63, 0x00, 0x31, 0x80, 0x18,
    0xC0, 0x0C, 0x60, 0x06, 0x30, 0x03, 0x18, 0x31, 0x8C, 0x7C, 0xC6, 0x77, 0x63, 0x71, 0xF1, 0xF0,
    0x78, 0xF0, 0x1C, 0x70, 0x06, 0x30, 0x00, 0x00, 0x00, 0x07, 0x1C, 0x00, 0xE3, 0x80, 0x38, 0x38,
    0x0F, 0x07, 0x83, 0xFF, 0xF8, 0xFF, 0xFF, 0x9C, 0x00, 0x77, 0x00, 0x07, 0xE0, 0x00, 0xEE, 0x00,
    0x39, 0xFF, 0xFF, 0x1F, 0xFF, 0xC1, 0xE0, 0xF0, 0x1C, 0x1C, 0x01, 0xC7, 0x00, 0x38, 0xE0, 0x01,
    0xC0, 0x03, 0x83, 0xFF, 0x87, 0xFF, 0x80, 0x03, 0x80, 0x07, 0x80, 0x07, 0x7F, 0xFF, 0xFF, 0xFE,
    0x00, 0x38, 0x00, 0xE7, 0xFF, 0xCF, 0xFF, 0x00, 0x3C, 0x00, 0x70, 0x00, 0x00, 0x00, 0xC0, 0x3C,
    0x0F, 0x83, 0xF8, 0xFF, 0xBF, 0xF8, 0x70, 0x0E, 0x01, 0xC3, 0xFF, 0xFF, 0xF0, 0xE0, 0x1C, 0x3F,
    0xFF, 0xFF, 0x0E, 0x01, 0xC0, 0x38, 0x07, 0x00, 0x0E, 0x01, 0xC0, 0x38, 0x07, 0x0F, 0xFF, 0xFF,
    0xC3, 0x80, 0x70, 0xFF, 0xFF, 0xFC, 0x38, 0x07, 0x00, 0xE1, 0xFF, 0xDF, 0xF1, 0xFC, 0x1F, 0x01,
    0xC0, 0x10, 0x00, 0x07, 0x0E, 0x07, 0x1C, 0x07, 0x38, 0x07, 0x7F, 0xFF, 0xFF, 0xFF, 0xC0, 0x7B,
    0x80, 0xE7, 0x03, 0x8E, 0x0E, 0x1C, 0x01, 0x00, 0x07, 0x00, 0x1F, 0x00, 0x63, 0x01, 0xC7, 0x07,
    0x07, 0x1C, 0x07, 0x7E, 0x3F, 0x0C, 0x60, 0x18, 0xC0, 0x31, 0x80, 0x63, 0x00, 0xC6, 0x01, 0x8C,
    0x03, 0x18, 0x06, 0x30, 0x0C, 0x60, 0x18, 0xC0, 0x31, 0x80, 0x7F, 0x00, 0x38, 0x00, 0x00, 0x00,
    0x02, 0x00, 0x07, 0x00, 0x0F, 0x00, 0x1F, 0x1F, 0xF7, 0x3F, 0xC7, 0x60, 0x07, 0xC0, 0x07, 0x80,
    0x3B, 0xFE, 0xE1, 0xFF, 0x80, 0x1E, 0x00, 0x38, 0x00, 0x60, 0x00, 0x00, 0x01, 0x00, 0x07, 0x00,
    0x1F, 0x00, 0x77, 0x01, 0xC7, 0x07, 0x07, 0x1C, 0x07, 0x7E, 0x3F, 0x0C, 0x60, 0x18, 0xC0, 0x31,
    0x80, 0x63, 0x00, 0xFE, 0x00, 0x00, 0x00, 0x00, 0x07, 0xF0, 0x0C, 0x60, 0x18, 0xC0, 0x31, 0x80,
    0x7F, 0x00, 0xE0, 0x3F, 0x01, 0xDC, 0x1C, 0xE0, 0xE7, 0x07, 0x3F, 0xF8, 0xFF, 0x87, 0x1C, 0x38,
    0xE1, 0xC7, 0x06, 0x30, 0x3B, 0x81, 0xDC, 0x0E, 0xE0, 0x36, 0x01, 0xF0, 0x0F, 0x80, 0x7C, 0x01,
    0xC0, 0x3E, 0x3F, 0x9D, 0xEE, 0x7F, 0x3F, 0x83, 0xC1, 0xE0, 0xF0, 0x79, 0xDC, 0xEE, 0xF7, 0xF1,
    0xF0, 0x3C, 0x03, 0xC0, 0x1C, 0x01, 0xC0, 0x1C, 0x03, 0x8F, 0xBB, 0xFF, 0x7B, 0xFC, 0x1F, 0x83,
    0xF0, 0x7E, 0x0F, 0xC1, 0xF8, 0x3F, 0x07, 0x71, 0xCF, 0xF8, 0xFE, 0x00, 0x00, 0x1F, 0xFF, 0xFF,
    0x80, 0x70, 0x0E, 0x01, 0xC0, 0x38, 0x07, 0xFF, 0xFF, 0xFC, 0x03, 0x80, 0x70, 0x0E, 0x01, 0xC0,
    0x38, 0x07, 0x00, 0xFF, 0xFF, 0xFF, 0x80, 0x00, 0x60, 0x0E, 0x00, 0xE7, 0xFF, 0x7F, 0xF0, 0x1F,
    0x01, 0xF0, 0x3F, 0x03, 0x70, 0x77, 0x7F, 0xF7, 0xFF, 0x0E, 0x70, 0xC7, 0x0C, 0x71, 0xC7, 0x18,
    0x71, 0x87, 0x38, 0x77, 0xFF, 0x7F, 0xF7, 0x00, 0x60, 0x06, 0x00, 0x00, 0x07, 0x03, 0xFF, 0x07,
    0xFF, 0x07, 0xEF, 0xC3, 0x83, 0xE3, 0x83, 0xF9, 0xC1, 0x9C, 0xE1, 0xCE, 0xE1, 0xC3, 0xF0, 0xC1,
    0xDC, 0xE1, 0xCE, 0x60, 0xE7, 0x60, 0x71, 0xF0, 0x70, 0xF9, 0xF8, 0x3F, 0xF8, 0x3F, 0xF0, 0x38,
    0x00, 0x00, 0x0F, 0x80, 0x7C, 0x03, 0xE0, 0x1F, 0x01, 0xDC, 0x0E, 0xE0, 0x77, 0x03, 0xB8, 0x38,
    0xE1, 0xC7, 0x0E, 0x38, 0x71, 0xC7, 0x07, 0x38, 0x39, 0xC1, 0xCE, 0x0E, 0xFF, 0xFF, 0xFF, 0xC0,
    0xFF, 0xFF, 0xFF, 0xDC, 0x1C, 0xE0, 0xE7, 0x07, 0x38, 0x38, 0xE3, 0x87, 0x1C, 0x38, 0xE1, 0xC7,
    0x07, 0x70, 0x3B, 0x81, 0xDC, 0x0E, 0xE0, 0x3E, 0x01, 0xF0, 0x0F, 0x80, 0x7C, 0x00, 0x0F, 0xFE,
    0x7F, 0xFC, 0xF0, 0x03, 0x80, 0x07, 0x00, 0x0E, 0x00, 0x3C, 0x00, 0x7F, 0xFF, 0xFF, 0xFE, 0xE0,
    0x01, 0xC0, 0x03, 0x80, 0x07, 0x80, 0x07, 0xFF, 0xC7, 0xFF, 0x80, 0x00, 0x30, 0x00, 0xE0, 0x01,
    0x80, 0x7F, 0xF3, 0xFF, 0xEF, 0x98, 0x1C, 0x30, 0x38, 0xE0, 0x71, 0x81, 0xE3, 0x03, 0xFF, 0xFF,
    0xFF, 0xF7, 0x30, 0x0E, 0xE0, 0x1D, 0x80, 0x3F, 0x00, 0x3F, 0xFE, 0x1F, 0xFC, 0x30, 0x00, 0xE0,
    0x01, 0x80, 0x00, 0x7E, 0xFE, 0xC0, 0xFE, 0xC0, 0xC0, 0x7E, 0x1E, 0x7F, 0xE1, 0xFF, 0xF0, 0x01,
    0xF0, 0x00, 0xE0, 0x01, 0xC0, 0x01, 0xC0, 0x03, 0xFF, 0xFF, 0x7F, 0xFE, 0x00, 0x1C, 0x00, 0x70,
    0x00, 0xE0, 0x03, 0xCF, 0xFF, 0x3F, 0xFC, 0x00, 0x00, 0x30, 0x00, 0x60, 0x01, 0x83, 0xFF, 0x0F,
    0xFF, 0x80, 0x1F, 0x80, 0x37, 0x00, 0xEE, 0x01, 0x8E, 0x03, 0x1F, 0xFF, 0xFB, 0xFF, 0xF0, 0x30,
    0xE0, 0xE3, 0x81, 0x87, 0x03, 0x1E, 0x7F, 0xF9, 0xFF, 0xE0, 0x30, 0x00, 0xE0, 0x01, 0x80, 0x00,
    0xFF, 0xFF, 0xFF, 0xFF, 0xFF, 0xFF, 0xFF, 0xFF, 0xFF, 0xFF, 0xFF, 0xFF, 0xFF, 0xFF, 0xF8, 0x00,
    0x07, 0xFF, 0xFF, 0xFE, 0xE0, 0xE7, 0x07, 0x38, 0x39, 0xC1, 0xCE, 0x0E, 0x70, 0x73, 0x83, 0x9C,
    0x1C, 0xE0, 0xE7, 0x07, 0x38, 0x39, 0xC1, 0xCE, 0x0E, 0x70, 0x73, 0x83, 0x9C, 0x1C, 0xE0, 0xE7,
    0x07, 0x38, 0x39, 0xC1, 0xC6, 0x0C, 0x70, 0x73, 0x83, 0x9C, 0x1C, 0xE0, 0xE7, 0x07, 0x38, 0x39,
    0xC1, 0xCE, 0x0E, 0x70, 0x73, 0x83, 0x9C, 0x1C, 0xE0, 0xE7, 0x07, 0x38, 0x39, 0xC1, 0xCE, 0x0E,
    0x70, 0x73, 0x83, 0x9C, 0x1C, 0xE0, 0xE7, 0x07, 0x7F, 0xFF, 0xFF, 0xE0, 0xFF, 0xFF, 0xFF, 0xFC,
    0x00, 0xF0, 0x03, 0x80, 0x1E, 0x00, 0x78, 0x01, 0xC0, 0x07, 0x00, 0x3C, 0x00, 0xF0, 0x03, 0x80,
    0x3C, 0x03, 0xC0, 0x1C, 0x01, 0xE0, 0x1E, 0x01, 0xE0, 0x0E, 0x00, 0xF0, 0x0F, 0x00, 0x7F, 0xFF,
    0xFF, 0xE0, 0xFF, 0xFF, 0xC0, 0xFF, 0xFF, 0xFF, 0xC1, 0xC0, 0x0E, 0x00, 0x70, 0x03, 0x80, 0x1C,
    0x1F, 0xFF, 0xFF, 0xF8, 0x38, 0x01, 0xC0, 0x0E, 0x00, 0x70, 0x03, 0x80, 0x00, 0x0E, 0x00, 0x38,
    0x00, 0x70, 0x01, 0xC0, 0x07, 0x00, 0x1C, 0x00, 0x38, 0x00, 0xE0, 0x03, 0x80, 0x07, 0x00, 0x1C,
    0x00, 0x70, 0x00, 0xE0, 0x03, 0x80, 0x0E, 0x00, 0x38, 0x00, 0x70, 0x01, 0xC0, 0x00, 0x7D, 0xDB,
    0x1E, 0x36, 0xCF, 0x80, 0x77, 0xFE, 0xE0, 0x00, 0x0E, 0x00, 0x1C, 0x00, 0x30, 0x00, 0xE0, 0x01,
    0xDF, 0x83, 0xBF, 0x0E, 0x0E, 0x1C, 0x0C, 0x38, 0x1C, 0x60, 0x39, 0xC0, 0x73, 0x80, 0x67, 0x00,
    0xEC, 0x01, 0xF8, 0x03, 0xF0, 0x03, 0xC0, 0x07, 0x80, 0x0F, 0x00, 0x3C, 0x78, 0xFD, 0xF9, 0xDF,
    0x73, 0x1C, 0x6E, 0x38, 0xEC, 0x71, 0x99, 0xF3, 0x3F, 0xFE, 0x3C, 0xF8, 0xFF, 0xFF, 0xFF, 0xFF,
    0xFF, 0xFF, 0xFF, 0x80, 0x1C, 0x0E, 0x07, 0x03, 0x81, 0xF8, 0xF8, 0x7C, 0x3C, 0x1E, 0x0E, 0x07,
    0x07, 0x83, 0xC3, 0xE3, 0xF1, 0xB8, 0x1C, 0x0E, 0x07, 0x00, 0x63, 0x7B, 0xFD, 0xFE, 0xFF, 0x7F,
    0xBF, 0xDF, 0xEF, 0xF7, 0xFB, 0xFD, 0xFE, 0xFF, 0x7F, 0xBF, 0xDF, 0xEF, 0xF7, 0xFB, 0xFD, 0xE0,
    0x07, 0x00, 0x7C, 0x03, 0xE0, 0x1F, 0x01, 0xDC, 0x0E, 0xE0, 0xE7, 0x87, 0x1C, 0x38, 0xE3, 0x83,
    0x9C, 0x1C, 0xE0, 0xEE, 0x03, 0x80, 0xE0, 0x3F, 0x83, 0xDC, 0x1C, 0xE0, 0xE3, 0x8E, 0x1C, 0x70,
    0xE3, 0x83, 0xB8, 0x1D, 0xC0, 0xEE, 0x03, 0xE0, 0x1F, 0x00, 0xF8, 0x00, 0x3F, 0xE3, 0xFF, 0xBE,
    0x3F, 0xC0, 0x7E, 0x03, 0xF0, 0x1F, 0x80, 0xFC, 0x07, 0xE0, 0x3F, 0x01, 0xF8, 0x0F, 0xC0, 0x7E,
    0x03, 0xF0, 0x1F, 0x80, 0xFC, 0x07, 0xE0, 0x3F, 0x01, 0xC0, 0xE0, 0x3F, 0x01, 0xF8, 0x0F, 0xC0,
    0x7E, 0x03, 0xF0, 0x1F, 0x80, 0xFC, 0x07, 0xE0, 0x3F, 0x01, 0xF8, 0x0F, 0xC0, 0x7E, 0x03, 0xF0,
    0x1F, 0x80, 0xFC, 0x07, 0xF8, 0xFB, 0xFF, 0x8F, 0xF8, 0x01, 0xFC, 0x0F, 0xF0, 0x78, 0x01, 0xC0,
    0x07, 0x00, 0x1C, 0x00, 0x70, 0x01, 0xC0, 0x07, 0x00, 0x1C, 0x00, 0x70, 0x01, 0xC0, 0x07, 0x00,
    0x1C, 0x00, 0x70, 0x01, 0xC0, 0x07, 0x00, 0x1C, 0x00, 0x70, 0x01, 0xC0, 0x1F, 0x03, 0xF8, 0x0F,
    0xC0, 0x00, 0x01, 0x00, 0x07, 0x00, 0x1F, 0x00, 0x1C, 0x00, 0x00, 0x00, 0x00, 0x00, 0x00, 0x00,
    0x00, 0x00, 0x00, 0x00, 0x00, 0x00, 0x01, 0x00, 0x47, 0x01, 0xDF, 0x07, 0xDC, 0x07, 0x00, 0x20,
    0x08, 0xE0, 0x3B, 0xE0, 0xFB, 0x80, 0xE0, 0x00, 0x00, 0x00, 0x00, 0x00, 0x00, 0x00, 0x00, 0x00,
    0x00, 0x00, 0x00, 0x00, 0x08, 0x00, 0x38, 0x00, 0xF8, 0x00, 0xE0, 0x00, 0x77, 0xFE, 0xE0, 0x00,
    0x00, 0x00, 0x1D, 0xFF, 0xB8, 0x70, 0x77, 0xC7, 0xFE, 0x3E, 0xE0, 0xE0, 0x00, 0x00, 0x00, 0x00,
    0x00, 0x00, 0x00, 0x03, 0x83, 0xBE, 0x3F, 0xF1, 0xF7, 0x07, 0x00, 0x08, 0x1F, 0x0F, 0x87, 0xC1,
    0xC0, 0x00, 0x01, 0xFF, 0xFF, 0x80, 0x00, 0x1E, 0x00, 0x3C, 0x00, 0x78, 0x00, 0xFF, 0xF8, 0x1F,
    0xF0, 0x00, 0x00, 0x00, 0x0F, 0x00, 0x1E, 0x00, 0x3C, 0x00, 0x78, 0x3C, 0x3B, 0xF1, 0xF9, 0xCD,
    0xC7, 0xEE, 0x1E, 0x00, 0x3E, 0x38, 0xFE, 0x79, 0xDC, 0x73, 0x1C, 0x66, 0x38, 0xCE, 0x3B, 0x9E,
    0x7F, 0x1C, 0x7C, 0x3C, 0x3B, 0xF1, 0xF9, 0xCF, 0xC7, 0xEE, 0x1E, 0x00, 0x00, 0x00, 0x00, 0x00,
    0xFF, 0xFF, 0xFF, 0xC0, 0x3C, 0x3B, 0xF1, 0xFD, 0xCF, 0xC7, 0xEE, 0x1E, 0x00, 0x00, 0x00, 0x00,
    0x00, 0xFF, 0xFF, 0xFF, 0xC0, 0x00, 0x00, 0x00, 0x00, 0x7F, 0xFF, 0xFF, 0xE0, 0x00, 0x60, 0x03,
    0x00, 0x38, 0x79, 0xF7, 0xEF, 0xFF, 0xFF, 0x8F, 0xDC, 0x7C, 0x03, 0x80, 0x18, 0x00, 0xC1, 0xFF,
    0xFF, 0xFF, 0x83, 0x00, 0x38, 0x01, 0x80, 0xFF, 0xFF, 0xFF, 0xC6, 0x00, 0x30, 0x03, 0x80, 0x18,
    0x00, 0xC0, 0x00, 0x3C, 0x3B, 0xF1, 0xF9, 0xCD, 0xC7, 0xEE, 0x1E, 0x00, 0x00, 0x00, 0x07, 0x87,
    0x7E, 0x3F, 0x39, 0xB8, 0xFD, 0xC3, 0xC0, 0x00, 0x60, 0x03, 0x00, 0x38, 0x01, 0x80, 0x0C, 0x00,
    0xC0, 0xF6, 0xEF, 0xF7, 0xE7, 0xF7, 0x1F, 0xB9, 0xF8, 0x0C, 0x03, 0xE3, 0xBF, 0x1F, 0xBC, 0xFD,
    0xFE, 0xFD, 0xE0, 0xC0, 0x06, 0x00, 0x60, 0x03, 0x00, 0x00, 0x3C, 0x3B, 0xF9, 0xF9, 0xFD, 0xC7,
    0xE0, 0x00, 0x00, 0x00, 0xF8, 0xEF, 0xE7, 0xE7, 0xF7, 0x0F, 0x00, 0x00, 0x78, 0x77, 0xF3, 0xF3,
    0xFB, 0x8F, 0xC0, 0xE0, 0x3F, 0x01, 0xFC, 0x1E, 0xFF, 0xE3, 0xFE, 0x00, 0x00, 0x00, 0x07, 0xFC,
    0x7F, 0xF7, 0x83, 0xF8, 0x0E, 0xF0, 0x01, 0xE0, 0x03, 0xCF, 0xFF, 0x9F, 0xF6, 0x00, 0x00, 0x00,
    0x00, 0x00, 0x30, 0x00, 0xF3, 0xFF, 0xE7, 0xFF, 0xC0, 0x07, 0x80, 0x00, 0x1F, 0x07, 0xF0, 0xEE,
    0x1D, 0xC1, 0xF0, 0x3E, 0x00, 0x00, 0x00, 0x00, 0x1F, 0xFF, 0xFF, 0x80, 0x00, 0x00, 0x00, 0x3F,
    0xFF, 0xFF, 0x3F, 0x07, 0xF0, 0x06, 0x00, 0xC0, 0xF8, 0x1C, 0x00, 0x00, 0x60, 0x0C, 0x00, 0x00,
    0x00, 0x7F, 0xFF, 0xFE, 0x00, 0x00, 0x00, 0x00, 0xFF, 0xFF, 0xFC, 0x00, 0xC0, 0x18, 0x07, 0x00,
    0xC0, 0x18, 0x07, 0x00, 0xC0, 0x18, 0xFF, 0xFF, 0xFC, 0x18, 0x07, 0x00, 0xC0, 0x18, 0x3F, 0xFF,
    0xFF, 0x38, 0x06, 0x00, 0xC0, 0x38, 0x06, 0x00, 0xC0, 0x00, 0xFF, 0xFF, 0xFC, 0x00, 0x00, 0x00,
    0x00, 0x00, 0x3F, 0xFF, 0xFF, 0x00, 0x00, 0x00, 0x00, 0x7F, 0xFF, 0xFE, 0x00, 0xC0, 0x38, 0x06,
    0x00, 0xCF, 0xFF, 0xFF, 0xC0, 0xC0, 0x38, 0x06, 0x00, 0xC3, 0xFF, 0xFF, 0xF0, 0xC0, 0x38, 0x06,
    0x07, 0xFF, 0xFF, 0xE6, 0x00, 0xC0, 0x38, 0x06, 0x00, 0x00, 0x1F, 0xFF, 0xFF, 0x80, 0x00, 0x01,
    0xFF, 0xFF, 0xF8, 0x00, 0x00, 0x1F, 0xFF, 0xFF, 0xFF, 0xFF, 0xFF, 0xFF, 0xC0, 0x00, 0x60, 0x3C,
    0x1F, 0x8F, 0xC7, 0xE1, 0xF0, 0x38, 0x07, 0xC0, 0x7E, 0x03, 0xF0, 0x1F, 0x80, 0xF0, 0x06, 0x00,
    0x00, 0x00, 0x00, 0xFF, 0xFF, 0xFC, 0xC0, 0x1E, 0x03, 0xF0, 0x1F, 0x80, 0xFC, 0x07, 0xC0, 0x38,
    0x0F, 0x07, 0xC3, 0xE3, 0xF0, 0x78, 0x0C, 0x00, 0x00, 0x00, 0x00, 0x00, 0xFF, 0xFF, 0xFC, 0x01,
    0x82, 0x07, 0x1C, 0x3C, 0x78, 0xF3, 0xE7, 0xCF, 0x1E, 0x3C, 0x38, 0xE0, 0x79, 0xE0, 0x79, 0xF0,
    0x78, 0xF0, 0x7C, 0xF0, 0x3C, 0x70, 0x38, 0x60, 0x00, 0x00, 0x83, 0x01, 0xC7, 0x03, 0xC7, 0x83,
    0xE7, 0x81, 0xE7, 0xC1, 0xE3, 0xC0, 0xE3, 0x83, 0xCF, 0x1F, 0x3C, 0x78, 0xF1, 0xE7, 0xC7, 0x1E,
    0x0C, 0x38, 0x00, 0x00, 0x00, 0x00, 0x3B, 0x8F, 0xC7, 0xC3, 0x73, 0x19, 0x8C, 0xC3, 0x61, 0xB0,
    0xD8, 0x6C, 0x66, 0x33, 0x98, 0xF8, 0x3C, 0x7F, 0x20, 0x80, 0x00, 0xE0, 0x06, 0x00, 0x31, 0xC3,
    0xFE, 0x1B, 0xF8, 0xFD, 0xFF, 0xC7, 0xFC, 0x07, 0x00, 0x38, 0x0F, 0xF8, 0xFF, 0xEF, 0xC7, 0xF6,
    0x1F, 0x70, 0x63, 0x00, 0x38, 0x00, 0x01, 0xC0, 0x30, 0x06, 0x01, 0xD0, 0x3E, 0x07, 0xC3, 0xF1,
    0xF8, 0xFE, 0x1F, 0xC3, 0xF0, 0x7E, 0x03, 0xF0, 0x3F, 0x86, 0xF9, 0xC7, 0x30, 0x2E, 0x01, 0x80,
    0x30, 0x00, 0x01, 0xC0, 0x30, 0x06, 0x41, 0xCE, 0x31, 0xF6, 0x1F, 0xC0, 0xFC, 0x07, 0xE1, 0xFC,
    0x37, 0x87, 0xF1, 0xF8, 0xFC, 0x3E, 0x07, 0xC0, 0xB0, 0x0E, 0x01, 0x80, 0x30, 0x00, 0x00, 0xC0,
    0x18, 0x07, 0x80, 0xF0, 0x7E, 0x3F, 0x1F, 0xC7, 0xD8, 0xE7, 0x1F, 0xC1, 0xF8, 0x0F, 0xC0, 0xFE,
    0x1B, 0xC7, 0x18, 0xC0, 0x18, 0x07, 0x03, 0xFF, 0xFF, 0xF7, 0x00, 0xC0, 0x18, 0x00, 0x00, 0xC0,
    0x1B, 0x07, 0x78, 0xCF, 0xD8, 0x7F, 0x03, 0xF0, 0x1F, 0x07, 0xE0, 0xFC, 0x1F, 0x1F, 0x8F, 0xC1,
    0xF8, 0x37, 0x00, 0xC0, 0x18, 0x07, 0x03, 0xFF, 0xFF, 0xF7, 0x00, 0xC0, 0x18, 0x00, 0x00, 0x00,
    0x01, 0x80, 0x3C, 0x07, 0xE0, 0xF8, 0x1F, 0x01, 0xE0, 0x0E, 0x00, 0x7C, 0x01, 0xF8, 0x03, 0xF0,
    0x07, 0xE0, 0x0F, 0x00, 0x18, 0x00, 0x07, 0x87, 0x7F, 0x3F, 0xBF, 0xB8, 0xF8, 0x00, 0x18, 0x03,
    0xC0, 0x7E, 0x03, 0xF0, 0x1F, 0x80, 0xF8, 0x07, 0x03, 0xE1, 0xF8, 0xFC, 0x7E, 0x0F, 0x01, 0x80,
    0x00, 0x03, 0xC3, 0xFE, 0xFD, 0xFF, 0x1F, 0x00, 0x00, 0x70, 0x07, 0x00, 0xF0, 0x1E, 0x1F, 0xCF,
    0xF8, 0xFC, 0x0F, 0xF8, 0x3F, 0xC0, 0x3E, 0x00, 0xE0, 0x07, 0x00, 0x70, 0x07, 0xE0, 0x0E, 0x00,
    0xF0, 0x07, 0x80, 0x3F, 0x81, 0xFF, 0x03, 0xF1, 0xFF, 0x3F, 0xC7, 0xC0, 0x70, 0x0E, 0x00, 0xE0,
    0x0E, 0x00, 0x00, 0x70, 0x07, 0x00, 0xF0, 0x1E, 0x07, 0xCF, 0xF8, 0xFE, 0x0F, 0xF0, 0x3F, 0xC0,
    0x3E, 0x00, 0xE0, 0x07, 0x00, 0x70, 0x07, 0x00, 0x00, 0x00, 0xFF, 0xFF, 0xFF, 0x1F, 0xFE, 0x7F,
    0xFD, 0xF0, 0x03, 0x80, 0x07, 0x00, 0x0E, 0x00, 0x1C, 0x00, 0x38, 0x00, 0x70, 0x00, 0xF8, 0x00,
    0xFF, 0xF8, 0xFF, 0xF0, 0xFF, 0xF1, 0xFF, 0xF0, 0x01, 0xF0, 0x00, 0xE0, 0x01, 0xC0, 0x03, 0x80,
    0x07, 0x00, 0x0E, 0x00, 0x1C, 0x00, 0xFB, 0xFF, 0xE7, 0xFF, 0x80, 0x00, 0x30, 0x00, 0x60, 0x01,
    0xC0, 0x03, 0x00, 0x06, 0x03, 0xFF, 0xCF, 0xFF, 0xBE, 0xE0, 0x71, 0xC0, 0xE3, 0x01, 0xC6, 0x03,
    0x98, 0x07, 0x30, 0x0E, 0xE0, 0x1F, 0xC0, 0x1F, 0xFF, 0x1F, 0xFE, 0x18, 0x00, 0x30, 0x00, 0xE0,
    0x01, 0x80, 0x03, 0x00, 0x00, 0x00, 0x30, 0x00, 0x60, 0x01, 0xC0, 0x03, 0x00, 0x06, 0x1F, 0xFE,
    0x3F, 0xFE, 0x00, 0xFE, 0x01, 0xDC, 0x03, 0x38, 0x06, 0x70, 0x18, 0xE0, 0x31, 0xC0, 0xE3, 0x81,
    0xDF, 0x7F, 0xFC, 0xFF, 0xF0, 0x18, 0x00, 0x30, 0x00, 0xE0, 0x01, 0x80, 0x03, 0x00, 0x00, 0x1F,
    0xFE, 0x7F, 0xFD, 0xF0, 0x03, 0x80, 0x07, 0x00, 0x0E, 0x00, 0x1C, 0x00, 0x38, 0x00, 0x70, 0x00,
    0xF8, 0x00, 0xFF, 0xF8, 0xFF, 0xF0, 0x00, 0x00, 0x00, 0x00, 0x00, 0x3F, 0xFF, 0x7F, 0xFE, 0xFF,
    0xF1, 0xFF, 0xF0, 0x01, 0xF0, 0x00, 0xE0, 0x01, 0xC0, 0x03, 0x80, 0x07, 0x00, 0x0E, 0x00, 0x1C,
    0x00, 0xFB, 0xFF, 0xE7, 0xFF, 0x80, 0x00, 0x00, 0x00, 0x00, 0x00, 0x7F, 0xFE, 0xFF, 0xFC, 0x00,
    0x18, 0x00, 0x70, 0x00, 0xC0, 0x01, 0x81, 0xFF, 0xE7, 0xFF, 0xDF, 0x38, 0x38, 0x70, 0x70, 0xC0,
    0xE3, 0x81, 0xC7, 0x03, 0x8C, 0x07, 0x38, 0x0F, 0xF0, 0x0F, 0xFF, 0x8F, 0xFF, 0x06, 0x00, 0x1C,
    0x00, 0x38, 0x03, 0xFF, 0xF7, 0xFF, 0xE3, 0x00, 0x06, 0x00, 0x1C, 0x00, 0x00, 0x18, 0x00, 0x70,
    0x00, 0xC0, 0x01, 0x8F, 0xFF, 0x1F, 0xFF, 0x00, 0x3F, 0x00, 0x7E, 0x00, 0xDC, 0x03, 0xB8, 0x07,
    0x70, 0x0C, 0xE0, 0x39, 0xC0, 0x7F, 0xBF, 0xFE, 0x7F, 0xF8, 0x06, 0x00, 0x1C, 0x00, 0x38, 0x07,
    0xFF, 0xEF, 0xFF, 0xC3, 0x00, 0x06, 0x00, 0x1C, 0x00, 0xC0, 0x1E, 0x00, 0xF0, 0x07, 0x80, 0x3C,
    0x01, 0xE0, 0x0F, 0x00, 0x78, 0x03, 0xC0, 0x1E, 0x00, 0xF0, 0x87, 0x84, 0x3C, 0x21, 0xEF, 0xEF,
    0x08, 0x6C, 0x46, 0x62, 0x33, 0xC7, 0x87, 0xF0, 0xFF, 0xFF, 0xFF, 0xFF, 0xFF, 0xF7, 0x80, 0x0F,
    0x00, 0x1E, 0x00, 0x3C, 0x00, 0x78, 0x00, 0xF0, 0x01, 0xFF, 0xFB, 0xFF, 0xFF, 0xFF, 0xF0, 0xFF,
    0xFF, 0xFF, 0xFC, 0x00, 0x78, 0x00, 0xF0, 0x01, 0xE0, 0x03, 0xC0, 0x07, 0x80, 0x0F, 0x00, 0x1E,
    0x00, 0x3F, 0xFF, 0xFF, 0xFF, 0xF0, 0xFF, 0xFF, 0xFF, 0xFF, 0xC0, 0x07, 0x80, 0x0F, 0x00, 0x1E,
    0x00, 0x3C, 0x00, 0x78, 0x00, 0xF0, 0x01, 0xE0, 0x03, 0xFF, 0xFF, 0xFF, 0xF0, 0x00, 0x00, 0x00,
    0x00, 0x00, 0x7F, 0xFF, 0xFF, 0xFE, 0xFF, 0xFF, 0xFF, 0xFC, 0x00, 0x78, 0x00, 0xF0, 0x01, 0xE0,
    0x03, 0xC0, 0x07, 0x80, 0x0F, 0x00, 0x1E, 0x00, 0x3F, 0xFF, 0xFF, 0xFF, 0xF0, 0x00, 0x00, 0x00,
    0x00, 0x00, 0x7F, 0xFF, 0xFF, 0xFE, 0x00, 0x07, 0xFF, 0xFF, 0xFF, 0xC0, 0x7E, 0x03, 0xF0, 0x1F,
    0x80, 0xFC, 0x07, 0xE0, 0x3F, 0x01, 0xF8, 0x0F, 0xC0, 0x7E, 0x03, 0xF0, 0x1F, 0x80, 0xE0, 0xE0,
    0x3F, 0x01, 0xF8, 0x0F, 0xC0, 0x7E, 0x03, 0xF0, 0x1F, 0x80, 0xFC, 0x07, 0xE0, 0x3F, 0x01, 0xF8,
    0x0F, 0xC0, 0x7F, 0xFF, 0xFF, 0xFC, 0x07, 0xF0, 0x0F, 0xFE, 0x0E, 0x73, 0x86, 0x38, 0xC6, 0x1C,
    0x33, 0x0E, 0x1B, 0x87, 0x0F, 0xFF, 0xFF, 0xFF, 0xFF, 0xB0, 0xE1, 0x98, 0x70, 0xCC, 0x38, 0x63,
    0x1C, 0x60, 0xEE, 0xE0, 0x3F, 0xE0, 0x07, 0xC0, 0x07, 0xF0, 0x0F, 0xFE, 0x0E, 0x03, 0x86, 0x00,
    0xC6, 0x00, 0x33, 0x00, 0x1B, 0xBF, 0xEF, 0x9F, 0xF3, 0xC0, 0x01, 0xB0, 0x01, 0x98, 0x00, 0xCE,
    0x00, 0xE3, 0x80, 0xE0, 0xF1, 0xE0, 0x3F, 0xE0, 0x01, 0x00, 0x07, 0xF0, 0x07, 0xFC, 0x07, 0x8F,
    0x07, 0x01, 0xC7, 0xC1, 0xF3, 0x73, 0xD9, 0x9F, 0xCD, 0x87, 0xC3, 0xC3, 0xE1, 0xF3, 0xF9, 0xDB,
    0xDE, 0xCF, 0xC7, 0xE3, 0xC1, 0xE1, 0xE0, 0xF0, 0x7F, 0xF0, 0x0F, 0xE0, 0x07, 0xF0, 0x07, 0xFC,
    0x07, 0x8F, 0x07, 0x07, 0xC7, 0x03, 0x73, 0x03, 0x99, 0x83, 0x8D, 0x81, 0x83, 0xC1, 0x81, 0xF1,
    0xC1, 0xD9, 0xC0, 0xCC, 0xC0, 0x63, 0xE0, 0x61, 0xE0, 0xF0, 0x7F, 0xF0, 0x0F, 0xE0, 0x07, 0xF0,
    0x0F, 0xFE, 0x0E, 0x03, 0x86, 0x00, 0xC6, 0x00, 0x33, 0x00, 0x1B, 0x87, 0x0F, 0x83, 0x83, 0xC1,
    0xC1, 0xB0, 0x01, 0x98, 0x00, 0xCE, 0x00, 0xE3, 0x80, 0xE0, 0xF1, 0xE0, 0x3F, 0xE0, 0x01, 0x00,
    0x03, 0xE0, 0x07, 0xFC, 0x07, 0xFF, 0x07, 0x39, 0xC7, 0x1C, 0x73, 0xEE, 0xF9, 0xFF, 0xFD, 0xBF,
    0xFB, 0xC3, 0xE1, 0xF1, 0xF1, 0xD9, 0xDC, 0xCD, 0xEF, 0x63, 0xE3, 0xE1, 0xE0, 0xF0, 0x7F, 0xF0,
    0x0F, 0xE0, 0x07, 0xF0, 0x07, 0xFC, 0x07, 0x8F, 0x07, 0x01, 0xC7, 0x00, 0x73, 0xFF, 0xF9, 0xFF,
    0xFD, 0x80, 0x03, 0xC0, 0x01, 0xFF, 0xFF, 0xDF, 0xFF, 0xCE, 0x00, 0xE3, 0x80, 0xE1, 0xE0, 0xF0,
    0x7F, 0xF0, 0x0F, 0xE0, 0x07, 0xF0, 0x07, 0xFC, 0x07, 0x8F, 0x07, 0x01, 0xC7, 0x00, 0x73, 0x00,
    0x19, 0x80, 0x0D, 0xFF, 0xFF, 0xFF, 0xFF, 0xF0, 0x01, 0xD8, 0x00, 0xCC, 0x00, 0x63, 0x00, 0x61,
    0xE0, 0xF0, 0x7F, 0xF0, 0x0F, 0xE0, 0xFF, 0xFF, 0xE0, 0x3F, 0xE0, 0xFF, 0xE3, 0xFD, 0xEF, 0x79,
    0xFC, 0xF1, 0xF1, 0xE1, 0xC3, 0xC7, 0xC7, 0x9F, 0xCF, 0x73, 0xDF, 0xC3, 0xFF, 0x03, 0xFC, 0x03,
    0xFF, 0xFF, 0x80, 0xFF, 0xFF, 0xFF, 0xFF, 0x00, 0x1E, 0x00, 0x3C, 0x00, 0x78, 0x00, 0xF0, 0x01,
    0xEF, 0xFB, 0xDF, 0xF7, 0x80, 0x0F, 0x00, 0x1E, 0x00, 0x3C, 0x00, 0x78, 0x00, 0xFF, 0xFF, 0xFF,
    0xFF, 0xFF, 0xFF, 0xFF, 0xFF, 0x0E, 0x1E, 0x1C, 0x3C, 0x38, 0x78, 0x70, 0xF0, 0xE1, 0xFF, 0xFF,
    0xFF, 0xFF, 0x87, 0x0F, 0x0E, 0x1E, 0x1C, 0x3C, 0x38, 0x78, 0x70, 0xFF, 0xFF, 0xFF, 0xFF, 0xFF,
    0xFF, 0xFF, 0xFF, 0x00, 0x1E, 0x00, 0x3C, 0x00, 0x78, 0x00, 0xF0, 0xE1, 0xE1, 0xC3, 0xC3, 0x87,
    0x80, 0x0F, 0x00, 0x1E, 0x00, 0x3C, 0x00, 0x78, 0x00, 0xFF, 0xFF, 0xFF, 0xFF, 0xE0, 0x01, 0xC0,
    0x03, 0x80, 0x07, 0x00, 0x0E, 0x00, 0x1C, 0x00, 0x38, 0x00, 0x7F, 0xFF, 0xFF, 0xFF, 0xC0, 0x03,
    0x80, 0x07, 0x00, 0x0E, 0x00, 0x1C, 0x00, 0x38, 0x00, 0x60, 0x00, 0x00, 0x0E, 0x00, 0x1C, 0x00,
    0x38, 0x00, 0x70, 0x00, 0xE0, 0x01, 0xC0, 0x03, 0xFF, 0xFF, 0xFF, 0xFE, 0x00, 0x1C, 0x00, 0x38,
    0x00, 0x70, 0x00, 0xE0, 0x01, 0xC0, 0x03, 0x80, 0x03, 0xFF, 0xFF, 0xFF, 0xFC, 0x0E, 0x00, 0x1C,
    0x00, 0x38, 0x00, 0x70, 0x00, 0xE0, 0x01, 0xC0, 0x03, 0x80, 0x07, 0x00, 0x0E, 0x00, 0x1C, 0x00,
    0x38, 0x00, 0x70, 0x00, 0xE0, 0x00, 0x03, 0x80, 0x07, 0x00, 0x0E, 0x00, 0x1C, 0x00, 0x38, 0x00,
    0x70, 0x00, 0xE0, 0x01, 0xC0, 0x03, 0x80, 0x07, 0x00, 0x0E, 0x00, 0x1C, 0x00, 0x38, 0x1F, 0xFF,
    0xFF, 0xFF, 0x80, 0x00, 0x60, 0x3C, 0x1F, 0x8F, 0xF7, 0xE7, 0xF0, 0xF8, 0x1F, 0xC3, 0x7E, 0x63,
    0xFC, 0x1F, 0x80, 0xF0, 0x06, 0x00, 0x00, 0x00, 0x00, 0xFF, 0xFF, 0xFC, 0x00, 0x3C, 0x00, 0x6F,
    0xFF, 0x9B, 0xFF, 0xB0, 0x03, 0xC0, 0xE0, 0x3F, 0x83, 0xDC, 0x1C, 0xE0, 0xE3, 0x8E, 0x1C, 0x70,
    0xE3, 0x83, 0xB8, 0x1D, 0xC0, 0xEE, 0x03, 0xE0, 0x1F, 0x00, 0xF8, 0x00, 0x00, 0x00, 0x00, 0x00,
    0x7F, 0xF3, 0xFF, 0x80, 0xFF, 0xFF, 0xFF, 0xC0, 0x00, 0x00, 0x00, 0x70, 0x07, 0xC0, 0x3E, 0x03,
    0xF0, 0x1D, 0xC0, 0xEE, 0x0E, 0x78, 0x71, 0xC3, 0x8E, 0x38, 0x39, 0xC1, 0xCE, 0x0E, 0xE0, 0x38,
    0xFF, 0xFF, 0xFF, 0xC0, 0x00, 0x00, 0x0E, 0x03, 0xF8, 0x3D, 0xC1, 0xCE, 0x0E, 0x38, 0xE1, 0xC7,
    0x0E, 0x38, 0x3B, 0x81, 0xDC, 0x0E, 0xE0, 0x3E, 0x01, 0xF0, 0x0F, 0x80, 0x3F, 0xE3, 0xFF, 0xBE,
    0x3F, 0xC0, 0x7E, 0x03, 0xF0, 0x1F, 0x80, 0xFC, 0x07, 0xE0, 0x3F, 0x01, 0xF8, 0x0F, 0xC0, 0x7E,
    0x03, 0xF0, 0x1F, 0x80, 0xFC, 0x07, 0xE0, 0x3F, 0x01, 0xC0, 0xE0, 0x3F, 0x01, 0xF8, 0x0F, 0xC0,
    0x7E, 0x03, 0xF0, 0x1F, 0x80, 0xFC, 0x07, 0xE0, 0x3F, 0x01, 0xF8, 0x0F, 0xC0, 0x7E, 0x03, 0xF0,
    0x1F, 0x80, 0xFC, 0x07, 0xF8, 0xFB, 0xFF, 0x8F, 0xF8, 0x08, 0x0E, 0x0D, 0x8C, 0x67, 0x71, 0xF0,
    0x70, 0x00, 0x00, 0x20, 0x43, 0xE3, 0x87, 0x0A, 0x00, 0x80, 0x03, 0x80, 0x0F, 0x80, 0x3F, 0x80,
    0xFF, 0x83, 0xFB, 0x8E, 0xF3, 0xB9, 0xE3, 0xC3, 0xC3, 0x87, 0x9D, 0xCF, 0x71, 0xDF, 0xC1, 0xFF,
    0x01, 0xFC, 0x01, 0xF0, 0x01, 0xC0, 0x01, 0x80, 0x01, 0x80, 0x0F, 0x80, 0x3F, 0x80, 0xEF, 0x83,
    0x9B, 0x8E, 0x33, 0xB8, 0x63, 0xC0, 0xC3, 0x81, 0x9D, 0xC3, 0x71, 0xC7, 0xC1, 0xCF, 0x01, 0xDC,
    0x01, 0xF0, 0x01, 0xC0, 0x00, 0x00, 0x03, 0x80, 0x0F, 0x80, 0x3B, 0x80, 0xF3, 0x83, 0xE3, 0x8E,
    0xC3, 0xB9, 0x83, 0xC3, 0x03, 0x86, 0x1D, 0xCC, 0x71, 0xD9, 0xC1, 0xF7, 0x01, 0xFC, 0x01, 0xF0,
    0x01, 0x80, 0x01, 0xE0, 0x0F, 0xF0, 0x7F, 0xF1, 0xF8, 0xE3, 0x80, 0xEE, 0x01, 0xD8, 0x01, 0xF0,
    0x03, 0xE0, 0x07, 0x80, 0x07, 0x00, 0x0E, 0x00, 0x1C, 0x00, 0x38, 0x00, 0x70, 0x00, 0x0F, 0xFC,
    0x7F, 0xFC, 0xF0, 0x03, 0x80, 0x07, 0x3F, 0xCC, 0xFF, 0xD9, 0xC0, 0x73, 0x00, 0x67, 0x00, 0xCF,
    0xF9, 0xCF, 0xFB, 0x80, 0x07, 0x80, 0x07, 0xFF, 0x83, 0xFF, 0x80, 0x00, 0x18, 0x00, 0x70, 0x00,
    0xC0, 0x01, 0x8F, 0xFF, 0xFF, 0xFF, 0xFC, 0x38, 0x78, 0x70, 0xF0, 0xC1, 0xE3, 0x83, 0xC7, 0x07,
    0x8C, 0x0F, 0x38, 0x1E, 0x60, 0x3F, 0xFF, 0xFF, 0xFF, 0x06, 0x00, 0x1C, 0x00, 0x38, 0x07, 0xFF,
    0xFF, 0xFF, 0xE3, 0x00, 0x06, 0x00, 0x1C, 0x00, 0x77, 0xFE, 0xE0, 0x01, 0xDF, 0xFB, 0x80, 0x07,
    0x7F, 0xEE, 0x71, 0xC7, 0x7D, 0xF7, 0xFE, 0xFB, 0xEE, 0x38, 0xE0, 0x00, 0x07, 0x00, 0x07, 0xC0,
    0x03, 0xE0, 0x00, 0xE0, 0x00, 0x00, 0x00, 0x00, 0x07, 0x00, 0x07, 0xC0, 0x03, 0xE0, 0x00, 0xE0,
    0x00, 0x00, 0x00, 0x00, 0x07, 0x00, 0x07, 0xC0, 0x03, 0xE0, 0x00, 0xE0, 0x00, 0x70, 0x00, 0x7C,
    0x00, 0x3E, 0x00, 0x0E, 0x00, 0x00, 0x00, 0x00, 0x00, 0x00, 0x07, 0x00, 0x07, 0xC0, 0x03, 0xE0,
    0x00, 0xE0, 0x00, 0x00, 0x00, 0x00, 0x00, 0x00, 0x70, 0x00, 0x7C, 0x00, 0x3E, 0x00, 0x0E, 0x01,
    0xC0, 0x01, 0xF0, 0x01, 0xFC, 0x01, 0xFF, 0x00, 0xFF, 0x80, 0xF3, 0xE0, 0xF8, 0x78, 0xFF, 0xBE,
    0x7F, 0xDF, 0x7F, 0xEF, 0xDF, 0xDF, 0xCF, 0xEF, 0xE3, 0xFF, 0xE0, 0xFB, 0xE0, 0x3F, 0xE0, 0x1F,
    0xF0, 0x07, 0xF0, 0x01, 0xF0, 0x00, 0x70, 0x00,
};

static const EpdGlyph jetbrainsmono_12_regularGlyphs[] = {
    { 0, 0, 15, 0, 0, 0, 0 }, // 
    { 0, 0, 15, 0, 0, 0, 0 }, //  
    { 5, 18, 15, 5, 18, 12, 0 }, // !
    { 9, 7, 15, 3, 18, 8, 12 }, // "
    { 15, 18, 15, 0, 18, 34, 20 }, // #
    { 13, 25, 15, 1, 22, 41, 54 }, // $
    { 15, 18, 15, 0, 18, 34, 95 }, // %
    { 16, 18, 15, 0, 18, 36, 129 }, // &
    { 3, 7, 15, 6, 18, 3, 165 }, // '
    { 9, 24, 15, 4, 21, 27, 168 }, // (
    { 9, 24, 15, 2, 21, 27, 195 }, // )
    { 15, 13, 15, 0, 16, 25, 222 }, // *
    { 13, 12, 15, 1, 14, 20, 247 }, // +
    { 5, 8, 15, 5, 4, 5, 267 }, // ,
    { 9, 2, 15, 3, 9, 3, 272 }, // -
    { 5, 4, 15, 5, 4, 3, 275 }, // .
    { 13, 24, 15, 1, 21, 39, 278 }, // /
    { 11, 18, 15, 2, 18, 25, 317 }, // 0
    { 12, 18, 15, 2, 18, 27, 342 }, // 1
    { 13, 18, 15, 1, 18, 30, 369 }, // 2
    { 12, 18, 15, 1, 18, 27, 399 }, // 3
    { 12, 18, 15, 1, 18, 27, 426 }, // 4
    { 12, 18, 15, 1, 18, 27, 453 }, // 5
    { 13, 18, 15, 1, 18, 30, 480 }, // 6
    { 12, 18, 15, 2, 18, 27, 510 }, // 7
    { 13, 18, 15, 1, 18, 30, 537 }, // 8
    { 13, 18, 15, 1, 18, 30, 567 }, // 9
    { 5, 14, 15, 5, 14, 9, 597 }, // :
    { 5, 18, 15, 5, 14, 12, 606 }, // ;
    { 11, 14, 15, 2, 15, 20, 618 }, // <
    { 11, 8, 15, 2, 12, 11, 638 }, // =
    { 11, 14, 15, 2, 15, 20, 649 }, // >
    { 10, 18, 15, 3, 18, 23, 669 }, // ?
    { 13, 22, 15, 1, 18, 36, 692 }, // @
    { 13, 18, 15, 1, 18, 30, 728 }, // A
    { 12, 18, 15, 2, 18, 27, 758 }, // B
    { 12, 18, 15, 2, 18, 27, 785 }, // C
    { 11, 18, 15, 2, 18, 25, 812 }, // D
    { 11, 18, 15, 2, 18, 25, 837 }, // E
    { 12, 18, 15, 2, 18, 27, 862 }, // F
    { 11, 18, 15, 2, 18, 25, 889 }, // G
    { 11, 18, 15, 2, 18, 25, 914 }, // H
    { 11, 18, 15, 2, 18, 25, 939 }, // I
    { 12, 18, 15, 1, 18, 27, 964 }, // J
    { 12, 18, 15, 2, 18, 27, 991 }, // K
    { 11, 18, 15, 3, 18, 25, 1018 }, // L
    { 13, 18, 15, 1, 18, 30, 1043 }, // M
    { 11, 18, 15, 2, 18, 25, 1073 }, // N
    { 11, 18, 15, 2, 18, 25, 1098 }, // O
    { 12, 18, 15, 2, 18, 27, 1123 }, // P
    { 12, 22, 15, 2, 18, 33, 1150 }, // Q
    { 12, 18, 15, 2, 18, 27, 1183 }, // R
    { 13, 18, 15, 1, 18, 30, 1210 }, // S
    { 13, 18, 15, 1, 18, 30, 1240 }, // T
    { 11, 18, 15, 2, 18, 25, 1270 }, // U
    { 13, 18, 15, 1, 18, 30, 1295 }, // V
    { 15, 18, 15, 0, 18, 34, 1325 }, // W
    { 13, 18, 15, 1, 18, 30, 1359 }, // X
    { 15, 18, 15, 0, 18, 34, 1389 }, // Y
    { 11, 18, 15, 2, 18, 25, 1423 }, // Z
    { 7, 23, 15, 5, 20, 21, 1448 }, // [
    { 13, 24, 15, 1, 21, 39, 1469 }, // <backslash>
    { 7, 23, 15, 3, 20, 21, 1508 }, // ]
    { 11, 10, 15, 2, 19, 14, 1529 }, // ^
    { 13, 2, 15, 1, 0, 4, 1543 }, // _
    { 6, 4, 15, 4, 20, 3, 1547 }, // `
    { 12, 14, 15, 1, 14, 21, 1550 }, // a
    { 11, 18, 15, 2, 18, 25, 1571 }, // b
    { 12, 14, 15, 2, 14, 21, 1596 }, // c
    { 11, 18, 15, 2, 18, 25, 1617 }, // d
    { 11, 14, 15, 2, 14, 20, 1642 }, // e
    { 13, 18, 15, 1, 18, 30, 1662 }, // f
    { 11, 18, 15, 2, 14, 25, 1692 }, // g
    { 11, 18, 15, 2, 18, 25, 1717 }, // h
    { 12, 19, 15, 2, 19, 29, 1742 }, // i
    { 10, 23, 15, 2, 19, 29, 1771 }, // j
    { 12, 18, 15, 2, 18, 27, 1800 }, // k
    { 14, 18, 15, 0, 18, 32, 1827 }, // l
    { 13, 14, 15, 1, 14, 23, 1859 }, // m
    { 11, 14, 15, 2, 14, 20, 1882 }, // n
    { 11, 14, 15, 2, 14, 20, 1902 }, // o
    { 11, 18, 15, 2, 14, 25, 1922 }, // p
    { 11, 18, 15, 2, 14, 25, 1947 }, // q
    { 12, 14, 15, 2, 14, 21, 1972 }, // r
    { 11, 14, 15, 2, 14, 20, 1993 }, // s
    { 12, 18, 15, 1, 18, 27, 2013 }, // t
    { 11, 14, 15, 2, 14, 20, 2040 }, // u
    { 13, 14, 15, 1, 14, 23, 2060 }, // v
    { 15, 14, 15, 0, 14, 27, 2083 }, // w
    { 13, 14, 15, 1, 14, 23, 2110 }, // x
    { 13, 18, 15, 1, 14, 30, 2133 }, // y
    { 11, 14, 15, 2, 14, 20, 2163 }, // z
    { 12, 23, 15, 1, 20, 35, 2183 }, // {
    { 3, 24, 15, 6, 21, 9, 2218 }, // |
    { 12, 23, 15, 2, 20, 35, 2227 }, // }
    { 13, 5, 15, 1, 11, 9, 2262 }, // ~
    { 0, 0, 15, 0, 0, 0, 2271 }, //  
    { 5, 18, 15, 5, 14, 12, 2271 }, // ¡
    { 12, 21, 15, 2, 18, 32, 2283 }, // ¢
    { 13, 18, 15, 1, 18, 30, 2315 }, // £
    { 13, 15, 15, 1, 16, 25, 2345 }, // ¤
    { 15, 18, 15, 0, 18, 34, 2370 }, // ¥
    { 3, 23, 15, 6, 20, 9, 2404 }, // ¦
    { 13, 22, 15, 1, 18, 36, 2413 }, // §
    { 9, 3, 15, 3, 19, 4, 2449 }, // ¨
    { 13, 18, 15, 1, 20, 30, 2453 }, // ©
    { 7, 8, 15, 4, 19, 7, 2483 }, // ª
    { 15, 12, 15, 0, 13, 23, 2490 }, // «
    { 11, 5, 15, 2, 10, 7, 2513 }, // ¬
    { 13, 17, 15, 1, 19, 28, 2520 }, // ®
    { 9, 2, 15, 3, 19, 3, 2548 }, // ¯
    { 9, 8, 15, 3, 19, 9, 2551 }, // °
    { 13, 15, 15, 1, 15, 25, 2560 }, // ±
    { 9, 11, 15, 3, 21, 13, 2585 }, // ²
    { 9, 11, 15, 3, 21, 13, 2598 }, // ³
    { 6, 4, 15, 5, 20, 3, 2611 }, // ´
    { 11, 18, 15, 2, 14, 25, 2614 }, // µ
    { 12, 22, 15, 1, 18, 33, 2639 }, // ¶
    { 5, 4, 15, 5, 11, 3, 2672 }, // ·
    { 6, 6, 15, 5, 0, 5, 2675 }, // ¸
    { 9, 11, 15, 3, 21, 13, 2680 }, // ¹
    { 7, 8, 15, 4, 19, 7, 2693 }, // º
    { 15, 12, 15, 0, 13, 23, 2700 }, // »
    { 15, 19, 15, 0, 19, 36, 2723 }, // ¼
    { 15, 20, 15, 0, 19, 38, 2759 }, // ½
    { 15, 19, 15, 0, 19, 36, 2797 }, // ¾
    { 10, 18, 15, 2, 14, 23, 2833 }, // ¿
    { 13, 24, 15, 1, 24, 39, 2856 }, // À
    { 13, 24, 15, 1, 24, 39, 2895 }, // Á
    { 13, 24, 15, 1, 24, 39, 2934 }, // Â
    { 13, 23, 15, 1, 23, 38, 2973 }, // Ã
    { 13, 23, 15, 1, 23, 38, 3011 }, // Ä
    { 13, 24, 15, 1, 24, 39, 3049 }, // Å
    { 15, 18, 15, 0, 18, 34, 3088 }, // Æ
    { 12, 24, 15, 2, 18, 36, 3122 }, // Ç
    { 11, 24, 15, 2, 24, 33, 3158 }, // È
    { 11, 24, 15, 2, 24, 33, 3191 }, // É
    { 11, 24, 15, 2, 24, 33, 3224 }, // Ê
    { 11, 23, 15, 2, 23, 32, 3257 }, // Ë
    { 11, 24, 15, 2, 24, 33, 3289 }, // Ì
    { 11, 24, 15, 2, 24, 33, 3322 }, // Í
    { 11, 24, 15, 2, 24, 33, 3355 }, // Î
    { 11, 23, 15, 2, 23, 32, 3388 }, // Ï
    { 13, 18, 15, 0, 18, 30, 3420 }, // Ð
    { 11, 23, 15, 2, 23, 32, 3450 }, // Ñ
    { 11, 24, 15, 2, 24, 33, 3482 }, // Ò
    { 11, 24, 15, 2, 24, 33, 3515 }, // Ó
    { 11, 24, 15, 2, 24, 33, 3548 }, // Ô
    { 11, 23, 15, 2, 23, 32, 3581 }, // Õ
    { 11, 23, 15, 2, 23, 32, 3613 }, // Ö
    { 11, 11, 15, 2, 14, 16, 3645 }, // ×
    { 15, 20, 15, 0, 19, 38, 3661 }, // Ø
    { 11, 24, 15, 2, 24, 33, 3699 }, // Ù
    { 11, 24, 15, 2, 24, 33, 3732 }, // Ú
    { 11, 24, 15, 2, 24, 33, 3765 }, // Û
    { 11, 23, 15, 2, 23, 32, 3798 }, // Ü
    { 15, 24, 15, 0, 24, 45, 3830 }, // Ý
    { 12, 18, 15, 2, 18, 27, 3875 }, // Þ
    { 12, 18, 15, 2, 18, 27, 3902 }, // ß
    { 12, 20, 15, 1, 20, 30, 3929 }, // à
    { 12, 20, 15, 1, 20, 30, 3959 }, // á
    { 12, 20, 15, 1, 20, 30, 3989 }, // â
    { 12, 19, 15, 1, 19, 29, 4019 }, // ã
    { 12, 19, 15, 1, 19, 29, 4048 }, // ä
    { 12, 20, 15, 1, 20, 30, 4077 }, // å
    { 15, 14, 15, 0, 14, 27, 4107 }, // æ
    { 12, 20, 15, 2, 14, 30, 4134 }, // ç
    { 11, 20, 15, 2, 20, 28, 4164 }, // è
    { 11, 20, 15, 2, 20, 28, 4192 }, // é
    { 11, 20, 15, 2, 20, 28, 4220 }, // ê
    { 11, 19, 15, 2, 19, 27, 4248 }, // ë
    { 12, 20, 15, 2, 20, 30, 4275 }, // ì
    { 12, 20, 15, 2, 20, 30, 4305 }, // í
    { 12, 20, 15, 2, 20, 30, 4335 }, // î
    { 12, 19, 15, 2, 19, 29, 4365 }, // ï
    { 13, 19, 15, 1, 19, 31, 4394 }, // ð
    { 11, 19, 15, 2, 19, 27, 4425 }, // ñ
    { 11, 20, 15, 2, 20, 28, 4452 }, // ò
    { 11, 20, 15, 2, 20, 28, 4480 }, // ó
    { 11, 20, 15, 2, 20, 28, 4508 }, // ô
    { 11, 19, 15, 2, 19, 27, 4536 }, // õ
    { 11, 19, 15, 2, 19, 27, 4563 }, // ö
    { 11, 14, 15, 2, 15, 20, 4590 }, // ÷
    { 15, 16, 15, 0, 15, 30, 4610 }, // ø
    { 11, 20, 15, 2, 20, 28, 4640 }, // ù
    { 11, 20, 15, 2, 20, 28, 4668 }, // ú
    { 11, 20, 15, 2, 20, 28, 4696 }, // û
    { 11, 19, 15, 2, 19, 27, 4724 }, // ü
    { 13, 24, 15, 1, 20, 39, 4751 }, // ý
    { 11, 22, 15, 2, 18, 31, 4790 }, // þ
    { 13, 23, 15, 1, 19, 38, 4821 }, // ÿ
    { 13, 23, 15, 1, 23, 38, 4859 }, // Ā
    { 12, 19, 15, 1, 19, 29, 4897 }, // ā
    { 13, 24, 15, 1, 24, 39, 4926 }, // Ă
    { 12, 20, 15, 1, 20, 30, 4965 }, // ă
    { 14, 23, 15, 1, 18, 41, 4995 }, // Ą
    { 14, 19, 15, 1, 14, 34, 5036 }, // ą
    { 12, 24, 15, 2, 24, 36, 5070 }, // Ć
    { 12, 20, 15, 2, 20, 30, 5106 }, // ć
    { 12, 24, 15, 2, 24, 36, 5136 }, // Ĉ
    { 12, 20, 15, 2, 20, 30, 5172 }, // ĉ
    { 12, 23, 15, 2, 23, 35, 5202 }, // Ċ
    { 12, 19, 15, 2, 19, 29, 5237 }, // ċ
    { 12, 24, 15, 2, 24, 36, 5266 }, // Č
    { 12, 20, 15, 2, 20, 30, 5302 }, // č
    { 11, 24, 15, 2, 24, 33, 5332 }, // Ď
    { 15, 18, 15, 1, 18, 34, 5365 }, // ď
    { 13, 18, 15, 0, 18, 30, 5399 }, // Đ
    { 13, 18, 15, 2, 18, 30, 5429 }, // đ
    { 11, 23, 15, 2, 23, 32, 5459 }, // Ē
    { 11, 19, 15, 2, 19, 27, 5491 }, // ē
    { 11, 24, 15, 2, 24, 33, 5518 }, // Ĕ
    { 11, 20, 15, 2, 20, 28, 5551 }, // ĕ
    { 11, 23, 15, 2, 23, 32, 5579 }, // Ė
    { 11, 19, 15, 2, 19, 27, 5611 }, // ė
    { 12, 23, 15, 2, 18, 35, 5638 }, // Ę
    { 11, 19, 15, 2, 14, 27, 5673 }, // ę
    { 11, 24, 15, 2, 24, 33, 5700 }, // Ě
    { 11, 20, 15, 2, 20, 28, 5733 }, // ě
    { 11, 24, 15, 2, 24, 33, 5761 }, // Ĝ
    { 11, 24, 15, 2, 20, 33, 5794 }, // ĝ
    { 11, 24, 15, 2, 24, 33, 5827 }, // Ğ
    { 11, 24, 15, 2, 20, 33, 5860 }, // ğ
    { 11, 23, 15, 2, 23, 32, 5893 }, // Ġ
    { 11, 23, 15, 2, 19, 32, 5925 }, // ġ
    { 11, 24, 15, 2, 18, 33, 5957 }, // Ģ
    { 11, 26, 15, 2, 22, 36, 5990 }, // ģ
    { 11, 24, 15, 2, 24, 33, 6026 }, // Ĥ
    { 15, 25, 15, -2, 25, 47, 6059 }, // ĥ
    { 15, 18, 15, 0, 18, 34, 6106 }, // Ħ
    { 13, 18, 15, 0, 18, 30, 6140 }, // ħ
    { 11, 23, 15, 2, 23, 32, 6170 }, // Ĩ
    { 12, 19, 15, 2, 19, 29, 6202 }, // ĩ
    { 11, 23, 15, 2, 23, 32, 6231 }, // Ī
    { 12, 19, 15, 2, 19, 29, 6263 }, // ī
    { 11, 24, 15, 2, 24, 33, 6292 }, // Ĭ
    { 12, 20, 15, 2, 20, 30, 6325 }, // ĭ
    { 11, 23, 15, 2, 18, 32, 6355 }, // Į
    { 12, 24, 15, 2, 19, 36, 6387 }, // į
    { 11, 23, 15, 2, 23, 32, 6423 }, // İ
    { 12, 14, 15, 2, 14, 21, 6455 }, // ı
    { 14, 18, 15, 0, 18, 32, 6476 }, // Ĳ
    { 11, 24, 15, 2, 20, 33, 6508 }, // ĳ
    { 15, 24, 15, 1, 24, 45, 6541 }, // Ĵ
    { 13, 24, 15, 2, 20, 39, 6586 }, // ĵ
    { 12, 24, 15, 2, 18, 36, 6625 }, // Ķ
    { 12, 24, 15, 2, 18, 36, 6661 }, // ķ
    { 13, 14, 15, 2, 14, 23, 6697 }, // ĸ
    { 12, 24, 15, 2, 24, 36, 6720 }, // Ĺ
    { 14, 24, 15, 0, 24, 42, 6756 }, // ĺ
    { 11, 24, 15, 3, 18, 33, 6798 }, // Ļ
    { 14, 24, 15, 0, 18, 42, 6831 }, // ļ
    { 11, 18, 15, 3, 18, 25, 6873 }, // Ľ
    { 14, 18, 15, 0, 18, 32, 6898 }, // ľ
    { 11, 18, 15, 3, 18, 25, 6930 }, // Ŀ
    { 16, 18, 15, 0, 18, 36, 6955 }, // ŀ
    { 14, 18, 15, 0, 18, 32, 6991 }, // Ł
    { 14, 18, 15, 0, 18, 32, 7023 }, // ł
    { 11, 24, 15, 2, 24, 33, 7055 }, // Ń
    { 11, 20, 15, 2, 20, 28, 7088 }, // ń
    { 11, 24, 15, 2, 18, 33, 7116 }, // Ņ
    { 11, 20, 15, 2, 14, 28, 7149 }, // ņ
    { 11, 24, 15, 2, 24, 33, 7177 }, // Ň
    { 11, 20, 15, 2, 20, 28, 7210 }, // ň
    { 14, 20, 15, -1, 20, 35, 7238 }, // ŉ
    { 11, 22, 15, 2, 18, 31, 7273 }, // Ŋ
    { 11, 18, 15, 2, 14, 25, 7304 }, // ŋ
    { 11, 23, 15, 2, 23, 32, 7329 }, // Ō
    { 11, 19, 15, 2, 19, 27, 7361 }, // ō
    { 11, 24, 15, 2, 24, 33, 7388 }, // Ŏ
    { 11, 20, 15, 2, 20, 28, 7421 }, // ŏ
    { 12, 24, 15, 2, 24, 36, 7449 }, // Ő
    { 12, 20, 15, 2, 20, 30, 7485 }, // ő
    { 14, 18, 15, 1, 18, 32, 7515 }, // Œ
    { 15, 14, 15, 0, 14, 27, 7547 }, // œ
    { 12, 24, 15, 2, 24, 36, 7574 }, // Ŕ
    { 12, 20, 15, 2, 20, 30, 7610 }, // ŕ
    { 12, 24, 15, 2, 18, 36, 7640 }, // Ŗ
    { 14, 20, 15, 0, 14, 35, 7676 }, // ŗ
    { 12, 24, 15, 2, 24, 36, 7711 }, // Ř
    { 12, 20, 15, 2, 20, 30, 7747 }, // ř
    { 13, 24, 15, 1, 24, 39, 7777 }, // Ś
    { 11, 20, 15, 2, 20, 28, 7816 }, // ś
    { 13, 24, 15, 1, 24, 39, 7844 }, // Ŝ
    { 11, 20, 15, 2, 20, 28, 7883 }, // ŝ
    { 13, 24, 15, 1, 18, 39, 7911 }, // Ş
    { 11, 20, 15, 2, 14, 28, 7950 }, // ş
    { 13, 24, 15, 1, 24, 39, 7978 }, // Š
    { 11, 20, 15, 2, 20, 28, 8017 }, // š
    { 13, 24, 15, 1, 18, 39, 8045 }, // Ţ
    { 12, 24, 15, 1, 18, 36, 8084 }, // ţ
    { 13, 24, 15, 1, 24, 39, 8120 }, // Ť
    { 12, 20, 15, 1, 20, 30, 8159 }, // ť
    { 13, 18, 15, 1, 18, 30, 8189 }, // Ŧ
    { 12, 18, 15, 1, 18, 27, 8219 }, // ŧ
    { 11, 23, 15, 2, 23, 32, 8246 }, // Ũ
    { 11, 19, 15, 2, 19, 27, 8278 }, // ũ
    { 11, 23, 15, 2, 23, 32, 8305 }, // Ū
    { 11, 19, 15, 2, 19, 27, 8337 }, // ū
    { 11, 24, 15, 2, 24, 33, 8364 }, // Ŭ
    { 11, 20, 15, 2, 20, 28, 8397 }, // ŭ
    { 11, 24, 15, 2, 24, 33, 8425 }, // Ů
    { 11, 20, 15, 2, 20, 28, 8458 }, // ů
    { 12, 24, 15, 2, 24, 36, 8486 }, // Ű
    { 12, 20, 15, 2, 20, 30, 8522 }, // ű
    { 11, 23, 15, 2, 18, 32, 8552 }, // Ų
    { 11, 19, 15, 2, 14, 27, 8584 }, // ų
    { 15, 24, 15, 0, 24, 45, 8611 }, // Ŵ
    { 15, 20, 15, 0, 20, 38, 8656 }, // ŵ
    { 15, 24, 15, 0, 24, 45, 8694 }, // Ŷ
    { 13, 24, 15, 1, 20, 39, 8739 }, // ŷ
    { 15, 23, 15, 0, 23, 44, 8778 }, // Ÿ
    { 11, 24, 15, 2, 24, 33, 8822 }, // Ź
    { 11, 20, 15, 2, 20, 28, 8855 }, // ź
    { 11, 23, 15, 2, 23, 32, 8883 }, // Ż
    { 11, 19, 15, 2, 19, 27, 8915 }, // ż
    { 11, 24, 15, 2, 24, 33, 8942 }, // Ž
    { 11, 20, 15, 2, 20, 28, 8975 }, // ž
    { 9, 18, 15, 4, 18, 21, 9003 }, // ſ
    { 6, 4, 0, -11, 20, 3, 9024 }, // ̀
    { 6, 4, 0, -10, 20, 3, 9027 }, // ́
    { 11, 4, 0, -13, 20, 6, 9030 }, // ̂
    { 9, 3, 0, -12, 19, 4, 9036 }, // ̃
    { 9, 2, 0, -12, 19, 3, 9040 }, // ̄
    { 9, 4, 0, -12, 20, 5, 9043 }, // ̆
    { 5, 3, 0, -10, 19, 2, 9048 }, // ̇
    { 9, 3, 0, -12, 19, 4, 9050 }, // ̈
    { 5, 5, 0, -10, 21, 4, 9054 }, // ̉
    { 7, 6, 0, -11, 20, 6, 9058 }, // ̊
    { 11, 4, 0, -12, 20, 6, 9064 }, // ̋
    { 11, 4, 0, -13, 20, 6, 9070 }, // ̌
    { 11, 4, 0, -14, 20, 6, 9076 }, // ̏
    { 6, 6, 0, -10, 22, 5, 9082 }, // ̒
    { 4, 5, 0, -6, 17, 3, 9087 }, // ̛
    { 5, 3, 0, -10, -2, 2, 9090 }, // ̣
    { 7, 6, 0, -11, -1, 6, 9092 }, // ̥
    { 6, 4, 0, -11, -2, 3, 9098 }, // ̦
    { 6, 6, 0, -10, 0, 5, 9101 }, // ̧
    { 6, 6, 0, -11, 1, 5, 9106 }, // ̨
    { 17, 2, 0, -16, 9, 5, 9111 }, // ̶
    { 15, 16, 0, -15, 15, 30, 9116 }, // ̷
    { 11, 19, 0, -13, 16, 27, 9146 }, // ̸
    { 11, 23, 15, 2, 23, 32, 9173 }, // Ё
    { 14, 22, 15, 0, 18, 39, 9205 }, // Ђ
    { 11, 24, 15, 3, 24, 33, 9244 }, // Ѓ
    { 12, 18, 15, 2, 18, 27, 9277 }, // Є
    { 13, 18, 15, 1, 18, 30, 9304 }, // Ѕ
    { 11, 18, 15, 2, 18, 25, 9334 }, // І
    { 11, 23, 15, 2, 23, 32, 9359 }, // Ї
    { 12, 18, 15, 1, 18, 27, 9391 }, // Ј
    { 16, 18, 15, -1, 18, 36, 9418 }, // Љ
    { 14, 18, 15, 1, 18, 32, 9454 }, // Њ
    { 14, 18, 15, 0, 18, 32, 9486 }, // Ћ
    { 12, 24, 15, 2, 24, 36, 9518 }, // Ќ
    { 13, 24, 15, 1, 24, 39, 9554 }, // Ў
    { 11, 21, 15, 2, 18, 29, 9593 }, // Џ
    { 13, 18, 15, 1, 18, 30, 9622 }, // А
    { 12, 18, 15, 2, 18, 27, 9652 }, // Б
    { 12, 18, 15, 2, 18, 27, 9679 }, // В
    { 11, 18, 15, 3, 18, 25, 9706 }, // Г
    { 15, 21, 15, 0, 18, 40, 9731 }, // Д
    { 11, 18, 15, 2, 18, 25, 9771 }, // Е
    { 15, 18, 15, 0, 18, 34, 9796 }, // Ж
    { 13, 18, 15, 1, 18, 30, 9830 }, // З
    { 11, 18, 15, 2, 18, 25, 9860 }, // И
    { 11, 24, 15, 2, 24, 33, 9885 }, // Й
    { 12, 18, 15, 2, 18, 27, 9918 }, // К
    { 13, 18, 15, 0, 18, 30, 9945 }, // Л
    { 13, 18, 15, 1, 18, 30, 9975 }, // М
    { 11, 18, 15, 2, 18, 25, 10005 }, // Н
    { 11, 18, 15, 2, 18, 25, 10030 }, // О
    { 11, 18, 15, 2, 18, 25, 10055 }, // П
    { 12, 18, 15, 2, 18, 27, 10080 }, // Р
    { 12, 18, 15, 2, 18, 27, 10107 }, // С
    { 13, 18, 15, 1, 18, 30, 10134 }, // Т
    { 13, 18, 15, 1, 18, 30, 10164 }, // У
    { 13, 20, 15, 1, 19, 33, 10194 }, // Ф
    { 13, 18, 15, 1, 18, 30, 10227 }, // Х
    { 13, 21, 15, 2, 18, 35, 10257 }, // Ц
    { 12, 18, 15, 1, 18, 27, 10292 }, // Ч
    { 13, 18, 15, 1, 18, 30, 10319 }, // Ш
    { 14, 22, 15, 1, 18, 39, 10349 }, // Щ
    { 15, 18, 15, -1, 18, 34, 10388 }, // Ъ
    { 13, 18, 15, 1, 18, 30, 10422 }, // Ы
    { 12, 18, 15, 2, 18, 27, 10452 }, // Ь
    { 12, 18, 15, 1, 18, 27, 10479 }, // Э
    { 14, 18, 15, 1, 18, 32, 10506 }, // Ю
    { 12, 18, 15, 1, 18, 27, 10538 }, // Я
    { 12, 14, 15, 1, 14, 21, 10565 }, // а
    { 11, 19, 15, 2, 19, 27, 10586 }, // б
    { 12, 14, 15, 2, 14, 21, 10613 }, // в
    { 11, 14, 15, 3, 14, 20, 10634 }, // г
    { 15, 17, 15, 0, 14, 32, 10654 }, // д
    { 11, 14, 15, 2, 14, 20, 10686 }, // е
    { 15, 14, 15, 0, 14, 27, 10706 }, // ж
    { 13, 14, 15, 1, 14, 23, 10733 }, // з
    { 11, 14, 15, 2, 14, 20, 10756 }, // и
    { 11, 20, 15, 2, 20, 28, 10776 }, // й
    { 13, 14, 15, 2, 14, 23, 10804 }, // к
    { 13, 14, 15, 0, 14, 23, 10827 }, // л
    { 13, 14, 15, 1, 14, 23, 10850 }, // м
    { 11, 14, 15, 2, 14, 20, 10873 }, // н
    { 11, 14, 15, 2, 14, 20, 10893 }, // о
    { 11, 14, 15, 2, 14, 20, 10913 }, // п
    { 11, 18, 15, 2, 14, 25, 10933 }, // р
    { 12, 14, 15, 2, 14, 21, 10958 }, // с
    { 13, 14, 15, 1, 14, 23, 10979 }, // т
    { 13, 18, 15, 1, 14, 30, 11002 }, // у
    { 13, 22, 15, 1, 18, 36, 11032 }, // ф
    { 13, 14, 15, 1, 14, 23, 11068 }, // х
    { 13, 17, 15, 2, 14, 28, 11091 }, // ц
    { 12, 14, 15, 1, 14, 21, 11119 }, // ч
    { 13, 14, 15, 1, 14, 23, 11140 }, // ш
    { 14, 18, 15, 1, 14, 32, 11163 }, // щ
    { 15, 14, 15, 0, 14, 27, 11195 }, // ъ
    { 13, 14, 15, 1, 14, 23, 11222 }, // ы
    { 12, 14, 15, 2, 14, 21, 11245 }, // ь
    { 11, 14, 15, 2, 14, 20, 11266 }, // э
    { 13, 14, 15, 1, 14, 23, 11286 }, // ю
    { 12, 14, 15, 1, 14, 21, 11309 }, // я
    { 11, 19, 15, 2, 19, 27, 11330 }, // ё
    { 13, 22, 15, 0, 18, 36, 11357 }, // ђ
    { 11, 20, 15, 3, 20, 28, 11393 }, // ѓ
    { 11, 14, 15, 2, 14, 20, 11421 }, // є
    { 11, 14, 15, 2, 14, 20, 11441 }, // ѕ
    { 12, 19, 15, 2, 19, 29, 11461 }, // і
    { 12, 19, 15, 2, 19, 29, 11490 }, // ї
    { 10, 23, 15, 2, 19, 29, 11519 }, // ј
    { 15, 14, 15, 0, 14, 27, 11548 }, // љ
    { 14, 14, 15, 1, 14, 25, 11575 }, // њ
    { 13, 18, 15, 0, 18, 30, 11600 }, // ћ
    { 13, 20, 15, 2, 20, 33, 11630 }, // ќ
    { 13, 24, 15, 1, 20, 39, 11663 }, // ў
    { 11, 17, 15, 2, 14, 24, 11702 }, // џ
    { 11, 21, 15, 3, 21, 29, 11726 }, // Ґ
    { 11, 17, 15, 3, 17, 24, 11755 }, // ґ
    { 14, 18, 15, 0, 18, 32, 11779 }, // Ғ
    { 13, 14, 15, 1, 14, 23, 11811 }, // ғ
    { 13, 21, 15, 2, 18, 35, 11834 }, // Қ
    { 13, 17, 15, 2, 14, 28, 11869 }, // қ
    { 12, 21, 15, 2, 18, 32, 11897 }, // Ң
    { 12, 17, 15, 2, 14, 26, 11929 }, // ң
    { 15, 18, 15, 0, 18, 34, 11955 }, // Ү
    { 13, 18, 15, 1, 14, 30, 11989 }, // ү
    { 15, 18, 15, 0, 18, 34, 12019 }, // Ұ
    { 13, 18, 15, 1, 14, 30, 12053 }, // ұ
    { 13, 21, 15, 1, 18, 35, 12083 }, // Ҷ
    { 13, 17, 15, 1, 14, 28, 12118 }, // ҷ
    { 12, 18, 15, 2, 18, 27, 12146 }, // Һ
    { 12, 14, 15, 2, 14, 21, 12173 }, // һ
    { 11, 18, 15, 2, 18, 25, 12194 }, // Ә
    { 11, 14, 15, 2, 14, 20, 12219 }, // ә
    { 15, 23, 15, 0, 23, 44, 12239 }, // Ӝ
    { 15, 19, 15, 0, 19, 36, 12283 }, // ӝ
    { 13, 23, 15, 1, 23, 38, 12319 }, // Ӟ
    { 13, 19, 15, 1, 19, 31, 12357 }, // ӟ
    { 11, 23, 15, 2, 23, 32, 12388 }, // Ӥ
    { 11, 19, 15, 2, 19, 27, 12420 }, // ӥ
    { 11, 23, 15, 2, 23, 32, 12447 }, // Ӧ
    { 11, 19, 15, 2, 19, 27, 12479 }, // ӧ
    { 11, 18, 15, 2, 18, 25, 12506 }, // Ө
    { 11, 14, 15, 2, 14, 20, 12531 }, // ө
    { 12, 23, 15, 1, 23, 35, 12551 }, // Ӵ
    { 12, 19, 15, 1, 19, 29, 12586 }, // ӵ
    { 0, 0, 15, 0, 0, 0, 12615 }, //  
    { 0, 0, 15, 0, 0, 0, 12615 }, // ​
    { 9, 2, 15, 3, 9, 3, 12615 }, // ‐
    { 11, 2, 15, 2, 9, 3, 12618 }, // –
    { 15, 2, 15, 0, 9, 4, 12621 }, // —
    { 9, 24, 15, 3, 21, 27, 12625 }, // ‖
    { 5, 8, 15, 5, 18, 5, 12652 }, // ‘
    { 5, 8, 15, 5, 19, 5, 12657 }, // ’
    { 5, 8, 15, 5, 4, 5, 12662 }, // ‚
    { 5, 8, 15, 5, 18, 5, 12667 }, // ‛
    { 11, 8, 15, 2, 18, 11, 12672 }, // “
    { 11, 8, 15, 2, 19, 11, 12683 }, // ”
    { 11, 8, 15, 2, 4, 11, 12694 }, // „
    { 11, 8, 15, 2, 18, 11, 12705 }, // ‟
    { 11, 24, 15, 2, 21, 33, 12716 }, // †
    { 11, 24, 15, 2, 22, 33, 12749 }, // ‡
    { 7, 6, 15, 4, 12, 6, 12782 }, // •
    { 5, 4, 15, 5, 4, 3, 12788 }, // ․
    { 13, 4, 15, 1, 4, 7, 12791 }, // …
    { 17, 18, 15, -1, 18, 39, 12798 }, // ‰
    { 5, 8, 15, 5, 18, 5, 12837 }, // ′
    { 11, 8, 15, 2, 19, 11, 12842 }, // ″
    { 15, 8, 15, 0, 18, 15, 12853 }, // ‴
    { 9, 12, 15, 3, 13, 14, 12868 }, // ‹
    { 9, 12, 15, 3, 13, 14, 12882 }, // ›
    { 11, 18, 15, 2, 18, 25, 12896 }, // ‼
    { 10, 18, 15, 3, 18, 23, 12921 }, // ‽
    { 17, 2, 15, -1, 21, 5, 12944 }, // ‾
    { 15, 5, 15, 0, 1, 10, 12949 }, // ‿
    { 15, 18, 15, 0, 18, 34, 12959 }, // ⁄
    { 7, 23, 15, 5, 20, 21, 12993 }, // ⁅
    { 7, 23, 15, 3, 20, 21, 13014 }, // ⁆
    { 9, 11, 15, 3, 21, 13, 13035 }, // ⁰
    { 9, 11, 15, 3, 21, 13, 13048 }, // ⁴
    { 9, 11, 15, 3, 21, 13, 13061 }, // ⁵
    { 9, 11, 15, 3, 21, 13, 13074 }, // ⁶
    { 9, 11, 15, 3, 21, 13, 13087 }, // ⁷
    { 9, 11, 15, 3, 21, 13, 13100 }, // ⁸
    { 9, 11, 15, 3, 21, 13, 13113 }, // ⁹
    { 7, 7, 15, 4, 15, 7, 13126 }, // ⁺
    { 9, 6, 15, 3, 18, 7, 13133 }, // ⁼
    { 9, 11, 15, 3, 8, 13, 13140 }, // ₀
    { 9, 11, 15, 3, 8, 13, 13153 }, // ₁
    { 9, 11, 15, 3, 8, 13, 13166 }, // ₂
    { 9, 11, 15, 3, 8, 13, 13179 }, // ₃
    { 9, 11, 15, 3, 8, 13, 13192 }, // ₄
    { 9, 11, 15, 3, 8, 13, 13205 }, // ₅
    { 9, 11, 15, 3, 8, 13, 13218 }, // ₆
    { 9, 11, 15, 3, 8, 13, 13231 }, // ₇
    { 9, 11, 15, 3, 8, 13, 13244 }, // ₈
    { 9, 11, 15, 3, 8, 13, 13257 }, // ₉
    { 13, 20, 15, 2, 18, 33, 13270 }, // ₫
    { 14, 18, 15, 0, 18, 32, 13303 }, // €
    { 13, 18, 15, 1, 18, 30, 13335 }, // ₮
    { 13, 18, 15, 1, 18, 30, 13365 }, // ₴
    { 14, 18, 15, 0, 18, 32, 13395 }, // ₽
    { 12, 26, 15, 2, 22, 39, 13427 }, // ₿
    { 15, 14, 15, 0, 15, 27, 13466 }, // ←
    { 13, 19, 15, 1, 19, 31, 13493 }, // ↑
    { 15, 14, 15, 0, 15, 27, 13524 }, // →
    { 13, 19, 15, 1, 18, 31, 13551 }, // ↓
    { 19, 14, 15, -2, 15, 34, 13582 }, // ↔
    { 13, 28, 15, 1, 23, 46, 13616 }, // ↕
    { 13, 13, 15, 1, 18, 22, 13662 }, // ↖
    { 13, 13, 15, 1, 18, 22, 13684 }, // ↗
    { 13, 13, 15, 1, 13, 22, 13706 }, // ↘
    { 13, 13, 15, 1, 13, 22, 13728 }, // ↙
    { 15, 7, 15, 0, 11, 14, 13750 }, // ↝
    { 15, 10, 15, 0, 12, 19, 13764 }, // ↞
    { 15, 10, 15, 0, 12, 19, 13783 }, // ↠
    { 15, 10, 15, 0, 12, 19, 13802 }, // ↢
    { 15, 10, 15, 0, 12, 19, 13821 }, // ↣
    { 11, 14, 15, 2, 14, 20, 13840 }, // ↥
    { 15, 10, 15, 0, 12, 19, 13860 }, // ↦
    { 11, 14, 15, 2, 14, 20, 13879 }, // ↧
    { 15, 16, 15, 0, 19, 30, 13899 }, // ↩
    { 15, 16, 15, 0, 19, 30, 13929 }, // ↪
    { 15, 9, 15, 0, 11, 17, 13959 }, // ↭
    { 7, 26, 15, 6, 22, 23, 13976 }, // ↾
    { 15, 16, 15, 0, 15, 30, 13999 }, // ⇉
    { 15, 16, 15, 0, 16, 30, 14029 }, // ⇐
    { 17, 26, 15, -1, 22, 56, 14059 }, // ⇑
    { 15, 16, 15, 0, 16, 30, 14115 }, // ⇒
    { 17, 26, 15, -1, 21, 56, 14145 }, // ⇓
    { 19, 16, 15, -2, 16, 38, 14201 }, // ⇔
    { 15, 15, 15, 0, 16, 29, 14239 }, // ⇛
    { 11, 20, 15, 2, 20, 28, 14268 }, // ⇞
    { 11, 19, 15, 2, 18, 27, 14296 }, // ⇟
    { 15, 10, 15, 0, 13, 19, 14323 }, // ⇥
    { 15, 21, 15, 0, 20, 40, 14342 }, // ⇧
    { 15, 16, 15, 0, 16, 30, 14382 }, // ⇨
    { 15, 20, 15, 0, 20, 38, 14412 }, // ⇪
    { 13, 19, 15, 1, 18, 31, 14450 }, // ∀
    { 9, 14, 15, 3, 14, 16, 14481 }, // ∁
    { 11, 19, 15, 2, 19, 27, 14497 }, // ∂
    { 11, 19, 15, 2, 19, 27, 14524 }, // ∃
    { 12, 24, 15, 1, 21, 36, 14551 }, // ∄
    { 17, 18, 15, -1, 18, 39, 14587 }, // ∅
    { 13, 18, 15, 1, 18, 30, 14626 }, // ∆
    { 13, 18, 15, 1, 18, 30, 14656 }, // ∇
    { 15, 15, 15, 0, 17, 29, 14686 }, // ∈
    { 15, 21, 15, 0, 20, 40, 14715 }, // ∉
    { 8, 8, 15, 4, 12, 8, 14755 }, // ∊
    { 15, 15, 15, 0, 17, 29, 14763 }, // ∋
    { 15, 21, 15, 0, 20, 40, 14792 }, // ∌
    { 9, 13, 15, 3, 13, 15, 14832 }, // ∎
    { 13, 24, 15, 1, 19, 39, 14847 }, // ∏
    { 13, 23, 15, 1, 19, 38, 14886 }, // ∐
    { 13, 23, 15, 1, 19, 38, 14924 }, // ∑
    { 9, 2, 15, 3, 9, 3, 14962 }, // −
    { 13, 14, 15, 1, 13, 23, 14965 }, // ∓
    { 15, 18, 15, 0, 18, 34, 14988 }, // ∕
    { 7, 6, 15, 4, 11, 6, 15022 }, // ∘
    { 5, 4, 15, 5, 10, 3, 15028 }, // ∙
    { 15, 19, 15, 0, 19, 36, 15031 }, // √
    { 15, 9, 15, 0, 13, 17, 15067 }, // ∞
    { 3, 19, 15, 6, 19, 8, 15084 }, // ∣
    { 9, 19, 15, 3, 19, 22, 15092 }, // ∤
    { 9, 19, 15, 3, 19, 22, 15114 }, // ∥
    { 13, 13, 15, 1, 14, 22, 15136 }, // ∧
    { 13, 13, 15, 1, 14, 22, 15158 }, // ∨
    { 13, 18, 15, 1, 18, 30, 15180 }, // ∩
    { 13, 19, 15, 1, 19, 31, 15210 }, // ∪
    { 14, 23, 15, 0, 19, 41, 15241 }, // ∫
    { 15, 15, 15, 0, 15, 29, 15282 }, // ∴
    { 15, 15, 15, 0, 15, 29, 15311 }, // ∵
    { 5, 14, 15, 5, 14, 9, 15340 }, // ∶
    { 13, 13, 15, 1, 13, 22, 15349 }, // ∷
    { 9, 9, 15, 3, 13, 11, 15371 }, // ∸
    { 15, 11, 15, 0, 14, 21, 15382 }, // ∹
    { 13, 5, 15, 1, 11, 9, 15403 }, // ∼
    { 15, 8, 15, 0, 13, 15, 15412 }, // ∾
    { 13, 10, 15, 1, 14, 17, 15427 }, // ≃
    { 13, 15, 15, 1, 17, 25, 15444 }, // ≅
    { 13, 23, 15, 1, 20, 38, 15469 }, // ≇
    { 13, 12, 15, 1, 14, 20, 15507 }, // ≈
    { 13, 21, 15, 1, 20, 35, 15527 }, // ≉
    { 13, 15, 15, 1, 16, 25, 15562 }, // ≋
    { 13, 11, 15, 1, 14, 18, 15587 }, // ≍
    { 15, 12, 15, 0, 15, 23, 15605 }, // ≔
    { 11, 16, 15, 2, 18, 22, 15628 }, // ≗
    { 11, 18, 15, 2, 20, 25, 15650 }, // ≟
    { 11, 22, 15, 2, 20, 31, 15675 }, // ≠
    { 11, 13, 15, 2, 15, 18, 15706 }, // ≡
    { 11, 21, 15, 2, 19, 29, 15724 }, // ≢
    { 11, 14, 15, 2, 16, 20, 15753 }, // ≣
    { 11, 18, 15, 2, 18, 25, 15773 }, // ≤
    { 11, 18, 15, 2, 18, 25, 15798 }, // ≥
    { 15, 14, 15, 0, 15, 27, 15823 }, // ≪
    { 15, 14, 15, 0, 15, 27, 15850 }, // ≫
    { 9, 18, 15, 3, 16, 21, 15877 }, // ≬
    { 13, 17, 15, 1, 17, 28, 15898 }, // ≭
    { 11, 20, 15, 2, 18, 28, 15926 }, // ≮
    { 11, 20, 15, 2, 18, 28, 15954 }, // ≯
    { 11, 23, 15, 2, 20, 32, 15982 }, // ≰
    { 11, 23, 15, 2, 20, 32, 16014 }, // ≱
    { 13, 19, 15, 1, 19, 31, 16046 }, // ≲
    { 11, 19, 15, 2, 19, 27, 16077 }, // ≳
    { 12, 14, 15, 1, 15, 21, 16104 }, // ≺
    { 12, 14, 15, 2, 15, 21, 16125 }, // ≻
    { 12, 18, 15, 1, 18, 27, 16146 }, // ≼
    { 15, 12, 15, 0, 15, 23, 16173 }, // ⊂
    { 15, 12, 15, 0, 15, 23, 16196 }, // ⊃
    { 15, 22, 15, 0, 20, 42, 16219 }, // ⊄
    { 15, 22, 15, 0, 20, 42, 16261 }, // ⊅
    { 15, 17, 15, 0, 17, 32, 16303 }, // ⊆
    { 15, 17, 15, 0, 17, 32, 16335 }, // ⊇
    { 15, 24, 15, 0, 21, 45, 16367 }, // ⊈
    { 15, 24, 15, 0, 21, 45, 16412 }, // ⊉
    { 13, 19, 15, 1, 19, 31, 16457 }, // ⊎
    { 15, 12, 15, 0, 14, 23, 16488 }, // ⊏
    { 15, 12, 15, 0, 14, 23, 16511 }, // ⊐
    { 15, 17, 15, 0, 17, 32, 16534 }, // ⊑
    { 15, 17, 15, 0, 17, 32, 16566 }, // ⊒
    { 13, 15, 15, 1, 14, 25, 16598 }, // ⊓
    { 13, 14, 15, 1, 14, 23, 16623 }, // ⊔
    { 17, 16, 15, -1, 16, 34, 16646 }, // ⊕
    { 17, 16, 15, -1, 16, 34, 16680 }, // ⊖
    { 17, 16, 15, -1, 17, 34, 16714 }, // ⊗
    { 17, 16, 15, -1, 17, 34, 16748 }, // ⊘
    { 17, 16, 15, -1, 15, 34, 16782 }, // ⊙
    { 17, 16, 15, -1, 17, 34, 16816 }, // ⊛
    { 17, 16, 15, -1, 17, 34, 16850 }, // ⊜
    { 17, 16, 15, -1, 17, 34, 16884 }, // ⊝
    { 15, 15, 15, 0, 16, 29, 16918 }, // ⊞
    { 15, 16, 15, 0, 16, 30, 16947 }, // ⊟
    { 15, 16, 15, 0, 16, 30, 16977 }, // ⊠
    { 15, 16, 15, 0, 16, 30, 17007 }, // ⊡
    { 15, 16, 15, 0, 16, 30, 17037 }, // ⊢
    { 15, 16, 15, 0, 16, 30, 17067 }, // ⊣
    { 15, 15, 15, 0, 15, 29, 17097 }, // ⊤
    { 15, 15, 15, 0, 15, 29, 17126 }, // ⊥
    { 11, 18, 15, 2, 18, 25, 17155 }, // ⊴
    { 15, 5, 15, 0, 11, 10, 17180 }, // ⊸
    { 13, 18, 15, 1, 18, 30, 17190 }, // ⊻
    { 13, 17, 15, 1, 19, 28, 17220 }, // ⊼
    { 13, 17, 15, 1, 19, 28, 17248 }, // ⊽
    { 13, 18, 15, 1, 18, 30, 17276 }, // ⋂
    { 13, 19, 15, 1, 19, 31, 17306 }, // ⋃
    { 9, 8, 15, 3, 12, 9, 17337 }, // ⋄
    { 7, 7, 15, 4, 12, 7, 17346 }, // ⋆
    { 15, 16, 15, 0, 17, 30, 17353 }, // ⋈
    { 15, 16, 15, 0, 17, 30, 17383 }, // ⋉
    { 15, 16, 15, 0, 17, 30, 17413 }, // ⋊
    { 15, 14, 15, 0, 14, 27, 17443 }, // ⋎
    { 15, 15, 15, 0, 17, 29, 17470 }, // ⋐
    { 15, 24, 15, 0, 21, 45, 17499 }, // ⋢
    { 5, 16, 15, 5, 17, 10, 17544 }, // ⋮
    { 17, 4, 15, -1, 11, 9, 17554 }, // ⋯
    { 17, 16, 15, -1, 17, 34, 17563 }, // ⋰
    { 17, 16, 15, -1, 17, 34, 17597 }, // ⋱
    { 17, 19, 15, -1, 19, 41, 17631 }, // �
};

static const EpdUnicodeInterval jetbrainsmono_12_regularIntervals[] = {
    { 0xD, 0xD, 0x0 },
    { 0x20, 0x7E, 0x1 },
    { 0xA0, 0xAC, 0x60 },
    { 0xAE, 0xFF, 0x6D },
    { 0x100, 0x17F, 0xBF },
    { 0x300, 0x304, 0x13F },
    { 0x306, 0x30C, 0x144 },
    { 0x30F, 0x30F, 0x14B },
    { 0x312, 0x312, 0x14C },
    { 0x31B, 0x31B, 0x14D },
    { 0x323, 0x323, 0x14E },
    { 0x325, 0x328, 0x14F },
    { 0x336, 0x338, 0x153 },
    { 0x401, 0x40C, 0x156 },
    { 0x40E, 0x44F, 0x162 },
    { 0x451, 0x45C, 0x1A4 },
    { 0x45E, 0x45F, 0x1B0 },
    { 0x490, 0x493, 0x1B2 },
    { 0x49A, 0x49B, 0x1B6 },
    { 0x4A2, 0x4A3, 0x1B8 },
    { 0x4AE, 0x4B1, 0x1BA },
    { 0x4B6, 0x4B7, 0x1BE },
    { 0x4BA, 0x4BB, 0x1C0 },
    { 0x4D8, 0x4D9, 0x1C2 },
    { 0x4DC, 0x4DF, 0x1C4 },
    { 0x4E4, 0x4E9, 0x1C8 },
    { 0x4F4, 0x4F5, 0x1CE },
    { 0x2001, 0x2001, 0x1D0 },
    { 0x200B, 0x200B, 0x1D1 },
    { 0x2010, 0x2010, 0x1D2 },
    { 0x2013, 0x2014, 0x1D3 },
    { 0x2016, 0x2016, 0x1D5 },
    { 0x2018, 0x2022, 0x1D6 },
    { 0x2024, 0x2024, 0x1E1 },
    { 0x2026, 0x2026, 0x1E2 },
    { 0x2030, 0x2030, 0x1E3 },
    { 0x2032, 0x2034, 0x1E4 },
    { 0x2039, 0x203A, 0x1E7 },
    { 0x203C, 0x203F, 0x1E9 },
    { 0x2044, 0x2046, 0x1ED },
    { 0x2070, 0x2070, 0x1F0 },
    { 0x2074, 0x207A, 0x1F1 },
    { 0x207C, 0x207C, 0x1F8 },
    { 0x2080, 0x2089, 0x1F9 },
    { 0x20AB, 0x20AC, 0x203 },
    { 0x20AE, 0x20AE, 0x205 },
    { 0x20B4, 0x20B4, 0x206 },
    { 0x20BD, 0x20BD, 0x207 },
    { 0x20BF, 0x20BF, 0x208 },
    { 0x2190, 0x2199, 0x209 },
    { 0x219D, 0x219E, 0x213 },
    { 0x21A0, 0x21A0, 0x215 },
    { 0x21A2, 0x21A3, 0x216 },
    { 0x21A5, 0x21A7, 0x218 },
    { 0x21A9, 0x21AA, 0x21B },
    { 0x21AD, 0x21AD, 0x21D },
    { 0x21BE, 0x21BE, 0x21E },
    { 0x21C9, 0x21C9, 0x21F },
    { 0x21D0, 0x21D4, 0x220 },
    { 0x21DB, 0x21DB, 0x225 },
    { 0x21DE, 0x21DF, 0x226 },
    { 0x21E5, 0x21E5, 0x228 },
    { 0x21E7, 0x21E8, 0x229 },
    { 0x21EA, 0x21EA, 0x22B },
    { 0x2200, 0x220C, 0x22C },
    { 0x220E, 0x2213, 0x239 },
    { 0x2215, 0x2215, 0x23F },
    { 0x2218, 0x221A, 0x240 },
    { 0x221E, 0x221E, 0x243 },
    { 0x2223, 0x2225, 0x244 },
    { 0x2227, 0x222B, 0x247 },
    { 0x2234, 0x2239, 0x24C },
    { 0x223C, 0x223C, 0x252 },
    { 0x223E, 0x223E, 0x253 },
    { 0x2243, 0x2243, 0x254 },
    { 0x2245, 0x2245, 0x255 },
    { 0x2247, 0x2249, 0x256 },
    { 0x224B, 0x224B, 0x259 },
    { 0x224D, 0x224D, 0x25A },
    { 0x2254, 0x2254, 0x25B },
    { 0x2257, 0x2257, 0x25C },
    { 0x225F, 0x2265, 0x25D },
    { 0x226A, 0x2273, 0x264 },
    { 0x227A, 0x227C, 0x26E },
    { 0x2282, 0x2289, 0x271 },
    { 0x228E, 0x2299, 0x279 },
    { 0x229B, 0x22A5, 0x285 },
    { 0x22B4, 0x22B4, 0x290 },
    { 0x22B8, 0x22B8, 0x291 },
    { 0x22BB, 0x22BD, 0x292 },
    { 0x22C2, 0x22C4, 0x295 },
    { 0x22C6, 0x22C6, 0x298 },
    { 0x22C8, 0x22CA, 0x299 },
    { 0x22CE, 0x22CE, 0x29C },
    { 0x22D0, 0x22D0, 0x29D },
    { 0x22E2, 0x22E2, 0x29E },
    { 0x22EE, 0x22F1, 0x29F },
    { 0xFFFD, 0xFFFD, 0x2A3 },
};

static const EpdFontData jetbrainsmono_12_regular = {
    jetbrainsmono_12_regularBitmaps,
    jetbrainsmono_12_regularGlyphs,
    jetbrainsmono_12_regularIntervals,
    98,
    33,
    26,
    -8,
    false,
};
