/**
 * generated by fontconvert.py
 * name: jetbrainsmono_9_bold
 * size: 9
 * mode: 1-bit
 * Command used: fontconvert.py jetbrainsmono_9_bold 9 ../builtinFonts/source/JetBrainsMono/JetBrainsMono-Bold.ttf
 */
#pragma once
#include "EpdFontData.h"

static const uint8_t jetbrainsmono_9_boldBitmaps[11634] = {
    0xEE, 0xEE, 0xEE, 0xEE, 0xEE, 0x04, 0xFE, 0xEF, 0xEF, 0xEF, 0xEE, 0xEE, 0xEE, 0x1C, 0xC3, 0x98,
    0x67, 0x3F, 0xF7, 0xFE, 0x7F, 0x8E, 0x63, 0xFE, 0xFF, 0xDF, 0xF8, 0xCC, 0x39, 0x87, 0x30, 0xE6,
    0x00, 0x0C, 0x03, 0x01, 0xC1, 0xFC, 0x7F, 0xBF, 0xEE, 0xFB, 0xB0, 0xFC, 0x1F, 0xC3, 0xF8, 0x3E,
    0x0F, 0xFB, 0x7E, 0xFF, 0xFE, 0x7F, 0x07, 0x80, 0xC0, 0x30, 0x78, 0x6F, 0xCE, 0xCC, 0xCC, 0xD8,
    0xFF, 0x87, 0xF0, 0x06, 0x00, 0xFE, 0x1F, 0xE1, 0xF7, 0x3F, 0x77, 0x77, 0x63, 0xEC, 0x3E, 0x1F,
    0x03, 0xF8, 0x3F, 0x83, 0x38, 0x38, 0x03, 0xC0, 0x7E, 0x0F, 0xE7, 0xE7, 0xEE, 0x3C, 0xE3, 0xCF,
    0xFC, 0x7F, 0xE7, 0xE7, 0xFF, 0xFF, 0xC0, 0x0E, 0x7D, 0xF3, 0xCF, 0x1C, 0x38, 0x70, 0xE1, 0xC3,
    0x87, 0x0E, 0x1E, 0x1C, 0x3E, 0x3E, 0x3C, 0x00, 0xC1, 0xE3, 0xE1, 0xE1, 0xC3, 0x87, 0x8F, 0x1E,
    0x3C, 0x78, 0xF1, 0xC3, 0x8F, 0x7C, 0xF1, 0xC2, 0x00, 0x0E, 0x01, 0xC1, 0x39, 0x3F, 0xFF, 0xFE,
    0x7F, 0x07, 0xC0, 0xFC, 0x3B, 0xC6, 0x38, 0x00, 0x00, 0x1C, 0x07, 0x01, 0xC3, 0xFF, 0xFF, 0xDF,
    0xE1, 0xC0, 0x70, 0x1C, 0x00, 0x7B, 0x9C, 0xEF, 0x70, 0x7D, 0xFF, 0xF8, 0x73, 0xDE, 0xE0, 0x03,
    0x80, 0xE0, 0x38, 0x1E, 0x07, 0x01, 0xC0, 0xE0, 0x38, 0x0E, 0x07, 0x01, 0xC0, 0xF0, 0x38, 0x0E,
    0x07, 0x81, 0xC0, 0x70, 0x3C, 0x0E, 0x00, 0x3F, 0x1F, 0xEF, 0xFB, 0x8E, 0xE3, 0xB8, 0xEF, 0xFB,
    0xFE, 0xE3, 0xB8, 0xEE, 0x3B, 0xFE, 0x7F, 0x8F, 0xC0, 0x3E, 0x1F, 0x8F, 0xE3, 0xB8, 0xCE, 0x03,
    0x80, 0xE0, 0x38, 0x0E, 0x03, 0x80, 0xE1, 0xFE, 0xFF, 0xFF, 0xF0, 0x3F, 0x1F, 0xEF, 0xFB, 0x8E,
    0xE3, 0x80, 0xE0, 0x78, 0x3C, 0x1E, 0x0F, 0x07, 0x83, 0xFE, 0xFF, 0xFF, 0xF0, 0xFF, 0xBF, 0xE7,
    0xF8, 0x3C, 0x1E, 0x0F, 0xC3, 0xF8, 0x1E, 0x03, 0x80, 0xEE, 0x3B, 0xFE, 0x7F, 0x8F, 0xC0, 0x0F,
    0x07, 0x07, 0x83, 0x83, 0x83, 0xC1, 0xCF, 0xC7, 0xE3, 0xFF, 0xFF, 0xFF, 0xF0, 0x38, 0x1C, 0xFF,
    0xBF, 0xEF, 0xF3, 0x80, 0xF8, 0x3F, 0xCF, 0xF8, 0x1E, 0x03, 0x80, 0xEE, 0x3B, 0xFE, 0x7F, 0x8F,
    0xC0, 0x0E, 0x07, 0x81, 0xC0, 0xE0, 0x78, 0x1F, 0xCF, 0xFB, 0xCE, 0xE1, 0xF8, 0x7E, 0x3F, 0xFE,
    0x7F, 0x8F, 0xC0, 0xFF, 0xFF, 0xFF, 0xFF, 0x8E, 0xE3, 0x81, 0xE0, 0x70, 0x3C, 0x0E, 0x03, 0x81,
    0xC0, 0x70, 0x3C, 0x0E, 0x00, 0x3F, 0x1F, 0xEF, 0xFB, 0x8E, 0xF7, 0x9F, 0xC7, 0xF3, 0xFE, 0xE3,
    0xF8, 0x7E, 0x3F, 0xFE, 0x7F, 0x8F, 0xC0, 0x3F, 0x1F, 0xEF, 0xFB, 0x8F, 0xE1, 0xF8, 0xFF, 0xF9,
    0xFE, 0x3F, 0x81, 0xC0, 0xE0, 0x78, 0x1C, 0x0F, 0x00, 0x73, 0xDC, 0x00, 0x00, 0x00, 0x73, 0xDC,
    0x7B, 0xDE, 0x00, 0x00, 0x00, 0x03, 0x9C, 0xE7, 0x7B, 0x80, 0x00, 0x81, 0xC3, 0xE7, 0xEF, 0xC7,
    0x83, 0xE0, 0xFC, 0x1F, 0x83, 0xC0, 0x60, 0xFF, 0xFF, 0xDF, 0xC0, 0x07, 0xF7, 0xFF, 0xFE, 0x80,
    0x70, 0x3E, 0x0F, 0xE1, 0xF8, 0x3C, 0x3E, 0x7F, 0xFC, 0x78, 0x30, 0x00, 0xFC, 0xFE, 0x7F, 0x07,
    0x07, 0x3F, 0x7E, 0x7C, 0x70, 0x70, 0x00, 0x20, 0x70, 0x70, 0x1F, 0x87, 0xF9, 0xFF, 0xB8, 0x7E,
    0x0F, 0xCF, 0xFB, 0xFF, 0x77, 0xEE, 0x7D, 0xCF, 0xBB, 0xF7, 0x7E, 0xFF, 0xCF, 0x9C, 0x03, 0xF8,
    0x3F, 0x83, 0xF0, 0x0F, 0x03, 0xE0, 0x7C, 0x0F, 0x81, 0xF8, 0x77, 0x0E, 0xE1, 0xDC, 0x39, 0xCF,
    0xF9, 0xFF, 0x38, 0xE7, 0x0F, 0xE1, 0xC0, 0xFF, 0x3F, 0xEF, 0xFB, 0x8E, 0xE3, 0xBF, 0xEF, 0xF3,
    0xFE, 0xE3, 0xB8, 0x7E, 0x1F, 0xFF, 0xFF, 0xBF, 0xC0, 0x3F, 0x1F, 0xEF, 0xFB, 0x8F, 0xE0, 0x38,
    0x0E, 0x03, 0x80, 0xE0, 0x38, 0x0E, 0x3F, 0xFE, 0x7F, 0x8F, 0xC0, 0xFF, 0x3F, 0xEF, 0xFB, 0x8E,
    0xE3, 0xF8, 0xFE, 0x3F, 0x8F, 0xE3, 0xF8, 0xFE, 0x3B, 0xFE, 0xFF, 0xBF, 0xC0, 0xFF, 0xFF, 0xFF,
    0xFC, 0x0E, 0x07, 0xFB, 0xFF, 0xFF, 0xE0, 0x70, 0x38, 0x1F, 0xFF, 0xFF, 0xFC, 0xFF, 0xFF, 0xFF,
    0xFB, 0x80, 0xE0, 0x3F, 0xCF, 0xFB, 0xFE, 0xE0, 0x38, 0x0E, 0x03, 0x80, 0xE0, 0x38, 0x00, 0x3F,
    0x1F, 0xEF, 0xFB, 0x8E, 0xE0, 0x38, 0x0E, 0xFF, 0xBF, 0xE7, 0xF8, 0xFE, 0x3B, 0xFE, 0x7F, 0x8F,
    0xC0, 0xE3, 0xF1, 0xF8, 0xFC, 0x7E, 0x3F, 0xFF, 0xFF, 0xFF, 0xE3, 0xF1, 0xF8, 0xFC, 0x7E, 0x3F,
    0x1C, 0xFF, 0xFF, 0xDF, 0xC3, 0x81, 0xC0, 0xE0, 0x70, 0x38, 0x1C, 0x0E, 0x07, 0x0F, 0xEF, 0xFF,
    0xFC, 0x01, 0xC0, 0x70, 0x1C, 0x07, 0x01, 0xC0, 0x70, 0x1C, 0x07, 0x01, 0xF8, 0x7E, 0x1D, 0xFF,
    0x7F, 0x8F, 0xC0, 0xE3, 0xF8, 0xEE, 0x3B, 0x9C, 0xE7, 0x3F, 0xCF, 0xE3, 0xF8, 0xEF, 0x39, 0xCE,
    0x7B, 0x8E, 0xE3, 0xF8, 0x70, 0xE0, 0x70, 0x38, 0x1C, 0x0E, 0x07, 0x03, 0x81, 0xC0, 0xE0, 0x70,
    0x38, 0x1F, 0xEF, 0xFF, 0xFC, 0xF3, 0xFD, 0xFF, 0x7F, 0xDF, 0xFF, 0xFF, 0xFF, 0xDF, 0xF7, 0xE1,
    0xF8, 0x7E, 0x1F, 0x87, 0xE1, 0xF8, 0x70, 0xF3, 0xBC, 0xEF, 0xBB, 0xEE, 0xFB, 0xBF, 0xEF, 0xFB,
    0xB6, 0xEF, 0xBB, 0xEE, 0x7B, 0x9E, 0xE7, 0xB8, 0xE0, 0x3F, 0x1F, 0xEF, 0xFB, 0x8E, 0xE3, 0xB8,
    0xEE, 0x3B, 0x8E, 0xE3, 0xB8, 0xEE, 0x3B, 0xFE, 0x7F, 0x8F, 0xC0, 0xFF, 0x3F, 0xEF, 0xFF, 0x87,
    0xE1, 0xF8, 0xFF, 0xFB, 0xFC, 0xF8, 0x38, 0x0E, 0x03, 0x80, 0xE0, 0x38, 0x00, 0x3F, 0x1F, 0xEF,
    0xFB, 0x8E, 0xE3, 0xB8, 0xEE, 0x3B, 0x8E, 0xE3, 0xB8, 0xEE, 0x3B, 0xFE, 0x7F, 0x8F, 0xC0, 0x70,
    0x1C, 0x03, 0x80, 0xE0, 0xFF, 0x3F, 0xEF, 0xFB, 0x8F, 0xE1, 0xF8, 0xEF, 0xFB, 0xFC, 0xFF, 0x39,
    0xCE, 0x73, 0x8E, 0xE3, 0xB8, 0xF0, 0x3F, 0x1F, 0xEF, 0xFB, 0x8E, 0xE0, 0x3F, 0x07, 0xF0, 0xFE,
    0x03, 0x80, 0x7E, 0x3F, 0xFE, 0x7F, 0x8F, 0xC0, 0xFF, 0xFF, 0xFD, 0xFF, 0x07, 0x00, 0xE0, 0x1C,
    0x03, 0x80, 0x70, 0x0E, 0x01, 0xC0, 0x38, 0x07, 0x00, 0xE0, 0x1C, 0x00, 0xE3, 0xB8, 0xEE, 0x3B,
    0x8E, 0xE3, 0xB8, 0xEE, 0x3B, 0x8E, 0xE3, 0xB8, 0xEE, 0x3B, 0xFE, 0x7F, 0x8F, 0xC0, 0xF0, 0xEE,
    0x1D, 0xC7, 0x38, 0xE7, 0x9C, 0x73, 0x8E, 0xE1, 0xDC, 0x3B, 0x83, 0xF0, 0x7C, 0x0F, 0x81, 0xF0,
    0x1E, 0x00, 0xEE, 0x6E, 0xE6, 0xEE, 0x6E, 0xFE, 0xEF, 0xEE, 0xFE, 0x6F, 0xE7, 0xBE, 0x7B, 0xE7,
    0xBC, 0x7B, 0xC7, 0xBC, 0x7B, 0xC7, 0x9C, 0x71, 0xEF, 0x38, 0xEF, 0x1F, 0xC1, 0xF8, 0x3E, 0x03,
    0xC0, 0x78, 0x1F, 0x03, 0xF0, 0xEE, 0x3C, 0xE7, 0x1D, 0xE1, 0xC0, 0xF0, 0xEE, 0x3D, 0xC7, 0x1C,
    0xE3, 0xB8, 0x3F, 0x07, 0xC0, 0xF8, 0x0E, 0x01, 0xC0, 0x38, 0x07, 0x00, 0xE0, 0x1C, 0x00, 0xFF,
    0xFF, 0xDF, 0xE0, 0xE0, 0xF0, 0x70, 0x78, 0x38, 0x38, 0x3C, 0x1C, 0x1F, 0xFF, 0xFF, 0xFC, 0x7B,
    0xFF, 0xF8, 0xE3, 0x8E, 0x38, 0xE3, 0x8E, 0x38, 0xE3, 0x8E, 0x38, 0xFB, 0xFF, 0xC0, 0xE0, 0x38,
    0x0F, 0x01, 0xC0, 0x70, 0x0E, 0x03, 0x80, 0xE0, 0x1C, 0x07, 0x01, 0xE0, 0x38, 0x0E, 0x03, 0xC0,
    0x70, 0x1C, 0x07, 0x80, 0xE0, 0x38, 0x7F, 0xFF, 0xC7, 0x1C, 0x71, 0xC7, 0x1C, 0x71, 0xC7, 0x1C,
    0x71, 0xC7, 0x7F, 0xFF, 0xC0, 0x1C, 0x07, 0x83, 0xE0, 0xFC, 0x77, 0x1C, 0xC6, 0x3B, 0x8E, 0x7F,
    0xBF, 0xFF, 0xFC, 0x71, 0xE3, 0x80, 0x3F, 0x3F, 0xFF, 0xE0, 0x77, 0xFF, 0xFF, 0xFF, 0xC7, 0xFF,
    0xFF, 0xDF, 0xE0, 0xE0, 0x38, 0x0E, 0x03, 0xFC, 0xFF, 0xBF, 0xEE, 0x3B, 0x8E, 0xE3, 0xB8, 0xEE,
    0x3B, 0xFE, 0xFF, 0xBF, 0xC0, 0x3F, 0x1F, 0xEF, 0xFB, 0x8F, 0xE0, 0x38, 0x0E, 0x03, 0x8F, 0xFF,
    0x9F, 0xE3, 0xF0, 0x03, 0x81, 0xC0, 0xEF, 0xF7, 0xFF, 0xFF, 0x8F, 0xC7, 0xE3, 0xF1, 0xF8, 0xFF,
    0xF7, 0xFB, 0xFC, 0x3F, 0x1F, 0xEF, 0xFB, 0x8E, 0xFF, 0xBF, 0xEF, 0xFB, 0x80, 0xFF, 0x9F, 0xE3,
    0xF0, 0x07, 0xE1, 0xFC, 0x3F, 0x0F, 0x07, 0xFC, 0xFF, 0xDF, 0xF8, 0xF0, 0x1E, 0x03, 0xC0, 0x78,
    0x0F, 0x01, 0xE0, 0x3C, 0x00, 0x3F, 0xBF, 0xFF, 0xFC, 0x7E, 0x3F, 0x1F, 0x8F, 0xC7, 0xF7, 0xBF,
    0xDF, 0xE0, 0x70, 0x79, 0xFC, 0xFC, 0xE0, 0x70, 0x38, 0x1F, 0xEF, 0xFF, 0xFF, 0x8F, 0xC7, 0xE3,
    0xF1, 0xF8, 0xFC, 0x7E, 0x3F, 0x1C, 0x1E, 0x07, 0x81, 0xE0, 0x00, 0x00, 0x3F, 0x8F, 0xE1, 0xF8,
    0x0E, 0x03, 0x80, 0xE0, 0x38, 0x0E, 0x1F, 0xEF, 0xFF, 0xFF, 0x07, 0x0F, 0x07, 0x00, 0x00, 0xFF,
    0xFF, 0x7F, 0x07, 0x07, 0x07, 0x07, 0x07, 0x07, 0x07, 0x07, 0x07, 0x7F, 0xFE, 0xFC, 0xE0, 0x38,
    0x0E, 0x03, 0x8F, 0xE3, 0xB9, 0xEE, 0x73, 0xF8, 0xFE, 0x3F, 0xCE, 0x73, 0x9E, 0xE3, 0xB8, 0xF0,
    0xFE, 0x1F, 0xC1, 0xF8, 0x07, 0x00, 0xE0, 0x1C, 0x03, 0x80, 0x70, 0x0E, 0x01, 0xC0, 0x38, 0x07,
    0xE0, 0xFE, 0x0F, 0xC0, 0x7D, 0xCF, 0xFD, 0xFF, 0xB7, 0x76, 0xEE, 0xDD, 0xDB, 0xBB, 0x77, 0x6E,
    0xED, 0xDD, 0xBB, 0x80, 0xFF, 0x7F, 0xFF, 0xFC, 0x7E, 0x3F, 0x1F, 0x8F, 0xC7, 0xE3, 0xF1, 0xF8,
    0xE0, 0x3F, 0x1F, 0xEF, 0xFB, 0x8E, 0xE3, 0xB8, 0xEE, 0x3B, 0x8E, 0xFF, 0x9F, 0xE3, 0xF0, 0xFF,
    0x3F, 0xEF, 0xFB, 0x8E, 0xE3, 0xB8, 0xEE, 0x3B, 0x8E, 0xFF, 0xBF, 0xEF, 0xF3, 0x80, 0xE0, 0x38,
    0x0E, 0x00, 0x7F, 0xBF, 0xFF, 0xFC, 0x7E, 0x3F, 0x1F, 0x8F, 0xC7, 0xFF, 0xBF, 0xDF, 0xE0, 0x70,
    0x38, 0x1C, 0x0E, 0xFF, 0x3F, 0xEF, 0xFF, 0xC7, 0xF1, 0xFC, 0x0F, 0x03, 0xC0, 0xF0, 0x3C, 0x0F,
    0x00, 0x7F, 0x3F, 0xEE, 0x3B, 0x80, 0xFF, 0x1F, 0xE1, 0xFB, 0x0F, 0xE3, 0xBF, 0xE7, 0xF0, 0x1C,
    0x03, 0x80, 0x70, 0x7F, 0xEF, 0xFC, 0xFF, 0x87, 0x00, 0xE0, 0x1C, 0x03, 0x80, 0x70, 0x0F, 0xE0,
    0xFC, 0x1F, 0x80, 0xE3, 0xF1, 0xF8, 0xFC, 0x7E, 0x3F, 0x1F, 0x8F, 0xC7, 0xFF, 0xBF, 0xCF, 0xC0,
    0xF0, 0xEE, 0x3D, 0xC7, 0x3C, 0xE3, 0xBC, 0x77, 0x0F, 0xE0, 0xFC, 0x1F, 0x03, 0xE0, 0x3C, 0x00,
    0xEE, 0x6E, 0xE6, 0xEE, 0x6E, 0xFE, 0x6F, 0xE7, 0xFE, 0x7B, 0xC7, 0xBC, 0x7B, 0xC7, 0xBC, 0x79,
    0xC0, 0x71, 0xEF, 0x78, 0xEE, 0x0F, 0xC1, 0xF0, 0x1E, 0x07, 0xC0, 0xFC, 0x3B, 0xCF, 0x39, 0xC7,
    0x80, 0xF0, 0xEE, 0x3D, 0xC7, 0x1C, 0xE3, 0xBC, 0x77, 0x07, 0xE0, 0xFC, 0x1F, 0x01, 0xE0, 0x3C,
    0x07, 0x00, 0xE0, 0x3C, 0x07, 0x00, 0xFF, 0xFF, 0xDF, 0xE1, 0xE0, 0xE0, 0xE0, 0xF0, 0xF0, 0xFF,
    0xFF, 0xFF, 0xE0, 0x01, 0x03, 0xC3, 0xE1, 0xC0, 0xE0, 0x70, 0x38, 0x1C, 0x7E, 0x7E, 0x3F, 0x03,
    0xC0, 0xE0, 0x70, 0x38, 0x1C, 0x0F, 0x07, 0xC1, 0xE0, 0xFF, 0xFF, 0xFF, 0xFF, 0xFF, 0xFF, 0xFC,
    0x40, 0x3E, 0x0F, 0xC0, 0xF0, 0x1C, 0x07, 0x03, 0xC0, 0xE0, 0x3F, 0x87, 0xE1, 0xF8, 0xF0, 0x38,
    0x0F, 0x01, 0xC0, 0x70, 0x7C, 0x3E, 0x0F, 0x80, 0x3C, 0xEF, 0xDD, 0xFB, 0xB3, 0xE6, 0x3C, 0xEF,
    0x40, 0x0E, 0xEE, 0xEE, 0xEE, 0xEE, 0xE0, 0x0C, 0x03, 0x01, 0xE1, 0xFC, 0x7F, 0xBF, 0xEE, 0xDB,
    0xB0, 0xEC, 0x3B, 0x6F, 0xF9, 0xFE, 0x7F, 0x07, 0x80, 0xC0, 0x30, 0x3F, 0x1F, 0xEF, 0xFB, 0x8E,
    0xE0, 0x1C, 0x0F, 0xF3, 0xFC, 0x7E, 0x0E, 0x07, 0x03, 0xFE, 0xFF, 0xFF, 0xF0, 0x00, 0x0C, 0x19,
    0xFF, 0xBF, 0xE3, 0xFC, 0x63, 0x9C, 0x71, 0x8E, 0x3B, 0xCF, 0xF9, 0xFF, 0xB0, 0x70, 0x00, 0xF0,
    0xEE, 0x3D, 0xC7, 0x1C, 0xE3, 0xB8, 0x3F, 0x0F, 0xF3, 0xFF, 0x7F, 0xE7, 0xF9, 0xFF, 0xBF, 0xF0,
    0xE0, 0x1C, 0x00, 0xFF, 0xFF, 0xF8, 0x00, 0x7F, 0xFF, 0xFC, 0x7F, 0x3F, 0xEF, 0xFB, 0x80, 0xF0,
    0x1F, 0x83, 0xFB, 0x8E, 0xE1, 0xFC, 0xEF, 0xF9, 0xFC, 0x3F, 0x80, 0xFE, 0x1F, 0xFF, 0xFF, 0x9F,
    0xC0, 0xE6, 0xEF, 0xEE, 0x1F, 0x87, 0x39, 0xBF, 0x2F, 0xB5, 0x97, 0xB0, 0xF6, 0x5A, 0xFF, 0x4F,
    0x6C, 0x98, 0xE7, 0x0F, 0xC0, 0x01, 0xEF, 0xBE, 0xFB, 0xE6, 0x80, 0x1C, 0xE7, 0xB9, 0xEE, 0x3B,
    0xCE, 0x70, 0xEF, 0x1E, 0xE1, 0xEE, 0x1C, 0xE0, 0x7F, 0x3F, 0xDF, 0xE0, 0x70, 0x38, 0x1C, 0x1F,
    0x87, 0x39, 0xFF, 0x2D, 0xB5, 0xB7, 0xBE, 0xF7, 0xDA, 0xDB, 0x5B, 0x6C, 0x18, 0xE7, 0x0F, 0xC0,
    0x7F, 0xFF, 0xF8, 0x7C, 0xFF, 0x9F, 0x36, 0xEF, 0x80, 0x00, 0x1C, 0x07, 0x01, 0xC3, 0xFF, 0xFF,
    0xDF, 0xE1, 0xC0, 0x70, 0x1C, 0x3F, 0xEF, 0xFC, 0x7C, 0xFF, 0x98, 0x30, 0xE7, 0x9E, 0x3F, 0xFE,
    0x7E, 0xFC, 0x70, 0xE1, 0xE0, 0xF9, 0xFF, 0x7C, 0x7B, 0xB8, 0xE3, 0xF1, 0xF8, 0xFC, 0x7E, 0x3F,
    0x1F, 0x8F, 0xC7, 0xFF, 0xFF, 0xFF, 0xFC, 0x0E, 0x07, 0x03, 0x80, 0x7D, 0xFE, 0xFF, 0x7F, 0xBF,
    0xDF, 0xEF, 0xF6, 0xFB, 0x1D, 0x8E, 0xC7, 0x63, 0xB1, 0xD8, 0xEC, 0x76, 0x3B, 0x1D, 0x8E, 0xC0,
    0x73, 0xDE, 0xE0, 0x21, 0x87, 0x0E, 0x1B, 0xE6, 0x00, 0x38, 0x78, 0xF8, 0x18, 0x18, 0x18, 0x18,
    0x7E, 0xFF, 0x03, 0xEF, 0xB6, 0xFB, 0xE3, 0x00, 0xF7, 0x0F, 0x70, 0xE7, 0x0E, 0xF1, 0xEE, 0x3B,
    0xCE, 0x73, 0xDC, 0xF7, 0x00, 0x1C, 0x39, 0xE3, 0x8F, 0x1C, 0x79, 0xC1, 0xCC, 0x0E, 0xE1, 0xFE,
    0x07, 0xE0, 0x07, 0x60, 0x77, 0x03, 0x70, 0x3B, 0xE3, 0xBB, 0x19, 0xF9, 0xC7, 0xC0, 0x18, 0x31,
    0xE1, 0x8F, 0x1C, 0x79, 0xC1, 0xCC, 0x0E, 0xE1, 0xFE, 0x07, 0xE0, 0x07, 0x00, 0x7F, 0x83, 0x6C,
    0x38, 0x63, 0x8F, 0x18, 0xE1, 0xC7, 0xCC, 0x3E, 0x7E, 0x39, 0xE3, 0x87, 0x38, 0x3D, 0xC7, 0xFC,
    0x1F, 0xC0, 0x6C, 0x00, 0xEC, 0x0E, 0xE0, 0x6E, 0x07, 0x7C, 0x77, 0x63, 0x3F, 0x38, 0xF8, 0x0F,
    0x07, 0x80, 0x00, 0x00, 0x60, 0x70, 0x38, 0x7C, 0x7E, 0x3C, 0x1C, 0x0E, 0x07, 0xF3, 0xFC, 0xFE,
    0x18, 0x03, 0x80, 0x38, 0x00, 0x00, 0x00, 0x1E, 0x07, 0xC0, 0xF8, 0x1F, 0x03, 0xF0, 0xEE, 0x1D,
    0xC3, 0xB8, 0x73, 0x9F, 0xF3, 0xFE, 0x71, 0xCE, 0x1F, 0xC3, 0x80, 0x01, 0x00, 0xF0, 0x3C, 0x00,
    0x00, 0x00, 0x1E, 0x07, 0xC0, 0xF8, 0x1F, 0x03, 0xF0, 0xEE, 0x1D, 0xC3, 0xB8, 0x73, 0x9F, 0xF3,
    0xFE, 0x71, 0xCE, 0x1F, 0xC3, 0x80, 0x0F, 0x03, 0xF0, 0xEE, 0x00, 0x00, 0x00, 0x1E, 0x07, 0xC0,
    0xF8, 0x1F, 0x03, 0xF0, 0xEE, 0x1D, 0xC3, 0xB8, 0x73, 0x9F, 0xF3, 0xFE, 0x71, 0xCE, 0x1F, 0xC3,
    0x80, 0x1D, 0x87, 0xF0, 0xDE, 0x00, 0x00, 0x00, 0x1E, 0x07, 0xC0, 0xF8, 0x1F, 0x03, 0xF0, 0xEE,
    0x1D, 0xC3, 0xB8, 0x73, 0x9F, 0xF3, 0xFE, 0x71, 0xCE, 0x1F, 0xC3, 0x80, 0x39, 0x87, 0x78, 0xEE,
    0x00, 0x00, 0x00, 0x1E, 0x07, 0xC0, 0xF8, 0x1F, 0x03, 0xF0, 0xEE, 0x1D, 0xC3, 0xB8, 0x73, 0x9F,
    0xF3, 0xFE, 0x71, 0xCE, 0x1F, 0xC3, 0x80, 0x0F, 0x03, 0x60, 0x6E, 0x0D, 0x80, 0xF0, 0x00, 0x03,
    0xC0, 0xF8, 0x1F, 0x03, 0xE0, 0x7E, 0x1D, 0xC3, 0xB8, 0x77, 0x0E, 0x73, 0xFE, 0x7F, 0xCE, 0x39,
    0xC3, 0xF8, 0x70, 0x3F, 0xE7, 0xFC, 0xFF, 0x9F, 0x83, 0xF0, 0xEF, 0x9D, 0xFB, 0xBF, 0x77, 0x0F,
    0xE1, 0xFC, 0x7F, 0xFE, 0x7F, 0xCF, 0xC0, 0x3F, 0x1F, 0xEF, 0xFB, 0x8F, 0xE0, 0x38, 0x0E, 0x03,
    0x80, 0xE0, 0x38, 0x0E, 0x3F, 0xFE, 0x7F, 0x8F, 0xC1, 0xC0, 0x78, 0x07, 0x07, 0x81, 0x80, 0x30,
    0x1C, 0x07, 0x00, 0x00, 0x07, 0xFF, 0xFF, 0xFF, 0xE0, 0x70, 0x3F, 0xDF, 0xFF, 0xFF, 0x03, 0x81,
    0xC0, 0xFF, 0xFF, 0xFF, 0xE0, 0x02, 0x07, 0x87, 0x80, 0x00, 0x07, 0xFF, 0xFF, 0xFF, 0xE0, 0x70,
    0x3F, 0xDF, 0xFF, 0xFF, 0x03, 0x81, 0xC0, 0xFF, 0xFF, 0xFF, 0xE0, 0x1E, 0x1F, 0x9D, 0xE0, 0x00,
    0x07, 0xFF, 0xFF, 0xFF, 0xE0, 0x70, 0x3F, 0xDF, 0xFF, 0xFF, 0x03, 0x81, 0xC0, 0xFF, 0xFF, 0xFF,
    0xE0, 0x73, 0x3B, 0xDC, 0xE0, 0x00, 0x07, 0xFF, 0xFF, 0xFF, 0xE0, 0x70, 0x3F, 0xDF, 0xFF, 0xFF,
    0x03, 0x81, 0xC0, 0xFF, 0xFF, 0xFF, 0xE0, 0x30, 0x1C, 0x07, 0x00, 0x00, 0x07, 0xFF, 0xFE, 0xFE,
    0x1C, 0x0E, 0x07, 0x03, 0x81, 0xC0, 0xE0, 0x70, 0x38, 0x7F, 0x7F, 0xFF, 0xE0, 0x02, 0x07, 0x87,
    0x80, 0x00, 0x07, 0xFF, 0xFE, 0xFE, 0x1C, 0x0E, 0x07, 0x03, 0x81, 0xC0, 0xE0, 0x70, 0x38, 0x7F,
    0x7F, 0xFF, 0xE0, 0x1E, 0x1F, 0x9D, 0xC0, 0x00, 0x07, 0xFF, 0xFE, 0xFE, 0x1C, 0x0E, 0x07, 0x03,
    0x81, 0xC0, 0xE0, 0x70, 0x38, 0x7F, 0x7F, 0xFF, 0xE0, 0x73, 0x3B, 0xDD, 0xC0, 0x00, 0x07, 0xFF,
    0xFE, 0xFE, 0x1C, 0x0E, 0x07, 0x03, 0x81, 0xC0, 0xE0, 0x70, 0x38, 0x7F, 0x7F, 0xFF, 0xE0, 0x7F,
    0x8F, 0xF9, 0xFF, 0x38, 0xE7, 0x1E, 0xF3, 0xFF, 0x7F, 0xEF, 0x71, 0xEE, 0x3D, 0xC7, 0x3F, 0xE7,
    0xFC, 0xFF, 0x00, 0x3B, 0x1F, 0xC6, 0xF0, 0x00, 0x00, 0x3C, 0xEF, 0x3B, 0xEE, 0xFB, 0xBE, 0xEF,
    0xFB, 0xFE, 0xED, 0xBB, 0xEE, 0xFB, 0x9E, 0xE7, 0xB9, 0xEE, 0x38, 0x30, 0x0E, 0x01, 0xC0, 0x00,
    0x00, 0x0F, 0xC7, 0xFB, 0xFE, 0xE3, 0xB8, 0xEE, 0x3B, 0x8E, 0xE3, 0xB8, 0xEE, 0x3B, 0x8E, 0xFF,
    0x9F, 0xE3, 0xF0, 0x02, 0x03, 0xC1, 0xE0, 0x00, 0x00, 0x0F, 0xC7, 0xFB, 0xFE, 0xE3, 0xB8, 0xEE,
    0x3B, 0x8E, 0xE3, 0xB8, 0xEE, 0x3B, 0x8E, 0xFF, 0x9F, 0xE3, 0xF0, 0x1E, 0x0F, 0xC7, 0x70, 0x00,
    0x00, 0x0F, 0xC7, 0xFB, 0xFE, 0xE3, 0xB8, 0xEE, 0x3B, 0x8E, 0xE3, 0xB8, 0xEE, 0x3B, 0x8E, 0xFF,
    0x9F, 0xE3, 0xF0, 0x3B, 0x1F, 0xC6, 0xF0, 0x00, 0x00, 0x0F, 0xC7, 0xFB, 0xFE, 0xE3, 0xB8, 0xEE,
    0x3B, 0x8E, 0xE3, 0xB8, 0xEE, 0x3B, 0x8E, 0xFF, 0x9F, 0xE3, 0xF0, 0x73, 0x1D, 0xE7, 0x70, 0x00,
    0x00, 0x0F, 0xC7, 0xFB, 0xFE, 0xE3, 0xB8, 0xEE, 0x3B, 0x8E, 0xE3, 0xB8, 0xEE, 0x3B, 0x8E, 0xFF,
    0x9F, 0xE3, 0xF0, 0x00, 0x31, 0x9D, 0xEF, 0xE3, 0xE1, 0xF1, 0xFC, 0xEF, 0x63, 0x00, 0x1F, 0xE7,
    0xFD, 0xFF, 0x38, 0xE7, 0x3C, 0xEF, 0x9D, 0xF3, 0xFE, 0x7D, 0xCF, 0xB9, 0xE7, 0x3F, 0xE7, 0xFC,
    0xFF, 0x38, 0x00, 0x30, 0x0E, 0x01, 0xC0, 0x00, 0x00, 0x38, 0xEE, 0x3B, 0x8E, 0xE3, 0xB8, 0xEE,
    0x3B, 0x8E, 0xE3, 0xB8, 0xEE, 0x3B, 0x8E, 0xFF, 0x9F, 0xE3, 0xF0, 0x02, 0x03, 0xC1, 0xE0, 0x00,
    0x00, 0x38, 0xEE, 0x3B, 0x8E, 0xE3, 0xB8, 0xEE, 0x3B, 0x8E, 0xE3, 0xB8, 0xEE, 0x3B, 0x8E, 0xFF,
    0x9F, 0xE3, 0xF0, 0x1E, 0x0F, 0xC7, 0x70, 0x00, 0x00, 0x38, 0xEE, 0x3B, 0x8E, 0xE3, 0xB8, 0xEE,
    0x3B, 0x8E, 0xE3, 0xB8, 0xEE, 0x3B, 0x8E, 0xFF, 0x9F, 0xE3, 0xF0, 0x73, 0x1D, 0xE7, 0x70, 0x00,
    0x00, 0x38, 0xEE, 0x3B, 0x8E, 0xE3, 0xB8, 0xEE, 0x3B, 0x8E, 0xE3, 0xB8, 0xEE, 0x3B, 0x8E, 0xFF,
    0x9F, 0xE3, 0xF0, 0x01, 0x00, 0xF0, 0x3C, 0x00, 0x00, 0x01, 0xE1, 0xDC, 0x7B, 0x8E, 0x39, 0xC7,
    0x70, 0x7E, 0x0F, 0x81, 0xF0, 0x1C, 0x03, 0x80, 0x70, 0x0E, 0x01, 0xC0, 0x38, 0x00, 0xE0, 0x38,
    0x0F, 0xF3, 0xFE, 0xFF, 0xF8, 0x7E, 0x1F, 0x87, 0xFF, 0xFF, 0xEF, 0xF3, 0x80, 0xE0, 0x38, 0x00,
    0x3F, 0x1F, 0xEF, 0xFB, 0x8E, 0xE3, 0xB9, 0xEE, 0xF3, 0xBE, 0xEF, 0xB8, 0x7E, 0x1F, 0xBF, 0xEF,
    0xBB, 0xC0, 0x38, 0x1E, 0x07, 0x00, 0x00, 0x01, 0xF9, 0xFF, 0xFF, 0x03, 0xBF, 0xFF, 0xFF, 0xFE,
    0x3F, 0xFF, 0xFE, 0xFF, 0x07, 0x07, 0x07, 0x80, 0x00, 0x01, 0xF9, 0xFF, 0xFF, 0x03, 0xBF, 0xFF,
    0xFF, 0xFE, 0x3F, 0xFF, 0xFE, 0xFF, 0x1E, 0x1F, 0x9D, 0xE0, 0x00, 0x01, 0xF9, 0xFF, 0xFF, 0x03,
    0xBF, 0xFF, 0xFF, 0xFE, 0x3F, 0xFF, 0xFE, 0xFF, 0x3B, 0x3F, 0x9B, 0xC0, 0x00, 0x01, 0xF9, 0xFF,
    0xFF, 0x03, 0xBF, 0xFF, 0xFF, 0xFE, 0x3F, 0xFF, 0xFE, 0xFF, 0x73, 0x3B, 0xDC, 0xE0, 0x00, 0x01,
    0xF9, 0xFF, 0xFF, 0x03, 0xBF, 0xFF, 0xFF, 0xFE, 0x3F, 0xFF, 0xFE, 0xFF, 0x1E, 0x1F, 0x0C, 0xC6,
    0xE1, 0xE0, 0x00, 0xFC, 0xFF, 0xFF, 0x81, 0xDF, 0xFF, 0xFF, 0xFF, 0x1F, 0xFF, 0xFF, 0x7F, 0x80,
    0x7B, 0xCF, 0xFF, 0xBB, 0x87, 0x73, 0xFE, 0xFF, 0xFB, 0x87, 0x70, 0xEE, 0xEF, 0xFD, 0xEF, 0x00,
    0x3F, 0x1F, 0xEF, 0xFB, 0x8F, 0xE0, 0x38, 0x0E, 0x03, 0x8F, 0xFF, 0x9F, 0xE3, 0xF0, 0x70, 0x1E,
    0x01, 0x83, 0xE0, 0x60, 0x78, 0x0F, 0x01, 0xC0, 0x00, 0x00, 0x0F, 0xC7, 0xFB, 0xFE, 0xE3, 0xBF,
    0xEF, 0xFB, 0xFE, 0xE0, 0x3F, 0xE7, 0xF8, 0xFC, 0x07, 0x03, 0x81, 0xC0, 0x00, 0x00, 0x0F, 0xC7,
    0xFB, 0xFE, 0xE3, 0xBF, 0xEF, 0xFB, 0xFE, 0xE0, 0x3F, 0xE7, 0xF8, 0xFC, 0x1E, 0x0F, 0xC7, 0x70,
    0x00, 0x00, 0x0F, 0xC7, 0xFB, 0xFE, 0xE3, 0xBF, 0xEF, 0xFB, 0xFE, 0xE0, 0x3F, 0xE7, 0xF8, 0xFC,
    0x73, 0x1D, 0xE7, 0x70, 0x00, 0x00, 0x0F, 0xC7, 0xFB, 0xFE, 0xE3, 0xBF, 0xEF, 0xFB, 0xFE, 0xE0,
    0x3F, 0xE7, 0xF8, 0xFC, 0x38, 0x0F, 0x01, 0xE0, 0x00, 0x00, 0x3F, 0x8F, 0xE1, 0xF8, 0x0E, 0x03,
    0x80, 0xE0, 0x38, 0x0E, 0x1F, 0xEF, 0xFF, 0xFF, 0x07, 0x03, 0xC0, 0xE0, 0x00, 0x00, 0x3F, 0x8F,
    0xE1, 0xF8, 0x0E, 0x03, 0x80, 0xE0, 0x38, 0x0E, 0x1F, 0xEF, 0xFF, 0xFF, 0x1E, 0x0F, 0xC7, 0xB8,
    0x00, 0x00, 0x3F, 0x8F, 0xE1, 0xF8, 0x0E, 0x03, 0x80, 0xE0, 0x38, 0x0E, 0x1F, 0xEF, 0xFF, 0xFF,
    0x73, 0x9E, 0xE7, 0x38, 0x00, 0x00, 0x3F, 0x8F, 0xE1, 0xF8, 0x0E, 0x03, 0x80, 0xE0, 0x38, 0x0E,
    0x1F, 0xEF, 0xFF, 0xFF, 0x00, 0x03, 0xF8, 0x7E, 0x1F, 0x83, 0xF0, 0x07, 0x0F, 0xF3, 0xFE, 0x7B,
    0xCE, 0x3D, 0xC3, 0xB8, 0xF7, 0xFC, 0x7F, 0x87, 0xE0, 0x3B, 0x3F, 0x9B, 0xC0, 0x00, 0x07, 0xFB,
    0xFF, 0xFF, 0xE3, 0xF1, 0xF8, 0xFC, 0x7E, 0x3F, 0x1F, 0x8F, 0xC7, 0x78, 0x0F, 0x01, 0xC0, 0x00,
    0x00, 0x0F, 0xC7, 0xFB, 0xFE, 0xE3, 0xB8, 0xEE, 0x3B, 0x8E, 0xE3, 0xBF, 0xE7, 0xF8, 0xFC, 0x07,
    0x03, 0x81, 0xC0, 0x00, 0x00, 0x0F, 0xC7, 0xFB, 0xFE, 0xE3, 0xB8, 0xEE, 0x3B, 0x8E, 0xE3, 0xBF,
    0xE7, 0xF8, 0xFC, 0x1E, 0x0F, 0xC7, 0x70, 0x00, 0x00, 0x0F, 0xC7, 0xFB, 0xFE, 0xE3, 0xB8, 0xEE,
    0x3B, 0x8E, 0xE3, 0xBF, 0xE7, 0xF8, 0xFC, 0x3B, 0x1F, 0xC6, 0xF0, 0x00, 0x00, 0x0F, 0xC7, 0xFB,
    0xFE, 0xE3, 0xB8, 0xEE, 0x3B, 0x8E, 0xE3, 0xBF, 0xE7, 0xF8, 0xFC, 0x73, 0x1D, 0xE7, 0x70, 0x00,
    0x00, 0x0F, 0xC7, 0xFB, 0xFE, 0xE3, 0xB8, 0xEE, 0x3B, 0x8E, 0xE3, 0xBF, 0xE7, 0xF8, 0xFC, 0x1C,
    0x0F, 0x07, 0x00, 0x07, 0xFB, 0xFD, 0xFC, 0x00, 0x1C, 0x0F, 0x07, 0x00, 0x00, 0xE3, 0xF8, 0xFF,
    0x3F, 0xE7, 0x3C, 0xEF, 0x9F, 0xF3, 0xEE, 0x7D, 0xCF, 0xF9, 0xFF, 0x3F, 0xCE, 0x00, 0x78, 0x1E,
    0x07, 0x00, 0x00, 0x07, 0x1F, 0x8F, 0xC7, 0xE3, 0xF1, 0xF8, 0xFC, 0x7E, 0x3F, 0xFD, 0xFE, 0x7E,
    0x07, 0x07, 0x07, 0x00, 0x00, 0x07, 0x1F, 0x8F, 0xC7, 0xE3, 0xF1, 0xF8, 0xFC, 0x7E, 0x3F, 0xFD,
    0xFE, 0x7E, 0x1E, 0x1F, 0x9D, 0xC0, 0x00, 0x07, 0x1F, 0x8F, 0xC7, 0xE3, 0xF1, 0xF8, 0xFC, 0x7E,
    0x3F, 0xFD, 0xFE, 0x7E, 0x73, 0x3B, 0xDD, 0xC0, 0x00, 0x07, 0x1F, 0x8F, 0xC7, 0xE3, 0xF1, 0xF8,
    0xFC, 0x7E, 0x3F, 0xFD, 0xFE, 0x7E, 0x03, 0x80, 0xE0, 0x38, 0x00, 0x00, 0x01, 0xE1, 0xDC, 0x7B,
    0x8E, 0x39, 0xC7, 0x78, 0xEE, 0x0F, 0xC1, 0xF8, 0x3E, 0x03, 0xC0, 0x78, 0x0E, 0x01, 0xC0, 0x78,
    0x0E, 0x00, 0xE0, 0x38, 0x0E, 0x03, 0xFC, 0xFF, 0xBF, 0xEE, 0x3B, 0x8E, 0xE3, 0xB8, 0xEE, 0x3B,
    0xFE, 0xFF, 0xBF, 0xCE, 0x03, 0x80, 0xE0, 0x38, 0x00, 0x39, 0x87, 0x78, 0xEE, 0x00, 0x00, 0x01,
    0xE1, 0xDC, 0x7B, 0x8E, 0x39, 0xC7, 0x78, 0xEE, 0x0F, 0xC1, 0xF8, 0x3E, 0x03, 0xC0, 0x78, 0x0E,
    0x01, 0xC0, 0x78, 0x0E, 0x00, 0x1F, 0x87, 0xF0, 0xFE, 0x00, 0x00, 0x00, 0x1E, 0x07, 0xC0, 0xF8,
    0x1F, 0x03, 0xF0, 0xEE, 0x1D, 0xC3, 0xB8, 0x73, 0x9F, 0xF3, 0xFE, 0x71, 0xCE, 0x1F, 0xC3, 0x80,
    0x3F, 0x3F, 0x9F, 0xC0, 0x00, 0x01, 0xF9, 0xFF, 0xFF, 0x03, 0xBF, 0xFF, 0xFF, 0xFE, 0x3F, 0xFF,
    0xFE, 0xFF, 0x39, 0x87, 0x70, 0x7C, 0x02, 0x00, 0x00, 0x1E, 0x07, 0xC0, 0xF8, 0x1F, 0x03, 0xF0,
    0xEE, 0x1D, 0xC3, 0xB8, 0x73, 0x9F, 0xF3, 0xFE, 0x71, 0xCE, 0x1F, 0xC3, 0x80, 0x73, 0x3B, 0x8F,
    0xC0, 0x00, 0x01, 0xF9, 0xFF, 0xFF, 0x03, 0xBF, 0xFF, 0xFF, 0xFE, 0x3F, 0xFF, 0xFE, 0xFF, 0x0F,
    0x03, 0xE0, 0x7C, 0x0F, 0x81, 0xF8, 0x77, 0x0E, 0xE1, 0xDC, 0x39, 0xCF, 0xF9, 0xFF, 0x38, 0xE7,
    0x0F, 0xE1, 0xC0, 0x70, 0x0F, 0x03, 0xE0, 0x3C, 0x3F, 0x1F, 0xEF, 0xF8, 0x0E, 0x7F, 0xBF, 0xEF,
    0xFB, 0x8E, 0xFF, 0xBF, 0xE7, 0xF8, 0x0E, 0x03, 0x01, 0xF0, 0x3C, 0x03, 0x02, 0x03, 0xC1, 0xE0,
    0x00, 0x00, 0x0F, 0xC7, 0xFB, 0xFE, 0xE3, 0xF8, 0x0E, 0x03, 0x80, 0xE0, 0x38, 0x0E, 0x03, 0x8F,
    0xFF, 0x9F, 0xE3, 0xF0, 0x07, 0x03, 0x81, 0xE0, 0x00, 0x00, 0x0F, 0xC7, 0xFB, 0xFE, 0xE3, 0xF8,
    0x0E, 0x03, 0x80, 0xE3, 0xFF, 0xE7, 0xF8, 0xFC, 0x1E, 0x0F, 0xC7, 0x78, 0x00, 0x00, 0x0F, 0xC7,
    0xFB, 0xFE, 0xE3, 0xF8, 0x0E, 0x03, 0x80, 0xE0, 0x38, 0x0E, 0x03, 0x8F, 0xFF, 0x9F, 0xE3, 0xF0,
    0x1E, 0x0F, 0xC7, 0x78, 0x00, 0x00, 0x0F, 0xC7, 0xFB, 0xFE, 0xE3, 0xF8, 0x0E, 0x03, 0x80, 0xE3,
    0xFF, 0xE7, 0xF8, 0xFC, 0x1C, 0x07, 0x81, 0xC0, 0x00, 0x00, 0x0F, 0xC7, 0xFB, 0xFE, 0xE3, 0xF8,
    0x0E, 0x03, 0x80, 0xE0, 0x38, 0x0E, 0x03, 0x8F, 0xFF, 0x9F, 0xE3, 0xF0, 0x1C, 0x07, 0x81, 0xE0,
    0x00, 0x00, 0x0F, 0xC7, 0xFB, 0xFE, 0xE3, 0xF8, 0x0E, 0x03, 0x80, 0xE3, 0xFF, 0xE7, 0xF8, 0xFC,
    0x77, 0x8F, 0xC1, 0xE0, 0x00, 0x00, 0x0F, 0xC7, 0xFB, 0xFE, 0xE3, 0xF8, 0x0E, 0x03, 0x80, 0xE0,
    0x38, 0x0E, 0x03, 0x8F, 0xFF, 0x9F, 0xE3, 0xF0, 0x77, 0x8F, 0xC1, 0xE0, 0x00, 0x00, 0x0F, 0xC7,
    0xFB, 0xFE, 0xE3, 0xF8, 0x0E, 0x03, 0x80, 0xE3, 0xFF, 0xE7, 0xF8, 0xFC, 0x77, 0x0F, 0xC1, 0xE0,
    0x00, 0x00, 0x3F, 0xCF, 0xFB, 0xFE, 0xE3, 0xB8, 0xFE, 0x3F, 0x8F, 0xE3, 0xF8, 0xFE, 0x3F, 0x8E,
    0xFF, 0xBF, 0xEF, 0xF0, 0x03, 0xF0, 0x3F, 0x03, 0xF3, 0xF8, 0x7F, 0x87, 0xF8, 0x73, 0x87, 0x38,
    0x73, 0x87, 0x38, 0x73, 0x87, 0xF8, 0x7F, 0x83, 0xF8, 0x7F, 0x8F, 0xF9, 0xFF, 0x38, 0xE7, 0x1E,
    0xF3, 0xFF, 0x7F, 0xEF, 0x71, 0xEE, 0x3D, 0xC7, 0x3F, 0xE7, 0xFC, 0xFF, 0x00, 0x0F, 0xC3, 0xFC,
    0x7F, 0x81, 0xC7, 0xF8, 0xFF, 0x3F, 0xE7, 0x1C, 0xE3, 0x9C, 0x73, 0x8E, 0x7F, 0xC7, 0xF8, 0xFF,
    0x00, 0x3F, 0x3F, 0x9F, 0xC0, 0x00, 0x07, 0xFF, 0xFF, 0xFF, 0xE0, 0x70, 0x3F, 0xDF, 0xFF, 0xFF,
    0x03, 0x81, 0xC0, 0xFF, 0xFF, 0xFF, 0xE0, 0x3F, 0x1F, 0xC7, 0xF0, 0x00, 0x00, 0x0F, 0xC7, 0xFB,
    0xFE, 0xE3, 0xBF, 0xEF, 0xFB, 0xFE, 0xE0, 0x3F, 0xE7, 0xF8, 0xFC, 0x73, 0x3B, 0x8F, 0xC0, 0x00,
    0x07, 0xFF, 0xFF, 0xFF, 0xE0, 0x70, 0x3F, 0xDF, 0xFF, 0xFF, 0x03, 0x81, 0xC0, 0xFF, 0xFF, 0xFF,
    0xE0, 0x73, 0x1D, 0xC3, 0xE0, 0x20, 0x00, 0x0F, 0xC7, 0xFB, 0xFE, 0xE3, 0xBF, 0xEF, 0xFB, 0xFE,
    0xE0, 0x3F, 0xE7, 0xF8, 0xFC, 0x1C, 0x0F, 0x07, 0x00, 0x00, 0x07, 0xFF, 0xFF, 0xFF, 0xE0, 0x70,
    0x3F, 0xDF, 0xFF, 0xFF, 0x03, 0x81, 0xC0, 0xFF, 0xFF, 0xFF, 0xE0, 0x1C, 0x07, 0x81, 0xC0, 0x00,
    0x00, 0x0F, 0xC7, 0xFB, 0xFE, 0xE3, 0xBF, 0xEF, 0xFB, 0xFE, 0xE0, 0x3F, 0xE7, 0xF8, 0xFC, 0xFF,
    0xBF, 0xEF, 0xFB, 0x80, 0xE0, 0x3F, 0xCF, 0xFB, 0xFE, 0xE0, 0x38, 0x0E, 0x03, 0xFE, 0xFF, 0xBF,
    0xE0, 0x70, 0x1E, 0x07, 0x81, 0xE0, 0x3F, 0x1F, 0xEF, 0xFB, 0x8E, 0xFF, 0xBF, 0xEF, 0xFB, 0x86,
    0xFF, 0x9F, 0xE3, 0xF0, 0x38, 0x1C, 0x07, 0xC0, 0xF0, 0x77, 0x9F, 0x87, 0x80, 0x00, 0x07, 0xFF,
    0xFF, 0xFF, 0xE0, 0x70, 0x3F, 0xDF, 0xFF, 0xFF, 0x03, 0x81, 0xC0, 0xFF, 0xFF, 0xFF, 0xE0, 0x77,
    0x0F, 0xC1, 0xE0, 0x00, 0x00, 0x0F, 0xC7, 0xFB, 0xFE, 0xE3, 0xBF, 0xEF, 0xFB, 0xFE, 0xE0, 0x3F,
    0xE7, 0xF8, 0xFC, 0x1E, 0x0F, 0xC7, 0x70, 0x00, 0x00, 0x0F, 0xC7, 0xFB, 0xFE, 0xE3, 0xB8, 0x0E,
    0x03, 0xBF, 0xEF, 0xF9, 0xFE, 0x3F, 0x8E, 0xFF, 0x9F, 0xE3, 0xF0, 0x1E, 0x1F, 0x9D, 0xC0, 0x00,
    0x01, 0xFD, 0xFF, 0xFF, 0xE3, 0xF1, 0xF8, 0xFC, 0x7E, 0x3F, 0xBD, 0xFE, 0xFF, 0x03, 0x83, 0xCF,
    0xE7, 0xE0, 0x73, 0x1D, 0xC3, 0xE0, 0x20, 0x00, 0x0F, 0xC7, 0xFB, 0xFE, 0xE3, 0xB8, 0x0E, 0x03,
    0xBF, 0xEF, 0xF9, 0xFE, 0x3F, 0x8E, 0xFF, 0x9F, 0xE3, 0xF0, 0x73, 0x3B, 0x8F, 0x81, 0x00, 0x01,
    0xFD, 0xFF, 0xFF, 0xE3, 0xF1, 0xF8, 0xFC, 0x7E, 0x3F, 0xBD, 0xFE, 0xFF, 0x03, 0x83, 0xCF, 0xE7,
    0xE0, 0x1C, 0x07, 0x81, 0xC0, 0x00, 0x00, 0x0F, 0xC7, 0xFB, 0xFE, 0xE3, 0xB8, 0x0E, 0x03, 0xBF,
    0xEF, 0xF9, 0xFE, 0x3F, 0x8E, 0xFF, 0x9F, 0xE3, 0xF0, 0x1C, 0x0F, 0x07, 0x00, 0x00, 0x01, 0xFD,
    0xFF, 0xFF, 0xE3, 0xF1, 0xF8, 0xFC, 0x7E, 0x3F, 0xBD, 0xFE, 0xFF, 0x03, 0x83, 0xCF, 0xE7, 0xE0,
    0x3F, 0x1F, 0xEF, 0xFB, 0x8E, 0xE0, 0x38, 0x0E, 0xFF, 0xBF, 0xE7, 0xF8, 0xFE, 0x3B, 0xFE, 0x7F,
    0x8F, 0xC0, 0x00, 0x00, 0x0E, 0x07, 0x03, 0xC0, 0x06, 0x07, 0x03, 0x83, 0x81, 0xC0, 0x00, 0x00,
    0x7F, 0x7F, 0xFF, 0xF8, 0xFC, 0x7E, 0x3F, 0x1F, 0x8F, 0xEF, 0x7F, 0xBF, 0xC0, 0xE0, 0xF3, 0xF9,
    0xF8, 0x1E, 0x1F, 0x9D, 0xC0, 0x00, 0x07, 0x1F, 0x8F, 0xC7, 0xE3, 0xF1, 0xFF, 0xFF, 0xFF, 0xFF,
    0x1F, 0x8F, 0xC7, 0xE3, 0xF1, 0xF8, 0xE0, 0x1E, 0x03, 0xF0, 0x77, 0x00, 0x00, 0x00, 0x01, 0xC0,
    0x1C, 0x01, 0xC0, 0x1F, 0xE1, 0xFF, 0x1F, 0xF1, 0xC7, 0x1C, 0x71, 0xC7, 0x1C, 0x71, 0xC7, 0x1C,
    0x71, 0xC7, 0x1C, 0x70, 0x71, 0xC7, 0xFE, 0xFF, 0xFF, 0xFF, 0x71, 0xC7, 0xFC, 0x7F, 0xC7, 0xFC,
    0x71, 0xC7, 0x1C, 0x71, 0xC7, 0x1C, 0x71, 0xC7, 0x1C, 0x70, 0x3F, 0x8F, 0xE3, 0xF0, 0x7F, 0x9F,
    0xF7, 0xFD, 0xC7, 0x71, 0xDC, 0x77, 0x1D, 0xC7, 0x71, 0xDC, 0x70, 0x3B, 0x3F, 0x9B, 0xC0, 0x00,
    0x07, 0xFF, 0xFE, 0xFE, 0x1C, 0x0E, 0x07, 0x03, 0x81, 0xC0, 0xE0, 0x70, 0x38, 0x7F, 0x7F, 0xFF,
    0xE0, 0x3F, 0x8F, 0xE7, 0xF0, 0x00, 0x00, 0x3F, 0x8F, 0xE1, 0xF8, 0x0E, 0x03, 0x80, 0xE0, 0x38,
    0x0E, 0x1F, 0xEF, 0xFF, 0xFF, 0x3F, 0x3F, 0x9F, 0xC0, 0x00, 0x07, 0xFF, 0xFE, 0xFE, 0x1C, 0x0E,
    0x07, 0x03, 0x81, 0xC0, 0xE0, 0x70, 0x38, 0x7F, 0x7F, 0xFF, 0xE0, 0x3F, 0x1F, 0xE7, 0xF8, 0x00,
    0x00, 0x3F, 0x8F, 0xE1, 0xF8, 0x0E, 0x03, 0x80, 0xE0, 0x38, 0x0E, 0x1F, 0xEF, 0xFF, 0xFF, 0x73,
    0x3B, 0x8F, 0x81, 0x00, 0x07, 0xFF, 0xFE, 0xFE, 0x1C, 0x0E, 0x07, 0x03, 0x81, 0xC0, 0xE0, 0x70,
    0x38, 0x7F, 0x7F, 0xFF, 0xE0, 0x73, 0x8E, 0xC3, 0xF0, 0x00, 0x00, 0x3F, 0x8F, 0xE1, 0xF8, 0x0E,
    0x03, 0x80, 0xE0, 0x38, 0x0E, 0x1F, 0xEF, 0xFF, 0xFF, 0xFF, 0xFF, 0xDF, 0xC3, 0x81, 0xC0, 0xE0,
    0x70, 0x38, 0x1C, 0x0E, 0x07, 0x0F, 0xEF, 0xFF, 0xFC, 0x60, 0x78, 0x3E, 0x0F, 0x00, 0x0E, 0x07,
    0x81, 0xE0, 0x00, 0x00, 0x3F, 0x8F, 0xE1, 0xF8, 0x0E, 0x03, 0x80, 0xE0, 0x38, 0x0E, 0x1F, 0xEF,
    0xFF, 0xFF, 0x1C, 0x0F, 0x03, 0xE0, 0x78, 0x1C, 0x0F, 0x07, 0x00, 0x00, 0x07, 0xFF, 0xFE, 0xFE,
    0x1C, 0x0E, 0x07, 0x03, 0x81, 0xC0, 0xE0, 0x70, 0x38, 0x7F, 0x7F, 0xFF, 0xE0, 0xFE, 0x3F, 0x87,
    0xE0, 0x38, 0x0E, 0x03, 0x80, 0xE0, 0x38, 0x7F, 0xBF, 0xFF, 0xFC, 0xFC, 0xFF, 0x9D, 0xE3, 0x9C,
    0x73, 0x8E, 0x71, 0xCE, 0x3F, 0xE7, 0xFC, 0xEF, 0x1C, 0xE3, 0x9F, 0xF3, 0xFC, 0x3F, 0x00, 0xF3,
    0xF9, 0xF8, 0xE0, 0x0F, 0x3F, 0x9F, 0xCF, 0xE7, 0xF3, 0xF9, 0xFC, 0xFE, 0x7F, 0x3F, 0x9C, 0x0E,
    0x07, 0x7F, 0xFF, 0xBF, 0x80, 0x01, 0xE0, 0x1F, 0x01, 0xDC, 0x00, 0x00, 0x00, 0x00, 0xE0, 0x07,
    0x00, 0x38, 0x01, 0xC0, 0x0E, 0x00, 0x70, 0x03, 0x80, 0x1C, 0x00, 0xE3, 0x87, 0x1C, 0x38, 0x7F,
    0xC3, 0xFC, 0x0F, 0xC0, 0x0F, 0x03, 0xF0, 0x77, 0x00, 0x00, 0x01, 0xFE, 0x3F, 0xC3, 0xF8, 0x07,
    0x00, 0xE0, 0x1C, 0x03, 0x80, 0x70, 0x0E, 0x01, 0xC0, 0x38, 0x07, 0x0F, 0xE3, 0xF8, 0x7E, 0x00,
    0xE3, 0xF8, 0xEE, 0x3B, 0x9C, 0xE7, 0x3F, 0xCF, 0xE3, 0xF8, 0xEF, 0x39, 0xCE, 0x7B, 0x8E, 0xE3,
    0xF8, 0x70, 0x00, 0x00, 0x0E, 0x07, 0x03, 0x80, 0xE0, 0x38, 0x0E, 0x03, 0x8F, 0xE3, 0xB9, 0xEE,
    0x73, 0xF8, 0xFE, 0x3F, 0xCE, 0x73, 0x9E, 0xE3, 0xB8, 0xF0, 0x00, 0x00, 0x0E, 0x07, 0x03, 0x80,
    0xE3, 0xF8, 0xEE, 0x7B, 0x9C, 0xFE, 0x3F, 0x8F, 0xF3, 0x9C, 0xE3, 0xB8, 0xFE, 0x1C, 0x30, 0x38,
    0x38, 0x00, 0x00, 0x07, 0x03, 0x81, 0xC0, 0xE0, 0x70, 0x38, 0x1C, 0x0E, 0x07, 0x03, 0x81, 0xC0,
    0xFF, 0x7F, 0xFF, 0xE0, 0x03, 0x01, 0xE0, 0x78, 0x00, 0x00, 0x01, 0xFC, 0x3F, 0x83, 0xF0, 0x0E,
    0x01, 0xC0, 0x38, 0x07, 0x00, 0xE0, 0x1C, 0x03, 0x80, 0x70, 0x0F, 0xC1, 0xFC, 0x1F, 0x80, 0xE0,
    0x70, 0x38, 0x1C, 0x0E, 0x07, 0x03, 0x81, 0xC0, 0xE0, 0x70, 0x38, 0x1F, 0xEF, 0xFF, 0xFC, 0x00,
    0x00, 0x1E, 0x0E, 0x0E, 0x00, 0xFE, 0x1F, 0xC1, 0xF8, 0x07, 0x00, 0xE0, 0x1C, 0x03, 0x80, 0x70,
    0x0E, 0x01, 0xC0, 0x38, 0x07, 0xE0, 0xFE, 0x0F, 0xC0, 0x00, 0x00, 0x07, 0x01, 0xE0, 0x38, 0x00,
    0xEE, 0x77, 0x3B, 0x9C, 0x0E, 0x07, 0x03, 0x81, 0xC0, 0xE0, 0x70, 0x38, 0x1F, 0xEF, 0xFF, 0xFC,
    0xFE, 0xFF, 0xD9, 0xFB, 0x07, 0x00, 0xE0, 0x1C, 0x03, 0x80, 0x70, 0x0E, 0x01, 0xC0, 0x38, 0x07,
    0xE0, 0xFE, 0x0F, 0xC0, 0xE0, 0x70, 0x38, 0x1C, 0x0E, 0x07, 0x3F, 0x9F, 0xCF, 0xE7, 0xF0, 0x38,
    0x1F, 0xEF, 0xFF, 0xFC, 0xFC, 0x07, 0xE0, 0x1F, 0x00, 0x38, 0x01, 0xC0, 0x0E, 0x38, 0x71, 0xE3,
    0x8F, 0x1C, 0x70, 0xE0, 0x07, 0x00, 0x3F, 0x80, 0xFE, 0x03, 0xF0, 0x38, 0x07, 0x00, 0xE0, 0x1D,
    0x83, 0xF0, 0x7E, 0x1F, 0x07, 0xC0, 0xF8, 0x17, 0x00, 0xE0, 0x1F, 0xF3, 0xFE, 0x7F, 0xC0, 0xFE,
    0x1F, 0xC1, 0xF8, 0x07, 0x40, 0xF8, 0x1F, 0x07, 0xC1, 0xF0, 0x3E, 0x05, 0xC0, 0x38, 0x07, 0xE0,
    0xFE, 0x0F, 0xC0, 0x02, 0x03, 0xC1, 0xE0, 0x00, 0x00, 0x3C, 0xEF, 0x3B, 0xEE, 0xFB, 0xBE, 0xEF,
    0xFB, 0xFE, 0xED, 0xBB, 0xEE, 0xFB, 0x9E, 0xE7, 0xB9, 0xEE, 0x38, 0x07, 0x07, 0x07, 0x80, 0x00,
    0x07, 0xFB, 0xFF, 0xFF, 0xE3, 0xF1, 0xF8, 0xFC, 0x7E, 0x3F, 0x1F, 0x8F, 0xC7, 0xF3, 0xBC, 0xEF,
    0xBB, 0xEE, 0xFB, 0xBF, 0xEF, 0xFB, 0xB6, 0xEF, 0xBB, 0xEE, 0x7B, 0x9E, 0xE7, 0xB8, 0xE0, 0x00,
    0x00, 0x0E, 0x07, 0x03, 0x80, 0xFF, 0x7F, 0xFF, 0xFC, 0x7E, 0x3F, 0x1F, 0x8F, 0xC7, 0xE3, 0xF1,
    0xF8, 0xE0, 0x00, 0x00, 0x70, 0x70, 0x70, 0x77, 0x0F, 0xC1, 0xE0, 0x00, 0x00, 0x3C, 0xEF, 0x3B,
    0xEE, 0xFB, 0xBE, 0xEF, 0xFB, 0xFE, 0xED, 0xBB, 0xEE, 0xFB, 0x9E, 0xE7, 0xB9, 0xEE, 0x38, 0x77,
    0x9F, 0x87, 0x80, 0x00, 0x07, 0xFB, 0xFF, 0xFF, 0xE3, 0xF1, 0xF8, 0xFC, 0x7E, 0x3F, 0x1F, 0x8F,
    0xC7, 0x38, 0x0E, 0x01, 0xC0, 0x00, 0x03, 0xFC, 0x7F, 0xCF, 0xF9, 0xC7, 0x38, 0xE7, 0x1C, 0xE3,
    0x9C, 0x73, 0x8E, 0x71, 0xCE, 0x38, 0xF3, 0xBC, 0xEF, 0xBB, 0xEE, 0xFB, 0xBF, 0xEF, 0xDB, 0xBE,
    0xEF, 0xB9, 0xEE, 0x7B, 0x9E, 0xE3, 0xB8, 0xE0, 0x38, 0x3E, 0x1F, 0x87, 0xC0, 0xFF, 0x7F, 0xFF,
    0xFC, 0x7E, 0x3F, 0x1F, 0x8F, 0xC7, 0xE3, 0xF1, 0xF8, 0xE0, 0x70, 0xF8, 0xFC, 0x78, 0x3F, 0x1F,
    0xC7, 0xF0, 0x00, 0x00, 0x0F, 0xC7, 0xFB, 0xFE, 0xE3, 0xB8, 0xEE, 0x3B, 0x8E, 0xE3, 0xB8, 0xEE,
    0x3B, 0x8E, 0xFF, 0x9F, 0xE3, 0xF0, 0x3F, 0x1F, 0xC7, 0xF0, 0x00, 0x00, 0x0F, 0xC7, 0xFB, 0xFE,
    0xE3, 0xB8, 0xEE, 0x3B, 0x8E, 0xE3, 0xBF, 0xE7, 0xF8, 0xFC, 0x73, 0x1D, 0xC3, 0xE0, 0x20, 0x00,
    0x0F, 0xC7, 0xFB, 0xFE, 0xE3, 0xB8, 0xEE, 0x3B, 0x8E, 0xE3, 0xB8, 0xEE, 0x3B, 0x8E, 0xFF, 0x9F,
    0xE3, 0xF0, 0x73, 0x1D, 0xC3, 0xE0, 0x20, 0x00, 0x0F, 0xC7, 0xFB, 0xFE, 0xE3, 0xB8, 0xEE, 0x3B,
    0x8E, 0xE3, 0xBF, 0xE7, 0xF8, 0xFC, 0x08, 0x8F, 0xE7, 0x70, 0x00, 0x00, 0x0F, 0xC7, 0xFB, 0xFE,
    0xE3, 0xB8, 0xEE, 0x3B, 0x8E, 0xE3, 0xB8, 0xEE, 0x3B, 0x8E, 0xFF, 0x9F, 0xE3, 0xF0, 0x1D, 0xCE,
    0xE7, 0x70, 0x00, 0x00, 0x0F, 0xC7, 0xFB, 0xFE, 0xE3, 0xB8, 0xEE, 0x3B, 0x8E, 0xE3, 0xBF, 0xE7,
    0xF8, 0xFC, 0x7F, 0xEF, 0xFF, 0xFF, 0xF3, 0x8E, 0x71, 0xCF, 0xB9, 0xFF, 0x3F, 0xE7, 0x1C, 0xE3,
    0x9C, 0x7F, 0xF7, 0xFE, 0xFF, 0xC0, 0x7B, 0xCF, 0xFF, 0xBB, 0xF7, 0x7E, 0xFF, 0xDF, 0xFB, 0x87,
    0x70, 0xEE, 0xEF, 0xFD, 0xEF, 0x00, 0x02, 0x03, 0xC1, 0xE0, 0x00, 0x00, 0x3F, 0xCF, 0xFB, 0xFE,
    0xE3, 0xF8, 0x7E, 0x3B, 0xFE, 0xFF, 0x3F, 0xCE, 0x73, 0x9C, 0xE3, 0xB8, 0xEE, 0x3C, 0x07, 0x03,
    0xC0, 0xE0, 0x00, 0x00, 0x3F, 0xCF, 0xFB, 0xFF, 0xF1, 0xFC, 0x7F, 0x03, 0xC0, 0xF0, 0x3C, 0x0F,
    0x03, 0xC0, 0xFF, 0x3F, 0xEF, 0xFB, 0x8F, 0xE1, 0xF8, 0xEF, 0xFB, 0xFC, 0xFF, 0x39, 0xCE, 0x73,
    0x8E, 0xE3, 0xB8, 0xF0, 0x00, 0x00, 0x0E, 0x07, 0x03, 0x80, 0x7F, 0x8F, 0xF9, 0xFF, 0xBC, 0x77,
    0x8E, 0xF0, 0x1E, 0x03, 0xC0, 0x78, 0x0F, 0x01, 0xE0, 0x00, 0x00, 0x00, 0x70, 0x1C, 0x07, 0x80,
    0x77, 0x0F, 0xC1, 0xE0, 0x00, 0x00, 0x3F, 0xCF, 0xFB, 0xFE, 0xE3, 0xF8, 0x7E, 0x3B, 0xFE, 0xFF,
    0x3F, 0xCE, 0x73, 0x9C, 0xE3, 0xB8, 0xEE, 0x3C, 0x7B, 0x8F, 0xC1, 0xE0, 0x00, 0x00, 0x3F, 0xCF,
    0xFB, 0xFF, 0xF1, 0xFC, 0x7F, 0x03, 0xC0, 0xF0, 0x3C, 0x0F, 0x03, 0xC0, 0x02, 0x03, 0xC1, 0xE0,
    0x00, 0x00, 0x0F, 0xC7, 0xFB, 0xFE, 0xE3, 0xB8, 0x0F, 0xC1, 0xFC, 0x3F, 0x80, 0xE0, 0x1F, 0x8F,
    0xFF, 0x9F, 0xE3, 0xF0, 0x07, 0x03, 0x81, 0xC0, 0x00, 0x00, 0x1F, 0xCF, 0xFB, 0x8E, 0xE0, 0x3F,
    0xC7, 0xF8, 0x7E, 0xC3, 0xF8, 0xEF, 0xF9, 0xFC, 0x1E, 0x0F, 0xC7, 0x70, 0x00, 0x00, 0x0F, 0xC7,
    0xFB, 0xFE, 0xE3, 0xB8, 0x0F, 0xC1, 0xFC, 0x3F, 0x80, 0xE0, 0x1F, 0x8F, 0xFF, 0x9F, 0xE3, 0xF0,
    0x1E, 0x0F, 0xC7, 0x70, 0x00, 0x00, 0x1F, 0xCF, 0xFB, 0x8E, 0xE0, 0x3F, 0xC7, 0xF8, 0x7E, 0xC3,
    0xF8, 0xEF, 0xF9, 0xFC, 0x3F, 0x1F, 0xEF, 0xFB, 0x8E, 0xE0, 0x3F, 0x07, 0xF0, 0xFE, 0x03, 0x80,
    0x7E, 0x3F, 0xFE, 0x7F, 0x8F, 0xC1, 0xC0, 0x78, 0x06, 0x0F, 0x81, 0x80, 0x7F, 0x3F, 0xEF, 0xFB,
    0x86, 0xFE, 0x1F, 0xE1, 0xFB, 0x8E, 0xFF, 0xBF, 0xE7, 0xF0, 0x70, 0x1E, 0x01, 0xC1, 0xE0, 0x60,
    0x77, 0x0F, 0xC1, 0xE0, 0x00, 0x00, 0x0F, 0xC7, 0xFB, 0xFE, 0xE3, 0xB8, 0x0F, 0xC1, 0xFC, 0x3F,
    0x80, 0xE0, 0x1F, 0x8F, 0xFF, 0x9F, 0xE3, 0xF0, 0x77, 0x0F, 0xC1, 0xE0, 0x00, 0x00, 0x1F, 0xCF,
    0xFB, 0x8E, 0xE0, 0x3F, 0xC7, 0xF8, 0x7E, 0xC3, 0xF8, 0xEF, 0xF9, 0xFC, 0xFF, 0xFF, 0xFD, 0xFF,
    0x07, 0x00, 0xE0, 0x1C, 0x03, 0x80, 0x70, 0x0E, 0x01, 0xC0, 0x38, 0x07, 0x00, 0xE0, 0x1C, 0x01,
    0x80, 0x3C, 0x01, 0x81, 0xF0, 0x18, 0x00, 0x1C, 0x03, 0x80, 0x70, 0x7F, 0xEF, 0xFC, 0xFF, 0x87,
    0x00, 0xE0, 0x1C, 0x03, 0x80, 0x70, 0x0F, 0xE0, 0xFC, 0x1F, 0x81, 0x80, 0x3C, 0x01, 0xC1, 0xF0,
    0x18, 0x00, 0x3B, 0x83, 0xF0, 0x3C, 0x00, 0x00, 0x01, 0xFF, 0xFF, 0xFB, 0xFE, 0x0E, 0x01, 0xC0,
    0x38, 0x07, 0x00, 0xE0, 0x1C, 0x03, 0x80, 0x70, 0x0E, 0x01, 0xC0, 0x38, 0x00, 0x01, 0xC3, 0xB8,
    0x77, 0x0E, 0x0F, 0xFD, 0xFF, 0x9F, 0xF0, 0xE0, 0x1C, 0x03, 0x80, 0x70, 0x0E, 0x01, 0xFC, 0x1F,
    0x83, 0xF0, 0xFF, 0xFF, 0xFD, 0xFF, 0x07, 0x00, 0xE0, 0x1C, 0x0F, 0xE1, 0xFE, 0x3F, 0xC1, 0xC0,
    0x38, 0x07, 0x00, 0xE0, 0x1C, 0x00, 0x1C, 0x03, 0x80, 0x70, 0x7F, 0xEF, 0xFC, 0xFF, 0x87, 0x01,
    0xFC, 0x7F, 0xCF, 0xF8, 0x70, 0x0F, 0xE0, 0xFC, 0x1F, 0x80, 0x3B, 0x1F, 0xC6, 0xF0, 0x00, 0x00,
    0x38, 0xEE, 0x3B, 0x8E, 0xE3, 0xB8, 0xEE, 0x3B, 0x8E, 0xE3, 0xB8, 0xEE, 0x3B, 0x8E, 0xFF, 0x9F,
    0xE3, 0xF0, 0x3B, 0x3F, 0x9B, 0xC0, 0x00, 0x07, 0x1F, 0x8F, 0xC7, 0xE3, 0xF1, 0xF8, 0xFC, 0x7E,
    0x3F, 0xFD, 0xFE, 0x7E, 0x3F, 0x1F, 0xC7, 0xF0, 0x00, 0x00, 0x38, 0xEE, 0x3B, 0x8E, 0xE3, 0xB8,
    0xEE, 0x3B, 0x8E, 0xE3, 0xB8, 0xEE, 0x3B, 0x8E, 0xFF, 0x9F, 0xE3, 0xF0, 0x3F, 0x3F, 0x9F, 0xC0,
    0x00, 0x07, 0x1F, 0x8F, 0xC7, 0xE3, 0xF1, 0xF8, 0xFC, 0x7E, 0x3F, 0xFD, 0xFE, 0x7E, 0x73, 0x1D,
    0xC3, 0xE0, 0x20, 0x00, 0x38, 0xEE, 0x3B, 0x8E, 0xE3, 0xB8, 0xEE, 0x3B, 0x8E, 0xE3, 0xB8, 0xEE,
    0x3B, 0x8E, 0xFF, 0x9F, 0xE3, 0xF0, 0x73, 0x3B, 0x8F, 0x81, 0x00, 0x07, 0x1F, 0x8F, 0xC7, 0xE3,
    0xF1, 0xF8, 0xFC, 0x7E, 0x3F, 0xFD, 0xFE, 0x7E, 0x1E, 0x0D, 0x83, 0x70, 0xD8, 0x1E, 0x00, 0x0E,
    0x3B, 0x8E, 0xE3, 0xB8, 0xEE, 0x3B, 0x8E, 0xE3, 0xB8, 0xEE, 0x3B, 0x8E, 0xE3, 0xBF, 0xE7, 0xF8,
    0xFC, 0x1E, 0x1F, 0x0D, 0xC6, 0xC1, 0xE0, 0x03, 0x8F, 0xC7, 0xE3, 0xF1, 0xF8, 0xFC, 0x7E, 0x3F,
    0x1F, 0xFE, 0xFF, 0x3F, 0x00, 0x08, 0x8F, 0xE7, 0x70, 0x00, 0x00, 0x38, 0xEE, 0x3B, 0x8E, 0xE3,
    0xB8, 0xEE, 0x3B, 0x8E, 0xE3, 0xB8, 0xEE, 0x3B, 0x8E, 0xFF, 0x9F, 0xE3, 0xF0, 0x1D, 0xCE, 0xE7,
    0x70, 0x00, 0x00, 0x38, 0xEE, 0x3B, 0x8E, 0xE3, 0xB8, 0xEE, 0x3B, 0x8E, 0xE3, 0xBF, 0xE7, 0xF8,
    0xFC, 0xE3, 0xB8, 0xEE, 0x3B, 0x8E, 0xE3, 0xB8, 0xEE, 0x3B, 0x8E, 0xE3, 0xB8, 0xEE, 0x3B, 0xFE,
    0x7F, 0x0F, 0x80, 0xC0, 0x70, 0x1F, 0x03, 0xC0, 0x20, 0xE3, 0xF1, 0xF8, 0xFC, 0x7E, 0x3F, 0x1F,
    0x8F, 0xC7, 0xFF, 0xBF, 0x8F, 0x81, 0x81, 0xC0, 0xF8, 0x3C, 0x04, 0x0F, 0x01, 0xF8, 0x3B, 0x80,
    0x00, 0x00, 0x0E, 0xE6, 0xEE, 0x6E, 0xE6, 0xEF, 0xEE, 0xFE, 0xEF, 0xE6, 0xFE, 0x7B, 0xE7, 0xBE,
    0x7B, 0xC7, 0xBC, 0x7B, 0xC7, 0xBC, 0x79, 0xC0, 0x0F, 0x01, 0xF8, 0x3B, 0x80, 0x00, 0x00, 0x0E,
    0xE6, 0xEE, 0x6E, 0xE6, 0xEF, 0xE6, 0xFE, 0x7F, 0xE7, 0xBC, 0x7B, 0xC7, 0xBC, 0x7B, 0xC7, 0x9C,
    0x0F, 0x03, 0xF0, 0xEE, 0x00, 0x00, 0x01, 0xE1, 0xDC, 0x7B, 0x8E, 0x39, 0xC7, 0x70, 0x7E, 0x0F,
    0x81, 0xF0, 0x1C, 0x03, 0x80, 0x70, 0x0E, 0x01, 0xC0, 0x38, 0x00, 0x0F, 0x03, 0xF0, 0xEE, 0x00,
    0x00, 0x01, 0xE1, 0xDC, 0x7B, 0x8E, 0x39, 0xC7, 0x78, 0xEE, 0x0F, 0xC1, 0xF8, 0x3E, 0x03, 0xC0,
    0x78, 0x0E, 0x01, 0xC0, 0x78, 0x0E, 0x00, 0x39, 0x87, 0x78, 0xEE, 0x00, 0x00, 0x01, 0xE1, 0xDC,
    0x7B, 0x8E, 0x39, 0xC7, 0x70, 0x7E, 0x0F, 0x81, 0xF0, 0x1C, 0x03, 0x80, 0x70, 0x0E, 0x01, 0xC0,
    0x38, 0x00, 0x02, 0x07, 0x87, 0x80, 0x00, 0x07, 0xFF, 0xFE, 0xFF, 0x07, 0x07, 0x83, 0x83, 0xC1,
    0xC1, 0xC1, 0xE0, 0xE0, 0xFF, 0xFF, 0xFF, 0xE0, 0x07, 0x07, 0x07, 0x00, 0x00, 0x07, 0xFF, 0xFE,
    0xFF, 0x0F, 0x07, 0x07, 0x07, 0x87, 0x87, 0xFF, 0xFF, 0xFF, 0x1C, 0x0F, 0x07, 0x00, 0x00, 0x07,
    0xFF, 0xFE, 0xFF, 0x07, 0x07, 0x83, 0x83, 0xC1, 0xC1, 0xC1, 0xE0, 0xE0, 0xFF, 0xFF, 0xFF, 0xE0,
    0x1C, 0x0F, 0x07, 0x00, 0x00, 0x07, 0xFF, 0xFE, 0xFF, 0x0F, 0x07, 0x07, 0x07, 0x87, 0x87, 0xFF,
    0xFF, 0xFF, 0x77, 0x1F, 0x87, 0x80, 0x00, 0x07, 0xFF, 0xFE, 0xFF, 0x07, 0x07, 0x83, 0x83, 0xC1,
    0xC1, 0xC1, 0xE0, 0xE0, 0xFF, 0xFF, 0xFF, 0xE0, 0x77, 0x1F, 0x87, 0x80, 0x00, 0x07, 0xFF, 0xFE,
    0xFF, 0x0F, 0x07, 0x07, 0x07, 0x87, 0x87, 0xFF, 0xFF, 0xFF, 0x3F, 0x7F, 0x7F, 0xF0, 0xF0, 0xF0,
    0xF0, 0xF0, 0xF0, 0xF0, 0xF0, 0xF0, 0xF0, 0xF0, 0xF3, 0x8E, 0x39, 0xE7, 0x00, 0x3C, 0x7E, 0x77,
    0xF7, 0xFF, 0x70, 0xFD, 0xFF, 0xF8, 0x67, 0x77, 0x3E, 0x08, 0x7F, 0x70, 0x67, 0xF7, 0x77, 0xF7,
    0xCE, 0xE0, 0x79, 0xFE, 0xDB, 0x78, 0x00, 0x3B, 0x8F, 0xE7, 0x70, 0x77, 0x7E, 0x3C, 0xEE, 0x3B,
    0x8E, 0xE0, 0x39, 0xDC, 0xEF, 0x00, 0x77, 0xFE, 0x7F, 0x70, 0x79, 0xB6, 0xDE, 0x73, 0xB8, 0x03,
    0x3C, 0x73, 0xFD, 0x80, 0x31, 0xC6, 0x1E, 0x7C, 0xFF, 0xF7, 0xFF, 0xFF, 0xFE, 0x00, 0xE0, 0x38,
    0x0E, 0x01, 0x80, 0x70, 0x1C, 0x03, 0x00, 0xE0, 0x38, 0x0E, 0x01, 0xC0, 0x70, 0x00, 0x03, 0x03,
    0x06, 0x06, 0x0E, 0x0C, 0x0C, 0x18, 0x18, 0x38, 0x30, 0x30, 0x60, 0x60, 0xE0, 0x73, 0x3B, 0xDC,
    0xE0, 0x00, 0x07, 0xFF, 0xFF, 0xFF, 0xE0, 0x70, 0x3F, 0xDF, 0xFF, 0xFF, 0x03, 0x81, 0xC0, 0xFF,
    0xFF, 0xFF, 0xE0, 0xFE, 0x1F, 0xC3, 0xF0, 0x1C, 0x03, 0x80, 0x7F, 0x8F, 0xF1, 0xEF, 0x38, 0xE7,
    0x1C, 0xE3, 0x9C, 0x73, 0x8E, 0x71, 0xC0, 0x38, 0x1F, 0x07, 0xC0, 0xF0, 0x06, 0x07, 0x07, 0x00,
    0x00, 0x07, 0xFF, 0xFF, 0xFE, 0xE0, 0x70, 0x38, 0x1C, 0x0E, 0x07, 0x03, 0x81, 0xC0, 0xE0, 0x70,
    0x38, 0x00, 0x3F, 0x1F, 0xEF, 0xFB, 0x8F, 0xE0, 0x3F, 0x8F, 0xE3, 0xF0, 0xE0, 0x38, 0x6E, 0x3F,
    0xFE, 0x7F, 0x8F, 0xC0, 0x3F, 0x1F, 0xEF, 0xFB, 0x8E, 0xE0, 0x3F, 0x07, 0xF0, 0xFE, 0x03, 0x80,
    0x7E, 0x3F, 0xFE, 0x7F, 0x8F, 0xC0, 0xFF, 0xFF, 0xDF, 0xC3, 0x81, 0xC0, 0xE0, 0x70, 0x38, 0x1C,
    0x0E, 0x07, 0x0F, 0xEF, 0xFF, 0xFC, 0x73, 0x3B, 0xDD, 0xC0, 0x00, 0x07, 0xFF, 0xFE, 0xFE, 0x1C,
    0x0E, 0x07, 0x03, 0x81, 0xC0, 0xE0, 0x70, 0x38, 0x7F, 0x7F, 0xFF, 0xE0, 0x01, 0xC0, 0x70, 0x1C,
    0x07, 0x01, 0xC0, 0x70, 0x1C, 0x07, 0x01, 0xF8, 0x7E, 0x1D, 0xFF, 0x7F, 0x8F, 0xC0, 0x3F, 0x01,
    0xF8, 0x0F, 0xC0, 0x76, 0x03, 0xB0, 0x1D, 0xF0, 0xEF, 0xC7, 0x7E, 0x3B, 0x31, 0xD9, 0xCE, 0xCC,
    0xF7, 0xEF, 0x3F, 0x71, 0xF0, 0xE6, 0x0E, 0x60, 0xE6, 0x0E, 0x60, 0xE6, 0x0F, 0xFC, 0xFF, 0xEE,
    0x6E, 0xE6, 0x6E, 0x67, 0xE6, 0x6E, 0x6E, 0xE7, 0xEE, 0x7C, 0xFE, 0x1F, 0xC3, 0xF0, 0x1C, 0x03,
    0xFC, 0x7F, 0x8F, 0xF9, 0xC7, 0x38, 0xE7, 0x1C, 0xE3, 0x9C, 0x73, 0x8E, 0x71, 0xC0, 0x02, 0x03,
    0xC1, 0xE0, 0x00, 0x00, 0x38, 0xFE, 0x3B, 0x8E, 0xE7, 0x39, 0xCF, 0xF3, 0xF8, 0xFE, 0x3B, 0xCE,
    0x73, 0x9E, 0xE3, 0xB8, 0xFE, 0x1C, 0x39, 0x87, 0x70, 0x7C, 0x02, 0x00, 0x01, 0xE1, 0xDC, 0x7B,
    0x8E, 0x39, 0xC7, 0x78, 0xEE, 0x0F, 0xC1, 0xF0, 0x1E, 0x03, 0xC0, 0x70, 0x0E, 0x01, 0xC0, 0x70,
    0x00, 0xE3, 0xF1, 0xF8, 0xFC, 0x7E, 0x3F, 0x1F, 0x8F, 0xC7, 0xE3, 0xF1, 0xF8, 0xFF, 0xFF, 0xFF,
    0xFC, 0x70, 0x38, 0x1C, 0x00, 0x0F, 0x03, 0xE0, 0x7C, 0x0F, 0x81, 0xF8, 0x77, 0x0E, 0xE1, 0xDC,
    0x39, 0xCF, 0xF9, 0xFF, 0x38, 0xE7, 0x0F, 0xE1, 0xC0, 0xFF, 0xBF, 0xEF, 0xF3, 0x80, 0xE0, 0x3F,
    0xCF, 0xFB, 0xFE, 0xE3, 0xF8, 0x7E, 0x3F, 0xFE, 0xFF, 0xBF, 0xC0, 0xFF, 0x3F, 0xEF, 0xFB, 0x8E,
    0xE3, 0xBF, 0xEF, 0xF3, 0xFE, 0xE3, 0xB8, 0x7E, 0x1F, 0xFF, 0xFF, 0xBF, 0xC0, 0xFF, 0xFF, 0xFF,
    0xDC, 0x0E, 0x07, 0x03, 0x81, 0xC0, 0xE0, 0x70, 0x38, 0x1C, 0x0E, 0x07, 0x00, 0x3F, 0xC7, 0xF8,
    0xFF, 0x1C, 0xE3, 0x9C, 0x73, 0x8E, 0x71, 0xCE, 0x39, 0xC7, 0x39, 0xC7, 0x3F, 0xFF, 0xFF, 0xFF,
    0xF8, 0x3F, 0x07, 0xE0, 0xE0, 0xFF, 0xFF, 0xFF, 0xFC, 0x0E, 0x07, 0xFB, 0xFF, 0xFF, 0xE0, 0x70,
    0x38, 0x1F, 0xFF, 0xFF, 0xFC, 0xEE, 0x6E, 0xEE, 0x6E, 0xE7, 0xEC, 0x7F, 0xC7, 0xFC, 0x3F, 0xC3,
    0xFC, 0x7F, 0xC7, 0xEC, 0x7E, 0xEE, 0xEE, 0xEE, 0xEE, 0xE7, 0x1F, 0x8F, 0xF9, 0xFF, 0x38, 0xE0,
    0x3C, 0x1F, 0x03, 0xE0, 0x7E, 0x01, 0xEC, 0x1F, 0xC7, 0xBF, 0xE7, 0xFC, 0x7F, 0x00, 0xE3, 0xB9,
    0xEE, 0x7B, 0x9E, 0xEF, 0xBB, 0xEE, 0xDB, 0xFE, 0xFF, 0xBE, 0xEF, 0xBB, 0xEE, 0xF3, 0xBC, 0xE0,
    0x73, 0x1D, 0xC3, 0xE0, 0x20, 0x00, 0x38, 0xEE, 0x7B, 0x9E, 0xE7, 0xBB, 0xEE, 0xFB, 0xB6, 0xFF,
    0xBF, 0xEF, 0xBB, 0xEE, 0xFB, 0xBC, 0xEF, 0x38, 0xE3, 0xF8, 0xEE, 0x3B, 0x9C, 0xE7, 0x3F, 0xCF,
    0xE3, 0xF8, 0xEF, 0x39, 0xCE, 0x7B, 0x8E, 0xE3, 0xF8, 0x70, 0x3F, 0xCF, 0xF3, 0xFC, 0xE7, 0x39,
    0xCE, 0x73, 0x9C, 0xE7, 0x39, 0xCE, 0x73, 0x9D, 0xE7, 0xF1, 0xF8, 0x70, 0xF3, 0xFD, 0xFF, 0x7F,
    0xDF, 0xFF, 0xFF, 0xFF, 0xDF, 0xF7, 0xE1, 0xF8, 0x7E, 0x1F, 0x87, 0xE1, 0xF8, 0x70, 0xE3, 0xF1,
    0xF8, 0xFC, 0x7E, 0x3F, 0xFF, 0xFF, 0xFF, 0xE3, 0xF1, 0xF8, 0xFC, 0x7E, 0x3F, 0x1C, 0x3F, 0x1F,
    0xEF, 0xFB, 0x8E, 0xE3, 0xB8, 0xEE, 0x3B, 0x8E, 0xE3, 0xB8, 0xEE, 0x3B, 0xFE, 0x7F, 0x8F, 0xC0,
    0xFF, 0xFF, 0xFF, 0xFC, 0x7E, 0x3F, 0x1F, 0x8F, 0xC7, 0xE3, 0xF1, 0xF8, 0xFC, 0x7E, 0x3F, 0x1C,
    0xFF, 0x3F, 0xEF, 0xFF, 0x87, 0xE1, 0xF8, 0xFF, 0xFB, 0xFC, 0xF8, 0x38, 0x0E, 0x03, 0x80, 0xE0,
    0x38, 0x00, 0x3F, 0x1F, 0xEF, 0xFB, 0x8F, 0xE0, 0x38, 0x0E, 0x03, 0x80, 0xE0, 0x38, 0x0E, 0x3F,
    0xFE, 0x7F, 0x8F, 0xC0, 0xFF, 0xFF, 0xFD, 0xFF, 0x07, 0x00, 0xE0, 0x1C, 0x03, 0x80, 0x70, 0x0E,
    0x01, 0xC0, 0x38, 0x07, 0x00, 0xE0, 0x1C, 0x00, 0xF0, 0xEE, 0x3D, 0xC7, 0x1C, 0xE3, 0xBC, 0x77,
    0x07, 0xE0, 0xF8, 0x0F, 0x01, 0xE0, 0x38, 0x07, 0x00, 0xE0, 0x38, 0x00, 0x0E, 0x07, 0xF1, 0xFF,
    0x3F, 0xFE, 0xEF, 0xDD, 0xFB, 0xBF, 0x77, 0xEE, 0xFD, 0xDF, 0xBB, 0xBF, 0xF7, 0xFC, 0x7F, 0x03,
    0x80, 0x70, 0x71, 0xEF, 0x38, 0xEF, 0x1F, 0xC1, 0xF8, 0x3E, 0x03, 0xC0, 0x78, 0x1F, 0x03, 0xF0,
    0xEE, 0x3C, 0xE7, 0x1D, 0xE1, 0xC0, 0xE3, 0xB8, 0xEE, 0x3B, 0x8E, 0xE3, 0xB8, 0xEE, 0x3B, 0x8E,
    0xE3, 0xB8, 0xEE, 0x3B, 0xFF, 0xFF, 0xFF, 0xF0, 0x1C, 0x07, 0x01, 0xC0, 0xE3, 0xF1, 0xF8, 0xFC,
    0x7E, 0x3F, 0x1F, 0xFF, 0xFF, 0x7F, 0x81, 0xC0, 0xE0, 0x70, 0x38, 0x1C, 0x6E, 0xED, 0xDD, 0xBB,
    0xB7, 0x76, 0xEE, 0xDD, 0xDB, 0xBB, 0x77, 0x6E, 0xED, 0xDD, 0xBB, 0xB7, 0x77, 0xFE, 0xFF, 0xC0,
    0x6E, 0xC6, 0xEC, 0x6E, 0xC6, 0xEC, 0x6E, 0xC6, 0xEC, 0x6E, 0xC6, 0xEC, 0x6E, 0xC6, 0xEC, 0x6E,
    0xC6, 0xEC, 0x7F, 0xF7, 0xFF, 0x00, 0x70, 0x07, 0x00, 0x70, 0x7C, 0x07, 0xC0, 0x7C, 0x01, 0xC0,
    0x1C, 0x01, 0xFC, 0x1F, 0xE1, 0xFF, 0x1C, 0x71, 0xC7, 0x1C, 0x71, 0xFF, 0x1F, 0xE1, 0xFC, 0x60,
    0xEC, 0x1D, 0x83, 0xB0, 0x76, 0x0E, 0xF9, 0xDF, 0xBB, 0x77, 0x67, 0xEC, 0xFD, 0x9F, 0xB7, 0xF7,
    0xEE, 0xF9, 0xC0, 0xE0, 0x38, 0x0E, 0x03, 0x80, 0xE0, 0x3F, 0xCF, 0xFB, 0xFF, 0xE1, 0xF8, 0x7E,
    0x1F, 0xFF, 0xFF, 0xBF, 0xC0, 0x7F, 0x7F, 0xFF, 0xFC, 0x70, 0x39, 0xFC, 0xFE, 0x3F, 0x03, 0xF1,
    0xF8, 0xFF, 0xF7, 0xF9, 0xF8, 0x67, 0xCC, 0xFD, 0xBF, 0xB7, 0x76, 0xEE, 0xFD, 0xDF, 0xBB, 0xF7,
    0x6E, 0xED, 0xDD, 0xBB, 0xB7, 0xF6, 0x7E, 0xCF, 0x80, 0x1F, 0xDF, 0xF7, 0xFD, 0xC7, 0x71, 0xDE,
    0x77, 0xFC, 0xFF, 0x1F, 0xCF, 0x73, 0x9C, 0xE7, 0x71, 0xDC, 0x70, 0x3F, 0x3F, 0xFF, 0xE0, 0x77,
    0xFF, 0xFF, 0xFF, 0xC7, 0xFF, 0xFF, 0xDF, 0xE0, 0x0F, 0x8F, 0xE7, 0xFB, 0xE0, 0xE0, 0x3F, 0xCF,
    0xFB, 0xDE, 0xE3, 0xB8, 0xEE, 0x3B, 0x8E, 0xFF, 0x9F, 0xE3, 0xF0, 0xFF, 0x3F, 0xEF, 0xFB, 0xFE,
    0xFF, 0x3F, 0xEE, 0x3B, 0x87, 0xFF, 0xFF, 0xEF, 0xF0, 0xFF, 0xFF, 0xFF, 0xDC, 0x0E, 0x07, 0x03,
    0x81, 0xC0, 0xE0, 0x70, 0x38, 0x00, 0x3F, 0xC7, 0xF8, 0xFF, 0x1C, 0xE3, 0x9C, 0x73, 0x8E, 0x73,
    0x8E, 0x7F, 0xFF, 0xFF, 0xFF, 0xF0, 0x7E, 0x0F, 0xC1, 0xC0, 0x3F, 0x1F, 0xEF, 0xFB, 0x8E, 0xFF,
    0xBF, 0xEF, 0xFB, 0x80, 0xFF, 0x9F, 0xE3, 0xF0, 0xEE, 0x6E, 0xEE, 0x7E, 0xE7, 0xFC, 0x3F, 0xC3,
    0xFC, 0x7F, 0xC7, 0xEC, 0x7E, 0xEE, 0xEE, 0xEE, 0x70, 0x3F, 0x8F, 0xF9, 0xC7, 0x00, 0xE1, 0xF8,
    0x3F, 0x80, 0x73, 0x0F, 0x71, 0xEF, 0xF8, 0xFE, 0x00, 0xE7, 0xF3, 0xF9, 0xFD, 0xFE, 0xFF, 0xFF,
    0xFF, 0xF7, 0xFB, 0xF9, 0xFC, 0xE0, 0x73, 0x3B, 0x8F, 0x81, 0x00, 0x07, 0x3F, 0x9F, 0xCF, 0xEF,
    0xF7, 0xFF, 0xFF, 0xFF, 0xBF, 0xDF, 0xCF, 0xE7, 0xE3, 0xF8, 0xEE, 0x7B, 0x9C, 0xFE, 0x3F, 0x8F,
    0xF3, 0x9C, 0xE3, 0xB8, 0xFE, 0x1C, 0x3F, 0xCF, 0xF3, 0xFC, 0xE7, 0x39, 0xCE, 0x73, 0x9C, 0xE7,
    0x79, 0xFC, 0x7E, 0x1C, 0xF3, 0xFC, 0xFF, 0x7F, 0xFF, 0xFF, 0xFF, 0x7F, 0xDF, 0x87, 0xE1, 0xF8,
    0x7E, 0x1C, 0xE3, 0xF1, 0xF8, 0xFC, 0x7F, 0xFF, 0xFF, 0xFF, 0xC7, 0xE3, 0xF1, 0xF8, 0xE0, 0x3F,
    0x1F, 0xEF, 0xFB, 0x8E, 0xE3, 0xB8, 0xEE, 0x3B, 0x8E, 0xFF, 0x9F, 0xE3, 0xF0, 0xFF, 0xFF, 0xFF,
    0xFC, 0x7E, 0x3F, 0x1F, 0x8F, 0xC7, 0xE3, 0xF1, 0xF8, 0xE0, 0xFF, 0x3F, 0xEF, 0xFB, 0x8E, 0xE3,
    0xB8, 0xEE, 0x3B, 0x8E, 0xFF, 0xBF, 0xEF, 0xF3, 0x80, 0xE0, 0x38, 0x0E, 0x00, 0x3F, 0x1F, 0xEF,
    0xFB, 0x8F, 0xE0, 0x38, 0x0E, 0x03, 0x8F, 0xFF, 0x9F, 0xE3, 0xF0, 0x7F, 0xEF, 0xFD, 0xFF, 0x07,
    0x00, 0xE0, 0x1C, 0x03, 0x80, 0x70, 0x0E, 0x01, 0xC0, 0x38, 0x00, 0xF0, 0xEE, 0x3D, 0xC7, 0x1C,
    0xE3, 0xBC, 0x77, 0x07, 0xE0, 0xFC, 0x1F, 0x01, 0xE0, 0x3C, 0x07, 0x00, 0xE0, 0x3C, 0x07, 0x00,
    0x0E, 0x01, 0xC0, 0x38, 0x1F, 0xC7, 0xFC, 0xFF, 0xFB, 0xBF, 0x77, 0xEE, 0xFD, 0xDF, 0xBB, 0xBF,
    0xF7, 0xFC, 0x7F, 0x03, 0x80, 0x70, 0x0E, 0x01, 0xC0, 0x71, 0xEF, 0x78, 0xEE, 0x0F, 0xC1, 0xF0,
    0x1E, 0x07, 0xC0, 0xFC, 0x3B, 0xCF, 0x39, 0xC7, 0x80, 0xE3, 0xB8, 0xEE, 0x3B, 0x8E, 0xE3, 0xB8,
    0xEE, 0x3B, 0x8E, 0xFF, 0xFF, 0xFF, 0xFC, 0x07, 0x01, 0xC0, 0x70, 0xE3, 0xF1, 0xF8, 0xFC, 0x7F,
    0x3F, 0xFD, 0xFE, 0x3F, 0x03, 0x81, 0xC0, 0xE0, 0x6E, 0xED, 0xDD, 0xBB, 0xB7, 0x76, 0xEE, 0xDD,
    0xDB, 0xBB, 0x77, 0x6E, 0xEF, 0xFD, 0xFF, 0x80, 0x6E, 0xC6, 0xEC, 0x6E, 0xC6, 0xEC, 0x6E, 0xC6,
    0xEC, 0x6E, 0xC6, 0xEC, 0x6E, 0xC7, 0xFF, 0x7F, 0xF0, 0x07, 0x00, 0x70, 0x07, 0x00, 0x00, 0xFC,
    0x1F, 0x81, 0xF0, 0x1F, 0x03, 0xFC, 0x7F, 0xCF, 0x39, 0xE7, 0x3F, 0xE7, 0xFC, 0xFF, 0x00, 0x60,
    0xEC, 0x1D, 0x83, 0xB0, 0x77, 0xCE, 0xFD, 0xD9, 0xFB, 0x3F, 0x67, 0xEF, 0xDD, 0xF3, 0x80, 0xE0,
    0x38, 0x0E, 0x03, 0xF0, 0xFF, 0xBF, 0xFE, 0x3F, 0x87, 0xFF, 0xFF, 0xFF, 0xF8, 0x3F, 0x7F, 0xFF,
    0xFC, 0x71, 0xF8, 0xFC, 0x3F, 0xC7, 0xFF, 0xBF, 0xCF, 0xC0, 0x67, 0xCD, 0xFD, 0xBF, 0xB7, 0x77,
    0xEE, 0xFD, 0xDF, 0xBB, 0x77, 0x6F, 0xED, 0xFD, 0x9F, 0x00, 0x7F, 0xFF, 0xFF, 0xFC, 0x7F, 0x3F,
    0xFD, 0xFE, 0x7F, 0x7B, 0xB9, 0xF8, 0xE0, 0x73, 0x1D, 0xE7, 0x70, 0x00, 0x00, 0x0F, 0xC7, 0xFB,
    0xFE, 0xE3, 0xBF, 0xEF, 0xFB, 0xFE, 0xE0, 0x3F, 0xE7, 0xF8, 0xFC, 0x70, 0x1C, 0x0F, 0xE3, 0xF8,
    0xFE, 0x1F, 0xE7, 0xFD, 0xEF, 0x71, 0xDC, 0x77, 0x1D, 0xC7, 0x71, 0xDC, 0x70, 0x1C, 0x1F, 0x0F,
    0xC3, 0xE0, 0x0E, 0x0F, 0x07, 0x00, 0x00, 0x07, 0xFF, 0xFF, 0xFE, 0xE0, 0x70, 0x38, 0x1C, 0x0E,
    0x07, 0x03, 0x81, 0xC0, 0x3F, 0x1F, 0xEF, 0xFB, 0x86, 0xFC, 0x3F, 0x0F, 0xC3, 0x8F, 0xFF, 0x9F,
    0xE3, 0xF0, 0x7F, 0x3F, 0xEE, 0x3B, 0x80, 0xFF, 0x1F, 0xE1, 0xFB, 0x0F, 0xE3, 0xBF, 0xE7, 0xF0,
    0x1E, 0x07, 0x81, 0xE0, 0x00, 0x00, 0x3F, 0x8F, 0xE1, 0xF8, 0x0E, 0x03, 0x80, 0xE0, 0x38, 0x0E,
    0x1F, 0xEF, 0xFF, 0xFF, 0x73, 0x9E, 0xE7, 0x38, 0x00, 0x00, 0x3F, 0x8F, 0xE1, 0xF8, 0x0E, 0x03,
    0x80, 0xE0, 0x38, 0x0E, 0x1F, 0xEF, 0xFF, 0xFF, 0x07, 0x0F, 0x07, 0x00, 0x00, 0xFF, 0xFF, 0x7F,
    0x07, 0x07, 0x07, 0x07, 0x07, 0x07, 0x07, 0x07, 0x07, 0x7F, 0xFE, 0xFC, 0x3F, 0x81, 0xFC, 0x0F,
    0xE0, 0x77, 0x03, 0xBF, 0x1D, 0xF8, 0xEF, 0xC7, 0x77, 0x7B, 0xF3, 0x9F, 0x9C, 0xF8, 0x67, 0x06,
    0x70, 0x67, 0x06, 0x70, 0x7F, 0xC7, 0xFE, 0x67, 0x66, 0x77, 0x67, 0x66, 0x7E, 0x67, 0xC0, 0x70,
    0x3F, 0x8F, 0xE3, 0xF0, 0x7F, 0x9F, 0xF7, 0xFD, 0xC7, 0x71, 0xDC, 0x77, 0x1D, 0xC7, 0x71, 0xDC,
    0x70, 0x07, 0x03, 0x81, 0xE0, 0x00, 0x00, 0x38, 0xFE, 0x3B, 0x9E, 0xE7, 0x3F, 0x8F, 0xE3, 0xFC,
    0xE7, 0x38, 0xEE, 0x3F, 0x87, 0x39, 0x87, 0x70, 0x7C, 0x02, 0x00, 0x01, 0xE1, 0xDC, 0x7B, 0x8E,
    0x39, 0xC7, 0x78, 0xEE, 0x0F, 0xC1, 0xF8, 0x3E, 0x03, 0xC0, 0x78, 0x0E, 0x01, 0xC0, 0x78, 0x0E,
    0x00, 0xE3, 0xF1, 0xF8, 0xFC, 0x7E, 0x3F, 0x1F, 0x8F, 0xC7, 0xFF, 0xFF, 0xFF, 0xE3, 0x81, 0xC0,
    0xE0, 0x03, 0x81, 0xFF, 0xFF, 0xFF, 0xF7, 0x03, 0x81, 0xC0, 0xE0, 0x70, 0x38, 0x1C, 0x0E, 0x07,
    0x03, 0x81, 0xC0, 0x07, 0x03, 0xBF, 0xDF, 0xEF, 0xF7, 0x03, 0x81, 0xC0, 0xE0, 0x70, 0x38, 0x1C,
    0x0E, 0x00, 0x3F, 0xE7, 0xFC, 0xFF, 0x1C, 0x03, 0x80, 0xFC, 0x3F, 0xC7, 0xF8, 0x38, 0x07, 0x00,
    0xE0, 0x1C, 0x03, 0x80, 0x70, 0x00, 0x3F, 0xE7, 0xFC, 0xFF, 0x1C, 0x07, 0xF1, 0xFE, 0x3F, 0xC1,
    0xC0, 0x38, 0x07, 0x00, 0xE0, 0x00, 0xE3, 0xDC, 0x73, 0x9E, 0x73, 0x8E, 0xF1, 0xFC, 0x3F, 0x87,
    0xF0, 0xEE, 0x1D, 0xE3, 0x9C, 0x73, 0xCE, 0x3F, 0xC7, 0xC0, 0x38, 0x07, 0x00, 0xE0, 0xE3, 0xDC,
    0x73, 0x9E, 0x77, 0x8F, 0xE1, 0xFC, 0x3F, 0xC7, 0x38, 0xE7, 0x9C, 0x7B, 0x8F, 0x00, 0x60, 0x0C,
    0x01, 0x80, 0xE3, 0xB8, 0xEE, 0x3B, 0x8E, 0xE3, 0xBF, 0xEF, 0xFB, 0xFE, 0xE3, 0xB8, 0xEE, 0x3B,
    0x8E, 0xE3, 0xF8, 0xF0, 0x1C, 0x07, 0x01, 0xC0, 0xE3, 0xB8, 0xEE, 0x3B, 0x8E, 0xFF, 0xBF, 0xEF,
    0xFB, 0x8E, 0xE3, 0xB8, 0xFE, 0x3C, 0x07, 0x01, 0xC0, 0x70, 0xF0, 0xEE, 0x3D, 0xC7, 0x1C, 0xE3,
    0xB8, 0x3F, 0x07, 0xC0, 0xF8, 0x0E, 0x01, 0xC0, 0x38, 0x07, 0x00, 0xE0, 0x1C, 0x00, 0x70, 0xEE,
    0x3D, 0xC7, 0x1C, 0xE3, 0x9C, 0x77, 0x07, 0xE0, 0xFC, 0x1F, 0x01, 0xE0, 0x3C, 0x07, 0x00, 0xE0,
    0x1C, 0x03, 0x80, 0xF0, 0xEE, 0x3D, 0xC7, 0x1C, 0xE3, 0xB8, 0x3F, 0x07, 0xC0, 0xF8, 0x0F, 0x07,
    0xF0, 0xFE, 0x07, 0x00, 0xE0, 0x1C, 0x00, 0x70, 0xEE, 0x3D, 0xC7, 0x1C, 0xE3, 0x9C, 0x77, 0x07,
    0xE0, 0xFC, 0x1F, 0x01, 0xE0, 0x3C, 0x1F, 0xC3, 0xF8, 0x1C, 0x03, 0x80, 0x71, 0xCE, 0x39, 0xC7,
    0x38, 0xE7, 0x1C, 0xE3, 0x9F, 0xF3, 0xFE, 0x3F, 0xC0, 0x38, 0x07, 0x00, 0xE0, 0x1E, 0x03, 0xC0,
    0x38, 0x07, 0x00, 0xE0, 0xE3, 0xB8, 0xEE, 0x3B, 0x8E, 0xE3, 0xBF, 0xE7, 0xF8, 0x7E, 0x03, 0x80,
    0xF0, 0x3C, 0x07, 0x01, 0xC0, 0x70, 0xE0, 0x38, 0x0E, 0x03, 0x80, 0xF8, 0x3F, 0xCF, 0xFB, 0x8E,
    0xE3, 0xF8, 0x7E, 0x1F, 0x87, 0xE1, 0xF8, 0x70, 0xE0, 0x38, 0x0E, 0x03, 0xF0, 0xFF, 0x3F, 0xEE,
    0x3B, 0x8F, 0xE3, 0xF8, 0xFE, 0x3C, 0x3F, 0x1F, 0xEF, 0xFB, 0x8E, 0x03, 0x9F, 0xEF, 0xFB, 0xFE,
    0xE3, 0xB8, 0xEE, 0x3B, 0xFE, 0x7F, 0x8F, 0xC0, 0x3F, 0x1F, 0xEF, 0xF9, 0x0E, 0x03, 0xBF, 0xEF,
    0xFB, 0xFE, 0xFF, 0x9F, 0xE3, 0xF0, 0x39, 0x83, 0xBC, 0x3B, 0x80, 0x00, 0x00, 0x0E, 0xE6, 0xEE,
    0xE6, 0xEE, 0x7E, 0xC7, 0xFC, 0x7F, 0xC3, 0xFC, 0x3F, 0xC7, 0xFC, 0x7E, 0xC7, 0xEE, 0xEE, 0xEE,
    0xEE, 0xEE, 0x70, 0x39, 0x83, 0xBC, 0x3B, 0x80, 0x00, 0x00, 0x0E, 0xE6, 0xEE, 0xE7, 0xEE, 0x7F,
    0xC3, 0xFC, 0x3F, 0xC7, 0xFC, 0x7E, 0xC7, 0xEE, 0xEE, 0xEE, 0xE7, 0x39, 0x87, 0x78, 0xEE, 0x00,
    0x00, 0x00, 0x3F, 0x1F, 0xF3, 0xFE, 0x71, 0xC0, 0x78, 0x3E, 0x07, 0xC0, 0xFC, 0x03, 0xD8, 0x3F,
    0x8F, 0x7F, 0xCF, 0xF8, 0xFE, 0x00, 0x39, 0x87, 0x78, 0xEE, 0x00, 0x00, 0x00, 0x7F, 0x1F, 0xF3,
    0x8E, 0x01, 0xC3, 0xF0, 0x7F, 0x00, 0xE6, 0x1E, 0xE3, 0xDF, 0xF1, 0xFC, 0x73, 0x1D, 0xE7, 0x70,
    0x00, 0x00, 0x38, 0xEE, 0x7B, 0x9E, 0xE7, 0xBB, 0xEE, 0xFB, 0xB6, 0xFF, 0xBF, 0xEF, 0xBB, 0xEE,
    0xFB, 0xBC, 0xEF, 0x38, 0x73, 0x3B, 0xDD, 0xC0, 0x00, 0x07, 0x3F, 0x9F, 0xCF, 0xEF, 0xF7, 0xFF,
    0xFF, 0xFF, 0xBF, 0xDF, 0xCF, 0xE7, 0x73, 0x1D, 0xE7, 0x70, 0x00, 0x00, 0x0F, 0xC7, 0xFB, 0xFE,
    0xE3, 0xB8, 0xEE, 0x3B, 0x8E, 0xE3, 0xB8, 0xEE, 0x3B, 0x8E, 0xFF, 0x9F, 0xE3, 0xF0, 0x73, 0x1D,
    0xE7, 0x70, 0x00, 0x00, 0x0F, 0xC7, 0xFB, 0xFE, 0xE3, 0xB8, 0xEE, 0x3B, 0x8E, 0xE3, 0xBF, 0xE7,
    0xF8, 0xFC, 0x3F, 0x1F, 0xEF, 0xFB, 0x8E, 0xE3, 0xBF, 0xEF, 0xFB, 0xFE, 0xE3, 0xB8, 0xEE, 0x3B,
    0xFE, 0x7F, 0x8F, 0xC0, 0x3F, 0x1F, 0xEF, 0xFB, 0xFE, 0xFF, 0xBF, 0xEE, 0x3B, 0x8E, 0xFF, 0x9F,
    0xE3, 0xF0, 0x73, 0x3B, 0xDD, 0xC0, 0x00, 0x07, 0x1F, 0x8F, 0xC7, 0xE3, 0xF1, 0xF8, 0xFF, 0xFF,
    0xFB, 0xFC, 0x0E, 0x07, 0x03, 0x81, 0xC0, 0xE0, 0x73, 0x3B, 0xDD, 0xC0, 0x00, 0x07, 0x1F, 0x8F,
    0xC7, 0xE3, 0xF9, 0xFF, 0xEF, 0xF1, 0xF8, 0x1C, 0x0E, 0x07, 0x7D, 0xFF, 0xF8, 0x7F, 0xFF, 0xFF,
    0xE0, 0xFF, 0xEF, 0xFF, 0xFF, 0xF0, 0x73, 0xB9, 0xDC, 0xEE, 0x77, 0x3B, 0x9D, 0xCE, 0xE7, 0x73,
    0xB9, 0xDC, 0xEE, 0x77, 0x3B, 0x9D, 0xCE, 0xE7, 0x73, 0xB9, 0xC0, 0x7B, 0x9D, 0xEF, 0x38, 0x79,
    0xCE, 0x77, 0x38, 0x79, 0xCE, 0x77, 0x38, 0x77, 0xBC, 0xE7, 0x3C, 0x7B, 0xBB, 0x9D, 0xDC, 0xEE,
    0x73, 0xB8, 0x77, 0xBD, 0xCE, 0xEE, 0x77, 0x7F, 0xB8, 0x73, 0x9E, 0xE3, 0xB9, 0xCE, 0x73, 0xBD,
    0xC0, 0x77, 0xF3, 0xB9, 0xCE, 0xE7, 0x7B, 0xDC, 0x1C, 0x0E, 0x07, 0x0F, 0xFF, 0xFF, 0xFC, 0x70,
    0x38, 0x1C, 0x0E, 0x07, 0x03, 0x81, 0xC0, 0xE0, 0x70, 0x38, 0x1C, 0x0E, 0x00, 0x1C, 0x0E, 0x07,
    0x03, 0x8F, 0xFF, 0xFD, 0xFE, 0x38, 0x1C, 0x0E, 0x07, 0x1F, 0xFF, 0xFB, 0xFC, 0x70, 0x38, 0x1C,
    0x0E, 0x00, 0x7B, 0xEF, 0xBE, 0x78, 0x73, 0xDE, 0xE0, 0x6E, 0xEF, 0xDD, 0xFB, 0xB7, 0x70, 0x78,
    0xE3, 0xE6, 0x1B, 0x70, 0xDB, 0x07, 0xF0, 0x0B, 0x80, 0x18, 0x01, 0xC0, 0x0F, 0xF8, 0xFF, 0xCF,
    0xB6, 0x6D, 0xB7, 0x7F, 0xB1, 0xFC, 0x7B, 0x9C, 0xEF, 0x70, 0x7B, 0xBB, 0xDD, 0xEE, 0xEF, 0x77,
    0x38, 0x7F, 0xFF, 0xFE, 0xFE, 0xEE, 0xEE, 0xEF, 0xEE, 0xFC, 0x1E, 0x38, 0xE3, 0x8F, 0x0E, 0x0E,
    0x0E, 0x1E, 0x70, 0xF0, 0xF0, 0xE0, 0xE3, 0x8F, 0x3C, 0x70, 0x77, 0xBB, 0xDD, 0xEE, 0x77, 0x3B,
    0x9D, 0xCE, 0xE7, 0x73, 0xB9, 0x80, 0x04, 0x0F, 0x7B, 0xBC, 0xFC, 0xFE, 0x7F, 0x77, 0x7F, 0x7E,
    0x7C, 0x70, 0x70, 0x30, 0x00, 0x20, 0x78, 0x78, 0x7F, 0xF7, 0xFF, 0xFF, 0xFE, 0xE0, 0x7E, 0x0F,
    0xFF, 0xE7, 0xFC, 0x00, 0x38, 0x03, 0x80, 0x38, 0x01, 0xC0, 0x1C, 0x01, 0xC0, 0x0C, 0x00, 0xE0,
    0x0E, 0x00, 0x60, 0x07, 0x00, 0x70, 0x03, 0x00, 0x38, 0x00, 0x7B, 0xFF, 0xF8, 0xE3, 0x8E, 0x38,
    0xFF, 0xFF, 0xB8, 0xE3, 0x8E, 0x38, 0xFB, 0xFF, 0xC0, 0x7F, 0xFF, 0xC7, 0x1C, 0x71, 0xC7, 0xFF,
    0xF7, 0xC7, 0x1C, 0x71, 0xC7, 0x7F, 0xFF, 0xC0, 0x7C, 0xFF, 0x9F, 0x3E, 0x7C, 0xF9, 0xBF, 0x7C,
    0x1C, 0x70, 0xE3, 0x86, 0x7F, 0xFF, 0xBF, 0x06, 0x7E, 0xFD, 0xC3, 0xE7, 0xE0, 0xF9, 0xBF, 0x7C,
    0x18, 0x70, 0xC3, 0xEF, 0xF8, 0xF9, 0xFF, 0x7C, 0xFF, 0xFF, 0xB8, 0x61, 0xC3, 0x86, 0x1C, 0x30,
    0x7D, 0xFF, 0x9B, 0xF7, 0xDF, 0xF1, 0xFF, 0x7C, 0x7C, 0xFF, 0x9F, 0x3F, 0xEF, 0x8F, 0x0C, 0x38,
    0x33, 0xEF, 0xFE, 0x30, 0x7D, 0xFD, 0xFB, 0xEF, 0xEF, 0xC0, 0x7C, 0xFF, 0x9F, 0x3E, 0x7C, 0xF9,
    0xBF, 0x7C, 0x38, 0x78, 0xF8, 0x18, 0x18, 0x18, 0x18, 0x7E, 0xFF, 0x7C, 0xFF, 0x98, 0x30, 0xE7,
    0x9E, 0x3F, 0xFE, 0x7E, 0xFC, 0x70, 0xE1, 0xE0, 0xF9, 0xFF, 0x7C, 0x1C, 0x70, 0xE3, 0x86, 0x7F,
    0xFF, 0xBF, 0x06, 0x7E, 0xFD, 0xC3, 0xE7, 0xE0, 0xF9, 0xBF, 0x7C, 0x18, 0x70, 0xC3, 0xEF, 0xF8,
    0xF9, 0xFF, 0x7C, 0xFF, 0xFF, 0xB8, 0x61, 0xC3, 0x86, 0x1C, 0x30, 0x7D, 0xFF, 0x9B, 0xF7, 0xDF,
    0xF1, 0xFF, 0x7C, 0x7C, 0xFF, 0x9F, 0x3F, 0xEF, 0x8F, 0x0C, 0x38, 0x07, 0xC1, 0xFC, 0x3F, 0x81,
    0xC0, 0x38, 0xFF, 0x1F, 0xE7, 0xBC, 0xE3, 0x9C, 0x73, 0xFE, 0x3F, 0xC7, 0xF8, 0x00, 0x3F, 0xE7,
    0xFC, 0x7F, 0x80, 0x1F, 0x87, 0xF9, 0xFF, 0x38, 0x6F, 0xE1, 0xFC, 0x3F, 0x87, 0xF0, 0xFE, 0x0E,
    0x19, 0xC7, 0xBF, 0xE3, 0xFC, 0x3F, 0x00, 0xFF, 0xFF, 0xFD, 0xFF, 0x07, 0x00, 0xEC, 0x1F, 0x9F,
    0xF3, 0xF2, 0x6F, 0xC7, 0xF9, 0xFC, 0x3F, 0x00, 0xE0, 0x1C, 0x00, 0x1F, 0x87, 0xF9, 0xFF, 0x00,
    0xEF, 0xFF, 0xFF, 0xDF, 0xF7, 0xFF, 0xFF, 0xEF, 0xF9, 0xC7, 0x3F, 0xE3, 0xF8, 0x3E, 0x00, 0x7F,
    0x8F, 0xF9, 0xFF, 0xBC, 0x77, 0x8E, 0xFF, 0xFF, 0xF7, 0xFC, 0x78, 0x1F, 0xF3, 0xFE, 0x3F, 0x87,
    0x80, 0xF0, 0x00, 0x34, 0x0D, 0x03, 0x43, 0xFC, 0xFF, 0xBF, 0xEE, 0x3B, 0x8E, 0xFF, 0xBF, 0xCF,
    0xFB, 0x8E, 0xE1, 0xF8, 0x7F, 0xFF, 0xFE, 0xFF, 0x0D, 0x03, 0x40, 0xD0, 0x0E, 0x01, 0xE0, 0x3C,
    0x03, 0x80, 0x78, 0x0F, 0xFE, 0xFF, 0xE7, 0x00, 0x38, 0x03, 0xC0, 0x1E, 0x00, 0xE0, 0x00, 0x00,
    0xC0, 0x7C, 0x1F, 0xC7, 0xFD, 0xFF, 0xFB, 0xBE, 0x71, 0x0E, 0x01, 0xC0, 0x38, 0x07, 0x00, 0xE0,
    0x1C, 0x03, 0x80, 0x0E, 0x00, 0x70, 0x07, 0x80, 0x3C, 0x01, 0xEF, 0xFE, 0xFF, 0xE0, 0x1C, 0x03,
    0xC0, 0x78, 0x07, 0x00, 0xE0, 0x0E, 0x01, 0xC0, 0x38, 0x07, 0x00, 0xE0, 0x1C, 0x03, 0x86, 0x71,
    0xEE, 0xFF, 0xFD, 0xFF, 0x1F, 0xC1, 0xF0, 0x0C, 0x00, 0x00, 0x0E, 0xE0, 0x1E, 0x70, 0x3C, 0x78,
    0x38, 0x3C, 0x78, 0x1C, 0xFF, 0xFE, 0xFF, 0xFE, 0x70, 0x1C, 0x38, 0x3C, 0x1C, 0x78, 0x1E, 0x70,
    0x0E, 0xE0, 0x00, 0x01, 0xC0, 0x7C, 0x1F, 0xC7, 0xFD, 0xFF, 0xFB, 0x9E, 0x71, 0x0E, 0x01, 0xC0,
    0x38, 0x07, 0x00, 0xE0, 0x1C, 0x33, 0x8F, 0x73, 0xFE, 0xEF, 0xFC, 0xFE, 0x0F, 0x80, 0xE0, 0x00,
    0x00, 0xFF, 0xBF, 0xEF, 0x83, 0xF0, 0xFE, 0x3B, 0xCE, 0x7B, 0x8F, 0x61, 0xC0, 0x20, 0x3F, 0xEF,
    0xFC, 0x0F, 0x83, 0xF0, 0xFE, 0x3D, 0xCF, 0x3B, 0xC7, 0x70, 0xC4, 0x10, 0x20, 0x8E, 0x19, 0xE3,
    0x9E, 0x71, 0xEE, 0x1F, 0xC1, 0xF8, 0x1F, 0x7F, 0xE7, 0xFC, 0x20, 0x98, 0x7E, 0x3F, 0x9E, 0xEF,
    0x3F, 0x8F, 0xC3, 0xE0, 0xFF, 0xFF, 0xE0, 0x03, 0xE0, 0x3F, 0x79, 0xFF, 0xFF, 0xCF, 0x70, 0x02,
    0x33, 0x86, 0x70, 0xFF, 0xEF, 0xFF, 0xEE, 0x07, 0x70, 0x33, 0x80, 0x19, 0xC0, 0xCE, 0xFF, 0xEF,
    0xFF, 0x0E, 0xE1, 0xDC, 0x19, 0x80, 0x30, 0xE6, 0x1C, 0xFF, 0x8F, 0xF8, 0xE1, 0xC7, 0x0E, 0x30,
    0x60, 0xE1, 0xC7, 0x0E, 0x3F, 0xE3, 0xFF, 0x38, 0xE7, 0x1C, 0xE1, 0x80, 0x18, 0x7C, 0xFE, 0xFF,
    0xBB, 0x38, 0x38, 0x38, 0x38, 0xFF, 0xFF, 0xC1, 0xCC, 0x0E, 0xFF, 0xEF, 0xFF, 0xC0, 0xEC, 0x1C,
    0xC1, 0x80, 0xFF, 0xFF, 0x38, 0x38, 0x38, 0x38, 0xB9, 0xFB, 0xFF, 0x7E, 0x38, 0x07, 0x80, 0x7C,
    0x01, 0xE0, 0x0E, 0x1C, 0x73, 0x8E, 0x71, 0xEF, 0xFE, 0xFF, 0x87, 0x00, 0x38, 0x01, 0xC0, 0x3C,
    0x07, 0xC0, 0xF0, 0x0E, 0x00, 0xE3, 0x8E, 0x1C, 0xF1, 0xC7, 0xFE, 0x3F, 0xE0, 0x1C, 0x01, 0xC0,
    0x38, 0x31, 0x87, 0xFC, 0xFF, 0xEF, 0xBF, 0xF1, 0xE6, 0x0E, 0x31, 0xC0, 0x03, 0x0E, 0x3C, 0xDB,
    0x3C, 0x30, 0xC3, 0x0C, 0x30, 0xC3, 0x0C, 0x30, 0xC3, 0x0C, 0x30, 0x01, 0xC0, 0x0E, 0xFF, 0xEF,
    0xFF, 0x00, 0xE0, 0x0C, 0x01, 0xC0, 0x0E, 0xFF, 0xEF, 0xFF, 0x00, 0xE0, 0x1C, 0x0C, 0x01, 0xC0,
    0x38, 0x03, 0xFF, 0x7F, 0xFE, 0x00, 0xE0, 0x07, 0xFF, 0x3F, 0xF3, 0x80, 0x1C, 0x00, 0xC0, 0x00,
    0x00, 0x64, 0x07, 0x30, 0x79, 0xC6, 0xCB, 0x66, 0x4C, 0x32, 0x01, 0x90, 0x0C, 0x80, 0x64, 0x03,
    0x20, 0x19, 0x00, 0xC8, 0x06, 0x40, 0x32, 0x01, 0x90, 0x0C, 0x80, 0x64, 0x03, 0x20, 0x19, 0x00,
    0x06, 0x00, 0x70, 0x03, 0x8F, 0xFC, 0xFF, 0xE0, 0x0E, 0x00, 0xEF, 0xFE, 0xFF, 0xC0, 0x38, 0x07,
    0x00, 0x60, 0x0C, 0x80, 0x64, 0x03, 0x20, 0x19, 0x00, 0xC8, 0x06, 0x40, 0x32, 0x01, 0x90, 0x0C,
    0x80, 0x64, 0x03, 0x20, 0x19, 0x00, 0xC8, 0x06, 0x43, 0x32, 0x6D, 0x96, 0x3C, 0xE0, 0xE6, 0x03,
    0x20, 0x00, 0x00, 0x0E, 0xE0, 0x1C, 0xE0, 0x70, 0xE1, 0xFF, 0xC7, 0xFF, 0xDE, 0x01, 0xF8, 0x03,
    0xBF, 0xFE, 0x3F, 0xF8, 0x38, 0x70, 0x39, 0xC0, 0x77, 0x00, 0x06, 0x00, 0x70, 0xFF, 0x8F, 0xFC,
    0x00, 0xC0, 0x0E, 0xFF, 0xFF, 0xFE, 0x01, 0xCF, 0xF8, 0xFF, 0x00, 0x70, 0x08, 0x0E, 0x07, 0x87,
    0xE7, 0xF8, 0xE0, 0x71, 0xFF, 0x7F, 0x8E, 0x1F, 0xFF, 0xF1, 0xC0, 0xE0, 0x70, 0x1C, 0x0E, 0x07,
    0x1F, 0xF7, 0xF8, 0xE1, 0xFF, 0xFF, 0x1C, 0x0E, 0x1F, 0xE7, 0xE1, 0xE0, 0xE0, 0x20, 0x1C, 0x60,
    0xE6, 0x07, 0x6F, 0xFE, 0xFF, 0xE0, 0x76, 0x0E, 0x61, 0xC6, 0x00, 0x00, 0x60, 0x0F, 0x01, 0xB0,
    0x31, 0x86, 0x0C, 0xF9, 0xE1, 0x90, 0x19, 0x01, 0x90, 0x19, 0x01, 0x90, 0x19, 0x01, 0x90, 0x19,
    0x01, 0xF0, 0x00, 0x00, 0x60, 0x07, 0x00, 0x78, 0xFE, 0xC8, 0x06, 0x80, 0x38, 0x06, 0xFE, 0xC0,
    0x78, 0x07, 0x00, 0x60, 0x00, 0x00, 0x00, 0x00, 0x60, 0x0F, 0x01, 0xB0, 0x31, 0x86, 0x0C, 0xF9,
    0xE1, 0x90, 0x19, 0x01, 0x90, 0x1F, 0x00, 0x00, 0x1F, 0x01, 0x90, 0x19, 0x01, 0xF0, 0xE0, 0xEE,
    0x1D, 0xC3, 0xB8, 0xE7, 0xFC, 0x7F, 0x8E, 0x71, 0xDC, 0x3B, 0x83, 0xF0, 0x7E, 0x0F, 0x81, 0xF0,
    0x1E, 0x03, 0xC0, 0x7C, 0x7E, 0xFE, 0xEE, 0xE0, 0xE0, 0xE6, 0xEE, 0xFE, 0x7E, 0x7C, 0x3C, 0x07,
    0x80, 0x70, 0x1E, 0x3F, 0x9F, 0xEF, 0x7B, 0x8E, 0xE3, 0xB8, 0xEE, 0x3B, 0xCE, 0x7F, 0x8F, 0xC0,
    0xFF, 0xFF, 0xC0, 0xE0, 0x70, 0x38, 0x1D, 0xFE, 0xFF, 0x03, 0x81, 0xC0, 0xE0, 0x7F, 0xFF, 0xFC,
    0x03, 0x81, 0xBF, 0xFF, 0xF0, 0x78, 0x7C, 0x3E, 0x1F, 0x7F, 0xBF, 0xC6, 0xE7, 0x73, 0x3B, 0x9F,
    0xFF, 0xFF, 0xE0, 0x60, 0x00, 0x00, 0x30, 0x7F, 0x0F, 0xF8, 0xFB, 0xE7, 0x1F, 0x39, 0xDF, 0xCC,
    0xFC, 0xE7, 0x7E, 0x3B, 0xE3, 0x9F, 0x7C, 0x7F, 0xC3, 0xFC, 0x38, 0x00, 0x0F, 0x03, 0xE0, 0x7C,
    0x0F, 0x81, 0xF8, 0x77, 0x0E, 0xE1, 0xDC, 0x39, 0xCE, 0x39, 0xC7, 0x3F, 0xE7, 0xFF, 0xFF, 0xC0,
    0x00, 0x1F, 0xFD, 0xFF, 0xB8, 0xE7, 0x1C, 0xF3, 0x8E, 0x71, 0xDC, 0x3B, 0x87, 0x70, 0x7E, 0x0F,
    0x81, 0xF0, 0x3E, 0x03, 0xC0, 0x00, 0x07, 0xFD, 0xFF, 0xF8, 0x0E, 0x01, 0xFF, 0xFF, 0xFF, 0x00,
    0xE0, 0x0F, 0x01, 0xFF, 0x9F, 0xF0, 0x01, 0x80, 0x30, 0x06, 0x1F, 0xF7, 0xFF, 0xE6, 0x39, 0x87,
    0xFF, 0xFF, 0xFD, 0x83, 0xF0, 0x3E, 0x07, 0xFE, 0x7F, 0xCE, 0x01, 0x80, 0x30, 0x00, 0xFF, 0x08,
    0x3F, 0xC3, 0xF0, 0x00, 0x1F, 0xF3, 0xFF, 0x00, 0xF0, 0x0F, 0xFF, 0xFF, 0xF8, 0x07, 0x00, 0xE0,
    0x3F, 0xFF, 0x7F, 0xC0, 0x01, 0x80, 0x30, 0x06, 0x7F, 0xCF, 0xFC, 0x07, 0xC1, 0xBF, 0xFF, 0xFF,
    0xE1, 0x9C, 0x33, 0x8E, 0xFF, 0xFD, 0xFF, 0x0E, 0x01, 0x80, 0x30, 0x00, 0xFE, 0xFF, 0xFF, 0xFF,
    0xFF, 0xFF, 0xFF, 0xFF, 0xFF, 0xFF, 0x7F, 0xFF, 0xFF, 0xFF, 0xBC, 0xE7, 0x9C, 0xF3, 0x9E, 0x73,
    0xCE, 0x79, 0xCF, 0x39, 0xE7, 0x3C, 0xE7, 0x9C, 0xF3, 0x9E, 0x73, 0xCE, 0x79, 0xCF, 0x38, 0x71,
    0xCE, 0x39, 0xC7, 0x38, 0xE7, 0x1C, 0xE3, 0x9C, 0x73, 0x8E, 0x71, 0xCE, 0x39, 0xC7, 0x38, 0xE7,
    0x1C, 0xE3, 0x9C, 0x73, 0xFF, 0xFF, 0xFF, 0xFC, 0xFF, 0xBF, 0xFF, 0xFF, 0xC0, 0x70, 0x1E, 0x03,
    0xC0, 0x78, 0x0E, 0x03, 0xC0, 0xE0, 0x78, 0x3C, 0x1E, 0x07, 0x03, 0xFE, 0xFF, 0xFF, 0xF0, 0x7D,
    0xFF, 0xF8, 0xFF, 0xFF, 0xE1, 0xC0, 0x70, 0xFF, 0xBF, 0xFF, 0xFC, 0x70, 0x1C, 0x07, 0x01, 0xC0,
    0x00, 0x38, 0x03, 0x80, 0x38, 0x01, 0xC0, 0x1C, 0x01, 0xC0, 0x0C, 0x00, 0xE0, 0x0E, 0x00, 0x60,
    0x07, 0x00, 0x70, 0x03, 0x00, 0x38, 0x00, 0x7E, 0xF3, 0xB7, 0x80, 0x73, 0xDE, 0xE0, 0x00, 0x70,
    0x0E, 0x00, 0xE6, 0x0E, 0xF0, 0xEF, 0x9C, 0x39, 0xC3, 0x9C, 0x3B, 0x81, 0xF8, 0x1F, 0x81, 0xF8,
    0x0F, 0x00, 0xF0, 0x0F, 0x00, 0x7F, 0xDF, 0xFF, 0xB9, 0xF3, 0x3E, 0xF6, 0xF7, 0xC0, 0x00, 0xFF,
    0xFF, 0xFF, 0xFF, 0xFF, 0xC0, 0x1C, 0x0E, 0x07, 0x03, 0xF1, 0xF0, 0xF0, 0x78, 0x38, 0x3C, 0x1E,
    0x1F, 0x0F, 0x81, 0xC0, 0xE0, 0xEF, 0xDF, 0xBF, 0x7E, 0xFD, 0xFB, 0xF7, 0xEF, 0xDF, 0xBF, 0x7E,
    0xFD, 0xC0, 0x0F, 0x03, 0xE0, 0x7C, 0x0F, 0xC3, 0xF8, 0x77, 0x0E, 0x73, 0x8E, 0x71, 0xCE, 0x1C,
    0x70, 0xEE, 0x3D, 0xC7, 0x3C, 0xE3, 0xBC, 0x77, 0x07, 0xE0, 0xFC, 0x1F, 0x01, 0xE0, 0x00, 0x03,
    0xFC, 0x7F, 0xEF, 0x1E, 0xE0, 0xEE, 0x0E, 0xE0, 0xEE, 0x0E, 0xE0, 0xEE, 0x0E, 0xE0, 0xEE, 0x0E,
    0xE0, 0xEE, 0x0E, 0xE0, 0xE0, 0xE0, 0xEE, 0x0E, 0xE0, 0xEE, 0x0E, 0xE0, 0xEE, 0x0E, 0xE0, 0xEE,
    0x0E, 0xE0, 0xEE, 0x0E, 0xE0, 0xEF, 0x9E, 0x7F, 0xE3, 0xFC, 0x00, 0x00, 0xFC, 0x3F, 0x87, 0x00,
    0xE0, 0x1C, 0x03, 0x80, 0x70, 0x0E, 0x01, 0xC0, 0x38, 0x07, 0x00, 0xE0, 0x1C, 0x03, 0x87, 0xF0,
    0xFC, 0x1F, 0x00, 0x0E, 0x00, 0xF0, 0x0E, 0x00, 0x00, 0x00, 0x00, 0x00, 0x00, 0x00, 0x00, 0xE0,
    0xEF, 0x0E, 0xF0, 0xE0, 0xE0, 0xEF, 0x0E, 0xF0, 0xE0, 0x00, 0x00, 0x00, 0x00, 0x00, 0x00, 0x00,
    0x0E, 0x00, 0xF0, 0x0E, 0x00, 0x73, 0xDC, 0x00, 0x00, 0x00, 0x73, 0xDC, 0x71, 0xCF, 0x3D, 0xE7,
    0x98, 0x60, 0x00, 0x00, 0x0C, 0x33, 0xCF, 0x79, 0xEE, 0x38, 0x38, 0x78, 0xF0, 0x07, 0xDF, 0xFF,
    0x80, 0x00, 0xF0, 0x0F, 0x00, 0xF0, 0x00, 0xFE, 0x0F, 0xE0, 0x00, 0xF0, 0x0F, 0x00, 0xF0, 0x3C,
    0xEF, 0xDD, 0xFB, 0xB3, 0xE6, 0x3C, 0x7C, 0xDF, 0xDF, 0xB9, 0xF7, 0x3F, 0x7E, 0xE7, 0x80, 0x7C,
    0xEF, 0xDD, 0xBF, 0xB3, 0xE0, 0x00, 0xFF, 0x9F, 0xFB, 0xFF, 0x3C, 0xEF, 0xDD, 0xFB, 0xB3, 0xE6,
    0x3C, 0x00, 0x1F, 0xFB, 0xFF, 0x00, 0x00, 0x00, 0x00, 0x3F, 0xF7, 0xFE, 0x01, 0xC7, 0xB1, 0xFF,
    0xBF, 0xF6, 0x7E, 0xCF, 0x81, 0x83, 0xFF, 0x7F, 0xE1, 0x80, 0x30, 0x0E, 0x07, 0xFE, 0xFF, 0xCE,
    0x01, 0x80, 0x30, 0x00, 0x3C, 0xEF, 0xDD, 0xFB, 0xB3, 0xE6, 0x3C, 0x79, 0xDF, 0xBB, 0xF7, 0x67,
    0xCC, 0x78, 0x01, 0x80, 0x30, 0x0E, 0x01, 0x87, 0xFE, 0xFF, 0xDB, 0xFB, 0x3E, 0x3C, 0xEF, 0xDD,
    0xFB, 0xBF, 0xE7, 0xFC, 0x30, 0x0C, 0x01, 0x80, 0x3C, 0xEF, 0xDD, 0xFF, 0x31, 0xE0, 0x00, 0xFD,
    0xDF, 0xFB, 0x3E, 0x00, 0x07, 0x9D, 0xFB, 0xBF, 0xE6, 0x7C, 0xE0, 0xEF, 0x1E, 0x7F, 0xE3, 0xFC,
    0x00, 0x03, 0xFC, 0x7F, 0xEF, 0x1E, 0xE0, 0xE0, 0x70, 0x03, 0xFF, 0xDD, 0xFE, 0x00, 0x00, 0x00,
    0x01, 0xF9, 0xDF, 0xEF, 0xFF, 0x70, 0x00, 0x00, 0x1F, 0x0F, 0x86, 0xC3, 0xE0, 0x40, 0x01, 0xFF,
    0xFF, 0xBF, 0x80, 0x0F, 0xEF, 0xFF, 0xFC, 0x00, 0x1F, 0x07, 0xC0, 0xE1, 0xE0, 0xC0, 0x00, 0x30,
    0x08, 0x7F, 0xFF, 0xEF, 0xE0, 0x03, 0xFB, 0xFF, 0xFF, 0x03, 0x01, 0x81, 0xC0, 0xC0, 0x67, 0xFF,
    0xFE, 0xFF, 0x1C, 0x3F, 0xFF, 0xFF, 0xF3, 0x01, 0x81, 0xC0, 0xC0, 0x00, 0x7F, 0xFF, 0xE0, 0x00,
    0x07, 0xFF, 0xFE, 0x00, 0x00, 0x00, 0x3F, 0xFF, 0xF0, 0x03, 0x01, 0x81, 0xDF, 0xFF, 0xF8, 0x70,
    0x31, 0xFF, 0xFF, 0x8C, 0x06, 0x03, 0x0F, 0xFF, 0xFC, 0xC0, 0xE0, 0x60, 0x00, 0xFF, 0xFF, 0xC0,
    0x1F, 0xFF, 0xF8, 0x03, 0xFF, 0xFF, 0x00, 0x7F, 0xFF, 0xE0, 0x01, 0x83, 0xC7, 0xEF, 0xCF, 0x87,
    0x83, 0xF0, 0x7E, 0x0F, 0x81, 0xC0, 0x20, 0x0F, 0xFF, 0xFC, 0xC0, 0x78, 0x3F, 0x07, 0xE0, 0xF8,
    0x1C, 0x3E, 0xFE, 0xFC, 0x78, 0x20, 0x00, 0x0F, 0xFF, 0xFC, 0x00, 0x10, 0xE7, 0x1C, 0xF7, 0xFE,
    0xF7, 0x8E, 0x70, 0xE7, 0x07, 0xBC, 0x3D, 0xE1, 0xE7, 0x06, 0x30, 0x84, 0x0C, 0x60, 0xE7, 0x87,
    0xBC, 0x3D, 0xF0, 0xE7, 0x1C, 0xF7, 0xDE, 0xF7, 0x8E, 0x70, 0x86, 0x00, 0xCF, 0xF7, 0xB6, 0xCE,
    0x38, 0xE3, 0xCF, 0x37, 0x9E, 0xFC, 0x00, 0x01, 0x80, 0x38, 0xE3, 0xEF, 0x3E, 0x7F, 0xE3, 0xFC,
    0x06, 0x03, 0xF8, 0x7F, 0xEF, 0xDE, 0xF8, 0xE1, 0x80, 0x38, 0x00, 0x03, 0x03, 0x81, 0xA0, 0xF0,
    0xF9, 0xFB, 0xF1, 0xF8, 0xFC, 0x3F, 0x8F, 0xE6, 0x73, 0x0B, 0x81, 0x80, 0x03, 0x03, 0xA1, 0x9E,
    0xCF, 0xE3, 0xF8, 0x3E, 0x3F, 0x1F, 0x9F, 0xBF, 0x1E, 0x0F, 0x03, 0x81, 0x80, 0x03, 0x81, 0xC1,
    0xE3, 0xF7, 0xE7, 0xF3, 0xF9, 0xF8, 0x3F, 0x0F, 0xC6, 0xE3, 0x17, 0xFF, 0xFF, 0xFE, 0xE0, 0x60,
    0x00, 0x03, 0xE1, 0xBC, 0xDF, 0xE3, 0xF0, 0x7C, 0x3E, 0x1F, 0x7F, 0x7E, 0x3E, 0x13, 0x07, 0xFF,
    0xFF, 0xFE, 0xE0, 0x60, 0x00, 0x00, 0x81, 0xE1, 0xF9, 0xF8, 0xF8, 0x3C, 0x0F, 0xC0, 0xFC, 0x0F,
    0x80, 0xE0, 0x09, 0xF7, 0xFF, 0xBB, 0xE0, 0xC0, 0x3C, 0x0F, 0xC0, 0xFC, 0x0F, 0x80, 0xE0, 0xF8,
    0xFC, 0xFC, 0x3C, 0x0C, 0x01, 0xE6, 0xFF, 0xBB, 0xE0, 0x00, 0xC0, 0x70, 0x3C, 0x3E, 0x7F, 0x1F,
    0x07, 0xF0, 0x7E, 0x03, 0xC0, 0x70, 0x1C, 0xE0, 0x38, 0x07, 0x80, 0xF8, 0x1F, 0xC3, 0xF3, 0xFD,
    0xF0, 0x70, 0x38, 0x0E, 0x00, 0x01, 0xC0, 0x70, 0x3C, 0x7E, 0x7E, 0x1F, 0x87, 0xF0, 0x1E, 0x03,
    0xC0, 0x70, 0x1D, 0xFF, 0x7F, 0xDF, 0xF0, 0x00, 0x07, 0xFD, 0xFF, 0xF8, 0x0E, 0x01, 0xC0, 0x38,
    0x03, 0xC0, 0x7F, 0xE7, 0xFC, 0x00, 0x1F, 0xF3, 0xFF, 0x00, 0xF0, 0x0E, 0x01, 0xC0, 0x38, 0x1F,
    0xFF, 0xDF, 0xF0, 0x01, 0x80, 0x30, 0x06, 0x07, 0xF3, 0xFE, 0xFF, 0xFD, 0xC7, 0x30, 0xE6, 0x1D,
    0x81, 0xFF, 0xBF, 0xF3, 0xFE, 0x30, 0x0E, 0x01, 0x80, 0x01, 0x80, 0x30, 0x06, 0x01, 0xCF, 0xF9,
    0xFF, 0x81, 0xF8, 0x37, 0x06, 0xE1, 0x9C, 0x3F, 0xFF, 0xEF, 0xF8, 0x30, 0x0E, 0x01, 0x80, 0x3F,
    0xEF, 0xFD, 0xFF, 0xF0, 0x0E, 0x01, 0xC0, 0x3C, 0x03, 0xFF, 0x3F, 0xE1, 0xFD, 0xFF, 0xFF, 0xFF,
    0xFE, 0xFF, 0x9F, 0xF9, 0xFF, 0x80, 0x70, 0x0E, 0x01, 0xC0, 0x7F, 0xFE, 0xFF, 0xCF, 0xC1, 0xFF,
    0x7F, 0xFF, 0xFE, 0x00, 0xC0, 0x18, 0x07, 0x1F, 0xF7, 0xFE, 0xFF, 0xF8, 0xC7, 0x38, 0xE6, 0x1F,
    0xC1, 0xFF, 0x9F, 0xF1, 0xFE, 0xFF, 0xFF, 0xFF, 0xFF, 0x30, 0x06, 0x00, 0x00, 0xC0, 0x18, 0x06,
    0x7F, 0xCF, 0xFC, 0xFF, 0xC0, 0xF8, 0x3F, 0x06, 0xE0, 0xFF, 0xFF, 0x7F, 0xE7, 0xE0, 0xFF, 0xBF,
    0xFF, 0xFF, 0x30, 0x06, 0x00, 0xC0, 0xB0, 0x2C, 0x0B, 0x02, 0xC0, 0xB0, 0x2C, 0x0B, 0x22, 0xC8,
    0xBF, 0xEC, 0x8B, 0x26, 0x7F, 0x9F, 0xC0, 0x7F, 0xFF, 0xFF, 0xFF, 0xF0, 0x0E, 0x01, 0xC0, 0x38,
    0x07, 0xFF, 0xFF, 0xFF, 0xFC, 0x7F, 0xFF, 0xFF, 0xFF, 0x80, 0x70, 0x0E, 0x01, 0xC0, 0x3B, 0xFF,
    0xFF, 0xFF, 0xFC, 0xFF, 0xFF, 0xFF, 0xFF, 0xF0, 0x0E, 0x01, 0xC0, 0x38, 0x07, 0xFF, 0xFF, 0xEF,
    0xFD, 0xFF, 0xFF, 0xFF, 0xFE, 0xFF, 0xFF, 0xFD, 0xFF, 0x80, 0x70, 0x0E, 0x01, 0xC0, 0x3F, 0xFF,
    0xFF, 0xEF, 0xFD, 0xFF, 0xFF, 0xFF, 0xFE, 0x7F, 0xCF, 0xFD, 0xFF, 0xB8, 0x77, 0x0E, 0xE1, 0xDC,
    0x3B, 0x87, 0x70, 0xEE, 0x1D, 0xC3, 0x80, 0x70, 0xEE, 0x1D, 0xC3, 0xB8, 0x77, 0x0E, 0xE1, 0xDC,
    0x3B, 0x87, 0x7F, 0xEF, 0xFD, 0xFF, 0x80, 0x0F, 0xC1, 0xFF, 0x1D, 0xCC, 0xCE, 0x27, 0xFF, 0xFF,
    0xFF, 0xFF, 0xE8, 0xE3, 0x67, 0x13, 0xB9, 0x8F, 0xF8, 0x1F, 0x80, 0x0F, 0xC1, 0xE7, 0x1C, 0x0C,
    0xC0, 0x24, 0x01, 0xEF, 0xEF, 0x7F, 0x69, 0xF3, 0x60, 0x13, 0x81, 0x8F, 0x38, 0x1F, 0x80, 0x00,
    0x00, 0xFE, 0x0F, 0xF8, 0xF1, 0xE7, 0xDF, 0x2F, 0xED, 0x3E, 0x79, 0xF3, 0x5F, 0xDB, 0xEF, 0x9E,
    0x3C, 0x7B, 0xC1, 0xFC, 0x01, 0x80, 0x00, 0x00, 0xFE, 0x0F, 0xF8, 0xE1, 0xE6, 0x1F, 0x21, 0xCD,
    0x0C, 0x78, 0xE3, 0x4E, 0x1B, 0x60, 0x9F, 0x0C, 0x7B, 0xC1, 0xFC, 0x01, 0x80, 0x0F, 0xC1, 0xE7,
    0x1C, 0x0C, 0xC0, 0x24, 0x01, 0xE3, 0x8F, 0x1C, 0x68, 0x03, 0x60, 0x13, 0x81, 0x8F, 0x38, 0x1F,
    0x80, 0x0F, 0x80, 0xFF, 0x0D, 0xCC, 0xEE, 0x67, 0xFF, 0xBF, 0xFF, 0x3E, 0x69, 0xF3, 0x7D, 0xDB,
    0xE7, 0x8F, 0x78, 0x3F, 0x80, 0x30, 0x00, 0x00, 0x00, 0xFE, 0x0F, 0xF8, 0xE0, 0xE7, 0xFF, 0x3F,
    0xFD, 0xFF, 0xF8, 0x03, 0x7F, 0xFB, 0xFF, 0x9F, 0xFC, 0x7B, 0xC1, 0xFC, 0x01, 0x80, 0x00, 0x00,
    0xFE, 0x0F, 0xF8, 0xE0, 0xE6, 0x03, 0x20, 0x0D, 0xFF, 0xFF, 0xFF, 0x7F, 0xFB, 0x00, 0x9C, 0x0C,
    0x7B, 0xC1, 0xFC, 0x01, 0x80, 0xFF, 0xFF, 0x0F, 0xF9, 0xFF, 0xFF, 0xBF, 0xB9, 0xF3, 0x9F, 0xBB,
    0xBF, 0xF1, 0xFE, 0x0F, 0xFF, 0xF0, 0xFF, 0xF8, 0x03, 0x80, 0x38, 0x03, 0xBF, 0xBB, 0xFB, 0x9F,
    0x38, 0x03, 0x80, 0x38, 0x03, 0xFF, 0xF0, 0xFF, 0xFF, 0xFF, 0x8E, 0x38, 0xE3, 0x8E, 0x3F, 0xFF,
    0xFF, 0xFF, 0xFF, 0x8E, 0x38, 0xE3, 0xFF, 0xFF, 0xFF, 0xFF, 0xF8, 0x03, 0x80, 0x38, 0x03, 0x8E,
    0x38, 0xE3, 0x80, 0x38, 0x03, 0x80, 0x38, 0x03, 0xFF, 0xF0, 0xE0, 0x0E, 0x00, 0xE0, 0x0E, 0x00,
    0xFF, 0xEF, 0xFF, 0xFF, 0xFE, 0x00, 0xE0, 0x0E, 0x00, 0xE0, 0x0E, 0x00, 0x00, 0x70, 0x07, 0x00,
    0x70, 0x07, 0xFF, 0xFF, 0xFF, 0xFF, 0xF0, 0x07, 0x00, 0x70, 0x07, 0x00, 0x70, 0x07, 0xFF, 0xEF,
    0xFF, 0xFF, 0xF0, 0xE0, 0x0E, 0x00, 0xE0, 0x0E, 0x00, 0xE0, 0x0E, 0x00, 0xE0, 0x0E, 0x00, 0xE0,
    0x0E, 0x00, 0xE0, 0x0E, 0x00, 0xE0, 0x0E, 0x00, 0xE0, 0x0E, 0x00, 0xE0, 0x0E, 0x0F, 0xFE, 0xFF,
    0xFF, 0xFF, 0x01, 0x83, 0xC7, 0xEF, 0xFF, 0x9F, 0x8F, 0xF6, 0x7F, 0x0F, 0x81, 0xC0, 0x20, 0x0F,
    0xFF, 0xFC, 0x00, 0xE0, 0x1A, 0xFF, 0xA0, 0x0E, 0x70, 0xEE, 0x39, 0xE7, 0x1C, 0xE3, 0xB8, 0x7F,
    0x07, 0xE0, 0xF8, 0x1F, 0x01, 0xE1, 0xFF, 0x3F, 0xE7, 0xFC, 0xFF, 0xFF, 0xFC, 0x00, 0x07, 0x81,
    0xF0, 0x3E, 0x07, 0xE1, 0xFC, 0x3B, 0x87, 0x39, 0xC7, 0x38, 0xE7, 0x0E, 0xFF, 0xFF, 0xFC, 0x00,
    0x38, 0x77, 0x1E, 0xE3, 0x9E, 0x71, 0xDE, 0x3B, 0x83, 0xF0, 0x7E, 0x0F, 0x80, 0xF0, 0x00, 0x03,
    0xFC, 0x7F, 0xEF, 0x1E, 0xE0, 0xEE, 0x0E, 0xE0, 0xEE, 0x0E, 0xE0, 0xEE, 0x0E, 0xE0, 0xEE, 0x0E,
    0xE0, 0xEE, 0x0E, 0xE0, 0xE0, 0xE0, 0xEE, 0x0E, 0xE0, 0xEE, 0x0E, 0xE0, 0xEE, 0x0E, 0xE0, 0xEE,
    0x0E, 0xE0, 0xEE, 0x0E, 0xE0, 0xEF, 0x9E, 0x7F, 0xE3, 0xFC, 0x31, 0xEC, 0xF6, 0x70, 0x80, 0x21,
    0x1E, 0xE5, 0x00, 0x80, 0x1C, 0x03, 0xE0, 0xFB, 0x1F, 0x9B, 0xB8, 0xF3, 0x8E, 0x39, 0xB3, 0xB1,
    0xBE, 0x0F, 0xC0, 0x78, 0x03, 0x00, 0x00, 0x80, 0x0C, 0x03, 0xE0, 0x6B, 0x1C, 0x9B, 0x88, 0xF0,
    0x8E, 0x09, 0xB0, 0xB1, 0x8E, 0x0E, 0xC0, 0x78, 0x02, 0x00, 0x00, 0x00, 0x1C, 0x03, 0xE0, 0xF3,
    0x1F, 0x1B, 0xB0, 0xF3, 0x0E, 0x31, 0xB3, 0x31, 0xB6, 0x0F, 0xC0, 0x78, 0x03, 0x00, 0x00, 0xC0,
    0x7E, 0x1F, 0xE7, 0x9D, 0xE1, 0xF8, 0x3E, 0x03, 0xC0, 0x70, 0x0E, 0x01, 0xC0, 0x38, 0x00, 0x3F,
    0xEF, 0xFD, 0xC0, 0x77, 0xFF, 0xFF, 0xF8, 0x3F, 0xFF, 0x7F, 0x70, 0x0F, 0xFC, 0xFF, 0x80, 0x00,
    0xC0, 0x38, 0x06, 0x7F, 0xFF, 0xFF, 0xFF, 0xF8, 0xC7, 0x38, 0xE6, 0x1C, 0xC3, 0xFF, 0xFF, 0xF7,
    0xFE, 0xFF, 0xFF, 0xFF, 0xFF, 0x30, 0x06, 0x00, 0xEE, 0xE0, 0x0E, 0xEE, 0x0E, 0xEE, 0x77, 0x3F,
    0xBB, 0xDD, 0xCE, 0x00, 0x38, 0x03, 0xC0, 0x0E, 0x00, 0x00, 0x00, 0x03, 0x80, 0x1C, 0x00, 0xE0,
    0x00, 0x03, 0x80, 0x3C, 0x00, 0xE0, 0x00, 0x70, 0x07, 0x80, 0x1C, 0x00, 0x00, 0x00, 0x00, 0x03,
    0x80, 0x1C, 0x00, 0xE0, 0x00, 0x00, 0x01, 0xC0, 0x1E, 0x00, 0x70, 0x07, 0x00, 0x7C, 0x03, 0xF0,
    0x3F, 0xC3, 0xEE, 0x3F, 0xF9, 0xFF, 0xEF, 0xBF, 0x7F, 0xF1, 0xEF, 0x87, 0xF8, 0x3F, 0x80, 0xF8,
    0x03, 0x80,
};

static const EpdGlyph jetbrainsmono_9_boldGlyphs[] = {
    { 0, 0, 11, 0, 0, 0, 0 }, // 
    { 0, 0, 11, 0, 0, 0, 0 }, //  
    { 4, 14, 11, 4, 14, 7, 0 }, // !
    { 8, 6, 11, 2, 14, 6, 7 }, // "
    { 11, 14, 11, 0, 14, 20, 13 }, // #
    { 10, 20, 11, 1, 17, 25, 33 }, // $
    { 12, 14, 11, 0, 14, 21, 58 }, // %
    { 12, 14, 11, 0, 14, 21, 79 }, // &
    { 3, 6, 11, 4, 14, 3, 100 }, // '
    { 7, 19, 11, 3, 16, 17, 103 }, // (
    { 7, 19, 11, 2, 16, 17, 120 }, // )
    { 11, 11, 11, 0, 12, 16, 137 }, // *
    { 10, 9, 11, 1, 11, 12, 153 }, // +
    { 5, 6, 11, 3, 2, 4, 165 }, // ,
    { 7, 3, 11, 2, 8, 3, 169 }, // -
    { 5, 4, 11, 3, 4, 3, 172 }, // .
    { 10, 19, 11, 1, 17, 24, 175 }, // /
    { 10, 14, 11, 1, 14, 18, 199 }, // 0
    { 10, 14, 11, 1, 14, 18, 217 }, // 1
    { 10, 14, 11, 1, 14, 18, 235 }, // 2
    { 10, 14, 11, 1, 14, 18, 253 }, // 3
    { 9, 14, 11, 1, 14, 16, 271 }, // 4
    { 10, 14, 11, 1, 14, 18, 287 }, // 5
    { 10, 14, 11, 1, 14, 18, 305 }, // 6
    { 10, 14, 11, 1, 14, 18, 323 }, // 7
    { 10, 14, 11, 1, 14, 18, 341 }, // 8
    { 10, 14, 11, 1, 14, 18, 359 }, // 9
    { 5, 11, 11, 3, 11, 7, 377 }, // :
    { 5, 15, 11, 3, 11, 10, 384 }, // ;
    { 9, 11, 11, 1, 12, 13, 394 }, // <
    { 9, 7, 11, 1, 10, 8, 407 }, // =
    { 9, 11, 11, 1, 12, 13, 415 }, // >
    { 8, 14, 11, 2, 14, 14, 428 }, // ?
    { 11, 18, 11, 0, 14, 25, 442 }, // @
    { 11, 14, 11, 0, 14, 20, 467 }, // A
    { 10, 14, 11, 1, 14, 18, 487 }, // B
    { 10, 14, 11, 1, 14, 18, 505 }, // C
    { 10, 14, 11, 1, 14, 18, 523 }, // D
    { 9, 14, 11, 1, 14, 16, 541 }, // E
    { 10, 14, 11, 1, 14, 18, 557 }, // F
    { 10, 14, 11, 1, 14, 18, 575 }, // G
    { 9, 14, 11, 1, 14, 16, 593 }, // H
    { 9, 14, 11, 1, 14, 16, 609 }, // I
    { 10, 14, 11, 0, 14, 18, 625 }, // J
    { 10, 14, 11, 1, 14, 18, 643 }, // K
    { 9, 14, 11, 2, 14, 16, 661 }, // L
    { 10, 14, 11, 1, 14, 18, 677 }, // M
    { 10, 14, 11, 1, 14, 18, 695 }, // N
    { 10, 14, 11, 1, 14, 18, 713 }, // O
    { 10, 14, 11, 1, 14, 18, 731 }, // P
    { 10, 18, 11, 1, 14, 23, 749 }, // Q
    { 10, 14, 11, 1, 14, 18, 772 }, // R
    { 10, 14, 11, 1, 14, 18, 790 }, // S
    { 11, 14, 11, 0, 14, 20, 808 }, // T
    { 10, 14, 11, 1, 14, 18, 828 }, // U
    { 11, 14, 11, 0, 14, 20, 846 }, // V
    { 12, 14, 11, 0, 14, 21, 866 }, // W
    { 11, 14, 11, 0, 14, 20, 887 }, // X
    { 11, 14, 11, 0, 14, 20, 907 }, // Y
    { 9, 14, 11, 1, 14, 16, 927 }, // Z
    { 6, 19, 11, 3, 17, 15, 943 }, // [
    { 10, 19, 11, 1, 17, 24, 958 }, // <backslash>
    { 6, 19, 11, 2, 17, 15, 982 }, // ]
    { 10, 8, 11, 1, 15, 10, 997 }, // ^
    { 10, 3, 11, 1, 0, 4, 1007 }, // _
    { 6, 3, 11, 2, 16, 3, 1011 }, // `
    { 9, 11, 11, 1, 11, 13, 1014 }, // a
    { 10, 14, 11, 1, 14, 18, 1027 }, // b
    { 10, 11, 11, 1, 11, 14, 1045 }, // c
    { 9, 14, 11, 1, 14, 16, 1059 }, // d
    { 10, 11, 11, 1, 11, 14, 1075 }, // e
    { 11, 14, 11, 0, 14, 20, 1089 }, // f
    { 9, 15, 11, 1, 11, 17, 1109 }, // g
    { 9, 14, 11, 1, 14, 16, 1126 }, // h
    { 10, 16, 11, 1, 16, 20, 1142 }, // i
    { 8, 20, 11, 1, 16, 20, 1162 }, // j
    { 10, 14, 11, 1, 14, 18, 1182 }, // k
    { 11, 14, 11, 0, 14, 20, 1200 }, // l
    { 11, 11, 11, 0, 11, 16, 1220 }, // m
    { 9, 11, 11, 1, 11, 13, 1236 }, // n
    { 10, 11, 11, 1, 11, 14, 1249 }, // o
    { 10, 15, 11, 1, 11, 19, 1263 }, // p
    { 9, 15, 11, 1, 11, 17, 1282 }, // q
    { 10, 11, 11, 1, 11, 14, 1299 }, // r
    { 10, 11, 11, 1, 11, 14, 1313 }, // s
    { 11, 14, 11, 0, 14, 20, 1327 }, // t
    { 9, 11, 11, 1, 11, 13, 1347 }, // u
    { 11, 11, 11, 0, 11, 16, 1360 }, // v
    { 12, 11, 11, 0, 11, 17, 1376 }, // w
    { 11, 11, 11, 0, 11, 16, 1393 }, // x
    { 11, 15, 11, 0, 11, 21, 1409 }, // y
    { 9, 11, 11, 1, 11, 13, 1430 }, // z
    { 9, 19, 11, 1, 17, 22, 1443 }, // {
    { 3, 18, 11, 4, 16, 7, 1465 }, // |
    { 10, 19, 11, 1, 17, 24, 1472 }, // }
    { 11, 5, 11, 0, 10, 7, 1496 }, // ~
    { 0, 0, 11, 0, 0, 0, 1503 }, //  
    { 4, 15, 11, 4, 11, 8, 1503 }, // ¡
    { 10, 16, 11, 1, 13, 20, 1511 }, // ¢
    { 10, 14, 11, 1, 14, 18, 1531 }, // £
    { 11, 13, 11, 0, 13, 18, 1549 }, // ¤
    { 11, 14, 11, 0, 14, 20, 1567 }, // ¥
    { 3, 18, 11, 4, 16, 7, 1587 }, // ¦
    { 10, 18, 11, 1, 14, 23, 1594 }, // §
    { 8, 3, 11, 2, 16, 3, 1617 }, // ¨
    { 11, 12, 11, 0, 14, 17, 1620 }, // ©
    { 6, 7, 11, 3, 15, 6, 1637 }, // ª
    { 11, 9, 11, 0, 10, 13, 1643 }, // «
    { 9, 6, 11, 1, 9, 7, 1656 }, // ¬
    { 11, 12, 11, 0, 14, 17, 1663 }, // ®
    { 7, 3, 11, 2, 16, 3, 1680 }, // ¯
    { 7, 7, 11, 2, 15, 7, 1683 }, // °
    { 10, 11, 11, 1, 11, 14, 1690 }, // ±
    { 7, 9, 11, 2, 16, 8, 1704 }, // ²
    { 7, 9, 11, 2, 16, 8, 1712 }, // ³
    { 5, 3, 11, 4, 16, 2, 1720 }, // ´
    { 9, 15, 11, 1, 11, 17, 1722 }, // µ
    { 9, 18, 11, 1, 14, 21, 1739 }, // ¶
    { 5, 4, 11, 3, 9, 3, 1760 }, // ·
    { 6, 7, 11, 3, 2, 6, 1763 }, // ¸
    { 8, 9, 11, 2, 16, 9, 1769 }, // ¹
    { 6, 7, 11, 3, 15, 6, 1778 }, // º
    { 11, 9, 11, 0, 10, 13, 1784 }, // »
    { 13, 15, 11, -1, 15, 25, 1797 }, // ¼
    { 13, 16, 11, -1, 15, 26, 1822 }, // ½
    { 13, 14, 11, -1, 14, 23, 1848 }, // ¾
    { 9, 15, 11, 1, 11, 17, 1871 }, // ¿
    { 11, 19, 11, 0, 19, 27, 1888 }, // À
    { 11, 19, 11, 0, 19, 27, 1915 }, // Á
    { 11, 19, 11, 0, 19, 27, 1942 }, // Â
    { 11, 19, 11, 0, 19, 27, 1969 }, // Ã
    { 11, 19, 11, 0, 19, 27, 1996 }, // Ä
    { 11, 20, 11, 0, 20, 28, 2023 }, // Å
    { 11, 14, 11, 0, 14, 20, 2051 }, // Æ
    { 10, 19, 11, 1, 14, 24, 2071 }, // Ç
    { 9, 19, 11, 1, 19, 22, 2095 }, // È
    { 9, 19, 11, 1, 19, 22, 2117 }, // É
    { 9, 19, 11, 1, 19, 22, 2139 }, // Ê
    { 9, 19, 11, 1, 19, 22, 2161 }, // Ë
    { 9, 19, 11, 1, 19, 22, 2183 }, // Ì
    { 9, 19, 11, 1, 19, 22, 2205 }, // Í
    { 9, 19, 11, 1, 19, 22, 2227 }, // Î
    { 9, 19, 11, 1, 19, 22, 2249 }, // Ï
    { 11, 14, 11, 0, 14, 20, 2271 }, // Ð
    { 10, 19, 11, 1, 19, 24, 2291 }, // Ñ
    { 10, 19, 11, 1, 19, 24, 2315 }, // Ò
    { 10, 19, 11, 1, 19, 24, 2339 }, // Ó
    { 10, 19, 11, 1, 19, 24, 2363 }, // Ô
    { 10, 19, 11, 1, 19, 24, 2387 }, // Õ
    { 10, 19, 11, 1, 19, 24, 2411 }, // Ö
    { 9, 9, 11, 1, 11, 11, 2435 }, // ×
    { 11, 15, 11, 0, 14, 21, 2446 }, // Ø
    { 10, 19, 11, 1, 19, 24, 2467 }, // Ù
    { 10, 19, 11, 1, 19, 24, 2491 }, // Ú
    { 10, 19, 11, 1, 19, 24, 2515 }, // Û
    { 10, 19, 11, 1, 19, 24, 2539 }, // Ü
    { 11, 19, 11, 0, 19, 27, 2563 }, // Ý
    { 10, 14, 11, 1, 14, 18, 2590 }, // Þ
    { 10, 14, 11, 1, 14, 18, 2608 }, // ß
    { 9, 16, 11, 1, 16, 18, 2626 }, // à
    { 9, 16, 11, 1, 16, 18, 2644 }, // á
    { 9, 16, 11, 1, 16, 18, 2662 }, // â
    { 9, 16, 11, 1, 16, 18, 2680 }, // ã
    { 9, 16, 11, 1, 16, 18, 2698 }, // ä
    { 9, 17, 11, 1, 17, 20, 2716 }, // å
    { 11, 11, 11, 0, 11, 16, 2736 }, // æ
    { 10, 16, 11, 1, 11, 20, 2752 }, // ç
    { 10, 16, 11, 1, 16, 20, 2772 }, // è
    { 10, 16, 11, 1, 16, 20, 2792 }, // é
    { 10, 16, 11, 1, 16, 20, 2812 }, // ê
    { 10, 16, 11, 1, 16, 20, 2832 }, // ë
    { 10, 16, 11, 1, 16, 20, 2852 }, // ì
    { 10, 16, 11, 1, 16, 20, 2872 }, // í
    { 10, 16, 11, 1, 16, 20, 2892 }, // î
    { 10, 16, 11, 1, 16, 20, 2912 }, // ï
    { 11, 15, 11, 0, 15, 21, 2932 }, // ð
    { 9, 16, 11, 1, 16, 18, 2953 }, // ñ
    { 10, 16, 11, 1, 16, 20, 2971 }, // ò
    { 10, 16, 11, 1, 16, 20, 2991 }, // ó
    { 10, 16, 11, 1, 16, 20, 3011 }, // ô
    { 10, 16, 11, 1, 16, 20, 3031 }, // õ
    { 10, 16, 11, 1, 16, 20, 3051 }, // ö
    { 9, 11, 11, 1, 12, 13, 3071 }, // ÷
    { 11, 13, 11, 0, 12, 18, 3084 }, // ø
    { 9, 16, 11, 1, 16, 18, 3102 }, // ù
    { 9, 16, 11, 1, 16, 18, 3120 }, // ú
    { 9, 16, 11, 1, 16, 18, 3138 }, // û
    { 9, 16, 11, 1, 16, 18, 3156 }, // ü
    { 11, 20, 11, 0, 16, 28, 3174 }, // ý
    { 10, 18, 11, 1, 14, 23, 3202 }, // þ
    { 11, 20, 11, 0, 16, 28, 3225 }, // ÿ
    { 11, 19, 11, 0, 19, 27, 3253 }, // Ā
    { 9, 16, 11, 1, 16, 18, 3280 }, // ā
    { 11, 19, 11, 0, 19, 27, 3298 }, // Ă
    { 9, 16, 11, 1, 16, 18, 3325 }, // ă
    { 11, 18, 11, 0, 14, 25, 3343 }, // Ą
    { 10, 16, 11, 1, 11, 20, 3368 }, // ą
    { 10, 19, 11, 1, 19, 24, 3388 }, // Ć
    { 10, 16, 11, 1, 16, 20, 3412 }, // ć
    { 10, 19, 11, 1, 19, 24, 3432 }, // Ĉ
    { 10, 16, 11, 1, 16, 20, 3456 }, // ĉ
    { 10, 19, 11, 1, 19, 24, 3476 }, // Ċ
    { 10, 16, 11, 1, 16, 20, 3500 }, // ċ
    { 10, 19, 11, 1, 19, 24, 3520 }, // Č
    { 10, 16, 11, 1, 16, 20, 3544 }, // č
    { 10, 19, 11, 1, 19, 24, 3564 }, // Ď
    { 12, 14, 11, 0, 14, 21, 3588 }, // ď
    { 11, 14, 11, 0, 14, 20, 3609 }, // Đ
    { 11, 14, 11, 1, 14, 20, 3629 }, // đ
    { 9, 19, 11, 1, 19, 22, 3649 }, // Ē
    { 10, 16, 11, 1, 16, 20, 3671 }, // ē
    { 9, 19, 11, 1, 19, 22, 3691 }, // Ĕ
    { 10, 16, 11, 1, 16, 20, 3713 }, // ĕ
    { 9, 19, 11, 1, 19, 22, 3733 }, // Ė
    { 10, 16, 11, 1, 16, 20, 3755 }, // ė
    { 10, 18, 11, 1, 14, 23, 3775 }, // Ę
    { 10, 15, 11, 1, 11, 19, 3798 }, // ę
    { 9, 19, 11, 1, 19, 22, 3817 }, // Ě
    { 10, 16, 11, 1, 16, 20, 3839 }, // ě
    { 10, 19, 11, 1, 19, 24, 3859 }, // Ĝ
    { 9, 20, 11, 1, 16, 23, 3883 }, // ĝ
    { 10, 19, 11, 1, 19, 24, 3906 }, // Ğ
    { 9, 20, 11, 1, 16, 23, 3930 }, // ğ
    { 10, 19, 11, 1, 19, 24, 3953 }, // Ġ
    { 9, 20, 11, 1, 16, 23, 3977 }, // ġ
    { 10, 19, 11, 1, 14, 24, 4000 }, // Ģ
    { 9, 22, 11, 1, 18, 25, 4024 }, // ģ
    { 9, 19, 11, 1, 19, 22, 4049 }, // Ĥ
    { 12, 19, 11, -2, 19, 29, 4071 }, // ĥ
    { 12, 14, 11, 0, 14, 21, 4100 }, // Ħ
    { 10, 14, 11, 0, 14, 18, 4121 }, // ħ
    { 9, 19, 11, 1, 19, 22, 4139 }, // Ĩ
    { 10, 16, 11, 1, 16, 20, 4161 }, // ĩ
    { 9, 19, 11, 1, 19, 22, 4181 }, // Ī
    { 10, 16, 11, 1, 16, 20, 4203 }, // ī
    { 9, 19, 11, 1, 19, 22, 4223 }, // Ĭ
    { 10, 16, 11, 1, 16, 20, 4245 }, // ĭ
    { 9, 18, 11, 1, 14, 21, 4265 }, // Į
    { 10, 20, 11, 1, 16, 25, 4286 }, // į
    { 9, 19, 11, 1, 19, 22, 4311 }, // İ
    { 10, 11, 11, 1, 11, 14, 4333 }, // ı
    { 11, 14, 11, 0, 14, 20, 4347 }, // Ĳ
    { 9, 19, 11, 1, 15, 22, 4367 }, // ĳ
    { 13, 19, 11, 0, 19, 31, 4389 }, // Ĵ
    { 11, 20, 11, 1, 16, 28, 4420 }, // ĵ
    { 10, 19, 11, 1, 14, 24, 4448 }, // Ķ
    { 10, 19, 11, 1, 14, 24, 4472 }, // ķ
    { 10, 11, 11, 1, 11, 14, 4496 }, // ĸ
    { 9, 19, 11, 2, 19, 22, 4510 }, // Ĺ
    { 11, 19, 11, 0, 19, 27, 4532 }, // ĺ
    { 9, 19, 11, 2, 14, 22, 4559 }, // Ļ
    { 11, 19, 11, 0, 14, 27, 4581 }, // ļ
    { 9, 14, 11, 2, 14, 16, 4608 }, // Ľ
    { 11, 14, 11, 0, 14, 20, 4624 }, // ľ
    { 9, 14, 11, 2, 14, 16, 4644 }, // Ŀ
    { 13, 14, 11, 0, 14, 23, 4660 }, // ŀ
    { 11, 14, 11, 0, 14, 20, 4683 }, // Ł
    { 11, 14, 11, 0, 14, 20, 4703 }, // ł
    { 10, 19, 11, 1, 19, 24, 4723 }, // Ń
    { 9, 16, 11, 1, 16, 18, 4747 }, // ń
    { 10, 19, 11, 1, 14, 24, 4765 }, // Ņ
    { 9, 16, 11, 1, 11, 18, 4789 }, // ņ
    { 10, 19, 11, 1, 19, 24, 4807 }, // Ň
    { 9, 16, 11, 1, 16, 18, 4831 }, // ň
    { 11, 15, 11, -1, 15, 21, 4849 }, // ŉ
    { 10, 18, 11, 1, 14, 23, 4870 }, // Ŋ
    { 9, 15, 11, 1, 11, 17, 4893 }, // ŋ
    { 10, 19, 11, 1, 19, 24, 4910 }, // Ō
    { 10, 16, 11, 1, 16, 20, 4934 }, // ō
    { 10, 19, 11, 1, 19, 24, 4954 }, // Ŏ
    { 10, 16, 11, 1, 16, 20, 4978 }, // ŏ
    { 10, 19, 11, 1, 19, 24, 4998 }, // Ő
    { 10, 16, 11, 1, 16, 20, 5022 }, // ő
    { 11, 14, 11, 0, 14, 20, 5042 }, // Œ
    { 11, 11, 11, 0, 11, 16, 5062 }, // œ
    { 10, 19, 11, 1, 19, 24, 5078 }, // Ŕ
    { 10, 16, 11, 1, 16, 20, 5102 }, // ŕ
    { 10, 19, 11, 1, 14, 24, 5122 }, // Ŗ
    { 11, 16, 11, 0, 11, 22, 5146 }, // ŗ
    { 10, 19, 11, 1, 19, 24, 5168 }, // Ř
    { 10, 16, 11, 1, 16, 20, 5192 }, // ř
    { 10, 19, 11, 1, 19, 24, 5212 }, // Ś
    { 10, 16, 11, 1, 16, 20, 5236 }, // ś
    { 10, 19, 11, 1, 19, 24, 5256 }, // Ŝ
    { 10, 16, 11, 1, 16, 20, 5280 }, // ŝ
    { 10, 19, 11, 1, 14, 24, 5300 }, // Ş
    { 10, 16, 11, 1, 11, 20, 5324 }, // ş
    { 10, 19, 11, 1, 19, 24, 5344 }, // Š
    { 10, 16, 11, 1, 16, 20, 5368 }, // š
    { 11, 19, 11, 0, 14, 27, 5388 }, // Ţ
    { 11, 19, 11, 0, 14, 27, 5415 }, // ţ
    { 11, 19, 11, 0, 19, 27, 5442 }, // Ť
    { 11, 15, 11, 0, 15, 21, 5469 }, // ť
    { 11, 14, 11, 0, 14, 20, 5490 }, // Ŧ
    { 11, 14, 11, 0, 14, 20, 5510 }, // ŧ
    { 10, 19, 11, 1, 19, 24, 5530 }, // Ũ
    { 9, 16, 11, 1, 16, 18, 5554 }, // ũ
    { 10, 19, 11, 1, 19, 24, 5572 }, // Ū
    { 9, 16, 11, 1, 16, 18, 5596 }, // ū
    { 10, 19, 11, 1, 19, 24, 5614 }, // Ŭ
    { 9, 16, 11, 1, 16, 18, 5638 }, // ŭ
    { 10, 20, 11, 1, 20, 25, 5656 }, // Ů
    { 9, 17, 11, 1, 17, 20, 5681 }, // ů
    { 10, 19, 11, 1, 19, 24, 5701 }, // Ű
    { 10, 16, 11, 1, 16, 20, 5725 }, // ű
    { 10, 19, 11, 1, 14, 24, 5745 }, // Ų
    { 9, 16, 11, 1, 11, 18, 5769 }, // ų
    { 12, 19, 11, 0, 19, 29, 5787 }, // Ŵ
    { 12, 16, 11, 0, 16, 24, 5816 }, // ŵ
    { 11, 19, 11, 0, 19, 27, 5840 }, // Ŷ
    { 11, 20, 11, 0, 16, 28, 5867 }, // ŷ
    { 11, 19, 11, 0, 19, 27, 5895 }, // Ÿ
    { 9, 19, 11, 1, 19, 22, 5922 }, // Ź
    { 9, 16, 11, 1, 16, 18, 5944 }, // ź
    { 9, 19, 11, 1, 19, 22, 5962 }, // Ż
    { 9, 16, 11, 1, 16, 18, 5984 }, // ż
    { 9, 19, 11, 1, 19, 22, 6002 }, // Ž
    { 9, 16, 11, 1, 16, 18, 6024 }, // ž
    { 8, 14, 11, 2, 14, 14, 6042 }, // ſ
    { 5, 3, 0, -9, 16, 2, 6056 }, // ̀
    { 6, 3, 0, -8, 16, 3, 6058 }, // ́
    { 8, 3, 0, -10, 16, 3, 6061 }, // ̂
    { 7, 3, 0, -9, 16, 3, 6064 }, // ̃
    { 7, 3, 0, -9, 16, 3, 6067 }, // ̄
    { 8, 4, 0, -10, 16, 4, 6070 }, // ̆
    { 4, 3, 0, -8, 16, 2, 6074 }, // ̇
    { 8, 3, 0, -10, 16, 3, 6076 }, // ̈
    { 5, 4, 0, -8, 17, 3, 6079 }, // ̉
    { 6, 6, 0, -9, 17, 5, 6082 }, // ̊
    { 10, 3, 0, -10, 16, 4, 6087 }, // ̋
    { 8, 3, 0, -10, 16, 3, 6091 }, // ̌
    { 9, 3, 0, -11, 16, 4, 6094 }, // ̏
    { 5, 5, 0, -8, 18, 4, 6098 }, // ̒
    { 4, 4, 0, -5, 13, 2, 6102 }, // ̛
    { 4, 3, 0, -8, -1, 2, 6104 }, // ̣
    { 6, 4, 0, -9, -1, 3, 6106 }, // ̥
    { 5, 3, 0, -8, -2, 2, 6109 }, // ̦
    { 5, 7, 0, -8, 2, 5, 6111 }, // ̧
    { 6, 5, 0, -9, 1, 4, 6116 }, // ̨
    { 13, 3, 0, -12, 8, 5, 6120 }, // ̶
    { 11, 12, 0, -11, 11, 17, 6125 }, // ̷
    { 8, 15, 0, -10, 13, 15, 6142 }, // ̸
    { 9, 19, 11, 1, 19, 22, 6157 }, // Ё
    { 11, 18, 11, 0, 14, 25, 6179 }, // Ђ
    { 9, 19, 11, 2, 19, 22, 6204 }, // Ѓ
    { 10, 14, 11, 1, 14, 18, 6226 }, // Є
    { 10, 14, 11, 1, 14, 18, 6244 }, // Ѕ
    { 9, 14, 11, 1, 14, 16, 6262 }, // І
    { 9, 19, 11, 1, 19, 22, 6278 }, // Ї
    { 10, 14, 11, 0, 14, 18, 6300 }, // Ј
    { 13, 14, 11, -1, 14, 23, 6318 }, // Љ
    { 12, 14, 11, 0, 14, 21, 6341 }, // Њ
    { 11, 14, 11, 0, 14, 20, 6362 }, // Ћ
    { 10, 19, 11, 1, 19, 24, 6382 }, // Ќ
    { 11, 19, 11, 0, 19, 27, 6406 }, // Ў
    { 9, 17, 11, 1, 14, 20, 6433 }, // Џ
    { 11, 14, 11, 0, 14, 20, 6453 }, // А
    { 10, 14, 11, 1, 14, 18, 6473 }, // Б
    { 10, 14, 11, 1, 14, 18, 6491 }, // В
    { 9, 14, 11, 2, 14, 16, 6509 }, // Г
    { 11, 17, 11, 0, 14, 24, 6525 }, // Д
    { 9, 14, 11, 1, 14, 16, 6549 }, // Е
    { 12, 14, 11, 0, 14, 21, 6565 }, // Ж
    { 11, 14, 11, 0, 14, 20, 6586 }, // З
    { 10, 14, 11, 1, 14, 18, 6606 }, // И
    { 10, 19, 11, 1, 19, 24, 6624 }, // Й
    { 10, 14, 11, 1, 14, 18, 6648 }, // К
    { 10, 14, 11, 0, 14, 18, 6666 }, // Л
    { 10, 14, 11, 1, 14, 18, 6684 }, // М
    { 9, 14, 11, 1, 14, 16, 6702 }, // Н
    { 10, 14, 11, 1, 14, 18, 6718 }, // О
    { 9, 14, 11, 1, 14, 16, 6736 }, // П
    { 10, 14, 11, 1, 14, 18, 6752 }, // Р
    { 10, 14, 11, 1, 14, 18, 6770 }, // С
    { 11, 14, 11, 0, 14, 20, 6788 }, // Т
    { 11, 14, 11, 0, 14, 20, 6808 }, // У
    { 11, 16, 11, 0, 15, 22, 6828 }, // Ф
    { 11, 14, 11, 0, 14, 20, 6850 }, // Х
    { 10, 17, 11, 1, 14, 22, 6870 }, // Ц
    { 9, 14, 11, 1, 14, 16, 6892 }, // Ч
    { 11, 14, 11, 0, 14, 20, 6908 }, // Ш
    { 12, 17, 11, 0, 14, 26, 6928 }, // Щ
    { 12, 14, 11, -1, 14, 21, 6954 }, // Ъ
    { 11, 14, 11, 0, 14, 20, 6975 }, // Ы
    { 10, 14, 11, 1, 14, 18, 6995 }, // Ь
    { 9, 14, 11, 1, 14, 16, 7013 }, // Э
    { 11, 14, 11, 0, 14, 20, 7029 }, // Ю
    { 10, 14, 11, 0, 14, 18, 7049 }, // Я
    { 9, 11, 11, 1, 11, 13, 7067 }, // а
    { 10, 15, 11, 1, 15, 19, 7080 }, // б
    { 10, 11, 11, 1, 11, 14, 7099 }, // в
    { 9, 11, 11, 2, 11, 13, 7113 }, // г
    { 11, 14, 11, 0, 11, 20, 7126 }, // д
    { 10, 11, 11, 1, 11, 14, 7146 }, // е
    { 12, 11, 11, 0, 11, 17, 7160 }, // ж
    { 11, 11, 11, 0, 11, 16, 7177 }, // з
    { 9, 11, 11, 1, 11, 13, 7193 }, // и
    { 9, 16, 11, 1, 16, 18, 7206 }, // й
    { 10, 11, 11, 1, 11, 14, 7224 }, // к
    { 10, 11, 11, 0, 11, 14, 7238 }, // л
    { 10, 11, 11, 1, 11, 14, 7252 }, // м
    { 9, 11, 11, 1, 11, 13, 7266 }, // н
    { 10, 11, 11, 1, 11, 14, 7279 }, // о
    { 9, 11, 11, 1, 11, 13, 7293 }, // п
    { 10, 15, 11, 1, 11, 19, 7306 }, // р
    { 10, 11, 11, 1, 11, 14, 7325 }, // с
    { 11, 11, 11, 0, 11, 16, 7339 }, // т
    { 11, 15, 11, 0, 11, 21, 7355 }, // у
    { 11, 18, 11, 0, 14, 25, 7376 }, // ф
    { 11, 11, 11, 0, 11, 16, 7401 }, // х
    { 10, 14, 11, 1, 11, 18, 7417 }, // ц
    { 9, 11, 11, 1, 11, 13, 7435 }, // ч
    { 11, 11, 11, 0, 11, 16, 7448 }, // ш
    { 12, 15, 11, 0, 11, 23, 7464 }, // щ
    { 11, 11, 11, 0, 11, 16, 7487 }, // ъ
    { 11, 11, 11, 0, 11, 16, 7503 }, // ы
    { 10, 11, 11, 1, 11, 14, 7519 }, // ь
    { 9, 11, 11, 1, 11, 13, 7533 }, // э
    { 11, 11, 11, 0, 11, 16, 7546 }, // ю
    { 9, 11, 11, 1, 11, 13, 7562 }, // я
    { 10, 16, 11, 1, 16, 20, 7575 }, // ё
    { 10, 18, 11, 0, 14, 23, 7595 }, // ђ
    { 9, 16, 11, 2, 16, 18, 7618 }, // ѓ
    { 10, 11, 11, 1, 11, 14, 7636 }, // є
    { 10, 11, 11, 1, 11, 14, 7650 }, // ѕ
    { 10, 16, 11, 1, 16, 20, 7664 }, // і
    { 10, 16, 11, 1, 16, 20, 7684 }, // ї
    { 8, 20, 11, 1, 16, 20, 7704 }, // ј
    { 13, 11, 11, -1, 11, 18, 7724 }, // љ
    { 12, 11, 11, 0, 11, 17, 7742 }, // њ
    { 10, 14, 11, 0, 14, 18, 7759 }, // ћ
    { 10, 16, 11, 1, 16, 20, 7777 }, // ќ
    { 11, 20, 11, 0, 16, 28, 7797 }, // ў
    { 9, 14, 11, 1, 11, 16, 7825 }, // џ
    { 9, 16, 11, 2, 16, 18, 7841 }, // Ґ
    { 9, 13, 11, 2, 13, 15, 7859 }, // ґ
    { 11, 14, 11, 0, 14, 20, 7874 }, // Ғ
    { 11, 11, 11, 0, 11, 16, 7894 }, // ғ
    { 11, 17, 11, 1, 14, 24, 7910 }, // Қ
    { 11, 14, 11, 1, 11, 20, 7934 }, // қ
    { 10, 17, 11, 1, 14, 22, 7954 }, // Ң
    { 10, 14, 11, 1, 11, 18, 7976 }, // ң
    { 11, 14, 11, 0, 14, 20, 7994 }, // Ү
    { 11, 15, 11, 0, 11, 21, 8014 }, // ү
    { 11, 14, 11, 0, 14, 20, 8035 }, // Ұ
    { 11, 15, 11, 0, 11, 21, 8055 }, // ұ
    { 11, 17, 11, 0, 14, 24, 8076 }, // Ҷ
    { 10, 14, 11, 1, 11, 18, 8100 }, // ҷ
    { 10, 14, 11, 1, 14, 18, 8118 }, // Һ
    { 10, 11, 11, 1, 11, 14, 8136 }, // һ
    { 10, 14, 11, 1, 14, 18, 8150 }, // Ә
    { 10, 11, 11, 1, 11, 14, 8168 }, // ә
    { 12, 19, 11, 0, 19, 29, 8182 }, // Ӝ
    { 12, 16, 11, 0, 16, 24, 8211 }, // ӝ
    { 11, 19, 11, 0, 19, 27, 8235 }, // Ӟ
    { 11, 16, 11, 0, 16, 22, 8262 }, // ӟ
    { 10, 19, 11, 1, 19, 24, 8284 }, // Ӥ
    { 9, 16, 11, 1, 16, 18, 8308 }, // ӥ
    { 10, 19, 11, 1, 19, 24, 8326 }, // Ӧ
    { 10, 16, 11, 1, 16, 20, 8350 }, // ӧ
    { 10, 14, 11, 1, 14, 18, 8370 }, // Ө
    { 10, 11, 11, 1, 11, 14, 8388 }, // ө
    { 9, 19, 11, 1, 19, 22, 8402 }, // Ӵ
    { 9, 16, 11, 1, 16, 18, 8424 }, // ӵ
    { 0, 0, 11, 0, 0, 0, 8442 }, //  
    { 0, 0, 11, 0, 0, 0, 8442 }, // ​
    { 7, 3, 11, 2, 8, 3, 8442 }, // ‐
    { 9, 3, 11, 1, 8, 4, 8445 }, // –
    { 12, 3, 11, 0, 8, 5, 8449 }, // —
    { 9, 18, 11, 1, 16, 21, 8454 }, // ‖
    { 5, 6, 11, 3, 14, 4, 8475 }, // ‘
    { 5, 6, 11, 3, 13, 4, 8479 }, // ’
    { 5, 6, 11, 3, 2, 4, 8483 }, // ‚
    { 5, 6, 11, 3, 14, 4, 8487 }, // ‛
    { 9, 6, 11, 1, 14, 7, 8491 }, // “
    { 9, 6, 11, 1, 13, 7, 8498 }, // ”
    { 10, 6, 11, 1, 2, 8, 8505 }, // „
    { 9, 6, 11, 1, 14, 7, 8513 }, // ‟
    { 9, 18, 11, 1, 16, 21, 8520 }, // †
    { 9, 18, 11, 1, 16, 21, 8541 }, // ‡
    { 6, 5, 11, 3, 10, 4, 8562 }, // •
    { 5, 4, 11, 3, 4, 3, 8566 }, // ․
    { 11, 4, 11, 0, 4, 6, 8569 }, // …
    { 13, 14, 11, -1, 14, 23, 8575 }, // ‰
    { 5, 6, 11, 3, 13, 4, 8598 }, // ′
    { 9, 6, 11, 1, 13, 7, 8602 }, // ″
    { 12, 6, 11, 0, 13, 9, 8609 }, // ‴
    { 7, 9, 11, 2, 10, 8, 8618 }, // ‹
    { 7, 9, 11, 2, 10, 8, 8626 }, // ›
    { 9, 14, 11, 1, 14, 16, 8634 }, // ‼
    { 8, 14, 11, 2, 14, 14, 8650 }, // ‽
    { 13, 3, 11, -1, 17, 5, 8664 }, // ‾
    { 12, 4, 11, 0, 0, 6, 8669 }, // ‿
    { 13, 14, 11, -1, 14, 23, 8675 }, // ⁄
    { 6, 19, 11, 3, 17, 15, 8698 }, // ⁅
    { 6, 19, 11, 2, 17, 15, 8713 }, // ⁆
    { 7, 9, 11, 2, 16, 8, 8728 }, // ⁰
    { 7, 9, 11, 2, 16, 8, 8736 }, // ⁴
    { 7, 9, 11, 2, 16, 8, 8744 }, // ⁵
    { 7, 9, 11, 2, 16, 8, 8752 }, // ⁶
    { 7, 9, 11, 2, 16, 8, 8760 }, // ⁷
    { 7, 9, 11, 2, 16, 8, 8768 }, // ⁸
    { 7, 9, 11, 2, 16, 8, 8776 }, // ⁹
    { 6, 5, 11, 3, 11, 4, 8784 }, // ⁺
    { 7, 6, 11, 2, 14, 6, 8788 }, // ⁼
    { 7, 9, 11, 2, 6, 8, 8794 }, // ₀
    { 8, 9, 11, 2, 6, 9, 8802 }, // ₁
    { 7, 9, 11, 2, 6, 8, 8811 }, // ₂
    { 7, 9, 11, 2, 6, 8, 8819 }, // ₃
    { 7, 9, 11, 2, 6, 8, 8827 }, // ₄
    { 7, 9, 11, 2, 6, 8, 8835 }, // ₅
    { 7, 9, 11, 2, 6, 8, 8843 }, // ₆
    { 7, 9, 11, 2, 6, 8, 8851 }, // ₇
    { 7, 9, 11, 2, 6, 8, 8859 }, // ₈
    { 7, 9, 11, 2, 6, 8, 8867 }, // ₉
    { 11, 17, 11, 1, 14, 24, 8875 }, // ₫
    { 11, 14, 11, 0, 14, 20, 8899 }, // €
    { 11, 14, 11, 0, 14, 20, 8919 }, // ₮
    { 11, 14, 11, 0, 14, 20, 8939 }, // ₴
    { 11, 14, 11, 0, 14, 20, 8959 }, // ₽
    { 10, 20, 11, 1, 17, 25, 8979 }, // ₿
    { 12, 12, 11, 0, 12, 18, 9004 }, // ←
    { 11, 15, 11, 0, 15, 21, 9022 }, // ↑
    { 12, 12, 11, 0, 12, 18, 9043 }, // →
    { 11, 15, 11, 0, 14, 21, 9061 }, // ↓
    { 16, 12, 11, -2, 12, 24, 9082 }, // ↔
    { 11, 22, 11, 0, 18, 31, 9106 }, // ↕
    { 10, 10, 11, 1, 14, 13, 9137 }, // ↖
    { 11, 10, 11, 0, 14, 14, 9150 }, // ↗
    { 11, 10, 11, 0, 10, 14, 9164 }, // ↘
    { 10, 10, 11, 1, 10, 13, 9178 }, // ↙
    { 12, 6, 11, 0, 8, 9, 9191 }, // ↝
    { 12, 7, 11, 0, 8, 11, 9200 }, // ↞
    { 12, 7, 11, 0, 8, 11, 9211 }, // ↠
    { 12, 7, 11, 0, 8, 11, 9222 }, // ↢
    { 12, 7, 11, 0, 8, 11, 9233 }, // ↣
    { 8, 11, 11, 2, 11, 11, 9244 }, // ↥
    { 12, 7, 11, 0, 8, 11, 9255 }, // ↦
    { 8, 11, 11, 2, 11, 11, 9266 }, // ↧
    { 12, 12, 11, 0, 14, 18, 9277 }, // ↩
    { 12, 12, 11, 0, 14, 18, 9295 }, // ↪
    { 12, 7, 11, 0, 9, 11, 9313 }, // ↭
    { 6, 20, 11, 4, 17, 15, 9324 }, // ↾
    { 12, 12, 11, 0, 12, 18, 9339 }, // ⇉
    { 12, 12, 11, 0, 12, 18, 9357 }, // ⇐
    { 13, 20, 11, -1, 17, 33, 9375 }, // ⇑
    { 12, 12, 11, 0, 12, 18, 9408 }, // ⇒
    { 13, 20, 11, -1, 16, 33, 9426 }, // ⇓
    { 15, 12, 11, -2, 12, 23, 9459 }, // ⇔
    { 12, 12, 11, 0, 13, 18, 9482 }, // ⇛
    { 9, 15, 11, 1, 15, 17, 9500 }, // ⇞
    { 9, 15, 11, 1, 14, 17, 9517 }, // ⇟
    { 12, 8, 11, 0, 10, 12, 9534 }, // ⇥
    { 12, 16, 11, 0, 16, 24, 9546 }, // ⇧
    { 12, 13, 11, 0, 13, 20, 9570 }, // ⇨
    { 12, 16, 11, 0, 16, 24, 9590 }, // ⇪
    { 11, 15, 11, 0, 14, 21, 9614 }, // ∀
    { 8, 11, 11, 2, 11, 11, 9635 }, // ∁
    { 10, 14, 11, 1, 14, 18, 9646 }, // ∂
    { 9, 14, 11, 1, 14, 16, 9664 }, // ∃
    { 9, 18, 11, 1, 16, 21, 9680 }, // ∄
    { 13, 14, 11, -1, 14, 23, 9701 }, // ∅
    { 11, 14, 11, 0, 14, 20, 9724 }, // ∆
    { 11, 15, 11, 0, 15, 21, 9744 }, // ∇
    { 11, 12, 11, 0, 13, 17, 9765 }, // ∈
    { 11, 17, 11, 0, 15, 24, 9782 }, // ∉
    { 6, 6, 11, 3, 9, 5, 9806 }, // ∊
    { 11, 12, 11, 0, 13, 17, 9811 }, // ∋
    { 11, 17, 11, 0, 15, 24, 9828 }, // ∌
    { 8, 10, 11, 2, 10, 10, 9852 }, // ∎
    { 11, 18, 11, 0, 15, 25, 9862 }, // ∏
    { 11, 18, 11, 0, 15, 25, 9887 }, // ∐
    { 10, 18, 11, 1, 15, 23, 9912 }, // ∑
    { 7, 3, 11, 2, 8, 3, 9935 }, // −
    { 10, 11, 11, 1, 10, 14, 9938 }, // ∓
    { 13, 14, 11, -1, 14, 23, 9952 }, // ∕
    { 5, 5, 11, 3, 9, 4, 9975 }, // ∘
    { 5, 4, 11, 3, 9, 3, 9979 }, // ∙
    { 12, 15, 11, 0, 14, 23, 9982 }, // √
    { 11, 7, 11, 0, 9, 10, 10005 }, // ∞
    { 3, 14, 11, 4, 14, 6, 10015 }, // ∣
    { 9, 14, 11, 1, 14, 16, 10021 }, // ∤
    { 7, 14, 11, 2, 14, 13, 10037 }, // ∥
    { 11, 10, 11, 0, 11, 14, 10050 }, // ∧
    { 11, 10, 11, 0, 11, 14, 10064 }, // ∨
    { 12, 15, 11, 0, 15, 23, 10078 }, // ∩
    { 12, 14, 11, 0, 14, 21, 10101 }, // ∪
    { 11, 18, 11, 0, 15, 25, 10122 }, // ∫
    { 12, 11, 11, 0, 11, 17, 10147 }, // ∴
    { 12, 11, 11, 0, 11, 17, 10164 }, // ∵
    { 5, 11, 11, 3, 11, 7, 10181 }, // ∶
    { 11, 10, 11, 0, 10, 14, 10188 }, // ∷
    { 7, 7, 11, 2, 10, 7, 10202 }, // ∸
    { 12, 9, 11, 0, 11, 14, 10209 }, // ∹
    { 11, 5, 11, 0, 10, 7, 10223 }, // ∼
    { 11, 6, 11, 0, 9, 9, 10230 }, // ∾
    { 11, 8, 11, 0, 11, 11, 10239 }, // ≃
    { 11, 13, 11, 0, 14, 18, 10250 }, // ≅
    { 11, 17, 11, 0, 15, 24, 10268 }, // ≇
    { 11, 10, 11, 0, 12, 14, 10292 }, // ≈
    { 11, 16, 11, 0, 15, 22, 10306 }, // ≉
    { 11, 13, 11, 0, 13, 18, 10328 }, // ≋
    { 12, 9, 11, 0, 11, 14, 10346 }, // ≍
    { 13, 9, 11, -1, 11, 15, 10360 }, // ≔
    { 9, 14, 11, 1, 15, 16, 10375 }, // ≗
    { 9, 16, 11, 1, 17, 18, 10391 }, // ≟
    { 9, 16, 11, 1, 15, 18, 10409 }, // ≠
    { 9, 12, 11, 1, 13, 14, 10427 }, // ≡
    { 9, 17, 11, 1, 15, 20, 10441 }, // ≢
    { 9, 11, 11, 1, 12, 13, 10461 }, // ≣
    { 9, 14, 11, 1, 14, 16, 10474 }, // ≤
    { 9, 14, 11, 1, 14, 16, 10490 }, // ≥
    { 12, 11, 11, 0, 12, 17, 10506 }, // ≪
    { 12, 11, 11, 0, 12, 17, 10523 }, // ≫
    { 6, 14, 11, 3, 12, 11, 10540 }, // ≬
    { 12, 13, 11, 0, 13, 20, 10551 }, // ≭
    { 9, 15, 11, 1, 14, 17, 10571 }, // ≮
    { 9, 15, 11, 1, 14, 17, 10588 }, // ≯
    { 9, 17, 11, 1, 15, 20, 10605 }, // ≰
    { 9, 17, 11, 1, 15, 20, 10625 }, // ≱
    { 10, 14, 11, 1, 14, 18, 10645 }, // ≲
    { 10, 14, 11, 1, 14, 18, 10663 }, // ≳
    { 10, 11, 11, 0, 12, 14, 10681 }, // ≺
    { 10, 11, 11, 1, 12, 14, 10695 }, // ≻
    { 10, 14, 11, 0, 14, 18, 10709 }, // ≼
    { 11, 10, 11, 0, 12, 14, 10727 }, // ⊂
    { 11, 10, 11, 0, 12, 14, 10741 }, // ⊃
    { 11, 16, 11, 0, 15, 22, 10755 }, // ⊄
    { 11, 16, 11, 0, 15, 22, 10777 }, // ⊅
    { 11, 13, 11, 0, 13, 18, 10799 }, // ⊆
    { 11, 13, 11, 0, 13, 18, 10817 }, // ⊇
    { 11, 18, 11, 0, 16, 25, 10835 }, // ⊈
    { 11, 18, 11, 0, 16, 25, 10860 }, // ⊉
    { 10, 14, 11, 1, 14, 18, 10885 }, // ⊎
    { 11, 10, 11, 0, 12, 14, 10903 }, // ⊏
    { 11, 10, 11, 0, 12, 14, 10917 }, // ⊐
    { 11, 13, 11, 0, 13, 18, 10931 }, // ⊑
    { 11, 13, 11, 0, 13, 18, 10949 }, // ⊒
    { 11, 11, 11, 0, 11, 16, 10967 }, // ⊓
    { 11, 11, 11, 0, 11, 16, 10983 }, // ⊔
    { 13, 12, 11, -1, 12, 20, 10999 }, // ⊕
    { 13, 12, 11, -1, 12, 20, 11019 }, // ⊖
    { 13, 14, 11, -1, 13, 23, 11039 }, // ⊗
    { 13, 14, 11, -1, 13, 23, 11062 }, // ⊘
    { 13, 12, 11, -1, 12, 20, 11085 }, // ⊙
    { 13, 13, 11, -1, 12, 22, 11105 }, // ⊛
    { 13, 14, 11, -1, 13, 23, 11127 }, // ⊜
    { 13, 14, 11, -1, 13, 23, 11150 }, // ⊝
    { 12, 11, 11, 0, 12, 17, 11173 }, // ⊞
    { 12, 11, 11, 0, 12, 17, 11190 }, // ⊟
    { 12, 12, 11, 0, 13, 18, 11207 }, // ⊠
    { 12, 11, 11, 0, 12, 17, 11225 }, // ⊡
    { 12, 12, 11, 0, 12, 18, 11242 }, // ⊢
    { 12, 12, 11, 0, 12, 18, 11260 }, // ⊣
    { 12, 12, 11, 0, 12, 18, 11278 }, // ⊤
    { 12, 12, 11, 0, 12, 18, 11296 }, // ⊥
    { 9, 14, 11, 1, 14, 16, 11314 }, // ⊴
    { 12, 4, 11, 0, 8, 6, 11330 }, // ⊸
    { 11, 13, 11, 0, 13, 18, 11336 }, // ⊻
    { 11, 13, 11, 0, 15, 18, 11354 }, // ⊼
    { 11, 13, 11, 0, 15, 18, 11372 }, // ⊽
    { 12, 15, 11, 0, 15, 23, 11390 }, // ⋂
    { 12, 14, 11, 0, 14, 21, 11413 }, // ⋃
    { 6, 6, 11, 3, 9, 5, 11434 }, // ⋄
    { 5, 5, 11, 3, 9, 4, 11439 }, // ⋆
    { 12, 13, 11, 0, 13, 20, 11443 }, // ⋈
    { 12, 13, 11, 0, 13, 20, 11463 }, // ⋉
    { 12, 13, 11, 0, 13, 20, 11483 }, // ⋊
    { 11, 11, 11, 0, 11, 16, 11503 }, // ⋎
    { 11, 11, 11, 0, 12, 16, 11519 }, // ⋐
    { 11, 18, 11, 0, 16, 25, 11535 }, // ⋢
    { 4, 12, 11, 4, 13, 6, 11560 }, // ⋮
    { 13, 3, 11, -1, 8, 5, 11566 }, // ⋯
    { 13, 12, 11, -1, 13, 20, 11571 }, // ⋰
    { 13, 12, 11, -1, 13, 20, 11591 }, // ⋱
    { 13, 14, 11, -1, 14, 23, 11611 }, // �
};

static const EpdUnicodeInterval jetbrainsmono_9_boldIntervals[] = {
    { 0xD, 0xD, 0x0 },
    { 0x20, 0x7E, 0x1 },
    { 0xA0, 0xAC, 0x60 },
    { 0xAE, 0xFF, 0x6D },
    { 0x100, 0x17F, 0xBF },
    { 0x300, 0x304, 0x13F },
    { 0x306, 0x30C, 0x144 },
    { 0x30F, 0x30F, 0x14B },
    { 0x312, 0x312, 0x14C },
    { 0x31B, 0x31B, 0x14D },
    { 0x323, 0x323, 0x14E },
    { 0x325, 0x328, 0x14F },
    { 0x336, 0x338, 0x153 },
    { 0x401, 0x40C, 0x156 },
    { 0x40E, 0x44F, 0x162 },
    { 0x451, 0x45C, 0x1A4 },
    { 0x45E, 0x45F, 0x1B0 },
    { 0x490, 0x493, 0x1B2 },
    { 0x49A, 0x49B, 0x1B6 },
    { 0x4A2, 0x4A3, 0x1B8 },
    { 0x4AE, 0x4B1, 0x1BA },
    { 0x4B6, 0x4B7, 0x1BE },
    { 0x4BA, 0x4BB, 0x1C0 },
    { 0x4D8, 0x4D9, 0x1C2 },
    { 0x4DC, 0x4DF, 0x1C4 },
    { 0x4E4, 0x4E9, 0x1C8 },
    { 0x4F4, 0x4F5, 0x1CE },
    { 0x2001, 0x2001, 0x1D0 },
    { 0x200B, 0x200B, 0x1D1 },
    { 0x2010, 0x2010, 0x1D2 },
    { 0x2013, 0x2014, 0x1D3 },
    { 0x2016, 0x2016, 0x1D5 },
    { 0x2018, 0x2022, 0x1D6 },
    { 0x2024, 0x2024, 0x1E1 },
    { 0x2026, 0x2026, 0x1E2 },
    { 0x2030, 0x2030, 0x1E3 },
    { 0x2032, 0x2034, 0x1E4 },
    { 0x2039, 0x203A, 0x1E7 },
    { 0x203C, 0x203F, 0x1E9 },
    { 0x2044, 0x2046, 0x1ED },
    { 0x2070, 0x2070, 0x1F0 },
    { 0x2074, 0x207A, 0x1F1 },
    { 0x207C, 0x207C, 0x1F8 },
    { 0x2080, 0x2089, 0x1F9 },
    { 0x20AB, 0x20AC, 0x203 },
    { 0x20AE, 0x20AE, 0x205 },
    { 0x20B4, 0x20B4, 0x206 },
    { 0x20BD, 0x20BD, 0x207 },
    { 0x20BF, 0x20BF, 0x208 },
    { 0x2190, 0x2199, 0x209 },
    { 0x219D, 0x219E, 0x213 },
    { 0x21A0, 0x21A0, 0x215 },
    { 0x21A2, 0x21A3, 0x216 },
    { 0x21A5, 0x21A7, 0x218 },
    { 0x21A9, 0x21AA, 0x21B },
    { 0x21AD, 0x21AD, 0x21D },
    { 0x21BE, 0x21BE, 0x21E },
    { 0x21C9, 0x21C9, 0x21F },
    { 0x21D0, 0x21D4, 0x220 },
    { 0x21DB, 0x21DB, 0x225 },
    { 0x21DE, 0x21DF, 0x226 },
    { 0x21E5, 0x21E5, 0x228 },
    { 0x21E7, 0x21E8, 0x229 },
    { 0x21EA, 0x21EA, 0x22B },
    { 0x2200, 0x220C, 0x22C },
    { 0x220E, 0x2213, 0x239 },
    { 0x2215, 0x2215, 0x23F },
    { 0x2218, 0x221A, 0x240 },
    { 0x221E, 0x221E, 0x243 },
    { 0x2223, 0x2225, 0x244 },
    { 0x2227, 0x222B, 0x247 },
    { 0x2234, 0x2239, 0x24C },
    { 0x223C, 0x223C, 0x252 },
    { 0x223E, 0x223E, 0x253 },
    { 0x2243, 0x2243, 0x254 },
    { 0x2245, 0x2245, 0x255 },
    { 0x2247, 0x2249, 0x256 },
    { 0x224B, 0x224B, 0x259 },
    { 0x224D, 0x224D, 0x25A },
    { 0x2254, 0x2254, 0x25B },
    { 0x2257, 0x2257, 0x25C },
    { 0x225F, 0x2265, 0x25D },
    { 0x226A, 0x2273, 0x264 },
    { 0x227A, 0x227C, 0x26E },
    { 0x2282, 0x2289, 0x271 },
    { 0x228E, 0x2299, 0x279 },
    { 0x229B, 0x22A5, 0x285 },
    { 0x22B4, 0x22B4, 0x290 },
    { 0x22B8, 0x22B8, 0x291 },
    { 0x22BB, 0x22BD, 0x292 },
    { 0x22C2, 0x22C4, 0x295 },
    { 0x22C6, 0x22C6, 0x298 },
    { 0x22C8, 0x22CA, 0x299 },
    { 0x22CE, 0x22CE, 0x29C },
    { 0x22D0, 0x22D0, 0x29D },
    { 0x22E2, 0x22E2, 0x29E },
    { 0x22EE, 0x22F1, 0x29F },
    { 0xFFFD, 0xFFFD, 0x2A3 },
};

static const EpdFontData jetbrainsmono_9_bold = {
    jetbrainsmono_9_boldBitmaps,
    jetbrainsmono_9_boldGlyphs,
    jetbrainsmono_9_boldIntervals,
    98,
    25,
    20,
    -6,
    false,
};
